{"I_cal_in":3.64,"I_cal_in_ADC":-19,"I_cal_quad":-4.79,"I_coef":0.06016120012100822,"I_offset":-569,"I_phase_coef":-52.76819898541805,"I_phase_cos":0.6050411216329638,"I_phase_sin":-0.7961942232477734,"Q_cal_in":-3.75,"Q_cal_in_ADC":-888,"Q_cal_quad":-4.79,"Q_coef":0.05958137292812242,"Q_offset":-321,"Q_phase_coef":-50.994769212971256,"Q_phase_cos":0.6293913375450264,"Q_phase_sin":-0.7770885047555927,"stimulate_current":0,"stimulate_frequency":0,"type":"calib_data"}