{"I_cal_in":14.91,"I_cal_in_ADC":1642,"I_cal_quad":-20.74,"I_coef":0.2554321240564702,"I_offset":-611,"I_phase_coef":-54.28761664528137,"I_phase_cos":0.5837167135917383,"I_phase_sin":-0.8119573869813985,"Q_cal_in":-15.34,"Q_cal_in_ADC":-2553,"Q_cal_quad":-20.74,"Q_coef":0.25444166325505735,"Q_offset":-235,"Q_phase_coef":-52.9229341123845,"Q_phase_cos":0.6028886859076567,"Q_phase_sin":-0.7978253144671075,"stimulate_current":0,"stimulate_frequency":1,"type":"calib_data"}