{"I_cal_in":88.64,"I_cal_in_ADC":13123,"I_cal_quad":19.28,"I_coef":0.9071255701389969,"I_offset":-265,"I_phase_coef":12.271214109241097,"I_phase_cos":0.9771524794127222,"I_phase_sin":0.21253948333796574,"Q_cal_in":-92.49,"Q_cal_in_ADC":-13874,"Q_cal_quad":19.28,"Q_coef":0.9532621098103081,"Q_offset":96,"Q_phase_coef":14.011461557917768,"Q_phase_cos":0.9702473123410391,"Q_phase_sin":0.24211599058094047,"stimulate_current":0,"stimulate_frequency":10,"type":"calib_data"}