{"I_cal_in":86.07,"I_cal_in_ADC":12647,"I_cal_quad":26.09,"I_coef":0.8993738377337869,"I_offset":-353,"I_phase_coef":16.86338709823813,"I_phase_cos":0.9569991519530566,"I_phase_sin":0.2900907153997357,"Q_cal_in":-89.83,"Q_cal_in_ADC":-13568,"Q_cal_quad":26.09,"Q_coef":0.9464705489343025,"Q_offset":0,"Q_phase_coef":18.35837582539303,"Q_phase_cos":0.9491050735931075,"Q_phase_sin":0.31495961531571337,"stimulate_current":0,"stimulate_frequency":11,"type":"calib_data"}