{"I_cal_in":82.75,"I_cal_in_ADC":12289,"I_cal_quad":32.58,"I_coef":0.8893266497749857,"I_offset":-210,"I_phase_coef":21.49035404130051,"I_phase_cos":0.9304792566481295,"I_phase_sin":0.36634458225493727,"Q_cal_in":-86.69,"Q_cal_in_ADC":-12935,"Q_cal_quad":32.58,"Q_coef":0.9404513650370231,"Q_offset":159,"Q_phase_coef":22.810603354667442,"Q_phase_cos":0.9217914208310735,"Q_phase_sin":0.38768618299112856,"stimulate_current":0,"stimulate_frequency":12,"type":"calib_data"}