{"I_cal_in":78.88,"I_cal_in_ADC":11663,"I_cal_quad":38.65,"I_coef":0.8784006432147007,"I_offset":-251,"I_phase_coef":26.10415112635818,"I_phase_cos":0.8979956994489582,"I_phase_sin":0.4400042315378073,"Q_cal_in":-82.71,"Q_cal_in_ADC":-12391,"Q_cal_quad":38.65,"Q_coef":0.9301772788022721,"Q_offset":102,"Q_phase_coef":27.228945055466426,"Q_phase_cos":0.8891853400945269,"Q_phase_sin":0.4575471898733294,"stimulate_current":0,"stimulate_frequency":13,"type":"calib_data"}