{"I_cal_in":74.52,"I_cal_in_ADC":10910,"I_cal_quad":44.07,"I_coef":0.8657595104877567,"I_offset":-346,"I_phase_coef":30.599427431247115,"I_phase_cos":0.8607471139186965,"I_phase_sin":0.5090328141491809,"Q_cal_in":-78.42,"Q_cal_in_ADC":-11710,"Q_cal_quad":44.07,"Q_coef":0.9195442784336163,"Q_offset":134,"Q_phase_coef":31.480960427453265,"Q_phase_cos":0.8528137452345781,"Q_phase_sin":0.5222152007927116,"stimulate_current":0,"stimulate_frequency":14,"type":"calib_data"}