{"I_cal_in":69.82,"I_cal_in_ADC":10205,"I_cal_quad":48.89,"I_coef":0.8523534771443124,"I_offset":-341,"I_phase_coef":35.00083129075115,"I_phase_cos":0.8191437223195457,"I_phase_sin":0.5735883211716213,"Q_cal_in":-73.64,"Q_cal_in_ADC":-11122,"Q_cal_quad":48.89,"Q_coef":0.9059537791741917,"Q_offset":0,"Q_phase_coef":35.62516566569921,"Q_phase_cos":0.8128450004052681,"Q_phase_sin":0.5824800471399512,"stimulate_current":0,"stimulate_frequency":15,"type":"calib_data"}