{"I_cal_in":64.99,"I_cal_in_ADC":9610,"I_cal_quad":53.0,"I_coef":0.8386119543626838,"I_offset":-207,"I_phase_coef":39.197590633491004,"I_phase_cos":0.7749710657224075,"I_phase_sin":0.6319967146220588,"Q_cal_in":-68.85,"Q_cal_in_ADC":-10254,"Q_cal_quad":53.0,"Q_coef":0.8936388196581434,"Q_offset":145,"Q_phase_coef":39.60608949378773,"Q_phase_cos":0.7704454919084444,"Q_phase_sin":0.6375058776183599,"stimulate_current":0,"stimulate_frequency":16,"type":"calib_data"}