{"I_cal_in":30.45,"I_cal_in_ADC":3951,"I_cal_quad":-40.21,"I_coef":0.504385428021072,"I_offset":-648,"I_phase_coef":-52.86428855867301,"I_phase_cos":0.6037049904369536,"I_phase_sin":-0.797207805105744,"Q_cal_in":-31.27,"Q_cal_in_ADC":-4869,"Q_cal_quad":-40.21,"Q_coef":0.5026949870448282,"Q_offset":-145,"Q_phase_coef":-51.53421486306121,"Q_phase_cos":0.6220471818075137,"Q_phase_sin":-0.7829797593841937,"stimulate_current":0,"stimulate_frequency":2,"type":"calib_data"}