{"I_cal_in":78.45,"I_cal_in_ADC":11411,"I_cal_quad":-22.45,"I_coef":0.815990502395708,"I_offset":-438,"I_phase_coef":-15.969508255156757,"I_phase_cos":0.9614082488665573,"I_phase_sin":-0.2751257512690148,"Q_cal_in":-80.81,"Q_cal_in_ADC":-12045,"Q_cal_quad":-22.45,"Q_coef":0.8328190499742426,"Q_offset":161,"Q_phase_coef":-13.994528917436083,"Q_phase_cos":0.9703188225881635,"Q_phase_sin":-0.24182924250619492,"stimulate_current":0,"stimulate_frequency":3,"type":"calib_data"}