{"I_cal_in":95.68,"I_cal_in_ADC":14129,"I_cal_quad":-1.97,"I_coef":0.95700278473994,"I_offset":-322,"I_phase_coef":-1.1795227822466938,"I_phase_cos":0.9997881043366085,"I_phase_sin":-0.02058510206462289,"Q_cal_in":-99.05,"Q_cal_in_ADC":-14753,"Q_cal_quad":-1.97,"Q_coef":0.9905947405473138,"Q_offset":208,"Q_phase_coef":0.7924302163626326,"Q_phase_cos":0.9999043599330424,"Q_phase_sin":0.013830075447837134,"stimulate_current":0,"stimulate_frequency":4,"type":"calib_data"}