{"I_cal_in":95.25,"I_cal_in_ADC":14108,"I_cal_quad":-1.59,"I_coef":0.9526326994177766,"I_offset":-279,"I_phase_coef":-0.9563446618348012,"I_phase_cos":0.9998607024324718,"I_phase_sin":-0.01669058810359717,"Q_cal_in":-98.92,"Q_cal_in_ADC":-14833,"Q_cal_quad":-1.59,"Q_coef":0.9893583425635022,"Q_offset":107,"Q_phase_coef":1.0250981468323859,"Q_phase_cos":0.9998399542848228,"Q_phase_sin":0.017890383330814157,"stimulate_current":0,"stimulate_frequency":5,"type":"calib_data"}