{"I_cal_in":94.27,"I_cal_in_ADC":13974,"I_cal_quad":-1.48,"I_coef":0.9428161697807266,"I_offset":-264,"I_phase_coef":-0.899446142044834,"I_phase_cos":0.9998767842720032,"I_phase_sin":-0.01569765185873093,"Q_cal_in":-98.17,"Q_cal_in_ADC":-14726,"Q_cal_quad":-1.48,"Q_coef":0.9819812319998789,"Q_offset":101,"Q_phase_coef":1.3712882967423012,"Q_phase_cos":0.9997136075612095,"Q_phase_sin":0.023931210937851097,"stimulate_current":0,"stimulate_frequency":6,"type":"calib_data"}