{"I_cal_in":94.49,"I_cal_in_ADC":13925,"I_cal_quad":0.72,"I_coef":0.9449274310760589,"I_offset":-347,"I_phase_coef":0.43657702259524134,"I_phase_cos":0.9999709701770139,"I_phase_sin":0.007619632749787808,"Q_cal_in":-101.06,"Q_cal_in_ADC":-14668,"Q_cal_quad":0.72,"Q_coef":1.013218732554822,"Q_offset":596,"Q_phase_coef":4.1202653077887845,"Q_phase_cos":0.9974154321562739,"Q_phase_sin":0.07185023101224693,"stimulate_current":0,"stimulate_frequency":7,"type":"calib_data"}