{"I_cal_in":93.01,"I_cal_in_ADC":13695,"I_cal_quad":4.92,"I_coef":0.9314003704100616,"I_offset":-353,"I_phase_coef":3.027983522342334,"I_phase_cos":0.9986038545276839,"I_phase_sin":0.05282368524111605,"Q_cal_in":-96.8,"Q_cal_in_ADC":-14616,"Q_cal_quad":4.92,"Q_coef":0.9718838613743928,"Q_offset":4,"Q_phase_coef":5.123975437862194,"Q_phase_cos":0.9960037803602373,"Q_phase_sin":0.08931108278436838,"stimulate_current":0,"stimulate_frequency":8,"type":"calib_data"}