{"I_cal_in":90.82,"I_cal_in_ADC":13365,"I_cal_quad":12.17,"I_coef":0.9163177014551229,"I_offset":-353,"I_phase_coef":7.6322444415965505,"I_phase_cos":0.9911409531407808,"I_phase_sin":0.13281419731032043,"Q_cal_in":-94.6,"Q_cal_in_ADC":-14288,"Q_cal_quad":12.17,"Q_coef":0.9593021630331081,"Q_offset":1,"Q_phase_coef":9.552656855467083,"Q_phase_cos":0.9861335004280095,"Q_phase_sin":0.1659539675138891,"stimulate_current":0,"stimulate_frequency":9,"type":"calib_data"}