{"I_cal_in":3.69,"I_cal_in_ADC":-14,"I_cal_quad":-4.81,"I_coef":0.060623592767172746,"I_offset":-572,"I_phase_coef":-52.5063194374553,"I_phase_cos":0.6086739224070055,"I_phase_sin":-0.7934204788015436,"Q_cal_in":-3.78,"Q_cal_in_ADC":-895,"Q_cal_quad":-4.81,"Q_coef":0.06000333324074589,"Q_offset":-324,"Q_phase_coef":-50.95245943796754,"Q_phase_cos":0.6299650029163965,"Q_phase_sin":-0.7766235221138648,"stimulate_current":1,"stimulate_frequency":0,"type":"calib_data"}