{"I_cal_in":15.03,"I_cal_in_ADC":1649,"I_cal_quad":-20.77,"I_coef":0.2563774171022089,"I_offset":-622,"I_phase_coef":-54.109001847008614,"I_phase_cos":0.5862450823431167,"I_phase_sin":-0.8101337565047592,"Q_cal_in":-15.28,"Q_cal_in_ADC":-2560,"Q_cal_quad":-20.77,"Q_coef":0.2556811295344261,"Q_offset":-251,"Q_phase_coef":-53.30041158516037,"Q_phase_cos":0.5976193873917717,"Q_phase_sin":-0.8017799372729923,"stimulate_current":1,"stimulate_frequency":1,"type":"calib_data"}