{"I_cal_in":88.85,"I_cal_in_ADC":268122,"I_cal_quad":15.46,"I_coef":0.9018499930698008,"I_offset":-265,"I_phase_coef":9.870705437086539,"I_phase_cos":0.985197102431238,"I_phase_sin":0.17142540465488962,"Q_cal_in":-89.06,"Q_cal_in_ADC":-268928,"Q_cal_quad":15.46,"Q_coef":0.9043325494529101,"Q_offset":101,"Q_phase_coef":9.997703321675763,"Q_phase_cos":0.9848147128385263,"Q_phase_sin":0.1736087019039396,"stimulate_current":1,"stimulate_frequency":10,"type":"calib_data"}