{"I_cal_in":86.02,"I_cal_in_ADC":259486,"I_cal_quad":23.95,"I_coef":0.892918971687801,"I_offset":-357,"I_phase_coef":15.558458715219755,"I_phase_cos":0.9633572891547422,"I_phase_sin":0.26822142612480904,"Q_cal_in":-86.23,"Q_cal_in_ADC":-260471,"Q_cal_quad":23.95,"Q_coef":0.8956144762117236,"Q_offset":0,"Q_phase_coef":15.676498494297029,"Q_phase_cos":0.9628026599652147,"Q_phase_sin":0.27020554761867327,"stimulate_current":1,"stimulate_frequency":11,"type":"calib_data"}