{"I_cal_in":82.12,"I_cal_in_ADC":247863,"I_cal_quad":31.79,"I_coef":0.8805849476342417,"I_offset":-205,"I_phase_coef":21.1622384957622,"I_phase_cos":0.9325619319365113,"I_phase_sin":0.36101003185900754,"Q_cal_in":-82.33,"Q_cal_in_ADC":-248545,"Q_cal_quad":31.79,"Q_coef":0.8835198073614423,"Q_offset":161,"Q_phase_coef":21.276360395451366,"Q_phase_cos":0.9318410217182526,"Q_phase_sin":0.3628667940761226,"stimulate_current":1,"stimulate_frequency":12,"type":"calib_data"}