{"I_cal_in":77.58,"I_cal_in_ADC":234089,"I_cal_quad":38.77,"I_coef":0.8672813442015226,"I_offset":-254,"I_phase_coef":26.553233350295013,"I_phase_cos":0.8945194142441211,"I_phase_sin":0.4470291014468236,"Q_cal_in":-77.78,"Q_cal_in_ADC":-234842,"Q_cal_quad":38.77,"Q_coef":0.8702338363911162,"Q_offset":104,"Q_phase_coef":26.64749532729878,"Q_phase_cos":0.893782759844823,"Q_phase_sin":0.44850014292547496,"stimulate_current":1,"stimulate_frequency":13,"type":"calib_data"}