{"I_cal_in":72.97,"I_cal_in_ADC":220081,"I_cal_quad":45.03,"I_coef":0.8574568094079141,"I_offset":-338,"I_phase_coef":31.678856543780675,"I_phase_cos":0.8510049625751622,"I_phase_sin":0.525157646495266,"Q_cal_in":-73.16,"Q_cal_in_ADC":-220859,"Q_cal_quad":45.03,"Q_coef":0.860492626348419,"Q_offset":135,"Q_phase_coef":31.765411157457017,"Q_phase_cos":0.8502106556155082,"Q_phase_sin":0.5264426284770711,"stimulate_current":1,"stimulate_frequency":14,"type":"calib_data"}