{"I_cal_in":67.79,"I_cal_in_ADC":204451,"I_cal_quad":50.57,"I_coef":0.8457428096058518,"I_offset":-339,"I_phase_coef":36.72221097770606,"I_phase_cos":0.8015439118139558,"I_phase_sin":0.5979359141529981,"Q_cal_in":-67.97,"Q_cal_in_ADC":-205308,"Q_cal_quad":50.57,"Q_coef":0.8487408202743638,"Q_offset":9,"Q_phase_coef":36.790239592418395,"Q_phase_cos":0.8008334037477781,"Q_phase_sin":0.5988871842356858,"stimulate_current":1,"stimulate_frequency":15,"type":"calib_data"}