{"I_cal_in":62.26,"I_cal_in_ADC":187862,"I_cal_quad":55.16,"I_coef":0.8318012502996133,"I_offset":-206,"I_phase_coef":41.53972631922725,"I_phase_cos":0.748496109828809,"I_phase_sin":0.6631391811461147,"Q_cal_in":-62.43,"Q_cal_in_ADC":-188437,"Q_cal_quad":55.16,"Q_coef":0.8347982570657416,"Q_offset":142,"Q_phase_coef":41.59592087209456,"Q_phase_cos":0.7478453563072489,"Q_phase_sin":0.6638729720734863,"stimulate_current":1,"stimulate_frequency":16,"type":"calib_data"}