{"I_cal_in":30.66,"I_cal_in_ADC":4010,"I_cal_quad":-40.64,"I_coef":0.5090820366109965,"I_offset":-621,"I_phase_coef":-52.968034108591,"I_phase_cos":0.6022604962474475,"I_phase_sin":-0.7982996271199043,"Q_cal_in":-31.6,"Q_cal_in_ADC":-4926,"Q_cal_quad":-40.64,"Q_coef":0.5074100905579234,"Q_offset":-153,"Q_phase_coef":-51.48127063472642,"Q_phase_cos":0.6227704294420747,"Q_phase_sin":-0.7824046217990623,"stimulate_current":1,"stimulate_frequency":2,"type":"calib_data"}