{"I_cal_in":79.15,"I_cal_in_ADC":11523,"I_cal_quad":-22.11,"I_coef":0.8218013506924895,"I_offset":-432,"I_phase_coef":-15.607334900650091,"I_phase_cos":0.9631281322828734,"I_phase_sin":-0.2690431207173004,"Q_cal_in":-81.54,"Q_cal_in_ADC":-12151,"Q_cal_quad":-22.11,"Q_coef":0.8389540631047686,"Q_offset":165,"Q_phase_coef":-13.608893453709808,"Q_phase_cos":0.9719244900994929,"Q_phase_sin":-0.2352929781035564,"stimulate_current":1,"stimulate_frequency":3,"type":"calib_data"}