{"I_cal_in":67.92,"I_cal_in_ADC":20195,"I_cal_quad":-16.16,"I_coef":0.6981598670791669,"I_offset":-323,"I_phase_coef":-13.383373737769023,"I_phase_cos":0.9728430865576853,"I_phase_sin":-0.2314656107004151,"Q_cal_in":-69.63,"Q_cal_in_ADC":-20829,"Q_cal_quad":-16.16,"Q_coef":0.7111966886874543,"Q_offset":204,"Q_phase_coef":-11.747585791521962,"Q_phase_cos":0.9790540522412344,"Q_phase_sin":-0.20360049801024097,"stimulate_current":1,"stimulate_frequency":4,"type":"calib_data"}