{"I_cal_in":80.74,"I_cal_in_ADC":48512,"I_cal_quad":-2.92,"I_coef":0.8079278433127552,"I_offset":-268,"I_phase_coef":-2.071226061976577,"I_phase_cos":0.9993466702291247,"I_phase_sin":-0.03614184143013432,"Q_cal_in":-81.58,"Q_cal_in_ADC":-49175,"Q_cal_quad":-2.92,"Q_coef":0.8160120097155433,"Q_offset":115,"Q_phase_coef":-1.3061006331531884,"Q_phase_cos":0.9997401879959864,"Q_phase_sin":-0.022793782172990135,"stimulate_current":1,"stimulate_frequency":5,"type":"calib_data"}