{"I_cal_in":82.13,"I_cal_in_ADC":123784,"I_cal_quad":-1.52,"I_coef":0.821440643016889,"I_offset":-263,"I_phase_coef":-1.0602659643211432,"I_phase_cos":0.9998287849303725,"I_phase_sin":-0.01850407589302528,"Q_cal_in":-82.51,"Q_cal_in_ADC":-124524,"Q_cal_quad":-1.52,"Q_coef":0.8251773748716091,"Q_offset":103,"Q_phase_coef":-0.7846343893276553,"Q_phase_cos":0.9999062324368491,"Q_phase_sin":-0.013694025483621855,"stimulate_current":1,"stimulate_frequency":6,"type":"calib_data"}