{"I_cal_in":83.23,"I_cal_in_ADC":251070,"I_cal_quad":-0.86,"I_coef":0.8323444299086767,"I_offset":-347,"I_phase_coef":-0.5920054892192248,"I_phase_cos":0.9999466207652984,"I_phase_sin":-0.010332261130099203,"Q_cal_in":-83.64,"Q_cal_in_ADC":-252055,"Q_cal_quad":-0.86,"Q_coef":0.8364115733297812,"Q_offset":596,"Q_phase_coef":-0.30140973734549875,"Q_phase_cos":0.9999861631161616,"Q_phase_sin":-0.005260568050826294,"stimulate_current":1,"stimulate_frequency":7,"type":"calib_data"}