{"I_cal_in":86.47,"I_cal_in_ADC":260844,"I_cal_quad":0.4,"I_coef":0.8647092517141237,"I_offset":-355,"I_phase_coef":0.2650416136541599,"I_phase_cos":0.9999893007804582,"I_phase_sin":0.004625832315394743,"Q_cal_in":-86.66,"Q_cal_in_ADC":-261774,"Q_cal_quad":0.4,"Q_coef":0.8666221783453271,"Q_offset":9,"Q_phase_coef":0.40990973025607375,"Q_phase_cos":0.9999744082878544,"Q_phase_sin":0.007154213398782249,"stimulate_current":1,"stimulate_frequency":8,"type":"calib_data"}