{"I_cal_in":89.57,"I_cal_in_ADC":270211,"I_cal_quad":6.84,"I_coef":0.898307881519471,"I_offset":-356,"I_phase_coef":4.366908340813957,"I_phase_cos":0.997096895648895,"I_phase_sin":0.07614315916309526,"Q_cal_in":-89.77,"Q_cal_in_ADC":-271170,"Q_cal_quad":6.84,"Q_coef":0.9004797499111237,"Q_offset":6,"Q_phase_coef":4.5031384706049185,"Q_phase_cos":0.9969130345114389,"Q_phase_sin":0.07851370339752561,"stimulate_current":1,"stimulate_frequency":9,"type":"calib_data"}