request_id,request_time_utc,elapsed_time_s,icg_response_time_utc,icg_request_duration_ms,icg_firmware_timestamp,icg_packet_samples,icg_sync_count,icg_sync_numbers,ecg_response_time_utc,ecg_request_duration_ms,ecg_firmware_timestamp,ecg_packet_samples,ecg_sync_count,ecg_sync_numbers,anomaly_multiple_icg_syncs,anomaly_multiple_ecg_syncs,anomaly_no_icg_data,anomaly_no_ecg_data,notes
1,2025-11-03T09:24:50.629484,0.0,2025-11-03T09:24:50.871641,242.2,1762142090.728000,9,0,,2025-11-03T09:24:50.871984,0.3,1762142090.628000,26,1,18,FALSE,FALSE,FALSE,FALSE,
2,2025-11-03T09:24:51.629578,1.0,2025-11-03T09:24:51.829134,199.5,1762142091.729000,50,1,19,2025-11-03T09:24:51.829415,0.3,1762142090.929000,8,0,,FALSE,FALSE,FALSE,FALSE,
3,2025-11-03T09:24:52.629585,2.0,2025-11-03T09:24:52.830342,200.8,1762142092.730000,49,1,20,2025-11-03T09:24:52.830640,0.3,1762142091.830000,23,1,19,FALSE,FALSE,FALSE,FALSE,
4,2025-11-03T09:24:53.629575,3.0,2025-11-03T09:24:53.731514,101.9,1762142093.631000,44,1,21,2025-11-03T09:24:53.731877,0.3,1762142092.832000,27,1,20,FALSE,FALSE,FALSE,FALSE,
5,2025-11-03T09:24:54.629573,4.0,2025-11-03T09:24:54.732756,103.2,1762142094.632000,48,1,22,2025-11-03T09:24:54.733023,0.3,1762142093.733000,23,1,21,FALSE,FALSE,FALSE,FALSE,
6,2025-11-03T09:24:55.629574,5.0,2025-11-03T09:24:55.734237,104.7,1762142095.633000,49,1,23,2025-11-03T09:24:55.734532,0.3,1762142094.736000,26,1,22,FALSE,FALSE,FALSE,FALSE,
7,2025-11-03T09:24:56.629624,6.0,2025-11-03T09:24:56.735254,105.6,1762142096.635000,49,1,24,2025-11-03T09:24:56.735935,0.7,1762142095.737000,26,1,23,FALSE,FALSE,FALSE,FALSE,
8,2025-11-03T09:24:57.629569,7.0,2025-11-03T09:24:57.736592,107.0,1762142097.636000,49,1,25,2025-11-03T09:24:57.736910,0.3,1762142096.739000,26,1,24,FALSE,FALSE,FALSE,FALSE,
9,2025-11-03T09:24:58.629574,8.0,2025-11-03T09:24:58.738360,108.8,1762142098.638000,49,1,26,2025-11-03T09:24:58.738646,0.3,1762142097.740000,26,1,25,FALSE,FALSE,FALSE,FALSE,
10,2025-11-03T09:24:59.629568,9.0,2025-11-03T09:24:59.739628,110.1,1762142099.639000,49,1,27,2025-11-03T09:24:59.739939,0.3,1762142098.742000,26,1,26,FALSE,FALSE,FALSE,FALSE,
11,2025-11-03T09:25:00.629567,10.0,2025-11-03T09:25:00.740929,111.4,1762142100.640000,49,1,28,2025-11-03T09:25:00.741224,0.3,1762142099.744000,26,1,27,FALSE,FALSE,FALSE,FALSE,
12,2025-11-03T09:25:01.629576,11.0,2025-11-03T09:25:01.747527,117.9,1762142101.642000,51,1,29,2025-11-03T09:25:01.747940,0.4,1762142100.746000,26,1,28,FALSE,FALSE,FALSE,FALSE,
13,2025-11-03T09:25:02.629579,12.0,2025-11-03T09:25:02.743733,114.1,1762142102.643000,49,1,30,2025-11-03T09:25:02.744066,0.3,1762142101.848000,29,1,29,FALSE,FALSE,FALSE,FALSE,
14,2025-11-03T09:25:03.629573,13.0,2025-11-03T09:25:03.745019,115.4,1762142103.645000,49,1,31,2025-11-03T09:25:03.745319,0.3,1762142102.749000,23,1,30,FALSE,FALSE,FALSE,FALSE,
15,2025-11-03T09:25:04.629574,14.0,2025-11-03T09:25:04.746295,116.7,1762142104.646000,49,1,32,2025-11-03T09:25:04.746594,0.3,1762142103.751000,27,1,31,FALSE,FALSE,FALSE,FALSE,
16,2025-11-03T09:25:05.629568,15.0,2025-11-03T09:25:05.747651,118.1,1762142105.647000,49,1,33,2025-11-03T09:25:05.747976,0.3,1762142104.753000,26,1,32,FALSE,FALSE,FALSE,FALSE,
17,2025-11-03T09:25:06.629576,16.0,2025-11-03T09:25:06.749221,119.6,1762142106.649000,50,1,34,2025-11-03T09:25:06.749529,0.3,1762142105.754000,26,1,33,FALSE,FALSE,FALSE,FALSE,
18,2025-11-03T09:25:07.629581,17.0,2025-11-03T09:25:07.751166,121.6,1762142107.650000,49,1,35,2025-11-03T09:25:07.751612,0.4,1762142106.756000,26,1,34,FALSE,FALSE,FALSE,FALSE,
19,2025-11-03T09:25:08.629576,18.0,2025-11-03T09:25:08.752470,122.9,1762142108.652000,49,1,36,2025-11-03T09:25:08.752786,0.3,1762142107.757000,25,1,35,FALSE,FALSE,FALSE,FALSE,
20,2025-11-03T09:25:09.629567,19.0,2025-11-03T09:25:09.754921,125.4,1762142109.654000,49,1,37,2025-11-03T09:25:09.755244,0.3,1762142108.758000,26,1,36,FALSE,FALSE,FALSE,FALSE,
21,2025-11-03T09:25:10.629582,20.0,2025-11-03T09:25:10.757462,127.9,1762142110.656000,49,1,38,2025-11-03T09:25:10.757815,0.3,1762142109.759000,26,1,37,FALSE,FALSE,FALSE,FALSE,
22,2025-11-03T09:25:11.629575,21.0,2025-11-03T09:25:11.758944,129.4,1762142111.658000,49,1,39,2025-11-03T09:25:11.759238,0.3,1762142110.761000,26,1,38,FALSE,FALSE,FALSE,FALSE,
23,2025-11-03T09:25:12.629576,22.0,2025-11-03T09:25:12.761554,132.0,1762142112.660000,49,1,40,2025-11-03T09:25:12.761855,0.3,1762142111.762000,26,1,39,FALSE,FALSE,FALSE,FALSE,
24,2025-11-03T09:25:13.629588,23.0,2025-11-03T09:25:13.763280,133.7,1762142113.663000,48,1,41,2025-11-03T09:25:13.763654,0.3,1762142112.763000,26,1,40,FALSE,FALSE,FALSE,FALSE,
25,2025-11-03T09:25:14.629571,24.0,2025-11-03T09:25:14.765033,135.5,1762142114.664000,50,1,42,2025-11-03T09:25:14.765328,0.3,1762142113.765000,26,1,41,FALSE,FALSE,FALSE,FALSE,
26,2025-11-03T09:25:15.629585,25.0,2025-11-03T09:25:15.766762,137.2,1762142115.666000,49,1,43,2025-11-03T09:25:15.767072,0.3,1762142114.767000,26,1,42,FALSE,FALSE,FALSE,FALSE,
27,2025-11-03T09:25:16.629570,26.0,2025-11-03T09:25:16.768227,138.7,1762142116.668000,49,1,44,2025-11-03T09:25:16.768615,0.4,1762142115.767000,26,1,43,FALSE,FALSE,FALSE,FALSE,
28,2025-11-03T09:25:17.629574,27.0,2025-11-03T09:25:17.770184,140.6,1762142117.670000,50,1,45,2025-11-03T09:25:17.770508,0.3,1762142116.769000,26,1,44,FALSE,FALSE,FALSE,FALSE,
29,2025-11-03T09:25:18.629572,28.0,2025-11-03T09:25:18.771683,142.1,1762142118.671000,48,1,46,2025-11-03T09:25:18.772005,0.3,1762142117.770000,26,1,45,FALSE,FALSE,FALSE,FALSE,
30,2025-11-03T09:25:19.629578,29.0,2025-11-03T09:25:19.773309,143.7,1762142119.672000,50,1,47,2025-11-03T09:25:19.773648,0.3,1762142118.872000,29,1,46,FALSE,FALSE,FALSE,FALSE,
31,2025-11-03T09:25:20.629575,30.0,2025-11-03T09:25:20.774240,144.7,1762142120.674000,49,1,48,2025-11-03T09:25:20.774556,0.3,1762142119.774000,23,1,47,FALSE,FALSE,FALSE,FALSE,
32,2025-11-03T09:25:21.629571,31.0,2025-11-03T09:25:21.775565,146.0,1762142121.675000,50,1,49,2025-11-03T09:25:21.775896,0.3,1762142120.776000,26,1,48,FALSE,FALSE,FALSE,FALSE,
33,2025-11-03T09:25:22.629577,32.0,2025-11-03T09:25:22.776727,147.1,1762142122.677000,48,1,50,2025-11-03T09:25:22.777098,0.4,1762142121.777000,26,1,49,FALSE,FALSE,FALSE,FALSE,
34,2025-11-03T09:25:23.629572,33.0,2025-11-03T09:25:23.778362,148.8,1762142123.678000,50,1,51,2025-11-03T09:25:23.778676,0.3,1762142122.779000,26,1,50,FALSE,FALSE,FALSE,FALSE,
35,2025-11-03T09:25:24.629580,34.0,2025-11-03T09:25:24.779772,150.2,1762142124.679000,50,1,52,2025-11-03T09:25:24.780117,0.3,1762142123.780000,26,1,51,FALSE,FALSE,FALSE,FALSE,
36,2025-11-03T09:25:25.629572,35.0,2025-11-03T09:25:25.781294,151.7,1762142125.680000,50,1,53,2025-11-03T09:25:25.781610,0.3,1762142124.782000,26,1,52,FALSE,FALSE,FALSE,FALSE,
37,2025-11-03T09:25:26.629579,36.0,2025-11-03T09:25:26.782610,153.0,1762142126.682000,49,1,54,2025-11-03T09:25:26.782936,0.3,1762142125.783000,26,1,53,FALSE,FALSE,FALSE,FALSE,
38,2025-11-03T09:25:27.629575,37.0,2025-11-03T09:25:27.783850,154.3,1762142127.683000,48,1,55,2025-11-03T09:25:27.784426,0.6,1762142126.784000,26,1,54,FALSE,FALSE,FALSE,FALSE,
39,2025-11-03T09:25:28.629573,38.0,2025-11-03T09:25:28.785241,155.7,1762142128.684000,49,1,56,2025-11-03T09:25:28.785543,0.3,1762142127.786000,26,1,55,FALSE,FALSE,FALSE,FALSE,
40,2025-11-03T09:25:29.629574,39.0,2025-11-03T09:25:29.787600,158.0,1762142129.687000,50,1,57,2025-11-03T09:25:29.787918,0.3,1762142128.787000,26,1,56,FALSE,FALSE,FALSE,FALSE,
41,2025-11-03T09:25:30.629572,40.0,2025-11-03T09:25:30.789109,159.5,1762142130.688000,50,1,58,2025-11-03T09:25:30.789454,0.3,1762142129.788000,26,1,57,FALSE,FALSE,FALSE,FALSE,
42,2025-11-03T09:25:31.629572,41.0,2025-11-03T09:25:31.790737,161.2,1762142131.690000,50,1,59,2025-11-03T09:25:31.791041,0.3,1762142130.790000,27,1,58,FALSE,FALSE,FALSE,FALSE,
43,2025-11-03T09:25:32.629564,42.0,2025-11-03T09:25:32.792068,162.5,1762142132.692000,49,1,60,2025-11-03T09:25:32.792389,0.3,1762142131.791000,26,1,59,FALSE,FALSE,FALSE,FALSE,
44,2025-11-03T09:25:33.629566,43.0,2025-11-03T09:25:33.793416,163.8,1762142133.693000,49,1,61,2025-11-03T09:25:33.793732,0.3,1762142132.793000,26,1,60,FALSE,FALSE,FALSE,FALSE,
45,2025-11-03T09:25:34.629565,44.0,2025-11-03T09:25:34.795093,165.5,1762142134.695000,49,1,62,2025-11-03T09:25:34.795452,0.3,1762142133.795000,26,1,61,FALSE,FALSE,FALSE,FALSE,
46,2025-11-03T09:25:35.629576,45.0,2025-11-03T09:25:35.797187,167.6,1762142135.696000,49,1,63,2025-11-03T09:25:35.797531,0.3,1762142134.796000,26,1,62,FALSE,FALSE,FALSE,FALSE,
47,2025-11-03T09:25:36.629566,46.0,2025-11-03T09:25:36.799552,170.0,1762142136.698000,50,1,64,2025-11-03T09:25:36.800143,0.6,1762142135.897000,28,1,63,FALSE,FALSE,FALSE,FALSE,
48,2025-11-03T09:25:37.629568,47.0,2025-11-03T09:25:37.802087,172.5,1762142137.700000,50,1,65,2025-11-03T09:25:37.802425,0.3,1762142136.898000,25,1,64,FALSE,FALSE,FALSE,FALSE,
49,2025-11-03T09:25:38.629567,48.0,2025-11-03T09:25:38.804243,174.7,1762142138.703000,49,1,66,2025-11-03T09:25:38.804556,0.3,1762142137.900000,26,1,65,FALSE,FALSE,FALSE,FALSE,
50,2025-11-03T09:25:39.629569,49.0,2025-11-03T09:25:39.806401,176.8,1762142139.705000,50,1,67,2025-11-03T09:25:39.806728,0.3,1762142138.901000,26,1,66,FALSE,FALSE,FALSE,FALSE,
51,2025-11-03T09:25:40.629567,50.0,2025-11-03T09:25:40.807896,178.3,1762142140.707000,48,1,68,2025-11-03T09:25:40.808211,0.3,1762142139.902000,26,1,67,FALSE,FALSE,FALSE,FALSE,
52,2025-11-03T09:25:41.629568,51.0,2025-11-03T09:25:41.810311,180.7,1762142141.710000,49,1,69,2025-11-03T09:25:41.810633,0.3,1762142140.904000,26,1,68,FALSE,FALSE,FALSE,FALSE,
53,2025-11-03T09:25:42.629567,52.0,2025-11-03T09:25:42.812254,182.7,1762142142.711000,48,1,70,2025-11-03T09:25:42.812778,0.5,1762142141.905000,26,1,69,FALSE,FALSE,FALSE,FALSE,
54,2025-11-03T09:25:43.629573,53.0,2025-11-03T09:25:43.813765,184.2,1762142143.713000,49,1,71,2025-11-03T09:25:43.814164,0.4,1762142142.907000,26,1,70,FALSE,FALSE,FALSE,FALSE,
55,2025-11-03T09:25:44.629544,54.0,2025-11-03T09:25:44.816155,186.6,1762142144.715000,50,1,72,2025-11-03T09:25:44.816493,0.3,1762142143.908000,26,1,71,FALSE,FALSE,FALSE,FALSE,
56,2025-11-03T09:25:45.629577,55.0,2025-11-03T09:25:45.818273,188.7,1762142145.717000,49,1,73,2025-11-03T09:25:45.818637,0.3,1762142144.909000,27,1,72,FALSE,FALSE,FALSE,FALSE,
57,2025-11-03T09:25:46.629571,56.0,2025-11-03T09:25:46.819208,189.6,1762142146.718000,49,1,74,2025-11-03T09:25:46.819643,0.4,1762142145.911000,26,1,73,FALSE,FALSE,FALSE,FALSE,
58,2025-11-03T09:25:47.629575,57.0,2025-11-03T09:25:47.820747,191.2,1762142147.720000,49,1,75,2025-11-03T09:25:47.821106,0.3,1762142146.913000,26,1,74,FALSE,FALSE,FALSE,FALSE,
59,2025-11-03T09:25:48.629577,58.0,2025-11-03T09:25:48.822344,192.8,1762142148.722000,49,1,76,2025-11-03T09:25:48.822676,0.3,1762142147.916000,26,1,75,FALSE,FALSE,FALSE,FALSE,
60,2025-11-03T09:25:49.629576,59.0,2025-11-03T09:25:49.823703,194.1,1762142149.723000,50,1,77,2025-11-03T09:25:49.824012,0.3,1762142148.917000,26,1,76,FALSE,FALSE,FALSE,FALSE,
61,2025-11-03T09:25:50.629575,60.0,2025-11-03T09:25:50.825033,195.5,1762142150.724000,49,1,78,2025-11-03T09:25:50.825318,0.3,1762142149.919000,26,1,77,FALSE,FALSE,FALSE,FALSE,
62,2025-11-03T09:25:51.629576,61.0,2025-11-03T09:25:51.826251,196.7,1762142151.726000,50,1,79,2025-11-03T09:25:51.826543,0.3,1762142150.921000,26,1,78,FALSE,FALSE,FALSE,FALSE,
63,2025-11-03T09:25:52.629568,62.0,2025-11-03T09:25:52.827579,198.0,1762142152.727000,49,1,80,2025-11-03T09:25:52.827910,0.3,1762142151.922000,26,1,79,FALSE,FALSE,FALSE,FALSE,
64,2025-11-03T09:25:53.629569,63.0,2025-11-03T09:25:53.828904,199.3,1762142153.728000,50,1,81,2025-11-03T09:25:53.829204,0.3,1762142152.923000,25,1,80,FALSE,FALSE,FALSE,FALSE,
65,2025-11-03T09:25:54.629578,64.0,2025-11-03T09:25:54.830967,201.4,1762142154.730000,49,1,82,2025-11-03T09:25:54.831381,0.4,1762142153.925000,26,1,81,FALSE,FALSE,FALSE,FALSE,
66,2025-11-03T09:25:55.629573,65.0,2025-11-03T09:25:55.732079,102.5,1762142155.631000,45,1,83,2025-11-03T09:25:55.732385,0.3,1762142154.927000,26,1,82,FALSE,FALSE,FALSE,FALSE,
67,2025-11-03T09:25:56.629576,66.0,2025-11-03T09:25:56.733375,103.8,1762142156.633000,49,1,84,2025-11-03T09:25:56.733703,0.3,1762142155.828000,23,1,83,FALSE,FALSE,FALSE,FALSE,
68,2025-11-03T09:25:57.629575,67.0,2025-11-03T09:25:57.734582,105.0,1762142157.634000,49,1,85,2025-11-03T09:25:57.734900,0.3,1762142156.829000,27,1,84,FALSE,FALSE,FALSE,FALSE,
69,2025-11-03T09:25:58.629577,68.0,2025-11-03T09:25:58.736159,106.6,1762142158.636000,48,1,86,2025-11-03T09:25:58.736470,0.3,1762142157.831000,26,1,85,FALSE,FALSE,FALSE,FALSE,
70,2025-11-03T09:25:59.629575,69.0,2025-11-03T09:25:59.737877,108.3,1762142159.637000,48,1,87,2025-11-03T09:25:59.738173,0.3,1762142158.832000,26,1,86,FALSE,FALSE,FALSE,FALSE,
71,2025-11-03T09:26:00.629571,70.0,2025-11-03T09:26:00.739437,109.9,1762142160.639000,49,1,88,2025-11-03T09:26:00.739754,0.3,1762142159.834000,26,1,87,FALSE,FALSE,FALSE,FALSE,
72,2025-11-03T09:26:01.629573,71.0,2025-11-03T09:26:01.740860,111.3,1762142161.640000,50,1,89,2025-11-03T09:26:01.741219,0.3,1762142160.835000,26,1,88,FALSE,FALSE,FALSE,FALSE,
73,2025-11-03T09:26:02.629577,72.0,2025-11-03T09:26:02.742121,112.5,1762142162.641000,50,1,90,2025-11-03T09:26:02.742480,0.3,1762142161.837000,26,1,89,FALSE,FALSE,FALSE,FALSE,
74,2025-11-03T09:26:03.629570,73.0,2025-11-03T09:26:03.744027,114.5,1762142163.643000,50,1,91,2025-11-03T09:26:03.744396,0.4,1762142162.839000,26,1,90,FALSE,FALSE,FALSE,FALSE,
75,2025-11-03T09:26:04.629574,74.0,2025-11-03T09:26:04.745270,115.7,1762142164.645000,49,1,92,2025-11-03T09:26:04.745584,0.3,1762142163.840000,26,1,91,FALSE,FALSE,FALSE,FALSE,
76,2025-11-03T09:26:05.629575,75.0,2025-11-03T09:26:05.747751,118.2,1762142165.646000,49,1,93,2025-11-03T09:26:05.748057,0.3,1762142164.841000,26,1,92,FALSE,FALSE,FALSE,FALSE,
77,2025-11-03T09:26:06.629568,76.0,2025-11-03T09:26:06.748992,119.4,1762142166.649000,49,1,94,2025-11-03T09:26:06.749315,0.3,1762142165.843000,26,1,93,FALSE,FALSE,FALSE,FALSE,
78,2025-11-03T09:26:07.629636,77.0,2025-11-03T09:26:07.750500,120.9,1762142167.650000,50,1,95,2025-11-03T09:26:07.750779,0.3,1762142166.845000,26,1,94,FALSE,FALSE,FALSE,FALSE,
79,2025-11-03T09:26:08.629577,78.0,2025-11-03T09:26:08.751993,122.4,1762142168.651000,48,1,96,2025-11-03T09:26:08.752288,0.3,1762142167.845000,26,1,95,FALSE,FALSE,FALSE,FALSE,
80,2025-11-03T09:26:09.629569,79.0,2025-11-03T09:26:09.753355,123.8,1762142169.652000,50,1,97,2025-11-03T09:26:09.753714,0.3,1762142168.847000,26,1,96,FALSE,FALSE,FALSE,FALSE,
81,2025-11-03T09:26:10.629574,80.0,2025-11-03T09:26:10.756768,127.2,1762142170.656000,49,1,98,2025-11-03T09:26:10.757110,0.3,1762142169.849000,26,1,97,FALSE,FALSE,FALSE,FALSE,
82,2025-11-03T09:26:11.629568,81.0,2025-11-03T09:26:11.758718,129.1,1762142171.658000,49,1,99,2025-11-03T09:26:11.759026,0.3,1762142170.849000,26,1,98,FALSE,FALSE,FALSE,FALSE,
83,2025-11-03T09:26:12.629570,82.0,2025-11-03T09:26:12.761030,131.5,1762142172.660000,49,1,100,2025-11-03T09:26:12.761398,0.4,1762142171.851000,26,1,99,FALSE,FALSE,FALSE,FALSE,
84,2025-11-03T09:26:13.629575,83.0,2025-11-03T09:26:13.762850,133.3,1762142173.662000,50,1,101,2025-11-03T09:26:13.763219,0.4,1762142172.852000,26,1,100,FALSE,FALSE,FALSE,FALSE,
85,2025-11-03T09:26:14.629570,84.0,2025-11-03T09:26:14.764602,135.0,1762142174.664000,49,1,102,2025-11-03T09:26:14.764899,0.3,1762142173.854000,26,1,101,FALSE,FALSE,FALSE,FALSE,
86,2025-11-03T09:26:15.629567,85.0,2025-11-03T09:26:15.765920,136.3,1762142175.665000,49,1,103,2025-11-03T09:26:15.766228,0.3,1762142174.855000,26,1,102,FALSE,FALSE,FALSE,FALSE,
87,2025-11-03T09:26:16.629571,86.0,2025-11-03T09:26:16.767208,137.6,1762142176.666000,49,1,104,2025-11-03T09:26:16.767625,0.4,1762142175.856000,26,1,103,FALSE,FALSE,FALSE,FALSE,
88,2025-11-03T09:26:17.629566,87.0,2025-11-03T09:26:17.768726,139.2,1762142177.668000,49,1,105,2025-11-03T09:26:17.769018,0.3,1762142176.858000,26,1,104,FALSE,FALSE,FALSE,FALSE,
89,2025-11-03T09:26:18.629569,88.0,2025-11-03T09:26:18.770084,140.5,1762142178.669000,49,1,106,2025-11-03T09:26:18.770422,0.3,1762142177.859000,26,1,105,FALSE,FALSE,FALSE,FALSE,
90,2025-11-03T09:26:19.629567,89.0,2025-11-03T09:26:19.771242,141.7,1762142179.671000,48,1,107,2025-11-03T09:26:19.771646,0.4,1762142178.861000,26,1,106,FALSE,FALSE,FALSE,FALSE,
91,2025-11-03T09:26:20.629563,90.0,2025-11-03T09:26:20.772797,143.2,1762142180.672000,49,1,108,2025-11-03T09:26:20.773104,0.3,1762142179.862000,26,1,107,FALSE,FALSE,FALSE,FALSE,
92,2025-11-03T09:26:21.629570,91.0,2025-11-03T09:26:21.775031,145.5,1762142181.674000,50,1,109,2025-11-03T09:26:21.775447,0.4,1762142180.863000,26,1,108,FALSE,FALSE,FALSE,FALSE,
93,2025-11-03T09:26:22.629570,92.0,2025-11-03T09:26:22.777370,147.8,1762142182.677000,48,1,110,2025-11-03T09:26:22.777673,0.3,1762142181.864000,26,1,109,FALSE,FALSE,FALSE,FALSE,
94,2025-11-03T09:26:23.629570,93.0,2025-11-03T09:26:23.779468,149.9,1762142183.679000,49,1,111,2025-11-03T09:26:23.779785,0.3,1762142182.865000,26,1,110,FALSE,FALSE,FALSE,FALSE,
95,2025-11-03T09:26:24.629566,94.0,2025-11-03T09:26:24.781809,152.2,1762142184.681000,50,1,112,2025-11-03T09:26:24.782171,0.3,1762142183.867000,26,1,111,FALSE,FALSE,FALSE,FALSE,
96,2025-11-03T09:26:25.629568,95.0,2025-11-03T09:26:25.783602,154.0,1762142185.683000,50,1,113,2025-11-03T09:26:25.783927,0.3,1762142184.868000,27,1,112,FALSE,FALSE,FALSE,FALSE,
97,2025-11-03T09:26:26.629566,96.0,2025-11-03T09:26:26.784976,155.4,1762142186.684000,48,1,114,2025-11-03T09:26:26.785284,0.3,1762142185.870000,26,1,113,FALSE,FALSE,FALSE,FALSE,
98,2025-11-03T09:26:27.629570,97.0,2025-11-03T09:26:27.786533,157.0,1762142187.686000,50,1,115,2025-11-03T09:26:27.786833,0.3,1762142186.871000,26,1,114,FALSE,FALSE,FALSE,FALSE,
99,2025-11-03T09:26:28.629565,98.0,2025-11-03T09:26:28.787875,158.3,1762142188.687000,49,1,116,2025-11-03T09:26:28.788202,0.3,1762142187.872000,26,1,115,FALSE,FALSE,FALSE,FALSE,
100,2025-11-03T09:26:29.629567,99.0,2025-11-03T09:26:29.790517,160.9,1762142189.688000,50,1,117,2025-11-03T09:26:29.791233,0.7,1762142188.874000,26,1,116,FALSE,FALSE,FALSE,FALSE,
101,2025-11-03T09:26:30.629567,100.0,2025-11-03T09:26:30.792115,162.5,1762142190.691000,48,1,118,2025-11-03T09:26:30.792422,0.3,1762142189.876000,26,1,117,FALSE,FALSE,FALSE,FALSE,
102,2025-11-03T09:26:31.629578,101.0,2025-11-03T09:26:31.793508,163.9,1762142191.693000,51,1,119,2025-11-03T09:26:31.793806,0.3,1762142190.877000,26,1,118,FALSE,FALSE,FALSE,FALSE,
103,2025-11-03T09:26:32.629568,102.0,2025-11-03T09:26:32.794752,165.2,1762142192.694000,49,1,120,2025-11-03T09:26:32.795074,0.3,1762142191.879000,26,1,119,FALSE,FALSE,FALSE,FALSE,
104,2025-11-03T09:26:33.629567,103.0,2025-11-03T09:26:33.796406,166.8,1762142193.696000,50,1,121,2025-11-03T09:26:33.796747,0.3,1762142192.880000,26,1,120,FALSE,FALSE,FALSE,FALSE,
105,2025-11-03T09:26:34.629569,104.0,2025-11-03T09:26:34.797996,168.4,1762142194.697000,49,1,122,2025-11-03T09:26:34.798310,0.3,1762142193.882000,26,1,121,FALSE,FALSE,FALSE,FALSE,
106,2025-11-03T09:26:35.629578,105.0,2025-11-03T09:26:35.799572,170.0,1762142195.699000,49,1,123,2025-11-03T09:26:35.799902,0.3,1762142194.883000,26,1,122,FALSE,FALSE,FALSE,FALSE,
107,2025-11-03T09:26:36.629575,106.0,2025-11-03T09:26:36.801587,172.0,1762142196.700000,50,1,124,2025-11-03T09:26:36.801927,0.3,1762142195.885000,26,1,123,FALSE,FALSE,FALSE,FALSE,
108,2025-11-03T09:26:37.629570,107.0,2025-11-03T09:26:37.803062,173.5,1762142197.702000,50,1,125,2025-11-03T09:26:37.803419,0.3,1762142196.886000,26,1,124,FALSE,FALSE,FALSE,FALSE,
109,2025-11-03T09:26:38.629569,108.0,2025-11-03T09:26:38.804767,175.2,1762142198.704000,50,1,126,2025-11-03T09:26:38.805349,0.6,1762142197.887000,26,1,125,FALSE,FALSE,FALSE,FALSE,
110,2025-11-03T09:26:39.629579,109.0,2025-11-03T09:26:39.806158,176.6,1762142199.706000,49,1,127,2025-11-03T09:26:39.806470,0.3,1762142198.889000,26,1,126,FALSE,FALSE,FALSE,FALSE,
111,2025-11-03T09:26:40.629572,110.0,2025-11-03T09:26:40.807714,178.1,1762142200.707000,49,1,128,2025-11-03T09:26:40.808020,0.3,1762142199.890000,26,1,127,FALSE,FALSE,FALSE,FALSE,
112,2025-11-03T09:26:41.629573,111.0,2025-11-03T09:26:41.808975,179.4,1762142201.708000,49,1,129,2025-11-03T09:26:41.809299,0.3,1762142200.892000,26,1,128,FALSE,FALSE,FALSE,FALSE,
113,2025-11-03T09:26:42.629574,112.0,2025-11-03T09:26:42.810468,180.9,1762142202.710000,49,1,130,2025-11-03T09:26:42.810791,0.3,1762142201.893000,26,1,129,FALSE,FALSE,FALSE,FALSE,
114,2025-11-03T09:26:43.629580,113.0,2025-11-03T09:26:43.811931,182.3,1762142203.712000,49,1,131,2025-11-03T09:26:43.812314,0.4,1762142202.894000,26,1,130,FALSE,FALSE,FALSE,FALSE,
115,2025-11-03T09:26:44.629575,114.0,2025-11-03T09:26:44.813199,183.6,1762142204.713000,49,1,132,2025-11-03T09:26:44.813508,0.3,1762142203.895000,26,1,131,FALSE,FALSE,FALSE,FALSE,
116,2025-11-03T09:26:45.629574,115.0,2025-11-03T09:26:45.814364,184.8,1762142205.714000,49,1,133,2025-11-03T09:26:45.814687,0.3,1762142204.897000,26,1,132,FALSE,FALSE,FALSE,FALSE,
117,2025-11-03T09:26:46.629571,116.0,2025-11-03T09:26:46.815782,186.2,1762142206.715000,49,1,134,2025-11-03T09:26:46.816090,0.3,1762142205.898000,26,1,133,FALSE,FALSE,FALSE,FALSE,
118,2025-11-03T09:26:47.629575,117.0,2025-11-03T09:26:47.818363,188.8,1762142207.717000,48,1,135,2025-11-03T09:26:47.824193,5.8,1762142206.899000,26,1,134,FALSE,FALSE,FALSE,FALSE,
119,2025-11-03T09:26:48.629569,118.0,2025-11-03T09:26:48.820525,191.0,1762142208.720000,49,1,136,2025-11-03T09:26:48.820845,0.3,1762142207.901000,26,1,135,FALSE,FALSE,FALSE,FALSE,
120,2025-11-03T09:26:49.629576,119.0,2025-11-03T09:26:49.821904,192.3,1762142209.721000,49,1,137,2025-11-03T09:26:49.822267,0.3,1762142208.902000,26,1,136,FALSE,FALSE,FALSE,FALSE,
121,2025-11-03T09:26:50.629640,120.0,2025-11-03T09:26:50.823193,193.5,1762142210.723000,50,1,138,2025-11-03T09:26:50.823580,0.4,1762142209.904000,26,1,137,FALSE,FALSE,FALSE,FALSE,
122,2025-11-03T09:26:51.629619,121.0,2025-11-03T09:26:51.824798,195.2,1762142211.724000,49,1,139,2025-11-03T09:26:51.825157,0.3,1762142210.906000,26,1,138,FALSE,FALSE,FALSE,FALSE,
123,2025-11-03T09:26:52.629577,122.0,2025-11-03T09:26:52.826208,196.6,1762142212.726000,49,1,140,2025-11-03T09:26:52.826532,0.3,1762142211.907000,27,1,139,FALSE,FALSE,FALSE,FALSE,
124,2025-11-03T09:26:53.629573,123.0,2025-11-03T09:26:53.828035,198.5,1762142213.727000,48,1,141,2025-11-03T09:26:53.828347,0.3,1762142212.909000,26,1,140,FALSE,FALSE,FALSE,FALSE,
125,2025-11-03T09:26:54.629571,124.0,2025-11-03T09:26:54.829818,200.2,1762142214.729000,50,1,142,2025-11-03T09:26:54.830181,0.3,1762142213.910000,26,1,141,FALSE,FALSE,FALSE,FALSE,
126,2025-11-03T09:26:55.629574,125.0,2025-11-03T09:26:55.731827,102.2,1762142215.631000,45,1,143,2025-11-03T09:26:55.732111,0.3,1762142214.911000,26,1,142,FALSE,FALSE,FALSE,FALSE,
127,2025-11-03T09:26:56.629572,126.0,2025-11-03T09:26:56.733540,104.1,1762142216.632000,48,1,144,2025-11-03T09:26:56.734083,0.4,1762142215.812000,23,1,143,FALSE,FALSE,FALSE,FALSE,
128,2025-11-03T09:26:57.629568,127.0,2025-11-03T09:26:57.734705,105.1,1762142217.634000,49,1,145,2025-11-03T09:26:57.735033,0.3,1762142216.814000,26,1,144,FALSE,FALSE,FALSE,FALSE,
129,2025-11-03T09:26:58.629569,128.0,2025-11-03T09:26:58.736262,106.7,1762142218.636000,49,1,146,2025-11-03T09:26:58.736763,0.5,1762142217.816000,26,1,145,FALSE,FALSE,FALSE,FALSE,
130,2025-11-03T09:26:59.629569,129.0,2025-11-03T09:26:59.737808,108.2,1762142219.637000,50,1,147,2025-11-03T09:26:59.738140,0.3,1762142218.817000,26,1,146,FALSE,FALSE,FALSE,FALSE,
131,2025-11-03T09:27:00.629578,130.0,2025-11-03T09:27:00.739369,109.8,1762142220.638000,49,1,148,2025-11-03T09:27:00.739788,0.4,1762142219.819000,26,1,147,FALSE,FALSE,FALSE,FALSE,
132,2025-11-03T09:27:01.629578,131.0,2025-11-03T09:27:01.740671,111.1,1762142221.640000,50,1,149,2025-11-03T09:27:01.740989,0.3,1762142220.820000,26,1,148,FALSE,FALSE,FALSE,FALSE,
133,2025-11-03T09:27:02.629569,132.0,2025-11-03T09:27:02.742178,112.6,1762142222.641000,48,1,150,2025-11-03T09:27:02.742506,0.3,1762142221.821000,26,1,149,FALSE,FALSE,FALSE,FALSE,
134,2025-11-03T09:27:03.629577,133.0,2025-11-03T09:27:03.743729,114.1,1762142223.643000,49,1,151,2025-11-03T09:27:03.744082,0.3,1762142222.823000,26,1,150,FALSE,FALSE,FALSE,FALSE,
135,2025-11-03T09:27:04.629569,134.0,2025-11-03T09:27:04.746487,116.9,1762142224.646000,50,1,152,2025-11-03T09:27:04.746799,0.3,1762142223.824000,26,1,151,FALSE,FALSE,FALSE,FALSE,
136,2025-11-03T09:27:05.629577,135.0,2025-11-03T09:27:05.748961,119.4,1762142225.648000,50,1,153,2025-11-03T09:27:05.749336,0.4,1762142224.825000,26,1,152,FALSE,FALSE,FALSE,FALSE,
137,2025-11-03T09:27:06.629569,136.0,2025-11-03T09:27:06.749885,120.3,1762142226.649000,49,1,154,2025-11-03T09:27:06.750245,0.3,1762142225.827000,27,1,153,FALSE,FALSE,FALSE,FALSE,
138,2025-11-03T09:27:07.629579,137.0,2025-11-03T09:27:07.751413,121.8,1762142227.650000,48,1,155,2025-11-03T09:27:07.751778,0.3,1762142226.828000,26,1,154,FALSE,FALSE,FALSE,FALSE,
139,2025-11-03T09:27:08.629590,138.0,2025-11-03T09:27:08.752631,123.0,1762142228.652000,49,1,156,2025-11-03T09:27:08.752957,0.3,1762142227.830000,26,1,155,FALSE,FALSE,FALSE,FALSE,
140,2025-11-03T09:27:09.629572,139.0,2025-11-03T09:27:09.754010,124.4,1762142229.654000,50,1,157,2025-11-03T09:27:09.754370,0.3,1762142228.831000,26,1,156,FALSE,FALSE,FALSE,FALSE,
141,2025-11-03T09:27:10.629576,140.0,2025-11-03T09:27:10.755283,125.7,1762142230.655000,49,1,158,2025-11-03T09:27:10.755666,0.3,1762142229.833000,25,1,157,FALSE,FALSE,FALSE,FALSE,
142,2025-11-03T09:27:11.629572,141.0,2025-11-03T09:27:11.756742,127.2,1762142231.656000,49,1,159,2025-11-03T09:27:11.757060,0.3,1762142230.834000,26,1,158,FALSE,FALSE,FALSE,FALSE,
143,2025-11-03T09:27:12.629571,142.0,2025-11-03T09:27:12.758087,128.5,1762142232.657000,49,1,160,2025-11-03T09:27:12.758414,0.3,1762142231.836000,26,1,159,FALSE,FALSE,FALSE,FALSE,
144,2025-11-03T09:27:13.629572,143.0,2025-11-03T09:27:13.759654,130.1,1762142233.659000,48,1,161,2025-11-03T09:27:13.759987,0.3,1762142232.837000,26,1,160,FALSE,FALSE,FALSE,FALSE,
145,2025-11-03T09:27:14.629570,144.0,2025-11-03T09:27:14.761597,132.0,1762142234.661000,50,1,162,2025-11-03T09:27:14.761976,0.4,1762142233.839000,25,1,161,FALSE,FALSE,FALSE,FALSE,
146,2025-11-03T09:27:15.629568,145.0,2025-11-03T09:27:15.763071,133.5,1762142235.663000,49,1,163,2025-11-03T09:27:15.763431,0.3,1762142234.840000,26,1,162,FALSE,FALSE,FALSE,FALSE,
147,2025-11-03T09:27:16.629580,146.0,2025-11-03T09:27:16.764502,134.9,1762142236.664000,50,1,164,2025-11-03T09:27:16.764825,0.3,1762142235.842000,26,1,163,FALSE,FALSE,FALSE,FALSE,
148,2025-11-03T09:27:17.629573,147.0,2025-11-03T09:27:17.766234,136.7,1762142237.666000,49,1,165,2025-11-03T09:27:17.766544,0.3,1762142236.843000,26,1,164,FALSE,FALSE,FALSE,FALSE,
149,2025-11-03T09:27:18.629579,148.0,2025-11-03T09:27:18.767645,138.1,1762142238.667000,49,1,166,2025-11-03T09:27:18.768002,0.3,1762142237.845000,26,1,165,FALSE,FALSE,FALSE,FALSE,
150,2025-11-03T09:27:19.629580,149.0,2025-11-03T09:27:19.769025,139.4,1762142239.669000,49,1,167,2025-11-03T09:27:19.769382,0.3,1762142238.846000,26,1,166,FALSE,FALSE,FALSE,FALSE,
151,2025-11-03T09:27:20.629575,150.0,2025-11-03T09:27:20.770617,141.0,1762142240.670000,50,1,168,2025-11-03T09:27:20.770952,0.3,1762142239.848000,26,1,167,FALSE,FALSE,FALSE,FALSE,
152,2025-11-03T09:27:21.629570,151.0,2025-11-03T09:27:21.772321,142.7,1762142241.672000,49,1,169,2025-11-03T09:27:21.772645,0.3,1762142240.850000,26,1,168,FALSE,FALSE,FALSE,FALSE,
153,2025-11-03T09:27:22.629579,152.0,2025-11-03T09:27:22.773839,144.3,1762142242.673000,49,1,170,2025-11-03T09:27:22.774146,0.3,1762142241.851000,26,1,169,FALSE,FALSE,FALSE,FALSE,
154,2025-11-03T09:27:23.629572,153.0,2025-11-03T09:27:23.776402,146.8,1762142243.676000,49,1,171,2025-11-03T09:27:23.776771,0.4,1762142242.853000,26,1,170,FALSE,FALSE,FALSE,FALSE,
155,2025-11-03T09:27:24.629575,154.0,2025-11-03T09:27:24.777590,148.0,1762142244.677000,50,1,172,2025-11-03T09:27:24.777931,0.3,1762142243.854000,26,1,171,FALSE,FALSE,FALSE,FALSE,
156,2025-11-03T09:27:25.629593,155.0,2025-11-03T09:27:25.779419,149.8,1762142245.678000,50,1,173,2025-11-03T09:27:25.779760,0.3,1762142244.855000,26,1,172,FALSE,FALSE,FALSE,FALSE,
157,2025-11-03T09:27:26.629572,156.0,2025-11-03T09:27:26.780716,151.1,1762142246.680000,49,1,174,2025-11-03T09:27:26.781019,0.3,1762142245.857000,26,1,173,FALSE,FALSE,FALSE,FALSE,
158,2025-11-03T09:27:27.629575,157.0,2025-11-03T09:27:27.782007,152.4,1762142247.681000,49,1,175,2025-11-03T09:27:27.782324,0.3,1762142246.858000,26,1,174,FALSE,FALSE,FALSE,FALSE,
159,2025-11-03T09:27:28.629575,158.0,2025-11-03T09:27:28.783604,154.0,1762142248.683000,49,1,176,2025-11-03T09:27:28.783919,0.3,1762142247.859000,26,1,175,FALSE,FALSE,FALSE,FALSE,
160,2025-11-03T09:27:29.629573,159.0,2025-11-03T09:27:29.784815,155.2,1762142249.684000,49,1,177,2025-11-03T09:27:29.785128,0.3,1762142248.860000,26,1,176,FALSE,FALSE,FALSE,FALSE,
161,2025-11-03T09:27:30.629577,160.0,2025-11-03T09:27:30.786149,156.6,1762142250.686000,49,1,178,2025-11-03T09:27:30.786490,0.3,1762142249.861000,26,1,177,FALSE,FALSE,FALSE,FALSE,
162,2025-11-03T09:27:31.629573,161.0,2025-11-03T09:27:31.787924,158.3,1762142251.687000,50,1,179,2025-11-03T09:27:31.788237,0.3,1762142250.863000,26,1,178,FALSE,FALSE,FALSE,FALSE,
163,2025-11-03T09:27:32.629573,162.0,2025-11-03T09:27:32.789350,159.8,1762142252.689000,49,1,180,2025-11-03T09:27:32.789663,0.3,1762142251.865000,26,1,179,FALSE,FALSE,FALSE,FALSE,
164,2025-11-03T09:27:33.629573,163.0,2025-11-03T09:27:33.791160,161.6,1762142253.690000,48,1,181,2025-11-03T09:27:33.791542,0.4,1762142252.866000,27,1,180,FALSE,FALSE,FALSE,FALSE,
165,2025-11-03T09:27:34.629573,164.0,2025-11-03T09:27:34.792886,163.3,1762142254.692000,49,1,182,2025-11-03T09:27:34.793198,0.3,1762142253.868000,26,1,181,FALSE,FALSE,FALSE,FALSE,
166,2025-11-03T09:27:35.629570,165.0,2025-11-03T09:27:35.794402,164.8,1762142255.694000,49,1,183,2025-11-03T09:27:35.794728,0.3,1762142254.870000,26,1,182,FALSE,FALSE,FALSE,FALSE,
167,2025-11-03T09:27:36.629571,166.0,2025-11-03T09:27:36.795806,166.2,1762142256.695000,49,1,184,2025-11-03T09:27:36.796112,0.3,1762142255.871000,26,1,183,FALSE,FALSE,FALSE,FALSE,
168,2025-11-03T09:27:37.629570,167.0,2025-11-03T09:27:37.797384,167.8,1762142257.697000,49,1,185,2025-11-03T09:27:37.797723,0.3,1762142256.873000,26,1,184,FALSE,FALSE,FALSE,FALSE,
169,2025-11-03T09:27:38.629565,168.0,2025-11-03T09:27:38.798909,169.3,1762142258.698000,50,1,186,2025-11-03T09:27:38.799220,0.3,1762142257.874000,26,1,185,FALSE,FALSE,FALSE,FALSE,
170,2025-11-03T09:27:39.629565,169.0,2025-11-03T09:27:39.800562,171.0,1762142259.700000,50,1,187,2025-11-03T09:27:39.800920,0.3,1762142258.876000,26,1,186,FALSE,FALSE,FALSE,FALSE,
171,2025-11-03T09:27:40.629571,170.0,2025-11-03T09:27:40.802079,172.5,1762142260.701000,48,1,188,2025-11-03T09:27:40.802696,0.6,1762142259.877000,26,1,187,FALSE,FALSE,FALSE,FALSE,
172,2025-11-03T09:27:41.629568,171.0,2025-11-03T09:27:41.803939,174.4,1762142261.703000,48,1,189,2025-11-03T09:27:41.804254,0.3,1762142260.878000,26,1,188,FALSE,FALSE,FALSE,FALSE,
173,2025-11-03T09:27:42.629564,172.0,2025-11-03T09:27:42.805361,175.8,1762142262.705000,49,1,190,2025-11-03T09:27:42.805691,0.3,1762142261.880000,26,1,189,FALSE,FALSE,FALSE,FALSE,
174,2025-11-03T09:27:43.629568,173.0,2025-11-03T09:27:43.807419,177.8,1762142263.706000,49,1,191,2025-11-03T09:27:43.807753,0.3,1762142262.881000,26,1,190,FALSE,FALSE,FALSE,FALSE,
175,2025-11-03T09:27:44.629570,174.0,2025-11-03T09:27:44.809902,180.3,1762142264.709000,49,1,192,2025-11-03T09:27:44.810205,0.3,1762142263.882000,26,1,191,FALSE,FALSE,FALSE,FALSE,
176,2025-11-03T09:27:45.629568,175.0,2025-11-03T09:27:45.812280,182.7,1762142265.711000,48,1,193,2025-11-03T09:27:45.812585,0.3,1762142264.884000,26,1,192,FALSE,FALSE,FALSE,FALSE,
177,2025-11-03T09:27:46.629574,176.0,2025-11-03T09:27:46.813738,184.2,1762142266.713000,50,1,194,2025-11-03T09:27:46.814112,0.4,1762142265.885000,26,1,193,FALSE,FALSE,FALSE,FALSE,
178,2025-11-03T09:27:47.629585,177.0,2025-11-03T09:27:47.816524,186.9,1762142267.715000,48,1,195,2025-11-03T09:27:47.816836,0.3,1762142266.886000,26,1,194,FALSE,FALSE,FALSE,FALSE,
179,2025-11-03T09:27:48.629575,178.0,2025-11-03T09:27:48.818066,188.5,1762142268.717000,50,1,196,2025-11-03T09:27:48.818365,0.3,1762142267.887000,26,1,195,FALSE,FALSE,FALSE,FALSE,
180,2025-11-03T09:27:49.629567,179.0,2025-11-03T09:27:49.820982,191.4,1762142269.721000,49,1,197,2025-11-03T09:27:49.821580,0.6,1762142268.889000,26,1,196,FALSE,FALSE,FALSE,FALSE,
181,2025-11-03T09:27:50.629570,180.0,2025-11-03T09:27:50.824093,194.5,1762142270.723000,49,1,198,2025-11-03T09:27:50.824397,0.3,1762142269.890000,26,1,197,FALSE,FALSE,FALSE,FALSE,
182,2025-11-03T09:27:51.629574,181.0,2025-11-03T09:27:51.825701,196.1,1762142271.725000,49,1,199,2025-11-03T09:27:51.826023,0.3,1762142270.892000,26,1,198,FALSE,FALSE,FALSE,FALSE,
183,2025-11-03T09:27:52.629577,182.0,2025-11-03T09:27:52.828574,199.0,1762142272.728000,49,1,200,2025-11-03T09:27:52.828889,0.3,1762142271.893000,26,1,199,FALSE,FALSE,FALSE,FALSE,
184,2025-11-03T09:27:53.629574,183.0,2025-11-03T09:27:53.731363,101.8,1762142273.630000,44,1,201,2025-11-03T09:27:53.731763,0.4,1762142272.895000,26,1,200,FALSE,FALSE,FALSE,FALSE,
185,2025-11-03T09:27:54.629580,184.0,2025-11-03T09:27:54.732647,103.1,1762142274.632000,49,1,202,2025-11-03T09:27:54.732954,0.3,1762142273.797000,24,1,201,FALSE,FALSE,FALSE,FALSE,
186,2025-11-03T09:27:55.629573,185.0,2025-11-03T09:27:55.734016,104.4,1762142275.633000,47,1,203,2025-11-03T09:27:55.734333,0.3,1762142274.798000,26,1,202,FALSE,FALSE,FALSE,FALSE,
187,2025-11-03T09:27:56.629572,186.0,2025-11-03T09:27:56.735399,105.8,1762142276.635000,49,1,204,2025-11-03T09:27:56.735726,0.3,1762142275.799000,26,1,203,FALSE,FALSE,FALSE,FALSE,
188,2025-11-03T09:27:57.629574,187.0,2025-11-03T09:27:57.737171,107.6,1762142277.636000,49,1,205,2025-11-03T09:27:57.737516,0.3,1762142276.801000,26,1,204,FALSE,FALSE,FALSE,FALSE,
189,2025-11-03T09:27:58.629569,188.0,2025-11-03T09:27:58.739182,109.6,1762142278.638000,49,1,206,2025-11-03T09:27:58.739802,0.6,1762142277.803000,26,1,205,FALSE,FALSE,FALSE,FALSE,
190,2025-11-03T09:27:59.629569,189.0,2025-11-03T09:27:59.741029,111.5,1762142279.640000,50,1,207,2025-11-03T09:27:59.741366,0.3,1762142278.805000,26,1,206,FALSE,FALSE,FALSE,FALSE,
191,2025-11-03T09:28:00.629574,190.0,2025-11-03T09:28:00.742699,113.1,1762142280.642000,49,1,208,2025-11-03T09:28:00.743020,0.3,1762142279.806000,26,1,207,FALSE,FALSE,FALSE,FALSE,
192,2025-11-03T09:28:01.629583,191.0,2025-11-03T09:28:01.744342,114.8,1762142281.644000,48,1,209,2025-11-03T09:28:01.744657,0.3,1762142280.807000,26,1,208,FALSE,FALSE,FALSE,FALSE,
193,2025-11-03T09:28:02.629569,192.0,2025-11-03T09:28:02.745991,116.4,1762142282.645000,50,1,210,2025-11-03T09:28:02.746319,0.3,1762142281.809000,26,1,209,FALSE,FALSE,FALSE,FALSE,
194,2025-11-03T09:28:03.629633,193.0,2025-11-03T09:28:03.748814,119.2,1762142283.648000,49,1,211,2025-11-03T09:28:03.749140,0.3,1762142282.810000,26,1,210,FALSE,FALSE,FALSE,FALSE,
195,2025-11-03T09:28:04.629586,194.0,2025-11-03T09:28:04.750423,120.8,1762142284.650000,49,1,212,2025-11-03T09:28:04.750756,0.3,1762142283.811000,26,1,211,FALSE,FALSE,FALSE,FALSE,
196,2025-11-03T09:28:05.629570,195.0,2025-11-03T09:28:05.751770,122.2,1762142285.651000,49,1,213,2025-11-03T09:28:05.752089,0.3,1762142284.812000,26,1,212,FALSE,FALSE,FALSE,FALSE,
197,2025-11-03T09:28:06.629569,196.0,2025-11-03T09:28:06.753303,123.7,1762142286.653000,49,1,214,2025-11-03T09:28:06.753658,0.3,1762142285.815000,26,1,213,FALSE,FALSE,FALSE,FALSE,
198,2025-11-03T09:28:07.629575,197.0,2025-11-03T09:28:07.754925,125.3,1762142287.654000,49,1,215,2025-11-03T09:28:07.755278,0.3,1762142286.817000,26,1,214,FALSE,FALSE,FALSE,FALSE,
199,2025-11-03T09:28:08.629570,198.0,2025-11-03T09:28:08.756102,126.5,1762142288.655000,49,1,216,2025-11-03T09:28:08.756404,0.3,1762142287.819000,26,1,215,FALSE,FALSE,FALSE,FALSE,
200,2025-11-03T09:28:09.629574,199.0,2025-11-03T09:28:09.757516,127.9,1762142289.657000,49,1,217,2025-11-03T09:28:09.757831,0.3,1762142288.821000,26,1,216,FALSE,FALSE,FALSE,FALSE,
201,2025-11-03T09:28:10.629575,200.0,2025-11-03T09:28:10.758850,129.3,1762142290.658000,50,1,218,2025-11-03T09:28:10.759175,0.3,1762142289.823000,26,1,217,FALSE,FALSE,FALSE,FALSE,
202,2025-11-03T09:28:11.629587,201.0,2025-11-03T09:28:11.761819,132.2,1762142291.661000,50,1,219,2025-11-03T09:28:11.762117,0.3,1762142290.825000,27,1,218,FALSE,FALSE,FALSE,FALSE,
203,2025-11-03T09:28:12.629569,202.0,2025-11-03T09:28:12.763420,133.8,1762142292.663000,50,1,220,2025-11-03T09:28:12.763760,0.3,1762142291.827000,26,1,219,FALSE,FALSE,FALSE,FALSE,
204,2025-11-03T09:28:13.629573,203.0,2025-11-03T09:28:13.764763,135.2,1762142293.664000,49,1,221,2025-11-03T09:28:13.765080,0.3,1762142292.828000,26,1,220,FALSE,FALSE,FALSE,FALSE,
205,2025-11-03T09:28:14.629571,204.0,2025-11-03T09:28:14.766434,136.9,1762142294.666000,49,1,222,2025-11-03T09:28:14.766759,0.3,1762142293.829000,26,1,221,FALSE,FALSE,FALSE,FALSE,
206,2025-11-03T09:28:15.629572,205.0,2025-11-03T09:28:15.768150,138.6,1762142295.667000,50,1,223,2025-11-03T09:28:15.768483,0.3,1762142294.831000,26,1,222,FALSE,FALSE,FALSE,FALSE,
207,2025-11-03T09:28:16.629571,206.0,2025-11-03T09:28:16.770182,140.6,1762142296.669000,48,1,224,2025-11-03T09:28:16.770597,0.4,1762142295.832000,26,1,223,FALSE,FALSE,FALSE,FALSE,
208,2025-11-03T09:28:17.629564,207.0,2025-11-03T09:28:17.771731,142.2,1762142297.671000,49,1,225,2025-11-03T09:28:17.772056,0.3,1762142296.834000,26,1,224,FALSE,FALSE,FALSE,FALSE,
209,2025-11-03T09:28:18.629569,208.0,2025-11-03T09:28:18.773065,143.5,1762142298.672000,49,1,226,2025-11-03T09:28:18.773376,0.3,1762142297.835000,26,1,225,FALSE,FALSE,FALSE,FALSE,
210,2025-11-03T09:28:19.629576,209.0,2025-11-03T09:28:19.774335,144.8,1762142299.674000,49,1,227,2025-11-03T09:28:19.774678,0.3,1762142298.836000,26,1,226,FALSE,FALSE,FALSE,FALSE,
211,2025-11-03T09:28:20.629575,210.0,2025-11-03T09:28:20.776014,146.4,1762142300.675000,50,1,228,2025-11-03T09:28:20.776327,0.3,1762142299.838000,26,1,227,FALSE,FALSE,FALSE,FALSE,
212,2025-11-03T09:28:21.629573,211.0,2025-11-03T09:28:21.777429,147.9,1762142301.677000,49,1,229,2025-11-03T09:28:21.777733,0.3,1762142300.839000,26,1,228,FALSE,FALSE,FALSE,FALSE,
213,2025-11-03T09:28:22.629570,212.0,2025-11-03T09:28:22.779163,149.6,1762142302.678000,50,1,230,2025-11-03T09:28:22.779656,0.5,1762142301.840000,26,1,229,FALSE,FALSE,FALSE,FALSE,
214,2025-11-03T09:28:23.629572,213.0,2025-11-03T09:28:23.781707,152.1,1762142303.681000,49,1,231,2025-11-03T09:28:23.782041,0.3,1762142302.842000,26,1,230,FALSE,FALSE,FALSE,FALSE,
215,2025-11-03T09:28:24.629570,214.0,2025-11-03T09:28:24.783447,153.9,1762142304.683000,49,1,232,2025-11-03T09:28:24.783760,0.3,1762142303.843000,26,1,231,FALSE,FALSE,FALSE,FALSE,
216,2025-11-03T09:28:25.629572,215.0,2025-11-03T09:28:25.785170,155.6,1762142305.684000,48,1,233,2025-11-03T09:28:25.785528,0.3,1762142304.844000,26,1,232,FALSE,FALSE,FALSE,FALSE,
217,2025-11-03T09:28:26.629573,216.0,2025-11-03T09:28:26.786165,156.6,1762142306.686000,49,1,234,2025-11-03T09:28:26.786484,0.3,1762142305.845000,26,1,233,FALSE,FALSE,FALSE,FALSE,
218,2025-11-03T09:28:27.629570,217.0,2025-11-03T09:28:27.787705,158.1,1762142307.687000,48,1,235,2025-11-03T09:28:27.788026,0.3,1762142306.847000,26,1,234,FALSE,FALSE,FALSE,FALSE,
219,2025-11-03T09:28:28.629576,218.0,2025-11-03T09:28:28.788949,159.4,1762142308.689000,50,1,236,2025-11-03T09:28:28.789258,0.3,1762142307.848000,26,1,235,FALSE,FALSE,FALSE,FALSE,
220,2025-11-03T09:28:29.629577,219.0,2025-11-03T09:28:29.790147,160.6,1762142309.689000,49,1,237,2025-11-03T09:28:29.790465,0.3,1762142308.850000,26,1,236,FALSE,FALSE,FALSE,FALSE,
221,2025-11-03T09:28:30.629570,220.0,2025-11-03T09:28:30.791623,162.0,1762142310.691000,49,1,238,2025-11-03T09:28:30.791946,0.3,1762142309.851000,26,1,237,FALSE,FALSE,FALSE,FALSE,
222,2025-11-03T09:28:31.629572,221.0,2025-11-03T09:28:31.793168,163.6,1762142311.693000,49,1,239,2025-11-03T09:28:31.793502,0.3,1762142310.852000,26,1,238,FALSE,FALSE,FALSE,FALSE,
223,2025-11-03T09:28:32.629568,222.0,2025-11-03T09:28:32.795607,166.0,1762142312.694000,50,1,240,2025-11-03T09:28:32.795987,0.4,1762142311.854000,26,1,239,FALSE,FALSE,FALSE,FALSE,
224,2025-11-03T09:28:33.629566,223.0,2025-11-03T09:28:33.797902,168.3,1762142313.697000,51,1,241,2025-11-03T09:28:33.798226,0.3,1762142312.855000,26,1,240,FALSE,FALSE,FALSE,FALSE,
225,2025-11-03T09:28:34.629566,224.0,2025-11-03T09:28:34.804937,175.4,1762142314.699000,49,1,242,2025-11-03T09:28:34.805374,0.4,1762142313.856000,26,1,241,FALSE,FALSE,FALSE,FALSE,
226,2025-11-03T09:28:35.629574,225.0,2025-11-03T09:28:35.800870,171.3,1762142315.700000,49,1,243,2025-11-03T09:28:35.801192,0.3,1762142314.857000,26,1,242,FALSE,FALSE,FALSE,FALSE,
227,2025-11-03T09:28:36.629571,226.0,2025-11-03T09:28:36.802255,172.7,1762142316.702000,49,1,244,2025-11-03T09:28:36.802571,0.3,1762142315.859000,26,1,243,FALSE,FALSE,FALSE,FALSE,
228,2025-11-03T09:28:37.629569,227.0,2025-11-03T09:28:37.803560,174.0,1762142317.703000,48,1,245,2025-11-03T09:28:37.803920,0.3,1762142316.861000,26,1,244,FALSE,FALSE,FALSE,FALSE,
229,2025-11-03T09:28:38.629570,228.0,2025-11-03T09:28:38.804703,175.1,1762142318.704000,48,1,246,2025-11-03T09:28:38.805035,0.3,1762142317.863000,26,1,245,FALSE,FALSE,FALSE,FALSE,
230,2025-11-03T09:28:39.629569,229.0,2025-11-03T09:28:39.806187,176.6,1762142319.706000,48,1,247,2025-11-03T09:28:39.806549,0.3,1762142318.864000,27,1,246,FALSE,FALSE,FALSE,FALSE,
231,2025-11-03T09:28:40.629566,230.0,2025-11-03T09:28:40.807519,177.9,1762142320.707000,49,1,248,2025-11-03T09:28:40.807850,0.3,1762142319.865000,26,1,247,FALSE,FALSE,FALSE,FALSE,
232,2025-11-03T09:28:41.629572,231.0,2025-11-03T09:28:41.808889,179.3,1762142321.708000,50,1,249,2025-11-03T09:28:41.809235,0.3,1762142320.867000,26,1,248,FALSE,FALSE,FALSE,FALSE,
233,2025-11-03T09:28:42.629571,232.0,2025-11-03T09:28:42.810389,180.8,1762142322.710000,49,1,250,2025-11-03T09:28:42.811002,0.6,1762142321.868000,26,1,249,FALSE,FALSE,FALSE,FALSE,
234,2025-11-03T09:28:43.629575,233.0,2025-11-03T09:28:43.811936,182.4,1762142323.711000,50,1,251,2025-11-03T09:28:43.812279,0.3,1762142322.870000,26,1,250,FALSE,FALSE,FALSE,FALSE,
235,2025-11-03T09:28:44.629572,234.0,2025-11-03T09:28:44.813351,183.8,1762142324.713000,49,1,252,2025-11-03T09:28:44.813655,0.3,1762142323.871000,26,1,251,FALSE,FALSE,FALSE,FALSE,
236,2025-11-03T09:28:45.629571,235.0,2025-11-03T09:28:45.814682,185.1,1762142325.714000,48,1,253,2025-11-03T09:28:45.814995,0.3,1762142324.872000,26,1,252,FALSE,FALSE,FALSE,FALSE,
237,2025-11-03T09:28:46.629563,236.0,2025-11-03T09:28:46.816028,186.5,1762142326.715000,50,1,254,2025-11-03T09:28:46.816362,0.3,1762142325.873000,26,1,253,FALSE,FALSE,FALSE,FALSE,
238,2025-11-03T09:28:47.629569,237.0,2025-11-03T09:28:47.817247,187.7,1762142327.717000,49,1,255,2025-11-03T09:28:47.817565,0.3,1762142326.875000,26,1,254,FALSE,FALSE,FALSE,FALSE,
239,2025-11-03T09:28:48.629571,238.0,2025-11-03T09:28:48.818612,189.0,1762142328.718000,49,1,256,2025-11-03T09:28:48.818925,0.3,1762142327.877000,26,1,255,FALSE,FALSE,FALSE,FALSE,
240,2025-11-03T09:28:49.629576,239.0,2025-11-03T09:28:49.820209,190.6,1762142329.719000,49,1,257,2025-11-03T09:28:49.820548,0.3,1762142328.878000,26,1,256,FALSE,FALSE,FALSE,FALSE,
241,2025-11-03T09:28:50.629571,240.0,2025-11-03T09:28:50.821298,191.7,1762142330.721000,49,1,258,2025-11-03T09:28:50.821638,0.3,1762142329.879000,26,1,257,FALSE,FALSE,FALSE,FALSE,
242,2025-11-03T09:28:51.629567,241.0,2025-11-03T09:28:51.822975,193.4,1762142331.722000,48,1,259,2025-11-03T09:28:51.823713,0.7,1762142330.881000,26,1,258,FALSE,FALSE,FALSE,FALSE,
243,2025-11-03T09:28:52.629568,242.0,2025-11-03T09:28:52.824401,194.8,1762142332.724000,50,1,260,2025-11-03T09:28:52.824736,0.3,1762142331.882000,26,1,259,FALSE,FALSE,FALSE,FALSE,
244,2025-11-03T09:28:53.629576,243.0,2025-11-03T09:28:53.826131,196.6,1762142333.725000,49,1,261,2025-11-03T09:28:53.826453,0.3,1762142332.883000,26,1,260,FALSE,FALSE,FALSE,FALSE,
245,2025-11-03T09:28:54.629565,244.0,2025-11-03T09:28:54.827767,198.2,1762142334.727000,50,1,262,2025-11-03T09:28:54.828100,0.3,1762142333.884000,26,1,261,FALSE,FALSE,FALSE,FALSE,
246,2025-11-03T09:28:55.629574,245.0,2025-11-03T09:28:55.829455,199.9,1762142335.728000,50,1,263,2025-11-03T09:28:55.829906,0.4,1762142334.886000,26,1,262,FALSE,FALSE,FALSE,FALSE,
247,2025-11-03T09:28:56.629569,246.0,2025-11-03T09:28:56.730876,101.3,1762142336.630000,43,1,264,2025-11-03T09:28:56.731190,0.3,1762142335.887000,26,1,263,FALSE,FALSE,FALSE,FALSE,
248,2025-11-03T09:28:57.629568,247.0,2025-11-03T09:28:57.732411,102.8,1762142337.632000,50,1,265,2025-11-03T09:28:57.732737,0.3,1762142336.788000,24,1,264,FALSE,FALSE,FALSE,FALSE,
249,2025-11-03T09:28:58.629565,248.0,2025-11-03T09:28:58.734505,104.9,1762142338.633000,49,1,266,2025-11-03T09:28:58.735021,0.5,1762142337.789000,26,1,265,FALSE,FALSE,FALSE,FALSE,
250,2025-11-03T09:28:59.629586,249.0,2025-11-03T09:28:59.735790,106.2,1762142339.635000,50,1,267,2025-11-03T09:28:59.736133,0.3,1762142338.791000,26,1,266,FALSE,FALSE,FALSE,FALSE,
251,2025-11-03T09:29:00.629578,250.0,2025-11-03T09:29:00.737447,107.9,1762142340.637000,49,1,268,2025-11-03T09:29:00.738116,0.7,1762142339.792000,26,1,267,FALSE,FALSE,FALSE,FALSE,
252,2025-11-03T09:29:01.629578,251.0,2025-11-03T09:29:01.739184,109.6,1762142341.639000,48,1,269,2025-11-03T09:29:01.739548,0.4,1762142340.794000,26,1,268,FALSE,FALSE,FALSE,FALSE,
253,2025-11-03T09:29:02.629576,252.0,2025-11-03T09:29:02.741501,111.9,1762142342.640000,49,1,270,2025-11-03T09:29:02.741815,0.3,1762142341.795000,26,1,269,FALSE,FALSE,FALSE,FALSE,
254,2025-11-03T09:29:03.629579,253.0,2025-11-03T09:29:03.743057,113.5,1762142343.642000,50,1,271,2025-11-03T09:29:03.743435,0.4,1762142342.797000,26,1,270,FALSE,FALSE,FALSE,FALSE,
255,2025-11-03T09:29:04.629575,254.0,2025-11-03T09:29:04.744620,115.0,1762142344.644000,48,1,272,2025-11-03T09:29:04.744939,0.3,1762142343.797000,26,1,271,FALSE,FALSE,FALSE,FALSE,
256,2025-11-03T09:29:05.629572,255.0,2025-11-03T09:29:05.746646,117.1,1762142345.645000,49,1,273,2025-11-03T09:29:05.746951,0.3,1762142344.799000,26,1,272,FALSE,FALSE,FALSE,FALSE,
257,2025-11-03T09:29:06.629571,256.0,2025-11-03T09:29:06.748223,118.6,1762142346.647000,50,1,274,2025-11-03T09:29:06.748532,0.3,1762142345.801000,26,1,273,FALSE,FALSE,FALSE,FALSE,
258,2025-11-03T09:29:07.629581,257.0,2025-11-03T09:29:07.749799,120.2,1762142347.649000,50,1,275,2025-11-03T09:29:07.750107,0.3,1762142346.802000,26,1,274,FALSE,FALSE,FALSE,FALSE,
259,2025-11-03T09:29:08.629574,258.0,2025-11-03T09:29:08.751083,121.5,1762142348.651000,50,1,276,2025-11-03T09:29:08.751437,0.3,1762142347.804000,26,1,275,FALSE,FALSE,FALSE,FALSE,
260,2025-11-03T09:29:09.629579,259.0,2025-11-03T09:29:09.752882,123.3,1762142349.652000,49,1,277,2025-11-03T09:29:09.753253,0.4,1762142348.805000,26,1,276,FALSE,FALSE,FALSE,FALSE,
261,2025-11-03T09:29:10.629574,260.0,2025-11-03T09:29:10.753791,124.2,1762142350.653000,49,1,278,2025-11-03T09:29:10.754108,0.3,1762142349.806000,26,1,277,FALSE,FALSE,FALSE,FALSE,
262,2025-11-03T09:29:11.629577,261.0,2025-11-03T09:29:11.755066,125.5,1762142351.655000,50,1,279,2025-11-03T09:29:11.755510,0.4,1762142350.808000,26,1,278,FALSE,FALSE,FALSE,FALSE,
263,2025-11-03T09:29:12.629574,262.0,2025-11-03T09:29:12.756417,126.8,1762142352.656000,49,1,280,2025-11-03T09:29:12.756750,0.3,1762142351.809000,26,1,279,FALSE,FALSE,FALSE,FALSE,
264,2025-11-03T09:29:13.629575,263.0,2025-11-03T09:29:13.758468,128.9,1762142353.658000,49,1,281,2025-11-03T09:29:13.758779,0.3,1762142352.811000,26,1,280,FALSE,FALSE,FALSE,FALSE,
265,2025-11-03T09:29:14.629608,264.0,2025-11-03T09:29:14.760130,130.5,1762142354.659000,48,1,282,2025-11-03T09:29:14.760439,0.3,1762142353.812000,26,1,281,FALSE,FALSE,FALSE,FALSE,
266,2025-11-03T09:29:15.629565,265.0,2025-11-03T09:29:15.761757,132.2,1762142355.661000,49,1,283,2025-11-03T09:29:15.762066,0.3,1762142354.813000,26,1,282,FALSE,FALSE,FALSE,FALSE,
267,2025-11-03T09:29:16.629576,266.0,2025-11-03T09:29:16.763244,133.7,1762142356.662000,50,1,284,2025-11-03T09:29:16.763620,0.4,1762142355.815000,26,1,283,FALSE,FALSE,FALSE,FALSE,
268,2025-11-03T09:29:17.629573,267.0,2025-11-03T09:29:17.764402,134.8,1762142357.664000,49,1,285,2025-11-03T09:29:17.764745,0.3,1762142356.816000,26,1,284,FALSE,FALSE,FALSE,FALSE,
269,2025-11-03T09:29:18.629570,268.0,2025-11-03T09:29:18.766246,136.7,1762142358.665000,49,1,286,2025-11-03T09:29:18.766604,0.3,1762142357.818000,26,1,285,FALSE,FALSE,FALSE,FALSE,
270,2025-11-03T09:29:19.629570,269.0,2025-11-03T09:29:19.767558,138.0,1762142359.667000,50,1,287,2025-11-03T09:29:19.767854,0.3,1762142358.819000,26,1,286,FALSE,FALSE,FALSE,FALSE,
271,2025-11-03T09:29:20.629575,270.0,2025-11-03T09:29:20.769080,139.5,1762142360.668000,48,1,288,2025-11-03T09:29:20.769392,0.3,1762142359.820000,26,1,287,FALSE,FALSE,FALSE,FALSE,
272,2025-11-03T09:29:21.629569,271.0,2025-11-03T09:29:21.771126,141.5,1762142361.670000,49,1,289,2025-11-03T09:29:21.771484,0.3,1762142360.821000,26,1,288,FALSE,FALSE,FALSE,FALSE,
273,2025-11-03T09:29:22.629576,272.0,2025-11-03T09:29:22.773358,143.8,1762142362.673000,50,1,290,2025-11-03T09:29:22.773673,0.3,1762142361.823000,27,1,289,FALSE,FALSE,FALSE,FALSE,
274,2025-11-03T09:29:23.629570,273.0,2025-11-03T09:29:23.775601,146.0,1762142363.675000,49,1,291,2025-11-03T09:29:23.775923,0.3,1762142362.824000,26,1,290,FALSE,FALSE,FALSE,FALSE,
275,2025-11-03T09:29:24.629565,274.0,2025-11-03T09:29:24.777112,147.5,1762142364.677000,49,1,292,2025-11-03T09:29:24.777484,0.4,1762142363.826000,26,1,291,FALSE,FALSE,FALSE,FALSE,
276,2025-11-03T09:29:25.629573,275.0,2025-11-03T09:29:25.778937,149.4,1762142365.678000,48,1,293,2025-11-03T09:29:25.779485,0.5,1762142364.827000,26,1,292,FALSE,FALSE,FALSE,FALSE,
277,2025-11-03T09:29:26.629570,276.0,2025-11-03T09:29:26.781159,151.6,1762142366.680000,49,1,294,2025-11-03T09:29:26.781685,0.5,1762142365.828000,26,1,293,FALSE,FALSE,FALSE,FALSE,
278,2025-11-03T09:29:27.629571,277.0,2025-11-03T09:29:27.783667,154.1,1762142367.683000,49,1,295,2025-11-03T09:29:27.784034,0.4,1762142366.829000,26,1,294,FALSE,FALSE,FALSE,FALSE,
279,2025-11-03T09:29:28.629580,278.0,2025-11-03T09:29:28.784799,155.2,1762142368.684000,50,1,296,2025-11-03T09:29:28.785171,0.4,1762142367.831000,26,1,295,FALSE,FALSE,FALSE,FALSE,
280,2025-11-03T09:29:29.629575,279.0,2025-11-03T09:29:29.787188,157.6,1762142369.686000,49,1,297,2025-11-03T09:29:29.787575,0.4,1762142368.832000,26,1,296,FALSE,FALSE,FALSE,FALSE,
281,2025-11-03T09:29:30.629571,280.0,2025-11-03T09:29:30.789494,159.9,1762142370.688000,50,1,298,2025-11-03T09:29:30.789811,0.3,1762142369.833000,26,1,297,FALSE,FALSE,FALSE,FALSE,
282,2025-11-03T09:29:31.629569,281.0,2025-11-03T09:29:31.791137,161.6,1762142371.690000,49,1,299,2025-11-03T09:29:31.791528,0.4,1762142370.834000,26,1,298,FALSE,FALSE,FALSE,FALSE,
283,2025-11-03T09:29:32.629576,282.0,2025-11-03T09:29:32.793542,164.0,1762142372.693000,50,1,300,2025-11-03T09:29:32.793905,0.4,1762142371.835000,26,1,299,FALSE,FALSE,FALSE,FALSE,
284,2025-11-03T09:29:33.629567,283.0,2025-11-03T09:29:33.794991,165.4,1762142373.695000,48,1,301,2025-11-03T09:29:33.795384,0.4,1762142372.836000,26,1,300,FALSE,FALSE,FALSE,FALSE,
285,2025-11-03T09:29:34.629577,284.0,2025-11-03T09:29:34.796680,167.1,1762142374.696000,49,1,302,2025-11-03T09:29:34.796993,0.3,1762142373.837000,26,1,301,FALSE,FALSE,FALSE,FALSE,
286,2025-11-03T09:29:35.629577,285.0,2025-11-03T09:29:35.797932,168.3,1762142375.697000,49,1,303,2025-11-03T09:29:35.798264,0.3,1762142374.839000,26,1,302,FALSE,FALSE,FALSE,FALSE,
287,2025-11-03T09:29:36.629576,286.0,2025-11-03T09:29:36.799529,170.0,1762142376.699000,50,1,304,2025-11-03T09:29:36.799899,0.4,1762142375.840000,26,1,303,FALSE,FALSE,FALSE,FALSE,
288,2025-11-03T09:29:37.629566,287.0,2025-11-03T09:29:37.800792,171.2,1762142377.700000,50,1,305,2025-11-03T09:29:37.801116,0.3,1762142376.842000,26,1,304,FALSE,FALSE,FALSE,FALSE,
289,2025-11-03T09:29:38.629574,288.0,2025-11-03T09:29:38.802299,172.7,1762142378.702000,48,1,306,2025-11-03T09:29:38.802654,0.3,1762142377.843000,26,1,305,FALSE,FALSE,FALSE,FALSE,
290,2025-11-03T09:29:39.629570,289.0,2025-11-03T09:29:39.804062,174.5,1762142379.704000,49,1,307,2025-11-03T09:29:39.804378,0.3,1762142378.845000,26,1,306,FALSE,FALSE,FALSE,FALSE,
291,2025-11-03T09:29:40.629572,290.0,2025-11-03T09:29:40.805565,176.0,1762142380.705000,49,1,308,2025-11-03T09:29:40.805871,0.3,1762142379.846000,26,1,307,FALSE,FALSE,FALSE,FALSE,
292,2025-11-03T09:29:41.629573,291.0,2025-11-03T09:29:41.806880,177.3,1762142381.706000,50,1,309,2025-11-03T09:29:41.807244,0.3,1762142380.848000,26,1,308,FALSE,FALSE,FALSE,FALSE,
293,2025-11-03T09:29:42.629579,292.0,2025-11-03T09:29:42.808252,178.7,1762142382.707000,50,1,310,2025-11-03T09:29:42.808601,0.3,1762142381.849000,26,1,309,FALSE,FALSE,FALSE,FALSE,
294,2025-11-03T09:29:43.629580,293.0,2025-11-03T09:29:43.809589,180.0,1762142383.709000,49,1,311,2025-11-03T09:29:43.809887,0.3,1762142382.850000,26,1,310,FALSE,FALSE,FALSE,FALSE,
295,2025-11-03T09:29:44.629575,294.0,2025-11-03T09:29:44.810908,181.3,1762142384.710000,49,1,312,2025-11-03T09:29:44.811200,0.3,1762142383.851000,26,1,311,FALSE,FALSE,FALSE,FALSE,
296,2025-11-03T09:29:45.629577,295.0,2025-11-03T09:29:45.812138,182.6,1762142385.712000,49,1,313,2025-11-03T09:29:45.812488,0.3,1762142384.853000,26,1,312,FALSE,FALSE,FALSE,FALSE,
297,2025-11-03T09:29:46.629575,296.0,2025-11-03T09:29:46.813475,183.9,1762142386.713000,48,1,314,2025-11-03T09:29:46.813796,0.3,1762142385.854000,26,1,313,FALSE,FALSE,FALSE,FALSE,
298,2025-11-03T09:29:47.629576,297.0,2025-11-03T09:29:47.814774,185.2,1762142387.714000,49,1,315,2025-11-03T09:29:47.815062,0.3,1762142386.856000,26,1,314,FALSE,FALSE,FALSE,FALSE,
299,2025-11-03T09:29:48.629583,298.0,2025-11-03T09:29:48.816103,186.5,1762142388.716000,50,1,316,2025-11-03T09:29:48.816408,0.3,1762142387.857000,26,1,315,FALSE,FALSE,FALSE,FALSE,
300,2025-11-03T09:29:49.629572,299.0,2025-11-03T09:29:49.817406,187.8,1762142389.717000,49,1,317,2025-11-03T09:29:49.817729,0.3,1762142388.858000,26,1,316,FALSE,FALSE,FALSE,FALSE,
301,2025-11-03T09:29:50.629570,300.0,2025-11-03T09:29:50.818947,189.4,1762142390.718000,49,1,318,2025-11-03T09:29:50.819269,0.3,1762142389.859000,26,1,317,FALSE,FALSE,FALSE,FALSE,
302,2025-11-03T09:29:51.629576,301.0,2025-11-03T09:29:51.820306,190.7,1762142391.720000,50,1,319,2025-11-03T09:29:51.820612,0.3,1762142390.860000,26,1,318,FALSE,FALSE,FALSE,FALSE,
303,2025-11-03T09:29:52.629572,302.0,2025-11-03T09:29:52.821548,192.0,1762142392.721000,49,1,320,2025-11-03T09:29:52.821882,0.3,1762142391.862000,27,1,319,FALSE,FALSE,FALSE,FALSE,
304,2025-11-03T09:29:53.629569,303.0,2025-11-03T09:29:53.822848,193.3,1762142393.722000,49,1,321,2025-11-03T09:29:53.823478,0.6,1762142392.863000,26,1,320,FALSE,FALSE,FALSE,FALSE,
305,2025-11-03T09:29:54.629582,304.0,2025-11-03T09:29:54.824179,194.6,1762142394.723000,50,1,322,2025-11-03T09:29:54.824491,0.3,1762142393.864000,26,1,321,FALSE,FALSE,FALSE,FALSE,
306,2025-11-03T09:29:55.629572,305.0,2025-11-03T09:29:55.825491,195.9,1762142395.725000,49,1,323,2025-11-03T09:29:55.825861,0.4,1762142394.865000,26,1,322,FALSE,FALSE,FALSE,FALSE,
307,2025-11-03T09:29:56.629577,306.0,2025-11-03T09:29:56.826819,197.2,1762142396.726000,49,1,324,2025-11-03T09:29:56.827140,0.3,1762142395.866000,26,1,323,FALSE,FALSE,FALSE,FALSE,
308,2025-11-03T09:29:57.629576,307.0,2025-11-03T09:29:57.828585,199.0,1762142397.728000,48,1,325,2025-11-03T09:29:57.828901,0.3,1762142396.868000,26,1,324,FALSE,FALSE,FALSE,FALSE,
309,2025-11-03T09:29:58.629576,308.0,2025-11-03T09:29:58.830000,200.4,1762142398.729000,50,1,326,2025-11-03T09:29:58.830295,0.3,1762142397.869000,26,1,325,FALSE,FALSE,FALSE,FALSE,
310,2025-11-03T09:29:59.629577,309.0,2025-11-03T09:29:59.731408,101.8,1762142399.631000,44,1,327,2025-11-03T09:29:59.731721,0.3,1762142398.870000,26,1,326,FALSE,FALSE,FALSE,FALSE,
311,2025-11-03T09:30:00.629578,310.0,2025-11-03T09:30:00.732835,103.2,1762142400.632000,49,1,328,2025-11-03T09:30:00.733143,0.3,1762142399.772000,23,1,327,FALSE,FALSE,FALSE,FALSE,
312,2025-11-03T09:30:01.629583,311.0,2025-11-03T09:30:01.736092,106.5,1762142401.634000,48,1,329,2025-11-03T09:30:01.736405,0.3,1762142400.773000,26,1,328,FALSE,FALSE,FALSE,FALSE,
313,2025-11-03T09:30:02.629591,312.0,2025-11-03T09:30:02.738774,109.2,1762142402.638000,50,1,330,2025-11-03T09:30:02.739445,0.7,1762142401.774000,26,1,329,FALSE,FALSE,FALSE,FALSE,
314,2025-11-03T09:30:03.629575,313.0,2025-11-03T09:30:03.740199,110.6,1762142403.640000,49,1,331,2025-11-03T09:30:03.740529,0.3,1762142402.776000,26,1,330,FALSE,FALSE,FALSE,FALSE,
315,2025-11-03T09:30:04.629574,314.0,2025-11-03T09:30:04.741612,112.0,1762142404.641000,48,1,332,2025-11-03T09:30:04.741918,0.3,1762142403.777000,26,1,331,FALSE,FALSE,FALSE,FALSE,
316,2025-11-03T09:30:05.629567,315.0,2025-11-03T09:30:05.743200,113.6,1762142405.643000,50,1,333,2025-11-03T09:30:05.743623,0.4,1762142404.779000,26,1,332,FALSE,FALSE,FALSE,FALSE,
317,2025-11-03T09:30:06.629574,316.0,2025-11-03T09:30:06.744605,115.0,1762142406.644000,49,1,334,2025-11-03T09:30:06.744895,0.3,1762142405.780000,26,1,333,FALSE,FALSE,FALSE,FALSE,
318,2025-11-03T09:30:07.629570,317.0,2025-11-03T09:30:07.746095,116.5,1762142407.645000,49,1,335,2025-11-03T09:30:07.746429,0.3,1762142406.782000,26,1,334,FALSE,FALSE,FALSE,FALSE,
319,2025-11-03T09:30:08.629573,318.0,2025-11-03T09:30:08.747232,117.7,1762142408.646000,50,1,336,2025-11-03T09:30:08.747612,0.4,1762142407.783000,26,1,335,FALSE,FALSE,FALSE,FALSE,
320,2025-11-03T09:30:09.629571,319.0,2025-11-03T09:30:09.748551,119.0,1762142409.648000,49,1,337,2025-11-03T09:30:09.748865,0.3,1762142408.784000,26,1,336,FALSE,FALSE,FALSE,FALSE,
321,2025-11-03T09:30:10.629568,320.0,2025-11-03T09:30:10.750156,120.6,1762142410.650000,49,1,338,2025-11-03T09:30:10.750457,0.3,1762142409.785000,26,1,337,FALSE,FALSE,FALSE,FALSE,
322,2025-11-03T09:30:11.629573,321.0,2025-11-03T09:30:11.751729,122.2,1762142411.651000,49,1,339,2025-11-03T09:30:11.752343,0.6,1762142410.787000,26,1,338,FALSE,FALSE,FALSE,FALSE,
323,2025-11-03T09:30:12.629567,322.0,2025-11-03T09:30:12.753272,123.7,1762142412.652000,47,1,340,2025-11-03T09:30:12.753580,0.3,1762142411.788000,26,1,339,FALSE,FALSE,FALSE,FALSE,
324,2025-11-03T09:30:13.629570,323.0,2025-11-03T09:30:13.754869,125.3,1762142413.654000,49,1,341,2025-11-03T09:30:13.755203,0.3,1762142412.789000,26,1,340,FALSE,FALSE,FALSE,FALSE,
325,2025-11-03T09:30:14.629570,324.0,2025-11-03T09:30:14.756162,126.6,1762142414.655000,50,1,342,2025-11-03T09:30:14.756468,0.3,1762142413.790000,26,1,341,FALSE,FALSE,FALSE,FALSE,
326,2025-11-03T09:30:15.629574,325.0,2025-11-03T09:30:15.757530,128.0,1762142415.657000,49,1,343,2025-11-03T09:30:15.757836,0.3,1762142414.792000,26,1,342,FALSE,FALSE,FALSE,FALSE,
327,2025-11-03T09:30:16.629567,326.0,2025-11-03T09:30:16.758842,129.3,1762142416.658000,49,1,344,2025-11-03T09:30:16.759154,0.3,1762142415.793000,26,1,343,FALSE,FALSE,FALSE,FALSE,
328,2025-11-03T09:30:17.629568,327.0,2025-11-03T09:30:17.760103,130.5,1762142417.660000,49,1,345,2025-11-03T09:30:17.760447,0.3,1762142416.794000,26,1,344,FALSE,FALSE,FALSE,FALSE,
329,2025-11-03T09:30:18.629566,328.0,2025-11-03T09:30:18.761422,131.9,1762142418.661000,50,1,346,2025-11-03T09:30:18.761710,0.3,1762142417.796000,26,1,345,FALSE,FALSE,FALSE,FALSE,
330,2025-11-03T09:30:19.629574,329.0,2025-11-03T09:30:19.762737,133.2,1762142419.662000,48,1,347,2025-11-03T09:30:19.763035,0.3,1762142418.797000,26,1,346,FALSE,FALSE,FALSE,FALSE,
331,2025-11-03T09:30:20.629570,330.0,2025-11-03T09:30:20.769299,139.7,1762142420.664000,50,1,348,2025-11-03T09:30:20.769784,0.5,1762142419.798000,26,1,347,FALSE,FALSE,FALSE,FALSE,
332,2025-11-03T09:30:21.629569,331.0,2025-11-03T09:30:21.765348,135.8,1762142421.664000,49,1,349,2025-11-03T09:30:21.765631,0.3,1762142420.799000,26,1,348,FALSE,FALSE,FALSE,FALSE,
333,2025-11-03T09:30:22.629568,332.0,2025-11-03T09:30:22.766590,137.0,1762142422.666000,48,1,350,2025-11-03T09:30:22.766897,0.3,1762142421.801000,26,1,349,FALSE,FALSE,FALSE,FALSE,
334,2025-11-03T09:30:23.629579,333.0,2025-11-03T09:30:23.767861,138.3,1762142423.667000,49,1,351,2025-11-03T09:30:23.768179,0.3,1762142422.802000,26,1,350,FALSE,FALSE,FALSE,FALSE,
335,2025-11-03T09:30:24.629571,334.0,2025-11-03T09:30:24.769426,139.9,1762142424.668000,50,1,352,2025-11-03T09:30:24.769715,0.3,1762142423.803000,26,1,351,FALSE,FALSE,FALSE,FALSE,
336,2025-11-03T09:30:25.629578,335.0,2025-11-03T09:30:25.770801,141.2,1762142425.670000,49,1,353,2025-11-03T09:30:25.771119,0.3,1762142424.804000,26,1,352,FALSE,FALSE,FALSE,FALSE,
337,2025-11-03T09:30:26.629581,336.0,2025-11-03T09:30:26.772934,143.3,1762142426.672000,49,1,354,2025-11-03T09:30:26.773268,0.3,1762142425.805000,26,1,353,FALSE,FALSE,FALSE,FALSE,
338,2025-11-03T09:30:27.629587,337.0,2025-11-03T09:30:27.774274,144.7,1762142427.674000,49,1,355,2025-11-03T09:30:27.774569,0.3,1762142426.807000,26,1,354,FALSE,FALSE,FALSE,FALSE,
339,2025-11-03T09:30:28.629578,338.0,2025-11-03T09:30:28.775627,146.0,1762142428.675000,49,1,356,2025-11-03T09:30:28.776006,0.4,1762142427.808000,26,1,355,FALSE,FALSE,FALSE,FALSE,
340,2025-11-03T09:30:29.629573,339.0,2025-11-03T09:30:29.777459,147.9,1762142429.676000,49,1,357,2025-11-03T09:30:29.777814,0.3,1762142428.809000,26,1,356,FALSE,FALSE,FALSE,FALSE,
341,2025-11-03T09:30:30.629577,340.0,2025-11-03T09:30:30.778894,149.3,1762142430.678000,49,1,358,2025-11-03T09:30:30.779224,0.3,1762142429.810000,26,1,357,FALSE,FALSE,FALSE,FALSE,
342,2025-11-03T09:30:31.629592,341.0,2025-11-03T09:30:31.780292,150.7,1762142431.680000,50,1,359,2025-11-03T09:30:31.780624,0.3,1762142430.812000,26,1,358,FALSE,FALSE,FALSE,FALSE,
343,2025-11-03T09:30:32.629568,342.0,2025-11-03T09:30:32.781880,152.3,1762142432.681000,48,1,360,2025-11-03T09:30:32.782196,0.3,1762142431.813000,26,1,359,FALSE,FALSE,FALSE,FALSE,
344,2025-11-03T09:30:33.629575,343.0,2025-11-03T09:30:33.783418,153.8,1762142433.683000,49,1,361,2025-11-03T09:30:33.783749,0.3,1762142432.815000,26,1,360,FALSE,FALSE,FALSE,FALSE,
345,2025-11-03T09:30:34.629575,344.0,2025-11-03T09:30:34.784677,155.1,1762142434.684000,49,1,362,2025-11-03T09:30:34.784995,0.3,1762142433.816000,26,1,361,FALSE,FALSE,FALSE,FALSE,
346,2025-11-03T09:30:35.629577,345.0,2025-11-03T09:30:35.785968,156.4,1762142435.686000,49,1,363,2025-11-03T09:30:35.786334,0.4,1762142434.817000,26,1,362,FALSE,FALSE,FALSE,FALSE,
347,2025-11-03T09:30:36.629568,346.0,2025-11-03T09:30:36.788252,158.7,1762142436.688000,49,1,364,2025-11-03T09:30:36.788590,0.3,1762142435.819000,26,1,363,FALSE,FALSE,FALSE,FALSE,
348,2025-11-03T09:30:37.629575,347.0,2025-11-03T09:30:37.789646,160.1,1762142437.689000,50,1,365,2025-11-03T09:30:37.789953,0.3,1762142436.820000,27,1,364,FALSE,FALSE,FALSE,FALSE,
349,2025-11-03T09:30:38.629567,348.0,2025-11-03T09:30:38.791750,162.2,1762142438.691000,48,1,366,2025-11-03T09:30:38.792146,0.4,1762142437.822000,26,1,365,FALSE,FALSE,FALSE,FALSE,
350,2025-11-03T09:30:39.629575,349.0,2025-11-03T09:30:39.792832,163.3,1762142439.692000,49,1,367,2025-11-03T09:30:39.793139,0.3,1762142438.823000,26,1,366,FALSE,FALSE,FALSE,FALSE,
351,2025-11-03T09:30:40.629571,350.0,2025-11-03T09:30:40.794201,164.6,1762142440.694000,49,1,368,2025-11-03T09:30:40.794511,0.3,1762142439.824000,26,1,367,FALSE,FALSE,FALSE,FALSE,
352,2025-11-03T09:30:41.629564,351.0,2025-11-03T09:30:41.795507,165.9,1762142441.695000,48,1,369,2025-11-03T09:30:41.795810,0.3,1762142440.825000,26,1,368,FALSE,FALSE,FALSE,FALSE,
353,2025-11-03T09:30:42.629567,352.0,2025-11-03T09:30:42.796966,167.4,1762142442.696000,49,1,370,2025-11-03T09:30:42.797278,0.3,1762142441.826000,26,1,369,FALSE,FALSE,FALSE,FALSE,
354,2025-11-03T09:30:43.629590,353.0,2025-11-03T09:30:43.798536,168.9,1762142443.698000,50,1,371,2025-11-03T09:30:43.798845,0.3,1762142442.828000,26,1,370,FALSE,FALSE,FALSE,FALSE,
355,2025-11-03T09:30:44.629566,354.0,2025-11-03T09:30:44.800268,170.7,1762142444.699000,49,1,372,2025-11-03T09:30:44.800557,0.3,1762142443.829000,26,1,371,FALSE,FALSE,FALSE,FALSE,
356,2025-11-03T09:30:45.629567,355.0,2025-11-03T09:30:45.801867,172.3,1762142445.701000,49,1,373,2025-11-03T09:30:45.802187,0.3,1762142444.831000,26,1,372,FALSE,FALSE,FALSE,FALSE,
357,2025-11-03T09:30:46.629569,356.0,2025-11-03T09:30:46.803451,173.9,1762142446.703000,49,1,374,2025-11-03T09:30:46.803839,0.4,1762142445.832000,26,1,373,FALSE,FALSE,FALSE,FALSE,
358,2025-11-03T09:30:47.629573,357.0,2025-11-03T09:30:47.805898,176.3,1762142447.704000,49,1,375,2025-11-03T09:30:47.806249,0.3,1762142446.834000,26,1,374,FALSE,FALSE,FALSE,FALSE,
359,2025-11-03T09:30:48.629573,358.0,2025-11-03T09:30:48.807399,177.8,1762142448.707000,49,1,376,2025-11-03T09:30:48.807716,0.3,1762142447.835000,26,1,375,FALSE,FALSE,FALSE,FALSE,
360,2025-11-03T09:30:49.629577,359.0,2025-11-03T09:30:49.808744,179.2,1762142449.708000,49,1,377,2025-11-03T09:30:49.809044,0.3,1762142448.836000,26,1,376,FALSE,FALSE,FALSE,FALSE,
361,2025-11-03T09:30:50.629575,360.0,2025-11-03T09:30:50.810429,180.9,1762142450.710000,49,1,378,2025-11-03T09:30:50.810798,0.4,1762142449.838000,26,1,377,FALSE,FALSE,FALSE,FALSE,
362,2025-11-03T09:30:51.629576,361.0,2025-11-03T09:30:51.811870,182.3,1762142451.711000,49,1,379,2025-11-03T09:30:51.812186,0.3,1762142450.839000,26,1,378,FALSE,FALSE,FALSE,FALSE,
363,2025-11-03T09:30:52.629569,362.0,2025-11-03T09:30:52.813305,183.7,1762142452.712000,49,1,380,2025-11-03T09:30:52.813596,0.3,1762142451.840000,25,1,379,FALSE,FALSE,FALSE,FALSE,
364,2025-11-03T09:30:53.629567,363.0,2025-11-03T09:30:53.814747,185.2,1762142453.714000,48,1,381,2025-11-03T09:30:53.815051,0.3,1762142452.841000,26,1,380,FALSE,FALSE,FALSE,FALSE,
365,2025-11-03T09:30:54.629566,364.0,2025-11-03T09:30:54.816054,186.5,1762142454.716000,50,1,382,2025-11-03T09:30:54.816361,0.3,1762142453.843000,26,1,381,FALSE,FALSE,FALSE,FALSE,
366,2025-11-03T09:30:55.629574,365.0,2025-11-03T09:30:55.817550,188.0,1762142455.717000,49,1,383,2025-11-03T09:30:55.817843,0.3,1762142454.845000,26,1,382,FALSE,FALSE,FALSE,FALSE,
367,2025-11-03T09:30:56.629569,366.0,2025-11-03T09:30:56.819096,189.5,1762142456.718000,49,1,384,2025-11-03T09:30:56.819469,0.4,1762142455.846000,26,1,383,FALSE,FALSE,FALSE,FALSE,
368,2025-11-03T09:30:57.629564,367.0,2025-11-03T09:30:57.820924,191.4,1762142457.720000,49,1,385,2025-11-03T09:30:57.821258,0.3,1762142456.848000,26,1,384,FALSE,FALSE,FALSE,FALSE,
369,2025-11-03T09:30:58.629566,368.0,2025-11-03T09:30:58.822238,192.7,1762142458.722000,50,1,386,2025-11-03T09:30:58.822550,0.3,1762142457.849000,26,1,385,FALSE,FALSE,FALSE,FALSE,
370,2025-11-03T09:30:59.629570,369.0,2025-11-03T09:30:59.823547,194.0,1762142459.723000,50,1,387,2025-11-03T09:30:59.823888,0.3,1762142458.851000,26,1,386,FALSE,FALSE,FALSE,FALSE,
371,2025-11-03T09:31:00.629573,370.0,2025-11-03T09:31:00.825235,195.7,1762142460.725000,47,1,388,2025-11-03T09:31:00.825579,0.3,1762142459.852000,26,1,387,FALSE,FALSE,FALSE,FALSE,
372,2025-11-03T09:31:01.629567,371.0,2025-11-03T09:31:01.826927,197.4,1762142461.726000,50,1,389,2025-11-03T09:31:01.827220,0.3,1762142460.854000,25,1,388,FALSE,FALSE,FALSE,FALSE,
373,2025-11-03T09:31:02.629575,372.0,2025-11-03T09:31:02.828586,199.0,1762142462.728000,48,1,390,2025-11-03T09:31:02.828920,0.3,1762142461.857000,25,1,389,FALSE,FALSE,FALSE,FALSE,
374,2025-11-03T09:31:03.629583,373.0,2025-11-03T09:31:03.829866,200.3,1762142463.729000,49,1,391,2025-11-03T09:31:03.830203,0.3,1762142462.859000,27,1,390,FALSE,FALSE,FALSE,FALSE,
375,2025-11-03T09:31:04.629566,374.0,2025-11-03T09:31:04.731260,101.7,1762142464.631000,45,1,392,2025-11-03T09:31:04.732023,0.8,1762142463.860000,26,1,391,FALSE,FALSE,FALSE,FALSE,
376,2025-11-03T09:31:05.629576,375.0,2025-11-03T09:31:05.732567,103.0,1762142465.632000,50,1,393,2025-11-03T09:31:05.732894,0.3,1762142464.761000,23,1,392,FALSE,FALSE,FALSE,FALSE,
377,2025-11-03T09:31:06.629579,376.0,2025-11-03T09:31:06.733944,104.4,1762142466.633000,48,1,394,2025-11-03T09:31:06.734260,0.3,1762142465.762000,26,1,393,FALSE,FALSE,FALSE,FALSE,
378,2025-11-03T09:31:07.629575,377.0,2025-11-03T09:31:07.735268,105.7,1762142467.634000,49,1,395,2025-11-03T09:31:07.735674,0.3,1762142466.764000,26,1,394,FALSE,FALSE,FALSE,FALSE,
379,2025-11-03T09:31:08.629567,378.0,2025-11-03T09:31:08.736624,107.1,1762142468.636000,50,1,396,2025-11-03T09:31:08.736952,0.3,1762142467.765000,26,1,395,FALSE,FALSE,FALSE,FALSE,
380,2025-11-03T09:31:09.629603,379.0,2025-11-03T09:31:09.738314,108.7,1762142469.638000,50,1,397,2025-11-03T09:31:09.738634,0.3,1762142468.766000,26,1,396,FALSE,FALSE,FALSE,FALSE,
381,2025-11-03T09:31:10.629572,380.0,2025-11-03T09:31:10.739540,110.0,1762142470.639000,49,1,398,2025-11-03T09:31:10.739847,0.3,1762142469.768000,26,1,397,FALSE,FALSE,FALSE,FALSE,
382,2025-11-03T09:31:11.629574,381.0,2025-11-03T09:31:11.740812,111.2,1762142471.640000,48,1,399,2025-11-03T09:31:11.741176,0.4,1762142470.770000,26,1,398,FALSE,FALSE,FALSE,FALSE,
383,2025-11-03T09:31:12.629566,382.0,2025-11-03T09:31:12.742232,112.7,1762142472.642000,49,1,400,2025-11-03T09:31:12.742558,0.3,1762142471.772000,26,1,399,FALSE,FALSE,FALSE,FALSE,
384,2025-11-03T09:31:13.629568,383.0,2025-11-03T09:31:13.743767,114.2,1762142473.643000,49,1,401,2025-11-03T09:31:13.744336,0.6,1762142472.774000,26,1,400,FALSE,FALSE,FALSE,FALSE,
385,2025-11-03T09:31:14.629568,384.0,2025-11-03T09:31:14.745231,115.7,1762142474.644000,49,1,402,2025-11-03T09:31:14.745580,0.3,1762142473.775000,26,1,401,FALSE,FALSE,FALSE,FALSE,
386,2025-11-03T09:31:15.629573,385.0,2025-11-03T09:31:15.746477,116.9,1762142475.646000,50,1,403,2025-11-03T09:31:15.746808,0.3,1762142474.776000,26,1,402,FALSE,FALSE,FALSE,FALSE,
387,2025-11-03T09:31:16.629568,386.0,2025-11-03T09:31:16.747886,118.3,1762142476.647000,49,1,404,2025-11-03T09:31:16.748210,0.3,1762142475.777000,26,1,403,FALSE,FALSE,FALSE,FALSE,
388,2025-11-03T09:31:17.629588,387.0,2025-11-03T09:31:17.749294,119.7,1762142477.648000,49,1,405,2025-11-03T09:31:17.749652,0.3,1762142476.779000,27,1,404,FALSE,FALSE,FALSE,FALSE,
389,2025-11-03T09:31:18.629577,388.0,2025-11-03T09:31:18.750765,121.2,1762142478.650000,49,1,406,2025-11-03T09:31:18.751093,0.3,1762142477.780000,26,1,405,FALSE,FALSE,FALSE,FALSE,
390,2025-11-03T09:31:19.629579,389.0,2025-11-03T09:31:19.752143,122.6,1762142479.652000,48,1,407,2025-11-03T09:31:19.752443,0.3,1762142478.781000,26,1,406,FALSE,FALSE,FALSE,FALSE,
391,2025-11-03T09:31:20.629575,390.0,2025-11-03T09:31:20.753354,123.8,1762142480.653000,48,1,408,2025-11-03T09:31:20.753672,0.3,1762142479.782000,26,1,407,FALSE,FALSE,FALSE,FALSE,
392,2025-11-03T09:31:21.629582,391.0,2025-11-03T09:31:21.754696,125.1,1762142481.654000,48,1,409,2025-11-03T09:31:21.755011,0.3,1762142480.784000,26,1,408,FALSE,FALSE,FALSE,FALSE,
393,2025-11-03T09:31:22.629579,392.0,2025-11-03T09:31:22.756067,126.5,1762142482.655000,49,1,410,2025-11-03T09:31:22.756695,0.6,1762142481.785000,26,1,409,FALSE,FALSE,FALSE,FALSE,
394,2025-11-03T09:31:23.629580,393.0,2025-11-03T09:31:23.757357,127.8,1762142483.657000,50,1,411,2025-11-03T09:31:23.757674,0.3,1762142482.787000,26,1,410,FALSE,FALSE,FALSE,FALSE,
395,2025-11-03T09:31:24.629575,394.0,2025-11-03T09:31:24.758982,129.4,1762142484.658000,49,1,412,2025-11-03T09:31:24.759341,0.3,1762142483.788000,26,1,411,FALSE,FALSE,FALSE,FALSE,
396,2025-11-03T09:31:25.629579,395.0,2025-11-03T09:31:25.761156,131.6,1762142485.660000,49,1,413,2025-11-03T09:31:25.761450,0.3,1762142484.790000,26,1,412,FALSE,FALSE,FALSE,FALSE,
397,2025-11-03T09:31:26.629580,396.0,2025-11-03T09:31:26.763195,133.6,1762142486.663000,49,1,414,2025-11-03T09:31:26.763731,0.5,1762142485.792000,26,1,413,FALSE,FALSE,FALSE,FALSE,
398,2025-11-03T09:31:27.629568,397.0,2025-11-03T09:31:27.765266,135.7,1762142487.664000,49,1,415,2025-11-03T09:31:27.765586,0.3,1762142486.793000,26,1,414,FALSE,FALSE,FALSE,FALSE,
399,2025-11-03T09:31:28.629569,398.0,2025-11-03T09:31:28.767029,137.5,1762142488.667000,50,1,416,2025-11-03T09:31:28.767463,0.4,1762142487.794000,26,1,415,FALSE,FALSE,FALSE,FALSE,
400,2025-11-03T09:31:29.629572,399.0,2025-11-03T09:31:29.768530,139.0,1762142489.668000,50,1,417,2025-11-03T09:31:29.768891,0.3,1762142488.796000,25,1,416,FALSE,FALSE,FALSE,FALSE,
401,2025-11-03T09:31:30.629566,400.0,2025-11-03T09:31:30.769752,140.2,1762142490.670000,49,1,418,2025-11-03T09:31:30.770099,0.3,1762142489.797000,26,1,417,FALSE,FALSE,FALSE,FALSE,
402,2025-11-03T09:31:31.629571,401.0,2025-11-03T09:31:31.772015,142.4,1762142491.671000,48,1,419,2025-11-03T09:31:31.772557,0.5,1762142490.798000,26,1,418,FALSE,FALSE,FALSE,FALSE,
403,2025-11-03T09:31:32.629563,402.0,2025-11-03T09:31:32.772908,143.3,1762142492.673000,49,1,420,2025-11-03T09:31:32.773256,0.3,1762142491.799000,26,1,419,FALSE,FALSE,FALSE,FALSE,
404,2025-11-03T09:31:33.629570,403.0,2025-11-03T09:31:33.774364,144.8,1762142493.674000,50,1,421,2025-11-03T09:31:33.774687,0.3,1762142492.801000,26,1,420,FALSE,FALSE,FALSE,FALSE,
405,2025-11-03T09:31:34.629570,404.0,2025-11-03T09:31:34.775563,146.0,1762142494.675000,48,1,422,2025-11-03T09:31:34.775915,0.3,1762142493.802000,26,1,421,FALSE,FALSE,FALSE,FALSE,
406,2025-11-03T09:31:35.629570,405.0,2025-11-03T09:31:35.776973,147.4,1762142495.676000,50,1,423,2025-11-03T09:31:35.777314,0.3,1762142494.804000,26,1,422,FALSE,FALSE,FALSE,FALSE,
407,2025-11-03T09:31:36.629570,406.0,2025-11-03T09:31:36.778476,148.9,1762142496.678000,48,1,424,2025-11-03T09:31:36.778832,0.3,1762142495.805000,26,1,423,FALSE,FALSE,FALSE,FALSE,
408,2025-11-03T09:31:37.629581,407.0,2025-11-03T09:31:37.780264,150.7,1762142497.679000,49,1,425,2025-11-03T09:31:37.780569,0.3,1762142496.806000,26,1,424,FALSE,FALSE,FALSE,FALSE,
409,2025-11-03T09:31:38.629572,408.0,2025-11-03T09:31:38.781851,152.3,1762142498.681000,49,1,426,2025-11-03T09:31:38.782154,0.3,1762142497.808000,26,1,425,FALSE,FALSE,FALSE,FALSE,
410,2025-11-03T09:31:39.629574,409.0,2025-11-03T09:31:39.783138,153.6,1762142499.682000,47,1,427,2025-11-03T09:31:39.783494,0.3,1762142498.809000,26,1,426,FALSE,FALSE,FALSE,FALSE,
411,2025-11-03T09:31:40.629573,410.0,2025-11-03T09:31:40.784674,155.1,1762142500.684000,48,1,428,2025-11-03T09:31:40.785164,0.5,1762142499.810000,26,1,427,FALSE,FALSE,FALSE,FALSE,
412,2025-11-03T09:31:41.629575,411.0,2025-11-03T09:31:41.785819,156.2,1762142501.685000,49,1,429,2025-11-03T09:31:41.786141,0.3,1762142500.811000,26,1,428,FALSE,FALSE,FALSE,FALSE,
413,2025-11-03T09:31:42.629573,412.0,2025-11-03T09:31:42.787241,157.7,1762142502.686000,49,1,430,2025-11-03T09:31:42.787616,0.4,1762142501.812000,26,1,429,FALSE,FALSE,FALSE,FALSE,
414,2025-11-03T09:31:43.629579,413.0,2025-11-03T09:31:43.788925,159.3,1762142503.689000,49,1,431,2025-11-03T09:31:43.789357,0.4,1762142502.814000,26,1,430,FALSE,FALSE,FALSE,FALSE,
415,2025-11-03T09:31:44.629569,414.0,2025-11-03T09:31:44.790746,161.2,1762142504.691000,50,1,432,2025-11-03T09:31:44.791035,0.3,1762142503.815000,26,1,431,FALSE,FALSE,FALSE,FALSE,
416,2025-11-03T09:31:45.629572,415.0,2025-11-03T09:31:45.792049,162.5,1762142505.692000,49,1,433,2025-11-03T09:31:45.792381,0.3,1762142504.817000,27,1,432,FALSE,FALSE,FALSE,FALSE,
417,2025-11-03T09:31:46.629569,416.0,2025-11-03T09:31:46.793408,163.8,1762142506.693000,50,1,434,2025-11-03T09:31:46.793738,0.3,1762142505.818000,25,1,433,FALSE,FALSE,FALSE,FALSE,
418,2025-11-03T09:31:47.629580,417.0,2025-11-03T09:31:47.794765,165.2,1762142507.694000,50,1,435,2025-11-03T09:31:47.795055,0.3,1762142506.819000,26,1,434,FALSE,FALSE,FALSE,FALSE,
419,2025-11-03T09:31:48.629566,418.0,2025-11-03T09:31:48.796016,166.4,1762142508.696000,47,1,436,2025-11-03T09:31:48.796324,0.3,1762142507.820000,26,1,435,FALSE,FALSE,FALSE,FALSE,
420,2025-11-03T09:31:49.629572,419.0,2025-11-03T09:31:49.797940,168.4,1762142509.697000,51,1,437,2025-11-03T09:31:49.798325,0.4,1762142508.821000,26,1,436,FALSE,FALSE,FALSE,FALSE,
421,2025-11-03T09:31:50.629577,420.0,2025-11-03T09:31:50.798852,169.3,1762142510.698000,49,1,438,2025-11-03T09:31:50.799170,0.3,1762142509.823000,26,1,437,FALSE,FALSE,FALSE,FALSE,
422,2025-11-03T09:31:51.629573,421.0,2025-11-03T09:31:51.800170,170.6,1762142511.700000,49,1,439,2025-11-03T09:31:51.800482,0.3,1762142510.824000,26,1,438,FALSE,FALSE,FALSE,FALSE,
423,2025-11-03T09:31:52.629561,422.0,2025-11-03T09:31:52.801462,171.9,1762142512.701000,48,1,440,2025-11-03T09:31:52.801768,0.3,1762142511.825000,26,1,439,FALSE,FALSE,FALSE,FALSE,
424,2025-11-03T09:31:53.629570,423.0,2025-11-03T09:31:53.802685,173.1,1762142513.702000,49,1,441,2025-11-03T09:31:53.802984,0.3,1762142512.827000,26,1,440,FALSE,FALSE,FALSE,FALSE,
425,2025-11-03T09:31:54.629568,424.0,2025-11-03T09:31:54.804123,174.5,1762142514.704000,49,1,442,2025-11-03T09:31:54.804425,0.3,1762142513.828000,26,1,441,FALSE,FALSE,FALSE,FALSE,
426,2025-11-03T09:31:55.629580,425.0,2025-11-03T09:31:55.805371,175.8,1762142515.705000,49,1,443,2025-11-03T09:31:55.805697,0.3,1762142514.829000,26,1,442,FALSE,FALSE,FALSE,FALSE,
427,2025-11-03T09:31:56.629575,426.0,2025-11-03T09:31:56.806792,177.2,1762142516.706000,50,1,444,2025-11-03T09:31:56.807120,0.3,1762142515.830000,26,1,443,FALSE,FALSE,FALSE,FALSE,
428,2025-11-03T09:31:57.629574,427.0,2025-11-03T09:31:57.808159,178.6,1762142517.708000,49,1,445,2025-11-03T09:31:57.808575,0.4,1762142516.832000,26,1,444,FALSE,FALSE,FALSE,FALSE,
429,2025-11-03T09:31:58.629571,428.0,2025-11-03T09:31:58.810359,180.8,1762142518.709000,50,1,446,2025-11-03T09:31:58.810849,0.5,1762142517.833000,26,1,445,FALSE,FALSE,FALSE,FALSE,
430,2025-11-03T09:31:59.629572,429.0,2025-11-03T09:31:59.811117,181.5,1762142519.711000,49,1,447,2025-11-03T09:31:59.811493,0.4,1762142518.834000,26,1,446,FALSE,FALSE,FALSE,FALSE,
431,2025-11-03T09:32:00.629576,430.0,2025-11-03T09:32:00.813146,183.6,1762142520.713000,48,1,448,2025-11-03T09:32:00.813487,0.3,1762142519.835000,26,1,447,FALSE,FALSE,FALSE,FALSE,
432,2025-11-03T09:32:01.629600,431.0,2025-11-03T09:32:01.815178,185.6,1762142521.715000,48,1,449,2025-11-03T09:32:01.815543,0.4,1762142520.837000,26,1,448,FALSE,FALSE,FALSE,FALSE,
433,2025-11-03T09:32:02.629555,432.0,2025-11-03T09:32:02.816674,187.1,1762142522.716000,49,1,450,2025-11-03T09:32:02.816999,0.3,1762142521.838000,26,1,449,FALSE,FALSE,FALSE,FALSE,
434,2025-11-03T09:32:03.629534,433.0,2025-11-03T09:32:03.818152,188.6,1762142523.718000,49,1,451,2025-11-03T09:32:03.818471,0.3,1762142522.840000,26,1,450,FALSE,FALSE,FALSE,FALSE,
435,2025-11-03T09:32:04.629630,434.0,2025-11-03T09:32:04.820404,190.8,1762142524.720000,49,1,452,2025-11-03T09:32:04.820680,0.3,1762142523.841000,26,1,451,FALSE,FALSE,FALSE,FALSE,
436,2025-11-03T09:32:05.629564,435.0,2025-11-03T09:32:05.822149,192.6,1762142525.722000,49,1,453,2025-11-03T09:32:05.822477,0.3,1762142524.843000,26,1,452,FALSE,FALSE,FALSE,FALSE,
437,2025-11-03T09:32:06.629576,436.0,2025-11-03T09:32:06.824235,194.7,1762142526.723000,49,1,454,2025-11-03T09:32:06.824533,0.3,1762142525.845000,26,1,453,FALSE,FALSE,FALSE,FALSE,
438,2025-11-03T09:32:07.629574,437.0,2025-11-03T09:32:07.827358,197.8,1762142527.725000,49,1,455,2025-11-03T09:32:07.827724,0.4,1762142526.847000,26,1,454,FALSE,FALSE,FALSE,FALSE,
439,2025-11-03T09:32:08.629570,438.0,2025-11-03T09:32:08.829320,199.7,1762142528.728000,50,1,456,2025-11-03T09:32:08.829628,0.3,1762142527.849000,26,1,455,FALSE,FALSE,FALSE,FALSE,
440,2025-11-03T09:32:09.629568,439.0,2025-11-03T09:32:09.831256,201.7,1762142529.730000,50,1,457,2025-11-03T09:32:09.831620,0.4,1762142528.851000,26,1,456,FALSE,FALSE,FALSE,FALSE,
441,2025-11-03T09:32:10.629555,440.0,2025-11-03T09:32:10.733262,103.7,1762142530.632000,44,1,458,2025-11-03T09:32:10.733561,0.3,1762142529.853000,26,1,457,FALSE,FALSE,FALSE,FALSE,
442,2025-11-03T09:32:11.629550,441.0,2025-11-03T09:32:11.734907,105.4,1762142531.635000,49,1,459,2025-11-03T09:32:11.735229,0.3,1762142530.755000,24,1,458,FALSE,FALSE,FALSE,FALSE,
443,2025-11-03T09:32:12.629573,442.0,2025-11-03T09:32:12.736817,107.2,1762142532.636000,49,1,460,2025-11-03T09:32:12.737170,0.3,1762142531.756000,26,1,459,FALSE,FALSE,FALSE,FALSE,
444,2025-11-03T09:32:13.629577,443.0,2025-11-03T09:32:13.738373,108.8,1762142533.638000,50,1,461,2025-11-03T09:32:13.738694,0.3,1762142532.758000,26,1,460,FALSE,FALSE,FALSE,FALSE,
445,2025-11-03T09:32:14.629568,444.0,2025-11-03T09:32:14.740246,110.7,1762142534.640000,49,1,462,2025-11-03T09:32:14.740565,0.3,1762142533.759000,26,1,461,FALSE,FALSE,FALSE,FALSE,
446,2025-11-03T09:32:15.629553,445.0,2025-11-03T09:32:15.741769,112.2,1762142535.641000,49,1,463,2025-11-03T09:32:15.742334,0.6,1762142534.761000,26,1,462,FALSE,FALSE,FALSE,FALSE,
447,2025-11-03T09:32:16.629570,446.0,2025-11-03T09:32:16.743502,113.9,1762142536.643000,49,1,464,2025-11-03T09:32:16.743815,0.3,1762142535.763000,26,1,463,FALSE,FALSE,FALSE,FALSE,
448,2025-11-03T09:32:17.629567,447.0,2025-11-03T09:32:17.746625,117.1,1762142537.645000,50,1,465,2025-11-03T09:32:17.746919,0.3,1762142536.765000,25,1,464,FALSE,FALSE,FALSE,FALSE,
449,2025-11-03T09:32:18.629574,448.0,2025-11-03T09:32:18.748693,119.1,1762142538.647000,49,1,466,2025-11-03T09:32:18.748999,0.3,1762142537.766000,26,1,465,FALSE,FALSE,FALSE,FALSE,
450,2025-11-03T09:32:19.629573,449.0,2025-11-03T09:32:19.750897,121.3,1762142539.649000,50,1,467,2025-11-03T09:32:19.751211,0.3,1762142538.767000,26,1,466,FALSE,FALSE,FALSE,FALSE,
451,2025-11-03T09:32:20.629572,450.0,2025-11-03T09:32:20.752623,123.0,1762142540.651000,49,1,468,2025-11-03T09:32:20.752940,0.3,1762142539.768000,26,1,467,FALSE,FALSE,FALSE,FALSE,
452,2025-11-03T09:32:21.629569,451.0,2025-11-03T09:32:21.754746,125.2,1762142541.654000,49,1,469,2025-11-03T09:32:21.755091,0.3,1762142540.770000,26,1,468,FALSE,FALSE,FALSE,FALSE,
453,2025-11-03T09:32:22.629569,452.0,2025-11-03T09:32:22.756943,127.4,1762142542.656000,50,1,470,2025-11-03T09:32:22.757250,0.3,1762142541.771000,26,1,469,FALSE,FALSE,FALSE,FALSE,
454,2025-11-03T09:32:23.629570,453.0,2025-11-03T09:32:23.758457,128.9,1762142543.657000,49,1,471,2025-11-03T09:32:23.758781,0.3,1762142542.772000,26,1,470,FALSE,FALSE,FALSE,FALSE,
455,2025-11-03T09:32:24.629573,454.0,2025-11-03T09:32:24.760306,130.7,1762142544.659000,49,1,472,2025-11-03T09:32:24.760897,0.6,1762142543.774000,27,1,471,FALSE,FALSE,FALSE,FALSE,
456,2025-11-03T09:32:25.629571,455.0,2025-11-03T09:32:25.761923,132.3,1762142545.661000,49,1,473,2025-11-03T09:32:25.762270,0.3,1762142544.775000,26,1,472,FALSE,FALSE,FALSE,FALSE,
457,2025-11-03T09:32:26.629567,456.0,2025-11-03T09:32:26.764409,134.8,1762142546.663000,49,1,474,2025-11-03T09:32:26.764711,0.3,1762142545.776000,26,1,473,FALSE,FALSE,FALSE,FALSE,
458,2025-11-03T09:32:27.629558,457.0,2025-11-03T09:32:27.765708,136.1,1762142547.665000,49,1,475,2025-11-03T09:32:27.766012,0.3,1762142546.777000,26,1,474,FALSE,FALSE,FALSE,FALSE,
459,2025-11-03T09:32:28.629557,458.0,2025-11-03T09:32:28.767240,137.7,1762142548.667000,49,1,476,2025-11-03T09:32:28.767601,0.3,1762142547.779000,26,1,475,FALSE,FALSE,FALSE,FALSE,
460,2025-11-03T09:32:29.629564,459.0,2025-11-03T09:32:29.768611,139.0,1762142549.668000,48,1,477,2025-11-03T09:32:29.768916,0.3,1762142548.780000,26,1,476,FALSE,FALSE,FALSE,FALSE,
461,2025-11-03T09:32:30.629559,460.0,2025-11-03T09:32:30.770029,140.5,1762142550.670000,48,1,478,2025-11-03T09:32:30.770381,0.3,1762142549.782000,26,1,477,FALSE,FALSE,FALSE,FALSE,
462,2025-11-03T09:32:31.629569,461.0,2025-11-03T09:32:31.771627,142.1,1762142551.671000,49,1,479,2025-11-03T09:32:31.772136,0.5,1762142550.783000,25,1,478,FALSE,FALSE,FALSE,FALSE,
463,2025-11-03T09:32:32.629571,462.0,2025-11-03T09:32:32.773685,144.1,1762142552.673000,49,1,480,2025-11-03T09:32:32.774016,0.3,1762142551.785000,26,1,479,FALSE,FALSE,FALSE,FALSE,
464,2025-11-03T09:32:33.629574,463.0,2025-11-03T09:32:33.775131,145.6,1762142553.674000,49,1,481,2025-11-03T09:32:33.775831,0.7,1762142552.786000,26,1,480,FALSE,FALSE,FALSE,FALSE,
465,2025-11-03T09:32:34.629578,464.0,2025-11-03T09:32:34.776742,147.2,1762142554.676000,50,1,482,2025-11-03T09:32:34.777055,0.3,1762142553.788000,26,1,481,FALSE,FALSE,FALSE,FALSE,
466,2025-11-03T09:32:35.629558,465.0,2025-11-03T09:32:35.779374,149.8,1762142555.678000,49,1,483,2025-11-03T09:32:35.779700,0.3,1762142554.789000,26,1,482,FALSE,FALSE,FALSE,FALSE,
467,2025-11-03T09:32:36.629568,466.0,2025-11-03T09:32:36.780702,151.1,1762142556.680000,49,1,484,2025-11-03T09:32:36.781024,0.3,1762142555.792000,26,1,483,FALSE,FALSE,FALSE,FALSE,
468,2025-11-03T09:32:37.629587,467.0,2025-11-03T09:32:37.782151,152.6,1762142557.682000,50,1,485,2025-11-03T09:32:37.782477,0.3,1762142556.793000,26,1,484,FALSE,FALSE,FALSE,FALSE,
469,2025-11-03T09:32:38.629572,468.0,2025-11-03T09:32:38.783496,153.9,1762142558.682000,48,1,486,2025-11-03T09:32:38.783809,0.3,1762142557.795000,26,1,485,FALSE,FALSE,FALSE,FALSE,
470,2025-11-03T09:32:39.629563,469.0,2025-11-03T09:32:39.784909,155.3,1762142559.684000,50,1,487,2025-11-03T09:32:39.785212,0.3,1762142558.797000,26,1,486,FALSE,FALSE,FALSE,FALSE,
471,2025-11-03T09:32:40.629565,470.0,2025-11-03T09:32:40.786332,156.8,1762142560.686000,49,1,488,2025-11-03T09:32:40.786674,0.3,1762142559.799000,26,1,487,FALSE,FALSE,FALSE,FALSE,
472,2025-11-03T09:32:41.629560,471.0,2025-11-03T09:32:41.787589,158.0,1762142561.687000,49,1,489,2025-11-03T09:32:41.787922,0.3,1762142560.801000,26,1,488,FALSE,FALSE,FALSE,FALSE,
473,2025-11-03T09:32:42.629565,472.0,2025-11-03T09:32:42.789253,159.7,1762142562.688000,50,1,490,2025-11-03T09:32:42.789623,0.4,1762142561.802000,26,1,489,FALSE,FALSE,FALSE,FALSE,
474,2025-11-03T09:32:43.629567,473.0,2025-11-03T09:32:43.790510,160.9,1762142563.689000,48,1,491,2025-11-03T09:32:43.790864,0.3,1762142562.803000,26,1,490,FALSE,FALSE,FALSE,FALSE,
475,2025-11-03T09:32:44.629564,474.0,2025-11-03T09:32:44.791872,162.3,1762142564.691000,48,1,492,2025-11-03T09:32:44.792199,0.3,1762142563.805000,26,1,491,FALSE,FALSE,FALSE,FALSE,
476,2025-11-03T09:32:45.629564,475.0,2025-11-03T09:32:45.793184,163.6,1762142565.693000,49,1,493,2025-11-03T09:32:45.793489,0.3,1762142564.806000,26,1,492,FALSE,FALSE,FALSE,FALSE,
477,2025-11-03T09:32:46.629569,476.0,2025-11-03T09:32:46.794490,164.9,1762142566.694000,49,1,494,2025-11-03T09:32:46.794824,0.3,1762142565.808000,26,1,493,FALSE,FALSE,FALSE,FALSE,
478,2025-11-03T09:32:47.629560,477.0,2025-11-03T09:32:47.796014,166.5,1762142567.695000,48,1,495,2025-11-03T09:32:47.796332,0.3,1762142566.810000,26,1,494,FALSE,FALSE,FALSE,FALSE,
479,2025-11-03T09:32:48.629581,478.0,2025-11-03T09:32:48.797359,167.8,1762142568.697000,48,1,496,2025-11-03T09:32:48.797676,0.3,1762142567.811000,26,1,495,FALSE,FALSE,FALSE,FALSE,
480,2025-11-03T09:32:49.629566,479.0,2025-11-03T09:32:49.798716,169.1,1762142569.698000,50,1,497,2025-11-03T09:32:49.799037,0.3,1762142568.812000,27,1,496,FALSE,FALSE,FALSE,FALSE,
481,2025-11-03T09:32:50.629566,480.0,2025-11-03T09:32:50.799892,170.3,1762142570.699000,49,1,498,2025-11-03T09:32:50.800237,0.3,1762142569.813000,26,1,497,FALSE,FALSE,FALSE,FALSE,
482,2025-11-03T09:32:51.629559,481.0,2025-11-03T09:32:51.801451,171.9,1762142571.700000,49,1,499,2025-11-03T09:32:51.801800,0.3,1762142570.815000,26,1,498,FALSE,FALSE,FALSE,FALSE,
483,2025-11-03T09:32:52.629558,482.0,2025-11-03T09:32:52.802486,172.9,1762142572.702000,47,1,500,2025-11-03T09:32:52.802870,0.4,1762142571.816000,26,1,499,FALSE,FALSE,FALSE,FALSE,
484,2025-11-03T09:32:53.629567,483.0,2025-11-03T09:32:53.803835,174.3,1762142573.703000,50,1,501,2025-11-03T09:32:53.804140,0.3,1762142572.817000,26,1,500,FALSE,FALSE,FALSE,FALSE,
485,2025-11-03T09:32:54.629569,484.0,2025-11-03T09:32:54.805172,175.6,1762142574.705000,49,1,502,2025-11-03T09:32:54.805481,0.3,1762142573.819000,26,1,501,FALSE,FALSE,FALSE,FALSE,
486,2025-11-03T09:32:55.629579,485.0,2025-11-03T09:32:55.806473,176.9,1762142575.706000,48,1,503,2025-11-03T09:32:55.806780,0.3,1762142574.820000,26,1,502,FALSE,FALSE,FALSE,FALSE,
487,2025-11-03T09:32:56.629571,486.0,2025-11-03T09:32:56.807744,178.2,1762142576.707000,49,1,504,2025-11-03T09:32:56.808081,0.3,1762142575.822000,26,1,503,FALSE,FALSE,FALSE,FALSE,
488,2025-11-03T09:32:57.629562,487.0,2025-11-03T09:32:57.809225,179.7,1762142577.708000,50,1,505,2025-11-03T09:32:57.809611,0.3,1762142576.823000,26,1,504,FALSE,FALSE,FALSE,FALSE,
489,2025-11-03T09:32:58.629558,488.0,2025-11-03T09:32:58.810588,181.0,1762142578.710000,48,1,506,2025-11-03T09:32:58.810877,0.3,1762142577.824000,25,1,505,FALSE,FALSE,FALSE,FALSE,
490,2025-11-03T09:32:59.629565,489.0,2025-11-03T09:32:59.812154,182.6,1762142579.712000,49,1,507,2025-11-03T09:32:59.812473,0.3,1762142578.827000,26,1,506,FALSE,FALSE,FALSE,FALSE,
491,2025-11-03T09:33:00.629580,490.0,2025-11-03T09:33:00.813874,184.3,1762142580.713000,50,1,508,2025-11-03T09:33:00.814243,0.4,1762142579.828000,26,1,507,FALSE,FALSE,FALSE,FALSE,
492,2025-11-03T09:33:01.629577,491.0,2025-11-03T09:33:01.815990,186.4,1762142581.715000,50,1,509,2025-11-03T09:33:01.816321,0.3,1762142580.830000,26,1,508,FALSE,FALSE,FALSE,FALSE,
493,2025-11-03T09:33:02.629565,492.0,2025-11-03T09:33:02.819204,189.6,1762142582.718000,49,1,510,2025-11-03T09:33:02.819567,0.3,1762142581.831000,26,1,509,FALSE,FALSE,FALSE,FALSE,
494,2025-11-03T09:33:03.629565,493.0,2025-11-03T09:33:03.821335,191.8,1762142583.721000,49,1,511,2025-11-03T09:33:03.821650,0.3,1762142582.833000,26,1,510,FALSE,FALSE,FALSE,FALSE,
495,2025-11-03T09:33:04.629567,494.0,2025-11-03T09:33:04.824007,194.4,1762142584.724000,50,1,512,2025-11-03T09:33:04.824325,0.3,1762142583.834000,26,1,511,FALSE,FALSE,FALSE,FALSE,
496,2025-11-03T09:33:05.629574,495.0,2025-11-03T09:33:05.826819,197.2,1762142585.726000,48,1,513,2025-11-03T09:33:05.827279,0.4,1762142584.836000,26,1,512,FALSE,FALSE,FALSE,FALSE,
497,2025-11-03T09:33:06.629567,496.0,2025-11-03T09:33:06.829103,199.5,1762142586.728000,49,1,514,2025-11-03T09:33:06.829551,0.4,1762142585.837000,25,1,513,FALSE,FALSE,FALSE,FALSE,
498,2025-11-03T09:33:07.629577,497.0,2025-11-03T09:33:07.730907,101.3,1762142587.631000,45,1,515,2025-11-03T09:33:07.731246,0.3,1762142586.839000,26,1,514,FALSE,FALSE,FALSE,FALSE,
499,2025-11-03T09:33:08.629575,498.0,2025-11-03T09:33:08.732392,102.8,1762142588.632000,48,1,516,2025-11-03T09:33:08.732712,0.3,1762142587.740000,24,1,515,FALSE,FALSE,FALSE,FALSE,
500,2025-11-03T09:33:09.629575,499.0,2025-11-03T09:33:09.735723,106.1,1762142589.634000,50,1,517,2025-11-03T09:33:09.736137,0.4,1762142588.741000,26,1,516,FALSE,FALSE,FALSE,FALSE,
501,2025-11-03T09:33:10.629569,500.0,2025-11-03T09:33:10.737441,107.9,1762142590.637000,50,1,518,2025-11-03T09:33:10.737758,0.3,1762142589.742000,26,1,517,FALSE,FALSE,FALSE,FALSE,
502,2025-11-03T09:33:11.629588,501.0,2025-11-03T09:33:11.738777,109.2,1762142591.638000,49,1,519,2025-11-03T09:33:11.739102,0.3,1762142590.744000,26,1,518,FALSE,FALSE,FALSE,FALSE,
503,2025-11-03T09:33:12.629566,502.0,2025-11-03T09:33:12.741226,111.7,1762142592.641000,50,1,520,2025-11-03T09:33:12.741538,0.3,1762142591.745000,26,1,519,FALSE,FALSE,FALSE,FALSE,
504,2025-11-03T09:33:13.629574,503.0,2025-11-03T09:33:13.743594,114.0,1762142593.643000,49,1,521,2025-11-03T09:33:13.743937,0.3,1762142592.746000,26,1,520,FALSE,FALSE,FALSE,FALSE,
505,2025-11-03T09:33:14.629572,504.0,2025-11-03T09:33:14.744953,115.4,1762142594.644000,49,1,522,2025-11-03T09:33:14.745259,0.3,1762142593.748000,26,1,521,FALSE,FALSE,FALSE,FALSE,
506,2025-11-03T09:33:15.629566,505.0,2025-11-03T09:33:15.746294,116.7,1762142595.646000,49,1,523,2025-11-03T09:33:15.746641,0.3,1762142594.749000,26,1,522,FALSE,FALSE,FALSE,FALSE,
507,2025-11-03T09:33:16.629565,506.0,2025-11-03T09:33:16.747709,118.1,1762142596.647000,50,1,524,2025-11-03T09:33:16.748021,0.3,1762142595.750000,26,1,523,FALSE,FALSE,FALSE,FALSE,
508,2025-11-03T09:33:17.629563,507.0,2025-11-03T09:33:17.749374,119.8,1762142597.648000,49,1,525,2025-11-03T09:33:17.749744,0.4,1762142596.751000,26,1,524,FALSE,FALSE,FALSE,FALSE,
509,2025-11-03T09:33:18.629574,508.0,2025-11-03T09:33:18.750739,121.2,1762142598.650000,50,1,526,2025-11-03T09:33:18.751051,0.3,1762142597.752000,26,1,525,FALSE,FALSE,FALSE,FALSE,
510,2025-11-03T09:33:19.629569,509.0,2025-11-03T09:33:19.752114,122.5,1762142599.651000,48,1,527,2025-11-03T09:33:19.752422,0.3,1762142598.754000,26,1,526,FALSE,FALSE,FALSE,FALSE,
511,2025-11-03T09:33:20.629561,510.0,2025-11-03T09:33:20.753592,124.0,1762142600.653000,49,1,528,2025-11-03T09:33:20.753916,0.3,1762142599.755000,26,1,527,FALSE,FALSE,FALSE,FALSE,
512,2025-11-03T09:33:21.629563,511.0,2025-11-03T09:33:21.755845,126.3,1762142601.655000,49,1,529,2025-11-03T09:33:21.756212,0.4,1762142600.756000,26,1,528,FALSE,FALSE,FALSE,FALSE,
513,2025-11-03T09:33:22.629562,512.0,2025-11-03T09:33:22.757119,127.6,1762142602.657000,49,1,530,2025-11-03T09:33:22.757475,0.3,1762142601.758000,26,1,529,FALSE,FALSE,FALSE,FALSE,
514,2025-11-03T09:33:23.629562,513.0,2025-11-03T09:33:23.758568,129.0,1762142603.658000,49,1,531,2025-11-03T09:33:23.758877,0.3,1762142602.759000,26,1,530,FALSE,FALSE,FALSE,FALSE,
515,2025-11-03T09:33:24.629565,514.0,2025-11-03T09:33:24.760104,130.5,1762142604.659000,49,1,532,2025-11-03T09:33:24.760424,0.3,1762142603.760000,26,1,531,FALSE,FALSE,FALSE,FALSE,
516,2025-11-03T09:33:25.629568,515.0,2025-11-03T09:33:25.761389,131.8,1762142605.661000,49,1,533,2025-11-03T09:33:25.761741,0.3,1762142604.762000,26,1,532,FALSE,FALSE,FALSE,FALSE,
517,2025-11-03T09:33:26.629567,516.0,2025-11-03T09:33:26.762876,133.3,1762142606.662000,50,1,534,2025-11-03T09:33:26.763549,0.7,1762142605.763000,26,1,533,FALSE,FALSE,FALSE,FALSE,
518,2025-11-03T09:33:27.629565,517.0,2025-11-03T09:33:27.764170,134.6,1762142607.663000,49,1,535,2025-11-03T09:33:27.764546,0.4,1762142606.765000,26,1,534,FALSE,FALSE,FALSE,FALSE,
519,2025-11-03T09:33:28.629563,518.0,2025-11-03T09:33:28.765510,135.9,1762142608.665000,49,1,536,2025-11-03T09:33:28.765845,0.3,1762142607.766000,26,1,535,FALSE,FALSE,FALSE,FALSE,
520,2025-11-03T09:33:29.629570,519.0,2025-11-03T09:33:29.766899,137.3,1762142609.667000,50,1,537,2025-11-03T09:33:29.767224,0.3,1762142608.767000,26,1,536,FALSE,FALSE,FALSE,FALSE,
521,2025-11-03T09:33:30.629567,520.0,2025-11-03T09:33:30.768299,138.7,1762142610.668000,49,1,538,2025-11-03T09:33:30.768625,0.3,1762142609.768000,27,1,537,FALSE,FALSE,FALSE,FALSE,
522,2025-11-03T09:33:31.629567,521.0,2025-11-03T09:33:31.769766,140.2,1762142611.669000,50,1,539,2025-11-03T09:33:31.770100,0.3,1762142610.769000,26,1,538,FALSE,FALSE,FALSE,FALSE,
523,2025-11-03T09:33:32.629574,522.0,2025-11-03T09:33:32.773165,143.6,1762142612.671000,49,1,540,2025-11-03T09:33:32.773484,0.3,1762142611.771000,26,1,539,FALSE,FALSE,FALSE,FALSE,
524,2025-11-03T09:33:33.629566,523.0,2025-11-03T09:33:33.774538,145.0,1762142613.674000,50,1,541,2025-11-03T09:33:33.774853,0.3,1762142612.872000,28,1,540,FALSE,FALSE,FALSE,FALSE,
525,2025-11-03T09:33:34.629570,524.0,2025-11-03T09:33:34.775910,146.3,1762142614.675000,50,1,542,2025-11-03T09:33:34.776274,0.3,1762142613.873000,26,1,541,FALSE,FALSE,FALSE,FALSE,
526,2025-11-03T09:33:35.629575,525.0,2025-11-03T09:33:35.777289,147.7,1762142615.676000,49,1,543,2025-11-03T09:33:35.777922,0.6,1762142614.875000,26,1,542,FALSE,FALSE,FALSE,FALSE,
527,2025-11-03T09:33:36.629576,526.0,2025-11-03T09:33:36.778687,149.1,1762142616.678000,49,1,544,2025-11-03T09:33:36.779022,0.3,1762142615.876000,26,1,543,FALSE,FALSE,FALSE,FALSE,
528,2025-11-03T09:33:37.629580,527.0,2025-11-03T09:33:37.780049,150.5,1762142617.679000,48,1,545,2025-11-03T09:33:37.780363,0.3,1762142616.877000,26,1,544,FALSE,FALSE,FALSE,FALSE,
529,2025-11-03T09:33:38.629570,528.0,2025-11-03T09:33:38.781542,152.0,1762142618.681000,49,1,546,2025-11-03T09:33:38.781856,0.3,1762142617.879000,26,1,545,FALSE,FALSE,FALSE,FALSE,
530,2025-11-03T09:33:39.629574,529.0,2025-11-03T09:33:39.783087,153.5,1762142619.682000,49,1,547,2025-11-03T09:33:39.783470,0.4,1762142618.880000,26,1,546,FALSE,FALSE,FALSE,FALSE,
531,2025-11-03T09:33:40.629571,530.0,2025-11-03T09:33:40.784694,155.1,1762142620.684000,49,1,548,2025-11-03T09:33:40.785032,0.3,1762142619.882000,26,1,547,FALSE,FALSE,FALSE,FALSE,
532,2025-11-03T09:33:41.629576,531.0,2025-11-03T09:33:41.786283,156.7,1762142621.685000,49,1,549,2025-11-03T09:33:41.786596,0.3,1762142620.883000,26,1,548,FALSE,FALSE,FALSE,FALSE,
533,2025-11-03T09:33:42.629571,532.0,2025-11-03T09:33:42.787858,158.3,1762142622.687000,50,1,550,2025-11-03T09:33:42.788178,0.3,1762142621.884000,26,1,549,FALSE,FALSE,FALSE,FALSE,
534,2025-11-03T09:33:43.629579,533.0,2025-11-03T09:33:43.789222,159.6,1762142623.689000,49,1,551,2025-11-03T09:33:43.789537,0.3,1762142622.885000,26,1,550,FALSE,FALSE,FALSE,FALSE,
535,2025-11-03T09:33:44.629569,534.0,2025-11-03T09:33:44.791787,162.2,1762142624.691000,50,1,552,2025-11-03T09:33:44.792162,0.4,1762142623.887000,26,1,551,FALSE,FALSE,FALSE,FALSE,
536,2025-11-03T09:33:45.629577,535.0,2025-11-03T09:33:45.792781,163.2,1762142625.692000,50,1,553,2025-11-03T09:33:45.793139,0.3,1762142624.889000,27,1,552,FALSE,FALSE,FALSE,FALSE,
537,2025-11-03T09:33:46.629569,536.0,2025-11-03T09:33:46.794303,164.7,1762142626.694000,49,1,554,2025-11-03T09:33:46.794631,0.3,1762142625.890000,26,1,553,FALSE,FALSE,FALSE,FALSE,
538,2025-11-03T09:33:47.629552,537.0,2025-11-03T09:33:47.799221,169.7,1762142627.696000,48,1,555,2025-11-03T09:33:47.799574,0.3,1762142626.891000,26,1,554,FALSE,FALSE,FALSE,FALSE,
539,2025-11-03T09:33:48.629564,538.0,2025-11-03T09:33:48.801025,171.5,1762142628.700000,49,1,556,2025-11-03T09:33:48.801330,0.3,1762142627.893000,26,1,555,FALSE,FALSE,FALSE,FALSE,
540,2025-11-03T09:33:49.629576,539.0,2025-11-03T09:33:49.802518,172.9,1762142629.702000,49,1,557,2025-11-03T09:33:49.802830,0.3,1762142628.894000,26,1,556,FALSE,FALSE,FALSE,FALSE,
541,2025-11-03T09:33:50.629567,540.0,2025-11-03T09:33:50.803749,174.2,1762142630.703000,49,1,558,2025-11-03T09:33:50.804062,0.3,1762142629.896000,26,1,557,FALSE,FALSE,FALSE,FALSE,
542,2025-11-03T09:33:51.629568,541.0,2025-11-03T09:33:51.805448,175.9,1762142631.705000,49,1,559,2025-11-03T09:33:51.805750,0.3,1762142630.897000,26,1,558,FALSE,FALSE,FALSE,FALSE,
543,2025-11-03T09:33:52.629564,542.0,2025-11-03T09:33:52.806836,177.3,1762142632.706000,49,1,560,2025-11-03T09:33:52.807161,0.3,1762142631.899000,26,1,559,FALSE,FALSE,FALSE,FALSE,
544,2025-11-03T09:33:53.629568,543.0,2025-11-03T09:33:53.813698,184.1,1762142633.708000,49,1,561,2025-11-03T09:33:53.814136,0.4,1762142632.900000,26,1,560,FALSE,FALSE,FALSE,FALSE,
545,2025-11-03T09:33:54.629563,544.0,2025-11-03T09:33:54.809632,180.1,1762142634.709000,49,1,562,2025-11-03T09:33:54.809948,0.3,1762142633.902000,26,1,561,FALSE,FALSE,FALSE,FALSE,
546,2025-11-03T09:33:55.629565,545.0,2025-11-03T09:33:55.810903,181.3,1762142635.710000,49,1,563,2025-11-03T09:33:55.811207,0.3,1762142634.903000,26,1,562,FALSE,FALSE,FALSE,FALSE,
547,2025-11-03T09:33:56.629562,546.0,2025-11-03T09:33:56.812245,182.7,1762142636.712000,49,1,564,2025-11-03T09:33:56.812565,0.3,1762142635.904000,26,1,563,FALSE,FALSE,FALSE,FALSE,
548,2025-11-03T09:33:57.629570,547.0,2025-11-03T09:33:57.814204,184.6,1762142637.714000,50,1,565,2025-11-03T09:33:57.814509,0.3,1762142636.905000,26,1,564,FALSE,FALSE,FALSE,FALSE,
549,2025-11-03T09:33:58.629564,548.0,2025-11-03T09:33:58.816490,186.9,1762142638.715000,49,1,566,2025-11-03T09:33:58.816802,0.3,1762142637.908000,26,1,565,FALSE,FALSE,FALSE,FALSE,
550,2025-11-03T09:33:59.629571,549.0,2025-11-03T09:33:59.818295,188.7,1762142639.718000,50,1,567,2025-11-03T09:33:59.818618,0.3,1762142638.909000,26,1,566,FALSE,FALSE,FALSE,FALSE,
551,2025-11-03T09:34:00.629574,550.0,2025-11-03T09:34:00.819624,190.0,1762142640.719000,48,1,568,2025-11-03T09:34:00.819928,0.3,1762142639.911000,26,1,567,FALSE,FALSE,FALSE,FALSE,
552,2025-11-03T09:34:01.629571,551.0,2025-11-03T09:34:01.820991,191.4,1762142641.720000,49,1,569,2025-11-03T09:34:01.821292,0.3,1762142640.913000,26,1,568,FALSE,FALSE,FALSE,FALSE,
553,2025-11-03T09:34:02.629565,552.0,2025-11-03T09:34:02.822736,193.2,1762142642.722000,48,1,570,2025-11-03T09:34:02.823108,0.4,1762142641.914000,26,1,569,FALSE,FALSE,FALSE,FALSE,
554,2025-11-03T09:34:03.629567,553.0,2025-11-03T09:34:03.824074,194.5,1762142643.723000,49,1,571,2025-11-03T09:34:03.824423,0.3,1762142642.915000,26,1,570,FALSE,FALSE,FALSE,FALSE,
555,2025-11-03T09:34:04.629571,554.0,2025-11-03T09:34:04.825334,195.8,1762142644.725000,50,1,572,2025-11-03T09:34:04.825642,0.3,1762142643.917000,26,1,571,FALSE,FALSE,FALSE,FALSE,
556,2025-11-03T09:34:05.629555,555.0,2025-11-03T09:34:05.826595,197.0,1762142645.726000,49,1,573,2025-11-03T09:34:05.826895,0.3,1762142644.918000,26,1,572,FALSE,FALSE,FALSE,FALSE,
557,2025-11-03T09:34:06.629562,556.0,2025-11-03T09:34:06.827777,198.2,1762142646.727000,48,1,574,2025-11-03T09:34:06.828092,0.3,1762142645.919000,26,1,573,FALSE,FALSE,FALSE,FALSE,
558,2025-11-03T09:34:07.629571,557.0,2025-11-03T09:34:07.829360,199.8,1762142647.729000,49,1,575,2025-11-03T09:34:07.829684,0.3,1762142646.920000,26,1,574,FALSE,FALSE,FALSE,FALSE,
559,2025-11-03T09:34:08.629556,558.0,2025-11-03T09:34:08.830713,201.2,1762142648.730000,49,1,576,2025-11-03T09:34:08.831026,0.3,1762142647.922000,26,1,575,FALSE,FALSE,FALSE,FALSE,
560,2025-11-03T09:34:09.629571,559.0,2025-11-03T09:34:09.731889,102.3,1762142649.631000,43,1,577,2025-11-03T09:34:09.732174,0.3,1762142648.923000,26,1,576,FALSE,FALSE,FALSE,FALSE,
561,2025-11-03T09:34:10.629565,560.0,2025-11-03T09:34:10.733204,103.6,1762142650.633000,49,1,578,2025-11-03T09:34:10.733515,0.3,1762142649.824000,24,1,577,FALSE,FALSE,FALSE,FALSE,
562,2025-11-03T09:34:11.629571,561.0,2025-11-03T09:34:11.734767,105.2,1762142651.634000,49,1,579,2025-11-03T09:34:11.735108,0.3,1762142650.826000,26,1,578,FALSE,FALSE,FALSE,FALSE,
563,2025-11-03T09:34:12.629573,562.0,2025-11-03T09:34:12.735786,106.2,1762142652.635000,49,1,580,2025-11-03T09:34:12.736074,0.3,1762142651.826000,26,1,579,FALSE,FALSE,FALSE,FALSE,
564,2025-11-03T09:34:13.629577,563.0,2025-11-03T09:34:13.737370,107.8,1762142653.637000,50,1,581,2025-11-03T09:34:13.737666,0.3,1762142652.828000,26,1,580,FALSE,FALSE,FALSE,FALSE,
565,2025-11-03T09:34:14.629569,564.0,2025-11-03T09:34:14.738993,109.4,1762142654.638000,49,1,582,2025-11-03T09:34:14.739364,0.4,1762142653.830000,26,1,581,FALSE,FALSE,FALSE,FALSE,
566,2025-11-03T09:34:15.629676,565.0,2025-11-03T09:34:15.740751,111.1,1762142655.640000,48,1,583,2025-11-03T09:34:15.741052,0.3,1762142654.831000,25,1,582,FALSE,FALSE,FALSE,FALSE,
567,2025-11-03T09:34:16.629567,566.0,2025-11-03T09:34:16.742188,112.6,1762142656.641000,50,1,584,2025-11-03T09:34:16.742502,0.3,1762142655.832000,25,1,583,FALSE,FALSE,FALSE,FALSE,
568,2025-11-03T09:34:17.629566,567.0,2025-11-03T09:34:17.744756,115.2,1762142657.644000,49,1,585,2025-11-03T09:34:17.745074,0.3,1762142656.834000,26,1,584,FALSE,FALSE,FALSE,FALSE,
569,2025-11-03T09:34:18.629574,568.0,2025-11-03T09:34:18.746280,116.7,1762142658.646000,49,1,586,2025-11-03T09:34:18.746592,0.3,1762142657.834000,26,1,585,FALSE,FALSE,FALSE,FALSE,
570,2025-11-03T09:34:19.629576,569.0,2025-11-03T09:34:19.747822,118.2,1762142659.647000,50,1,587,2025-11-03T09:34:19.748147,0.3,1762142658.837000,26,1,586,FALSE,FALSE,FALSE,FALSE,
571,2025-11-03T09:34:20.629565,570.0,2025-11-03T09:34:20.749525,120.0,1762142660.649000,48,1,588,2025-11-03T09:34:20.749885,0.3,1762142659.839000,26,1,587,FALSE,FALSE,FALSE,FALSE,
572,2025-11-03T09:34:21.629566,571.0,2025-11-03T09:34:21.752204,122.6,1762142661.651000,50,1,589,2025-11-03T09:34:21.752565,0.3,1762142660.841000,26,1,588,FALSE,FALSE,FALSE,FALSE,
573,2025-11-03T09:34:22.629566,572.0,2025-11-03T09:34:22.754006,124.4,1762142662.654000,49,1,590,2025-11-03T09:34:22.754336,0.3,1762142661.843000,26,1,589,FALSE,FALSE,FALSE,FALSE,
574,2025-11-03T09:34:23.629567,573.0,2025-11-03T09:34:23.755539,126.0,1762142663.655000,49,1,591,2025-11-03T09:34:23.755866,0.3,1762142662.845000,27,1,590,FALSE,FALSE,FALSE,FALSE,
575,2025-11-03T09:34:24.629541,574.0,2025-11-03T09:34:24.756785,127.2,1762142664.656000,50,1,592,2025-11-03T09:34:24.757111,0.3,1762142663.846000,26,1,591,FALSE,FALSE,FALSE,FALSE,
576,2025-11-03T09:34:25.629570,575.0,2025-11-03T09:34:25.758153,128.6,1762142665.658000,48,1,593,2025-11-03T09:34:25.758494,0.3,1762142664.847000,26,1,592,FALSE,FALSE,FALSE,FALSE,
577,2025-11-03T09:34:26.629558,576.0,2025-11-03T09:34:26.759383,129.8,1762142666.659000,49,1,594,2025-11-03T09:34:26.759696,0.3,1762142665.849000,26,1,593,FALSE,FALSE,FALSE,FALSE,
578,2025-11-03T09:34:27.629571,577.0,2025-11-03T09:34:27.761010,131.4,1762142667.660000,49,1,595,2025-11-03T09:34:27.761344,0.3,1762142666.850000,26,1,594,FALSE,FALSE,FALSE,FALSE,
579,2025-11-03T09:34:28.629567,578.0,2025-11-03T09:34:28.762472,132.9,1762142668.662000,48,1,596,2025-11-03T09:34:28.763076,0.6,1762142667.852000,26,1,595,FALSE,FALSE,FALSE,FALSE,
580,2025-11-03T09:34:29.629563,579.0,2025-11-03T09:34:29.763779,134.2,1762142669.663000,50,1,597,2025-11-03T09:34:29.764084,0.3,1762142668.853000,26,1,596,FALSE,FALSE,FALSE,FALSE,
581,2025-11-03T09:34:30.629564,580.0,2025-11-03T09:34:30.765205,135.6,1762142670.665000,50,1,598,2025-11-03T09:34:30.765569,0.3,1762142669.854000,26,1,597,FALSE,FALSE,FALSE,FALSE,
582,2025-11-03T09:34:31.629575,581.0,2025-11-03T09:34:31.766702,137.1,1762142671.666000,49,1,599,2025-11-03T09:34:31.767054,0.3,1762142670.855000,26,1,598,FALSE,FALSE,FALSE,FALSE,
583,2025-11-03T09:34:32.629564,582.0,2025-11-03T09:34:32.768886,139.3,1762142672.668000,50,1,600,2025-11-03T09:34:32.769213,0.3,1762142671.856000,26,1,599,FALSE,FALSE,FALSE,FALSE,
584,2025-11-03T09:34:33.629563,583.0,2025-11-03T09:34:33.770478,140.9,1762142673.670000,48,1,601,2025-11-03T09:34:33.770788,0.3,1762142672.858000,26,1,600,FALSE,FALSE,FALSE,FALSE,
585,2025-11-03T09:34:34.629563,584.0,2025-11-03T09:34:34.772199,142.6,1762142674.672000,49,1,602,2025-11-03T09:34:34.772504,0.3,1762142673.860000,26,1,601,FALSE,FALSE,FALSE,FALSE,
586,2025-11-03T09:34:35.629573,585.0,2025-11-03T09:34:35.773534,144.0,1762142675.673000,50,1,603,2025-11-03T09:34:35.773864,0.3,1762142674.861000,25,1,602,FALSE,FALSE,FALSE,FALSE,
587,2025-11-03T09:34:36.629566,586.0,2025-11-03T09:34:36.774979,145.4,1762142676.674000,49,1,604,2025-11-03T09:34:36.775290,0.3,1762142675.862000,26,1,603,FALSE,FALSE,FALSE,FALSE,
588,2025-11-03T09:34:37.629560,587.0,2025-11-03T09:34:37.776468,146.9,1762142677.676000,50,1,605,2025-11-03T09:34:37.777023,0.5,1762142676.863000,26,1,604,FALSE,FALSE,FALSE,FALSE,
589,2025-11-03T09:34:38.629564,588.0,2025-11-03T09:34:38.777792,148.2,1762142678.677000,49,1,606,2025-11-03T09:34:38.778128,0.3,1762142677.865000,26,1,605,FALSE,FALSE,FALSE,FALSE,
590,2025-11-03T09:34:39.629567,589.0,2025-11-03T09:34:39.779295,149.8,1762142679.679000,49,1,607,2025-11-03T09:34:39.779663,0.3,1762142678.867000,26,1,606,FALSE,FALSE,FALSE,FALSE,
591,2025-11-03T09:34:40.629566,590.0,2025-11-03T09:34:40.780776,151.2,1762142680.680000,49,1,608,2025-11-03T09:34:40.781066,0.3,1762142679.869000,26,1,607,FALSE,FALSE,FALSE,FALSE,
592,2025-11-03T09:34:41.629572,591.0,2025-11-03T09:34:41.782523,152.9,1762142681.681000,50,1,609,2025-11-03T09:34:41.782824,0.3,1762142680.870000,26,1,608,FALSE,FALSE,FALSE,FALSE,
593,2025-11-03T09:34:42.629562,592.0,2025-11-03T09:34:42.783972,154.4,1762142682.683000,49,1,610,2025-11-03T09:34:42.784320,0.3,1762142681.872000,26,1,609,FALSE,FALSE,FALSE,FALSE,
594,2025-11-03T09:34:43.629578,593.0,2025-11-03T09:34:43.785567,156.0,1762142683.685000,49,1,611,2025-11-03T09:34:43.785902,0.3,1762142682.873000,26,1,610,FALSE,FALSE,FALSE,FALSE,
595,2025-11-03T09:34:44.629632,594.0,2025-11-03T09:34:44.786964,157.3,1762142684.687000,50,1,612,2025-11-03T09:34:44.787354,0.4,1762142683.874000,26,1,611,FALSE,FALSE,FALSE,FALSE,
596,2025-11-03T09:34:45.629567,595.0,2025-11-03T09:34:45.790079,160.5,1762142685.688000,50,1,613,2025-11-03T09:34:45.790427,0.3,1762142684.876000,25,1,612,FALSE,FALSE,FALSE,FALSE,
597,2025-11-03T09:34:46.629572,596.0,2025-11-03T09:34:46.792475,162.9,1762142686.691000,50,1,614,2025-11-03T09:34:46.792832,0.3,1762142685.877000,26,1,613,FALSE,FALSE,FALSE,FALSE,
598,2025-11-03T09:34:47.629698,597.0,2025-11-03T09:34:47.793762,164.1,1762142687.693000,48,1,615,2025-11-03T09:34:47.794224,0.4,1762142686.878000,26,1,614,FALSE,FALSE,FALSE,FALSE,
599,2025-11-03T09:34:48.629571,598.0,2025-11-03T09:34:48.795387,165.8,1762142688.695000,48,1,616,2025-11-03T09:34:48.795728,0.3,1762142687.879000,26,1,615,FALSE,FALSE,FALSE,FALSE,
600,2025-11-03T09:34:49.629561,599.0,2025-11-03T09:34:49.797034,167.5,1762142689.696000,50,1,617,2025-11-03T09:34:49.797347,0.3,1762142688.881000,26,1,616,FALSE,FALSE,FALSE,FALSE,
601,2025-11-03T09:34:50.629559,600.0,2025-11-03T09:34:50.798997,169.4,1762142690.698000,50,1,618,2025-11-03T09:34:50.799356,0.3,1762142689.882000,26,1,617,FALSE,FALSE,FALSE,FALSE,
602,2025-11-03T09:34:51.629570,601.0,2025-11-03T09:34:51.801046,171.5,1762142691.700000,48,1,619,2025-11-03T09:34:51.801343,0.3,1762142690.884000,27,1,618,FALSE,FALSE,FALSE,FALSE,
603,2025-11-03T09:34:52.629559,602.0,2025-11-03T09:34:52.802704,173.1,1762142692.702000,49,1,620,2025-11-03T09:34:52.803024,0.3,1762142691.885000,26,1,619,FALSE,FALSE,FALSE,FALSE,
604,2025-11-03T09:34:53.629560,603.0,2025-11-03T09:34:53.803850,174.3,1762142693.703000,49,1,621,2025-11-03T09:34:53.804173,0.3,1762142692.887000,26,1,620,FALSE,FALSE,FALSE,FALSE,
605,2025-11-03T09:34:54.629561,604.0,2025-11-03T09:34:54.805320,175.8,1762142694.705000,48,1,622,2025-11-03T09:34:54.805619,0.3,1762142693.888000,26,1,621,FALSE,FALSE,FALSE,FALSE,
606,2025-11-03T09:34:55.629576,605.0,2025-11-03T09:34:55.806993,177.4,1762142695.706000,49,1,623,2025-11-03T09:34:55.807414,0.4,1762142694.890000,26,1,622,FALSE,FALSE,FALSE,FALSE,
607,2025-11-03T09:34:56.629567,606.0,2025-11-03T09:34:56.807994,178.4,1762142696.707000,49,1,624,2025-11-03T09:34:56.808312,0.3,1762142695.891000,26,1,623,FALSE,FALSE,FALSE,FALSE,
608,2025-11-03T09:34:57.629660,607.0,2025-11-03T09:34:57.809309,179.6,1762142697.708000,49,1,625,2025-11-03T09:34:57.809679,0.4,1762142696.892000,26,1,624,FALSE,FALSE,FALSE,FALSE,
609,2025-11-03T09:34:58.629568,608.0,2025-11-03T09:34:58.810548,181.0,1762142698.710000,49,1,626,2025-11-03T09:34:58.810888,0.3,1762142697.894000,26,1,625,FALSE,FALSE,FALSE,FALSE,
610,2025-11-03T09:34:59.629564,609.0,2025-11-03T09:34:59.812031,182.5,1762142699.711000,50,1,627,2025-11-03T09:34:59.812346,0.3,1762142698.895000,26,1,626,FALSE,FALSE,FALSE,FALSE,
611,2025-11-03T09:35:00.629562,610.0,2025-11-03T09:35:00.813619,184.1,1762142700.713000,50,1,628,2025-11-03T09:35:00.813933,0.3,1762142699.896000,26,1,627,FALSE,FALSE,FALSE,FALSE,
612,2025-11-03T09:35:01.629564,611.0,2025-11-03T09:35:01.814919,185.3,1762142701.715000,48,1,629,2025-11-03T09:35:01.815250,0.3,1762142700.897000,26,1,628,FALSE,FALSE,FALSE,FALSE,
613,2025-11-03T09:35:02.629565,612.0,2025-11-03T09:35:02.816524,187.0,1762142702.716000,49,1,630,2025-11-03T09:35:02.816836,0.3,1762142701.899000,26,1,629,FALSE,FALSE,FALSE,FALSE,
614,2025-11-03T09:35:03.629568,613.0,2025-11-03T09:35:03.819166,189.6,1762142703.718000,49,1,631,2025-11-03T09:35:03.819562,0.4,1762142702.900000,26,1,630,FALSE,FALSE,FALSE,FALSE,
615,2025-11-03T09:35:04.629614,614.0,2025-11-03T09:35:04.821507,191.9,1762142704.720000,49,1,632,2025-11-03T09:35:04.821857,0.3,1762142703.901000,26,1,631,FALSE,FALSE,FALSE,FALSE,
616,2025-11-03T09:35:05.629563,615.0,2025-11-03T09:35:05.822567,193.0,1762142705.722000,50,1,633,2025-11-03T09:35:05.822886,0.3,1762142704.903000,26,1,632,FALSE,FALSE,FALSE,FALSE,
617,2025-11-03T09:35:06.629565,616.0,2025-11-03T09:35:06.823856,194.3,1762142706.723000,48,1,634,2025-11-03T09:35:06.824217,0.3,1762142705.904000,26,1,633,FALSE,FALSE,FALSE,FALSE,
618,2025-11-03T09:35:07.629570,617.0,2025-11-03T09:35:07.825459,195.9,1762142707.725000,50,1,635,2025-11-03T09:35:07.825799,0.3,1762142706.906000,26,1,634,FALSE,FALSE,FALSE,FALSE,
619,2025-11-03T09:35:08.629558,618.0,2025-11-03T09:35:08.826863,197.3,1762142708.726000,49,1,636,2025-11-03T09:35:08.827192,0.3,1762142707.907000,26,1,635,FALSE,FALSE,FALSE,FALSE,
620,2025-11-03T09:35:09.629557,619.0,2025-11-03T09:35:09.828265,198.7,1762142709.728000,49,1,637,2025-11-03T09:35:09.828595,0.3,1762142708.909000,26,1,636,FALSE,FALSE,FALSE,FALSE,
621,2025-11-03T09:35:10.629572,620.0,2025-11-03T09:35:10.829652,200.1,1762142710.729000,50,1,638,2025-11-03T09:35:10.829993,0.3,1762142709.912000,26,1,637,FALSE,FALSE,FALSE,FALSE,
622,2025-11-03T09:35:11.629570,621.0,2025-11-03T09:35:11.731131,101.6,1762142711.630000,44,1,639,2025-11-03T09:35:11.731470,0.3,1762142710.914000,26,1,638,FALSE,FALSE,FALSE,FALSE,
623,2025-11-03T09:35:12.629577,622.0,2025-11-03T09:35:12.732664,103.1,1762142712.632000,49,1,640,2025-11-03T09:35:12.732990,0.3,1762142711.815000,24,1,639,FALSE,FALSE,FALSE,FALSE,
624,2025-11-03T09:35:13.629581,623.0,2025-11-03T09:35:13.734485,104.9,1762142713.634000,49,1,641,2025-11-03T09:35:13.734855,0.4,1762142712.817000,26,1,640,FALSE,FALSE,FALSE,FALSE,
625,2025-11-03T09:35:14.629567,624.0,2025-11-03T09:35:14.735430,105.9,1762142714.635000,49,1,642,2025-11-03T09:35:14.735755,0.3,1762142713.819000,26,1,641,FALSE,FALSE,FALSE,FALSE,
626,2025-11-03T09:35:15.629573,625.0,2025-11-03T09:35:15.736706,107.1,1762142715.636000,49,1,643,2025-11-03T09:35:15.737010,0.3,1762142714.821000,26,1,642,FALSE,FALSE,FALSE,FALSE,
627,2025-11-03T09:35:16.629568,626.0,2025-11-03T09:35:16.737919,108.3,1762142716.637000,49,1,644,2025-11-03T09:35:16.738219,0.3,1762142715.822000,26,1,643,FALSE,FALSE,FALSE,FALSE,
628,2025-11-03T09:35:17.629567,627.0,2025-11-03T09:35:17.739101,109.5,1762142717.639000,50,1,645,2025-11-03T09:35:17.739474,0.4,1762142716.824000,26,1,644,FALSE,FALSE,FALSE,FALSE,
629,2025-11-03T09:35:18.629567,628.0,2025-11-03T09:35:18.740395,110.8,1762142718.640000,49,1,646,2025-11-03T09:35:18.740691,0.3,1762142717.826000,26,1,645,FALSE,FALSE,FALSE,FALSE,
630,2025-11-03T09:35:19.629572,629.0,2025-11-03T09:35:19.741990,112.4,1762142719.641000,49,1,647,2025-11-03T09:35:19.742326,0.3,1762142718.827000,26,1,646,FALSE,FALSE,FALSE,FALSE,
631,2025-11-03T09:35:20.629574,630.0,2025-11-03T09:35:20.744076,114.5,1762142720.643000,48,1,648,2025-11-03T09:35:20.744381,0.3,1762142719.829000,26,1,647,FALSE,FALSE,FALSE,FALSE,
632,2025-11-03T09:35:21.629569,631.0,2025-11-03T09:35:21.745700,116.1,1762142721.645000,49,1,649,2025-11-03T09:35:21.746060,0.3,1762142720.830000,26,1,648,FALSE,FALSE,FALSE,FALSE,
633,2025-11-03T09:35:22.629568,632.0,2025-11-03T09:35:22.748036,118.5,1762142722.647000,50,1,650,2025-11-03T09:35:22.748388,0.3,1762142721.831000,26,1,649,FALSE,FALSE,FALSE,FALSE,
634,2025-11-03T09:35:23.629575,633.0,2025-11-03T09:35:23.749334,119.8,1762142723.648000,49,1,651,2025-11-03T09:35:23.749636,0.3,1762142722.833000,26,1,650,FALSE,FALSE,FALSE,FALSE,
635,2025-11-03T09:35:24.629576,634.0,2025-11-03T09:35:24.750650,121.1,1762142724.650000,49,1,652,2025-11-03T09:35:24.750981,0.3,1762142723.834000,26,1,651,FALSE,FALSE,FALSE,FALSE,
636,2025-11-03T09:35:25.629628,635.0,2025-11-03T09:35:25.752145,122.5,1762142725.651000,48,1,653,2025-11-03T09:35:25.752473,0.3,1762142724.836000,25,1,652,FALSE,FALSE,FALSE,FALSE,
637,2025-11-03T09:35:26.629570,636.0,2025-11-03T09:35:26.753384,123.8,1762142726.653000,50,1,654,2025-11-03T09:35:26.753899,0.5,1762142725.837000,26,1,653,FALSE,FALSE,FALSE,FALSE,
638,2025-11-03T09:35:27.629574,637.0,2025-11-03T09:35:27.754714,125.1,1762142727.654000,48,1,655,2025-11-03T09:35:27.755047,0.3,1762142726.839000,26,1,654,FALSE,FALSE,FALSE,FALSE,
639,2025-11-03T09:35:28.629574,638.0,2025-11-03T09:35:28.755989,126.4,1762142728.655000,49,1,656,2025-11-03T09:35:28.756292,0.3,1762142727.840000,27,1,655,FALSE,FALSE,FALSE,FALSE,
640,2025-11-03T09:35:29.629572,639.0,2025-11-03T09:35:29.757429,127.9,1762142729.656000,49,1,657,2025-11-03T09:35:29.757745,0.3,1762142728.841000,26,1,656,FALSE,FALSE,FALSE,FALSE,
641,2025-11-03T09:35:30.629573,640.0,2025-11-03T09:35:30.760281,130.7,1762142730.659000,48,1,658,2025-11-03T09:35:30.760602,0.3,1762142729.843000,26,1,657,FALSE,FALSE,FALSE,FALSE,
642,2025-11-03T09:35:31.629574,641.0,2025-11-03T09:35:31.762043,132.5,1762142731.661000,49,1,659,2025-11-03T09:35:31.762372,0.3,1762142730.844000,26,1,658,FALSE,FALSE,FALSE,FALSE,
643,2025-11-03T09:35:32.629572,642.0,2025-11-03T09:35:32.764979,135.4,1762142732.663000,49,1,660,2025-11-03T09:35:32.765274,0.3,1762142731.845000,26,1,659,FALSE,FALSE,FALSE,FALSE,
644,2025-11-03T09:35:33.629572,643.0,2025-11-03T09:35:33.767143,137.6,1762142733.666000,48,1,661,2025-11-03T09:35:33.767501,0.3,1762142732.846000,26,1,660,FALSE,FALSE,FALSE,FALSE,
645,2025-11-03T09:35:34.629570,644.0,2025-11-03T09:35:34.768665,139.1,1762142734.668000,50,1,662,2025-11-03T09:35:34.769017,0.3,1762142733.848000,26,1,661,FALSE,FALSE,FALSE,FALSE,
646,2025-11-03T09:35:35.629566,645.0,2025-11-03T09:35:35.770144,140.6,1762142735.670000,49,1,663,2025-11-03T09:35:35.770469,0.3,1762142734.849000,26,1,662,FALSE,FALSE,FALSE,FALSE,
647,2025-11-03T09:35:36.629568,646.0,2025-11-03T09:35:36.771725,142.2,1762142736.671000,50,1,664,2025-11-03T09:35:36.772041,0.3,1762142735.850000,26,1,663,FALSE,FALSE,FALSE,FALSE,
648,2025-11-03T09:35:37.629603,647.0,2025-11-03T09:35:37.773331,143.7,1762142737.673000,49,1,665,2025-11-03T09:35:37.773651,0.3,1762142736.852000,26,1,664,FALSE,FALSE,FALSE,FALSE,
649,2025-11-03T09:35:38.629572,648.0,2025-11-03T09:35:38.774901,145.3,1762142738.674000,48,1,666,2025-11-03T09:35:38.775224,0.3,1762142737.854000,26,1,665,FALSE,FALSE,FALSE,FALSE,
650,2025-11-03T09:35:39.629571,649.0,2025-11-03T09:35:39.776682,147.1,1762142739.676000,49,1,667,2025-11-03T09:35:39.782611,5.9,1762142738.855000,26,1,666,FALSE,FALSE,FALSE,FALSE,
651,2025-11-03T09:35:40.629571,650.0,2025-11-03T09:35:40.778431,148.9,1762142740.677000,51,1,668,2025-11-03T09:35:40.778767,0.3,1762142739.857000,26,1,667,FALSE,FALSE,FALSE,FALSE,
652,2025-11-03T09:35:41.629570,651.0,2025-11-03T09:35:41.780341,150.8,1762142741.680000,49,1,669,2025-11-03T09:35:41.780634,0.3,1762142740.858000,26,1,668,FALSE,FALSE,FALSE,FALSE,
653,2025-11-03T09:35:42.629568,652.0,2025-11-03T09:35:42.781870,152.3,1762142742.681000,49,1,670,2025-11-03T09:35:42.782370,0.5,1762142741.859000,26,1,669,FALSE,FALSE,FALSE,FALSE,
654,2025-11-03T09:35:43.629574,653.0,2025-11-03T09:35:43.783176,153.6,1762142743.683000,49,1,671,2025-11-03T09:35:43.783551,0.4,1762142742.861000,26,1,670,FALSE,FALSE,FALSE,FALSE,
655,2025-11-03T09:35:44.629569,654.0,2025-11-03T09:35:44.784684,155.1,1762142744.684000,48,1,672,2025-11-03T09:35:44.785001,0.3,1762142743.862000,26,1,671,FALSE,FALSE,FALSE,FALSE,
656,2025-11-03T09:35:45.629572,655.0,2025-11-03T09:35:45.786079,156.5,1762142745.686000,48,1,673,2025-11-03T09:35:45.786388,0.3,1762142744.864000,26,1,672,FALSE,FALSE,FALSE,FALSE,
657,2025-11-03T09:35:46.629568,656.0,2025-11-03T09:35:46.787501,157.9,1762142746.687000,49,1,674,2025-11-03T09:35:46.787817,0.3,1762142745.865000,26,1,673,FALSE,FALSE,FALSE,FALSE,
658,2025-11-03T09:35:47.629572,657.0,2025-11-03T09:35:47.788844,159.3,1762142747.688000,49,1,675,2025-11-03T09:35:47.789179,0.3,1762142746.867000,26,1,674,FALSE,FALSE,FALSE,FALSE,
659,2025-11-03T09:35:48.629573,658.0,2025-11-03T09:35:48.790168,160.6,1762142748.689000,48,1,676,2025-11-03T09:35:48.790747,0.6,1762142747.869000,25,1,675,FALSE,FALSE,FALSE,FALSE,
660,2025-11-03T09:35:49.629575,659.0,2025-11-03T09:35:49.791749,162.2,1762142749.691000,49,1,677,2025-11-03T09:35:49.792069,0.3,1762142748.870000,26,1,676,FALSE,FALSE,FALSE,FALSE,
661,2025-11-03T09:35:50.629570,660.0,2025-11-03T09:35:50.793074,163.5,1762142750.693000,49,1,678,2025-11-03T09:35:50.793401,0.3,1762142749.871000,26,1,677,FALSE,FALSE,FALSE,FALSE,
662,2025-11-03T09:35:51.629568,661.0,2025-11-03T09:35:51.794600,165.0,1762142751.694000,47,1,679,2025-11-03T09:35:51.794924,0.3,1762142750.872000,26,1,678,FALSE,FALSE,FALSE,FALSE,
663,2025-11-03T09:35:52.629569,662.0,2025-11-03T09:35:52.796021,166.4,1762142752.695000,49,1,680,2025-11-03T09:35:52.796399,0.4,1762142751.873000,26,1,679,FALSE,FALSE,FALSE,FALSE,
664,2025-11-03T09:35:53.629566,663.0,2025-11-03T09:35:53.797526,168.0,1762142753.697000,49,1,681,2025-11-03T09:35:53.797846,0.3,1762142752.875000,26,1,680,FALSE,FALSE,FALSE,FALSE,
665,2025-11-03T09:35:54.629567,664.0,2025-11-03T09:35:54.798998,169.4,1762142754.699000,49,1,682,2025-11-03T09:35:54.799347,0.3,1762142753.876000,26,1,681,FALSE,FALSE,FALSE,FALSE,
666,2025-11-03T09:35:55.629577,665.0,2025-11-03T09:35:55.800231,170.6,1762142755.699000,49,1,683,2025-11-03T09:35:55.800560,0.3,1762142754.878000,26,1,682,FALSE,FALSE,FALSE,FALSE,
667,2025-11-03T09:35:56.629574,666.0,2025-11-03T09:35:56.801418,171.8,1762142756.701000,49,1,684,2025-11-03T09:35:56.801733,0.3,1762142755.879000,27,1,683,FALSE,FALSE,FALSE,FALSE,
668,2025-11-03T09:35:57.629563,667.0,2025-11-03T09:35:57.802693,173.1,1762142757.702000,50,1,685,2025-11-03T09:35:57.803362,0.7,1762142756.880000,26,1,684,FALSE,FALSE,FALSE,FALSE,
669,2025-11-03T09:35:58.629565,668.0,2025-11-03T09:35:58.804067,174.5,1762142758.704000,49,1,686,2025-11-03T09:35:58.804383,0.3,1762142757.882000,26,1,685,FALSE,FALSE,FALSE,FALSE,
670,2025-11-03T09:35:59.629565,669.0,2025-11-03T09:35:59.805467,175.9,1762142759.705000,50,1,687,2025-11-03T09:35:59.805766,0.3,1762142758.883000,26,1,686,FALSE,FALSE,FALSE,FALSE,
671,2025-11-03T09:36:00.629570,670.0,2025-11-03T09:36:00.807089,177.5,1762142760.707000,49,1,688,2025-11-03T09:36:00.807477,0.4,1762142759.884000,26,1,687,FALSE,FALSE,FALSE,FALSE,
672,2025-11-03T09:36:01.629576,671.0,2025-11-03T09:36:01.808455,178.9,1762142761.708000,49,1,689,2025-11-03T09:36:01.808782,0.3,1762142760.886000,26,1,688,FALSE,FALSE,FALSE,FALSE,
673,2025-11-03T09:36:02.629567,672.0,2025-11-03T09:36:02.810554,181.0,1762142762.709000,49,1,690,2025-11-03T09:36:02.810932,0.4,1762142761.887000,26,1,689,FALSE,FALSE,FALSE,FALSE,
674,2025-11-03T09:36:03.629566,673.0,2025-11-03T09:36:03.812421,182.9,1762142763.712000,49,1,691,2025-11-03T09:36:03.812731,0.3,1762142762.888000,26,1,690,FALSE,FALSE,FALSE,FALSE,
675,2025-11-03T09:36:04.629580,674.0,2025-11-03T09:36:04.813980,184.4,1762142764.713000,49,1,692,2025-11-03T09:36:04.814301,0.3,1762142763.889000,25,1,691,FALSE,FALSE,FALSE,FALSE,
676,2025-11-03T09:36:05.629572,675.0,2025-11-03T09:36:05.815570,186.0,1762142765.714000,50,1,693,2025-11-03T09:36:05.815891,0.3,1762142764.891000,26,1,692,FALSE,FALSE,FALSE,FALSE,
677,2025-11-03T09:36:06.629574,676.0,2025-11-03T09:36:06.818405,188.8,1762142766.717000,48,1,694,2025-11-03T09:36:06.818746,0.3,1762142765.892000,26,1,693,FALSE,FALSE,FALSE,FALSE,
678,2025-11-03T09:36:07.629580,677.0,2025-11-03T09:36:07.820156,190.6,1762142767.719000,50,1,695,2025-11-03T09:36:07.820456,0.3,1762142766.893000,26,1,694,FALSE,FALSE,FALSE,FALSE,
679,2025-11-03T09:36:08.629571,678.0,2025-11-03T09:36:08.821928,192.4,1762142768.721000,49,1,696,2025-11-03T09:36:08.822252,0.3,1762142767.894000,26,1,695,FALSE,FALSE,FALSE,FALSE,
680,2025-11-03T09:36:09.629573,679.0,2025-11-03T09:36:09.824002,194.4,1762142769.723000,48,1,697,2025-11-03T09:36:09.824297,0.3,1762142768.896000,26,1,696,FALSE,FALSE,FALSE,FALSE,
681,2025-11-03T09:36:10.629566,680.0,2025-11-03T09:36:10.826045,196.5,1762142770.725000,48,1,698,2025-11-03T09:36:10.826371,0.3,1762142769.897000,26,1,697,FALSE,FALSE,FALSE,FALSE,
682,2025-11-03T09:36:11.629567,681.0,2025-11-03T09:36:11.829005,199.4,1762142771.727000,50,1,699,2025-11-03T09:36:11.829333,0.3,1762142770.898000,26,1,698,FALSE,FALSE,FALSE,FALSE,
683,2025-11-03T09:36:12.629573,682.0,2025-11-03T09:36:12.730659,101.1,1762142772.630000,44,1,700,2025-11-03T09:36:12.730954,0.3,1762142771.899000,25,1,699,FALSE,FALSE,FALSE,FALSE,
684,2025-11-03T09:36:13.629573,683.0,2025-11-03T09:36:13.732098,102.5,1762142773.631000,50,1,701,2025-11-03T09:36:13.732417,0.3,1762142772.801000,24,1,700,FALSE,FALSE,FALSE,FALSE,
685,2025-11-03T09:36:14.629572,684.0,2025-11-03T09:36:14.734254,104.7,1762142774.633000,49,1,702,2025-11-03T09:36:14.734579,0.3,1762142773.803000,26,1,701,FALSE,FALSE,FALSE,FALSE,
686,2025-11-03T09:36:15.629568,685.0,2025-11-03T09:36:15.737021,107.5,1762142775.635000,49,1,703,2025-11-03T09:36:15.737384,0.3,1762142774.803000,26,1,702,FALSE,FALSE,FALSE,FALSE,
687,2025-11-03T09:36:16.629574,686.0,2025-11-03T09:36:16.738812,109.2,1762142776.637000,49,1,704,2025-11-03T09:36:16.739128,0.3,1762142775.805000,26,1,703,FALSE,FALSE,FALSE,FALSE,
688,2025-11-03T09:36:17.629572,687.0,2025-11-03T09:36:17.740201,110.6,1762142777.640000,49,1,705,2025-11-03T09:36:17.740522,0.3,1762142776.806000,26,1,704,FALSE,FALSE,FALSE,FALSE,
689,2025-11-03T09:36:18.629564,688.0,2025-11-03T09:36:18.741406,111.8,1762142778.641000,48,1,706,2025-11-03T09:36:18.741719,0.3,1762142777.808000,26,1,705,FALSE,FALSE,FALSE,FALSE,
690,2025-11-03T09:36:19.629574,689.0,2025-11-03T09:36:19.742838,113.3,1762142779.642000,50,1,707,2025-11-03T09:36:19.743159,0.3,1762142778.810000,26,1,706,FALSE,FALSE,FALSE,FALSE,
691,2025-11-03T09:36:20.629567,690.0,2025-11-03T09:36:20.744037,114.5,1762142780.643000,49,1,708,2025-11-03T09:36:20.744353,0.3,1762142779.811000,26,1,707,FALSE,FALSE,FALSE,FALSE,
692,2025-11-03T09:36:21.629574,691.0,2025-11-03T09:36:21.746195,116.6,1762142781.646000,49,1,709,2025-11-03T09:36:21.746509,0.3,1762142780.812000,26,1,708,FALSE,FALSE,FALSE,FALSE,
693,2025-11-03T09:36:22.629574,692.0,2025-11-03T09:36:22.747697,118.1,1762142782.647000,49,1,710,2025-11-03T09:36:22.748015,0.3,1762142781.814000,26,1,709,FALSE,FALSE,FALSE,FALSE,
694,2025-11-03T09:36:23.629567,693.0,2025-11-03T09:36:23.749162,119.6,1762142783.649000,48,1,711,2025-11-03T09:36:23.749464,0.3,1762142782.815000,26,1,710,FALSE,FALSE,FALSE,FALSE,
695,2025-11-03T09:36:24.629574,694.0,2025-11-03T09:36:24.750754,121.2,1762142784.650000,48,1,712,2025-11-03T09:36:24.751168,0.4,1762142783.817000,26,1,711,FALSE,FALSE,FALSE,FALSE,
696,2025-11-03T09:36:25.629572,695.0,2025-11-03T09:36:25.752015,122.4,1762142785.652000,50,1,713,2025-11-03T09:36:25.752388,0.4,1762142784.818000,26,1,712,FALSE,FALSE,FALSE,FALSE,
697,2025-11-03T09:36:26.629576,696.0,2025-11-03T09:36:26.753688,124.1,1762142786.653000,50,1,714,2025-11-03T09:36:26.753997,0.3,1762142785.820000,26,1,713,FALSE,FALSE,FALSE,FALSE,
698,2025-11-03T09:36:27.629574,697.0,2025-11-03T09:36:27.755242,125.7,1762142787.654000,48,1,715,2025-11-03T09:36:27.755605,0.4,1762142786.821000,26,1,714,FALSE,FALSE,FALSE,FALSE,
699,2025-11-03T09:36:28.629578,698.0,2025-11-03T09:36:28.756682,127.1,1762142788.656000,49,1,716,2025-11-03T09:36:28.757012,0.3,1762142787.823000,26,1,715,FALSE,FALSE,FALSE,FALSE,
700,2025-11-03T09:36:29.629578,699.0,2025-11-03T09:36:29.758392,128.8,1762142789.657000,48,1,717,2025-11-03T09:36:29.758719,0.3,1762142788.825000,26,1,716,FALSE,FALSE,FALSE,FALSE,
701,2025-11-03T09:36:30.629572,700.0,2025-11-03T09:36:30.759677,130.1,1762142790.659000,49,1,718,2025-11-03T09:36:30.760015,0.3,1762142789.826000,26,1,717,FALSE,FALSE,FALSE,FALSE,
702,2025-11-03T09:36:31.629577,701.0,2025-11-03T09:36:31.761437,131.9,1762142791.660000,49,1,719,2025-11-03T09:36:31.761835,0.4,1762142790.827000,26,1,718,FALSE,FALSE,FALSE,FALSE,
703,2025-11-03T09:36:32.629575,702.0,2025-11-03T09:36:32.762766,133.2,1762142792.662000,50,1,720,2025-11-03T09:36:32.763114,0.3,1762142791.829000,26,1,719,FALSE,FALSE,FALSE,FALSE,
704,2025-11-03T09:36:33.629572,703.0,2025-11-03T09:36:33.764478,134.9,1762142793.664000,49,1,721,2025-11-03T09:36:33.764846,0.4,1762142792.830000,26,1,720,FALSE,FALSE,FALSE,FALSE,
705,2025-11-03T09:36:34.629573,704.0,2025-11-03T09:36:34.765497,135.9,1762142794.665000,49,1,722,2025-11-03T09:36:34.765807,0.3,1762142793.831000,26,1,721,FALSE,FALSE,FALSE,FALSE,
706,2025-11-03T09:36:35.629574,705.0,2025-11-03T09:36:35.766703,137.1,1762142795.666000,48,1,723,2025-11-03T09:36:35.767005,0.3,1762142794.832000,26,1,722,FALSE,FALSE,FALSE,FALSE,
707,2025-11-03T09:36:36.629574,706.0,2025-11-03T09:36:36.768253,138.7,1762142796.667000,49,1,724,2025-11-03T09:36:36.768558,0.3,1762142795.834000,26,1,723,FALSE,FALSE,FALSE,FALSE,
708,2025-11-03T09:36:37.629570,707.0,2025-11-03T09:36:37.769476,139.9,1762142797.669000,48,1,725,2025-11-03T09:36:37.769841,0.4,1762142796.835000,26,1,724,FALSE,FALSE,FALSE,FALSE,
709,2025-11-03T09:36:38.629568,708.0,2025-11-03T09:36:38.770752,141.2,1762142798.670000,49,1,726,2025-11-03T09:36:38.771074,0.3,1762142797.837000,27,1,725,FALSE,FALSE,FALSE,FALSE,
710,2025-11-03T09:36:39.629576,709.0,2025-11-03T09:36:39.772075,142.5,1762142799.672000,49,1,727,2025-11-03T09:36:39.772398,0.3,1762142798.838000,26,1,726,FALSE,FALSE,FALSE,FALSE,
711,2025-11-03T09:36:40.629580,710.0,2025-11-03T09:36:40.773454,143.9,1762142800.673000,48,1,728,2025-11-03T09:36:40.773772,0.3,1762142799.839000,26,1,727,FALSE,FALSE,FALSE,FALSE,
712,2025-11-03T09:36:41.629570,711.0,2025-11-03T09:36:41.774794,145.2,1762142801.674000,49,1,729,2025-11-03T09:36:41.775115,0.3,1762142800.842000,26,1,728,FALSE,FALSE,FALSE,FALSE,
713,2025-11-03T09:36:42.629571,712.0,2025-11-03T09:36:42.776408,146.8,1762142802.676000,49,1,730,2025-11-03T09:36:42.776756,0.3,1762142801.843000,26,1,729,FALSE,FALSE,FALSE,FALSE,
714,2025-11-03T09:36:43.629573,713.0,2025-11-03T09:36:43.777394,147.8,1762142803.677000,49,1,731,2025-11-03T09:36:43.777704,0.3,1762142802.845000,26,1,730,FALSE,FALSE,FALSE,FALSE,
715,2025-11-03T09:36:44.629574,714.0,2025-11-03T09:36:44.778597,149.0,1762142804.678000,49,1,732,2025-11-03T09:36:44.778918,0.3,1762142803.846000,26,1,731,FALSE,FALSE,FALSE,FALSE,
716,2025-11-03T09:36:45.629569,715.0,2025-11-03T09:36:45.779870,150.3,1762142805.679000,49,1,733,2025-11-03T09:36:45.780208,0.3,1762142804.847000,26,1,732,FALSE,FALSE,FALSE,FALSE,
717,2025-11-03T09:36:46.629573,716.0,2025-11-03T09:36:46.781462,151.9,1762142806.681000,48,1,734,2025-11-03T09:36:46.781766,0.3,1762142805.848000,26,1,733,FALSE,FALSE,FALSE,FALSE,
718,2025-11-03T09:36:47.629571,717.0,2025-11-03T09:36:47.782778,153.2,1762142807.683000,49,1,735,2025-11-03T09:36:47.783107,0.3,1762142806.850000,26,1,734,FALSE,FALSE,FALSE,FALSE,
719,2025-11-03T09:36:48.629571,718.0,2025-11-03T09:36:48.784058,154.5,1762142808.683000,50,1,736,2025-11-03T09:36:48.784353,0.3,1762142807.851000,26,1,735,FALSE,FALSE,FALSE,FALSE,
720,2025-11-03T09:36:49.629570,719.0,2025-11-03T09:36:49.785366,155.8,1762142809.684000,49,1,737,2025-11-03T09:36:49.785674,0.3,1762142808.852000,26,1,736,FALSE,FALSE,FALSE,FALSE,
721,2025-11-03T09:36:50.629571,720.0,2025-11-03T09:36:50.787140,157.6,1762142810.686000,50,1,738,2025-11-03T09:36:50.787516,0.4,1762142809.853000,26,1,737,FALSE,FALSE,FALSE,FALSE,
722,2025-11-03T09:36:51.629590,721.0,2025-11-03T09:36:51.788606,159.0,1762142811.688000,48,1,739,2025-11-03T09:36:51.788935,0.3,1762142810.855000,26,1,738,FALSE,FALSE,FALSE,FALSE,
723,2025-11-03T09:36:52.629579,722.0,2025-11-03T09:36:52.790093,160.5,1762142812.689000,49,1,740,2025-11-03T09:36:52.790411,0.3,1762142811.856000,26,1,739,FALSE,FALSE,FALSE,FALSE,
724,2025-11-03T09:36:53.629570,723.0,2025-11-03T09:36:53.791630,162.1,1762142813.691000,49,1,741,2025-11-03T09:36:53.791988,0.3,1762142812.858000,26,1,740,FALSE,FALSE,FALSE,FALSE,
725,2025-11-03T09:36:54.629577,724.0,2025-11-03T09:36:54.792971,163.4,1762142814.693000,49,1,742,2025-11-03T09:36:54.793307,0.3,1762142813.859000,26,1,741,FALSE,FALSE,FALSE,FALSE,
726,2025-11-03T09:36:55.629583,725.0,2025-11-03T09:36:55.794809,165.2,1762142815.694000,49,1,743,2025-11-03T09:36:55.795157,0.3,1762142814.860000,26,1,742,FALSE,FALSE,FALSE,FALSE,
727,2025-11-03T09:36:56.629568,726.0,2025-11-03T09:36:56.796527,167.0,1762142816.696000,50,1,744,2025-11-03T09:36:56.796867,0.3,1762142815.862000,26,1,743,FALSE,FALSE,FALSE,FALSE,
728,2025-11-03T09:36:57.629567,727.0,2025-11-03T09:36:57.798792,169.2,1762142817.698000,49,1,745,2025-11-03T09:36:57.799112,0.3,1762142816.863000,26,1,744,FALSE,FALSE,FALSE,FALSE,
729,2025-11-03T09:36:58.629572,728.0,2025-11-03T09:36:58.800183,170.6,1762142818.699000,50,1,746,2025-11-03T09:36:58.800527,0.3,1762142817.864000,26,1,745,FALSE,FALSE,FALSE,FALSE,
730,2025-11-03T09:36:59.629574,729.0,2025-11-03T09:36:59.801400,171.8,1762142819.701000,50,1,747,2025-11-03T09:36:59.801993,0.6,1762142818.866000,26,1,746,FALSE,FALSE,FALSE,FALSE,
731,2025-11-03T09:37:00.629591,730.0,2025-11-03T09:37:00.803064,173.5,1762142820.703000,49,1,748,2025-11-03T09:37:00.803424,0.3,1762142819.867000,26,1,747,FALSE,FALSE,FALSE,FALSE,
732,2025-11-03T09:37:01.629583,731.0,2025-11-03T09:37:01.804383,174.8,1762142821.704000,49,1,749,2025-11-03T09:37:01.804699,0.3,1762142820.868000,26,1,748,FALSE,FALSE,FALSE,FALSE,
733,2025-11-03T09:37:02.629569,732.0,2025-11-03T09:37:02.806065,176.5,1762142822.706000,49,1,750,2025-11-03T09:37:02.806358,0.3,1762142821.869000,26,1,749,FALSE,FALSE,FALSE,FALSE,
734,2025-11-03T09:37:03.629603,733.0,2025-11-03T09:37:03.807402,177.8,1762142823.707000,49,1,751,2025-11-03T09:37:03.807702,0.3,1762142822.871000,26,1,750,FALSE,FALSE,FALSE,FALSE,
735,2025-11-03T09:37:04.629571,734.0,2025-11-03T09:37:04.808595,179.0,1762142824.708000,49,1,752,2025-11-03T09:37:04.808911,0.3,1762142823.872000,26,1,751,FALSE,FALSE,FALSE,FALSE,
736,2025-11-03T09:37:05.629571,735.0,2025-11-03T09:37:05.809838,180.3,1762142825.709000,48,1,753,2025-11-03T09:37:05.810149,0.3,1762142824.874000,27,1,752,FALSE,FALSE,FALSE,FALSE,
737,2025-11-03T09:37:06.629566,736.0,2025-11-03T09:37:06.811929,182.4,1762142826.711000,50,1,754,2025-11-03T09:37:06.812239,0.3,1762142825.875000,26,1,753,FALSE,FALSE,FALSE,FALSE,
738,2025-11-03T09:37:07.629571,737.0,2025-11-03T09:37:07.813248,183.7,1762142827.712000,49,1,755,2025-11-03T09:37:07.813570,0.3,1762142826.876000,26,1,754,FALSE,FALSE,FALSE,FALSE,
739,2025-11-03T09:37:08.629569,738.0,2025-11-03T09:37:08.814893,185.3,1762142828.715000,49,1,756,2025-11-03T09:37:08.815604,0.7,1762142827.878000,26,1,755,FALSE,FALSE,FALSE,FALSE,
740,2025-11-03T09:37:09.629568,739.0,2025-11-03T09:37:09.816300,186.7,1762142829.716000,48,1,757,2025-11-03T09:37:09.816616,0.3,1762142828.880000,26,1,756,FALSE,FALSE,FALSE,FALSE,
741,2025-11-03T09:37:10.629571,740.0,2025-11-03T09:37:10.817614,188.0,1762142830.717000,49,1,758,2025-11-03T09:37:10.817945,0.3,1762142829.883000,26,1,757,FALSE,FALSE,FALSE,FALSE,
742,2025-11-03T09:37:11.629570,741.0,2025-11-03T09:37:11.820232,190.7,1762142831.720000,50,1,759,2025-11-03T09:37:11.820534,0.3,1762142830.884000,26,1,758,FALSE,FALSE,FALSE,FALSE,
743,2025-11-03T09:37:12.629566,742.0,2025-11-03T09:37:12.822928,193.4,1762142832.722000,50,1,760,2025-11-03T09:37:12.823241,0.3,1762142831.885000,26,1,759,FALSE,FALSE,FALSE,FALSE,
744,2025-11-03T09:37:13.629580,743.0,2025-11-03T09:37:13.824637,195.1,1762142833.724000,50,1,761,2025-11-03T09:37:13.824984,0.3,1762142832.886000,26,1,760,FALSE,FALSE,FALSE,FALSE,
745,2025-11-03T09:37:14.629577,744.0,2025-11-03T09:37:14.825859,196.3,1762142834.725000,49,1,762,2025-11-03T09:37:14.826150,0.3,1762142833.888000,26,1,761,FALSE,FALSE,FALSE,FALSE,
746,2025-11-03T09:37:15.629569,745.0,2025-11-03T09:37:15.827098,197.5,1762142835.727000,47,1,763,2025-11-03T09:37:15.827463,0.4,1762142834.889000,26,1,762,FALSE,FALSE,FALSE,FALSE,
747,2025-11-03T09:37:16.629572,746.0,2025-11-03T09:37:16.829008,199.4,1762142836.728000,48,1,764,2025-11-03T09:37:16.829322,0.3,1762142835.890000,26,1,763,FALSE,FALSE,FALSE,FALSE,
748,2025-11-03T09:37:17.629568,747.0,2025-11-03T09:37:17.830606,201.0,1762142837.730000,50,1,765,2025-11-03T09:37:17.830958,0.3,1762142836.892000,26,1,764,FALSE,FALSE,FALSE,FALSE,
749,2025-11-03T09:37:18.629571,748.0,2025-11-03T09:37:18.731812,102.2,1762142838.631000,44,1,766,2025-11-03T09:37:18.732147,0.3,1762142837.893000,26,1,765,FALSE,FALSE,FALSE,FALSE,
750,2025-11-03T09:37:19.629576,749.0,2025-11-03T09:37:19.734487,104.9,1762142839.633000,49,1,767,2025-11-03T09:37:19.734794,0.3,1762142838.794000,24,1,766,FALSE,FALSE,FALSE,FALSE,
751,2025-11-03T09:37:20.629568,750.0,2025-11-03T09:37:20.735677,106.1,1762142840.635000,49,1,768,2025-11-03T09:37:20.735971,0.3,1762142839.796000,26,1,767,FALSE,FALSE,FALSE,FALSE,
752,2025-11-03T09:37:21.629564,751.0,2025-11-03T09:37:21.737563,108.0,1762142841.637000,49,1,769,2025-11-03T09:37:21.737879,0.3,1762142840.796000,26,1,768,FALSE,FALSE,FALSE,FALSE,
753,2025-11-03T09:37:22.629563,752.0,2025-11-03T09:37:22.739171,109.6,1762142842.639000,49,1,770,2025-11-03T09:37:22.739546,0.4,1762142841.798000,26,1,769,FALSE,FALSE,FALSE,FALSE,
754,2025-11-03T09:37:23.629571,753.0,2025-11-03T09:37:23.740443,110.9,1762142843.640000,50,1,771,2025-11-03T09:37:23.740748,0.3,1762142842.800000,26,1,770,FALSE,FALSE,FALSE,FALSE,
755,2025-11-03T09:37:24.629568,754.0,2025-11-03T09:37:24.741730,112.2,1762142844.641000,50,1,772,2025-11-03T09:37:24.742042,0.3,1762142843.801000,26,1,771,FALSE,FALSE,FALSE,FALSE,
756,2025-11-03T09:37:25.629571,755.0,2025-11-03T09:37:25.743008,113.4,1762142845.643000,49,1,773,2025-11-03T09:37:25.743408,0.4,1762142844.802000,26,1,772,FALSE,FALSE,FALSE,FALSE,
757,2025-11-03T09:37:26.629648,756.0,2025-11-03T09:37:26.749685,120.0,1762142846.644000,49,1,774,2025-11-03T09:37:26.750125,0.4,1762142845.803000,26,1,773,FALSE,FALSE,FALSE,FALSE,
758,2025-11-03T09:37:27.629580,757.0,2025-11-03T09:37:27.746871,117.3,1762142847.646000,51,1,775,2025-11-03T09:37:27.747177,0.3,1762142846.804000,26,1,774,FALSE,FALSE,FALSE,FALSE,
759,2025-11-03T09:37:28.629580,758.0,2025-11-03T09:37:28.748238,118.7,1762142848.648000,48,1,776,2025-11-03T09:37:28.748540,0.3,1762142847.806000,26,1,775,FALSE,FALSE,FALSE,FALSE,
760,2025-11-03T09:37:29.629570,759.0,2025-11-03T09:37:29.749537,120.0,1762142849.649000,48,1,777,2025-11-03T09:37:29.749821,0.3,1762142848.807000,26,1,776,FALSE,FALSE,FALSE,FALSE,
761,2025-11-03T09:37:30.629577,760.0,2025-11-03T09:37:30.751012,121.4,1762142850.650000,49,1,778,2025-11-03T09:37:30.751370,0.3,1762142849.808000,26,1,777,FALSE,FALSE,FALSE,FALSE,
762,2025-11-03T09:37:31.629577,761.0,2025-11-03T09:37:31.752615,123.0,1762142851.652000,48,1,779,2025-11-03T09:37:31.752919,0.3,1762142850.809000,26,1,778,FALSE,FALSE,FALSE,FALSE,
763,2025-11-03T09:37:32.629577,762.0,2025-11-03T09:37:32.754203,124.6,1762142852.653000,49,1,780,2025-11-03T09:37:32.754505,0.3,1762142851.811000,26,1,779,FALSE,FALSE,FALSE,FALSE,
764,2025-11-03T09:37:33.629571,763.0,2025-11-03T09:37:33.755875,126.3,1762142853.655000,50,1,781,2025-11-03T09:37:33.756188,0.3,1762142852.812000,26,1,780,FALSE,FALSE,FALSE,FALSE,
765,2025-11-03T09:37:34.629571,764.0,2025-11-03T09:37:34.757377,127.8,1762142854.656000,49,1,782,2025-11-03T09:37:34.757717,0.3,1762142853.813000,26,1,781,FALSE,FALSE,FALSE,FALSE,
766,2025-11-03T09:37:35.629571,765.0,2025-11-03T09:37:35.759403,129.8,1762142855.658000,49,1,783,2025-11-03T09:37:35.759821,0.4,1762142854.815000,26,1,782,FALSE,FALSE,FALSE,FALSE,
767,2025-11-03T09:37:36.629573,766.0,2025-11-03T09:37:36.761000,131.4,1762142856.661000,49,1,784,2025-11-03T09:37:36.761327,0.3,1762142855.816000,26,1,783,FALSE,FALSE,FALSE,FALSE,
768,2025-11-03T09:37:37.629577,767.0,2025-11-03T09:37:37.762509,132.9,1762142857.662000,48,1,785,2025-11-03T09:37:37.762813,0.3,1762142856.817000,26,1,784,FALSE,FALSE,FALSE,FALSE,
769,2025-11-03T09:37:38.629575,768.0,2025-11-03T09:37:38.763933,134.4,1762142858.664000,50,1,786,2025-11-03T09:37:38.764295,0.3,1762142857.818000,26,1,785,FALSE,FALSE,FALSE,FALSE,
770,2025-11-03T09:37:39.629628,769.0,2025-11-03T09:37:39.765121,135.5,1762142859.665000,49,1,787,2025-11-03T09:37:39.765435,0.3,1762142858.819000,26,1,786,FALSE,FALSE,FALSE,FALSE,
771,2025-11-03T09:37:40.629576,770.0,2025-11-03T09:37:40.766512,136.9,1762142860.666000,49,1,788,2025-11-03T09:37:40.766862,0.3,1762142859.821000,26,1,787,FALSE,FALSE,FALSE,FALSE,
772,2025-11-03T09:37:41.629570,771.0,2025-11-03T09:37:41.767786,138.2,1762142861.667000,50,1,789,2025-11-03T09:37:41.768092,0.3,1762142860.822000,26,1,788,FALSE,FALSE,FALSE,FALSE,
773,2025-11-03T09:37:42.629572,772.0,2025-11-03T09:37:42.769033,139.5,1762142862.668000,49,1,790,2025-11-03T09:37:42.769363,0.3,1762142861.823000,26,1,789,FALSE,FALSE,FALSE,FALSE,
774,2025-11-03T09:37:43.629578,773.0,2025-11-03T09:37:43.770325,140.7,1762142863.670000,50,1,791,2025-11-03T09:37:43.770633,0.3,1762142862.825000,26,1,790,FALSE,FALSE,FALSE,FALSE,
775,2025-11-03T09:37:44.629568,774.0,2025-11-03T09:37:44.771846,142.3,1762142864.671000,49,1,792,2025-11-03T09:37:44.772226,0.4,1762142863.827000,26,1,791,FALSE,FALSE,FALSE,FALSE,
776,2025-11-03T09:37:45.629566,775.0,2025-11-03T09:37:45.772942,143.4,1762142865.672000,49,1,793,2025-11-03T09:37:45.773254,0.3,1762142864.828000,26,1,792,FALSE,FALSE,FALSE,FALSE,
777,2025-11-03T09:37:46.629571,776.0,2025-11-03T09:37:46.774231,144.7,1762142866.674000,50,1,794,2025-11-03T09:37:46.774551,0.3,1762142865.829000,26,1,793,FALSE,FALSE,FALSE,FALSE,
778,2025-11-03T09:37:47.629575,777.0,2025-11-03T09:37:47.775755,146.2,1762142867.675000,50,1,795,2025-11-03T09:37:47.776064,0.3,1762142866.830000,26,1,794,FALSE,FALSE,FALSE,FALSE,
779,2025-11-03T09:37:48.629568,778.0,2025-11-03T09:37:48.777037,147.5,1762142868.676000,48,1,796,2025-11-03T09:37:48.777359,0.3,1762142867.831000,27,1,795,FALSE,FALSE,FALSE,FALSE,
780,2025-11-03T09:37:49.629569,779.0,2025-11-03T09:37:49.778451,148.9,1762142869.678000,49,1,797,2025-11-03T09:37:49.778775,0.3,1762142868.833000,26,1,796,FALSE,FALSE,FALSE,FALSE,
781,2025-11-03T09:37:50.629569,780.0,2025-11-03T09:37:50.779779,150.2,1762142870.679000,49,1,798,2025-11-03T09:37:50.780090,0.3,1762142869.834000,26,1,797,FALSE,FALSE,FALSE,FALSE,
782,2025-11-03T09:37:51.629572,781.0,2025-11-03T09:37:51.781269,151.7,1762142871.680000,50,1,799,2025-11-03T09:37:51.781572,0.3,1762142870.836000,26,1,798,FALSE,FALSE,FALSE,FALSE,
783,2025-11-03T09:37:52.629586,782.0,2025-11-03T09:37:52.782593,153.0,1762142872.682000,49,1,800,2025-11-03T09:37:52.782932,0.3,1762142871.836000,26,1,799,FALSE,FALSE,FALSE,FALSE,
784,2025-11-03T09:37:53.629571,783.0,2025-11-03T09:37:53.784029,154.5,1762142873.683000,49,1,801,2025-11-03T09:37:53.784338,0.3,1762142872.838000,26,1,800,FALSE,FALSE,FALSE,FALSE,
785,2025-11-03T09:37:54.629578,784.0,2025-11-03T09:37:54.785301,155.7,1762142874.685000,49,1,802,2025-11-03T09:37:54.785623,0.3,1762142873.839000,26,1,801,FALSE,FALSE,FALSE,FALSE,
786,2025-11-03T09:37:55.629575,785.0,2025-11-03T09:37:55.788052,158.5,1762142875.686000,49,1,803,2025-11-03T09:37:55.788432,0.4,1762142874.841000,26,1,802,FALSE,FALSE,FALSE,FALSE,
787,2025-11-03T09:37:56.629574,786.0,2025-11-03T09:37:56.790516,160.9,1762142876.689000,49,1,804,2025-11-03T09:37:56.790838,0.3,1762142875.843000,26,1,803,FALSE,FALSE,FALSE,FALSE,
788,2025-11-03T09:37:57.629572,787.0,2025-11-03T09:37:57.791911,162.3,1762142877.691000,49,1,805,2025-11-03T09:37:57.792236,0.3,1762142876.844000,26,1,804,FALSE,FALSE,FALSE,FALSE,
789,2025-11-03T09:37:58.629576,788.0,2025-11-03T09:37:58.793095,163.5,1762142878.693000,48,1,806,2025-11-03T09:37:58.793414,0.3,1762142877.845000,26,1,805,FALSE,FALSE,FALSE,FALSE,
790,2025-11-03T09:37:59.629581,789.0,2025-11-03T09:37:59.794383,164.8,1762142879.694000,49,1,807,2025-11-03T09:37:59.794690,0.3,1762142878.847000,26,1,806,FALSE,FALSE,FALSE,FALSE,
791,2025-11-03T09:38:00.629572,790.0,2025-11-03T09:38:00.795679,166.1,1762142880.695000,49,1,808,2025-11-03T09:38:00.795999,0.3,1762142879.847000,26,1,807,FALSE,FALSE,FALSE,FALSE,
792,2025-11-03T09:38:01.629579,791.0,2025-11-03T09:38:01.796879,167.3,1762142881.696000,50,1,809,2025-11-03T09:38:01.797492,0.6,1762142880.849000,26,1,808,FALSE,FALSE,FALSE,FALSE,
793,2025-11-03T09:38:02.629572,792.0,2025-11-03T09:38:02.798142,168.6,1762142882.698000,48,1,810,2025-11-03T09:38:02.798462,0.3,1762142881.850000,26,1,809,FALSE,FALSE,FALSE,FALSE,
794,2025-11-03T09:38:03.629578,793.0,2025-11-03T09:38:03.799438,169.9,1762142883.699000,49,1,811,2025-11-03T09:38:03.799764,0.3,1762142882.851000,26,1,810,FALSE,FALSE,FALSE,FALSE,
795,2025-11-03T09:38:04.629580,794.0,2025-11-03T09:38:04.800487,170.9,1762142884.700000,48,1,812,2025-11-03T09:38:04.800799,0.3,1762142883.853000,26,1,811,FALSE,FALSE,FALSE,FALSE,
796,2025-11-03T09:38:05.629569,795.0,2025-11-03T09:38:05.801769,172.2,1762142885.701000,49,1,813,2025-11-03T09:38:05.802106,0.3,1762142884.854000,26,1,812,FALSE,FALSE,FALSE,FALSE,
797,2025-11-03T09:38:06.629573,796.0,2025-11-03T09:38:06.803121,173.5,1762142886.702000,50,1,814,2025-11-03T09:38:06.803672,0.5,1762142885.856000,26,1,813,FALSE,FALSE,FALSE,FALSE,
798,2025-11-03T09:38:07.629711,797.0,2025-11-03T09:38:07.804469,174.8,1762142887.704000,50,1,815,2025-11-03T09:38:07.804820,0.3,1762142886.858000,26,1,814,FALSE,FALSE,FALSE,FALSE,
799,2025-11-03T09:38:08.629571,798.0,2025-11-03T09:38:08.805675,176.1,1762142888.705000,47,1,816,2025-11-03T09:38:08.806043,0.3,1762142887.859000,26,1,815,FALSE,FALSE,FALSE,FALSE,
800,2025-11-03T09:38:09.629561,799.0,2025-11-03T09:38:09.807247,177.7,1762142889.706000,50,1,817,2025-11-03T09:38:09.807609,0.3,1762142888.861000,26,1,816,FALSE,FALSE,FALSE,FALSE,
801,2025-11-03T09:38:10.629571,800.0,2025-11-03T09:38:10.810081,180.5,1762142890.709000,48,1,818,2025-11-03T09:38:10.810724,0.6,1762142889.862000,26,1,817,FALSE,FALSE,FALSE,FALSE,
802,2025-11-03T09:38:11.629577,801.0,2025-11-03T09:38:11.812265,182.7,1762142891.711000,49,1,819,2025-11-03T09:38:11.812607,0.3,1762142890.863000,26,1,818,FALSE,FALSE,FALSE,FALSE,
803,2025-11-03T09:38:12.629568,802.0,2025-11-03T09:38:12.814497,184.9,1762142892.713000,50,1,820,2025-11-03T09:38:12.814855,0.3,1762142891.864000,26,1,819,FALSE,FALSE,FALSE,FALSE,
804,2025-11-03T09:38:13.629567,803.0,2025-11-03T09:38:13.816181,186.6,1762142893.715000,49,1,821,2025-11-03T09:38:13.816552,0.4,1762142892.866000,26,1,820,FALSE,FALSE,FALSE,FALSE,
805,2025-11-03T09:38:14.629568,804.0,2025-11-03T09:38:14.817769,188.2,1762142894.717000,49,1,822,2025-11-03T09:38:14.818153,0.4,1762142893.867000,26,1,821,FALSE,FALSE,FALSE,FALSE,
806,2025-11-03T09:38:15.629565,805.0,2025-11-03T09:38:15.820012,190.4,1762142895.718000,48,1,823,2025-11-03T09:38:15.820334,0.3,1762142894.868000,26,1,822,FALSE,FALSE,FALSE,FALSE,
807,2025-11-03T09:38:16.629575,806.0,2025-11-03T09:38:16.821367,191.8,1762142896.721000,51,1,824,2025-11-03T09:38:16.821669,0.3,1762142895.870000,27,1,823,FALSE,FALSE,FALSE,FALSE,
808,2025-11-03T09:38:17.629618,807.0,2025-11-03T09:38:17.822711,193.1,1762142897.722000,50,1,825,2025-11-03T09:38:17.823032,0.3,1762142896.872000,26,1,824,FALSE,FALSE,FALSE,FALSE,
809,2025-11-03T09:38:18.629564,808.0,2025-11-03T09:38:18.823905,194.3,1762142898.723000,49,1,826,2025-11-03T09:38:18.824240,0.3,1762142897.873000,26,1,825,FALSE,FALSE,FALSE,FALSE,
810,2025-11-03T09:38:19.629577,809.0,2025-11-03T09:38:19.825610,196.0,1762142899.725000,49,1,827,2025-11-03T09:38:19.825969,0.3,1762142898.874000,26,1,826,FALSE,FALSE,FALSE,FALSE,
811,2025-11-03T09:38:20.629572,810.0,2025-11-03T09:38:20.827158,197.6,1762142900.726000,50,1,828,2025-11-03T09:38:20.827684,0.5,1762142899.876000,26,1,827,FALSE,FALSE,FALSE,FALSE,
812,2025-11-03T09:38:21.629586,811.0,2025-11-03T09:38:21.829618,200.0,1762142901.729000,49,1,829,2025-11-03T09:38:21.829959,0.3,1762142900.878000,26,1,828,FALSE,FALSE,FALSE,FALSE,
813,2025-11-03T09:38:22.629572,812.0,2025-11-03T09:38:22.731634,102.1,1762142902.631000,43,1,830,2025-11-03T09:38:22.731964,0.3,1762142901.879000,26,1,829,FALSE,FALSE,FALSE,FALSE,
814,2025-11-03T09:38:23.629572,813.0,2025-11-03T09:38:23.734064,104.5,1762142903.633000,50,1,831,2025-11-03T09:38:23.734393,0.3,1762142902.780000,23,1,830,FALSE,FALSE,FALSE,FALSE,
815,2025-11-03T09:38:24.629576,814.0,2025-11-03T09:38:24.735714,106.1,1762142904.635000,49,1,832,2025-11-03T09:38:24.736040,0.3,1762142903.781000,26,1,831,FALSE,FALSE,FALSE,FALSE,
816,2025-11-03T09:38:25.629573,815.0,2025-11-03T09:38:25.737147,107.6,1762142905.637000,49,1,833,2025-11-03T09:38:25.737484,0.3,1762142904.782000,26,1,832,FALSE,FALSE,FALSE,FALSE,
817,2025-11-03T09:38:26.629574,816.0,2025-11-03T09:38:26.738847,109.3,1762142906.638000,49,1,834,2025-11-03T09:38:26.739142,0.3,1762142905.784000,26,1,833,FALSE,FALSE,FALSE,FALSE,
818,2025-11-03T09:38:27.629573,817.0,2025-11-03T09:38:27.740302,110.7,1762142907.640000,48,1,835,2025-11-03T09:38:27.740633,0.3,1762142906.785000,26,1,834,FALSE,FALSE,FALSE,FALSE,
819,2025-11-03T09:38:28.629571,818.0,2025-11-03T09:38:28.741833,112.3,1762142908.641000,49,1,836,2025-11-03T09:38:28.742181,0.3,1762142907.786000,26,1,835,FALSE,FALSE,FALSE,FALSE,
820,2025-11-03T09:38:29.629570,819.0,2025-11-03T09:38:29.742777,113.2,1762142909.642000,49,1,837,2025-11-03T09:38:29.743097,0.3,1762142908.788000,26,1,836,FALSE,FALSE,FALSE,FALSE,
821,2025-11-03T09:38:30.629567,820.0,2025-11-03T09:38:30.744094,114.5,1762142910.643000,47,1,838,2025-11-03T09:38:30.744425,0.3,1762142909.789000,27,1,837,FALSE,FALSE,FALSE,FALSE,
822,2025-11-03T09:38:31.629571,821.0,2025-11-03T09:38:31.745279,115.7,1762142911.645000,49,1,839,2025-11-03T09:38:31.745619,0.3,1762142910.790000,26,1,838,FALSE,FALSE,FALSE,FALSE,
823,2025-11-03T09:38:32.629570,822.0,2025-11-03T09:38:32.746556,117.0,1762142912.646000,50,1,840,2025-11-03T09:38:32.746916,0.3,1762142911.792000,26,1,839,FALSE,FALSE,FALSE,FALSE,
824,2025-11-03T09:38:33.629570,823.0,2025-11-03T09:38:33.748852,119.3,1762142913.648000,50,1,841,2025-11-03T09:38:33.749228,0.4,1762142912.793000,26,1,840,FALSE,FALSE,FALSE,FALSE,
825,2025-11-03T09:38:34.629575,824.0,2025-11-03T09:38:34.751198,121.6,1762142914.650000,49,1,842,2025-11-03T09:38:34.751566,0.4,1762142913.794000,26,1,841,FALSE,FALSE,FALSE,FALSE,
826,2025-11-03T09:38:35.629575,825.0,2025-11-03T09:38:35.753081,123.5,1762142915.652000,50,1,843,2025-11-03T09:38:35.753391,0.3,1762142914.795000,26,1,842,FALSE,FALSE,FALSE,FALSE,
827,2025-11-03T09:38:36.629572,826.0,2025-11-03T09:38:36.754987,125.4,1762142916.654000,48,1,844,2025-11-03T09:38:36.755355,0.4,1762142915.797000,26,1,843,FALSE,FALSE,FALSE,FALSE,
828,2025-11-03T09:38:37.629570,827.0,2025-11-03T09:38:37.756852,127.3,1762142917.656000,49,1,845,2025-11-03T09:38:37.757212,0.3,1762142916.798000,26,1,844,FALSE,FALSE,FALSE,FALSE,
829,2025-11-03T09:38:38.629574,828.0,2025-11-03T09:38:38.758057,128.5,1762142918.658000,49,1,846,2025-11-03T09:38:38.758379,0.3,1762142917.799000,26,1,845,FALSE,FALSE,FALSE,FALSE,
830,2025-11-03T09:38:39.629571,829.0,2025-11-03T09:38:39.759649,130.1,1762142919.659000,49,1,847,2025-11-03T09:38:39.759982,0.3,1762142918.801000,26,1,846,FALSE,FALSE,FALSE,FALSE,
831,2025-11-03T09:38:40.629571,830.0,2025-11-03T09:38:40.760969,131.4,1762142920.661000,50,1,848,2025-11-03T09:38:40.761305,0.3,1762142919.803000,26,1,847,FALSE,FALSE,FALSE,FALSE,
832,2025-11-03T09:38:41.629575,831.0,2025-11-03T09:38:41.762100,132.5,1762142921.662000,48,1,849,2025-11-03T09:38:41.762447,0.3,1762142920.804000,26,1,848,FALSE,FALSE,FALSE,FALSE,
833,2025-11-03T09:38:42.629572,832.0,2025-11-03T09:38:42.763728,134.1,1762142922.663000,49,1,850,2025-11-03T09:38:42.764037,0.3,1762142921.806000,26,1,849,FALSE,FALSE,FALSE,FALSE,
834,2025-11-03T09:38:43.629586,833.0,2025-11-03T09:38:43.765323,135.7,1762142923.665000,49,1,851,2025-11-03T09:38:43.765628,0.3,1762142922.807000,26,1,850,FALSE,FALSE,FALSE,FALSE,
835,2025-11-03T09:38:44.629577,834.0,2025-11-03T09:38:44.766780,137.2,1762142924.666000,48,1,852,2025-11-03T09:38:44.767104,0.3,1762142923.808000,26,1,851,FALSE,FALSE,FALSE,FALSE,
836,2025-11-03T09:38:45.629578,835.0,2025-11-03T09:38:45.768373,138.8,1762142925.667000,49,1,853,2025-11-03T09:38:45.768679,0.3,1762142924.810000,26,1,852,FALSE,FALSE,FALSE,FALSE,
837,2025-11-03T09:38:46.629574,836.0,2025-11-03T09:38:46.770232,140.7,1762142926.669000,49,1,854,2025-11-03T09:38:46.770601,0.4,1762142925.811000,26,1,853,FALSE,FALSE,FALSE,FALSE,
838,2025-11-03T09:38:47.629567,837.0,2025-11-03T09:38:47.771272,141.7,1762142927.670000,50,1,855,2025-11-03T09:38:47.771646,0.4,1762142926.812000,26,1,854,FALSE,FALSE,FALSE,FALSE,
839,2025-11-03T09:38:48.629573,838.0,2025-11-03T09:38:48.773426,143.8,1762142928.672000,49,1,856,2025-11-03T09:38:48.773732,0.3,1762142927.813000,26,1,855,FALSE,FALSE,FALSE,FALSE,
840,2025-11-03T09:38:49.629580,839.0,2025-11-03T09:38:49.775714,146.1,1762142929.674000,49,1,857,2025-11-03T09:38:49.776031,0.3,1762142928.815000,26,1,856,FALSE,FALSE,FALSE,FALSE,
841,2025-11-03T09:38:50.629564,840.0,2025-11-03T09:38:50.777888,148.3,1762142930.677000,49,1,858,2025-11-03T09:38:50.778236,0.3,1762142929.816000,26,1,857,FALSE,FALSE,FALSE,FALSE,
842,2025-11-03T09:38:51.629571,841.0,2025-11-03T09:38:51.780099,150.5,1762142931.679000,50,1,859,2025-11-03T09:38:51.780410,0.3,1762142930.817000,26,1,858,FALSE,FALSE,FALSE,FALSE,
843,2025-11-03T09:38:52.629554,842.0,2025-11-03T09:38:52.782478,152.9,1762142932.681000,49,1,860,2025-11-03T09:38:52.782829,0.3,1762142931.819000,26,1,859,FALSE,FALSE,FALSE,FALSE,
844,2025-11-03T09:38:53.629554,843.0,2025-11-03T09:38:53.785899,156.3,1762142933.684000,49,1,861,2025-11-03T09:38:53.786266,0.4,1762142932.820000,26,1,860,FALSE,FALSE,FALSE,FALSE,
845,2025-11-03T09:38:54.629548,844.0,2025-11-03T09:38:54.788443,158.9,1762142934.687000,50,1,862,2025-11-03T09:38:54.788751,0.3,1762142933.821000,26,1,861,FALSE,FALSE,FALSE,FALSE,
846,2025-11-03T09:38:55.629568,845.0,2025-11-03T09:38:55.790473,160.9,1762142935.689000,48,1,863,2025-11-03T09:38:55.790845,0.4,1762142934.823000,26,1,862,FALSE,FALSE,FALSE,FALSE,
847,2025-11-03T09:38:56.629571,846.0,2025-11-03T09:38:56.791350,161.8,1762142936.691000,48,1,864,2025-11-03T09:38:56.791659,0.3,1762142935.824000,26,1,863,FALSE,FALSE,FALSE,FALSE,
848,2025-11-03T09:38:57.629578,847.0,2025-11-03T09:38:57.793967,164.4,1762142937.693000,49,1,865,2025-11-03T09:38:57.794304,0.3,1762142936.825000,26,1,864,FALSE,FALSE,FALSE,FALSE,
849,2025-11-03T09:38:58.629567,848.0,2025-11-03T09:38:58.795489,165.9,1762142938.695000,48,1,866,2025-11-03T09:38:58.795863,0.4,1762142937.826000,26,1,865,FALSE,FALSE,FALSE,FALSE,
850,2025-11-03T09:38:59.629578,849.0,2025-11-03T09:38:59.796578,167.0,1762142939.696000,50,1,867,2025-11-03T09:38:59.796939,0.3,1762142938.828000,27,1,866,FALSE,FALSE,FALSE,FALSE,
851,2025-11-03T09:39:00.629575,850.0,2025-11-03T09:39:00.798082,168.5,1762142940.697000,48,1,868,2025-11-03T09:39:00.798396,0.3,1762142939.830000,26,1,867,FALSE,FALSE,FALSE,FALSE,
852,2025-11-03T09:39:01.629575,851.0,2025-11-03T09:39:01.799351,169.8,1762142941.699000,51,1,869,2025-11-03T09:39:01.799673,0.3,1762142940.830000,26,1,868,FALSE,FALSE,FALSE,FALSE,
853,2025-11-03T09:39:02.629579,852.0,2025-11-03T09:39:02.800685,171.1,1762142942.700000,49,1,870,2025-11-03T09:39:02.800985,0.3,1762142941.832000,26,1,869,FALSE,FALSE,FALSE,FALSE,
854,2025-11-03T09:39:03.629615,853.0,2025-11-03T09:39:03.802082,172.5,1762142943.701000,48,1,871,2025-11-03T09:39:03.802399,0.3,1762142942.833000,26,1,870,FALSE,FALSE,FALSE,FALSE,
855,2025-11-03T09:39:04.629575,854.0,2025-11-03T09:39:04.803736,174.2,1762142944.703000,49,1,872,2025-11-03T09:39:04.804056,0.3,1762142943.834000,26,1,871,FALSE,FALSE,FALSE,FALSE,
856,2025-11-03T09:39:05.629568,855.0,2025-11-03T09:39:05.805251,175.7,1762142945.705000,49,1,873,2025-11-03T09:39:05.805573,0.3,1762142944.836000,26,1,872,FALSE,FALSE,FALSE,FALSE,
857,2025-11-03T09:39:06.629567,856.0,2025-11-03T09:39:06.807047,177.5,1762142946.707000,48,1,874,2025-11-03T09:39:06.807430,0.4,1762142945.837000,26,1,873,FALSE,FALSE,FALSE,FALSE,
858,2025-11-03T09:39:07.629569,857.0,2025-11-03T09:39:07.808727,179.2,1762142947.708000,49,1,875,2025-11-03T09:39:07.809077,0.3,1762142946.839000,26,1,874,FALSE,FALSE,FALSE,FALSE,
859,2025-11-03T09:39:08.629568,858.0,2025-11-03T09:39:08.810017,180.4,1762142948.710000,49,1,876,2025-11-03T09:39:08.810314,0.3,1762142947.840000,26,1,875,FALSE,FALSE,FALSE,FALSE,
860,2025-11-03T09:39:09.629572,859.0,2025-11-03T09:39:09.811293,181.8,1762142949.711000,49,1,877,2025-11-03T09:39:09.811669,0.3,1762142948.843000,26,1,876,FALSE,FALSE,FALSE,FALSE,
861,2025-11-03T09:39:10.629573,860.0,2025-11-03T09:39:10.812617,183.0,1762142950.712000,49,1,878,2025-11-03T09:39:10.812936,0.3,1762142949.844000,26,1,877,FALSE,FALSE,FALSE,FALSE,
862,2025-11-03T09:39:11.629573,861.0,2025-11-03T09:39:11.814121,184.5,1762142951.713000,49,1,879,2025-11-03T09:39:11.814422,0.3,1762142950.845000,26,1,878,FALSE,FALSE,FALSE,FALSE,
863,2025-11-03T09:39:12.629576,862.0,2025-11-03T09:39:12.816280,186.7,1762142952.716000,50,1,880,2025-11-03T09:39:12.821804,5.5,1762142951.846000,26,1,879,FALSE,FALSE,FALSE,FALSE,
864,2025-11-03T09:39:13.629588,863.0,2025-11-03T09:39:13.817902,188.3,1762142953.717000,49,1,881,2025-11-03T09:39:13.818216,0.3,1762142952.848000,26,1,880,FALSE,FALSE,FALSE,FALSE,
865,2025-11-03T09:39:14.629567,864.0,2025-11-03T09:39:14.819763,190.2,1762142954.719000,50,1,882,2025-11-03T09:39:14.820092,0.3,1762142953.850000,26,1,881,FALSE,FALSE,FALSE,FALSE,
866,2025-11-03T09:39:15.629581,865.0,2025-11-03T09:39:15.821531,191.9,1762142955.721000,49,1,883,2025-11-03T09:39:15.821839,0.3,1762142954.851000,26,1,882,FALSE,FALSE,FALSE,FALSE,
867,2025-11-03T09:39:16.629575,866.0,2025-11-03T09:39:16.823030,193.4,1762142956.722000,51,1,884,2025-11-03T09:39:16.823359,0.3,1762142955.853000,26,1,883,FALSE,FALSE,FALSE,FALSE,
868,2025-11-03T09:39:17.629568,867.0,2025-11-03T09:39:17.824306,194.7,1762142957.724000,49,1,885,2025-11-03T09:39:17.824626,0.3,1762142956.854000,26,1,884,FALSE,FALSE,FALSE,FALSE,
869,2025-11-03T09:39:18.629571,868.0,2025-11-03T09:39:18.825785,196.2,1762142958.725000,49,1,886,2025-11-03T09:39:18.826097,0.3,1762142957.855000,26,1,885,FALSE,FALSE,FALSE,FALSE,
870,2025-11-03T09:39:19.629569,869.0,2025-11-03T09:39:19.827127,197.6,1762142959.727000,48,1,887,2025-11-03T09:39:19.827505,0.4,1762142958.857000,26,1,886,FALSE,FALSE,FALSE,FALSE,
871,2025-11-03T09:39:20.629568,870.0,2025-11-03T09:39:20.828616,199.0,1762142960.728000,50,1,888,2025-11-03T09:39:20.828927,0.3,1762142959.858000,26,1,887,FALSE,FALSE,FALSE,FALSE,
872,2025-11-03T09:39:21.629566,871.0,2025-11-03T09:39:21.829942,200.4,1762142961.730000,49,1,889,2025-11-03T09:39:21.830611,0.6,1762142960.859000,26,1,888,FALSE,FALSE,FALSE,FALSE,
873,2025-11-03T09:39:22.629575,872.0,2025-11-03T09:39:22.731261,101.7,1762142962.631000,43,1,890,2025-11-03T09:39:22.731602,0.3,1762142961.861000,26,1,889,FALSE,FALSE,FALSE,FALSE,
874,2025-11-03T09:39:23.629565,873.0,2025-11-03T09:39:23.732612,103.0,1762142963.632000,49,1,891,2025-11-03T09:39:23.732919,0.3,1762142962.761000,24,1,890,FALSE,FALSE,FALSE,FALSE,
875,2025-11-03T09:39:24.629567,874.0,2025-11-03T09:39:24.735395,105.8,1762142964.635000,50,1,892,2025-11-03T09:39:24.735718,0.3,1762142963.763000,25,1,891,FALSE,FALSE,FALSE,FALSE,
876,2025-11-03T09:39:25.629578,875.0,2025-11-03T09:39:25.737113,107.5,1762142965.636000,49,1,893,2025-11-03T09:39:25.737423,0.3,1762142964.764000,26,1,892,FALSE,FALSE,FALSE,FALSE,
877,2025-11-03T09:39:26.629571,876.0,2025-11-03T09:39:26.739553,110.0,1762142966.639000,50,1,894,2025-11-03T09:39:26.739881,0.3,1762142965.765000,26,1,893,FALSE,FALSE,FALSE,FALSE,
878,2025-11-03T09:39:27.629572,877.0,2025-11-03T09:39:27.742086,112.5,1762142967.641000,49,1,895,2025-11-03T09:39:27.742413,0.3,1762142966.766000,26,1,894,FALSE,FALSE,FALSE,FALSE,
879,2025-11-03T09:39:28.629757,878.0,2025-11-03T09:39:28.743877,114.1,1762142968.643000,49,1,896,2025-11-03T09:39:28.744184,0.3,1762142967.768000,26,1,895,FALSE,FALSE,FALSE,FALSE,
880,2025-11-03T09:39:29.629574,879.0,2025-11-03T09:39:29.745107,115.5,1762142969.645000,49,1,897,2025-11-03T09:39:29.745401,0.3,1762142968.769000,26,1,896,FALSE,FALSE,FALSE,FALSE,
881,2025-11-03T09:39:30.629580,880.0,2025-11-03T09:39:30.746641,117.1,1762142970.646000,48,1,898,2025-11-03T09:39:30.747027,0.4,1762142969.770000,26,1,897,FALSE,FALSE,FALSE,FALSE,
882,2025-11-03T09:39:31.629576,881.0,2025-11-03T09:39:31.747959,118.4,1762142971.648000,50,1,899,2025-11-03T09:39:31.748325,0.4,1762142970.772000,26,1,898,FALSE,FALSE,FALSE,FALSE,
883,2025-11-03T09:39:32.629571,882.0,2025-11-03T09:39:32.749433,119.9,1762142972.648000,50,1,900,2025-11-03T09:39:32.749741,0.3,1762142971.773000,26,1,899,FALSE,FALSE,FALSE,FALSE,
884,2025-11-03T09:39:33.629565,883.0,2025-11-03T09:39:33.752132,122.6,1762142973.651000,49,1,901,2025-11-03T09:39:33.752454,0.3,1762142972.775000,26,1,900,FALSE,FALSE,FALSE,FALSE,
885,2025-11-03T09:39:34.629563,884.0,2025-11-03T09:39:34.754200,124.6,1762142974.654000,50,1,902,2025-11-03T09:39:34.754519,0.3,1762142973.776000,26,1,901,FALSE,FALSE,FALSE,FALSE,
886,2025-11-03T09:39:35.629569,885.0,2025-11-03T09:39:35.755575,126.0,1762142975.655000,49,1,903,2025-11-03T09:39:35.755914,0.3,1762142974.778000,26,1,902,FALSE,FALSE,FALSE,FALSE,
887,2025-11-03T09:39:36.629579,886.0,2025-11-03T09:39:36.757140,127.6,1762142976.656000,49,1,904,2025-11-03T09:39:36.757433,0.3,1762142975.780000,26,1,903,FALSE,FALSE,FALSE,FALSE,
888,2025-11-03T09:39:37.629580,887.0,2025-11-03T09:39:37.759414,129.8,1762142977.658000,49,1,905,2025-11-03T09:39:37.759752,0.3,1762142976.781000,26,1,904,FALSE,FALSE,FALSE,FALSE,
889,2025-11-03T09:39:38.629573,888.0,2025-11-03T09:39:38.760728,131.1,1762142978.660000,50,1,906,2025-11-03T09:39:38.761056,0.3,1762142977.783000,26,1,905,FALSE,FALSE,FALSE,FALSE,
890,2025-11-03T09:39:39.629578,889.0,2025-11-03T09:39:39.762573,133.0,1762142979.662000,49,1,907,2025-11-03T09:39:39.762968,0.4,1762142978.784000,26,1,906,FALSE,FALSE,FALSE,FALSE,
891,2025-11-03T09:39:40.629574,890.0,2025-11-03T09:39:40.764557,135.0,1762142980.664000,50,1,908,2025-11-03T09:39:40.764925,0.4,1762142979.785000,27,1,907,FALSE,FALSE,FALSE,FALSE,
892,2025-11-03T09:39:41.629575,891.0,2025-11-03T09:39:41.766025,136.4,1762142981.666000,48,1,909,2025-11-03T09:39:41.766342,0.3,1762142980.787000,26,1,908,FALSE,FALSE,FALSE,FALSE,
893,2025-11-03T09:39:42.629572,892.0,2025-11-03T09:39:42.767350,137.8,1762142982.667000,48,1,910,2025-11-03T09:39:42.767679,0.3,1762142981.789000,26,1,909,FALSE,FALSE,FALSE,FALSE,
894,2025-11-03T09:39:43.629587,893.0,2025-11-03T09:39:43.768683,139.1,1762142983.668000,50,1,911,2025-11-03T09:39:43.769021,0.3,1762142982.791000,26,1,910,FALSE,FALSE,FALSE,FALSE,
895,2025-11-03T09:39:44.629574,894.0,2025-11-03T09:39:44.770209,140.6,1762142984.669000,49,1,912,2025-11-03T09:39:44.770540,0.3,1762142983.793000,25,1,911,FALSE,FALSE,FALSE,FALSE,
896,2025-11-03T09:39:45.629576,895.0,2025-11-03T09:39:45.771603,142.0,1762142985.671000,50,1,913,2025-11-03T09:39:45.771917,0.3,1762142984.795000,26,1,912,FALSE,FALSE,FALSE,FALSE,
897,2025-11-03T09:39:46.629566,896.0,2025-11-03T09:39:46.772935,143.4,1762142986.672000,50,1,914,2025-11-03T09:39:46.773252,0.3,1762142985.796000,26,1,913,FALSE,FALSE,FALSE,FALSE,
898,2025-11-03T09:39:47.629568,897.0,2025-11-03T09:39:47.775651,146.1,1762142987.675000,49,1,915,2025-11-03T09:39:47.775957,0.3,1762142986.797000,26,1,914,FALSE,FALSE,FALSE,FALSE,
899,2025-11-03T09:39:48.629619,898.0,2025-11-03T09:39:48.777424,147.8,1762142988.677000,49,1,916,2025-11-03T09:39:48.777772,0.3,1762142987.799000,26,1,915,FALSE,FALSE,FALSE,FALSE,
900,2025-11-03T09:39:49.629568,899.0,2025-11-03T09:39:49.778601,149.0,1762142989.678000,49,1,917,2025-11-03T09:39:49.778933,0.3,1762142988.800000,26,1,916,FALSE,FALSE,FALSE,FALSE,
901,2025-11-03T09:39:50.629577,900.0,2025-11-03T09:39:50.779924,150.3,1762142990.679000,49,1,918,2025-11-03T09:39:50.780240,0.3,1762142989.802000,26,1,917,FALSE,FALSE,FALSE,FALSE,
902,2025-11-03T09:39:51.629579,901.0,2025-11-03T09:39:51.781330,151.7,1762142991.681000,48,1,919,2025-11-03T09:39:51.781715,0.4,1762142990.804000,26,1,918,FALSE,FALSE,FALSE,FALSE,
903,2025-11-03T09:39:52.629572,902.0,2025-11-03T09:39:52.783287,153.8,1762142992.682000,49,1,920,2025-11-03T09:39:52.783630,0.3,1762142991.805000,26,1,919,FALSE,FALSE,FALSE,FALSE,
904,2025-11-03T09:39:53.629567,903.0,2025-11-03T09:39:53.784838,155.3,1762142993.684000,50,1,921,2025-11-03T09:39:53.785132,0.3,1762142992.806000,26,1,920,FALSE,FALSE,FALSE,FALSE,
905,2025-11-03T09:39:54.629571,904.0,2025-11-03T09:39:54.786399,156.8,1762142994.685000,48,1,922,2025-11-03T09:39:54.786697,0.3,1762142993.807000,25,1,921,FALSE,FALSE,FALSE,FALSE,
906,2025-11-03T09:39:55.629624,905.0,2025-11-03T09:39:55.788135,158.5,1762142995.687000,49,1,923,2025-11-03T09:39:55.788490,0.3,1762142994.808000,26,1,922,FALSE,FALSE,FALSE,FALSE,
907,2025-11-03T09:39:56.629569,906.0,2025-11-03T09:39:56.789567,160.0,1762142996.689000,49,1,924,2025-11-03T09:39:56.789897,0.3,1762142995.810000,26,1,923,FALSE,FALSE,FALSE,FALSE,
908,2025-11-03T09:39:57.629570,907.0,2025-11-03T09:39:57.791546,162.0,1762142997.691000,49,1,925,2025-11-03T09:39:57.791902,0.3,1762142996.811000,26,1,924,FALSE,FALSE,FALSE,FALSE,
909,2025-11-03T09:39:58.629570,908.0,2025-11-03T09:39:58.792575,163.0,1762142998.692000,50,1,926,2025-11-03T09:39:58.792888,0.3,1762142997.812000,26,1,925,FALSE,FALSE,FALSE,FALSE,
910,2025-11-03T09:39:59.629577,909.0,2025-11-03T09:39:59.793916,164.3,1762142999.693000,48,1,927,2025-11-03T09:39:59.794220,0.3,1762142998.813000,26,1,926,FALSE,FALSE,FALSE,FALSE,
911,2025-11-03T09:40:00.629573,910.0,2025-11-03T09:40:00.795830,166.3,1762143000.695000,48,1,928,2025-11-03T09:40:00.796145,0.3,1762142999.815000,25,1,927,FALSE,FALSE,FALSE,FALSE,
912,2025-11-03T09:40:01.629577,911.0,2025-11-03T09:40:01.797490,167.9,1762143001.697000,48,1,929,2025-11-03T09:40:01.797790,0.3,1762143000.816000,26,1,928,FALSE,FALSE,FALSE,FALSE,
913,2025-11-03T09:40:02.629574,912.0,2025-11-03T09:40:02.799250,169.7,1762143002.698000,49,1,930,2025-11-03T09:40:02.799640,0.4,1762143001.818000,26,1,929,FALSE,FALSE,FALSE,FALSE,
914,2025-11-03T09:40:03.629577,913.0,2025-11-03T09:40:03.800842,171.3,1762143003.700000,48,1,931,2025-11-03T09:40:03.801156,0.3,1762143002.819000,26,1,930,FALSE,FALSE,FALSE,FALSE,
915,2025-11-03T09:40:04.629574,914.0,2025-11-03T09:40:04.802463,172.9,1762143004.702000,50,1,932,2025-11-03T09:40:04.802780,0.3,1762143003.820000,26,1,931,FALSE,FALSE,FALSE,FALSE,
916,2025-11-03T09:40:05.629568,915.0,2025-11-03T09:40:05.803986,174.4,1762143005.704000,48,1,933,2025-11-03T09:40:05.804304,0.3,1762143004.822000,26,1,932,FALSE,FALSE,FALSE,FALSE,
917,2025-11-03T09:40:06.629569,916.0,2025-11-03T09:40:06.805945,176.4,1762143006.705000,49,1,934,2025-11-03T09:40:06.806297,0.3,1762143005.823000,27,1,933,FALSE,FALSE,FALSE,FALSE,
918,2025-11-03T09:40:07.629582,917.0,2025-11-03T09:40:07.806919,177.3,1762143007.706000,49,1,935,2025-11-03T09:40:07.807283,0.3,1762143006.824000,26,1,934,FALSE,FALSE,FALSE,FALSE,
919,2025-11-03T09:40:08.629571,918.0,2025-11-03T09:40:08.808484,178.9,1762143008.708000,50,1,936,2025-11-03T09:40:08.808784,0.3,1762143007.826000,26,1,935,FALSE,FALSE,FALSE,FALSE,
920,2025-11-03T09:40:09.629572,919.0,2025-11-03T09:40:09.809863,180.3,1762143009.709000,49,1,937,2025-11-03T09:40:09.810212,0.3,1762143008.827000,26,1,936,FALSE,FALSE,FALSE,FALSE,
921,2025-11-03T09:40:10.629575,920.0,2025-11-03T09:40:10.811435,181.9,1762143010.711000,49,1,938,2025-11-03T09:40:10.811751,0.3,1762143009.829000,26,1,937,FALSE,FALSE,FALSE,FALSE,
922,2025-11-03T09:40:11.629574,921.0,2025-11-03T09:40:11.812907,183.3,1762143011.712000,49,1,939,2025-11-03T09:40:11.813245,0.3,1762143010.831000,26,1,938,FALSE,FALSE,FALSE,FALSE,
923,2025-11-03T09:40:12.629575,922.0,2025-11-03T09:40:12.814443,184.9,1762143012.714000,49,1,940,2025-11-03T09:40:12.814794,0.3,1762143011.831000,26,1,939,FALSE,FALSE,FALSE,FALSE,
924,2025-11-03T09:40:13.629572,923.0,2025-11-03T09:40:13.816112,186.5,1762143013.715000,47,1,941,2025-11-03T09:40:13.816442,0.3,1762143012.833000,26,1,940,FALSE,FALSE,FALSE,FALSE,
925,2025-11-03T09:40:14.629578,924.0,2025-11-03T09:40:14.818737,189.2,1762143014.717000,49,1,942,2025-11-03T09:40:14.819053,0.3,1762143013.834000,26,1,941,FALSE,FALSE,FALSE,FALSE,
926,2025-11-03T09:40:15.629571,925.0,2025-11-03T09:40:15.820544,191.0,1762143015.720000,49,1,943,2025-11-03T09:40:15.820859,0.3,1762143014.835000,26,1,942,FALSE,FALSE,FALSE,FALSE,
927,2025-11-03T09:40:16.629568,926.0,2025-11-03T09:40:16.822882,193.3,1762143016.722000,49,1,944,2025-11-03T09:40:16.823173,0.3,1762143015.837000,25,1,943,FALSE,FALSE,FALSE,FALSE,
928,2025-11-03T09:40:17.629573,927.0,2025-11-03T09:40:17.824194,194.6,1762143017.723000,49,1,945,2025-11-03T09:40:17.824509,0.3,1762143016.838000,26,1,944,FALSE,FALSE,FALSE,FALSE,
929,2025-11-03T09:40:18.629574,928.0,2025-11-03T09:40:18.825798,196.2,1762143018.725000,49,1,946,2025-11-03T09:40:18.826121,0.3,1762143017.839000,26,1,945,FALSE,FALSE,FALSE,FALSE,
930,2025-11-03T09:40:19.629566,929.0,2025-11-03T09:40:19.827570,198.0,1762143019.727000,49,1,947,2025-11-03T09:40:19.827926,0.3,1762143018.841000,26,1,946,FALSE,FALSE,FALSE,FALSE,
931,2025-11-03T09:40:20.629573,930.0,2025-11-03T09:40:20.829198,199.6,1762143020.729000,50,1,948,2025-11-03T09:40:20.829523,0.3,1762143019.842000,26,1,947,FALSE,FALSE,FALSE,FALSE,
932,2025-11-03T09:40:21.629573,931.0,2025-11-03T09:40:21.830844,201.3,1762143021.730000,48,1,949,2025-11-03T09:40:21.831150,0.3,1762143020.844000,26,1,948,FALSE,FALSE,FALSE,FALSE,
933,2025-11-03T09:40:22.629567,932.0,2025-11-03T09:40:22.732241,102.7,1762143022.631000,46,1,950,2025-11-03T09:40:22.732523,0.3,1762143021.845000,26,1,949,FALSE,FALSE,FALSE,FALSE,
934,2025-11-03T09:40:23.629570,933.0,2025-11-03T09:40:23.734034,104.5,1762143023.633000,49,1,951,2025-11-03T09:40:23.734599,0.6,1762143022.746000,24,1,950,FALSE,FALSE,FALSE,FALSE,
935,2025-11-03T09:40:24.629567,934.0,2025-11-03T09:40:24.735370,105.8,1762143024.634000,49,1,952,2025-11-03T09:40:24.735898,0.5,1762143023.748000,25,1,951,FALSE,FALSE,FALSE,FALSE,
936,2025-11-03T09:40:25.629567,935.0,2025-11-03T09:40:25.737021,107.4,1762143025.636000,49,1,953,2025-11-03T09:40:25.737320,0.3,1762143024.749000,26,1,952,FALSE,FALSE,FALSE,FALSE,
937,2025-11-03T09:40:26.629570,936.0,2025-11-03T09:40:26.738866,109.3,1762143026.637000,49,1,954,2025-11-03T09:40:26.739183,0.3,1762143025.751000,26,1,953,FALSE,FALSE,FALSE,FALSE,
938,2025-11-03T09:40:27.629572,937.0,2025-11-03T09:40:27.741151,111.6,1762143027.640000,49,1,955,2025-11-03T09:40:27.741452,0.3,1762143026.751000,25,1,954,FALSE,FALSE,FALSE,FALSE,
939,2025-11-03T09:40:28.629572,938.0,2025-11-03T09:40:28.743221,113.6,1762143028.642000,49,1,956,2025-11-03T09:40:28.743576,0.3,1762143027.753000,26,1,955,FALSE,FALSE,FALSE,FALSE,
940,2025-11-03T09:40:29.629567,939.0,2025-11-03T09:40:29.745306,115.7,1762143029.644000,49,1,957,2025-11-03T09:40:29.745629,0.3,1762143028.754000,26,1,956,FALSE,FALSE,FALSE,FALSE,
941,2025-11-03T09:40:30.629568,940.0,2025-11-03T09:40:30.747368,117.8,1762143030.647000,48,1,958,2025-11-03T09:40:30.747673,0.3,1762143029.755000,26,1,957,FALSE,FALSE,FALSE,FALSE,
942,2025-11-03T09:40:31.629566,941.0,2025-11-03T09:40:31.748543,119.0,1762143031.648000,48,1,959,2025-11-03T09:40:31.748834,0.3,1762143030.756000,26,1,958,FALSE,FALSE,FALSE,FALSE,
943,2025-11-03T09:40:32.629574,942.0,2025-11-03T09:40:32.749861,120.3,1762143032.649000,48,1,960,2025-11-03T09:40:32.750461,0.6,1762143031.758000,26,1,959,FALSE,FALSE,FALSE,FALSE,
944,2025-11-03T09:40:33.629569,943.0,2025-11-03T09:40:33.751354,121.8,1762143033.650000,49,1,961,2025-11-03T09:40:33.751663,0.3,1762143032.759000,26,1,960,FALSE,FALSE,FALSE,FALSE,
945,2025-11-03T09:40:34.629569,944.0,2025-11-03T09:40:34.752718,123.1,1762143034.652000,48,1,962,2025-11-03T09:40:34.753063,0.3,1762143033.761000,26,1,961,FALSE,FALSE,FALSE,FALSE,
946,2025-11-03T09:40:35.629565,945.0,2025-11-03T09:40:35.753968,124.4,1762143035.654000,48,1,963,2025-11-03T09:40:35.754305,0.3,1762143034.762000,26,1,962,FALSE,FALSE,FALSE,FALSE,
947,2025-11-03T09:40:36.629581,946.0,2025-11-03T09:40:36.755638,126.1,1762143036.655000,49,1,964,2025-11-03T09:40:36.755939,0.3,1762143035.763000,26,1,963,FALSE,FALSE,FALSE,FALSE,
948,2025-11-03T09:40:37.629570,947.0,2025-11-03T09:40:37.757128,127.6,1762143037.656000,49,1,965,2025-11-03T09:40:37.757427,0.3,1762143036.764000,26,1,964,FALSE,FALSE,FALSE,FALSE,
949,2025-11-03T09:40:38.629573,948.0,2025-11-03T09:40:38.758735,129.2,1762143038.658000,48,1,966,2025-11-03T09:40:38.759082,0.3,1762143037.766000,26,1,965,FALSE,FALSE,FALSE,FALSE,
950,2025-11-03T09:40:39.629674,949.0,2025-11-03T09:40:39.759977,130.3,1762143039.659000,48,1,967,2025-11-03T09:40:39.760352,0.3,1762143038.766000,26,1,966,FALSE,FALSE,FALSE,FALSE,
951,2025-11-03T09:40:40.629582,950.0,2025-11-03T09:40:40.761530,131.9,1762143040.661000,49,1,968,2025-11-03T09:40:40.761843,0.3,1762143039.768000,26,1,967,FALSE,FALSE,FALSE,FALSE,
952,2025-11-03T09:40:41.629576,951.0,2025-11-03T09:40:41.762920,133.3,1762143041.662000,48,1,969,2025-11-03T09:40:41.763571,0.6,1762143040.769000,26,1,968,FALSE,FALSE,FALSE,FALSE,
953,2025-11-03T09:40:42.629572,952.0,2025-11-03T09:40:42.764117,134.5,1762143042.664000,49,1,970,2025-11-03T09:40:42.764444,0.3,1762143041.771000,26,1,969,FALSE,FALSE,FALSE,FALSE,
954,2025-11-03T09:40:43.629573,953.0,2025-11-03T09:40:43.765569,136.0,1762143043.665000,48,1,971,2025-11-03T09:40:43.765881,0.3,1762143042.772000,26,1,970,FALSE,FALSE,FALSE,FALSE,
955,2025-11-03T09:40:44.629570,954.0,2025-11-03T09:40:44.767048,137.5,1762143044.666000,50,1,972,2025-11-03T09:40:44.767426,0.4,1762143043.773000,26,1,971,FALSE,FALSE,FALSE,FALSE,
956,2025-11-03T09:40:45.629568,955.0,2025-11-03T09:40:45.769801,140.2,1762143045.668000,48,1,973,2025-11-03T09:40:45.770170,0.4,1762143044.775000,26,1,972,FALSE,FALSE,FALSE,FALSE,
957,2025-11-03T09:40:46.629569,956.0,2025-11-03T09:40:46.771491,141.9,1762143046.671000,50,1,974,2025-11-03T09:40:46.771862,0.4,1762143045.776000,26,1,973,FALSE,FALSE,FALSE,FALSE,
958,2025-11-03T09:40:47.629569,957.0,2025-11-03T09:40:47.772957,143.4,1762143047.672000,49,1,975,2025-11-03T09:40:47.773254,0.3,1762143046.777000,26,1,974,FALSE,FALSE,FALSE,FALSE,
959,2025-11-03T09:40:48.629578,958.0,2025-11-03T09:40:48.774194,144.6,1762143048.674000,48,1,976,2025-11-03T09:40:48.774501,0.3,1762143047.778000,26,1,975,FALSE,FALSE,FALSE,FALSE,
960,2025-11-03T09:40:49.629567,959.0,2025-11-03T09:40:49.775608,146.0,1762143049.675000,49,1,977,2025-11-03T09:40:49.775917,0.3,1762143048.779000,26,1,976,FALSE,FALSE,FALSE,FALSE,
961,2025-11-03T09:40:50.629565,960.0,2025-11-03T09:40:50.776956,147.4,1762143050.676000,49,1,978,2025-11-03T09:40:50.777576,0.6,1762143049.782000,27,1,977,FALSE,FALSE,FALSE,FALSE,
962,2025-11-03T09:40:51.629573,961.0,2025-11-03T09:40:51.778499,148.9,1762143051.678000,50,1,979,2025-11-03T09:40:51.778812,0.3,1762143050.783000,26,1,978,FALSE,FALSE,FALSE,FALSE,
963,2025-11-03T09:40:52.629698,962.0,2025-11-03T09:40:52.780128,150.4,1762143052.679000,50,1,980,2025-11-03T09:40:52.780450,0.3,1762143051.784000,26,1,979,FALSE,FALSE,FALSE,FALSE,
964,2025-11-03T09:40:53.629575,963.0,2025-11-03T09:40:53.781304,151.7,1762143053.681000,49,1,981,2025-11-03T09:40:53.781665,0.3,1762143052.786000,26,1,980,FALSE,FALSE,FALSE,FALSE,
965,2025-11-03T09:40:54.629570,964.0,2025-11-03T09:40:54.782549,153.0,1762143054.682000,49,1,982,2025-11-03T09:40:54.782947,0.4,1762143053.788000,26,1,981,FALSE,FALSE,FALSE,FALSE,
966,2025-11-03T09:40:55.629572,965.0,2025-11-03T09:40:55.784081,154.5,1762143055.684000,50,1,983,2025-11-03T09:40:55.784413,0.3,1762143054.790000,26,1,982,FALSE,FALSE,FALSE,FALSE,
967,2025-11-03T09:40:56.629572,966.0,2025-11-03T09:40:56.786367,156.8,1762143056.686000,49,1,984,2025-11-03T09:40:56.786847,0.5,1762143055.790000,26,1,983,FALSE,FALSE,FALSE,FALSE,
968,2025-11-03T09:40:57.629574,967.0,2025-11-03T09:40:57.787743,158.2,1762143057.688000,49,1,985,2025-11-03T09:40:57.788098,0.3,1762143056.792000,26,1,984,FALSE,FALSE,FALSE,FALSE,
969,2025-11-03T09:40:58.629574,968.0,2025-11-03T09:40:58.789071,159.5,1762143058.688000,50,1,986,2025-11-03T09:40:58.789416,0.3,1762143057.793000,26,1,985,FALSE,FALSE,FALSE,FALSE,
970,2025-11-03T09:40:59.629573,969.0,2025-11-03T09:40:59.796679,167.1,1762143059.690000,49,1,987,2025-11-03T09:40:59.797169,0.5,1762143058.794000,26,1,986,FALSE,FALSE,FALSE,FALSE,
971,2025-11-03T09:41:00.629570,970.0,2025-11-03T09:41:00.793622,164.0,1762143060.692000,50,1,988,2025-11-03T09:41:00.793956,0.3,1762143059.896000,28,1,987,FALSE,FALSE,FALSE,FALSE,
972,2025-11-03T09:41:01.629560,971.0,2025-11-03T09:41:01.795941,166.4,1762143061.695000,49,1,989,2025-11-03T09:41:01.796256,0.3,1762143060.797000,24,1,988,FALSE,FALSE,FALSE,FALSE,
973,2025-11-03T09:41:02.629557,972.0,2025-11-03T09:41:02.798244,168.7,1762143062.697000,48,1,990,2025-11-03T09:41:02.798559,0.3,1762143061.799000,26,1,989,FALSE,FALSE,FALSE,FALSE,
974,2025-11-03T09:41:03.629550,973.0,2025-11-03T09:41:03.799995,170.4,1762143063.699000,49,1,991,2025-11-03T09:41:03.800360,0.3,1762143062.800000,26,1,990,FALSE,FALSE,FALSE,FALSE,
975,2025-11-03T09:41:04.629572,974.0,2025-11-03T09:41:04.801291,171.7,1762143064.701000,49,1,992,2025-11-03T09:41:04.801647,0.3,1762143063.802000,26,1,991,FALSE,FALSE,FALSE,FALSE,
976,2025-11-03T09:41:05.629572,975.0,2025-11-03T09:41:05.802600,173.0,1762143065.702000,49,1,993,2025-11-03T09:41:05.802925,0.3,1762143064.803000,26,1,992,FALSE,FALSE,FALSE,FALSE,
977,2025-11-03T09:41:06.629574,976.0,2025-11-03T09:41:06.803990,174.4,1762143066.703000,49,1,994,2025-11-03T09:41:06.804630,0.6,1762143065.804000,26,1,993,FALSE,FALSE,FALSE,FALSE,
978,2025-11-03T09:41:07.629576,977.0,2025-11-03T09:41:07.805594,176.0,1762143067.705000,49,1,995,2025-11-03T09:41:07.805941,0.3,1762143066.806000,26,1,994,FALSE,FALSE,FALSE,FALSE,
979,2025-11-03T09:41:08.629574,978.0,2025-11-03T09:41:08.881478,251.9,1762143068.706000,49,1,996,2025-11-03T09:41:08.881769,0.3,1762143067.807000,26,1,995,FALSE,FALSE,FALSE,FALSE,
980,2025-11-03T09:41:09.629550,979.0,2025-11-03T09:41:09.808284,178.7,1762143069.708000,50,1,997,2025-11-03T09:41:09.808487,0.2,1762143068.908000,29,1,996,FALSE,FALSE,FALSE,FALSE,
981,2025-11-03T09:41:10.629551,980.0,2025-11-03T09:41:10.809310,179.8,1762143070.709000,51,1,998,2025-11-03T09:41:10.809531,0.2,1762143069.809000,23,1,997,FALSE,FALSE,FALSE,FALSE,
982,2025-11-03T09:41:11.629551,981.0,2025-11-03T09:41:11.810890,181.3,1762143071.710000,50,1,999,2025-11-03T09:41:11.811095,0.2,1762143070.809000,26,1,998,FALSE,FALSE,FALSE,FALSE,
983,2025-11-03T09:41:12.629551,982.0,2025-11-03T09:41:12.812096,182.5,1762143072.712000,50,1,1000,2025-11-03T09:41:12.812303,0.2,1762143071.911000,29,1,999,FALSE,FALSE,FALSE,FALSE,
984,2025-11-03T09:41:13.629549,983.0,2025-11-03T09:41:13.813219,183.7,1762143073.713000,50,1,1001,2025-11-03T09:41:13.813408,0.2,1762143072.912000,26,1,1000,FALSE,FALSE,FALSE,FALSE,
985,2025-11-03T09:41:14.629566,984.0,2025-11-03T09:41:14.815754,186.2,1762143074.715000,50,1,1002,2025-11-03T09:41:14.816220,0.5,1762143073.913000,26,1,1001,FALSE,FALSE,FALSE,FALSE,
986,2025-11-03T09:41:15.629569,985.0,2025-11-03T09:41:15.818245,188.7,1762143075.718000,48,1,1003,2025-11-03T09:41:15.818701,0.4,1762143074.915000,26,1,1002,FALSE,FALSE,FALSE,FALSE,
987,2025-11-03T09:41:16.629566,986.0,2025-11-03T09:41:16.820932,191.4,1762143076.719000,50,1,1004,2025-11-03T09:41:16.821539,0.6,1762143075.917000,26,1,1003,FALSE,FALSE,FALSE,FALSE,
988,2025-11-03T09:41:17.629566,987.0,2025-11-03T09:41:17.823123,193.6,1762143077.722000,49,1,1005,2025-11-03T09:41:17.823554,0.4,1762143076.919000,26,1,1004,FALSE,FALSE,FALSE,FALSE,
989,2025-11-03T09:41:18.629565,988.0,2025-11-03T09:41:18.824923,195.4,1762143078.724000,49,1,1006,2025-11-03T09:41:18.825458,0.5,1762143077.920000,26,1,1005,FALSE,FALSE,FALSE,FALSE,
990,2025-11-03T09:41:19.629571,989.0,2025-11-03T09:41:19.826126,196.6,1762143079.726000,48,1,1007,2025-11-03T09:41:19.826450,0.3,1762143078.922000,26,1,1006,FALSE,FALSE,FALSE,FALSE,
991,2025-11-03T09:41:20.629573,990.0,2025-11-03T09:41:20.827848,198.3,1762143080.727000,50,1,1008,2025-11-03T09:41:20.828161,0.3,1762143079.924000,26,1,1007,FALSE,FALSE,FALSE,FALSE,
992,2025-11-03T09:41:21.629565,991.0,2025-11-03T09:41:21.829073,199.5,1762143081.729000,49,1,1009,2025-11-03T09:41:21.829397,0.3,1762143080.925000,26,1,1008,FALSE,FALSE,FALSE,FALSE,
993,2025-11-03T09:41:22.629562,992.0,2025-11-03T09:41:22.731517,102.0,1762143082.631000,44,1,1010,2025-11-03T09:41:22.731814,0.3,1762143081.927000,26,1,1009,FALSE,FALSE,FALSE,FALSE,
994,2025-11-03T09:41:23.629567,993.0,2025-11-03T09:41:23.732905,103.3,1762143083.632000,48,1,1011,2025-11-03T09:41:23.733262,0.3,1762143082.828000,24,1,1010,FALSE,FALSE,FALSE,FALSE,
995,2025-11-03T09:41:24.629580,994.0,2025-11-03T09:41:24.734515,104.9,1762143084.634000,49,1,1012,2025-11-03T09:41:24.734824,0.3,1762143083.829000,26,1,1011,FALSE,FALSE,FALSE,FALSE,
996,2025-11-03T09:41:25.629565,995.0,2025-11-03T09:41:25.735753,106.2,1762143085.635000,50,1,1013,2025-11-03T09:41:25.736316,0.5,1762143084.832000,26,1,1012,FALSE,FALSE,FALSE,FALSE,
997,2025-11-03T09:41:26.629554,996.0,2025-11-03T09:41:26.736986,107.4,1762143086.637000,49,1,1014,2025-11-03T09:41:26.737283,0.3,1762143085.834000,26,1,1013,FALSE,FALSE,FALSE,FALSE,
998,2025-11-03T09:41:27.629566,997.0,2025-11-03T09:41:27.738382,108.8,1762143087.638000,49,1,1015,2025-11-03T09:41:27.738723,0.3,1762143086.835000,26,1,1014,FALSE,FALSE,FALSE,FALSE,
999,2025-11-03T09:41:28.629575,998.0,2025-11-03T09:41:28.739915,110.3,1762143088.639000,50,1,1016,2025-11-03T09:41:28.740213,0.3,1762143087.837000,26,1,1015,FALSE,FALSE,FALSE,FALSE,
1000,2025-11-03T09:41:29.629558,999.0,2025-11-03T09:41:29.741151,111.6,1762143089.641000,50,1,1017,2025-11-03T09:41:29.741446,0.3,1762143088.839000,26,1,1016,FALSE,FALSE,FALSE,FALSE,
1001,2025-11-03T09:41:30.629559,1000.0,2025-11-03T09:41:30.742526,113.0,1762143090.642000,50,1,1018,2025-11-03T09:41:30.742832,0.3,1762143089.840000,26,1,1017,FALSE,FALSE,FALSE,FALSE,
1002,2025-11-03T09:41:31.629572,1001.0,2025-11-03T09:41:31.743960,114.4,1762143091.643000,49,1,1019,2025-11-03T09:41:31.744261,0.3,1762143090.841000,26,1,1018,FALSE,FALSE,FALSE,FALSE,
1003,2025-11-03T09:41:32.629574,1002.0,2025-11-03T09:41:32.745677,116.1,1762143092.645000,50,1,1020,2025-11-03T09:41:32.746042,0.4,1762143091.843000,26,1,1019,FALSE,FALSE,FALSE,FALSE,
1004,2025-11-03T09:41:33.629567,1003.0,2025-11-03T09:41:33.748662,119.1,1762143093.648000,49,1,1021,2025-11-03T09:41:33.748971,0.3,1762143092.845000,26,1,1020,FALSE,FALSE,FALSE,FALSE,
1005,2025-11-03T09:41:34.629576,1004.0,2025-11-03T09:41:34.750370,120.8,1762143094.650000,50,1,1022,2025-11-03T09:41:34.751021,0.6,1762143093.847000,26,1,1021,FALSE,FALSE,FALSE,FALSE,
1006,2025-11-03T09:41:35.629569,1005.0,2025-11-03T09:41:35.752827,123.3,1762143095.652000,50,1,1023,2025-11-03T09:41:35.753155,0.3,1762143094.849000,26,1,1022,FALSE,FALSE,FALSE,FALSE,
1007,2025-11-03T09:41:36.629575,1006.0,2025-11-03T09:41:36.754253,124.7,1762143096.654000,49,1,1024,2025-11-03T09:41:36.754563,0.3,1762143095.850000,26,1,1023,FALSE,FALSE,FALSE,FALSE,
1008,2025-11-03T09:41:37.629574,1007.0,2025-11-03T09:41:37.755609,126.0,1762143097.655000,49,1,1025,2025-11-03T09:41:37.755942,0.3,1762143096.851000,26,1,1024,FALSE,FALSE,FALSE,FALSE,
1009,2025-11-03T09:41:38.629568,1008.0,2025-11-03T09:41:38.757034,127.5,1762143098.656000,50,1,1026,2025-11-03T09:41:38.757332,0.3,1762143097.853000,26,1,1025,FALSE,FALSE,FALSE,FALSE,
1010,2025-11-03T09:41:39.629573,1009.0,2025-11-03T09:41:39.758240,128.7,1762143099.658000,49,1,1027,2025-11-03T09:41:39.758558,0.3,1762143098.854000,26,1,1026,FALSE,FALSE,FALSE,FALSE,
1011,2025-11-03T09:41:40.629580,1010.0,2025-11-03T09:41:40.759527,129.9,1762143100.659000,48,1,1028,2025-11-03T09:41:40.759840,0.3,1762143099.856000,26,1,1027,FALSE,FALSE,FALSE,FALSE,
1012,2025-11-03T09:41:41.629568,1011.0,2025-11-03T09:41:41.760666,131.1,1762143101.660000,48,1,1029,2025-11-03T09:41:41.760981,0.3,1762143100.857000,26,1,1028,FALSE,FALSE,FALSE,FALSE,
1013,2025-11-03T09:41:42.629566,1012.0,2025-11-03T09:41:42.761969,132.4,1762143102.661000,50,1,1030,2025-11-03T09:41:42.762280,0.3,1762143101.858000,27,1,1029,FALSE,FALSE,FALSE,FALSE,
1014,2025-11-03T09:41:43.629572,1013.0,2025-11-03T09:41:43.763769,134.2,1762143103.663000,50,1,1031,2025-11-03T09:41:43.764151,0.4,1762143102.859000,26,1,1030,FALSE,FALSE,FALSE,FALSE,
1015,2025-11-03T09:41:44.629581,1014.0,2025-11-03T09:41:44.764691,135.1,1762143104.664000,49,1,1032,2025-11-03T09:41:44.764992,0.3,1762143103.861000,26,1,1031,FALSE,FALSE,FALSE,FALSE,
1016,2025-11-03T09:41:45.629568,1015.0,2025-11-03T09:41:45.765886,136.3,1762143105.665000,48,1,1033,2025-11-03T09:41:45.766195,0.3,1762143104.862000,26,1,1032,FALSE,FALSE,FALSE,FALSE,
1017,2025-11-03T09:41:46.629572,1016.0,2025-11-03T09:41:46.767147,137.6,1762143106.666000,50,1,1034,2025-11-03T09:41:46.767554,0.4,1762143105.863000,26,1,1033,FALSE,FALSE,FALSE,FALSE,
1018,2025-11-03T09:41:47.629574,1017.0,2025-11-03T09:41:47.768579,139.0,1762143107.668000,49,1,1035,2025-11-03T09:41:47.768915,0.3,1762143106.864000,26,1,1034,FALSE,FALSE,FALSE,FALSE,
1019,2025-11-03T09:41:48.629572,1018.0,2025-11-03T09:41:48.769954,140.4,1762143108.669000,49,1,1036,2025-11-03T09:41:48.770295,0.3,1762143107.865000,26,1,1035,FALSE,FALSE,FALSE,FALSE,
1020,2025-11-03T09:41:49.629576,1019.0,2025-11-03T09:41:49.771205,141.6,1762143109.670000,50,1,1037,2025-11-03T09:41:49.771583,0.4,1762143108.867000,26,1,1036,FALSE,FALSE,FALSE,FALSE,
1021,2025-11-03T09:41:50.629566,1020.0,2025-11-03T09:41:50.772537,143.0,1762143110.672000,48,1,1038,2025-11-03T09:41:50.772871,0.3,1762143109.868000,26,1,1037,FALSE,FALSE,FALSE,FALSE,
1022,2025-11-03T09:41:51.629564,1021.0,2025-11-03T09:41:51.773695,144.1,1762143111.673000,50,1,1039,2025-11-03T09:41:51.774017,0.3,1762143110.869000,26,1,1038,FALSE,FALSE,FALSE,FALSE,
1023,2025-11-03T09:41:52.629576,1022.0,2025-11-03T09:41:52.775378,145.8,1762143112.674000,49,1,1040,2025-11-03T09:41:52.775733,0.3,1762143111.870000,25,1,1039,FALSE,FALSE,FALSE,FALSE,
1024,2025-11-03T09:41:53.629571,1023.0,2025-11-03T09:41:53.777103,147.5,1762143113.676000,49,1,1041,2025-11-03T09:41:53.777441,0.3,1762143112.872000,26,1,1040,FALSE,FALSE,FALSE,FALSE,
1025,2025-11-03T09:41:54.629571,1024.0,2025-11-03T09:41:54.779153,149.6,1762143114.678000,49,1,1042,2025-11-03T09:41:54.779542,0.4,1762143113.873000,26,1,1041,FALSE,FALSE,FALSE,FALSE,
1026,2025-11-03T09:41:55.629581,1025.0,2025-11-03T09:41:55.780942,151.4,1762143115.680000,50,1,1043,2025-11-03T09:41:55.781311,0.4,1762143114.874000,26,1,1042,FALSE,FALSE,FALSE,FALSE,
1027,2025-11-03T09:41:56.629573,1026.0,2025-11-03T09:41:56.783043,153.5,1762143116.682000,50,1,1044,2025-11-03T09:41:56.783416,0.4,1762143115.875000,26,1,1043,FALSE,FALSE,FALSE,FALSE,
1028,2025-11-03T09:41:57.629565,1027.0,2025-11-03T09:41:57.784719,155.2,1762143117.684000,50,1,1045,2025-11-03T09:41:57.785031,0.3,1762143116.876000,26,1,1044,FALSE,FALSE,FALSE,FALSE,
1029,2025-11-03T09:41:58.629567,1028.0,2025-11-03T09:41:58.786150,156.6,1762143118.685000,49,1,1046,2025-11-03T09:41:58.786474,0.3,1762143117.878000,26,1,1045,FALSE,FALSE,FALSE,FALSE,
1030,2025-11-03T09:41:59.629580,1029.0,2025-11-03T09:41:59.787858,158.3,1762143119.687000,50,1,1047,2025-11-03T09:41:59.788252,0.4,1762143118.879000,26,1,1046,FALSE,FALSE,FALSE,FALSE,
1031,2025-11-03T09:42:00.629581,1030.0,2025-11-03T09:42:00.789663,160.1,1762143120.689000,49,1,1048,2025-11-03T09:42:00.789974,0.3,1762143119.880000,26,1,1047,FALSE,FALSE,FALSE,FALSE,
1032,2025-11-03T09:42:01.629578,1031.0,2025-11-03T09:42:01.791757,162.2,1762143121.691000,50,1,1049,2025-11-03T09:42:01.792128,0.4,1762143120.882000,26,1,1048,FALSE,FALSE,FALSE,FALSE,
1033,2025-11-03T09:42:02.629573,1032.0,2025-11-03T09:42:02.792824,163.2,1762143122.692000,49,1,1050,2025-11-03T09:42:02.793142,0.3,1762143121.883000,26,1,1049,FALSE,FALSE,FALSE,FALSE,
1034,2025-11-03T09:42:03.629571,1033.0,2025-11-03T09:42:03.794100,164.5,1762143123.694000,49,1,1051,2025-11-03T09:42:03.794422,0.3,1762143122.885000,26,1,1050,FALSE,FALSE,FALSE,FALSE,
1035,2025-11-03T09:42:04.629571,1034.0,2025-11-03T09:42:04.795728,166.2,1762143124.695000,49,1,1052,2025-11-03T09:42:04.796039,0.3,1762143123.886000,26,1,1051,FALSE,FALSE,FALSE,FALSE,
1036,2025-11-03T09:42:05.629572,1035.0,2025-11-03T09:42:05.797068,167.5,1762143125.696000,50,1,1053,2025-11-03T09:42:05.797425,0.3,1762143124.888000,26,1,1052,FALSE,FALSE,FALSE,FALSE,
1037,2025-11-03T09:42:06.629570,1036.0,2025-11-03T09:42:06.798242,168.7,1762143126.698000,49,1,1054,2025-11-03T09:42:06.798536,0.3,1762143125.889000,26,1,1053,FALSE,FALSE,FALSE,FALSE,
1038,2025-11-03T09:42:07.629577,1037.0,2025-11-03T09:42:07.799679,170.1,1762143127.699000,50,1,1055,2025-11-03T09:42:07.800053,0.4,1762143126.891000,26,1,1054,FALSE,FALSE,FALSE,FALSE,
1039,2025-11-03T09:42:08.629570,1038.0,2025-11-03T09:42:08.800969,171.4,1762143128.701000,49,1,1056,2025-11-03T09:42:08.801286,0.3,1762143127.893000,26,1,1055,FALSE,FALSE,FALSE,FALSE,
1040,2025-11-03T09:42:09.629569,1039.0,2025-11-03T09:42:09.802126,172.6,1762143129.702000,50,1,1057,2025-11-03T09:42:09.802421,0.3,1762143128.894000,26,1,1056,FALSE,FALSE,FALSE,FALSE,
1041,2025-11-03T09:42:10.629571,1040.0,2025-11-03T09:42:10.803733,174.2,1762143130.703000,49,1,1058,2025-11-03T09:42:10.804092,0.3,1762143129.896000,26,1,1057,FALSE,FALSE,FALSE,FALSE,
1042,2025-11-03T09:42:11.629575,1041.0,2025-11-03T09:42:11.804738,175.2,1762143131.704000,49,1,1059,2025-11-03T09:42:11.805326,0.6,1762143130.898000,27,1,1058,FALSE,FALSE,FALSE,FALSE,
1043,2025-11-03T09:42:12.629627,1042.0,2025-11-03T09:42:12.806223,176.6,1762143132.705000,51,1,1060,2025-11-03T09:42:12.806538,0.3,1762143131.900000,26,1,1059,FALSE,FALSE,FALSE,FALSE,
1044,2025-11-03T09:42:13.629577,1043.0,2025-11-03T09:42:13.808731,179.2,1762143133.707000,47,1,1061,2025-11-03T09:42:13.809098,0.4,1762143132.902000,26,1,1060,FALSE,FALSE,FALSE,FALSE,
1045,2025-11-03T09:42:14.629568,1044.0,2025-11-03T09:42:14.811525,182.0,1762143134.710000,50,1,1062,2025-11-03T09:42:14.811826,0.3,1762143133.903000,26,1,1061,FALSE,FALSE,FALSE,FALSE,
1046,2025-11-03T09:42:15.629565,1045.0,2025-11-03T09:42:15.813179,183.6,1762143135.712000,49,1,1063,2025-11-03T09:42:15.813489,0.3,1762143134.904000,26,1,1062,FALSE,FALSE,FALSE,FALSE,
1047,2025-11-03T09:42:16.629569,1046.0,2025-11-03T09:42:16.814638,185.1,1762143136.714000,50,1,1064,2025-11-03T09:42:16.814941,0.3,1762143135.905000,26,1,1063,FALSE,FALSE,FALSE,FALSE,
1048,2025-11-03T09:42:17.629566,1047.0,2025-11-03T09:42:17.816762,187.2,1762143137.716000,49,1,1065,2025-11-03T09:42:17.817056,0.3,1762143136.907000,26,1,1064,FALSE,FALSE,FALSE,FALSE,
1049,2025-11-03T09:42:18.629569,1048.0,2025-11-03T09:42:18.818108,188.5,1762143138.718000,49,1,1066,2025-11-03T09:42:18.818680,0.6,1762143137.908000,26,1,1065,FALSE,FALSE,FALSE,FALSE,
1050,2025-11-03T09:42:19.629578,1049.0,2025-11-03T09:42:19.819382,189.8,1762143139.719000,49,1,1067,2025-11-03T09:42:19.819707,0.3,1762143138.910000,26,1,1066,FALSE,FALSE,FALSE,FALSE,
1051,2025-11-03T09:42:20.629567,1050.0,2025-11-03T09:42:20.820832,191.3,1762143140.720000,48,1,1068,2025-11-03T09:42:20.821140,0.3,1762143139.912000,26,1,1067,FALSE,FALSE,FALSE,FALSE,
1052,2025-11-03T09:42:21.629568,1051.0,2025-11-03T09:42:21.822187,192.6,1762143141.722000,50,1,1069,2025-11-03T09:42:21.822508,0.3,1762143140.913000,26,1,1068,FALSE,FALSE,FALSE,FALSE,
1053,2025-11-03T09:42:22.629569,1052.0,2025-11-03T09:42:22.823527,194.0,1762143142.723000,47,1,1070,2025-11-03T09:42:22.823839,0.3,1762143141.914000,26,1,1069,FALSE,FALSE,FALSE,FALSE,
1054,2025-11-03T09:42:23.629573,1053.0,2025-11-03T09:42:23.824946,195.4,1762143143.724000,49,1,1071,2025-11-03T09:42:23.825271,0.3,1762143142.915000,26,1,1070,FALSE,FALSE,FALSE,FALSE,
1055,2025-11-03T09:42:24.629567,1054.0,2025-11-03T09:42:24.826290,196.7,1762143144.726000,49,1,1072,2025-11-03T09:42:24.826596,0.3,1762143143.917000,26,1,1071,FALSE,FALSE,FALSE,FALSE,
1056,2025-11-03T09:42:25.629579,1055.0,2025-11-03T09:42:25.828096,198.5,1762143145.727000,49,1,1073,2025-11-03T09:42:25.828474,0.4,1762143144.918000,26,1,1072,FALSE,FALSE,FALSE,FALSE,
1057,2025-11-03T09:42:26.629567,1056.0,2025-11-03T09:42:26.830040,200.5,1762143146.730000,51,1,1074,2025-11-03T09:42:26.830352,0.3,1762143145.919000,26,1,1073,FALSE,FALSE,FALSE,FALSE,
1058,2025-11-03T09:42:27.629570,1057.0,2025-11-03T09:42:27.731061,101.5,1762143147.630000,44,1,1075,2025-11-03T09:42:27.731734,0.7,1762143146.921000,26,1,1074,FALSE,FALSE,FALSE,FALSE,
1059,2025-11-03T09:42:28.629585,1058.0,2025-11-03T09:42:28.732368,102.8,1762143148.632000,50,1,1076,2025-11-03T09:42:28.732665,0.3,1762143147.822000,24,1,1075,FALSE,FALSE,FALSE,FALSE,
1060,2025-11-03T09:42:29.629576,1059.0,2025-11-03T09:42:29.733674,104.1,1762143149.633000,48,1,1077,2025-11-03T09:42:29.733961,0.3,1762143148.824000,25,1,1076,FALSE,FALSE,FALSE,FALSE,
1061,2025-11-03T09:42:30.629579,1060.0,2025-11-03T09:42:30.734989,105.4,1762143150.634000,49,1,1078,2025-11-03T09:42:30.735294,0.3,1762143149.825000,26,1,1077,FALSE,FALSE,FALSE,FALSE,
1062,2025-11-03T09:42:31.629573,1061.0,2025-11-03T09:42:31.736267,106.7,1762143151.636000,50,1,1079,2025-11-03T09:42:31.736660,0.4,1762143150.826000,26,1,1078,FALSE,FALSE,FALSE,FALSE,
1063,2025-11-03T09:42:32.629565,1062.0,2025-11-03T09:42:32.737700,108.1,1762143152.637000,49,1,1080,2025-11-03T09:42:32.738075,0.4,1762143151.828000,26,1,1079,FALSE,FALSE,FALSE,FALSE,
1064,2025-11-03T09:42:33.629572,1063.0,2025-11-03T09:42:33.739562,110.0,1762143153.639000,49,1,1081,2025-11-03T09:42:33.739874,0.3,1762143152.829000,26,1,1080,FALSE,FALSE,FALSE,FALSE,
1065,2025-11-03T09:42:34.629572,1064.0,2025-11-03T09:42:34.741115,111.5,1762143154.641000,49,1,1082,2025-11-03T09:42:34.741459,0.3,1762143153.831000,26,1,1081,FALSE,FALSE,FALSE,FALSE,
1066,2025-11-03T09:42:35.629567,1065.0,2025-11-03T09:42:35.742596,113.0,1762143155.642000,49,1,1083,2025-11-03T09:42:35.742909,0.3,1762143154.833000,26,1,1082,FALSE,FALSE,FALSE,FALSE,
1067,2025-11-03T09:42:36.629565,1066.0,2025-11-03T09:42:36.743857,114.3,1762143156.643000,48,1,1084,2025-11-03T09:42:36.744479,0.6,1762143155.834000,26,1,1083,FALSE,FALSE,FALSE,FALSE,
1068,2025-11-03T09:42:37.629575,1067.0,2025-11-03T09:42:37.745094,115.5,1762143157.645000,49,1,1085,2025-11-03T09:42:37.745405,0.3,1762143156.835000,26,1,1084,FALSE,FALSE,FALSE,FALSE,
1069,2025-11-03T09:42:38.629575,1068.0,2025-11-03T09:42:38.746459,116.9,1762143158.646000,49,1,1086,2025-11-03T09:42:38.746759,0.3,1762143157.837000,26,1,1085,FALSE,FALSE,FALSE,FALSE,
1070,2025-11-03T09:42:39.629573,1069.0,2025-11-03T09:42:39.747749,118.2,1762143159.647000,50,1,1087,2025-11-03T09:42:39.748051,0.3,1762143158.838000,26,1,1086,FALSE,FALSE,FALSE,FALSE,
1071,2025-11-03T09:42:40.629573,1070.0,2025-11-03T09:42:40.749051,119.5,1762143160.648000,50,1,1088,2025-11-03T09:42:40.749346,0.3,1762143159.839000,26,1,1087,FALSE,FALSE,FALSE,FALSE,
1072,2025-11-03T09:42:41.629570,1071.0,2025-11-03T09:42:41.750180,120.6,1762143161.650000,48,1,1089,2025-11-03T09:42:41.750537,0.3,1762143160.841000,26,1,1088,FALSE,FALSE,FALSE,FALSE,
1073,2025-11-03T09:42:42.629568,1072.0,2025-11-03T09:42:42.751466,121.9,1762143162.651000,48,1,1090,2025-11-03T09:42:42.751808,0.3,1762143161.842000,26,1,1089,FALSE,FALSE,FALSE,FALSE,
1074,2025-11-03T09:42:43.629583,1073.0,2025-11-03T09:42:43.752782,123.2,1762143163.652000,49,1,1091,2025-11-03T09:42:43.753069,0.3,1762143162.843000,26,1,1090,FALSE,FALSE,FALSE,FALSE,
1075,2025-11-03T09:42:44.629570,1074.0,2025-11-03T09:42:44.754014,124.4,1762143164.654000,50,1,1092,2025-11-03T09:42:44.754371,0.3,1762143163.844000,26,1,1091,FALSE,FALSE,FALSE,FALSE,
1076,2025-11-03T09:42:45.629567,1075.0,2025-11-03T09:42:45.755594,126.0,1762143165.655000,49,1,1093,2025-11-03T09:42:45.755946,0.3,1762143164.846000,26,1,1092,FALSE,FALSE,FALSE,FALSE,
1077,2025-11-03T09:42:46.629568,1076.0,2025-11-03T09:42:46.756545,127.0,1762143166.656000,49,1,1094,2025-11-03T09:42:46.756825,0.3,1762143165.847000,26,1,1093,FALSE,FALSE,FALSE,FALSE,
1078,2025-11-03T09:42:47.629567,1077.0,2025-11-03T09:42:47.757960,128.4,1762143167.657000,49,1,1095,2025-11-03T09:42:47.758283,0.3,1762143166.848000,26,1,1094,FALSE,FALSE,FALSE,FALSE,
1079,2025-11-03T09:42:48.629571,1078.0,2025-11-03T09:42:48.759540,130.0,1762143168.659000,48,1,1096,2025-11-03T09:42:48.759922,0.4,1762143167.850000,26,1,1095,FALSE,FALSE,FALSE,FALSE,
1080,2025-11-03T09:42:49.629585,1079.0,2025-11-03T09:42:49.760916,131.3,1762143169.660000,49,1,1097,2025-11-03T09:42:49.761219,0.3,1762143168.851000,26,1,1096,FALSE,FALSE,FALSE,FALSE,
1081,2025-11-03T09:42:50.629567,1080.0,2025-11-03T09:42:50.762355,132.8,1762143170.662000,49,1,1098,2025-11-03T09:42:50.762677,0.3,1762143169.852000,26,1,1097,FALSE,FALSE,FALSE,FALSE,
1082,2025-11-03T09:42:51.629645,1081.0,2025-11-03T09:42:51.763635,134.0,1762143171.663000,49,1,1099,2025-11-03T09:42:51.763949,0.3,1762143170.854000,26,1,1098,FALSE,FALSE,FALSE,FALSE,
1083,2025-11-03T09:42:52.629633,1082.0,2025-11-03T09:42:52.764801,135.2,1762143172.664000,49,1,1100,2025-11-03T09:42:52.765131,0.3,1762143171.855000,27,1,1099,FALSE,FALSE,FALSE,FALSE,
1084,2025-11-03T09:42:53.629567,1083.0,2025-11-03T09:42:53.766222,136.6,1762143173.665000,50,1,1101,2025-11-03T09:42:53.766528,0.3,1762143172.856000,26,1,1100,FALSE,FALSE,FALSE,FALSE,
1085,2025-11-03T09:42:54.629570,1084.0,2025-11-03T09:42:54.775364,146.0,1762143174.667000,50,1,1102,2025-11-03T09:42:54.776035,0.5,1762143173.858000,26,1,1101,FALSE,FALSE,FALSE,FALSE,
1086,2025-11-03T09:42:55.629574,1085.0,2025-11-03T09:42:55.770435,140.9,1762143175.670000,49,1,1103,2025-11-03T09:42:55.770789,0.3,1762143174.859000,26,1,1102,FALSE,FALSE,FALSE,FALSE,
1087,2025-11-03T09:42:56.629571,1086.0,2025-11-03T09:42:56.772130,142.6,1762143176.672000,49,1,1104,2025-11-03T09:42:56.772452,0.3,1762143175.860000,26,1,1103,FALSE,FALSE,FALSE,FALSE,
1088,2025-11-03T09:42:57.629575,1087.0,2025-11-03T09:42:57.773656,144.1,1762143177.673000,49,1,1105,2025-11-03T09:42:57.773969,0.3,1762143176.862000,26,1,1104,FALSE,FALSE,FALSE,FALSE,
1089,2025-11-03T09:42:58.629571,1088.0,2025-11-03T09:42:58.774983,145.4,1762143178.674000,50,1,1106,2025-11-03T09:42:58.775377,0.4,1762143177.863000,26,1,1105,FALSE,FALSE,FALSE,FALSE,
1090,2025-11-03T09:42:59.629583,1089.0,2025-11-03T09:42:59.776375,146.8,1762143179.676000,50,1,1107,2025-11-03T09:42:59.776689,0.3,1762143178.865000,26,1,1106,FALSE,FALSE,FALSE,FALSE,
1091,2025-11-03T09:43:00.629572,1090.0,2025-11-03T09:43:00.777859,148.3,1762143180.677000,48,1,1108,2025-11-03T09:43:00.778182,0.3,1762143179.866000,26,1,1107,FALSE,FALSE,FALSE,FALSE,
1092,2025-11-03T09:43:01.629583,1091.0,2025-11-03T09:43:01.779615,150.0,1762143181.679000,49,1,1109,2025-11-03T09:43:01.779940,0.3,1762143180.867000,26,1,1108,FALSE,FALSE,FALSE,FALSE,
1093,2025-11-03T09:43:02.629577,1092.0,2025-11-03T09:43:02.781710,152.1,1762143182.681000,50,1,1110,2025-11-03T09:43:02.782014,0.3,1762143181.868000,26,1,1109,FALSE,FALSE,FALSE,FALSE,
1094,2025-11-03T09:43:03.629573,1093.0,2025-11-03T09:43:03.783950,154.4,1762143183.683000,48,1,1111,2025-11-03T09:43:03.784282,0.3,1762143182.869000,26,1,1110,FALSE,FALSE,FALSE,FALSE,
1095,2025-11-03T09:43:04.629574,1094.0,2025-11-03T09:43:04.785346,155.8,1762143184.684000,50,1,1112,2025-11-03T09:43:04.785688,0.3,1762143183.871000,26,1,1111,FALSE,FALSE,FALSE,FALSE,
1096,2025-11-03T09:43:05.629570,1095.0,2025-11-03T09:43:05.786769,157.2,1762143185.686000,51,1,1113,2025-11-03T09:43:05.787099,0.3,1762143184.872000,26,1,1112,FALSE,FALSE,FALSE,FALSE,
1097,2025-11-03T09:43:06.629625,1096.0,2025-11-03T09:43:06.788065,158.4,1762143186.689000,49,1,1114,2025-11-03T09:43:06.788510,0.4,1762143185.874000,26,1,1113,FALSE,FALSE,FALSE,FALSE,
1098,2025-11-03T09:43:07.629585,1097.0,2025-11-03T09:43:07.789368,159.8,1762143187.688000,50,1,1115,2025-11-03T09:43:07.789678,0.3,1762143186.875000,26,1,1114,FALSE,FALSE,FALSE,FALSE,
1099,2025-11-03T09:43:08.629577,1098.0,2025-11-03T09:43:08.790626,161.0,1762143188.690000,49,1,1116,2025-11-03T09:43:08.790931,0.3,1762143187.877000,26,1,1115,FALSE,FALSE,FALSE,FALSE,
1100,2025-11-03T09:43:09.629575,1099.0,2025-11-03T09:43:09.791926,162.3,1762143189.691000,50,1,1117,2025-11-03T09:43:09.792236,0.3,1762143188.880000,26,1,1116,FALSE,FALSE,FALSE,FALSE,
1101,2025-11-03T09:43:10.629574,1100.0,2025-11-03T09:43:10.793251,163.7,1762143190.693000,49,1,1118,2025-11-03T09:43:10.793569,0.3,1762143189.881000,26,1,1117,FALSE,FALSE,FALSE,FALSE,
1102,2025-11-03T09:43:11.629577,1101.0,2025-11-03T09:43:11.794548,165.0,1762143191.694000,51,1,1119,2025-11-03T09:43:11.794856,0.3,1762143190.883000,26,1,1118,FALSE,FALSE,FALSE,FALSE,
1103,2025-11-03T09:43:12.629570,1102.0,2025-11-03T09:43:12.796033,166.5,1762143192.696000,49,1,1120,2025-11-03T09:43:12.796384,0.3,1762143191.885000,26,1,1119,FALSE,FALSE,FALSE,FALSE,
1104,2025-11-03T09:43:13.629574,1103.0,2025-11-03T09:43:13.796935,167.4,1762143193.697000,47,1,1121,2025-11-03T09:43:13.797270,0.3,1762143192.887000,26,1,1120,FALSE,FALSE,FALSE,FALSE,
1105,2025-11-03T09:43:14.629575,1104.0,2025-11-03T09:43:14.798268,168.7,1762143194.697000,50,1,1122,2025-11-03T09:43:14.798607,0.3,1762143193.889000,26,1,1121,FALSE,FALSE,FALSE,FALSE,
1106,2025-11-03T09:43:15.629572,1105.0,2025-11-03T09:43:15.799827,170.3,1762143195.699000,49,1,1123,2025-11-03T09:43:15.800138,0.3,1762143194.891000,26,1,1122,FALSE,FALSE,FALSE,FALSE,
1107,2025-11-03T09:43:16.629577,1106.0,2025-11-03T09:43:16.801153,171.6,1762143196.701000,50,1,1124,2025-11-03T09:43:16.801476,0.3,1762143195.893000,26,1,1123,FALSE,FALSE,FALSE,FALSE,
1108,2025-11-03T09:43:17.629577,1107.0,2025-11-03T09:43:17.803424,173.8,1762143197.702000,48,1,1125,2025-11-03T09:43:17.803748,0.3,1762143196.895000,27,1,1124,FALSE,FALSE,FALSE,FALSE,
1109,2025-11-03T09:43:18.629577,1108.0,2025-11-03T09:43:18.804735,175.2,1762143198.704000,49,1,1126,2025-11-03T09:43:18.805078,0.3,1762143197.897000,26,1,1125,FALSE,FALSE,FALSE,FALSE,
1110,2025-11-03T09:43:19.629572,1109.0,2025-11-03T09:43:19.806354,176.8,1762143199.705000,49,1,1127,2025-11-03T09:43:19.806674,0.3,1762143198.899000,26,1,1126,FALSE,FALSE,FALSE,FALSE,
1111,2025-11-03T09:43:20.629566,1110.0,2025-11-03T09:43:20.807713,178.1,1762143200.707000,48,1,1128,2025-11-03T09:43:20.808043,0.3,1762143199.900000,26,1,1127,FALSE,FALSE,FALSE,FALSE,
1112,2025-11-03T09:43:21.629579,1111.0,2025-11-03T09:43:21.808933,179.4,1762143201.709000,50,1,1129,2025-11-03T09:43:21.809254,0.3,1762143200.901000,26,1,1128,FALSE,FALSE,FALSE,FALSE,
1113,2025-11-03T09:43:22.629581,1112.0,2025-11-03T09:43:22.810450,180.9,1762143202.709000,49,1,1130,2025-11-03T09:43:22.810763,0.3,1762143201.902000,26,1,1129,FALSE,FALSE,FALSE,FALSE,
1114,2025-11-03T09:43:23.629569,1113.0,2025-11-03T09:43:23.812522,182.9,1762143203.712000,49,1,1131,2025-11-03T09:43:23.812867,0.3,1762143202.904000,26,1,1130,FALSE,FALSE,FALSE,FALSE,
1115,2025-11-03T09:43:24.629572,1114.0,2025-11-03T09:43:24.814142,184.6,1762143204.713000,49,1,1132,2025-11-03T09:43:24.814501,0.3,1762143203.906000,26,1,1131,FALSE,FALSE,FALSE,FALSE,
1116,2025-11-03T09:43:25.629575,1115.0,2025-11-03T09:43:25.815537,186.0,1762143205.715000,49,1,1133,2025-11-03T09:43:25.816057,0.5,1762143204.907000,26,1,1132,FALSE,FALSE,FALSE,FALSE,
1117,2025-11-03T09:43:26.629571,1116.0,2025-11-03T09:43:26.816657,187.1,1762143206.716000,49,1,1134,2025-11-03T09:43:26.816979,0.3,1762143205.908000,26,1,1133,FALSE,FALSE,FALSE,FALSE,
1118,2025-11-03T09:43:27.629576,1117.0,2025-11-03T09:43:27.818109,188.5,1762143207.717000,48,1,1135,2025-11-03T09:43:27.818599,0.5,1762143206.909000,26,1,1134,FALSE,FALSE,FALSE,FALSE,
1119,2025-11-03T09:43:28.629573,1118.0,2025-11-03T09:43:28.819561,190.0,1762143208.719000,49,1,1136,2025-11-03T09:43:28.819899,0.3,1762143207.911000,26,1,1135,FALSE,FALSE,FALSE,FALSE,
1120,2025-11-03T09:43:29.629572,1119.0,2025-11-03T09:43:29.821117,191.5,1762143209.720000,49,1,1137,2025-11-03T09:43:29.822004,0.9,1762143208.913000,26,1,1136,FALSE,FALSE,FALSE,FALSE,
1121,2025-11-03T09:43:30.629574,1120.0,2025-11-03T09:43:30.823106,193.5,1762143210.722000,50,1,1138,2025-11-03T09:43:30.823610,0.5,1762143209.914000,26,1,1137,FALSE,FALSE,FALSE,FALSE,
1122,2025-11-03T09:43:31.629641,1121.0,2025-11-03T09:43:31.824960,195.3,1762143211.724000,48,1,1139,2025-11-03T09:43:31.825336,0.4,1762143210.915000,26,1,1138,FALSE,FALSE,FALSE,FALSE,
1123,2025-11-03T09:43:32.629569,1122.0,2025-11-03T09:43:32.826323,196.8,1762143212.726000,50,1,1140,2025-11-03T09:43:32.826679,0.3,1762143211.917000,26,1,1139,FALSE,FALSE,FALSE,FALSE,
1124,2025-11-03T09:43:33.629569,1123.0,2025-11-03T09:43:33.827693,198.1,1762143213.727000,49,1,1141,2025-11-03T09:43:33.828025,0.3,1762143212.919000,26,1,1140,FALSE,FALSE,FALSE,FALSE,
1125,2025-11-03T09:43:34.629569,1124.0,2025-11-03T09:43:34.828977,199.4,1762143214.728000,49,1,1142,2025-11-03T09:43:34.829330,0.3,1762143213.920000,26,1,1141,FALSE,FALSE,FALSE,FALSE,
1126,2025-11-03T09:43:35.629570,1125.0,2025-11-03T09:43:35.830301,200.7,1762143215.729000,49,1,1143,2025-11-03T09:43:35.830626,0.3,1762143214.921000,26,1,1142,FALSE,FALSE,FALSE,FALSE,
1127,2025-11-03T09:43:36.629570,1126.0,2025-11-03T09:43:36.731682,102.1,1762143216.631000,44,1,1144,2025-11-03T09:43:36.731999,0.3,1762143215.923000,26,1,1143,FALSE,FALSE,FALSE,FALSE,
1128,2025-11-03T09:43:37.629570,1127.0,2025-11-03T09:43:37.733500,103.9,1762143217.632000,49,1,1145,2025-11-03T09:43:37.734003,0.5,1762143216.825000,24,1,1144,FALSE,FALSE,FALSE,FALSE,
1129,2025-11-03T09:43:38.629569,1128.0,2025-11-03T09:43:38.734929,105.4,1762143218.634000,50,1,1146,2025-11-03T09:43:38.735687,0.7,1762143217.826000,26,1,1145,FALSE,FALSE,FALSE,FALSE,
1130,2025-11-03T09:43:39.629570,1129.0,2025-11-03T09:43:39.736366,106.8,1762143219.636000,49,1,1147,2025-11-03T09:43:39.736812,0.4,1762143218.828000,26,1,1146,FALSE,FALSE,FALSE,FALSE,
1131,2025-11-03T09:43:40.629569,1130.0,2025-11-03T09:43:40.738623,109.0,1762143220.637000,49,1,1148,2025-11-03T09:43:40.738974,0.3,1762143219.829000,26,1,1147,FALSE,FALSE,FALSE,FALSE,
1132,2025-11-03T09:43:41.629574,1131.0,2025-11-03T09:43:41.740889,111.3,1762143221.640000,50,1,1149,2025-11-03T09:43:41.741257,0.4,1762143220.830000,26,1,1148,FALSE,FALSE,FALSE,FALSE,
1133,2025-11-03T09:43:42.629569,1132.0,2025-11-03T09:43:42.742181,112.6,1762143222.641000,49,1,1150,2025-11-03T09:43:42.742577,0.4,1762143221.832000,26,1,1149,FALSE,FALSE,FALSE,FALSE,
1134,2025-11-03T09:43:43.629570,1133.0,2025-11-03T09:43:43.743423,113.8,1762143223.643000,48,1,1151,2025-11-03T09:43:43.743744,0.3,1762143222.833000,26,1,1150,FALSE,FALSE,FALSE,FALSE,
1135,2025-11-03T09:43:44.629570,1134.0,2025-11-03T09:43:44.744498,114.9,1762143224.644000,49,1,1152,2025-11-03T09:43:44.744864,0.4,1762143223.834000,26,1,1151,FALSE,FALSE,FALSE,FALSE,
1136,2025-11-03T09:43:45.629569,1135.0,2025-11-03T09:43:45.745672,116.1,1762143225.645000,48,1,1153,2025-11-03T09:43:45.746029,0.3,1762143224.836000,26,1,1152,FALSE,FALSE,FALSE,FALSE,
1137,2025-11-03T09:43:46.629567,1136.0,2025-11-03T09:43:46.747089,117.5,1762143226.646000,50,1,1154,2025-11-03T09:43:46.747523,0.4,1762143225.837000,26,1,1153,FALSE,FALSE,FALSE,FALSE,
1138,2025-11-03T09:43:47.629575,1137.0,2025-11-03T09:43:47.749835,120.3,1762143227.648000,49,1,1155,2025-11-03T09:43:47.750470,0.6,1762143226.838000,26,1,1154,FALSE,FALSE,FALSE,FALSE,
1139,2025-11-03T09:43:48.629570,1138.0,2025-11-03T09:43:48.752024,122.4,1762143228.651000,49,1,1156,2025-11-03T09:43:48.752363,0.3,1762143227.839000,26,1,1155,FALSE,FALSE,FALSE,FALSE,
1140,2025-11-03T09:43:49.629569,1139.0,2025-11-03T09:43:49.753862,124.3,1762143229.653000,49,1,1157,2025-11-03T09:43:49.754204,0.3,1762143228.840000,26,1,1156,FALSE,FALSE,FALSE,FALSE,
1141,2025-11-03T09:43:50.629581,1140.0,2025-11-03T09:43:50.755981,126.4,1762143230.655000,50,1,1158,2025-11-03T09:43:50.756332,0.3,1762143229.842000,26,1,1157,FALSE,FALSE,FALSE,FALSE,
1142,2025-11-03T09:43:51.629616,1141.0,2025-11-03T09:43:51.757435,127.8,1762143231.657000,49,1,1159,2025-11-03T09:43:51.757779,0.3,1762143230.843000,26,1,1158,FALSE,FALSE,FALSE,FALSE,
1143,2025-11-03T09:43:52.629572,1142.0,2025-11-03T09:43:52.759128,129.6,1762143232.658000,48,1,1160,2025-11-03T09:43:52.759502,0.4,1762143231.845000,26,1,1159,FALSE,FALSE,FALSE,FALSE,
1144,2025-11-03T09:43:53.629569,1143.0,2025-11-03T09:43:53.761522,131.9,1762143233.660000,49,1,1161,2025-11-03T09:43:53.761830,0.3,1762143232.845000,26,1,1160,FALSE,FALSE,FALSE,FALSE,
1145,2025-11-03T09:43:54.629570,1144.0,2025-11-03T09:43:54.763084,133.5,1762143234.662000,49,1,1162,2025-11-03T09:43:54.763462,0.4,1762143233.847000,26,1,1161,FALSE,FALSE,FALSE,FALSE,
1146,2025-11-03T09:43:55.629575,1145.0,2025-11-03T09:43:55.765110,135.5,1762143235.664000,50,1,1163,2025-11-03T09:43:55.765420,0.3,1762143234.848000,26,1,1162,FALSE,FALSE,FALSE,FALSE,
1147,2025-11-03T09:43:56.629569,1146.0,2025-11-03T09:43:56.767003,137.4,1762143236.666000,48,1,1164,2025-11-03T09:43:56.767446,0.4,1762143235.850000,26,1,1163,FALSE,FALSE,FALSE,FALSE,
1148,2025-11-03T09:43:57.629572,1147.0,2025-11-03T09:43:57.768539,139.0,1762143237.667000,49,1,1165,2025-11-03T09:43:57.768896,0.3,1762143236.851000,26,1,1164,FALSE,FALSE,FALSE,FALSE,
1149,2025-11-03T09:43:58.629572,1148.0,2025-11-03T09:43:58.769598,140.0,1762143238.669000,50,1,1166,2025-11-03T09:43:58.769903,0.3,1762143237.853000,27,1,1165,FALSE,FALSE,FALSE,FALSE,
1150,2025-11-03T09:43:59.629577,1149.0,2025-11-03T09:43:59.771194,141.6,1762143239.670000,48,1,1167,2025-11-03T09:43:59.771626,0.4,1762143238.854000,26,1,1166,FALSE,FALSE,FALSE,FALSE,
1151,2025-11-03T09:44:00.629575,1150.0,2025-11-03T09:44:00.772343,142.8,1762143240.672000,49,1,1168,2025-11-03T09:44:00.772663,0.3,1762143239.855000,26,1,1167,FALSE,FALSE,FALSE,FALSE,
1152,2025-11-03T09:44:01.629581,1151.0,2025-11-03T09:44:01.773570,144.0,1762143241.673000,50,1,1169,2025-11-03T09:44:01.773905,0.3,1762143240.857000,26,1,1168,FALSE,FALSE,FALSE,FALSE,
1153,2025-11-03T09:44:02.629578,1152.0,2025-11-03T09:44:02.774886,145.3,1762143242.674000,49,1,1170,2025-11-03T09:44:02.775180,0.3,1762143241.858000,26,1,1169,FALSE,FALSE,FALSE,FALSE,
1154,2025-11-03T09:44:03.629570,1153.0,2025-11-03T09:44:03.776487,146.9,1762143243.676000,48,1,1171,2025-11-03T09:44:03.776798,0.3,1762143242.859000,26,1,1170,FALSE,FALSE,FALSE,FALSE,
1155,2025-11-03T09:44:04.629565,1154.0,2025-11-03T09:44:04.778969,149.4,1762143244.678000,49,1,1172,2025-11-03T09:44:04.779281,0.3,1762143243.861000,26,1,1171,FALSE,FALSE,FALSE,FALSE,
1156,2025-11-03T09:44:05.629561,1155.0,2025-11-03T09:44:05.781151,151.6,1762143245.680000,51,1,1173,2025-11-03T09:44:05.781476,0.3,1762143244.862000,26,1,1172,FALSE,FALSE,FALSE,FALSE,
1157,2025-11-03T09:44:06.629682,1156.0,2025-11-03T09:44:06.782447,152.8,1762143246.681000,49,1,1174,2025-11-03T09:44:06.782771,0.3,1762143245.863000,26,1,1173,FALSE,FALSE,FALSE,FALSE,
1158,2025-11-03T09:44:07.629581,1157.0,2025-11-03T09:44:07.783897,154.3,1762143247.683000,49,1,1175,2025-11-03T09:44:07.784223,0.3,1762143246.864000,26,1,1174,FALSE,FALSE,FALSE,FALSE,
1159,2025-11-03T09:44:08.629569,1158.0,2025-11-03T09:44:08.785436,155.9,1762143248.685000,49,1,1176,2025-11-03T09:44:08.785769,0.3,1762143247.866000,26,1,1175,FALSE,FALSE,FALSE,FALSE,
1160,2025-11-03T09:44:09.629575,1159.0,2025-11-03T09:44:09.787625,158.0,1762143249.686000,50,1,1177,2025-11-03T09:44:09.787939,0.3,1762143248.867000,25,1,1176,FALSE,FALSE,FALSE,FALSE,
1161,2025-11-03T09:44:10.629571,1160.0,2025-11-03T09:44:10.789276,159.7,1762143250.688000,49,1,1178,2025-11-03T09:44:10.789580,0.3,1762143249.868000,26,1,1177,FALSE,FALSE,FALSE,FALSE,
1162,2025-11-03T09:44:11.629570,1161.0,2025-11-03T09:44:11.791098,161.5,1762143251.690000,50,1,1179,2025-11-03T09:44:11.791455,0.3,1762143250.869000,26,1,1178,FALSE,FALSE,FALSE,FALSE,
1163,2025-11-03T09:44:12.629571,1162.0,2025-11-03T09:44:12.792392,162.8,1762143252.692000,49,1,1180,2025-11-03T09:44:12.792706,0.3,1762143251.871000,26,1,1179,FALSE,FALSE,FALSE,FALSE,
1164,2025-11-03T09:44:13.629576,1163.0,2025-11-03T09:44:13.793668,164.1,1762143253.693000,50,1,1181,2025-11-03T09:44:13.793995,0.3,1762143252.872000,26,1,1180,FALSE,FALSE,FALSE,FALSE,
1165,2025-11-03T09:44:14.629569,1164.0,2025-11-03T09:44:14.795287,165.7,1762143254.694000,49,1,1182,2025-11-03T09:44:14.795695,0.4,1762143253.873000,26,1,1181,FALSE,FALSE,FALSE,FALSE,
1166,2025-11-03T09:44:15.629573,1165.0,2025-11-03T09:44:15.796202,166.6,1762143255.696000,49,1,1183,2025-11-03T09:44:15.796513,0.3,1762143254.874000,26,1,1182,FALSE,FALSE,FALSE,FALSE,
1167,2025-11-03T09:44:16.629572,1166.0,2025-11-03T09:44:16.797499,167.9,1762143256.697000,49,1,1184,2025-11-03T09:44:16.797792,0.3,1762143255.876000,26,1,1183,FALSE,FALSE,FALSE,FALSE,
1168,2025-11-03T09:44:17.629569,1167.0,2025-11-03T09:44:17.798707,169.1,1762143257.698000,49,1,1185,2025-11-03T09:44:17.799011,0.3,1762143256.878000,26,1,1184,FALSE,FALSE,FALSE,FALSE,
1169,2025-11-03T09:44:18.629572,1168.0,2025-11-03T09:44:18.799922,170.3,1762143258.699000,49,1,1186,2025-11-03T09:44:18.800264,0.3,1762143257.879000,26,1,1185,FALSE,FALSE,FALSE,FALSE,
1170,2025-11-03T09:44:19.629572,1169.0,2025-11-03T09:44:19.801384,171.8,1762143259.700000,49,1,1187,2025-11-03T09:44:19.801695,0.3,1762143258.880000,26,1,1186,FALSE,FALSE,FALSE,FALSE,
1171,2025-11-03T09:44:20.629570,1170.0,2025-11-03T09:44:20.802986,173.4,1762143260.703000,50,1,1188,2025-11-03T09:44:20.803407,0.4,1762143259.881000,26,1,1187,FALSE,FALSE,FALSE,FALSE,
1172,2025-11-03T09:44:21.629578,1171.0,2025-11-03T09:44:21.804313,174.7,1762143261.703000,48,1,1189,2025-11-03T09:44:21.804616,0.3,1762143260.883000,26,1,1188,FALSE,FALSE,FALSE,FALSE,
1173,2025-11-03T09:44:22.629568,1172.0,2025-11-03T09:44:22.805597,176.0,1762143262.705000,49,1,1190,2025-11-03T09:44:22.805908,0.3,1762143261.884000,26,1,1189,FALSE,FALSE,FALSE,FALSE,
1174,2025-11-03T09:44:23.629569,1173.0,2025-11-03T09:44:23.807268,177.7,1762143263.706000,49,1,1191,2025-11-03T09:44:23.807668,0.4,1762143262.885000,26,1,1190,FALSE,FALSE,FALSE,FALSE,
1175,2025-11-03T09:44:24.629568,1174.0,2025-11-03T09:44:24.808858,179.3,1762143264.708000,51,1,1192,2025-11-03T09:44:24.809192,0.3,1762143263.887000,26,1,1191,FALSE,FALSE,FALSE,FALSE,
1176,2025-11-03T09:44:25.629571,1175.0,2025-11-03T09:44:25.810388,180.8,1762143265.710000,49,1,1193,2025-11-03T09:44:25.810700,0.3,1762143264.888000,26,1,1192,FALSE,FALSE,FALSE,FALSE,
1177,2025-11-03T09:44:26.629567,1176.0,2025-11-03T09:44:26.812024,182.5,1762143266.711000,48,1,1194,2025-11-03T09:44:26.812339,0.3,1762143265.889000,26,1,1193,FALSE,FALSE,FALSE,FALSE,
1178,2025-11-03T09:44:27.629569,1177.0,2025-11-03T09:44:27.813819,184.2,1762143267.713000,49,1,1195,2025-11-03T09:44:27.814118,0.3,1762143266.891000,27,1,1194,FALSE,FALSE,FALSE,FALSE,
1179,2025-11-03T09:44:28.629569,1178.0,2025-11-03T09:44:28.815510,185.9,1762143268.715000,49,1,1196,2025-11-03T09:44:28.815838,0.3,1762143267.892000,26,1,1195,FALSE,FALSE,FALSE,FALSE,
1180,2025-11-03T09:44:29.629570,1179.0,2025-11-03T09:44:29.817079,187.5,1762143269.717000,49,1,1197,2025-11-03T09:44:29.817398,0.3,1762143268.893000,26,1,1196,FALSE,FALSE,FALSE,FALSE,
1181,2025-11-03T09:44:30.629571,1180.0,2025-11-03T09:44:30.818538,189.0,1762143270.718000,49,1,1198,2025-11-03T09:44:30.818880,0.3,1762143269.895000,26,1,1197,FALSE,FALSE,FALSE,FALSE,
1182,2025-11-03T09:44:31.629571,1181.0,2025-11-03T09:44:31.820059,190.5,1762143271.719000,49,1,1199,2025-11-03T09:44:31.820656,0.6,1762143270.896000,26,1,1198,FALSE,FALSE,FALSE,FALSE,
1183,2025-11-03T09:44:32.629569,1182.0,2025-11-03T09:44:32.821376,191.8,1762143272.721000,49,1,1200,2025-11-03T09:44:32.821684,0.3,1762143271.897000,26,1,1199,FALSE,FALSE,FALSE,FALSE,
1184,2025-11-03T09:44:33.629571,1183.0,2025-11-03T09:44:33.822650,193.1,1762143273.722000,49,1,1201,2025-11-03T09:44:33.822966,0.3,1762143272.899000,26,1,1200,FALSE,FALSE,FALSE,FALSE,
1185,2025-11-03T09:44:34.629571,1184.0,2025-11-03T09:44:34.824205,194.6,1762143274.723000,50,1,1202,2025-11-03T09:44:34.824522,0.3,1762143273.901000,26,1,1201,FALSE,FALSE,FALSE,FALSE,
1186,2025-11-03T09:44:35.629570,1185.0,2025-11-03T09:44:35.825754,196.2,1762143275.725000,48,1,1203,2025-11-03T09:44:35.826052,0.3,1762143274.903000,26,1,1202,FALSE,FALSE,FALSE,FALSE,
1187,2025-11-03T09:44:36.629571,1186.0,2025-11-03T09:44:36.827626,198.1,1762143276.727000,48,1,1204,2025-11-03T09:44:36.827941,0.3,1762143275.904000,26,1,1203,FALSE,FALSE,FALSE,FALSE,
1188,2025-11-03T09:44:37.629570,1187.0,2025-11-03T09:44:37.829315,199.7,1762143277.729000,49,1,1205,2025-11-03T09:44:37.829625,0.3,1762143276.905000,26,1,1204,FALSE,FALSE,FALSE,FALSE,
1189,2025-11-03T09:44:38.629576,1188.0,2025-11-03T09:44:38.830608,201.0,1762143278.730000,49,1,1206,2025-11-03T09:44:38.830961,0.3,1762143277.907000,26,1,1205,FALSE,FALSE,FALSE,FALSE,
1190,2025-11-03T09:44:39.629569,1189.0,2025-11-03T09:44:39.731875,102.3,1762143279.631000,45,1,1207,2025-11-03T09:44:39.732173,0.3,1762143278.909000,26,1,1206,FALSE,FALSE,FALSE,FALSE,
1191,2025-11-03T09:44:40.629576,1190.0,2025-11-03T09:44:40.733189,103.6,1762143280.633000,50,1,1208,2025-11-03T09:44:40.738814,5.6,1762143279.810000,24,1,1207,FALSE,FALSE,FALSE,FALSE,
1192,2025-11-03T09:44:41.629571,1191.0,2025-11-03T09:44:41.734350,104.8,1762143281.634000,49,1,1209,2025-11-03T09:44:41.734719,0.4,1762143280.812000,26,1,1208,FALSE,FALSE,FALSE,FALSE,
1193,2025-11-03T09:44:42.629577,1192.0,2025-11-03T09:44:42.736039,106.5,1762143282.635000,50,1,1210,2025-11-03T09:44:42.736356,0.3,1762143281.814000,26,1,1209,FALSE,FALSE,FALSE,FALSE,
1194,2025-11-03T09:44:43.629578,1193.0,2025-11-03T09:44:43.737549,108.0,1762143283.637000,49,1,1211,2025-11-03T09:44:43.737860,0.3,1762143282.816000,25,1,1210,FALSE,FALSE,FALSE,FALSE,
1195,2025-11-03T09:44:44.629569,1194.0,2025-11-03T09:44:44.738805,109.2,1762143284.638000,48,1,1212,2025-11-03T09:44:44.739114,0.3,1762143283.817000,26,1,1211,FALSE,FALSE,FALSE,FALSE,
1196,2025-11-03T09:44:45.629572,1195.0,2025-11-03T09:44:45.740326,110.7,1762143285.640000,49,1,1213,2025-11-03T09:44:45.740647,0.3,1762143284.818000,26,1,1212,FALSE,FALSE,FALSE,FALSE,
1197,2025-11-03T09:44:46.629574,1196.0,2025-11-03T09:44:46.742846,113.3,1762143286.642000,50,1,1214,2025-11-03T09:44:46.743168,0.3,1762143285.820000,26,1,1213,FALSE,FALSE,FALSE,FALSE,
1198,2025-11-03T09:44:47.629567,1197.0,2025-11-03T09:44:47.744116,114.5,1762143287.644000,49,1,1215,2025-11-03T09:44:47.744418,0.3,1762143286.821000,26,1,1214,FALSE,FALSE,FALSE,FALSE,
1199,2025-11-03T09:44:48.629569,1198.0,2025-11-03T09:44:48.745578,116.0,1762143288.645000,49,1,1216,2025-11-03T09:44:48.745885,0.3,1762143287.822000,26,1,1215,FALSE,FALSE,FALSE,FALSE,
1200,2025-11-03T09:44:49.629578,1199.0,2025-11-03T09:44:49.746823,117.2,1762143289.646000,50,1,1217,2025-11-03T09:44:49.747461,0.6,1762143288.823000,26,1,1216,FALSE,FALSE,FALSE,FALSE,
1201,2025-11-03T09:44:50.629574,1200.0,2025-11-03T09:44:50.748485,118.9,1762143290.648000,50,1,1218,2025-11-03T09:44:50.748816,0.3,1762143289.825000,26,1,1217,FALSE,FALSE,FALSE,FALSE,
1202,2025-11-03T09:44:51.629567,1201.0,2025-11-03T09:44:51.750551,121.0,1762143291.649000,49,1,1219,2025-11-03T09:44:51.750891,0.3,1762143290.827000,26,1,1218,FALSE,FALSE,FALSE,FALSE,
1203,2025-11-03T09:44:52.629575,1202.0,2025-11-03T09:44:52.752264,122.7,1762143292.652000,49,1,1220,2025-11-03T09:44:52.752585,0.3,1762143291.828000,26,1,1219,FALSE,FALSE,FALSE,FALSE,
1204,2025-11-03T09:44:53.629569,1203.0,2025-11-03T09:44:53.754465,124.9,1762143293.654000,50,1,1221,2025-11-03T09:44:53.754793,0.3,1762143292.830000,26,1,1220,FALSE,FALSE,FALSE,FALSE,
1205,2025-11-03T09:44:54.629573,1204.0,2025-11-03T09:44:54.756126,126.5,1762143294.655000,49,1,1222,2025-11-03T09:44:54.756426,0.3,1762143293.831000,26,1,1221,FALSE,FALSE,FALSE,FALSE,
1206,2025-11-03T09:44:55.629572,1205.0,2025-11-03T09:44:55.757999,128.4,1762143295.657000,49,1,1223,2025-11-03T09:44:55.758339,0.3,1762143294.833000,26,1,1222,FALSE,FALSE,FALSE,FALSE,
1207,2025-11-03T09:44:56.629571,1206.0,2025-11-03T09:44:56.759649,130.1,1762143296.659000,49,1,1224,2025-11-03T09:44:56.759966,0.3,1762143295.835000,26,1,1223,FALSE,FALSE,FALSE,FALSE,
1208,2025-11-03T09:44:57.629573,1207.0,2025-11-03T09:44:57.761086,131.5,1762143297.660000,49,1,1225,2025-11-03T09:44:57.761396,0.3,1762143296.836000,26,1,1224,FALSE,FALSE,FALSE,FALSE,
1209,2025-11-03T09:44:58.629569,1208.0,2025-11-03T09:44:58.762574,133.0,1762143298.662000,50,1,1226,2025-11-03T09:44:58.762938,0.4,1762143297.837000,26,1,1225,FALSE,FALSE,FALSE,FALSE,
1210,2025-11-03T09:44:59.629575,1209.0,2025-11-03T09:44:59.763718,134.1,1762143299.663000,50,1,1227,2025-11-03T09:44:59.764042,0.3,1762143298.839000,26,1,1226,FALSE,FALSE,FALSE,FALSE,
1211,2025-11-03T09:45:00.629571,1210.0,2025-11-03T09:45:00.764921,135.3,1762143300.664000,50,1,1228,2025-11-03T09:45:00.765221,0.3,1762143299.840000,26,1,1227,FALSE,FALSE,FALSE,FALSE,
1212,2025-11-03T09:45:01.629559,1211.0,2025-11-03T09:45:01.766195,136.6,1762143301.666000,48,1,1229,2025-11-03T09:45:01.766500,0.3,1762143300.842000,26,1,1228,FALSE,FALSE,FALSE,FALSE,
1213,2025-11-03T09:45:02.629560,1212.0,2025-11-03T09:45:02.767508,137.9,1762143302.667000,49,1,1230,2025-11-03T09:45:02.767826,0.3,1762143301.843000,26,1,1229,FALSE,FALSE,FALSE,FALSE,
1214,2025-11-03T09:45:03.629563,1213.0,2025-11-03T09:45:03.769040,139.5,1762143303.669000,49,1,1231,2025-11-03T09:45:03.769342,0.3,1762143302.844000,26,1,1230,FALSE,FALSE,FALSE,FALSE,
1215,2025-11-03T09:45:04.629568,1214.0,2025-11-03T09:45:04.770752,141.2,1762143304.670000,49,1,1232,2025-11-03T09:45:04.771057,0.3,1762143303.846000,26,1,1231,FALSE,FALSE,FALSE,FALSE,
1216,2025-11-03T09:45:05.629561,1215.0,2025-11-03T09:45:05.772131,142.6,1762143305.672000,48,1,1233,2025-11-03T09:45:05.772428,0.3,1762143304.847000,26,1,1232,FALSE,FALSE,FALSE,FALSE,
1217,2025-11-03T09:45:06.629567,1216.0,2025-11-03T09:45:06.773385,143.8,1762143306.673000,49,1,1234,2025-11-03T09:45:06.773716,0.3,1762143305.849000,27,1,1233,FALSE,FALSE,FALSE,FALSE,
1218,2025-11-03T09:45:07.629570,1217.0,2025-11-03T09:45:07.775121,145.5,1762143307.674000,49,1,1235,2025-11-03T09:45:07.775591,0.5,1762143306.850000,26,1,1234,FALSE,FALSE,FALSE,FALSE,
1219,2025-11-03T09:45:08.629573,1218.0,2025-11-03T09:45:08.776890,147.3,1762143308.676000,49,1,1236,2025-11-03T09:45:08.777192,0.3,1762143307.851000,26,1,1235,FALSE,FALSE,FALSE,FALSE,
1220,2025-11-03T09:45:09.629558,1219.0,2025-11-03T09:45:09.778205,148.6,1762143309.678000,49,1,1237,2025-11-03T09:45:09.778502,0.3,1762143308.853000,26,1,1236,FALSE,FALSE,FALSE,FALSE,
1221,2025-11-03T09:45:10.629568,1220.0,2025-11-03T09:45:10.779629,150.1,1762143310.679000,49,1,1238,2025-11-03T09:45:10.779986,0.3,1762143309.854000,26,1,1237,FALSE,FALSE,FALSE,FALSE,
1222,2025-11-03T09:45:11.629556,1221.0,2025-11-03T09:45:11.780896,151.3,1762143311.680000,49,1,1239,2025-11-03T09:45:11.781206,0.3,1762143310.856000,26,1,1238,FALSE,FALSE,FALSE,FALSE,
1223,2025-11-03T09:45:12.629567,1222.0,2025-11-03T09:45:12.782179,152.6,1762143312.682000,49,1,1240,2025-11-03T09:45:12.782493,0.3,1762143311.858000,26,1,1239,FALSE,FALSE,FALSE,FALSE,
1224,2025-11-03T09:45:13.629576,1223.0,2025-11-03T09:45:13.783684,154.1,1762143313.683000,48,1,1241,2025-11-03T09:45:13.784005,0.3,1762143312.860000,26,1,1240,FALSE,FALSE,FALSE,FALSE,
1225,2025-11-03T09:45:14.629560,1224.0,2025-11-03T09:45:14.784880,155.3,1762143314.684000,47,1,1242,2025-11-03T09:45:14.785189,0.3,1762143313.862000,26,1,1241,FALSE,FALSE,FALSE,FALSE,
1226,2025-11-03T09:45:15.629559,1225.0,2025-11-03T09:45:15.786125,156.6,1762143315.686000,48,1,1243,2025-11-03T09:45:15.786456,0.3,1762143314.864000,26,1,1242,FALSE,FALSE,FALSE,FALSE,
1227,2025-11-03T09:45:16.629570,1226.0,2025-11-03T09:45:16.787935,158.4,1762143316.687000,49,1,1244,2025-11-03T09:45:16.788303,0.4,1762143315.866000,26,1,1243,FALSE,FALSE,FALSE,FALSE,
1228,2025-11-03T09:45:17.629557,1227.0,2025-11-03T09:45:17.789179,159.6,1762143317.689000,49,1,1245,2025-11-03T09:45:17.789540,0.3,1762143316.868000,26,1,1244,FALSE,FALSE,FALSE,FALSE,
1229,2025-11-03T09:45:18.629561,1228.0,2025-11-03T09:45:18.790939,161.4,1762143318.690000,50,1,1246,2025-11-03T09:45:18.791246,0.3,1762143317.870000,26,1,1245,FALSE,FALSE,FALSE,FALSE,
1230,2025-11-03T09:45:19.629581,1229.0,2025-11-03T09:45:19.792884,163.3,1762143319.692000,49,1,1247,2025-11-03T09:45:19.793210,0.3,1762143318.871000,26,1,1246,FALSE,FALSE,FALSE,FALSE,
1231,2025-11-03T09:45:20.629570,1230.0,2025-11-03T09:45:20.794933,165.4,1762143320.694000,50,1,1248,2025-11-03T09:45:20.795289,0.3,1762143319.872000,26,1,1247,FALSE,FALSE,FALSE,FALSE,
1232,2025-11-03T09:45:21.629559,1231.0,2025-11-03T09:45:21.797341,167.8,1762143321.697000,49,1,1249,2025-11-03T09:45:21.797660,0.3,1762143320.874000,26,1,1248,FALSE,FALSE,FALSE,FALSE,
1233,2025-11-03T09:45:22.629565,1232.0,2025-11-03T09:45:22.799662,170.1,1762143322.699000,49,1,1250,2025-11-03T09:45:22.799984,0.3,1762143321.875000,26,1,1249,FALSE,FALSE,FALSE,FALSE,
1234,2025-11-03T09:45:23.629561,1233.0,2025-11-03T09:45:23.800986,171.4,1762143323.700000,49,1,1251,2025-11-03T09:45:23.801333,0.3,1762143322.876000,26,1,1250,FALSE,FALSE,FALSE,FALSE,
1235,2025-11-03T09:45:24.629633,1234.0,2025-11-03T09:45:24.802349,172.7,1762143324.701000,48,1,1252,2025-11-03T09:45:24.802674,0.3,1762143323.877000,26,1,1251,FALSE,FALSE,FALSE,FALSE,
1236,2025-11-03T09:45:25.629573,1235.0,2025-11-03T09:45:25.803905,174.3,1762143325.703000,50,1,1253,2025-11-03T09:45:25.804286,0.4,1762143324.879000,26,1,1252,FALSE,FALSE,FALSE,FALSE,
1237,2025-11-03T09:45:26.629565,1236.0,2025-11-03T09:45:26.804899,175.3,1762143326.705000,50,1,1254,2025-11-03T09:45:26.805225,0.3,1762143325.881000,26,1,1253,FALSE,FALSE,FALSE,FALSE,
1238,2025-11-03T09:45:27.629567,1237.0,2025-11-03T09:45:27.806259,176.7,1762143327.706000,48,1,1255,2025-11-03T09:45:27.806612,0.3,1762143326.883000,26,1,1254,FALSE,FALSE,FALSE,FALSE,
1239,2025-11-03T09:45:28.629573,1238.0,2025-11-03T09:45:28.807495,177.9,1762143328.707000,49,1,1256,2025-11-03T09:45:28.807856,0.3,1762143327.884000,26,1,1255,FALSE,FALSE,FALSE,FALSE,
1240,2025-11-03T09:45:29.629566,1239.0,2025-11-03T09:45:29.808998,179.4,1762143329.708000,48,1,1257,2025-11-03T09:45:29.809349,0.3,1762143328.885000,26,1,1256,FALSE,FALSE,FALSE,FALSE,
1241,2025-11-03T09:45:30.629565,1240.0,2025-11-03T09:45:30.810296,180.7,1762143330.710000,51,1,1258,2025-11-03T09:45:30.810607,0.3,1762143329.886000,26,1,1257,FALSE,FALSE,FALSE,FALSE,
1242,2025-11-03T09:45:31.629578,1241.0,2025-11-03T09:45:31.811660,182.1,1762143331.711000,49,1,1259,2025-11-03T09:45:31.811978,0.3,1762143330.888000,27,1,1258,FALSE,FALSE,FALSE,FALSE,
1243,2025-11-03T09:45:32.629563,1242.0,2025-11-03T09:45:32.813182,183.6,1762143332.712000,49,1,1260,2025-11-03T09:45:32.813474,0.3,1762143331.889000,26,1,1259,FALSE,FALSE,FALSE,FALSE,
1244,2025-11-03T09:45:33.629566,1243.0,2025-11-03T09:45:33.814492,184.9,1762143333.714000,49,1,1261,2025-11-03T09:45:33.814849,0.3,1762143332.890000,26,1,1260,FALSE,FALSE,FALSE,FALSE,
1245,2025-11-03T09:45:34.629572,1244.0,2025-11-03T09:45:34.815940,186.4,1762143334.715000,50,1,1262,2025-11-03T09:45:34.816237,0.3,1762143333.892000,26,1,1261,FALSE,FALSE,FALSE,FALSE,
1246,2025-11-03T09:45:35.629576,1245.0,2025-11-03T09:45:35.817791,188.2,1762143335.717000,49,1,1263,2025-11-03T09:45:35.818091,0.3,1762143334.893000,26,1,1262,FALSE,FALSE,FALSE,FALSE,
1247,2025-11-03T09:45:36.629573,1246.0,2025-11-03T09:45:36.819445,189.9,1762143336.718000,48,1,1264,2025-11-03T09:45:36.819774,0.3,1762143335.895000,26,1,1263,FALSE,FALSE,FALSE,FALSE,
1248,2025-11-03T09:45:37.629572,1247.0,2025-11-03T09:45:37.820847,191.3,1762143337.720000,50,1,1265,2025-11-03T09:45:37.821188,0.3,1762143336.896000,26,1,1264,FALSE,FALSE,FALSE,FALSE,
1249,2025-11-03T09:45:38.629568,1248.0,2025-11-03T09:45:38.822091,192.5,1762143338.722000,48,1,1266,2025-11-03T09:45:38.822394,0.3,1762143337.898000,26,1,1265,FALSE,FALSE,FALSE,FALSE,
1250,2025-11-03T09:45:39.629573,1249.0,2025-11-03T09:45:39.823635,194.1,1762143339.723000,48,1,1267,2025-11-03T09:45:39.823975,0.3,1762143338.899000,26,1,1266,FALSE,FALSE,FALSE,FALSE,
1251,2025-11-03T09:45:40.629577,1250.0,2025-11-03T09:45:40.825178,195.6,1762143340.724000,49,1,1268,2025-11-03T09:45:40.825501,0.3,1762143339.900000,26,1,1267,FALSE,FALSE,FALSE,FALSE,
1252,2025-11-03T09:45:41.629573,1251.0,2025-11-03T09:45:41.826886,197.3,1762143341.726000,49,1,1269,2025-11-03T09:45:41.827189,0.3,1762143340.902000,26,1,1268,FALSE,FALSE,FALSE,FALSE,
1253,2025-11-03T09:45:42.629575,1252.0,2025-11-03T09:45:42.829258,199.7,1762143342.729000,49,1,1270,2025-11-03T09:45:42.829857,0.6,1762143341.902000,26,1,1269,FALSE,FALSE,FALSE,FALSE,
1254,2025-11-03T09:45:43.629576,1253.0,2025-11-03T09:45:43.830509,200.9,1762143343.730000,48,1,1271,2025-11-03T09:45:43.830849,0.3,1762143342.904000,26,1,1270,FALSE,FALSE,FALSE,FALSE,
1255,2025-11-03T09:45:44.629574,1254.0,2025-11-03T09:45:44.731913,102.3,1762143344.631000,44,1,1272,2025-11-03T09:45:44.732264,0.3,1762143343.906000,26,1,1271,FALSE,FALSE,FALSE,FALSE,
1256,2025-11-03T09:45:45.629569,1255.0,2025-11-03T09:45:45.733818,104.2,1762143345.633000,46,0,,2025-11-03T09:45:45.734137,0.3,1762143344.808000,24,1,1272,FALSE,FALSE,FALSE,FALSE,
1257,2025-11-03T09:45:46.629570,1256.0,2025-11-03T09:45:46.735225,105.7,1762143346.635000,51,2,"1273,1274",2025-11-03T09:45:46.735647,0.4,1762143345.809000,26,1,1273,TRUE,FALSE,FALSE,FALSE,"Multi-ICG:1273,1274"
1258,2025-11-03T09:45:47.629567,1257.0,2025-11-03T09:45:47.736375,106.8,1762143347.636000,48,1,1275,2025-11-03T09:45:47.736708,0.3,1762143346.810000,26,1,1274,FALSE,FALSE,FALSE,FALSE,
1259,2025-11-03T09:45:48.629569,1258.0,2025-11-03T09:45:48.737641,108.1,1762143348.637000,49,1,1276,2025-11-03T09:45:48.737960,0.3,1762143347.811000,26,1,1275,FALSE,FALSE,FALSE,FALSE,
1260,2025-11-03T09:45:49.629566,1259.0,2025-11-03T09:45:49.738949,109.4,1762143349.638000,49,1,1277,2025-11-03T09:45:49.739268,0.3,1762143348.813000,26,1,1276,FALSE,FALSE,FALSE,FALSE,
1261,2025-11-03T09:45:50.629573,1260.0,2025-11-03T09:45:50.740347,110.8,1762143350.640000,49,1,1278,2025-11-03T09:45:50.740705,0.3,1762143349.814000,26,1,1277,FALSE,FALSE,FALSE,FALSE,
1262,2025-11-03T09:45:51.629574,1261.0,2025-11-03T09:45:51.741886,112.3,1762143351.641000,49,1,1279,2025-11-03T09:45:51.742466,0.6,1762143350.816000,26,1,1278,FALSE,FALSE,FALSE,FALSE,
1263,2025-11-03T09:45:52.629568,1262.0,2025-11-03T09:45:52.743044,113.5,1762143352.643000,50,1,1280,2025-11-03T09:45:52.743459,0.4,1762143351.817000,26,1,1279,FALSE,FALSE,FALSE,FALSE,
1264,2025-11-03T09:45:53.629577,1263.0,2025-11-03T09:45:53.744462,114.9,1762143353.644000,49,1,1281,2025-11-03T09:45:53.744766,0.3,1762143352.819000,26,1,1280,FALSE,FALSE,FALSE,FALSE,
1265,2025-11-03T09:45:54.629574,1264.0,2025-11-03T09:45:54.745763,116.2,1762143354.645000,48,1,1282,2025-11-03T09:45:54.746126,0.3,1762143353.820000,26,1,1281,FALSE,FALSE,FALSE,FALSE,
1266,2025-11-03T09:45:55.629567,1265.0,2025-11-03T09:45:55.747354,117.8,1762143355.646000,49,1,1283,2025-11-03T09:45:55.747701,0.3,1762143354.822000,26,1,1282,FALSE,FALSE,FALSE,FALSE,
1267,2025-11-03T09:45:56.629576,1266.0,2025-11-03T09:45:56.748818,119.3,1762143356.648000,49,1,1284,2025-11-03T09:45:56.749168,0.3,1762143355.824000,26,1,1283,FALSE,FALSE,FALSE,FALSE,
1268,2025-11-03T09:45:57.629571,1267.0,2025-11-03T09:45:57.751264,121.7,1762143357.650000,48,1,1285,2025-11-03T09:45:57.751647,0.4,1762143356.826000,26,1,1284,FALSE,FALSE,FALSE,FALSE,
1269,2025-11-03T09:45:58.629572,1268.0,2025-11-03T09:45:58.753598,124.0,1762143358.652000,50,1,1286,2025-11-03T09:45:58.753921,0.3,1762143357.828000,26,1,1285,FALSE,FALSE,FALSE,FALSE,
1270,2025-11-03T09:45:59.629578,1269.0,2025-11-03T09:45:59.755558,126.0,1762143359.654000,50,1,1287,2025-11-03T09:45:59.755877,0.3,1762143358.830000,26,1,1286,FALSE,FALSE,FALSE,FALSE,
1271,2025-11-03T09:46:00.629585,1270.0,2025-11-03T09:46:00.756819,127.2,1762143360.656000,49,1,1288,2025-11-03T09:46:00.757455,0.6,1762143359.831000,26,1,1287,FALSE,FALSE,FALSE,FALSE,
1272,2025-11-03T09:46:01.629573,1271.0,2025-11-03T09:46:01.758138,128.6,1762143361.657000,49,1,1289,2025-11-03T09:46:01.758479,0.3,1762143360.832000,26,1,1288,FALSE,FALSE,FALSE,FALSE,
1273,2025-11-03T09:46:02.629571,1272.0,2025-11-03T09:46:02.759529,130.0,1762143362.659000,48,1,1290,2025-11-03T09:46:02.759911,0.4,1762143361.834000,26,1,1289,FALSE,FALSE,FALSE,FALSE,
1274,2025-11-03T09:46:03.629572,1273.0,2025-11-03T09:46:03.761206,131.6,1762143363.661000,50,1,1291,2025-11-03T09:46:03.761556,0.3,1762143362.836000,26,1,1290,FALSE,FALSE,FALSE,FALSE,
1275,2025-11-03T09:46:04.629576,1274.0,2025-11-03T09:46:04.762523,132.9,1762143364.662000,50,1,1292,2025-11-03T09:46:04.762852,0.3,1762143363.837000,26,1,1291,FALSE,FALSE,FALSE,FALSE,
1276,2025-11-03T09:46:05.629587,1275.0,2025-11-03T09:46:05.763919,134.3,1762143365.663000,49,1,1293,2025-11-03T09:46:05.764247,0.3,1762143364.838000,26,1,1292,FALSE,FALSE,FALSE,FALSE,
1277,2025-11-03T09:46:06.629577,1276.0,2025-11-03T09:46:06.765335,135.8,1762143366.665000,49,1,1294,2025-11-03T09:46:06.765654,0.3,1762143365.839000,26,1,1293,FALSE,FALSE,FALSE,FALSE,
1278,2025-11-03T09:46:07.629578,1277.0,2025-11-03T09:46:07.766771,137.2,1762143367.666000,49,1,1295,2025-11-03T09:46:07.767107,0.3,1762143366.841000,26,1,1294,FALSE,FALSE,FALSE,FALSE,
1279,2025-11-03T09:46:08.629578,1278.0,2025-11-03T09:46:08.768338,138.8,1762143368.667000,49,1,1296,2025-11-03T09:46:08.768662,0.3,1762143367.842000,26,1,1295,FALSE,FALSE,FALSE,FALSE,
1280,2025-11-03T09:46:09.629569,1279.0,2025-11-03T09:46:09.770160,140.6,1762143369.669000,48,1,1297,2025-11-03T09:46:09.770564,0.4,1762143368.843000,26,1,1296,FALSE,FALSE,FALSE,FALSE,
1281,2025-11-03T09:46:10.629579,1280.0,2025-11-03T09:46:10.771117,141.5,1762143370.670000,50,1,1298,2025-11-03T09:46:10.771541,0.4,1762143369.844000,26,1,1297,FALSE,FALSE,FALSE,FALSE,
1282,2025-11-03T09:46:11.629569,1281.0,2025-11-03T09:46:11.772376,142.8,1762143371.672000,49,1,1299,2025-11-03T09:46:11.772688,0.3,1762143370.846000,27,1,1298,FALSE,FALSE,FALSE,FALSE,
1283,2025-11-03T09:46:12.629570,1282.0,2025-11-03T09:46:12.773746,144.2,1762143372.673000,49,1,1300,2025-11-03T09:46:12.774097,0.3,1762143371.847000,26,1,1299,FALSE,FALSE,FALSE,FALSE,
1284,2025-11-03T09:46:13.629569,1283.0,2025-11-03T09:46:13.774921,145.3,1762143373.674000,50,1,1301,2025-11-03T09:46:13.775230,0.3,1762143372.848000,26,1,1300,FALSE,FALSE,FALSE,FALSE,
1285,2025-11-03T09:46:14.629569,1284.0,2025-11-03T09:46:14.776104,146.5,1762143374.675000,48,1,1302,2025-11-03T09:46:14.776433,0.3,1762143373.850000,26,1,1301,FALSE,FALSE,FALSE,FALSE,
1286,2025-11-03T09:46:15.629578,1285.0,2025-11-03T09:46:15.777388,147.8,1762143375.676000,49,1,1303,2025-11-03T09:46:15.777751,0.3,1762143374.851000,26,1,1302,FALSE,FALSE,FALSE,FALSE,
1287,2025-11-03T09:46:16.629584,1286.0,2025-11-03T09:46:16.778842,149.3,1762143376.678000,49,1,1304,2025-11-03T09:46:16.779197,0.3,1762143375.852000,26,1,1303,FALSE,FALSE,FALSE,FALSE,
1288,2025-11-03T09:46:17.629575,1287.0,2025-11-03T09:46:17.780077,150.5,1762143377.680000,50,1,1305,2025-11-03T09:46:17.780407,0.3,1762143376.854000,26,1,1304,FALSE,FALSE,FALSE,FALSE,
1289,2025-11-03T09:46:18.629575,1288.0,2025-11-03T09:46:18.781652,152.1,1762143378.681000,49,1,1306,2025-11-03T09:46:18.781989,0.3,1762143377.855000,26,1,1305,FALSE,FALSE,FALSE,FALSE,
1290,2025-11-03T09:46:19.629563,1289.0,2025-11-03T09:46:19.782649,153.1,1762143379.682000,49,1,1307,2025-11-03T09:46:19.782959,0.3,1762143378.857000,26,1,1306,FALSE,FALSE,FALSE,FALSE,
1291,2025-11-03T09:46:20.629572,1290.0,2025-11-03T09:46:20.785952,156.4,1762143380.685000,50,1,1308,2025-11-03T09:46:20.786245,0.3,1762143379.858000,26,1,1307,FALSE,FALSE,FALSE,FALSE,
1292,2025-11-03T09:46:21.629610,1291.0,2025-11-03T09:46:21.787915,158.3,1762143381.687000,49,1,1309,2025-11-03T09:46:21.788226,0.3,1762143380.860000,26,1,1308,FALSE,FALSE,FALSE,FALSE,
1293,2025-11-03T09:46:22.629559,1292.0,2025-11-03T09:46:22.790285,160.7,1762143382.689000,48,1,1310,2025-11-03T09:46:22.790634,0.3,1762143381.862000,26,1,1309,FALSE,FALSE,FALSE,FALSE,
1294,2025-11-03T09:46:23.629566,1293.0,2025-11-03T09:46:23.791867,162.3,1762143383.691000,49,1,1311,2025-11-03T09:46:23.792172,0.3,1762143382.864000,26,1,1310,FALSE,FALSE,FALSE,FALSE,
1295,2025-11-03T09:46:24.629571,1294.0,2025-11-03T09:46:24.793503,163.9,1762143384.693000,47,1,1312,2025-11-03T09:46:24.793817,0.3,1762143383.866000,26,1,1311,FALSE,FALSE,FALSE,FALSE,
1296,2025-11-03T09:46:25.629563,1295.0,2025-11-03T09:46:25.794936,165.4,1762143385.694000,50,1,1313,2025-11-03T09:46:25.795244,0.3,1762143384.868000,26,1,1312,FALSE,FALSE,FALSE,FALSE,
1297,2025-11-03T09:46:26.629615,1296.0,2025-11-03T09:46:26.796428,166.8,1762143386.695000,50,1,1314,2025-11-03T09:46:26.796738,0.3,1762143385.869000,26,1,1313,FALSE,FALSE,FALSE,FALSE,
1298,2025-11-03T09:46:27.629572,1297.0,2025-11-03T09:46:27.803374,173.8,1762143387.697000,49,1,1315,2025-11-03T09:46:27.803850,0.5,1762143386.871000,26,1,1314,FALSE,FALSE,FALSE,FALSE,
1299,2025-11-03T09:46:28.629578,1298.0,2025-11-03T09:46:28.799443,169.9,1762143388.699000,49,1,1316,2025-11-03T09:46:28.799786,0.3,1762143387.872000,26,1,1315,FALSE,FALSE,FALSE,FALSE,
1300,2025-11-03T09:46:29.629570,1299.0,2025-11-03T09:46:29.800764,171.2,1762143389.700000,49,1,1317,2025-11-03T09:46:29.801126,0.3,1762143388.874000,26,1,1316,FALSE,FALSE,FALSE,FALSE,
1301,2025-11-03T09:46:30.629570,1300.0,2025-11-03T09:46:30.802160,172.6,1762143390.702000,50,1,1318,2025-11-03T09:46:30.802476,0.3,1762143389.874000,26,1,1317,FALSE,FALSE,FALSE,FALSE,
1302,2025-11-03T09:46:31.629575,1301.0,2025-11-03T09:46:31.803639,174.1,1762143391.703000,48,1,1319,2025-11-03T09:46:31.803975,0.3,1762143390.876000,26,1,1318,FALSE,FALSE,FALSE,FALSE,
1303,2025-11-03T09:46:32.629572,1302.0,2025-11-03T09:46:32.805413,175.8,1762143392.704000,50,1,1320,2025-11-03T09:46:32.805796,0.4,1762143391.877000,26,1,1319,FALSE,FALSE,FALSE,FALSE,
1304,2025-11-03T09:46:33.629569,1303.0,2025-11-03T09:46:33.806803,177.2,1762143393.706000,49,1,1321,2025-11-03T09:46:33.807136,0.3,1762143392.879000,26,1,1320,FALSE,FALSE,FALSE,FALSE,
1305,2025-11-03T09:46:34.629562,1304.0,2025-11-03T09:46:34.807964,178.4,1762143394.708000,49,1,1322,2025-11-03T09:46:34.808296,0.3,1762143393.880000,26,1,1321,FALSE,FALSE,FALSE,FALSE,
1306,2025-11-03T09:46:35.629564,1305.0,2025-11-03T09:46:35.809412,179.8,1762143395.709000,49,1,1323,2025-11-03T09:46:35.809756,0.3,1762143394.882000,26,1,1322,FALSE,FALSE,FALSE,FALSE,
1307,2025-11-03T09:46:36.629571,1306.0,2025-11-03T09:46:36.811028,181.5,1762143396.710000,49,1,1324,2025-11-03T09:46:36.811440,0.4,1762143395.883000,26,1,1323,FALSE,FALSE,FALSE,FALSE,
1308,2025-11-03T09:46:37.629577,1307.0,2025-11-03T09:46:37.812227,182.6,1762143397.711000,49,1,1325,2025-11-03T09:46:37.812565,0.3,1762143396.885000,27,1,1324,FALSE,FALSE,FALSE,FALSE,
1309,2025-11-03T09:46:38.629578,1308.0,2025-11-03T09:46:38.813518,183.9,1762143398.713000,49,1,1326,2025-11-03T09:46:38.813846,0.3,1762143397.886000,26,1,1325,FALSE,FALSE,FALSE,FALSE,
1310,2025-11-03T09:46:39.629566,1309.0,2025-11-03T09:46:39.816000,186.4,1762143399.715000,50,1,1327,2025-11-03T09:46:39.816315,0.3,1762143398.887000,26,1,1326,FALSE,FALSE,FALSE,FALSE,
1311,2025-11-03T09:46:40.629569,1310.0,2025-11-03T09:46:40.818058,188.5,1762143400.717000,48,1,1328,2025-11-03T09:46:40.818392,0.3,1762143399.888000,26,1,1327,FALSE,FALSE,FALSE,FALSE,
1312,2025-11-03T09:46:41.629572,1311.0,2025-11-03T09:46:41.819969,190.4,1762143401.720000,49,1,1329,2025-11-03T09:46:41.820307,0.3,1762143400.890000,26,1,1328,FALSE,FALSE,FALSE,FALSE,
1313,2025-11-03T09:46:42.629566,1312.0,2025-11-03T09:46:42.821886,192.3,1762143402.721000,49,1,1330,2025-11-03T09:46:42.822266,0.4,1762143401.891000,26,1,1329,FALSE,FALSE,FALSE,FALSE,
1314,2025-11-03T09:46:43.629571,1313.0,2025-11-03T09:46:43.823934,194.4,1762143403.723000,48,1,1331,2025-11-03T09:46:43.824282,0.3,1762143402.892000,26,1,1330,FALSE,FALSE,FALSE,FALSE,
1315,2025-11-03T09:46:44.629572,1314.0,2025-11-03T09:46:44.825254,195.7,1762143404.725000,49,1,1332,2025-11-03T09:46:44.825560,0.3,1762143403.893000,26,1,1331,FALSE,FALSE,FALSE,FALSE,
1316,2025-11-03T09:46:45.629573,1315.0,2025-11-03T09:46:45.826710,197.1,1762143405.726000,49,1,1333,2025-11-03T09:46:45.827053,0.3,1762143404.895000,26,1,1332,FALSE,FALSE,FALSE,FALSE,
1317,2025-11-03T09:46:46.629575,1316.0,2025-11-03T09:46:46.828478,198.9,1762143406.727000,49,1,1334,2025-11-03T09:46:46.828809,0.3,1762143405.896000,26,1,1333,FALSE,FALSE,FALSE,FALSE,
1318,2025-11-03T09:46:47.629568,1317.0,2025-11-03T09:46:47.830806,201.2,1762143407.730000,49,1,1335,2025-11-03T09:46:47.831154,0.3,1762143406.898000,26,1,1334,FALSE,FALSE,FALSE,FALSE,
1319,2025-11-03T09:46:48.629562,1318.0,2025-11-03T09:46:48.733130,103.6,1762143408.632000,43,0,,2025-11-03T09:46:48.733489,0.3,1762143407.899000,26,1,1335,FALSE,FALSE,FALSE,FALSE,
1320,2025-11-03T09:46:49.629578,1319.0,2025-11-03T09:46:49.734606,105.0,1762143409.634000,49,1,1336,2025-11-03T09:46:49.734908,0.3,1762143408.802000,23,1,1336,FALSE,FALSE,FALSE,FALSE,
1321,2025-11-03T09:46:50.629574,1320.0,2025-11-03T09:46:50.736926,107.3,1762143410.636000,49,1,1337,2025-11-03T09:46:50.737235,0.3,1762143409.804000,27,1,1337,FALSE,FALSE,FALSE,FALSE,
1322,2025-11-03T09:46:51.629575,1321.0,2025-11-03T09:46:51.739919,110.3,1762143411.639000,49,1,1338,2025-11-03T09:46:51.740251,0.3,1762143410.806000,26,1,1338,FALSE,FALSE,FALSE,FALSE,
1323,2025-11-03T09:46:52.629736,1322.0,2025-11-03T09:46:52.742065,112.3,1762143412.641000,49,1,1339,2025-11-03T09:46:52.742383,0.3,1762143411.809000,26,1,1339,FALSE,FALSE,FALSE,FALSE,
1324,2025-11-03T09:46:53.629568,1323.0,2025-11-03T09:46:53.744327,114.8,1762143413.643000,50,1,1340,2025-11-03T09:46:53.744929,0.6,1762143412.811000,26,1,1340,FALSE,FALSE,FALSE,FALSE,
1325,2025-11-03T09:46:54.629578,1324.0,2025-11-03T09:46:54.746499,116.9,1762143414.646000,48,0,,2025-11-03T09:46:54.746842,0.3,1762143413.813000,26,1,1341,FALSE,FALSE,FALSE,FALSE,
1326,2025-11-03T09:46:55.629585,1325.0,2025-11-03T09:46:55.747764,118.2,1762143415.647000,49,1,1342,2025-11-03T09:46:55.748085,0.3,1762143414.815000,26,1,1342,FALSE,FALSE,FALSE,FALSE,
1327,2025-11-03T09:46:56.629567,1326.0,2025-11-03T09:46:56.749966,120.4,1762143416.648000,51,2,"1343,1344",2025-11-03T09:46:56.750289,0.3,1762143415.817000,26,1,1343,TRUE,FALSE,FALSE,FALSE,"Multi-ICG:1343,1344"
1328,2025-11-03T09:46:57.629583,1327.0,2025-11-03T09:46:57.751408,121.8,1762143417.651000,48,0,,2025-11-03T09:46:57.751745,0.3,1762143416.819000,26,1,1344,FALSE,FALSE,FALSE,FALSE,
1329,2025-11-03T09:46:58.629568,1328.0,2025-11-03T09:46:58.752752,123.2,1762143418.652000,50,1,1345,2025-11-03T09:46:58.753058,0.3,1762143417.821000,26,1,1345,FALSE,FALSE,FALSE,FALSE,
1330,2025-11-03T09:46:59.629569,1329.0,2025-11-03T09:46:59.754154,124.6,1762143419.654000,51,2,"1346,1347",2025-11-03T09:46:59.754481,0.3,1762143418.822000,26,1,1346,TRUE,FALSE,FALSE,FALSE,"Multi-ICG:1346,1347"
1331,2025-11-03T09:47:00.629572,1330.0,2025-11-03T09:47:00.755632,126.1,1762143420.655000,49,1,1348,2025-11-03T09:47:00.756029,0.4,1762143419.823000,26,1,1347,FALSE,FALSE,FALSE,FALSE,
1332,2025-11-03T09:47:01.629576,1331.0,2025-11-03T09:47:01.758654,129.1,1762143421.657000,49,1,1349,2025-11-03T09:47:01.758968,0.3,1762143420.825000,26,1,1348,FALSE,FALSE,FALSE,FALSE,
1333,2025-11-03T09:47:02.629568,1332.0,2025-11-03T09:47:02.760761,131.2,1762143422.660000,48,1,1350,2025-11-03T09:47:02.761335,0.6,1762143421.826000,26,1,1349,FALSE,FALSE,FALSE,FALSE,
1334,2025-11-03T09:47:03.629571,1333.0,2025-11-03T09:47:03.762326,132.8,1762143423.662000,50,1,1351,2025-11-03T09:47:03.762638,0.3,1762143422.828000,26,1,1350,FALSE,FALSE,FALSE,FALSE,
1335,2025-11-03T09:47:04.629568,1334.0,2025-11-03T09:47:04.763607,134.0,1762143424.663000,49,1,1352,2025-11-03T09:47:04.763923,0.3,1762143423.829000,26,1,1351,FALSE,FALSE,FALSE,FALSE,
1336,2025-11-03T09:47:05.629568,1335.0,2025-11-03T09:47:05.764770,135.2,1762143425.664000,49,1,1353,2025-11-03T09:47:05.765076,0.3,1762143424.830000,26,1,1352,FALSE,FALSE,FALSE,FALSE,
1337,2025-11-03T09:47:06.629570,1336.0,2025-11-03T09:47:06.766026,136.5,1762143426.665000,49,1,1354,2025-11-03T09:47:06.766330,0.3,1762143425.831000,26,1,1353,FALSE,FALSE,FALSE,FALSE,
1338,2025-11-03T09:47:07.629579,1337.0,2025-11-03T09:47:07.767416,137.8,1762143427.667000,49,1,1355,2025-11-03T09:47:07.767738,0.3,1762143426.833000,26,1,1354,FALSE,FALSE,FALSE,FALSE,
1339,2025-11-03T09:47:08.629576,1338.0,2025-11-03T09:47:08.768680,139.1,1762143428.668000,49,1,1356,2025-11-03T09:47:08.769205,0.5,1762143427.834000,26,1,1355,FALSE,FALSE,FALSE,FALSE,
1340,2025-11-03T09:47:09.629569,1339.0,2025-11-03T09:47:09.769948,140.4,1762143429.669000,48,1,1357,2025-11-03T09:47:09.770283,0.3,1762143428.835000,26,1,1356,FALSE,FALSE,FALSE,FALSE,
1341,2025-11-03T09:47:10.629571,1340.0,2025-11-03T09:47:10.771275,141.7,1762143430.670000,48,1,1358,2025-11-03T09:47:10.771677,0.4,1762143429.837000,26,1,1357,FALSE,FALSE,FALSE,FALSE,
1342,2025-11-03T09:47:11.629570,1341.0,2025-11-03T09:47:11.772844,143.3,1762143431.672000,51,1,1359,2025-11-03T09:47:11.773195,0.3,1762143430.838000,26,1,1358,FALSE,FALSE,FALSE,FALSE,
1343,2025-11-03T09:47:12.629564,1342.0,2025-11-03T09:47:12.773775,144.2,1762143432.673000,49,1,1360,2025-11-03T09:47:12.774058,0.3,1762143431.840000,26,1,1359,FALSE,FALSE,FALSE,FALSE,
1344,2025-11-03T09:47:13.629571,1343.0,2025-11-03T09:47:13.775064,145.5,1762143433.674000,48,1,1361,2025-11-03T09:47:13.775418,0.3,1762143432.842000,26,1,1360,FALSE,FALSE,FALSE,FALSE,
1345,2025-11-03T09:47:14.629573,1344.0,2025-11-03T09:47:14.776369,146.8,1762143434.676000,49,1,1362,2025-11-03T09:47:14.776681,0.3,1762143433.843000,27,1,1361,FALSE,FALSE,FALSE,FALSE,
1346,2025-11-03T09:47:15.629569,1345.0,2025-11-03T09:47:15.777730,148.2,1762143435.677000,49,1,1363,2025-11-03T09:47:15.778029,0.3,1762143434.845000,26,1,1362,FALSE,FALSE,FALSE,FALSE,
1347,2025-11-03T09:47:16.629572,1346.0,2025-11-03T09:47:16.779150,149.6,1762143436.679000,49,1,1364,2025-11-03T09:47:16.779520,0.4,1762143435.847000,26,1,1363,FALSE,FALSE,FALSE,FALSE,
1348,2025-11-03T09:47:17.629567,1347.0,2025-11-03T09:47:17.781285,151.7,1762143437.680000,48,1,1365,2025-11-03T09:47:17.781590,0.3,1762143436.848000,26,1,1364,FALSE,FALSE,FALSE,FALSE,
1349,2025-11-03T09:47:18.629565,1348.0,2025-11-03T09:47:18.783234,153.7,1762143438.682000,49,1,1366,2025-11-03T09:47:18.783598,0.4,1762143437.850000,26,1,1365,FALSE,FALSE,FALSE,FALSE,
1350,2025-11-03T09:47:19.629579,1349.0,2025-11-03T09:47:19.785759,156.2,1762143439.685000,50,1,1367,2025-11-03T09:47:19.786081,0.3,1762143438.851000,26,1,1366,FALSE,FALSE,FALSE,FALSE,
1351,2025-11-03T09:47:20.629570,1350.0,2025-11-03T09:47:20.788239,158.7,1762143440.687000,49,1,1368,2025-11-03T09:47:20.788583,0.3,1762143439.853000,26,1,1367,FALSE,FALSE,FALSE,FALSE,
1352,2025-11-03T09:47:21.629570,1351.0,2025-11-03T09:47:21.789612,160.0,1762143441.689000,50,1,1369,2025-11-03T09:47:21.789957,0.3,1762143440.854000,26,1,1368,FALSE,FALSE,FALSE,FALSE,
1353,2025-11-03T09:47:22.629571,1352.0,2025-11-03T09:47:22.791587,162.0,1762143442.691000,49,1,1370,2025-11-03T09:47:22.791921,0.3,1762143441.855000,26,1,1369,FALSE,FALSE,FALSE,FALSE,
1354,2025-11-03T09:47:23.629574,1353.0,2025-11-03T09:47:23.792831,163.3,1762143443.692000,48,1,1371,2025-11-03T09:47:23.793164,0.3,1762143442.857000,26,1,1370,FALSE,FALSE,FALSE,FALSE,
1355,2025-11-03T09:47:24.629567,1354.0,2025-11-03T09:47:24.794038,164.5,1762143444.693000,49,1,1372,2025-11-03T09:47:24.794347,0.3,1762143443.858000,26,1,1371,FALSE,FALSE,FALSE,FALSE,
1356,2025-11-03T09:47:25.629569,1355.0,2025-11-03T09:47:25.795348,165.8,1762143445.695000,47,1,1373,2025-11-03T09:47:25.795702,0.3,1762143444.859000,26,1,1372,FALSE,FALSE,FALSE,FALSE,
1357,2025-11-03T09:47:26.629565,1356.0,2025-11-03T09:47:26.796727,167.2,1762143446.696000,49,1,1374,2025-11-03T09:47:26.797097,0.4,1762143445.861000,26,1,1373,FALSE,FALSE,FALSE,FALSE,
1358,2025-11-03T09:47:27.629572,1357.0,2025-11-03T09:47:27.798371,168.8,1762143447.698000,50,1,1375,2025-11-03T09:47:27.798735,0.3,1762143446.862000,26,1,1374,FALSE,FALSE,FALSE,FALSE,
1359,2025-11-03T09:47:28.629568,1358.0,2025-11-03T09:47:28.799607,170.0,1762143448.699000,48,1,1376,2025-11-03T09:47:28.799924,0.3,1762143447.863000,26,1,1375,FALSE,FALSE,FALSE,FALSE,
1360,2025-11-03T09:47:29.629672,1359.0,2025-11-03T09:47:29.801104,171.4,1762143449.700000,48,1,1377,2025-11-03T09:47:29.801465,0.3,1762143448.865000,26,1,1376,FALSE,FALSE,FALSE,FALSE,
1361,2025-11-03T09:47:30.629573,1360.0,2025-11-03T09:47:30.802291,172.7,1762143450.702000,49,1,1378,2025-11-03T09:47:30.802601,0.3,1762143449.866000,26,1,1377,FALSE,FALSE,FALSE,FALSE,
1362,2025-11-03T09:47:31.629574,1361.0,2025-11-03T09:47:31.804117,174.5,1762143451.703000,49,1,1379,2025-11-03T09:47:31.804452,0.3,1762143450.867000,26,1,1378,FALSE,FALSE,FALSE,FALSE,
1363,2025-11-03T09:47:32.629625,1362.0,2025-11-03T09:47:32.805961,176.3,1762143452.705000,49,1,1380,2025-11-03T09:47:32.806300,0.3,1762143451.869000,26,1,1379,FALSE,FALSE,FALSE,FALSE,
1364,2025-11-03T09:47:33.629565,1363.0,2025-11-03T09:47:33.807253,177.7,1762143453.707000,49,1,1381,2025-11-03T09:47:33.807628,0.4,1762143452.870000,26,1,1380,FALSE,FALSE,FALSE,FALSE,
1365,2025-11-03T09:47:34.629568,1364.0,2025-11-03T09:47:34.809186,179.6,1762143454.708000,49,1,1382,2025-11-03T09:47:34.809495,0.3,1762143453.872000,26,1,1381,FALSE,FALSE,FALSE,FALSE,
1366,2025-11-03T09:47:35.629569,1365.0,2025-11-03T09:47:35.810726,181.2,1762143455.710000,49,1,1383,2025-11-03T09:47:35.811035,0.3,1762143454.873000,26,1,1382,FALSE,FALSE,FALSE,FALSE,
1367,2025-11-03T09:47:36.629671,1366.0,2025-11-03T09:47:36.812155,182.5,1762143456.711000,50,1,1384,2025-11-03T09:47:36.812631,0.5,1762143455.874000,26,1,1383,FALSE,FALSE,FALSE,FALSE,
1368,2025-11-03T09:47:37.629615,1367.0,2025-11-03T09:47:37.813423,183.8,1762143457.713000,49,1,1385,2025-11-03T09:47:37.813719,0.3,1762143456.876000,26,1,1384,FALSE,FALSE,FALSE,FALSE,
1369,2025-11-03T09:47:38.629571,1368.0,2025-11-03T09:47:38.816502,186.9,1762143458.716000,50,1,1386,2025-11-03T09:47:38.816854,0.3,1762143457.877000,26,1,1385,FALSE,FALSE,FALSE,FALSE,
1370,2025-11-03T09:47:39.629569,1369.0,2025-11-03T09:47:39.817508,187.9,1762143459.717000,49,1,1387,2025-11-03T09:47:39.817833,0.3,1762143458.878000,26,1,1386,FALSE,FALSE,FALSE,FALSE,
1371,2025-11-03T09:47:40.629574,1370.0,2025-11-03T09:47:40.818870,189.3,1762143460.718000,50,1,1388,2025-11-03T09:47:40.819187,0.3,1762143459.879000,26,1,1387,FALSE,FALSE,FALSE,FALSE,
1372,2025-11-03T09:47:41.629576,1371.0,2025-11-03T09:47:41.820250,190.7,1762143461.720000,49,1,1389,2025-11-03T09:47:41.820566,0.3,1762143460.881000,26,1,1388,FALSE,FALSE,FALSE,FALSE,
1373,2025-11-03T09:47:42.629573,1372.0,2025-11-03T09:47:42.821792,192.2,1762143462.721000,49,1,1390,2025-11-03T09:47:42.822118,0.3,1762143461.882000,27,1,1389,FALSE,FALSE,FALSE,FALSE,
1374,2025-11-03T09:47:43.629573,1373.0,2025-11-03T09:47:43.823491,193.9,1762143463.723000,49,1,1391,2025-11-03T09:47:43.823903,0.4,1762143462.884000,26,1,1390,FALSE,FALSE,FALSE,FALSE,
1375,2025-11-03T09:47:44.629573,1374.0,2025-11-03T09:47:44.824944,195.4,1762143464.724000,48,1,1392,2025-11-03T09:47:44.825261,0.3,1762143463.885000,26,1,1391,FALSE,FALSE,FALSE,FALSE,
1376,2025-11-03T09:47:45.629586,1375.0,2025-11-03T09:47:45.826579,197.0,1762143465.726000,50,1,1393,2025-11-03T09:47:45.826885,0.3,1762143464.886000,26,1,1392,FALSE,FALSE,FALSE,FALSE,
1377,2025-11-03T09:47:46.629576,1376.0,2025-11-03T09:47:46.828118,198.5,1762143466.727000,49,1,1394,2025-11-03T09:47:46.828440,0.3,1762143465.887000,26,1,1393,FALSE,FALSE,FALSE,FALSE,
1378,2025-11-03T09:47:47.629577,1377.0,2025-11-03T09:47:47.829858,200.3,1762143467.729000,49,1,1395,2025-11-03T09:47:47.830218,0.3,1762143466.888000,26,1,1394,FALSE,FALSE,FALSE,FALSE,
1379,2025-11-03T09:47:48.629577,1378.0,2025-11-03T09:47:48.730693,101.1,1762143468.630000,43,0,,2025-11-03T09:47:48.731022,0.3,1762143467.890000,26,1,1395,FALSE,FALSE,FALSE,FALSE,
1380,2025-11-03T09:47:49.629580,1379.0,2025-11-03T09:47:49.732649,103.1,1762143469.632000,49,1,1396,2025-11-03T09:47:49.732949,0.3,1762143468.791000,23,1,1396,FALSE,FALSE,FALSE,FALSE,
1381,2025-11-03T09:47:50.629576,1380.0,2025-11-03T09:47:50.734152,104.6,1762143470.633000,50,1,1397,2025-11-03T09:47:50.734475,0.3,1762143469.794000,26,1,1397,FALSE,FALSE,FALSE,FALSE,
1382,2025-11-03T09:47:51.629572,1381.0,2025-11-03T09:47:51.735539,106.0,1762143471.635000,49,1,1398,2025-11-03T09:47:51.735875,0.3,1762143470.795000,26,1,1398,FALSE,FALSE,FALSE,FALSE,
1383,2025-11-03T09:47:52.629570,1382.0,2025-11-03T09:47:52.736957,107.4,1762143472.636000,50,1,1399,2025-11-03T09:47:52.737268,0.3,1762143471.797000,26,1,1399,FALSE,FALSE,FALSE,FALSE,
1384,2025-11-03T09:47:53.629572,1383.0,2025-11-03T09:47:53.738274,108.7,1762143473.638000,50,1,1400,2025-11-03T09:47:53.738596,0.3,1762143472.798000,26,1,1400,FALSE,FALSE,FALSE,FALSE,
1385,2025-11-03T09:47:54.629574,1384.0,2025-11-03T09:47:54.739528,109.9,1762143474.639000,49,1,1401,2025-11-03T09:47:54.739833,0.3,1762143473.799000,26,1,1401,FALSE,FALSE,FALSE,FALSE,
1386,2025-11-03T09:47:55.629576,1385.0,2025-11-03T09:47:55.741409,111.8,1762143475.641000,49,1,1402,2025-11-03T09:47:55.741703,0.3,1762143474.800000,26,1,1402,FALSE,FALSE,FALSE,FALSE,
1387,2025-11-03T09:47:56.629573,1386.0,2025-11-03T09:47:56.742785,113.2,1762143476.642000,50,1,1403,2025-11-03T09:47:56.743111,0.3,1762143475.802000,27,1,1403,FALSE,FALSE,FALSE,FALSE,
1388,2025-11-03T09:47:57.629573,1387.0,2025-11-03T09:47:57.745117,115.5,1762143477.645000,49,1,1404,2025-11-03T09:47:57.745449,0.3,1762143476.804000,26,1,1404,FALSE,FALSE,FALSE,FALSE,
1389,2025-11-03T09:47:58.629572,1388.0,2025-11-03T09:47:58.746409,116.8,1762143478.646000,49,1,1405,2025-11-03T09:47:58.746738,0.3,1762143477.805000,26,1,1405,FALSE,FALSE,FALSE,FALSE,
1390,2025-11-03T09:47:59.629570,1389.0,2025-11-03T09:47:59.747794,118.2,1762143479.647000,50,1,1406,2025-11-03T09:47:59.748116,0.3,1762143478.806000,26,1,1406,FALSE,FALSE,FALSE,FALSE,
1391,2025-11-03T09:48:00.629577,1390.0,2025-11-03T09:48:00.749221,119.6,1762143480.648000,50,1,1407,2025-11-03T09:48:00.749544,0.3,1762143479.807000,26,1,1407,FALSE,FALSE,FALSE,FALSE,
1392,2025-11-03T09:48:01.629576,1391.0,2025-11-03T09:48:01.751893,122.3,1762143481.651000,49,1,1408,2025-11-03T09:48:01.752214,0.3,1762143480.809000,26,1,1408,FALSE,FALSE,FALSE,FALSE,
1393,2025-11-03T09:48:02.629571,1392.0,2025-11-03T09:48:02.753205,123.6,1762143482.652000,48,1,1409,2025-11-03T09:48:02.753516,0.3,1762143481.811000,26,1,1409,FALSE,FALSE,FALSE,FALSE,
1394,2025-11-03T09:48:03.629571,1393.0,2025-11-03T09:48:03.754426,124.9,1762143483.654000,50,1,1410,2025-11-03T09:48:03.754812,0.4,1762143482.812000,26,1,1410,FALSE,FALSE,FALSE,FALSE,
1395,2025-11-03T09:48:04.629568,1394.0,2025-11-03T09:48:04.755943,126.4,1762143484.655000,50,1,1411,2025-11-03T09:48:04.756521,0.6,1762143483.814000,26,1,1411,FALSE,FALSE,FALSE,FALSE,
1396,2025-11-03T09:48:05.629573,1395.0,2025-11-03T09:48:05.757111,127.5,1762143485.656000,48,1,1412,2025-11-03T09:48:05.757428,0.3,1762143484.814000,26,1,1412,FALSE,FALSE,FALSE,FALSE,
1397,2025-11-03T09:48:06.629572,1396.0,2025-11-03T09:48:06.758669,129.1,1762143486.658000,49,1,1413,2025-11-03T09:48:06.758988,0.3,1762143485.816000,26,1,1413,FALSE,FALSE,FALSE,FALSE,
1398,2025-11-03T09:48:07.629563,1397.0,2025-11-03T09:48:07.761284,131.7,1762143487.661000,49,1,1414,2025-11-03T09:48:07.761601,0.3,1762143486.817000,26,1,1414,FALSE,FALSE,FALSE,FALSE,
1399,2025-11-03T09:48:08.629567,1398.0,2025-11-03T09:48:08.762692,133.1,1762143488.662000,50,1,1415,2025-11-03T09:48:08.763048,0.3,1762143487.819000,26,1,1415,FALSE,FALSE,FALSE,FALSE,
1400,2025-11-03T09:48:09.629561,1399.0,2025-11-03T09:48:09.763904,134.3,1762143489.663000,49,1,1416,2025-11-03T09:48:09.764229,0.3,1762143488.821000,26,1,1416,FALSE,FALSE,FALSE,FALSE,
1401,2025-11-03T09:48:10.629569,1400.0,2025-11-03T09:48:10.765579,136.0,1762143490.665000,48,0,,2025-11-03T09:48:10.765884,0.3,1762143489.822000,26,1,1417,FALSE,FALSE,FALSE,FALSE,
1402,2025-11-03T09:48:11.629566,1401.0,2025-11-03T09:48:11.767241,137.7,1762143491.667000,49,1,1418,2025-11-03T09:48:11.767670,0.4,1762143490.825000,26,1,1418,FALSE,FALSE,FALSE,FALSE,
1403,2025-11-03T09:48:12.629568,1402.0,2025-11-03T09:48:12.769280,139.7,1762143492.669000,50,1,1419,2025-11-03T09:48:12.769625,0.3,1762143491.827000,26,1,1419,FALSE,FALSE,FALSE,FALSE,
1404,2025-11-03T09:48:13.629571,1403.0,2025-11-03T09:48:13.770813,141.2,1762143493.670000,50,1,1420,2025-11-03T09:48:13.776583,5.8,1762143492.828000,26,1,1420,FALSE,FALSE,FALSE,FALSE,
1405,2025-11-03T09:48:14.629567,1404.0,2025-11-03T09:48:14.772461,142.9,1762143494.672000,48,1,1421,2025-11-03T09:48:14.772782,0.3,1762143493.830000,26,1,1421,FALSE,FALSE,FALSE,FALSE,
1406,2025-11-03T09:48:15.629567,1405.0,2025-11-03T09:48:15.774046,144.5,1762143495.674000,50,1,1422,2025-11-03T09:48:15.774428,0.4,1762143494.831000,26,1,1422,FALSE,FALSE,FALSE,FALSE,
1407,2025-11-03T09:48:16.629570,1406.0,2025-11-03T09:48:16.775631,146.1,1762143496.675000,50,1,1424,2025-11-03T09:48:16.775969,0.3,1762143495.832000,26,1,1423,FALSE,FALSE,FALSE,FALSE,
1408,2025-11-03T09:48:17.629570,1407.0,2025-11-03T09:48:17.777226,147.7,1762143497.676000,48,0,,2025-11-03T09:48:17.777529,0.3,1762143496.834000,26,1,1424,FALSE,FALSE,FALSE,FALSE,
1409,2025-11-03T09:48:18.629572,1408.0,2025-11-03T09:48:18.778533,149.0,1762143498.678000,49,1,1425,2025-11-03T09:48:18.778848,0.3,1762143497.835000,26,1,1425,FALSE,FALSE,FALSE,FALSE,
1410,2025-11-03T09:48:19.629570,1409.0,2025-11-03T09:48:19.780159,150.6,1762143499.679000,50,2,"1426,1427",2025-11-03T09:48:19.780502,0.3,1762143498.837000,26,1,1426,TRUE,FALSE,FALSE,FALSE,"Multi-ICG:1426,1427"
1411,2025-11-03T09:48:20.629572,1410.0,2025-11-03T09:48:20.781708,152.1,1762143500.681000,49,1,1428,2025-11-03T09:48:20.782006,0.3,1762143499.839000,26,1,1427,FALSE,FALSE,FALSE,FALSE,
1412,2025-11-03T09:48:21.629566,1411.0,2025-11-03T09:48:21.783374,153.8,1762143501.683000,47,0,,2025-11-03T09:48:21.783734,0.3,1762143500.840000,27,1,1428,FALSE,FALSE,FALSE,FALSE,
1413,2025-11-03T09:48:22.629566,1412.0,2025-11-03T09:48:22.784804,155.2,1762143502.684000,51,2,"1429,1430",2025-11-03T09:48:22.785145,0.3,1762143501.842000,26,1,1429,TRUE,FALSE,FALSE,FALSE,"Multi-ICG:1429,1430"
1414,2025-11-03T09:48:23.629567,1413.0,2025-11-03T09:48:23.785737,156.2,1762143503.685000,47,0,,2025-11-03T09:48:23.786056,0.3,1762143502.843000,26,1,1430,FALSE,FALSE,FALSE,FALSE,
1415,2025-11-03T09:48:24.629569,1414.0,2025-11-03T09:48:24.787239,157.7,1762143504.687000,48,0,,2025-11-03T09:48:24.787616,0.4,1762143503.845000,26,1,1431,FALSE,FALSE,FALSE,FALSE,
1416,2025-11-03T09:48:25.629582,1415.0,2025-11-03T09:48:25.788685,159.1,1762143505.688000,49,1,1433,2025-11-03T09:48:25.789008,0.3,1762143504.847000,26,1,1432,FALSE,FALSE,FALSE,FALSE,
1417,2025-11-03T09:48:26.629571,1416.0,2025-11-03T09:48:26.790161,160.6,1762143506.689000,49,1,1434,2025-11-03T09:48:26.790476,0.3,1762143505.848000,26,1,1433,FALSE,FALSE,FALSE,FALSE,
1418,2025-11-03T09:48:27.629572,1417.0,2025-11-03T09:48:27.791560,162.0,1762143507.691000,49,1,1435,2025-11-03T09:48:27.791877,0.3,1762143506.850000,26,1,1434,FALSE,FALSE,FALSE,FALSE,
1419,2025-11-03T09:48:28.629574,1418.0,2025-11-03T09:48:28.792931,163.4,1762143508.692000,48,1,1436,2025-11-03T09:48:28.793246,0.3,1762143507.852000,26,1,1435,FALSE,FALSE,FALSE,FALSE,
1420,2025-11-03T09:48:29.629573,1419.0,2025-11-03T09:48:29.794621,165.0,1762143509.694000,50,1,1437,2025-11-03T09:48:29.794978,0.3,1762143508.854000,26,1,1436,FALSE,FALSE,FALSE,FALSE,
1421,2025-11-03T09:48:30.629567,1420.0,2025-11-03T09:48:30.796569,167.0,1762143510.696000,48,1,1438,2025-11-03T09:48:30.796876,0.3,1762143509.855000,26,1,1437,FALSE,FALSE,FALSE,FALSE,
1422,2025-11-03T09:48:31.629575,1421.0,2025-11-03T09:48:31.798194,168.6,1762143511.697000,50,1,1439,2025-11-03T09:48:31.798550,0.3,1762143510.856000,26,1,1438,FALSE,FALSE,FALSE,FALSE,
1423,2025-11-03T09:48:32.629578,1422.0,2025-11-03T09:48:32.799288,169.7,1762143512.699000,49,1,1440,2025-11-03T09:48:32.799656,0.3,1762143511.858000,26,1,1439,FALSE,FALSE,FALSE,FALSE,
1424,2025-11-03T09:48:33.629568,1423.0,2025-11-03T09:48:33.800736,171.2,1762143513.700000,48,1,1441,2025-11-03T09:48:33.801046,0.3,1762143512.860000,26,1,1440,FALSE,FALSE,FALSE,FALSE,
1425,2025-11-03T09:48:34.629569,1424.0,2025-11-03T09:48:34.802168,172.6,1762143514.702000,49,1,1442,2025-11-03T09:48:34.802463,0.3,1762143513.862000,26,1,1441,FALSE,FALSE,FALSE,FALSE,
1426,2025-11-03T09:48:35.629576,1425.0,2025-11-03T09:48:35.803524,173.9,1762143515.703000,49,1,1443,2025-11-03T09:48:35.803841,0.3,1762143514.863000,26,1,1442,FALSE,FALSE,FALSE,FALSE,
1427,2025-11-03T09:48:36.629569,1426.0,2025-11-03T09:48:36.804665,175.1,1762143516.704000,50,1,1444,2025-11-03T09:48:36.804964,0.3,1762143515.865000,26,1,1443,FALSE,FALSE,FALSE,FALSE,
1428,2025-11-03T09:48:37.629570,1427.0,2025-11-03T09:48:37.806035,176.5,1762143517.706000,48,1,1445,2025-11-03T09:48:37.806349,0.3,1762143516.866000,26,1,1444,FALSE,FALSE,FALSE,FALSE,
1429,2025-11-03T09:48:38.629569,1428.0,2025-11-03T09:48:38.807744,178.2,1762143518.707000,49,1,1446,2025-11-03T09:48:38.808049,0.3,1762143517.868000,26,1,1445,FALSE,FALSE,FALSE,FALSE,
1430,2025-11-03T09:48:39.629570,1429.0,2025-11-03T09:48:39.809361,179.8,1762143519.709000,49,1,1447,2025-11-03T09:48:39.809669,0.3,1762143518.870000,26,1,1446,FALSE,FALSE,FALSE,FALSE,
1431,2025-11-03T09:48:40.629572,1430.0,2025-11-03T09:48:40.811257,181.7,1762143520.710000,50,1,1448,2025-11-03T09:48:40.811705,0.4,1762143519.871000,25,1,1447,FALSE,FALSE,FALSE,FALSE,
1432,2025-11-03T09:48:41.629567,1431.0,2025-11-03T09:48:41.812645,183.1,1762143521.712000,49,1,1449,2025-11-03T09:48:41.812988,0.3,1762143520.873000,26,1,1448,FALSE,FALSE,FALSE,FALSE,
1433,2025-11-03T09:48:42.629569,1432.0,2025-11-03T09:48:42.814180,184.6,1762143522.713000,48,1,1450,2025-11-03T09:48:42.814487,0.3,1762143521.874000,26,1,1449,FALSE,FALSE,FALSE,FALSE,
1434,2025-11-03T09:48:43.629573,1433.0,2025-11-03T09:48:43.816105,186.5,1762143523.715000,49,1,1451,2025-11-03T09:48:43.816478,0.4,1762143522.875000,26,1,1450,FALSE,FALSE,FALSE,FALSE,
1435,2025-11-03T09:48:44.629589,1434.0,2025-11-03T09:48:44.817384,187.8,1762143524.717000,49,1,1452,2025-11-03T09:48:44.817683,0.3,1762143523.876000,26,1,1451,FALSE,FALSE,FALSE,FALSE,
1436,2025-11-03T09:48:45.629580,1435.0,2025-11-03T09:48:45.818556,189.0,1762143525.718000,50,1,1453,2025-11-03T09:48:45.818869,0.3,1762143524.878000,26,1,1452,FALSE,FALSE,FALSE,FALSE,
1437,2025-11-03T09:48:46.629588,1436.0,2025-11-03T09:48:46.820210,190.6,1762143526.720000,48,1,1454,2025-11-03T09:48:46.820518,0.3,1762143525.879000,27,1,1453,FALSE,FALSE,FALSE,FALSE,
1438,2025-11-03T09:48:47.629577,1437.0,2025-11-03T09:48:47.821738,192.2,1762143527.721000,49,1,1455,2025-11-03T09:48:47.822043,0.3,1762143526.881000,26,1,1454,FALSE,FALSE,FALSE,FALSE,
1439,2025-11-03T09:48:48.629578,1438.0,2025-11-03T09:48:48.823214,193.6,1762143528.722000,49,1,1456,2025-11-03T09:48:48.823564,0.3,1762143527.882000,26,1,1455,FALSE,FALSE,FALSE,FALSE,
1440,2025-11-03T09:48:49.629575,1439.0,2025-11-03T09:48:49.825340,195.8,1762143529.724000,49,1,1457,2025-11-03T09:48:49.825747,0.4,1762143528.884000,26,1,1456,FALSE,FALSE,FALSE,FALSE,
1441,2025-11-03T09:48:50.629568,1440.0,2025-11-03T09:48:50.827276,197.7,1762143530.726000,50,1,1458,2025-11-03T09:48:50.827689,0.4,1762143529.885000,26,1,1457,FALSE,FALSE,FALSE,FALSE,
1442,2025-11-03T09:48:51.629572,1441.0,2025-11-03T09:48:51.828745,199.2,1762143531.728000,50,1,1459,2025-11-03T09:48:51.829044,0.3,1762143530.887000,26,1,1458,FALSE,FALSE,FALSE,FALSE,
1443,2025-11-03T09:48:52.629571,1442.0,2025-11-03T09:48:52.830072,200.5,1762143532.730000,50,1,1460,2025-11-03T09:48:52.830398,0.3,1762143531.889000,26,1,1459,FALSE,FALSE,FALSE,FALSE,
1444,2025-11-03T09:48:53.629566,1443.0,2025-11-03T09:48:53.731420,101.9,1762143533.631000,44,0,,2025-11-03T09:48:53.731725,0.3,1762143532.891000,26,1,1460,FALSE,FALSE,FALSE,FALSE,
1445,2025-11-03T09:48:54.629569,1444.0,2025-11-03T09:48:54.732978,103.4,1762143534.632000,49,1,1461,2025-11-03T09:48:54.733282,0.3,1762143533.792000,23,1,1461,FALSE,FALSE,FALSE,FALSE,
1446,2025-11-03T09:48:55.629573,1445.0,2025-11-03T09:48:55.734324,104.7,1762143535.634000,48,1,1462,2025-11-03T09:48:55.734801,0.5,1762143534.794000,26,1,1462,FALSE,FALSE,FALSE,FALSE,
1447,2025-11-03T09:48:56.629566,1446.0,2025-11-03T09:48:56.735686,106.1,1762143536.635000,49,1,1463,2025-11-03T09:48:56.736063,0.4,1762143535.796000,26,1,1463,FALSE,FALSE,FALSE,FALSE,
1448,2025-11-03T09:48:57.629572,1447.0,2025-11-03T09:48:57.737231,107.7,1762143537.636000,49,1,1464,2025-11-03T09:48:57.737534,0.3,1762143536.799000,27,1,1464,FALSE,FALSE,FALSE,FALSE,
1449,2025-11-03T09:48:58.629578,1448.0,2025-11-03T09:48:58.738566,109.0,1762143538.638000,50,1,1465,2025-11-03T09:48:58.738920,0.3,1762143537.801000,26,1,1465,FALSE,FALSE,FALSE,FALSE,
1450,2025-11-03T09:48:59.629566,1449.0,2025-11-03T09:48:59.739838,110.3,1762143539.639000,49,1,1466,2025-11-03T09:48:59.740378,0.5,1762143538.802000,26,1,1466,FALSE,FALSE,FALSE,FALSE,
1451,2025-11-03T09:49:00.629577,1450.0,2025-11-03T09:49:00.741164,111.6,1762143540.641000,50,1,1467,2025-11-03T09:49:00.741488,0.3,1762143539.805000,26,1,1467,FALSE,FALSE,FALSE,FALSE,
1452,2025-11-03T09:49:01.629577,1451.0,2025-11-03T09:49:01.742528,112.9,1762143541.642000,49,1,1468,2025-11-03T09:49:01.742871,0.3,1762143540.806000,26,1,1468,FALSE,FALSE,FALSE,FALSE,
1453,2025-11-03T09:49:02.629573,1452.0,2025-11-03T09:49:02.743954,114.4,1762143542.643000,50,1,1469,2025-11-03T09:49:02.744257,0.3,1762143541.808000,26,1,1469,FALSE,FALSE,FALSE,FALSE,
1454,2025-11-03T09:49:03.629569,1453.0,2025-11-03T09:49:03.745298,115.7,1762143543.644000,48,1,1470,2025-11-03T09:49:03.745657,0.3,1762143542.810000,26,1,1470,FALSE,FALSE,FALSE,FALSE,
1455,2025-11-03T09:49:04.629577,1454.0,2025-11-03T09:49:04.748063,118.5,1762143544.647000,50,1,1471,2025-11-03T09:49:04.748369,0.3,1762143543.811000,26,1,1471,FALSE,FALSE,FALSE,FALSE,
1456,2025-11-03T09:49:05.629579,1455.0,2025-11-03T09:49:05.750062,120.5,1762143545.649000,49,1,1472,2025-11-03T09:49:05.750376,0.3,1762143544.813000,26,1,1472,FALSE,FALSE,FALSE,FALSE,
1457,2025-11-03T09:49:06.629577,1456.0,2025-11-03T09:49:06.751652,122.1,1762143546.651000,50,1,1473,2025-11-03T09:49:06.752256,0.6,1762143545.815000,26,1,1473,FALSE,FALSE,FALSE,FALSE,
1458,2025-11-03T09:49:07.629579,1457.0,2025-11-03T09:49:07.752930,123.3,1762143547.653000,49,1,1474,2025-11-03T09:49:07.753238,0.3,1762143546.816000,26,1,1474,FALSE,FALSE,FALSE,FALSE,
1459,2025-11-03T09:49:08.629576,1458.0,2025-11-03T09:49:08.754216,124.6,1762143548.654000,49,1,1475,2025-11-03T09:49:08.754546,0.3,1762143547.818000,26,1,1475,FALSE,FALSE,FALSE,FALSE,
1460,2025-11-03T09:49:09.629577,1459.0,2025-11-03T09:49:09.755605,126.0,1762143549.655000,49,1,1476,2025-11-03T09:49:09.755910,0.3,1762143548.819000,26,1,1476,FALSE,FALSE,FALSE,FALSE,
1461,2025-11-03T09:49:10.629576,1460.0,2025-11-03T09:49:10.756930,127.3,1762143550.657000,49,1,1477,2025-11-03T09:49:10.757231,0.3,1762143549.821000,26,1,1477,FALSE,FALSE,FALSE,FALSE,
1462,2025-11-03T09:49:11.629571,1461.0,2025-11-03T09:49:11.758753,129.2,1762143551.658000,49,1,1478,2025-11-03T09:49:11.759099,0.3,1762143550.822000,26,1,1478,FALSE,FALSE,FALSE,FALSE,
1463,2025-11-03T09:49:12.629579,1462.0,2025-11-03T09:49:12.760456,130.9,1762143552.660000,48,1,1479,2025-11-03T09:49:12.760778,0.3,1762143551.824000,26,1,1479,FALSE,FALSE,FALSE,FALSE,
1464,2025-11-03T09:49:13.629573,1463.0,2025-11-03T09:49:13.762442,132.9,1762143553.662000,49,1,1480,2025-11-03T09:49:13.762763,0.3,1762143552.825000,26,1,1480,FALSE,FALSE,FALSE,FALSE,
1465,2025-11-03T09:49:14.629572,1464.0,2025-11-03T09:49:14.764350,134.8,1762143554.663000,49,1,1481,2025-11-03T09:49:14.764808,0.4,1762143553.828000,26,1,1481,FALSE,FALSE,FALSE,FALSE,
1466,2025-11-03T09:49:15.629566,1465.0,2025-11-03T09:49:15.765831,136.3,1762143555.665000,48,1,1482,2025-11-03T09:49:15.766432,0.6,1762143554.829000,26,1,1482,FALSE,FALSE,FALSE,FALSE,
1467,2025-11-03T09:49:16.629576,1466.0,2025-11-03T09:49:16.767074,137.5,1762143556.667000,50,1,1483,2025-11-03T09:49:16.767561,0.5,1762143555.831000,26,1,1483,FALSE,FALSE,FALSE,FALSE,
1468,2025-11-03T09:49:17.629571,1467.0,2025-11-03T09:49:17.768561,139.0,1762143557.668000,50,1,1484,2025-11-03T09:49:17.768916,0.3,1762143556.832000,26,1,1484,FALSE,FALSE,FALSE,FALSE,
1469,2025-11-03T09:49:18.629577,1468.0,2025-11-03T09:49:18.769696,140.1,1762143558.669000,49,1,1485,2025-11-03T09:49:18.770028,0.3,1762143557.833000,26,1,1485,FALSE,FALSE,FALSE,FALSE,
1470,2025-11-03T09:49:19.629578,1469.0,2025-11-03T09:49:19.771042,141.5,1762143559.670000,49,1,1486,2025-11-03T09:49:19.771402,0.3,1762143558.835000,26,1,1486,FALSE,FALSE,FALSE,FALSE,
1471,2025-11-03T09:49:20.629570,1470.0,2025-11-03T09:49:20.772411,142.8,1762143560.672000,50,1,1487,2025-11-03T09:49:20.772726,0.3,1762143559.836000,26,1,1487,FALSE,FALSE,FALSE,FALSE,
1472,2025-11-03T09:49:21.629577,1471.0,2025-11-03T09:49:21.773730,144.1,1762143561.673000,50,1,1488,2025-11-03T09:49:21.774105,0.4,1762143560.837000,26,1,1488,FALSE,FALSE,FALSE,FALSE,
1473,2025-11-03T09:49:22.629578,1472.0,2025-11-03T09:49:22.775083,145.5,1762143562.675000,48,1,1489,2025-11-03T09:49:22.775443,0.3,1762143561.838000,27,1,1489,FALSE,FALSE,FALSE,FALSE,
1474,2025-11-03T09:49:23.629572,1473.0,2025-11-03T09:49:23.776438,146.9,1762143563.676000,50,1,1490,2025-11-03T09:49:23.776750,0.3,1762143562.840000,26,1,1490,FALSE,FALSE,FALSE,FALSE,
1475,2025-11-03T09:49:24.629576,1474.0,2025-11-03T09:49:24.778225,148.6,1762143564.677000,49,1,1491,2025-11-03T09:49:24.778569,0.3,1762143563.841000,26,1,1491,FALSE,FALSE,FALSE,FALSE,
1476,2025-11-03T09:49:25.629579,1475.0,2025-11-03T09:49:25.779389,149.8,1762143565.678000,49,1,1492,2025-11-03T09:49:25.779728,0.3,1762143564.842000,26,1,1492,FALSE,FALSE,FALSE,FALSE,
1477,2025-11-03T09:49:26.629581,1476.0,2025-11-03T09:49:26.780789,151.2,1762143566.681000,49,1,1493,2025-11-03T09:49:26.781140,0.3,1762143565.844000,26,1,1493,FALSE,FALSE,FALSE,FALSE,
1478,2025-11-03T09:49:27.629574,1477.0,2025-11-03T09:49:27.782126,152.5,1762143567.682000,49,1,1494,2025-11-03T09:49:27.782429,0.3,1762143566.845000,26,1,1494,FALSE,FALSE,FALSE,FALSE,
1479,2025-11-03T09:49:28.629570,1478.0,2025-11-03T09:49:28.783725,154.2,1762143568.683000,49,1,1495,2025-11-03T09:49:28.784089,0.3,1762143567.846000,26,1,1495,FALSE,FALSE,FALSE,FALSE,
1480,2025-11-03T09:49:29.629573,1479.0,2025-11-03T09:49:29.784938,155.4,1762143569.684000,49,1,1496,2025-11-03T09:49:29.785309,0.4,1762143568.848000,26,1,1496,FALSE,FALSE,FALSE,FALSE,
1481,2025-11-03T09:49:30.629572,1480.0,2025-11-03T09:49:30.786257,156.7,1762143570.685000,50,1,1497,2025-11-03T09:49:30.786572,0.3,1762143569.849000,26,1,1497,FALSE,FALSE,FALSE,FALSE,
1482,2025-11-03T09:49:31.629573,1481.0,2025-11-03T09:49:31.787557,158.0,1762143571.687000,50,1,1498,2025-11-03T09:49:31.787968,0.4,1762143570.850000,26,1,1498,FALSE,FALSE,FALSE,FALSE,
1483,2025-11-03T09:49:32.629575,1482.0,2025-11-03T09:49:32.788805,159.2,1762143572.688000,48,1,1499,2025-11-03T09:49:32.789115,0.3,1762143571.851000,26,1,1499,FALSE,FALSE,FALSE,FALSE,
1484,2025-11-03T09:49:33.629569,1483.0,2025-11-03T09:49:33.790414,160.8,1762143573.689000,50,1,1500,2025-11-03T09:49:33.790771,0.3,1762143572.853000,26,1,1500,FALSE,FALSE,FALSE,FALSE,
1485,2025-11-03T09:49:34.629570,1484.0,2025-11-03T09:49:34.792094,162.5,1762143574.691000,49,1,1501,2025-11-03T09:49:34.792432,0.3,1762143573.854000,26,1,1501,FALSE,FALSE,FALSE,FALSE,
1486,2025-11-03T09:49:35.629581,1485.0,2025-11-03T09:49:35.793551,164.0,1762143575.693000,49,1,1502,2025-11-03T09:49:35.793877,0.3,1762143574.855000,26,1,1502,FALSE,FALSE,FALSE,FALSE,
1487,2025-11-03T09:49:36.629578,1486.0,2025-11-03T09:49:36.794932,165.3,1762143576.695000,49,1,1503,2025-11-03T09:49:36.795260,0.3,1762143575.857000,26,1,1503,FALSE,FALSE,FALSE,FALSE,
1488,2025-11-03T09:49:37.629574,1487.0,2025-11-03T09:49:37.796465,166.9,1762143577.696000,49,1,1504,2025-11-03T09:49:37.796811,0.3,1762143576.858000,26,1,1504,FALSE,FALSE,FALSE,FALSE,
1489,2025-11-03T09:49:38.629569,1488.0,2025-11-03T09:49:38.798004,168.4,1762143578.697000,47,0,,2025-11-03T09:49:38.798345,0.3,1762143577.859000,26,1,1505,FALSE,FALSE,FALSE,FALSE,
1490,2025-11-03T09:49:39.629569,1489.0,2025-11-03T09:49:39.799633,170.1,1762143579.699000,48,1,1506,2025-11-03T09:49:39.799944,0.3,1762143578.860000,26,1,1506,FALSE,FALSE,FALSE,FALSE,
1491,2025-11-03T09:49:40.629570,1490.0,2025-11-03T09:49:40.801444,171.9,1762143580.701000,49,1,1507,2025-11-03T09:49:40.801782,0.3,1762143579.862000,26,1,1507,FALSE,FALSE,FALSE,FALSE,
1492,2025-11-03T09:49:41.629575,1491.0,2025-11-03T09:49:41.803902,174.3,1762143581.704000,49,1,1508,2025-11-03T09:49:41.804239,0.3,1762143580.863000,26,1,1508,FALSE,FALSE,FALSE,FALSE,
1493,2025-11-03T09:49:42.629584,1492.0,2025-11-03T09:49:42.805629,176.0,1762143582.704000,51,2,"1509,1510",2025-11-03T09:49:42.805987,0.3,1762143581.864000,25,1,1509,TRUE,FALSE,FALSE,FALSE,"Multi-ICG:1509,1510"
1494,2025-11-03T09:49:43.629592,1493.0,2025-11-03T09:49:43.807725,178.1,1762143583.707000,49,1,1511,2025-11-03T09:49:43.808041,0.3,1762143582.866000,26,1,1510,FALSE,FALSE,FALSE,FALSE,
1495,2025-11-03T09:49:44.629570,1494.0,2025-11-03T09:49:44.809170,179.6,1762143584.709000,48,0,,2025-11-03T09:49:44.809485,0.3,1762143583.867000,26,1,1511,FALSE,FALSE,FALSE,FALSE,
1496,2025-11-03T09:49:45.629569,1495.0,2025-11-03T09:49:45.810629,181.1,1762143585.710000,48,1,1512,2025-11-03T09:49:45.810948,0.3,1762143584.868000,26,1,1512,FALSE,FALSE,FALSE,FALSE,
1497,2025-11-03T09:49:46.629577,1496.0,2025-11-03T09:49:46.811952,182.4,1762143586.711000,51,2,"1513,1514",2025-11-03T09:49:46.812273,0.3,1762143585.869000,26,1,1513,TRUE,FALSE,FALSE,FALSE,"Multi-ICG:1513,1514"
1498,2025-11-03T09:49:47.629589,1497.0,2025-11-03T09:49:47.813495,183.9,1762143587.713000,49,1,1515,2025-11-03T09:49:47.813818,0.3,1762143586.871000,26,1,1514,FALSE,FALSE,FALSE,FALSE,
1499,2025-11-03T09:49:48.629571,1498.0,2025-11-03T09:49:48.815026,185.5,1762143588.714000,50,1,1516,2025-11-03T09:49:48.815469,0.4,1762143587.871000,26,1,1515,FALSE,FALSE,FALSE,FALSE,
1500,2025-11-03T09:49:49.629575,1499.0,2025-11-03T09:49:49.816506,186.9,1762143589.716000,49,1,1517,2025-11-03T09:49:49.816819,0.3,1762143588.873000,26,1,1516,FALSE,FALSE,FALSE,FALSE,
1501,2025-11-03T09:49:50.629580,1500.0,2025-11-03T09:49:50.817949,188.4,1762143590.717000,48,1,1518,2025-11-03T09:49:50.818302,0.3,1762143589.875000,26,1,1517,FALSE,FALSE,FALSE,FALSE,
1502,2025-11-03T09:49:51.629571,1501.0,2025-11-03T09:49:51.819709,190.1,1762143591.718000,48,1,1519,2025-11-03T09:49:51.820140,0.4,1762143590.876000,27,1,1518,FALSE,FALSE,FALSE,FALSE,
1503,2025-11-03T09:49:52.629573,1502.0,2025-11-03T09:49:52.820546,191.0,1762143592.720000,49,1,1520,2025-11-03T09:49:52.820854,0.3,1762143591.878000,26,1,1519,FALSE,FALSE,FALSE,FALSE,
1504,2025-11-03T09:49:53.629579,1503.0,2025-11-03T09:49:53.821895,192.3,1762143593.721000,49,1,1521,2025-11-03T09:49:53.822202,0.3,1762143592.879000,26,1,1520,FALSE,FALSE,FALSE,FALSE,
1505,2025-11-03T09:49:54.629588,1504.0,2025-11-03T09:49:54.823514,193.9,1762143594.723000,49,1,1522,2025-11-03T09:49:54.823859,0.3,1762143593.880000,26,1,1521,FALSE,FALSE,FALSE,FALSE,
1506,2025-11-03T09:49:55.629582,1505.0,2025-11-03T09:49:55.824908,195.3,1762143595.724000,50,1,1523,2025-11-03T09:49:55.825223,0.3,1762143594.881000,26,1,1522,FALSE,FALSE,FALSE,FALSE,
1507,2025-11-03T09:49:56.629589,1506.0,2025-11-03T09:49:56.826117,196.5,1762143596.725000,48,1,1524,2025-11-03T09:49:56.826430,0.3,1762143595.882000,26,1,1523,FALSE,FALSE,FALSE,FALSE,
1508,2025-11-03T09:49:57.629577,1507.0,2025-11-03T09:49:57.827454,197.9,1762143597.727000,49,1,1525,2025-11-03T09:49:57.827799,0.3,1762143596.884000,26,1,1524,FALSE,FALSE,FALSE,FALSE,
1509,2025-11-03T09:49:58.629573,1508.0,2025-11-03T09:49:58.828621,199.0,1762143598.728000,50,1,1526,2025-11-03T09:49:58.828927,0.3,1762143597.886000,26,1,1525,FALSE,FALSE,FALSE,FALSE,
1510,2025-11-03T09:49:59.629571,1509.0,2025-11-03T09:49:59.829886,200.3,1762143599.729000,49,1,1527,2025-11-03T09:49:59.835456,5.6,1762143598.886000,26,1,1526,FALSE,FALSE,FALSE,FALSE,
1511,2025-11-03T09:50:00.629590,1510.0,2025-11-03T09:50:00.731102,101.5,1762143600.631000,43,0,,2025-11-03T09:50:00.731504,0.4,1762143599.888000,26,1,1527,FALSE,FALSE,FALSE,FALSE,
1512,2025-11-03T09:50:01.629592,1511.0,2025-11-03T09:50:01.732764,103.2,1762143601.632000,49,1,1528,2025-11-03T09:50:01.733088,0.3,1762143600.789000,23,1,1528,FALSE,FALSE,FALSE,FALSE,
1513,2025-11-03T09:50:02.629574,1512.0,2025-11-03T09:50:02.734381,104.8,1762143602.634000,48,1,1529,2025-11-03T09:50:02.734710,0.3,1762143601.791000,26,1,1529,FALSE,FALSE,FALSE,FALSE,
1514,2025-11-03T09:50:03.629579,1513.0,2025-11-03T09:50:03.736330,106.7,1762143603.635000,50,1,1530,2025-11-03T09:50:03.736662,0.3,1762143602.791000,26,1,1530,FALSE,FALSE,FALSE,FALSE,
1515,2025-11-03T09:50:04.629572,1514.0,2025-11-03T09:50:04.738026,108.4,1762143604.637000,48,1,1531,2025-11-03T09:50:04.738400,0.4,1762143603.793000,26,1,1531,FALSE,FALSE,FALSE,FALSE,
1516,2025-11-03T09:50:05.629574,1515.0,2025-11-03T09:50:05.739850,110.3,1762143605.639000,48,1,1532,2025-11-03T09:50:05.740179,0.3,1762143604.795000,26,1,1532,FALSE,FALSE,FALSE,FALSE,
1517,2025-11-03T09:50:06.629570,1516.0,2025-11-03T09:50:06.741113,111.5,1762143606.641000,49,1,1533,2025-11-03T09:50:06.741475,0.3,1762143605.797000,27,1,1533,FALSE,FALSE,FALSE,FALSE,
1518,2025-11-03T09:50:07.629583,1517.0,2025-11-03T09:50:07.742571,113.0,1762143607.642000,49,1,1534,2025-11-03T09:50:07.743174,0.6,1762143606.797000,26,1,1534,FALSE,FALSE,FALSE,FALSE,
1519,2025-11-03T09:50:08.629574,1518.0,2025-11-03T09:50:08.743863,114.3,1762143608.643000,49,1,1535,2025-11-03T09:50:08.744460,0.6,1762143607.799000,26,1,1535,FALSE,FALSE,FALSE,FALSE,
1520,2025-11-03T09:50:09.629569,1519.0,2025-11-03T09:50:09.745140,115.6,1762143609.645000,49,1,1536,2025-11-03T09:50:09.745483,0.3,1762143608.800000,26,1,1536,FALSE,FALSE,FALSE,FALSE,
1521,2025-11-03T09:50:10.629571,1520.0,2025-11-03T09:50:10.746477,116.9,1762143610.646000,50,1,1537,2025-11-03T09:50:10.746792,0.3,1762143609.801000,26,1,1537,FALSE,FALSE,FALSE,FALSE,
1522,2025-11-03T09:50:11.629574,1521.0,2025-11-03T09:50:11.747874,118.3,1762143611.647000,49,1,1538,2025-11-03T09:50:11.748195,0.3,1762143610.802000,26,1,1538,FALSE,FALSE,FALSE,FALSE,
1523,2025-11-03T09:50:12.629576,1522.0,2025-11-03T09:50:12.749106,119.5,1762143612.648000,49,1,1539,2025-11-03T09:50:12.749442,0.3,1762143611.804000,26,1,1539,FALSE,FALSE,FALSE,FALSE,
1524,2025-11-03T09:50:13.629579,1523.0,2025-11-03T09:50:13.750505,120.9,1762143613.650000,49,1,1540,2025-11-03T09:50:13.750816,0.3,1762143612.805000,26,1,1540,FALSE,FALSE,FALSE,FALSE,
1525,2025-11-03T09:50:14.629574,1524.0,2025-11-03T09:50:14.751863,122.3,1762143614.651000,50,1,1541,2025-11-03T09:50:14.752183,0.3,1762143613.806000,26,1,1541,FALSE,FALSE,FALSE,FALSE,
1526,2025-11-03T09:50:15.629575,1525.0,2025-11-03T09:50:15.753118,123.5,1762143615.652000,48,1,1542,2025-11-03T09:50:15.753441,0.3,1762143614.807000,26,1,1542,FALSE,FALSE,FALSE,FALSE,
1527,2025-11-03T09:50:16.629584,1526.0,2025-11-03T09:50:16.754291,124.7,1762143616.654000,49,1,1543,2025-11-03T09:50:16.754600,0.3,1762143615.809000,26,1,1543,FALSE,FALSE,FALSE,FALSE,
1528,2025-11-03T09:50:17.629576,1527.0,2025-11-03T09:50:17.755934,126.4,1762143617.655000,49,1,1544,2025-11-03T09:50:17.756514,0.6,1762143616.810000,26,1,1544,FALSE,FALSE,FALSE,FALSE,
1529,2025-11-03T09:50:18.629571,1528.0,2025-11-03T09:50:18.757372,127.8,1762143618.657000,49,1,1545,2025-11-03T09:50:18.757702,0.3,1762143617.812000,26,1,1545,FALSE,FALSE,FALSE,FALSE,
1530,2025-11-03T09:50:19.629583,1529.0,2025-11-03T09:50:19.759070,129.5,1762143619.658000,49,1,1546,2025-11-03T09:50:19.759422,0.3,1762143618.813000,26,1,1546,FALSE,FALSE,FALSE,FALSE,
1531,2025-11-03T09:50:20.629578,1530.0,2025-11-03T09:50:20.760553,131.0,1762143620.660000,48,1,1547,2025-11-03T09:50:20.760884,0.3,1762143619.815000,26,1,1547,FALSE,FALSE,FALSE,FALSE,
1532,2025-11-03T09:50:21.629573,1531.0,2025-11-03T09:50:21.762301,132.7,1762143621.662000,50,1,1548,2025-11-03T09:50:21.762618,0.3,1762143620.816000,26,1,1548,FALSE,FALSE,FALSE,FALSE,
1533,2025-11-03T09:50:22.629573,1532.0,2025-11-03T09:50:22.763910,134.3,1762143622.663000,48,1,1549,2025-11-03T09:50:22.764238,0.3,1762143621.818000,26,1,1549,FALSE,FALSE,FALSE,FALSE,
1534,2025-11-03T09:50:23.629567,1533.0,2025-11-03T09:50:23.765164,135.6,1762143623.665000,49,1,1550,2025-11-03T09:50:23.765474,0.3,1762143622.820000,26,1,1550,FALSE,FALSE,FALSE,FALSE,
1535,2025-11-03T09:50:24.629570,1534.0,2025-11-03T09:50:24.766442,136.9,1762143624.666000,50,1,1551,2025-11-03T09:50:24.766772,0.3,1762143623.821000,26,1,1551,FALSE,FALSE,FALSE,FALSE,
1536,2025-11-03T09:50:25.629578,1535.0,2025-11-03T09:50:25.767769,138.2,1762143625.667000,49,1,1552,2025-11-03T09:50:25.768073,0.3,1762143624.822000,26,1,1552,FALSE,FALSE,FALSE,FALSE,
1537,2025-11-03T09:50:26.629567,1536.0,2025-11-03T09:50:26.769038,139.5,1762143626.669000,48,1,1553,2025-11-03T09:50:26.769632,0.6,1762143625.823000,26,1,1553,FALSE,FALSE,FALSE,FALSE,
1538,2025-11-03T09:50:27.629566,1537.0,2025-11-03T09:50:27.770439,140.9,1762143627.670000,50,1,1554,2025-11-03T09:50:27.770753,0.3,1762143626.825000,26,1,1554,FALSE,FALSE,FALSE,FALSE,
1539,2025-11-03T09:50:28.629573,1538.0,2025-11-03T09:50:28.771875,142.3,1762143628.671000,49,1,1555,2025-11-03T09:50:28.772198,0.3,1762143627.826000,26,1,1555,FALSE,FALSE,FALSE,FALSE,
1540,2025-11-03T09:50:29.629596,1539.0,2025-11-03T09:50:29.774199,144.6,1762143629.674000,49,1,1556,2025-11-03T09:50:29.774519,0.3,1762143628.827000,26,1,1556,FALSE,FALSE,FALSE,FALSE,
1541,2025-11-03T09:50:30.629571,1540.0,2025-11-03T09:50:30.776483,146.9,1762143630.676000,49,1,1557,2025-11-03T09:50:30.776793,0.3,1762143629.829000,26,1,1557,FALSE,FALSE,FALSE,FALSE,
1542,2025-11-03T09:50:31.629582,1541.0,2025-11-03T09:50:31.777713,148.1,1762143631.677000,50,1,1558,2025-11-03T09:50:31.778031,0.3,1762143630.830000,26,1,1558,FALSE,FALSE,FALSE,FALSE,
1543,2025-11-03T09:50:32.629573,1542.0,2025-11-03T09:50:32.779049,149.5,1762143632.678000,50,1,1559,2025-11-03T09:50:32.779446,0.4,1762143631.831000,26,1,1559,FALSE,FALSE,FALSE,FALSE,
1544,2025-11-03T09:50:33.629572,1543.0,2025-11-03T09:50:33.780422,150.8,1762143633.680000,50,1,1560,2025-11-03T09:50:33.780717,0.3,1762143632.832000,26,1,1560,FALSE,FALSE,FALSE,FALSE,
1545,2025-11-03T09:50:34.629577,1544.0,2025-11-03T09:50:34.781669,152.1,1762143634.681000,47,1,1561,2025-11-03T09:50:34.781980,0.3,1762143633.834000,26,1,1561,FALSE,FALSE,FALSE,FALSE,
1546,2025-11-03T09:50:35.629570,1545.0,2025-11-03T09:50:35.783517,153.9,1762143635.682000,50,1,1562,2025-11-03T09:50:35.783876,0.3,1762143634.835000,26,1,1562,FALSE,FALSE,FALSE,FALSE,
1547,2025-11-03T09:50:36.629571,1546.0,2025-11-03T09:50:36.785222,155.6,1762143636.684000,49,1,1563,2025-11-03T09:50:36.785514,0.3,1762143635.836000,26,1,1563,FALSE,FALSE,FALSE,FALSE,
1548,2025-11-03T09:50:37.629572,1547.0,2025-11-03T09:50:37.787626,158.0,1762143637.686000,49,1,1564,2025-11-03T09:50:37.787944,0.3,1762143636.838000,26,1,1564,FALSE,FALSE,FALSE,FALSE,
1549,2025-11-03T09:50:38.629572,1548.0,2025-11-03T09:50:38.790008,160.4,1762143638.689000,49,1,1565,2025-11-03T09:50:38.790314,0.3,1762143637.840000,26,1,1565,FALSE,FALSE,FALSE,FALSE,
1550,2025-11-03T09:50:39.629582,1549.0,2025-11-03T09:50:39.791541,162.0,1762143639.691000,50,1,1566,2025-11-03T09:50:39.791870,0.3,1762143638.842000,25,1,1566,FALSE,FALSE,FALSE,FALSE,
1551,2025-11-03T09:50:40.629572,1550.0,2025-11-03T09:50:40.793132,163.6,1762143640.693000,48,1,1567,2025-11-03T09:50:40.793455,0.3,1762143639.843000,26,1,1567,FALSE,FALSE,FALSE,FALSE,
1552,2025-11-03T09:50:41.629571,1551.0,2025-11-03T09:50:41.794519,164.9,1762143641.694000,49,1,1568,2025-11-03T09:50:41.794872,0.3,1762143640.845000,26,1,1568,FALSE,FALSE,FALSE,FALSE,
1553,2025-11-03T09:50:42.629571,1552.0,2025-11-03T09:50:42.796021,166.4,1762143642.695000,49,1,1569,2025-11-03T09:50:42.796385,0.3,1762143641.846000,26,1,1569,FALSE,FALSE,FALSE,FALSE,
1554,2025-11-03T09:50:43.629572,1553.0,2025-11-03T09:50:43.797935,168.4,1762143643.697000,49,1,1570,2025-11-03T09:50:43.798297,0.3,1762143642.848000,26,1,1570,FALSE,FALSE,FALSE,FALSE,
1555,2025-11-03T09:50:44.629578,1554.0,2025-11-03T09:50:44.800231,170.6,1762143644.699000,50,1,1571,2025-11-03T09:50:44.800597,0.4,1762143643.849000,26,1,1571,FALSE,FALSE,FALSE,FALSE,
1556,2025-11-03T09:50:45.629571,1555.0,2025-11-03T09:50:45.801803,172.2,1762143645.701000,49,1,1572,2025-11-03T09:50:45.802124,0.3,1762143644.852000,26,1,1572,FALSE,FALSE,FALSE,FALSE,
1557,2025-11-03T09:50:46.629578,1556.0,2025-11-03T09:50:46.803350,173.8,1762143646.703000,49,1,1573,2025-11-03T09:50:46.803698,0.3,1762143645.853000,26,1,1573,FALSE,FALSE,FALSE,FALSE,
1558,2025-11-03T09:50:47.629567,1557.0,2025-11-03T09:50:47.804836,175.3,1762143647.705000,48,1,1574,2025-11-03T09:50:47.805140,0.3,1762143646.854000,26,1,1574,FALSE,FALSE,FALSE,FALSE,
1559,2025-11-03T09:50:48.629570,1558.0,2025-11-03T09:50:48.806632,177.1,1762143648.706000,49,1,1575,2025-11-03T09:50:48.806947,0.3,1762143647.856000,26,1,1575,FALSE,FALSE,FALSE,FALSE,
1560,2025-11-03T09:50:49.629573,1559.0,2025-11-03T09:50:49.808096,178.5,1762143649.708000,49,1,1576,2025-11-03T09:50:49.808432,0.3,1762143648.858000,26,1,1576,FALSE,FALSE,FALSE,FALSE,
1561,2025-11-03T09:50:50.629569,1560.0,2025-11-03T09:50:50.809422,179.8,1762143650.709000,50,1,1577,2025-11-03T09:50:50.809749,0.3,1762143649.860000,25,1,1577,FALSE,FALSE,FALSE,FALSE,
1562,2025-11-03T09:50:51.629568,1561.0,2025-11-03T09:50:51.811253,181.7,1762143651.710000,49,1,1578,2025-11-03T09:50:51.811629,0.4,1762143650.862000,26,1,1578,FALSE,FALSE,FALSE,FALSE,
1563,2025-11-03T09:50:52.629571,1562.0,2025-11-03T09:50:52.813663,184.1,1762143652.712000,50,1,1579,2025-11-03T09:50:52.813983,0.3,1762143651.864000,26,1,1579,FALSE,FALSE,FALSE,FALSE,
1564,2025-11-03T09:50:53.629570,1563.0,2025-11-03T09:50:53.815853,186.3,1762143653.715000,49,1,1580,2025-11-03T09:50:53.816253,0.4,1762143652.866000,26,1,1580,FALSE,FALSE,FALSE,FALSE,
1565,2025-11-03T09:50:54.629567,1564.0,2025-11-03T09:50:54.817252,187.7,1762143654.716000,50,1,1581,2025-11-03T09:50:54.817580,0.3,1762143653.868000,26,1,1581,FALSE,FALSE,FALSE,FALSE,
1566,2025-11-03T09:50:55.629577,1565.0,2025-11-03T09:50:55.819061,189.5,1762143655.718000,50,1,1582,2025-11-03T09:50:55.819461,0.4,1762143654.869000,26,1,1582,FALSE,FALSE,FALSE,FALSE,
1567,2025-11-03T09:50:56.629575,1566.0,2025-11-03T09:50:56.820468,190.9,1762143656.720000,49,1,1583,2025-11-03T09:50:56.820805,0.3,1762143655.871000,26,1,1583,FALSE,FALSE,FALSE,FALSE,
1568,2025-11-03T09:50:57.629568,1567.0,2025-11-03T09:50:57.822107,192.5,1762143657.721000,49,1,1584,2025-11-03T09:50:57.822605,0.5,1762143656.873000,26,1,1584,FALSE,FALSE,FALSE,FALSE,
1569,2025-11-03T09:50:58.629572,1568.0,2025-11-03T09:50:58.823553,194.0,1762143658.723000,49,1,1585,2025-11-03T09:50:58.824089,0.5,1762143657.874000,27,1,1585,FALSE,FALSE,FALSE,FALSE,
1570,2025-11-03T09:50:59.629622,1569.0,2025-11-03T09:50:59.824728,195.1,1762143659.724000,50,1,1586,2025-11-03T09:50:59.825051,0.3,1762143658.876000,26,1,1586,FALSE,FALSE,FALSE,FALSE,
1571,2025-11-03T09:51:00.629570,1570.0,2025-11-03T09:51:00.826017,196.4,1762143660.725000,48,1,1587,2025-11-03T09:51:00.826319,0.3,1762143659.877000,26,1,1587,FALSE,FALSE,FALSE,FALSE,
1572,2025-11-03T09:51:01.629588,1571.0,2025-11-03T09:51:01.827875,198.3,1762143661.727000,49,1,1588,2025-11-03T09:51:01.828364,0.5,1762143660.879000,26,1,1588,FALSE,FALSE,FALSE,FALSE,
1573,2025-11-03T09:51:02.629577,1572.0,2025-11-03T09:51:02.829100,199.5,1762143662.728000,51,2,"1589,1590",2025-11-03T09:51:02.829469,0.4,1762143661.880000,26,1,1589,TRUE,FALSE,FALSE,FALSE,"Multi-ICG:1589,1590"
1574,2025-11-03T09:51:03.629568,1573.0,2025-11-03T09:51:03.830318,200.7,1762143663.730000,48,0,,2025-11-03T09:51:03.830650,0.3,1762143662.881000,26,1,1590,FALSE,FALSE,FALSE,FALSE,
1575,2025-11-03T09:51:04.629570,1574.0,2025-11-03T09:51:04.731599,102.0,1762143664.631000,44,1,1591,2025-11-03T09:51:04.731899,0.3,1762143663.883000,26,1,1591,FALSE,FALSE,FALSE,FALSE,
1576,2025-11-03T09:51:05.629567,1575.0,2025-11-03T09:51:05.732928,103.4,1762143665.632000,49,1,1592,2025-11-03T09:51:05.733238,0.3,1762143664.784000,23,1,1592,FALSE,FALSE,FALSE,FALSE,
1577,2025-11-03T09:51:06.629562,1576.0,2025-11-03T09:51:06.734231,104.7,1762143666.634000,48,1,1593,2025-11-03T09:51:06.734547,0.3,1762143665.785000,26,1,1593,FALSE,FALSE,FALSE,FALSE,
1578,2025-11-03T09:51:07.629573,1577.0,2025-11-03T09:51:07.735846,106.3,1762143667.635000,49,1,1594,2025-11-03T09:51:07.736157,0.3,1762143666.787000,26,1,1594,FALSE,FALSE,FALSE,FALSE,
1579,2025-11-03T09:51:08.629568,1578.0,2025-11-03T09:51:08.737442,107.9,1762143668.636000,47,1,1595,2025-11-03T09:51:08.737757,0.3,1762143667.788000,26,1,1595,FALSE,FALSE,FALSE,FALSE,
1580,2025-11-03T09:51:09.629568,1579.0,2025-11-03T09:51:09.738895,109.3,1762143669.638000,49,1,1596,2025-11-03T09:51:09.739208,0.3,1762143668.789000,26,1,1596,FALSE,FALSE,FALSE,FALSE,
1581,2025-11-03T09:51:10.629566,1580.0,2025-11-03T09:51:10.740277,110.7,1762143670.640000,49,1,1597,2025-11-03T09:51:10.740596,0.3,1762143669.790000,26,1,1597,FALSE,FALSE,FALSE,FALSE,
1582,2025-11-03T09:51:11.629574,1581.0,2025-11-03T09:51:11.741918,112.3,1762143671.641000,49,1,1598,2025-11-03T09:51:11.742266,0.3,1762143670.792000,26,1,1598,FALSE,FALSE,FALSE,FALSE,
1583,2025-11-03T09:51:12.629571,1582.0,2025-11-03T09:51:12.742920,113.3,1762143672.642000,48,1,1599,2025-11-03T09:51:12.743246,0.3,1762143671.794000,27,1,1599,FALSE,FALSE,FALSE,FALSE,
1584,2025-11-03T09:51:13.629583,1583.0,2025-11-03T09:51:13.744585,115.0,1762143673.643000,49,1,1600,2025-11-03T09:51:13.744939,0.3,1762143672.795000,26,1,1600,FALSE,FALSE,FALSE,FALSE,
1585,2025-11-03T09:51:14.629646,1584.0,2025-11-03T09:51:14.746351,116.7,1762143674.645000,50,1,1601,2025-11-03T09:51:14.746700,0.3,1762143673.796000,26,1,1601,FALSE,FALSE,FALSE,FALSE,
1586,2025-11-03T09:51:15.629576,1585.0,2025-11-03T09:51:15.747680,118.1,1762143675.647000,48,1,1602,2025-11-03T09:51:15.748013,0.3,1762143674.798000,26,1,1602,FALSE,FALSE,FALSE,FALSE,
1587,2025-11-03T09:51:16.629572,1586.0,2025-11-03T09:51:16.749021,119.4,1762143676.648000,50,1,1603,2025-11-03T09:51:16.749311,0.3,1762143675.799000,26,1,1603,FALSE,FALSE,FALSE,FALSE,
1588,2025-11-03T09:51:17.629567,1587.0,2025-11-03T09:51:17.750305,120.7,1762143677.650000,50,1,1604,2025-11-03T09:51:17.750651,0.3,1762143676.800000,26,1,1604,FALSE,FALSE,FALSE,FALSE,
1589,2025-11-03T09:51:18.629575,1588.0,2025-11-03T09:51:18.751548,122.0,1762143678.651000,49,1,1605,2025-11-03T09:51:18.751876,0.3,1762143677.801000,26,1,1605,FALSE,FALSE,FALSE,FALSE,
1590,2025-11-03T09:51:19.629586,1589.0,2025-11-03T09:51:19.753621,124.0,1762143679.653000,50,1,1606,2025-11-03T09:51:19.754220,0.6,1762143678.803000,26,1,1606,FALSE,FALSE,FALSE,FALSE,
1591,2025-11-03T09:51:20.629566,1590.0,2025-11-03T09:51:20.755132,125.6,1762143680.655000,49,1,1607,2025-11-03T09:51:20.755581,0.4,1762143679.805000,26,1,1607,FALSE,FALSE,FALSE,FALSE,
1592,2025-11-03T09:51:21.629566,1591.0,2025-11-03T09:51:21.756554,127.0,1762143681.656000,48,1,1608,2025-11-03T09:51:21.756931,0.4,1762143680.806000,26,1,1608,FALSE,FALSE,FALSE,FALSE,
1593,2025-11-03T09:51:22.629578,1592.0,2025-11-03T09:51:22.757954,128.4,1762143682.657000,49,1,1609,2025-11-03T09:51:22.758257,0.3,1762143681.808000,26,1,1609,FALSE,FALSE,FALSE,FALSE,
1594,2025-11-03T09:51:23.629570,1593.0,2025-11-03T09:51:23.759613,130.0,1762143683.659000,48,1,1610,2025-11-03T09:51:23.759961,0.3,1762143682.810000,26,1,1610,FALSE,FALSE,FALSE,FALSE,
1595,2025-11-03T09:51:24.629573,1594.0,2025-11-03T09:51:24.760729,131.2,1762143684.660000,50,1,1611,2025-11-03T09:51:24.761056,0.3,1762143683.811000,26,1,1611,FALSE,FALSE,FALSE,FALSE,
1596,2025-11-03T09:51:25.629589,1595.0,2025-11-03T09:51:25.762546,133.0,1762143685.662000,49,1,1612,2025-11-03T09:51:25.762881,0.3,1762143684.813000,26,1,1612,FALSE,FALSE,FALSE,FALSE,
1597,2025-11-03T09:51:26.629572,1596.0,2025-11-03T09:51:26.764120,134.5,1762143686.663000,48,1,1613,2025-11-03T09:51:26.764447,0.3,1762143685.814000,26,1,1613,FALSE,FALSE,FALSE,FALSE,
1598,2025-11-03T09:51:27.629575,1597.0,2025-11-03T09:51:27.766629,137.1,1762143687.666000,49,1,1614,2025-11-03T09:51:27.766947,0.3,1762143686.816000,26,1,1614,FALSE,FALSE,FALSE,FALSE,
1599,2025-11-03T09:51:28.629574,1598.0,2025-11-03T09:51:28.768132,138.6,1762143688.667000,49,1,1615,2025-11-03T09:51:28.768741,0.6,1762143687.819000,26,1,1615,FALSE,FALSE,FALSE,FALSE,
1600,2025-11-03T09:51:29.629584,1599.0,2025-11-03T09:51:29.769819,140.2,1762143689.669000,49,1,1616,2025-11-03T09:51:29.770129,0.3,1762143688.820000,26,1,1616,FALSE,FALSE,FALSE,FALSE,
1601,2025-11-03T09:51:30.629575,1600.0,2025-11-03T09:51:30.771733,142.2,1762143690.671000,49,1,1617,2025-11-03T09:51:30.772081,0.3,1762143689.821000,25,1,1617,FALSE,FALSE,FALSE,FALSE,
1602,2025-11-03T09:51:31.629573,1601.0,2025-11-03T09:51:31.773153,143.6,1762143691.672000,49,1,1618,2025-11-03T09:51:31.773461,0.3,1762143690.822000,26,1,1618,FALSE,FALSE,FALSE,FALSE,
1603,2025-11-03T09:51:32.629571,1602.0,2025-11-03T09:51:32.774689,145.1,1762143692.674000,50,1,1619,2025-11-03T09:51:32.774998,0.3,1762143691.824000,26,1,1619,FALSE,FALSE,FALSE,FALSE,
1604,2025-11-03T09:51:33.629570,1603.0,2025-11-03T09:51:33.776098,146.5,1762143693.675000,48,1,1620,2025-11-03T09:51:33.776407,0.3,1762143692.825000,26,1,1620,FALSE,FALSE,FALSE,FALSE,
1605,2025-11-03T09:51:34.629571,1604.0,2025-11-03T09:51:34.777715,148.1,1762143694.677000,49,1,1621,2025-11-03T09:51:34.778018,0.3,1762143693.826000,26,1,1621,FALSE,FALSE,FALSE,FALSE,
1606,2025-11-03T09:51:35.629582,1605.0,2025-11-03T09:51:35.779197,149.6,1762143695.678000,48,1,1622,2025-11-03T09:51:35.779558,0.3,1762143694.827000,26,1,1622,FALSE,FALSE,FALSE,FALSE,
1607,2025-11-03T09:51:36.629607,1606.0,2025-11-03T09:51:36.780657,151.0,1762143696.680000,49,1,1623,2025-11-03T09:51:36.780970,0.3,1762143695.829000,26,1,1623,FALSE,FALSE,FALSE,FALSE,
1608,2025-11-03T09:51:37.629574,1607.0,2025-11-03T09:51:37.782224,152.6,1762143697.682000,49,1,1624,2025-11-03T09:51:37.782805,0.6,1762143696.830000,26,1,1624,FALSE,FALSE,FALSE,FALSE,
1609,2025-11-03T09:51:38.629572,1608.0,2025-11-03T09:51:38.783633,154.1,1762143698.683000,49,1,1625,2025-11-03T09:51:38.783965,0.3,1762143697.831000,26,1,1625,FALSE,FALSE,FALSE,FALSE,
1610,2025-11-03T09:51:39.629588,1609.0,2025-11-03T09:51:39.785195,155.6,1762143699.684000,49,1,1626,2025-11-03T09:51:39.785525,0.3,1762143698.833000,27,1,1626,FALSE,FALSE,FALSE,FALSE,
1611,2025-11-03T09:51:40.629577,1610.0,2025-11-03T09:51:40.786746,157.2,1762143700.686000,48,1,1627,2025-11-03T09:51:40.787078,0.3,1762143699.834000,26,1,1627,FALSE,FALSE,FALSE,FALSE,
1612,2025-11-03T09:51:41.629575,1611.0,2025-11-03T09:51:41.788113,158.5,1762143701.688000,49,1,1628,2025-11-03T09:51:41.788440,0.3,1762143700.835000,26,1,1628,FALSE,FALSE,FALSE,FALSE,
1613,2025-11-03T09:51:42.629577,1612.0,2025-11-03T09:51:42.789368,159.8,1762143702.689000,50,1,1629,2025-11-03T09:51:42.789683,0.3,1762143701.837000,26,1,1629,FALSE,FALSE,FALSE,FALSE,
1614,2025-11-03T09:51:43.629577,1613.0,2025-11-03T09:51:43.790724,161.1,1762143703.690000,49,1,1630,2025-11-03T09:51:43.791021,0.3,1762143702.838000,26,1,1630,FALSE,FALSE,FALSE,FALSE,
1615,2025-11-03T09:51:44.629572,1614.0,2025-11-03T09:51:44.792149,162.6,1762143704.691000,49,1,1631,2025-11-03T09:51:44.792490,0.3,1762143703.839000,26,1,1631,FALSE,FALSE,FALSE,FALSE,
1616,2025-11-03T09:51:45.629588,1615.0,2025-11-03T09:51:45.793438,163.8,1762143705.693000,50,1,1632,2025-11-03T09:51:45.793766,0.3,1762143704.841000,26,1,1632,FALSE,FALSE,FALSE,FALSE,
1617,2025-11-03T09:51:46.629572,1616.0,2025-11-03T09:51:46.800095,170.5,1762143706.694000,48,1,1633,2025-11-03T09:51:46.800583,0.5,1762143705.841000,26,1,1633,FALSE,FALSE,FALSE,FALSE,
1618,2025-11-03T09:51:47.629580,1617.0,2025-11-03T09:51:47.796132,166.5,1762143707.695000,50,1,1634,2025-11-03T09:51:47.796451,0.3,1762143706.843000,26,1,1634,FALSE,FALSE,FALSE,FALSE,
1619,2025-11-03T09:51:48.629577,1618.0,2025-11-03T09:51:48.798274,168.7,1762143708.697000,50,1,1635,2025-11-03T09:51:48.798621,0.3,1762143707.844000,26,1,1635,FALSE,FALSE,FALSE,FALSE,
1620,2025-11-03T09:51:49.629583,1619.0,2025-11-03T09:51:49.800336,170.7,1762143709.699000,49,1,1636,2025-11-03T09:51:49.800670,0.3,1762143708.846000,26,1,1636,FALSE,FALSE,FALSE,FALSE,
1621,2025-11-03T09:51:50.629571,1620.0,2025-11-03T09:51:50.801921,172.3,1762143710.701000,50,1,1637,2025-11-03T09:51:50.802244,0.3,1762143709.847000,26,1,1637,FALSE,FALSE,FALSE,FALSE,
1622,2025-11-03T09:51:51.629574,1621.0,2025-11-03T09:51:51.803981,174.4,1762143711.703000,49,1,1638,2025-11-03T09:51:51.804316,0.3,1762143710.848000,26,1,1638,FALSE,FALSE,FALSE,FALSE,
1623,2025-11-03T09:51:52.629567,1622.0,2025-11-03T09:51:52.806314,176.7,1762143712.706000,49,1,1639,2025-11-03T09:51:52.806640,0.3,1762143711.849000,26,1,1639,FALSE,FALSE,FALSE,FALSE,
1624,2025-11-03T09:51:53.629569,1623.0,2025-11-03T09:51:53.807935,178.4,1762143713.707000,50,1,1640,2025-11-03T09:51:53.808252,0.3,1762143712.851000,26,1,1640,FALSE,FALSE,FALSE,FALSE,
1625,2025-11-03T09:51:54.629571,1624.0,2025-11-03T09:51:54.809168,179.6,1762143714.709000,49,1,1641,2025-11-03T09:51:54.809483,0.3,1762143713.852000,26,1,1641,FALSE,FALSE,FALSE,FALSE,
1626,2025-11-03T09:51:55.629579,1625.0,2025-11-03T09:51:55.810713,181.1,1762143715.710000,49,1,1642,2025-11-03T09:51:55.811081,0.4,1762143714.854000,26,1,1642,FALSE,FALSE,FALSE,FALSE,
1627,2025-11-03T09:51:56.629574,1626.0,2025-11-03T09:51:56.812037,182.5,1762143716.711000,50,1,1643,2025-11-03T09:51:56.812355,0.3,1762143715.855000,26,1,1643,FALSE,FALSE,FALSE,FALSE,
1628,2025-11-03T09:51:57.629569,1627.0,2025-11-03T09:51:57.813395,183.8,1762143717.713000,49,1,1644,2025-11-03T09:51:57.813702,0.3,1762143716.856000,26,1,1644,FALSE,FALSE,FALSE,FALSE,
1629,2025-11-03T09:51:58.629574,1628.0,2025-11-03T09:51:58.814859,185.3,1762143718.714000,48,1,1645,2025-11-03T09:51:58.815171,0.3,1762143717.857000,26,1,1645,FALSE,FALSE,FALSE,FALSE,
1630,2025-11-03T09:51:59.629579,1629.0,2025-11-03T09:51:59.816421,186.8,1762143719.716000,50,1,1646,2025-11-03T09:51:59.816883,0.4,1762143718.859000,26,1,1646,FALSE,FALSE,FALSE,FALSE,
1631,2025-11-03T09:52:00.629571,1630.0,2025-11-03T09:52:00.818359,188.8,1762143720.718000,49,1,1647,2025-11-03T09:52:00.818693,0.3,1762143719.860000,26,1,1647,FALSE,FALSE,FALSE,FALSE,
1632,2025-11-03T09:52:01.629579,1631.0,2025-11-03T09:52:01.819812,190.2,1762143721.719000,49,1,1648,2025-11-03T09:52:01.820182,0.4,1762143720.861000,26,1,1648,FALSE,FALSE,FALSE,FALSE,
1633,2025-11-03T09:52:02.629594,1632.0,2025-11-03T09:52:02.821250,191.7,1762143722.721000,49,1,1649,2025-11-03T09:52:02.821605,0.3,1762143721.862000,26,1,1649,FALSE,FALSE,FALSE,FALSE,
1634,2025-11-03T09:52:03.629573,1633.0,2025-11-03T09:52:03.822790,193.2,1762143723.722000,49,1,1650,2025-11-03T09:52:03.823116,0.3,1762143722.864000,26,1,1650,FALSE,FALSE,FALSE,FALSE,
1635,2025-11-03T09:52:04.629567,1634.0,2025-11-03T09:52:04.824542,195.0,1762143724.724000,48,1,1651,2025-11-03T09:52:04.824919,0.4,1762143723.865000,26,1,1651,FALSE,FALSE,FALSE,FALSE,
1636,2025-11-03T09:52:05.629569,1635.0,2025-11-03T09:52:05.825567,196.0,1762143725.725000,49,1,1652,2025-11-03T09:52:05.825890,0.3,1762143724.867000,26,1,1652,FALSE,FALSE,FALSE,FALSE,
1637,2025-11-03T09:52:06.629580,1636.0,2025-11-03T09:52:06.827124,197.5,1762143726.727000,49,1,1653,2025-11-03T09:52:06.827535,0.4,1762143725.868000,25,1,1653,FALSE,FALSE,FALSE,FALSE,
1638,2025-11-03T09:52:07.629573,1637.0,2025-11-03T09:52:07.828732,199.2,1762143727.728000,50,1,1654,2025-11-03T09:52:07.829052,0.3,1762143726.870000,27,1,1654,FALSE,FALSE,FALSE,FALSE,
1639,2025-11-03T09:52:08.629563,1638.0,2025-11-03T09:52:08.830084,200.5,1762143728.729000,50,1,1655,2025-11-03T09:52:08.830421,0.3,1762143727.871000,26,1,1655,FALSE,FALSE,FALSE,FALSE,
1640,2025-11-03T09:52:09.629567,1639.0,2025-11-03T09:52:09.731258,101.7,1762143729.631000,44,1,1656,2025-11-03T09:52:09.731631,0.4,1762143728.873000,26,1,1656,FALSE,FALSE,FALSE,FALSE,
1641,2025-11-03T09:52:10.629575,1640.0,2025-11-03T09:52:10.732714,103.1,1762143730.632000,49,1,1657,2025-11-03T09:52:10.733022,0.3,1762143729.774000,23,1,1657,FALSE,FALSE,FALSE,FALSE,
1642,2025-11-03T09:52:11.629576,1641.0,2025-11-03T09:52:11.734360,104.8,1762143731.634000,50,1,1658,2025-11-03T09:52:11.734733,0.4,1762143730.776000,26,1,1658,FALSE,FALSE,FALSE,FALSE,
1643,2025-11-03T09:52:12.629569,1642.0,2025-11-03T09:52:12.735650,106.1,1762143732.635000,47,1,1659,2025-11-03T09:52:12.736000,0.3,1762143731.778000,26,1,1659,FALSE,FALSE,FALSE,FALSE,
1644,2025-11-03T09:52:13.629577,1643.0,2025-11-03T09:52:13.737550,108.0,1762143733.637000,49,1,1660,2025-11-03T09:52:13.737922,0.4,1762143732.780000,26,1,1660,FALSE,FALSE,FALSE,FALSE,
1645,2025-11-03T09:52:14.629572,1644.0,2025-11-03T09:52:14.738795,109.2,1762143734.638000,48,1,1661,2025-11-03T09:52:14.739131,0.3,1762143733.782000,26,1,1661,FALSE,FALSE,FALSE,FALSE,
1646,2025-11-03T09:52:15.629575,1645.0,2025-11-03T09:52:15.740144,110.6,1762143735.639000,49,1,1662,2025-11-03T09:52:15.740464,0.3,1762143734.784000,26,1,1662,FALSE,FALSE,FALSE,FALSE,
1647,2025-11-03T09:52:16.629575,1646.0,2025-11-03T09:52:16.741558,112.0,1762143736.641000,49,1,1663,2025-11-03T09:52:16.741904,0.3,1762143735.786000,26,1,1663,FALSE,FALSE,FALSE,FALSE,
1648,2025-11-03T09:52:17.629569,1647.0,2025-11-03T09:52:17.743072,113.5,1762143737.643000,49,1,1664,2025-11-03T09:52:17.743460,0.4,1762143736.787000,26,1,1664,FALSE,FALSE,FALSE,FALSE,
1649,2025-11-03T09:52:18.629571,1648.0,2025-11-03T09:52:18.744368,114.8,1762143738.644000,49,1,1665,2025-11-03T09:52:18.744699,0.3,1762143737.789000,26,1,1665,FALSE,FALSE,FALSE,FALSE,
1650,2025-11-03T09:52:19.629574,1649.0,2025-11-03T09:52:19.745791,116.2,1762143739.645000,48,1,1666,2025-11-03T09:52:19.746115,0.3,1762143738.791000,27,1,1666,FALSE,FALSE,FALSE,FALSE,
1651,2025-11-03T09:52:20.629569,1650.0,2025-11-03T09:52:20.747252,117.7,1762143740.647000,49,1,1667,2025-11-03T09:52:20.747658,0.4,1762143739.793000,26,1,1667,FALSE,FALSE,FALSE,FALSE,
1652,2025-11-03T09:52:21.629567,1651.0,2025-11-03T09:52:21.748845,119.3,1762143741.648000,50,1,1668,2025-11-03T09:52:21.749496,0.6,1762143740.795000,26,1,1668,FALSE,FALSE,FALSE,FALSE,
1653,2025-11-03T09:52:22.629572,1652.0,2025-11-03T09:52:22.750730,121.2,1762143742.650000,48,1,1669,2025-11-03T09:52:22.751106,0.3,1762143741.796000,26,1,1669,FALSE,FALSE,FALSE,FALSE,
1654,2025-11-03T09:52:23.629577,1653.0,2025-11-03T09:52:23.751764,122.2,1762143743.651000,50,1,1670,2025-11-03T09:52:23.752168,0.3,1762143742.798000,26,1,1670,FALSE,FALSE,FALSE,FALSE,
1655,2025-11-03T09:52:24.629580,1654.0,2025-11-03T09:52:24.753091,123.5,1762143744.652000,49,1,1671,2025-11-03T09:52:24.753415,0.3,1762143743.799000,26,1,1671,FALSE,FALSE,FALSE,FALSE,
1656,2025-11-03T09:52:25.629575,1655.0,2025-11-03T09:52:25.755703,126.1,1762143745.654000,48,1,1672,2025-11-03T09:52:25.756036,0.3,1762143744.801000,26,1,1672,FALSE,FALSE,FALSE,FALSE,
1657,2025-11-03T09:52:26.629572,1656.0,2025-11-03T09:52:26.757774,128.2,1762143746.657000,50,1,1673,2025-11-03T09:52:26.758121,0.3,1762143745.802000,26,1,1673,FALSE,FALSE,FALSE,FALSE,
1658,2025-11-03T09:52:27.629567,1657.0,2025-11-03T09:52:27.760167,130.6,1762143747.659000,49,1,1674,2025-11-03T09:52:27.760499,0.3,1762143746.803000,26,1,1674,FALSE,FALSE,FALSE,FALSE,
1659,2025-11-03T09:52:28.629615,1658.0,2025-11-03T09:52:28.761779,132.2,1762143748.661000,49,1,1675,2025-11-03T09:52:28.762135,0.3,1762143747.804000,26,1,1675,FALSE,FALSE,FALSE,FALSE,
1660,2025-11-03T09:52:29.629572,1659.0,2025-11-03T09:52:29.763113,133.5,1762143749.662000,49,1,1676,2025-11-03T09:52:29.763607,0.5,1762143748.806000,26,1,1676,FALSE,FALSE,FALSE,FALSE,
1661,2025-11-03T09:52:30.629571,1660.0,2025-11-03T09:52:30.764622,135.1,1762143750.664000,49,1,1677,2025-11-03T09:52:30.764963,0.3,1762143749.808000,26,1,1677,FALSE,FALSE,FALSE,FALSE,
1662,2025-11-03T09:52:31.629576,1661.0,2025-11-03T09:52:31.765921,136.3,1762143751.665000,49,1,1678,2025-11-03T09:52:31.766263,0.3,1762143750.810000,26,1,1678,FALSE,FALSE,FALSE,FALSE,
1663,2025-11-03T09:52:32.629579,1662.0,2025-11-03T09:52:32.767455,137.9,1762143752.667000,48,1,1679,2025-11-03T09:52:32.767775,0.3,1762143751.812000,26,1,1679,FALSE,FALSE,FALSE,FALSE,
1664,2025-11-03T09:52:33.629570,1663.0,2025-11-03T09:52:33.768854,139.3,1762143753.668000,50,1,1680,2025-11-03T09:52:33.769150,0.3,1762143752.814000,26,1,1680,FALSE,FALSE,FALSE,FALSE,
1665,2025-11-03T09:52:34.629578,1664.0,2025-11-03T09:52:34.770350,140.8,1762143754.670000,49,1,1681,2025-11-03T09:52:34.770694,0.3,1762143753.816000,26,1,1681,FALSE,FALSE,FALSE,FALSE,
1666,2025-11-03T09:52:35.629578,1665.0,2025-11-03T09:52:35.771778,142.2,1762143755.671000,49,1,1682,2025-11-03T09:52:35.772106,0.3,1762143754.817000,26,1,1682,FALSE,FALSE,FALSE,FALSE,
1667,2025-11-03T09:52:36.629576,1666.0,2025-11-03T09:52:36.773299,143.7,1762143756.673000,49,1,1683,2025-11-03T09:52:36.773607,0.3,1762143755.818000,26,1,1683,FALSE,FALSE,FALSE,FALSE,
1668,2025-11-03T09:52:37.629585,1667.0,2025-11-03T09:52:37.774676,145.1,1762143757.674000,49,1,1684,2025-11-03T09:52:37.774989,0.3,1762143756.820000,26,1,1684,FALSE,FALSE,FALSE,FALSE,
1669,2025-11-03T09:52:38.629568,1668.0,2025-11-03T09:52:38.776244,146.7,1762143758.676000,48,1,1685,2025-11-03T09:52:38.776601,0.3,1762143757.822000,26,1,1685,FALSE,FALSE,FALSE,FALSE,
1670,2025-11-03T09:52:39.629576,1669.0,2025-11-03T09:52:39.777688,148.1,1762143759.677000,48,1,1686,2025-11-03T09:52:39.778307,0.6,1762143758.824000,26,1,1686,FALSE,FALSE,FALSE,FALSE,
1671,2025-11-03T09:52:40.629577,1670.0,2025-11-03T09:52:40.779376,149.8,1762143760.679000,49,1,1687,2025-11-03T09:52:40.779720,0.3,1762143759.826000,26,1,1687,FALSE,FALSE,FALSE,FALSE,
1672,2025-11-03T09:52:41.629567,1671.0,2025-11-03T09:52:41.781149,151.6,1762143761.680000,49,1,1688,2025-11-03T09:52:41.781523,0.4,1762143760.828000,26,1,1688,FALSE,FALSE,FALSE,FALSE,
1673,2025-11-03T09:52:42.629576,1672.0,2025-11-03T09:52:42.783654,154.1,1762143762.683000,50,1,1689,2025-11-03T09:52:42.784006,0.3,1762143761.829000,26,1,1689,FALSE,FALSE,FALSE,FALSE,
1674,2025-11-03T09:52:43.629584,1673.0,2025-11-03T09:52:43.786013,156.4,1762143763.686000,49,1,1690,2025-11-03T09:52:43.786365,0.3,1762143762.831000,27,1,1690,FALSE,FALSE,FALSE,FALSE,
1675,2025-11-03T09:52:44.629567,1674.0,2025-11-03T09:52:44.787555,158.0,1762143764.687000,50,1,1691,2025-11-03T09:52:44.787878,0.3,1762143763.832000,26,1,1691,FALSE,FALSE,FALSE,FALSE,
1676,2025-11-03T09:52:45.629569,1675.0,2025-11-03T09:52:45.788786,159.2,1762143765.688000,49,1,1692,2025-11-03T09:52:45.789345,0.5,1762143764.834000,26,1,1692,FALSE,FALSE,FALSE,FALSE,
1677,2025-11-03T09:52:46.629570,1676.0,2025-11-03T09:52:46.790080,160.5,1762143766.690000,50,1,1693,2025-11-03T09:52:46.790393,0.3,1762143765.835000,26,1,1693,FALSE,FALSE,FALSE,FALSE,
1678,2025-11-03T09:52:47.629569,1677.0,2025-11-03T09:52:47.791405,161.8,1762143767.691000,49,1,1694,2025-11-03T09:52:47.791717,0.3,1762143766.836000,26,1,1694,FALSE,FALSE,FALSE,FALSE,
1679,2025-11-03T09:52:48.629577,1678.0,2025-11-03T09:52:48.792902,163.3,1762143768.692000,50,1,1695,2025-11-03T09:52:48.793529,0.6,1762143767.838000,26,1,1695,FALSE,FALSE,FALSE,FALSE,
1680,2025-11-03T09:52:49.629578,1679.0,2025-11-03T09:52:49.794162,164.6,1762143769.694000,49,1,1696,2025-11-03T09:52:49.794474,0.3,1762143768.839000,26,1,1696,FALSE,FALSE,FALSE,FALSE,
1681,2025-11-03T09:52:50.629572,1680.0,2025-11-03T09:52:50.795508,165.9,1762143770.695000,49,1,1697,2025-11-03T09:52:50.795854,0.3,1762143769.840000,26,1,1697,FALSE,FALSE,FALSE,FALSE,
1682,2025-11-03T09:52:51.629572,1681.0,2025-11-03T09:52:51.797137,167.6,1762143771.696000,49,1,1698,2025-11-03T09:52:51.797494,0.3,1762143770.842000,26,1,1698,FALSE,FALSE,FALSE,FALSE,
1683,2025-11-03T09:52:52.629570,1682.0,2025-11-03T09:52:52.798627,169.1,1762143772.698000,50,1,1699,2025-11-03T09:52:52.798970,0.3,1762143771.843000,26,1,1699,FALSE,FALSE,FALSE,FALSE,
1684,2025-11-03T09:52:53.629572,1683.0,2025-11-03T09:52:53.800098,170.5,1762143773.700000,50,1,1700,2025-11-03T09:52:53.800435,0.3,1762143772.845000,26,1,1700,FALSE,FALSE,FALSE,FALSE,
1685,2025-11-03T09:52:54.629580,1684.0,2025-11-03T09:52:54.801538,172.0,1762143774.701000,50,1,1701,2025-11-03T09:52:54.801882,0.3,1762143773.846000,26,1,1701,FALSE,FALSE,FALSE,FALSE,
1686,2025-11-03T09:52:55.629578,1685.0,2025-11-03T09:52:55.802753,173.2,1762143775.702000,49,1,1702,2025-11-03T09:52:55.803077,0.3,1762143774.847000,26,1,1702,FALSE,FALSE,FALSE,FALSE,
1687,2025-11-03T09:52:56.629571,1686.0,2025-11-03T09:52:56.803986,174.4,1762143776.704000,49,1,1703,2025-11-03T09:52:56.804315,0.3,1762143775.850000,26,1,1703,FALSE,FALSE,FALSE,FALSE,
1688,2025-11-03T09:52:57.629572,1687.0,2025-11-03T09:52:57.805540,176.0,1762143777.705000,49,1,1704,2025-11-03T09:52:57.805896,0.3,1762143776.851000,25,1,1704,FALSE,FALSE,FALSE,FALSE,
1689,2025-11-03T09:52:58.629571,1688.0,2025-11-03T09:52:58.806650,177.1,1762143778.706000,48,1,1705,2025-11-03T09:52:58.806947,0.3,1762143777.853000,26,1,1705,FALSE,FALSE,FALSE,FALSE,
1690,2025-11-03T09:52:59.629569,1689.0,2025-11-03T09:52:59.808060,178.5,1762143779.708000,48,1,1706,2025-11-03T09:52:59.808374,0.3,1762143778.855000,26,1,1706,FALSE,FALSE,FALSE,FALSE,
1691,2025-11-03T09:53:00.629575,1690.0,2025-11-03T09:53:00.809354,179.8,1762143780.709000,49,1,1707,2025-11-03T09:53:00.809693,0.3,1762143779.857000,26,1,1707,FALSE,FALSE,FALSE,FALSE,
1692,2025-11-03T09:53:01.629578,1691.0,2025-11-03T09:53:01.810727,181.1,1762143781.710000,49,1,1708,2025-11-03T09:53:01.811024,0.3,1762143780.860000,26,1,1708,FALSE,FALSE,FALSE,FALSE,
1693,2025-11-03T09:53:02.629571,1692.0,2025-11-03T09:53:02.812260,182.7,1762143782.711000,49,1,1709,2025-11-03T09:53:02.812668,0.4,1762143781.861000,26,1,1709,FALSE,FALSE,FALSE,FALSE,
1694,2025-11-03T09:53:03.629577,1693.0,2025-11-03T09:53:03.814420,184.8,1762143783.714000,49,1,1710,2025-11-03T09:53:03.814734,0.3,1762143782.862000,26,1,1710,FALSE,FALSE,FALSE,FALSE,
1695,2025-11-03T09:53:04.629564,1694.0,2025-11-03T09:53:04.815951,186.4,1762143784.715000,50,1,1711,2025-11-03T09:53:04.816299,0.3,1762143783.863000,26,1,1711,FALSE,FALSE,FALSE,FALSE,
1696,2025-11-03T09:53:05.629566,1695.0,2025-11-03T09:53:05.818299,188.7,1762143785.717000,48,1,1712,2025-11-03T09:53:05.818622,0.3,1762143784.864000,26,1,1712,FALSE,FALSE,FALSE,FALSE,
1697,2025-11-03T09:53:06.629569,1696.0,2025-11-03T09:53:06.821173,191.6,1762143786.721000,50,1,1713,2025-11-03T09:53:06.821544,0.4,1762143785.866000,26,1,1713,FALSE,FALSE,FALSE,FALSE,
1698,2025-11-03T09:53:07.629581,1697.0,2025-11-03T09:53:07.824203,194.6,1762143787.722000,49,1,1714,2025-11-03T09:53:07.824521,0.3,1762143786.867000,26,1,1714,FALSE,FALSE,FALSE,FALSE,
1699,2025-11-03T09:53:08.629579,1698.0,2025-11-03T09:53:08.826904,197.3,1762143788.727000,49,1,1715,2025-11-03T09:53:08.827252,0.3,1762143787.868000,27,1,1715,FALSE,FALSE,FALSE,FALSE,
1700,2025-11-03T09:53:09.629571,1699.0,2025-11-03T09:53:09.828336,198.8,1762143789.728000,50,1,1716,2025-11-03T09:53:09.828727,0.4,1762143788.870000,26,1,1716,FALSE,FALSE,FALSE,FALSE,
1701,2025-11-03T09:53:10.629575,1700.0,2025-11-03T09:53:10.832228,202.7,1762143790.729000,49,1,1717,2025-11-03T09:53:10.832685,0.4,1762143789.871000,26,1,1717,FALSE,FALSE,FALSE,FALSE,
1702,2025-11-03T09:53:11.629566,1701.0,2025-11-03T09:53:11.733929,104.4,1762143791.633000,45,1,1718,2025-11-03T09:53:11.734282,0.3,1762143790.872000,26,1,1718,FALSE,FALSE,FALSE,FALSE,
1703,2025-11-03T09:53:12.629566,1702.0,2025-11-03T09:53:12.736164,106.6,1762143792.636000,51,1,1719,2025-11-03T09:53:12.736396,0.2,1762143791.774000,23,1,1719,FALSE,FALSE,FALSE,FALSE,
1704,2025-11-03T09:53:13.629558,1703.0,2025-11-03T09:53:13.737409,107.8,1762143793.637000,50,1,1720,2025-11-03T09:53:13.737618,0.2,1762143792.776000,26,1,1720,FALSE,FALSE,FALSE,FALSE,
1705,2025-11-03T09:53:14.629564,1704.0,2025-11-03T09:53:14.738650,109.1,1762143794.638000,50,1,1721,2025-11-03T09:53:14.738924,0.3,1762143793.778000,26,1,1721,FALSE,FALSE,FALSE,FALSE,
1706,2025-11-03T09:53:15.629556,1705.0,2025-11-03T09:53:15.740222,110.7,1762143795.639000,51,1,1722,2025-11-03T09:53:15.740442,0.2,1762143794.780000,26,1,1722,FALSE,FALSE,FALSE,FALSE,
1707,2025-11-03T09:53:16.629553,1706.0,2025-11-03T09:53:16.741333,111.8,1762143796.641000,50,1,1723,2025-11-03T09:53:16.741526,0.2,1762143795.782000,26,1,1723,FALSE,FALSE,FALSE,FALSE,
1708,2025-11-03T09:53:17.629554,1707.0,2025-11-03T09:53:17.742441,112.9,1762143797.642000,50,1,1724,2025-11-03T09:53:17.742621,0.2,1762143796.783000,26,1,1724,FALSE,FALSE,FALSE,FALSE,
1709,2025-11-03T09:53:18.629553,1708.0,2025-11-03T09:53:18.743585,114.0,1762143798.643000,51,1,1725,2025-11-03T09:53:18.743775,0.2,1762143797.784000,26,1,1725,FALSE,FALSE,FALSE,FALSE,
1710,2025-11-03T09:53:19.629557,1709.0,2025-11-03T09:53:19.745232,115.7,1762143799.644000,50,1,1726,2025-11-03T09:53:19.745402,0.2,1762143798.785000,26,1,1726,FALSE,FALSE,FALSE,FALSE,
1711,2025-11-03T09:53:20.629553,1710.0,2025-11-03T09:53:20.746547,117.0,1762143800.646000,51,1,1727,2025-11-03T09:53:20.746760,0.2,1762143799.786000,25,1,1727,FALSE,FALSE,FALSE,FALSE,
1712,2025-11-03T09:53:21.629573,1711.0,2025-11-03T09:53:21.748076,118.5,1762143801.648000,48,1,1728,2025-11-03T09:53:21.748422,0.3,1762143800.787000,27,1,1728,FALSE,FALSE,FALSE,FALSE,
1713,2025-11-03T09:53:22.629573,1712.0,2025-11-03T09:53:22.749880,120.3,1762143802.649000,50,1,1729,2025-11-03T09:53:22.750198,0.3,1762143801.788000,26,1,1729,FALSE,FALSE,FALSE,FALSE,
1714,2025-11-03T09:53:23.629578,1713.0,2025-11-03T09:53:23.751633,122.1,1762143803.651000,48,1,1730,2025-11-03T09:53:23.751989,0.3,1762143802.790000,26,1,1730,FALSE,FALSE,FALSE,FALSE,
1715,2025-11-03T09:53:24.629570,1714.0,2025-11-03T09:53:24.754124,124.6,1762143804.653000,49,1,1731,2025-11-03T09:53:24.754484,0.3,1762143803.792000,26,1,1731,FALSE,FALSE,FALSE,FALSE,
1716,2025-11-03T09:53:25.629577,1715.0,2025-11-03T09:53:25.756303,126.7,1762143805.655000,49,1,1732,2025-11-03T09:53:25.756621,0.3,1762143804.793000,26,1,1732,FALSE,FALSE,FALSE,FALSE,
1717,2025-11-03T09:53:26.629566,1716.0,2025-11-03T09:53:26.759047,129.5,1762143806.659000,49,1,1733,2025-11-03T09:53:26.759411,0.4,1762143805.794000,26,1,1733,FALSE,FALSE,FALSE,FALSE,
1718,2025-11-03T09:53:27.629569,1717.0,2025-11-03T09:53:27.760593,131.0,1762143807.660000,50,1,1734,2025-11-03T09:53:27.760909,0.3,1762143806.795000,26,1,1734,FALSE,FALSE,FALSE,FALSE,
1719,2025-11-03T09:53:28.629574,1718.0,2025-11-03T09:53:28.762068,132.5,1762143808.661000,49,1,1735,2025-11-03T09:53:28.762380,0.3,1762143807.797000,26,1,1735,FALSE,FALSE,FALSE,FALSE,
1720,2025-11-03T09:53:29.629575,1719.0,2025-11-03T09:53:29.763755,134.2,1762143809.663000,50,1,1736,2025-11-03T09:53:29.764078,0.3,1762143808.798000,26,1,1736,FALSE,FALSE,FALSE,FALSE,
1721,2025-11-03T09:53:30.629571,1720.0,2025-11-03T09:53:30.766622,137.0,1762143810.666000,49,1,1737,2025-11-03T09:53:30.767003,0.4,1762143809.799000,26,1,1737,FALSE,FALSE,FALSE,FALSE,
1722,2025-11-03T09:53:31.629572,1721.0,2025-11-03T09:53:31.767898,138.3,1762143811.667000,49,1,1738,2025-11-03T09:53:31.768227,0.3,1762143810.801000,26,1,1738,FALSE,FALSE,FALSE,FALSE,
1723,2025-11-03T09:53:32.629576,1722.0,2025-11-03T09:53:32.769479,139.9,1762143812.669000,49,1,1739,2025-11-03T09:53:32.775083,5.6,1762143811.802000,26,1,1739,FALSE,FALSE,FALSE,FALSE,
1724,2025-11-03T09:53:33.629570,1723.0,2025-11-03T09:53:33.771239,141.7,1762143813.670000,49,1,1740,2025-11-03T09:53:33.771652,0.4,1762143812.804000,26,1,1740,FALSE,FALSE,FALSE,FALSE,
1725,2025-11-03T09:53:34.629572,1724.0,2025-11-03T09:53:34.772455,142.9,1762143814.672000,49,1,1741,2025-11-03T09:53:34.772763,0.3,1762143813.805000,26,1,1741,FALSE,FALSE,FALSE,FALSE,
1726,2025-11-03T09:53:35.629648,1725.0,2025-11-03T09:53:35.773832,144.2,1762143815.673000,49,1,1742,2025-11-03T09:53:35.774175,0.3,1762143814.806000,26,1,1742,FALSE,FALSE,FALSE,FALSE,
1727,2025-11-03T09:53:36.629578,1726.0,2025-11-03T09:53:36.775108,145.5,1762143816.674000,50,1,1743,2025-11-03T09:53:36.775474,0.4,1762143815.807000,26,1,1743,FALSE,FALSE,FALSE,FALSE,
1728,2025-11-03T09:53:37.629585,1727.0,2025-11-03T09:53:37.776492,146.9,1762143817.676000,49,1,1744,2025-11-03T09:53:37.776808,0.3,1762143816.808000,25,1,1744,FALSE,FALSE,FALSE,FALSE,
1729,2025-11-03T09:53:38.629575,1728.0,2025-11-03T09:53:38.778907,149.3,1762143818.678000,50,1,1745,2025-11-03T09:53:38.779265,0.3,1762143817.809000,26,1,1745,FALSE,FALSE,FALSE,FALSE,
1730,2025-11-03T09:53:39.629575,1729.0,2025-11-03T09:53:39.781168,151.6,1762143819.680000,48,1,1746,2025-11-03T09:53:39.781484,0.3,1762143818.811000,26,1,1746,FALSE,FALSE,FALSE,FALSE,
1731,2025-11-03T09:53:40.629568,1730.0,2025-11-03T09:53:40.783390,153.8,1762143820.682000,50,1,1747,2025-11-03T09:53:40.783720,0.3,1762143819.812000,26,1,1747,FALSE,FALSE,FALSE,FALSE,
1732,2025-11-03T09:53:41.629568,1731.0,2025-11-03T09:53:41.785858,156.3,1762143821.684000,49,1,1748,2025-11-03T09:53:41.786447,0.6,1762143820.814000,26,1,1748,FALSE,FALSE,FALSE,FALSE,
1733,2025-11-03T09:53:42.629566,1732.0,2025-11-03T09:53:42.788012,158.4,1762143822.687000,48,1,1749,2025-11-03T09:53:42.788322,0.3,1762143821.815000,26,1,1749,FALSE,FALSE,FALSE,FALSE,
1734,2025-11-03T09:53:43.629636,1733.0,2025-11-03T09:53:43.790287,160.6,1762143823.689000,50,1,1750,2025-11-03T09:53:43.790645,0.3,1762143822.816000,26,1,1750,FALSE,FALSE,FALSE,FALSE,
1735,2025-11-03T09:53:44.629571,1734.0,2025-11-03T09:53:44.791949,162.4,1762143824.692000,48,1,1751,2025-11-03T09:53:44.792292,0.3,1762143823.818000,26,1,1751,FALSE,FALSE,FALSE,FALSE,
1736,2025-11-03T09:53:45.629574,1735.0,2025-11-03T09:53:45.793950,164.4,1762143825.694000,50,1,1752,2025-11-03T09:53:45.794291,0.3,1762143824.820000,26,1,1752,FALSE,FALSE,FALSE,FALSE,
1737,2025-11-03T09:53:46.629627,1736.0,2025-11-03T09:53:46.796113,166.5,1762143826.695000,49,1,1753,2025-11-03T09:53:46.796422,0.3,1762143825.821000,26,1,1753,FALSE,FALSE,FALSE,FALSE,
1738,2025-11-03T09:53:47.629569,1737.0,2025-11-03T09:53:47.797755,168.2,1762143827.697000,49,1,1754,2025-11-03T09:53:47.798058,0.3,1762143826.823000,26,1,1754,FALSE,FALSE,FALSE,FALSE,
1739,2025-11-03T09:53:48.629565,1738.0,2025-11-03T09:53:48.799492,169.9,1762143828.699000,49,1,1755,2025-11-03T09:53:48.799951,0.4,1762143827.825000,26,1,1755,FALSE,FALSE,FALSE,FALSE,
1740,2025-11-03T09:53:49.629567,1739.0,2025-11-03T09:53:49.800810,171.4,1762143829.700000,50,1,1756,2025-11-03T09:53:49.801290,0.3,1762143828.826000,26,1,1756,FALSE,FALSE,FALSE,FALSE,
1741,2025-11-03T09:53:50.629577,1740.0,2025-11-03T09:53:50.802468,172.9,1762143830.702000,49,1,1757,2025-11-03T09:53:50.802827,0.3,1762143829.827000,27,1,1757,FALSE,FALSE,FALSE,FALSE,
1742,2025-11-03T09:53:51.629573,1741.0,2025-11-03T09:53:51.803772,174.2,1762143831.703000,49,1,1758,2025-11-03T09:53:51.804096,0.3,1762143830.829000,26,1,1758,FALSE,FALSE,FALSE,FALSE,
1743,2025-11-03T09:53:52.629570,1742.0,2025-11-03T09:53:52.805440,175.9,1762143832.705000,48,1,1759,2025-11-03T09:53:52.805795,0.3,1762143831.830000,26,1,1759,FALSE,FALSE,FALSE,FALSE,
1744,2025-11-03T09:53:53.629573,1743.0,2025-11-03T09:53:53.806904,177.3,1762143833.706000,51,1,1760,2025-11-03T09:53:53.807239,0.3,1762143832.831000,26,1,1760,FALSE,FALSE,FALSE,FALSE,
1745,2025-11-03T09:53:54.629576,1744.0,2025-11-03T09:53:54.809304,179.7,1762143834.708000,48,1,1761,2025-11-03T09:53:54.809606,0.3,1762143833.833000,26,1,1761,FALSE,FALSE,FALSE,FALSE,
1746,2025-11-03T09:53:55.629575,1745.0,2025-11-03T09:53:55.811359,181.8,1762143835.710000,51,1,1762,2025-11-03T09:53:55.811682,0.3,1762143834.834000,26,1,1762,FALSE,FALSE,FALSE,FALSE,
1747,2025-11-03T09:53:56.629578,1746.0,2025-11-03T09:53:56.813616,184.0,1762143836.712000,49,1,1763,2025-11-03T09:53:56.813958,0.3,1762143835.835000,26,1,1763,FALSE,FALSE,FALSE,FALSE,
1748,2025-11-03T09:53:57.629585,1747.0,2025-11-03T09:53:57.815351,185.8,1762143837.714000,50,1,1764,2025-11-03T09:53:57.815688,0.3,1762143836.836000,26,1,1764,FALSE,FALSE,FALSE,FALSE,
1749,2025-11-03T09:53:58.629568,1748.0,2025-11-03T09:53:58.817820,188.2,1762143838.717000,48,1,1765,2025-11-03T09:53:58.818131,0.3,1762143837.838000,26,1,1765,FALSE,FALSE,FALSE,FALSE,
1750,2025-11-03T09:53:59.629570,1749.0,2025-11-03T09:53:59.820047,190.5,1762143839.718000,50,1,1766,2025-11-03T09:53:59.820390,0.3,1762143838.839000,26,1,1766,FALSE,FALSE,FALSE,FALSE,
1751,2025-11-03T09:54:00.629578,1750.0,2025-11-03T09:54:00.822190,192.6,1762143840.721000,48,1,1767,2025-11-03T09:54:00.822516,0.3,1762143839.840000,26,1,1767,FALSE,FALSE,FALSE,FALSE,
1752,2025-11-03T09:54:01.629575,1751.0,2025-11-03T09:54:01.824321,194.7,1762143841.723000,49,1,1768,2025-11-03T09:54:01.824627,0.3,1762143840.842000,26,1,1768,FALSE,FALSE,FALSE,FALSE,
1753,2025-11-03T09:54:02.629576,1752.0,2025-11-03T09:54:02.826215,196.6,1762143842.725000,50,1,1769,2025-11-03T09:54:02.826501,0.3,1762143841.843000,26,1,1769,FALSE,FALSE,FALSE,FALSE,
1754,2025-11-03T09:54:03.629568,1753.0,2025-11-03T09:54:03.828242,198.7,1762143843.727000,48,1,1770,2025-11-03T09:54:03.828575,0.3,1762143842.844000,26,1,1770,FALSE,FALSE,FALSE,FALSE,
1755,2025-11-03T09:54:04.629568,1754.0,2025-11-03T09:54:04.829906,200.3,1762143844.729000,50,1,1771,2025-11-03T09:54:04.830204,0.3,1762143843.846000,26,1,1771,FALSE,FALSE,FALSE,FALSE,
1756,2025-11-03T09:54:05.629567,1755.0,2025-11-03T09:54:05.732192,102.6,1762143845.632000,44,1,1772,2025-11-03T09:54:05.732530,0.3,1762143844.847000,26,1,1772,FALSE,FALSE,FALSE,FALSE,
1757,2025-11-03T09:54:06.629571,1756.0,2025-11-03T09:54:06.733256,103.7,1762143846.632000,50,1,1773,2025-11-03T09:54:06.733709,0.4,1762143845.749000,23,0,,FALSE,FALSE,FALSE,FALSE,
1758,2025-11-03T09:54:07.629571,1757.0,2025-11-03T09:54:07.734503,104.9,1762143847.634000,50,1,1774,2025-11-03T09:54:07.734808,0.3,1762143846.750000,26,1,1773,FALSE,FALSE,FALSE,FALSE,
1759,2025-11-03T09:54:08.629569,1758.0,2025-11-03T09:54:08.736004,106.4,1762143848.635000,47,1,1775,2025-11-03T09:54:08.736365,0.3,1762143847.751000,26,1,1774,FALSE,FALSE,FALSE,FALSE,
1760,2025-11-03T09:54:09.629567,1759.0,2025-11-03T09:54:09.737875,108.3,1762143849.636000,49,1,1776,2025-11-03T09:54:09.738342,0.5,1762143848.752000,26,1,1775,FALSE,FALSE,FALSE,FALSE,
1761,2025-11-03T09:54:10.629572,1760.0,2025-11-03T09:54:10.739382,109.8,1762143850.638000,49,1,1777,2025-11-03T09:54:10.739702,0.3,1762143849.754000,25,1,1776,FALSE,FALSE,FALSE,FALSE,
1762,2025-11-03T09:54:11.629571,1761.0,2025-11-03T09:54:11.742038,112.5,1762143851.641000,50,1,1778,2025-11-03T09:54:11.742328,0.3,1762143850.756000,26,1,1777,FALSE,FALSE,FALSE,FALSE,
1763,2025-11-03T09:54:12.629575,1762.0,2025-11-03T09:54:12.743405,113.8,1762143852.642000,49,1,1779,2025-11-03T09:54:12.743761,0.3,1762143851.756000,26,1,1778,FALSE,FALSE,FALSE,FALSE,
1764,2025-11-03T09:54:13.629572,1763.0,2025-11-03T09:54:13.745204,115.6,1762143853.645000,48,1,1780,2025-11-03T09:54:13.745504,0.3,1762143852.758000,26,1,1779,FALSE,FALSE,FALSE,FALSE,
1765,2025-11-03T09:54:14.629570,1764.0,2025-11-03T09:54:14.746503,116.9,1762143854.646000,49,1,1781,2025-11-03T09:54:14.746809,0.3,1762143853.759000,26,1,1780,FALSE,FALSE,FALSE,FALSE,
1766,2025-11-03T09:54:15.629585,1765.0,2025-11-03T09:54:15.747802,118.2,1762143855.647000,49,1,1782,2025-11-03T09:54:15.748126,0.3,1762143854.761000,26,1,1781,FALSE,FALSE,FALSE,FALSE,
1767,2025-11-03T09:54:16.629574,1766.0,2025-11-03T09:54:16.749164,119.6,1762143856.648000,50,1,1783,2025-11-03T09:54:16.749472,0.3,1762143855.763000,26,1,1782,FALSE,FALSE,FALSE,FALSE,
1768,2025-11-03T09:54:17.629570,1767.0,2025-11-03T09:54:17.750633,121.1,1762143857.650000,49,1,1784,2025-11-03T09:54:17.750976,0.3,1762143856.766000,26,1,1783,FALSE,FALSE,FALSE,FALSE,
1769,2025-11-03T09:54:18.629575,1768.0,2025-11-03T09:54:18.751702,122.1,1762143858.651000,49,1,1785,2025-11-03T09:54:18.752019,0.3,1762143857.767000,26,1,1784,FALSE,FALSE,FALSE,FALSE,
1770,2025-11-03T09:54:19.629577,1769.0,2025-11-03T09:54:19.753088,123.5,1762143859.652000,49,1,1786,2025-11-03T09:54:19.753395,0.3,1762143858.769000,26,1,1785,FALSE,FALSE,FALSE,FALSE,
1771,2025-11-03T09:54:20.629577,1770.0,2025-11-03T09:54:20.754340,124.8,1762143860.654000,49,1,1787,2025-11-03T09:54:20.754645,0.3,1762143859.770000,26,1,1786,FALSE,FALSE,FALSE,FALSE,
1772,2025-11-03T09:54:21.629586,1771.0,2025-11-03T09:54:21.755576,126.0,1762143861.655000,50,1,1788,2025-11-03T09:54:21.755894,0.3,1762143860.772000,26,1,1787,FALSE,FALSE,FALSE,FALSE,
1773,2025-11-03T09:54:22.629571,1772.0,2025-11-03T09:54:22.757085,127.5,1762143862.656000,48,1,1789,2025-11-03T09:54:22.757396,0.3,1762143861.774000,26,1,1788,FALSE,FALSE,FALSE,FALSE,
1774,2025-11-03T09:54:23.629575,1773.0,2025-11-03T09:54:23.758725,129.1,1762143863.658000,49,1,1790,2025-11-03T09:54:23.759032,0.3,1762143862.774000,26,1,1789,FALSE,FALSE,FALSE,FALSE,
1775,2025-11-03T09:54:24.629575,1774.0,2025-11-03T09:54:24.760149,130.6,1762143864.660000,48,1,1791,2025-11-03T09:54:24.760481,0.3,1762143863.776000,26,1,1790,FALSE,FALSE,FALSE,FALSE,
1776,2025-11-03T09:54:25.629568,1775.0,2025-11-03T09:54:25.761746,132.2,1762143865.661000,50,1,1792,2025-11-03T09:54:25.762062,0.3,1762143864.778000,26,1,1791,FALSE,FALSE,FALSE,FALSE,
1777,2025-11-03T09:54:26.629575,1776.0,2025-11-03T09:54:26.763712,134.1,1762143866.663000,49,1,1793,2025-11-03T09:54:26.764079,0.4,1762143865.779000,26,1,1792,FALSE,FALSE,FALSE,FALSE,
1778,2025-11-03T09:54:27.629574,1777.0,2025-11-03T09:54:27.764883,135.3,1762143867.664000,49,1,1794,2025-11-03T09:54:27.765210,0.3,1762143866.780000,26,1,1793,FALSE,FALSE,FALSE,FALSE,
1779,2025-11-03T09:54:28.629574,1778.0,2025-11-03T09:54:28.766535,137.0,1762143868.666000,49,1,1795,2025-11-03T09:54:28.766839,0.3,1762143867.781000,26,1,1794,FALSE,FALSE,FALSE,FALSE,
1780,2025-11-03T09:54:29.629570,1779.0,2025-11-03T09:54:29.767817,138.2,1762143869.667000,50,1,1796,2025-11-03T09:54:29.768106,0.3,1762143868.782000,26,1,1795,FALSE,FALSE,FALSE,FALSE,
1781,2025-11-03T09:54:30.629584,1780.0,2025-11-03T09:54:30.769539,139.9,1762143870.669000,48,1,1797,2025-11-03T09:54:30.769847,0.3,1762143869.784000,26,1,1796,FALSE,FALSE,FALSE,FALSE,
1782,2025-11-03T09:54:31.629580,1781.0,2025-11-03T09:54:31.771029,141.4,1762143871.671000,49,1,1798,2025-11-03T09:54:31.771445,0.4,1762143870.785000,27,1,1797,FALSE,FALSE,FALSE,FALSE,
1783,2025-11-03T09:54:32.629589,1782.0,2025-11-03T09:54:32.772363,142.8,1762143872.672000,50,1,1799,2025-11-03T09:54:32.772668,0.3,1762143871.787000,26,1,1798,FALSE,FALSE,FALSE,FALSE,
1784,2025-11-03T09:54:33.629570,1783.0,2025-11-03T09:54:33.773618,144.0,1762143873.673000,49,1,1800,2025-11-03T09:54:33.773925,0.3,1762143872.788000,25,1,1799,FALSE,FALSE,FALSE,FALSE,
1785,2025-11-03T09:54:34.629575,1784.0,2025-11-03T09:54:34.775158,145.6,1762143874.675000,48,1,1801,2025-11-03T09:54:34.775527,0.4,1762143873.789000,27,2,"1800,1801",FALSE,TRUE,FALSE,FALSE,"Multi-ECG:1800,1801"
1786,2025-11-03T09:54:35.629575,1785.0,2025-11-03T09:54:35.776643,147.1,1762143875.676000,49,1,1802,2025-11-03T09:54:35.776990,0.3,1762143874.790000,26,1,1802,FALSE,FALSE,FALSE,FALSE,
1787,2025-11-03T09:54:36.629574,1786.0,2025-11-03T09:54:36.778356,148.8,1762143876.678000,48,1,1803,2025-11-03T09:54:36.778661,0.3,1762143875.791000,26,1,1803,FALSE,FALSE,FALSE,FALSE,
1788,2025-11-03T09:54:37.629592,1787.0,2025-11-03T09:54:37.779771,150.2,1762143877.679000,49,1,1804,2025-11-03T09:54:37.780095,0.3,1762143876.793000,26,1,1804,FALSE,FALSE,FALSE,FALSE,
1789,2025-11-03T09:54:38.629571,1788.0,2025-11-03T09:54:38.781141,151.6,1762143878.681000,49,1,1805,2025-11-03T09:54:38.781443,0.3,1762143877.794000,26,1,1805,FALSE,FALSE,FALSE,FALSE,
1790,2025-11-03T09:54:39.629574,1789.0,2025-11-03T09:54:39.782388,152.8,1762143879.682000,49,1,1806,2025-11-03T09:54:39.782697,0.3,1762143878.796000,26,1,1806,FALSE,FALSE,FALSE,FALSE,
1791,2025-11-03T09:54:40.629571,1790.0,2025-11-03T09:54:40.783763,154.2,1762143880.683000,49,1,1807,2025-11-03T09:54:40.784108,0.3,1762143879.798000,26,1,1807,FALSE,FALSE,FALSE,FALSE,
1792,2025-11-03T09:54:41.629573,1791.0,2025-11-03T09:54:41.785116,155.5,1762143881.684000,49,1,1808,2025-11-03T09:54:41.785467,0.3,1762143880.800000,26,1,1808,FALSE,FALSE,FALSE,FALSE,
1793,2025-11-03T09:54:42.629568,1792.0,2025-11-03T09:54:42.786634,157.1,1762143882.686000,49,1,1809,2025-11-03T09:54:42.786947,0.3,1762143881.803000,26,1,1809,FALSE,FALSE,FALSE,FALSE,
1794,2025-11-03T09:54:43.629570,1793.0,2025-11-03T09:54:43.788378,158.8,1762143883.688000,49,1,1810,2025-11-03T09:54:43.788965,0.6,1762143882.804000,26,1,1810,FALSE,FALSE,FALSE,FALSE,
1795,2025-11-03T09:54:44.629570,1794.0,2025-11-03T09:54:44.789690,160.1,1762143884.689000,49,1,1811,2025-11-03T09:54:44.790012,0.3,1762143883.805000,26,1,1811,FALSE,FALSE,FALSE,FALSE,
1796,2025-11-03T09:54:45.629570,1795.0,2025-11-03T09:54:45.791167,161.6,1762143885.691000,50,1,1812,2025-11-03T09:54:45.791518,0.3,1762143884.807000,26,1,1812,FALSE,FALSE,FALSE,FALSE,
1797,2025-11-03T09:54:46.629568,1796.0,2025-11-03T09:54:46.792972,163.4,1762143886.692000,47,1,1813,2025-11-03T09:54:46.793310,0.3,1762143885.808000,26,1,1813,FALSE,FALSE,FALSE,FALSE,
1798,2025-11-03T09:54:47.629571,1797.0,2025-11-03T09:54:47.794471,164.9,1762143887.694000,50,1,1814,2025-11-03T09:54:47.794848,0.4,1762143886.810000,26,1,1814,FALSE,FALSE,FALSE,FALSE,
1799,2025-11-03T09:54:48.629576,1798.0,2025-11-03T09:54:48.795900,166.3,1762143888.695000,49,1,1815,2025-11-03T09:54:48.796208,0.3,1762143887.810000,26,1,1815,FALSE,FALSE,FALSE,FALSE,
1800,2025-11-03T09:54:49.629580,1799.0,2025-11-03T09:54:49.797375,167.8,1762143889.696000,49,1,1816,2025-11-03T09:54:49.797728,0.3,1762143888.812000,26,1,1816,FALSE,FALSE,FALSE,FALSE,
1801,2025-11-03T09:54:50.629571,1800.0,2025-11-03T09:54:50.798559,169.0,1762143890.698000,50,1,1817,2025-11-03T09:54:50.798880,0.3,1762143889.814000,26,1,1817,FALSE,FALSE,FALSE,FALSE,
1802,2025-11-03T09:54:51.629574,1801.0,2025-11-03T09:54:51.799729,170.1,1762143891.699000,50,1,1818,2025-11-03T09:54:51.800075,0.3,1762143890.815000,26,1,1818,FALSE,FALSE,FALSE,FALSE,
1803,2025-11-03T09:54:52.629576,1802.0,2025-11-03T09:54:52.801088,171.5,1762143892.700000,49,1,1819,2025-11-03T09:54:52.801785,0.7,1762143891.816000,26,1,1819,FALSE,FALSE,FALSE,FALSE,
1804,2025-11-03T09:54:53.629578,1803.0,2025-11-03T09:54:53.802353,172.8,1762143893.701000,50,1,1820,2025-11-03T09:54:53.802714,0.3,1762143892.818000,26,1,1820,FALSE,FALSE,FALSE,FALSE,
1805,2025-11-03T09:54:54.629576,1804.0,2025-11-03T09:54:54.803739,174.2,1762143894.703000,49,1,1821,2025-11-03T09:54:54.804056,0.3,1762143893.819000,26,1,1821,FALSE,FALSE,FALSE,FALSE,
1806,2025-11-03T09:54:55.629570,1805.0,2025-11-03T09:54:55.804975,175.4,1762143895.704000,49,1,1822,2025-11-03T09:54:55.805296,0.3,1762143894.820000,26,1,1822,FALSE,FALSE,FALSE,FALSE,
1807,2025-11-03T09:54:56.629571,1806.0,2025-11-03T09:54:56.806555,177.0,1762143896.706000,50,1,1823,2025-11-03T09:54:56.806862,0.3,1762143895.822000,26,1,1823,FALSE,FALSE,FALSE,FALSE,
1808,2025-11-03T09:54:57.629576,1807.0,2025-11-03T09:54:57.807903,178.3,1762143897.707000,49,1,1824,2025-11-03T09:54:57.808223,0.3,1762143896.824000,27,1,1824,FALSE,FALSE,FALSE,FALSE,
1809,2025-11-03T09:54:58.629568,1808.0,2025-11-03T09:54:58.809680,180.1,1762143898.709000,47,1,1825,2025-11-03T09:54:58.810015,0.3,1762143897.825000,26,1,1825,FALSE,FALSE,FALSE,FALSE,
1810,2025-11-03T09:54:59.629572,1809.0,2025-11-03T09:54:59.811860,182.3,1762143899.711000,51,1,1826,2025-11-03T09:54:59.812186,0.3,1762143898.827000,26,1,1826,FALSE,FALSE,FALSE,FALSE,
1811,2025-11-03T09:55:00.629569,1810.0,2025-11-03T09:55:00.813219,183.6,1762143900.713000,49,1,1827,2025-11-03T09:55:00.813548,0.3,1762143899.827000,26,1,1827,FALSE,FALSE,FALSE,FALSE,
1812,2025-11-03T09:55:01.629576,1811.0,2025-11-03T09:55:01.814848,185.3,1762143901.714000,49,1,1828,2025-11-03T09:55:01.815268,0.4,1762143900.829000,26,1,1828,FALSE,FALSE,FALSE,FALSE,
1813,2025-11-03T09:55:02.629570,1812.0,2025-11-03T09:55:02.815809,186.2,1762143902.715000,49,1,1829,2025-11-03T09:55:02.816121,0.3,1762143901.831000,25,1,1829,FALSE,FALSE,FALSE,FALSE,
1814,2025-11-03T09:55:03.629567,1813.0,2025-11-03T09:55:03.817230,187.7,1762143903.717000,50,1,1830,2025-11-03T09:55:03.817614,0.4,1762143902.832000,26,1,1830,FALSE,FALSE,FALSE,FALSE,
1815,2025-11-03T09:55:04.629573,1814.0,2025-11-03T09:55:04.818871,189.3,1762143904.718000,50,1,1831,2025-11-03T09:55:04.819195,0.3,1762143903.833000,26,1,1831,FALSE,FALSE,FALSE,FALSE,
1816,2025-11-03T09:55:05.629578,1815.0,2025-11-03T09:55:05.820373,190.8,1762143905.720000,49,1,1832,2025-11-03T09:55:05.820694,0.3,1762143904.835000,26,1,1832,FALSE,FALSE,FALSE,FALSE,
1817,2025-11-03T09:55:06.629576,1816.0,2025-11-03T09:55:06.821697,192.1,1762143906.721000,48,1,1833,2025-11-03T09:55:06.822033,0.3,1762143905.836000,26,1,1833,FALSE,FALSE,FALSE,FALSE,
1818,2025-11-03T09:55:07.629575,1817.0,2025-11-03T09:55:07.823474,193.9,1762143907.722000,49,1,1834,2025-11-03T09:55:07.823807,0.3,1762143906.838000,26,1,1834,FALSE,FALSE,FALSE,FALSE,
1819,2025-11-03T09:55:08.629575,1818.0,2025-11-03T09:55:08.825094,195.5,1762143908.724000,50,1,1835,2025-11-03T09:55:08.825424,0.3,1762143907.840000,26,1,1835,FALSE,FALSE,FALSE,FALSE,
1820,2025-11-03T09:55:09.629570,1819.0,2025-11-03T09:55:09.827204,197.6,1762143909.727000,49,1,1836,2025-11-03T09:55:09.827631,0.4,1762143908.840000,26,1,1836,FALSE,FALSE,FALSE,FALSE,
1821,2025-11-03T09:55:10.629573,1820.0,2025-11-03T09:55:10.829121,199.5,1762143910.728000,50,1,1837,2025-11-03T09:55:10.829542,0.4,1762143909.842000,26,1,1837,FALSE,FALSE,FALSE,FALSE,
1822,2025-11-03T09:55:11.629567,1821.0,2025-11-03T09:55:11.830169,200.6,1762143911.730000,49,1,1838,2025-11-03T09:55:11.830478,0.3,1762143910.844000,26,1,1838,FALSE,FALSE,FALSE,FALSE,
1823,2025-11-03T09:55:12.629567,1822.0,2025-11-03T09:55:12.731620,102.0,1762143912.631000,45,1,1839,2025-11-03T09:55:12.731953,0.3,1762143911.845000,26,1,1839,FALSE,FALSE,FALSE,FALSE,
1824,2025-11-03T09:55:13.629577,1823.0,2025-11-03T09:55:13.733529,103.9,1762143913.632000,49,1,1840,2025-11-03T09:55:13.733823,0.3,1762143912.746000,23,0,,FALSE,FALSE,FALSE,FALSE,
1825,2025-11-03T09:55:14.629566,1824.0,2025-11-03T09:55:14.735183,105.6,1762143914.635000,49,1,1841,2025-11-03T09:55:14.735575,0.4,1762143913.747000,26,1,1840,FALSE,FALSE,FALSE,FALSE,
1826,2025-11-03T09:55:15.629567,1825.0,2025-11-03T09:55:15.737461,107.9,1762143915.636000,49,1,1842,2025-11-03T09:55:15.737772,0.3,1762143914.748000,26,1,1841,FALSE,FALSE,FALSE,FALSE,
1827,2025-11-03T09:55:16.629574,1826.0,2025-11-03T09:55:16.739876,110.3,1762143916.639000,49,1,1843,2025-11-03T09:55:16.740205,0.3,1762143915.750000,26,1,1842,FALSE,FALSE,FALSE,FALSE,
1828,2025-11-03T09:55:17.629572,1827.0,2025-11-03T09:55:17.741493,111.9,1762143917.641000,49,1,1844,2025-11-03T09:55:17.741798,0.3,1762143916.751000,26,1,1843,FALSE,FALSE,FALSE,FALSE,
1829,2025-11-03T09:55:18.629610,1828.0,2025-11-03T09:55:18.742932,113.3,1762143918.642000,47,1,1845,2025-11-03T09:55:18.743243,0.3,1762143917.752000,26,1,1844,FALSE,FALSE,FALSE,FALSE,
1830,2025-11-03T09:55:19.629584,1829.0,2025-11-03T09:55:19.749713,120.1,1762143919.644000,50,1,1846,2025-11-03T09:55:19.750180,0.5,1762143918.753000,26,1,1845,FALSE,FALSE,FALSE,FALSE,
1831,2025-11-03T09:55:20.629569,1830.0,2025-11-03T09:55:20.745796,116.2,1762143920.645000,49,1,1847,2025-11-03T09:55:20.746107,0.3,1762143919.755000,26,1,1846,FALSE,FALSE,FALSE,FALSE,
1832,2025-11-03T09:55:21.629571,1831.0,2025-11-03T09:55:21.747092,117.5,1762143921.646000,49,1,1848,2025-11-03T09:55:21.747460,0.4,1762143920.756000,26,1,1847,FALSE,FALSE,FALSE,FALSE,
1833,2025-11-03T09:55:22.629571,1832.0,2025-11-03T09:55:22.748726,119.2,1762143922.648000,49,1,1849,2025-11-03T09:55:22.749053,0.3,1762143921.758000,26,1,1848,FALSE,FALSE,FALSE,FALSE,
1834,2025-11-03T09:55:23.629574,1833.0,2025-11-03T09:55:23.750610,121.0,1762143923.650000,49,1,1850,2025-11-03T09:55:23.750927,0.3,1762143922.760000,26,1,1849,FALSE,FALSE,FALSE,FALSE,
1835,2025-11-03T09:55:24.629574,1834.0,2025-11-03T09:55:24.752242,122.7,1762143924.652000,50,1,1851,2025-11-03T09:55:24.752564,0.3,1762143923.760000,26,1,1850,FALSE,FALSE,FALSE,FALSE,
1836,2025-11-03T09:55:25.629577,1835.0,2025-11-03T09:55:25.753750,124.2,1762143925.653000,48,1,1852,2025-11-03T09:55:25.754065,0.3,1762143924.762000,26,1,1851,FALSE,FALSE,FALSE,FALSE,
1837,2025-11-03T09:55:26.629568,1836.0,2025-11-03T09:55:26.755033,125.5,1762143926.654000,49,1,1853,2025-11-03T09:55:26.755427,0.4,1762143925.763000,26,1,1852,FALSE,FALSE,FALSE,FALSE,
1838,2025-11-03T09:55:27.629564,1837.0,2025-11-03T09:55:27.756552,127.0,1762143927.656000,49,1,1854,2025-11-03T09:55:27.756863,0.3,1762143926.764000,26,1,1853,FALSE,FALSE,FALSE,FALSE,
1839,2025-11-03T09:55:28.629565,1838.0,2025-11-03T09:55:28.758295,128.7,1762143928.657000,49,1,1855,2025-11-03T09:55:28.758656,0.3,1762143927.766000,26,1,1854,FALSE,FALSE,FALSE,FALSE,
1840,2025-11-03T09:55:29.629563,1839.0,2025-11-03T09:55:29.759742,130.2,1762143929.659000,49,1,1856,2025-11-03T09:55:29.760045,0.3,1762143928.767000,26,1,1855,FALSE,FALSE,FALSE,FALSE,
1841,2025-11-03T09:55:30.629561,1840.0,2025-11-03T09:55:30.761292,131.7,1762143930.661000,48,1,1857,2025-11-03T09:55:30.761604,0.3,1762143929.768000,26,1,1856,FALSE,FALSE,FALSE,FALSE,
1842,2025-11-03T09:55:31.629575,1841.0,2025-11-03T09:55:31.762888,133.3,1762143931.662000,49,1,1858,2025-11-03T09:55:31.763201,0.3,1762143930.770000,26,1,1857,FALSE,FALSE,FALSE,FALSE,
1843,2025-11-03T09:55:32.629563,1842.0,2025-11-03T09:55:32.764459,134.9,1762143932.664000,49,1,1859,2025-11-03T09:55:32.764800,0.3,1762143931.772000,26,1,1858,FALSE,FALSE,FALSE,FALSE,
1844,2025-11-03T09:55:33.629561,1843.0,2025-11-03T09:55:33.765862,136.3,1762143933.665000,49,1,1860,2025-11-03T09:55:33.766177,0.3,1762143932.773000,26,1,1859,FALSE,FALSE,FALSE,FALSE,
1845,2025-11-03T09:55:34.629561,1844.0,2025-11-03T09:55:34.767219,137.7,1762143934.666000,49,1,1861,2025-11-03T09:55:34.767679,0.4,1762143933.774000,26,1,1860,FALSE,FALSE,FALSE,FALSE,
1846,2025-11-03T09:55:35.629562,1845.0,2025-11-03T09:55:35.769018,139.5,1762143935.668000,50,1,1862,2025-11-03T09:55:35.769328,0.3,1762143934.776000,26,1,1861,FALSE,FALSE,FALSE,FALSE,
1847,2025-11-03T09:55:36.629575,1846.0,2025-11-03T09:55:36.770676,141.1,1762143936.670000,49,1,1863,2025-11-03T09:55:36.771030,0.3,1762143935.778000,26,1,1862,FALSE,FALSE,FALSE,FALSE,
1848,2025-11-03T09:55:37.629577,1847.0,2025-11-03T09:55:37.773127,143.5,1762143937.673000,49,1,1864,2025-11-03T09:55:37.773453,0.3,1762143936.779000,26,1,1863,FALSE,FALSE,FALSE,FALSE,
1849,2025-11-03T09:55:38.629579,1848.0,2025-11-03T09:55:38.774447,144.9,1762143938.675000,49,1,1865,2025-11-03T09:55:38.774770,0.3,1762143937.781000,26,1,1864,FALSE,FALSE,FALSE,FALSE,
1850,2025-11-03T09:55:39.629624,1849.0,2025-11-03T09:55:39.775844,146.2,1762143939.675000,49,1,1866,2025-11-03T09:55:39.776164,0.3,1762143938.782000,26,1,1865,FALSE,FALSE,FALSE,FALSE,
1851,2025-11-03T09:55:40.629581,1850.0,2025-11-03T09:55:40.777049,147.5,1762143940.677000,49,1,1867,2025-11-03T09:55:40.777366,0.3,1762143939.783000,27,1,1866,FALSE,FALSE,FALSE,FALSE,
1852,2025-11-03T09:55:41.629567,1851.0,2025-11-03T09:55:41.778317,148.7,1762143941.678000,49,1,1868,2025-11-03T09:55:41.778680,0.3,1762143940.784000,26,1,1867,FALSE,FALSE,FALSE,FALSE,
1853,2025-11-03T09:55:42.629562,1852.0,2025-11-03T09:55:42.779862,150.3,1762143942.679000,48,1,1869,2025-11-03T09:55:42.780187,0.3,1762143941.786000,26,1,1868,FALSE,FALSE,FALSE,FALSE,
1854,2025-11-03T09:55:43.629568,1853.0,2025-11-03T09:55:43.781285,151.7,1762143943.681000,47,1,1870,2025-11-03T09:55:43.781630,0.3,1762143942.787000,26,1,1869,FALSE,FALSE,FALSE,FALSE,
1855,2025-11-03T09:55:44.629564,1854.0,2025-11-03T09:55:44.782883,153.3,1762143944.682000,50,1,1871,2025-11-03T09:55:44.783186,0.3,1762143943.789000,26,1,1870,FALSE,FALSE,FALSE,FALSE,
1856,2025-11-03T09:55:45.629562,1855.0,2025-11-03T09:55:45.784217,154.7,1762143945.684000,48,1,1872,2025-11-03T09:55:45.784801,0.6,1762143944.791000,26,1,1871,FALSE,FALSE,FALSE,FALSE,
1857,2025-11-03T09:55:46.629565,1856.0,2025-11-03T09:55:46.786249,156.7,1762143946.685000,49,1,1873,2025-11-03T09:55:46.786564,0.3,1762143945.792000,26,1,1872,FALSE,FALSE,FALSE,FALSE,
1858,2025-11-03T09:55:47.629562,1857.0,2025-11-03T09:55:47.788241,158.7,1762143947.687000,50,1,1874,2025-11-03T09:55:47.788568,0.3,1762143946.793000,26,1,1873,FALSE,FALSE,FALSE,FALSE,
1859,2025-11-03T09:55:48.629568,1858.0,2025-11-03T09:55:48.790386,160.8,1762143948.690000,50,1,1875,2025-11-03T09:55:48.790715,0.3,1762143947.796000,26,1,1874,FALSE,FALSE,FALSE,FALSE,
1860,2025-11-03T09:55:49.629584,1859.0,2025-11-03T09:55:49.793330,163.7,1762143949.692000,49,1,1876,2025-11-03T09:55:49.793687,0.3,1762143948.797000,26,1,1875,FALSE,FALSE,FALSE,FALSE,
1861,2025-11-03T09:55:50.629581,1860.0,2025-11-03T09:55:50.795011,165.4,1762143950.694000,49,1,1877,2025-11-03T09:55:50.795421,0.4,1762143949.800000,26,1,1876,FALSE,FALSE,FALSE,FALSE,
1862,2025-11-03T09:55:51.629571,1861.0,2025-11-03T09:55:51.796387,166.8,1762143951.696000,49,1,1878,2025-11-03T09:55:51.796755,0.3,1762143950.801000,26,1,1877,FALSE,FALSE,FALSE,FALSE,
1863,2025-11-03T09:55:52.629577,1862.0,2025-11-03T09:55:52.797743,168.2,1762143952.697000,49,1,1879,2025-11-03T09:55:52.798063,0.3,1762143951.802000,26,1,1878,FALSE,FALSE,FALSE,FALSE,
1864,2025-11-03T09:55:53.629571,1863.0,2025-11-03T09:55:53.799066,169.5,1762143953.698000,48,1,1880,2025-11-03T09:55:53.799410,0.3,1762143952.803000,26,1,1879,FALSE,FALSE,FALSE,FALSE,
1865,2025-11-03T09:55:54.629577,1864.0,2025-11-03T09:55:54.800465,170.9,1762143954.700000,50,1,1881,2025-11-03T09:55:54.801065,0.6,1762143953.804000,26,1,1880,FALSE,FALSE,FALSE,FALSE,
1866,2025-11-03T09:55:55.629577,1865.0,2025-11-03T09:55:55.801800,172.2,1762143955.701000,49,1,1882,2025-11-03T09:55:55.802208,0.4,1762143954.805000,26,1,1881,FALSE,FALSE,FALSE,FALSE,
1867,2025-11-03T09:55:56.629573,1866.0,2025-11-03T09:55:56.803136,173.6,1762143956.703000,50,1,1883,2025-11-03T09:55:56.803594,0.4,1762143955.807000,26,1,1882,FALSE,FALSE,FALSE,FALSE,
1868,2025-11-03T09:55:57.629571,1867.0,2025-11-03T09:55:57.804529,175.0,1762143957.704000,49,1,1884,2025-11-03T09:55:57.804836,0.3,1762143956.808000,26,1,1883,FALSE,FALSE,FALSE,FALSE,
1869,2025-11-03T09:55:58.629576,1868.0,2025-11-03T09:55:58.805840,176.3,1762143958.705000,49,1,1885,2025-11-03T09:55:58.806177,0.3,1762143957.809000,26,1,1884,FALSE,FALSE,FALSE,FALSE,
1870,2025-11-03T09:55:59.629582,1869.0,2025-11-03T09:55:59.807149,177.6,1762143959.706000,50,1,1886,2025-11-03T09:55:59.807534,0.4,1762143958.811000,26,1,1885,FALSE,FALSE,FALSE,FALSE,
1871,2025-11-03T09:56:00.629582,1870.0,2025-11-03T09:56:00.808487,178.9,1762143960.708000,50,1,1887,2025-11-03T09:56:00.808842,0.3,1762143959.812000,26,1,1886,FALSE,FALSE,FALSE,FALSE,
1872,2025-11-03T09:56:01.629579,1871.0,2025-11-03T09:56:01.809884,180.3,1762143961.709000,49,1,1888,2025-11-03T09:56:01.810272,0.4,1762143960.813000,26,1,1887,FALSE,FALSE,FALSE,FALSE,
1873,2025-11-03T09:56:02.629644,1872.0,2025-11-03T09:56:02.811259,181.6,1762143962.711000,49,1,1889,2025-11-03T09:56:02.811630,0.4,1762143961.814000,26,1,1888,FALSE,FALSE,FALSE,FALSE,
1874,2025-11-03T09:56:03.629574,1873.0,2025-11-03T09:56:03.812876,183.3,1762143963.712000,48,1,1890,2025-11-03T09:56:03.813238,0.3,1762143962.815000,26,1,1889,FALSE,FALSE,FALSE,FALSE,
1875,2025-11-03T09:56:04.629567,1874.0,2025-11-03T09:56:04.814017,184.4,1762143964.714000,49,1,1891,2025-11-03T09:56:04.814315,0.3,1762143963.817000,26,1,1890,FALSE,FALSE,FALSE,FALSE,
1876,2025-11-03T09:56:05.629567,1875.0,2025-11-03T09:56:05.815370,185.8,1762143965.715000,50,1,1892,2025-11-03T09:56:05.815712,0.3,1762143964.818000,27,2,"1891,1892",FALSE,TRUE,FALSE,FALSE,"Multi-ECG:1891,1892"
1877,2025-11-03T09:56:06.629570,1876.0,2025-11-03T09:56:06.816672,187.1,1762143966.716000,48,1,1893,2025-11-03T09:56:06.816976,0.3,1762143965.819000,26,1,1893,FALSE,FALSE,FALSE,FALSE,
1878,2025-11-03T09:56:07.629578,1877.0,2025-11-03T09:56:07.818026,188.4,1762143967.717000,49,1,1894,2025-11-03T09:56:07.818318,0.3,1762143966.820000,26,1,1894,FALSE,FALSE,FALSE,FALSE,
1879,2025-11-03T09:56:08.629566,1878.0,2025-11-03T09:56:08.819361,189.8,1762143968.719000,49,1,1895,2025-11-03T09:56:08.819687,0.3,1762143967.821000,27,1,1895,FALSE,FALSE,FALSE,FALSE,
1880,2025-11-03T09:56:09.629567,1879.0,2025-11-03T09:56:09.820849,191.3,1762143969.720000,49,1,1896,2025-11-03T09:56:09.821178,0.3,1762143968.823000,26,1,1896,FALSE,FALSE,FALSE,FALSE,
1881,2025-11-03T09:56:10.629573,1880.0,2025-11-03T09:56:10.823482,193.9,1762143970.722000,49,1,1897,2025-11-03T09:56:10.823780,0.3,1762143969.824000,26,1,1897,FALSE,FALSE,FALSE,FALSE,
1882,2025-11-03T09:56:11.629577,1881.0,2025-11-03T09:56:11.824715,195.1,1762143971.724000,48,1,1898,2025-11-03T09:56:11.825057,0.3,1762143970.825000,26,1,1898,FALSE,FALSE,FALSE,FALSE,
1883,2025-11-03T09:56:12.629568,1882.0,2025-11-03T09:56:12.826832,197.3,1762143972.726000,51,1,1899,2025-11-03T09:56:12.827179,0.3,1762143971.826000,26,1,1899,FALSE,FALSE,FALSE,FALSE,
1884,2025-11-03T09:56:13.629580,1883.0,2025-11-03T09:56:13.828245,198.7,1762143973.728000,48,1,1900,2025-11-03T09:56:13.828623,0.4,1762143972.828000,26,1,1900,FALSE,FALSE,FALSE,FALSE,
1885,2025-11-03T09:56:14.629569,1884.0,2025-11-03T09:56:14.829736,200.2,1762143974.729000,49,1,1901,2025-11-03T09:56:14.830068,0.3,1762143973.830000,26,1,1901,FALSE,FALSE,FALSE,FALSE,
1886,2025-11-03T09:56:15.629570,1885.0,2025-11-03T09:56:15.731181,101.6,1762143975.631000,44,1,1902,2025-11-03T09:56:15.731570,0.4,1762143974.831000,26,1,1902,FALSE,FALSE,FALSE,FALSE,
1887,2025-11-03T09:56:16.629569,1886.0,2025-11-03T09:56:16.733529,104.0,1762143976.633000,50,1,1903,2025-11-03T09:56:16.733813,0.3,1762143975.732000,22,0,,FALSE,FALSE,FALSE,FALSE,
1888,2025-11-03T09:56:17.629573,1887.0,2025-11-03T09:56:17.735749,106.2,1762143977.635000,48,1,1904,2025-11-03T09:56:17.736096,0.3,1762143976.833000,30,2,"1903,1904",FALSE,TRUE,FALSE,FALSE,"Multi-ECG:1903,1904"
1889,2025-11-03T09:56:18.629574,1888.0,2025-11-03T09:56:18.737896,108.3,1762143978.637000,50,1,1905,2025-11-03T09:56:18.738220,0.3,1762143977.834000,26,1,1905,FALSE,FALSE,FALSE,FALSE,
1890,2025-11-03T09:56:19.629571,1889.0,2025-11-03T09:56:19.739803,110.2,1762143979.639000,48,1,1906,2025-11-03T09:56:19.740119,0.3,1762143978.836000,26,1,1906,FALSE,FALSE,FALSE,FALSE,
1891,2025-11-03T09:56:20.629574,1890.0,2025-11-03T09:56:20.741146,111.6,1762143980.641000,50,1,1907,2025-11-03T09:56:20.741469,0.3,1762143979.837000,26,1,1907,FALSE,FALSE,FALSE,FALSE,
1892,2025-11-03T09:56:21.629581,1891.0,2025-11-03T09:56:21.742883,113.3,1762143981.642000,49,1,1908,2025-11-03T09:56:21.743222,0.3,1762143980.839000,26,1,1908,FALSE,FALSE,FALSE,FALSE,
1893,2025-11-03T09:56:22.629578,1892.0,2025-11-03T09:56:22.744034,114.5,1762143982.643000,49,1,1909,2025-11-03T09:56:22.744351,0.3,1762143981.841000,26,1,1909,FALSE,FALSE,FALSE,FALSE,
1894,2025-11-03T09:56:23.629572,1893.0,2025-11-03T09:56:23.745360,115.8,1762143983.644000,49,1,1910,2025-11-03T09:56:23.745723,0.3,1762143982.842000,26,1,1910,FALSE,FALSE,FALSE,FALSE,
1895,2025-11-03T09:56:24.629573,1894.0,2025-11-03T09:56:24.746933,117.4,1762143984.646000,49,1,1911,2025-11-03T09:56:24.747255,0.3,1762143983.843000,26,1,1911,FALSE,FALSE,FALSE,FALSE,
1896,2025-11-03T09:56:25.629573,1895.0,2025-11-03T09:56:25.748761,119.2,1762143985.648000,48,1,1912,2025-11-03T09:56:25.749082,0.3,1762143984.845000,26,1,1912,FALSE,FALSE,FALSE,FALSE,
1897,2025-11-03T09:56:26.629578,1896.0,2025-11-03T09:56:26.750060,120.5,1762143986.649000,49,1,1913,2025-11-03T09:56:26.750369,0.3,1762143985.846000,26,1,1913,FALSE,FALSE,FALSE,FALSE,
1898,2025-11-03T09:56:27.629679,1897.0,2025-11-03T09:56:27.751459,121.8,1762143987.651000,49,1,1914,2025-11-03T09:56:27.751755,0.3,1762143986.848000,26,1,1914,FALSE,FALSE,FALSE,FALSE,
1899,2025-11-03T09:56:28.629571,1898.0,2025-11-03T09:56:28.753520,123.9,1762143988.653000,49,1,1915,2025-11-03T09:56:28.753886,0.4,1762143987.850000,26,1,1915,FALSE,FALSE,FALSE,FALSE,
1900,2025-11-03T09:56:29.629577,1899.0,2025-11-03T09:56:29.754953,125.4,1762143989.654000,48,1,1916,2025-11-03T09:56:29.755278,0.3,1762143988.851000,26,1,1916,FALSE,FALSE,FALSE,FALSE,
1901,2025-11-03T09:56:30.629578,1900.0,2025-11-03T09:56:30.756600,127.0,1762143990.656000,48,1,1917,2025-11-03T09:56:30.756931,0.3,1762143989.853000,26,1,1917,FALSE,FALSE,FALSE,FALSE,
1902,2025-11-03T09:56:31.629581,1901.0,2025-11-03T09:56:31.757797,128.2,1762143991.657000,49,1,1918,2025-11-03T09:56:31.758109,0.3,1762143990.854000,26,1,1918,FALSE,FALSE,FALSE,FALSE,
1903,2025-11-03T09:56:32.629636,1902.0,2025-11-03T09:56:32.759039,129.4,1762143992.659000,49,1,1919,2025-11-03T09:56:32.759409,0.4,1762143991.855000,26,1,1919,FALSE,FALSE,FALSE,FALSE,
1904,2025-11-03T09:56:33.629575,1903.0,2025-11-03T09:56:33.760452,130.9,1762143993.660000,50,1,1920,2025-11-03T09:56:33.760758,0.3,1762143992.857000,26,1,1920,FALSE,FALSE,FALSE,FALSE,
1905,2025-11-03T09:56:34.629568,1904.0,2025-11-03T09:56:34.761641,132.1,1762143994.661000,47,1,1921,2025-11-03T09:56:34.761964,0.3,1762143993.858000,26,1,1921,FALSE,FALSE,FALSE,FALSE,
1906,2025-11-03T09:56:35.629568,1905.0,2025-11-03T09:56:35.762931,133.4,1762143995.662000,49,1,1922,2025-11-03T09:56:35.763249,0.3,1762143994.859000,26,1,1922,FALSE,FALSE,FALSE,FALSE,
1907,2025-11-03T09:56:36.629575,1906.0,2025-11-03T09:56:36.764195,134.6,1762143996.664000,49,1,1923,2025-11-03T09:56:36.764493,0.3,1762143995.861000,27,1,1923,FALSE,FALSE,FALSE,FALSE,
1908,2025-11-03T09:56:37.629575,1907.0,2025-11-03T09:56:37.765572,136.0,1762143997.665000,50,1,1924,2025-11-03T09:56:37.765897,0.3,1762143996.862000,26,1,1924,FALSE,FALSE,FALSE,FALSE,
1909,2025-11-03T09:56:38.629575,1908.0,2025-11-03T09:56:38.766683,137.1,1762143998.666000,49,1,1925,2025-11-03T09:56:38.766993,0.3,1762143997.863000,26,1,1925,FALSE,FALSE,FALSE,FALSE,
1910,2025-11-03T09:56:39.629569,1909.0,2025-11-03T09:56:39.768209,138.6,1762143999.667000,48,1,1926,2025-11-03T09:56:39.768553,0.3,1762143998.864000,26,1,1926,FALSE,FALSE,FALSE,FALSE,
1911,2025-11-03T09:56:40.629572,1910.0,2025-11-03T09:56:40.769302,139.7,1762144000.668000,49,1,1927,2025-11-03T09:56:40.769608,0.3,1762143999.866000,26,1,1927,FALSE,FALSE,FALSE,FALSE,
1912,2025-11-03T09:56:41.629575,1911.0,2025-11-03T09:56:41.770577,141.0,1762144001.670000,49,1,1928,2025-11-03T09:56:41.770899,0.3,1762144000.867000,26,1,1928,FALSE,FALSE,FALSE,FALSE,
1913,2025-11-03T09:56:42.629589,1912.0,2025-11-03T09:56:42.771848,142.3,1762144002.672000,48,1,1929,2025-11-03T09:56:42.772164,0.3,1762144001.868000,26,1,1929,FALSE,FALSE,FALSE,FALSE,
1914,2025-11-03T09:56:43.629583,1913.0,2025-11-03T09:56:43.773143,143.6,1762144003.673000,49,1,1930,2025-11-03T09:56:43.773445,0.3,1762144002.870000,26,1,1930,FALSE,FALSE,FALSE,FALSE,
1915,2025-11-03T09:56:44.629586,1914.0,2025-11-03T09:56:44.774338,144.7,1762144004.674000,50,1,1931,2025-11-03T09:56:44.774639,0.3,1762144003.870000,26,1,1931,FALSE,FALSE,FALSE,FALSE,
1916,2025-11-03T09:56:45.629589,1915.0,2025-11-03T09:56:45.775639,146.0,1762144005.675000,49,1,1932,2025-11-03T09:56:45.775941,0.3,1762144004.872000,26,1,1932,FALSE,FALSE,FALSE,FALSE,
1917,2025-11-03T09:56:46.629569,1916.0,2025-11-03T09:56:46.776827,147.3,1762144006.676000,47,1,1933,2025-11-03T09:56:46.777143,0.3,1762144005.873000,26,1,1933,FALSE,FALSE,FALSE,FALSE,
1918,2025-11-03T09:56:47.629574,1917.0,2025-11-03T09:56:47.779593,150.0,1762144007.678000,50,1,1934,2025-11-03T09:56:47.779969,0.4,1762144006.875000,26,1,1934,FALSE,FALSE,FALSE,FALSE,
1919,2025-11-03T09:56:48.629570,1918.0,2025-11-03T09:56:48.781471,151.9,1762144008.681000,49,1,1935,2025-11-03T09:56:48.781838,0.4,1762144007.876000,26,1,1935,FALSE,FALSE,FALSE,FALSE,
1920,2025-11-03T09:56:49.629581,1919.0,2025-11-03T09:56:49.782776,153.2,1762144009.682000,48,1,1936,2025-11-03T09:56:49.783129,0.3,1762144008.877000,26,1,1936,FALSE,FALSE,FALSE,FALSE,
1921,2025-11-03T09:56:50.629577,1920.0,2025-11-03T09:56:50.784206,154.6,1762144010.683000,50,1,1937,2025-11-03T09:56:50.784516,0.3,1762144009.879000,26,1,1937,FALSE,FALSE,FALSE,FALSE,
1922,2025-11-03T09:56:51.629568,1921.0,2025-11-03T09:56:51.785533,156.0,1762144011.685000,49,1,1938,2025-11-03T09:56:51.785869,0.3,1762144010.880000,26,1,1938,FALSE,FALSE,FALSE,FALSE,
1923,2025-11-03T09:56:52.629566,1922.0,2025-11-03T09:56:52.786912,157.3,1762144012.686000,48,1,1939,2025-11-03T09:56:52.787438,0.5,1762144011.881000,26,1,1939,FALSE,FALSE,FALSE,FALSE,
1924,2025-11-03T09:56:53.629570,1923.0,2025-11-03T09:56:53.788218,158.6,1762144013.688000,50,1,1940,2025-11-03T09:56:53.788722,0.5,1762144012.882000,26,1,1940,FALSE,FALSE,FALSE,FALSE,
1925,2025-11-03T09:56:54.629570,1924.0,2025-11-03T09:56:54.789472,159.9,1762144014.689000,50,1,1941,2025-11-03T09:56:54.789798,0.3,1762144013.884000,26,1,1941,FALSE,FALSE,FALSE,FALSE,
1926,2025-11-03T09:56:55.629578,1925.0,2025-11-03T09:56:55.790676,161.1,1762144015.690000,49,1,1942,2025-11-03T09:56:55.791001,0.3,1762144014.885000,26,1,1942,FALSE,FALSE,FALSE,FALSE,
1927,2025-11-03T09:56:56.629570,1926.0,2025-11-03T09:56:56.792044,162.5,1762144016.691000,49,1,1943,2025-11-03T09:56:56.792615,0.6,1762144015.886000,26,1,1943,FALSE,FALSE,FALSE,FALSE,
1928,2025-11-03T09:56:57.629574,1927.0,2025-11-03T09:56:57.793348,163.8,1762144017.693000,49,1,1944,2025-11-03T09:56:57.793695,0.3,1762144016.888000,26,1,1944,FALSE,FALSE,FALSE,FALSE,
1929,2025-11-03T09:56:58.629574,1928.0,2025-11-03T09:56:58.795100,165.5,1762144018.694000,49,1,1945,2025-11-03T09:56:58.795481,0.4,1762144017.889000,26,1,1945,FALSE,FALSE,FALSE,FALSE,
1930,2025-11-03T09:56:59.629576,1929.0,2025-11-03T09:56:59.796588,167.0,1762144019.696000,49,1,1946,2025-11-03T09:56:59.796896,0.3,1762144018.890000,26,1,1946,FALSE,FALSE,FALSE,FALSE,
1931,2025-11-03T09:57:00.629568,1930.0,2025-11-03T09:57:00.798181,168.6,1762144020.698000,48,1,1947,2025-11-03T09:57:00.798536,0.3,1762144019.892000,26,1,1947,FALSE,FALSE,FALSE,FALSE,
1932,2025-11-03T09:57:01.629567,1931.0,2025-11-03T09:57:01.800280,170.7,1762144021.699000,50,1,1948,2025-11-03T09:57:01.800595,0.3,1762144020.894000,26,1,1948,FALSE,FALSE,FALSE,FALSE,
1933,2025-11-03T09:57:02.629576,1932.0,2025-11-03T09:57:02.803056,173.5,1762144022.702000,49,1,1949,2025-11-03T09:57:02.803424,0.4,1762144021.895000,26,1,1949,FALSE,FALSE,FALSE,FALSE,
1934,2025-11-03T09:57:03.629573,1933.0,2025-11-03T09:57:03.805117,175.5,1762144023.705000,49,1,1950,2025-11-03T09:57:03.805440,0.3,1762144022.897000,26,1,1950,FALSE,FALSE,FALSE,FALSE,
1935,2025-11-03T09:57:04.629566,1934.0,2025-11-03T09:57:04.806692,177.1,1762144024.706000,47,1,1951,2025-11-03T09:57:04.807003,0.3,1762144023.898000,26,1,1951,FALSE,FALSE,FALSE,FALSE,
1936,2025-11-03T09:57:05.629575,1935.0,2025-11-03T09:57:05.807864,178.3,1762144025.708000,49,1,1952,2025-11-03T09:57:05.813615,5.7,1762144024.901000,27,1,1952,FALSE,FALSE,FALSE,FALSE,
1937,2025-11-03T09:57:06.629575,1936.0,2025-11-03T09:57:06.809559,180.0,1762144026.709000,49,1,1953,2025-11-03T09:57:06.809883,0.3,1762144025.903000,26,1,1953,FALSE,FALSE,FALSE,FALSE,
1938,2025-11-03T09:57:07.629576,1937.0,2025-11-03T09:57:07.811171,181.6,1762144027.710000,49,1,1954,2025-11-03T09:57:07.811519,0.3,1762144026.904000,26,1,1954,FALSE,FALSE,FALSE,FALSE,
1939,2025-11-03T09:57:08.629575,1938.0,2025-11-03T09:57:08.812641,183.1,1762144028.712000,49,1,1955,2025-11-03T09:57:08.812952,0.3,1762144027.906000,26,1,1955,FALSE,FALSE,FALSE,FALSE,
1940,2025-11-03T09:57:09.629570,1939.0,2025-11-03T09:57:09.814025,184.4,1762144029.713000,49,1,1956,2025-11-03T09:57:09.814343,0.3,1762144028.907000,25,1,1956,FALSE,FALSE,FALSE,FALSE,
1941,2025-11-03T09:57:10.629573,1940.0,2025-11-03T09:57:10.815464,185.9,1762144030.715000,48,1,1957,2025-11-03T09:57:10.815776,0.3,1762144029.908000,26,1,1957,FALSE,FALSE,FALSE,FALSE,
1942,2025-11-03T09:57:11.629568,1941.0,2025-11-03T09:57:11.817074,187.5,1762144031.716000,49,1,1958,2025-11-03T09:57:11.817373,0.3,1762144030.910000,26,1,1958,FALSE,FALSE,FALSE,FALSE,
1943,2025-11-03T09:57:12.629571,1942.0,2025-11-03T09:57:12.818876,189.3,1762144032.718000,49,1,1959,2025-11-03T09:57:12.819201,0.3,1762144031.912000,26,1,1959,FALSE,FALSE,FALSE,FALSE,
1944,2025-11-03T09:57:13.629568,1943.0,2025-11-03T09:57:13.820133,190.6,1762144033.720000,51,1,1960,2025-11-03T09:57:13.820429,0.3,1762144032.914000,26,1,1960,FALSE,FALSE,FALSE,FALSE,
1945,2025-11-03T09:57:14.629573,1944.0,2025-11-03T09:57:14.821685,192.1,1762144034.721000,48,1,1961,2025-11-03T09:57:14.822043,0.3,1762144033.915000,26,1,1961,FALSE,FALSE,FALSE,FALSE,
1946,2025-11-03T09:57:15.629572,1945.0,2025-11-03T09:57:15.823523,193.9,1762144035.722000,50,1,1962,2025-11-03T09:57:15.823854,0.3,1762144034.917000,26,1,1962,FALSE,FALSE,FALSE,FALSE,
1947,2025-11-03T09:57:16.629568,1946.0,2025-11-03T09:57:16.825344,195.8,1762144036.724000,50,1,1963,2025-11-03T09:57:16.825692,0.3,1762144035.919000,26,1,1963,FALSE,FALSE,FALSE,FALSE,
1948,2025-11-03T09:57:17.629568,1947.0,2025-11-03T09:57:17.826882,197.3,1762144037.726000,50,1,1964,2025-11-03T09:57:17.827213,0.3,1762144036.920000,26,1,1964,FALSE,FALSE,FALSE,FALSE,
1949,2025-11-03T09:57:18.629566,1948.0,2025-11-03T09:57:18.830104,200.5,1762144038.729000,48,1,1965,2025-11-03T09:57:18.830401,0.3,1762144037.922000,26,1,1965,FALSE,FALSE,FALSE,FALSE,
1950,2025-11-03T09:57:19.629571,1949.0,2025-11-03T09:57:19.731950,102.4,1762144039.631000,45,1,1966,2025-11-03T09:57:19.732273,0.3,1762144038.923000,26,1,1966,FALSE,FALSE,FALSE,FALSE,
1951,2025-11-03T09:57:20.629571,1950.0,2025-11-03T09:57:20.733521,103.9,1762144040.633000,50,1,1967,2025-11-03T09:57:20.733886,0.3,1762144039.824000,23,0,,FALSE,FALSE,FALSE,FALSE,
1952,2025-11-03T09:57:21.629575,1951.0,2025-11-03T09:57:21.734795,105.2,1762144041.634000,48,1,1968,2025-11-03T09:57:21.735143,0.3,1762144040.826000,26,1,1967,FALSE,FALSE,FALSE,FALSE,
1953,2025-11-03T09:57:22.629578,1952.0,2025-11-03T09:57:22.736171,106.6,1762144042.635000,50,1,1969,2025-11-03T09:57:22.736468,0.3,1762144041.827000,26,1,1968,FALSE,FALSE,FALSE,FALSE,
1954,2025-11-03T09:57:23.629575,1953.0,2025-11-03T09:57:23.737638,108.1,1762144043.637000,48,1,1970,2025-11-03T09:57:23.737998,0.3,1762144042.828000,26,1,1969,FALSE,FALSE,FALSE,FALSE,
1955,2025-11-03T09:57:24.629573,1954.0,2025-11-03T09:57:24.738582,109.0,1762144044.638000,50,1,1971,2025-11-03T09:57:24.738896,0.3,1762144043.829000,26,1,1970,FALSE,FALSE,FALSE,FALSE,
1956,2025-11-03T09:57:25.629577,1955.0,2025-11-03T09:57:25.739874,110.3,1762144045.639000,50,1,1972,2025-11-03T09:57:25.740192,0.3,1762144044.831000,26,1,1971,FALSE,FALSE,FALSE,FALSE,
1957,2025-11-03T09:57:26.629577,1956.0,2025-11-03T09:57:26.741278,111.7,1762144046.641000,49,1,1973,2025-11-03T09:57:26.741725,0.4,1762144045.832000,26,1,1972,FALSE,FALSE,FALSE,FALSE,
1958,2025-11-03T09:57:27.629574,1957.0,2025-11-03T09:57:27.742509,112.9,1762144047.642000,49,1,1974,2025-11-03T09:57:27.742820,0.3,1762144046.833000,26,1,1973,FALSE,FALSE,FALSE,FALSE,
1959,2025-11-03T09:57:28.629574,1958.0,2025-11-03T09:57:28.743822,114.2,1762144048.643000,48,1,1975,2025-11-03T09:57:28.744138,0.3,1762144047.834000,26,1,1974,FALSE,FALSE,FALSE,FALSE,
1960,2025-11-03T09:57:29.629566,1959.0,2025-11-03T09:57:29.744946,115.4,1762144049.645000,49,1,1976,2025-11-03T09:57:29.745435,0.5,1762144048.835000,26,1,1975,FALSE,FALSE,FALSE,FALSE,
1961,2025-11-03T09:57:30.629566,1960.0,2025-11-03T09:57:30.746215,116.6,1762144050.646000,50,1,1977,2025-11-03T09:57:30.746520,0.3,1762144049.837000,26,1,1976,FALSE,FALSE,FALSE,FALSE,
1962,2025-11-03T09:57:31.629615,1961.0,2025-11-03T09:57:31.747480,117.9,1762144051.647000,49,1,1978,2025-11-03T09:57:31.747837,0.3,1762144050.838000,26,1,1977,FALSE,FALSE,FALSE,FALSE,
1963,2025-11-03T09:57:32.629577,1962.0,2025-11-03T09:57:32.749129,119.5,1762144052.648000,49,1,1979,2025-11-03T09:57:32.749496,0.4,1762144051.839000,26,1,1978,FALSE,FALSE,FALSE,FALSE,
1964,2025-11-03T09:57:33.629575,1963.0,2025-11-03T09:57:33.751203,121.6,1762144053.650000,48,1,1980,2025-11-03T09:57:33.751544,0.3,1762144052.840000,26,1,1979,FALSE,FALSE,FALSE,FALSE,
1965,2025-11-03T09:57:34.629576,1964.0,2025-11-03T09:57:34.752597,123.0,1762144054.652000,48,1,1981,2025-11-03T09:57:34.752927,0.3,1762144053.842000,26,1,1980,FALSE,FALSE,FALSE,FALSE,
1966,2025-11-03T09:57:35.629578,1965.0,2025-11-03T09:57:35.754358,124.8,1762144055.654000,48,1,1982,2025-11-03T09:57:35.754685,0.3,1762144054.845000,26,1,1981,FALSE,FALSE,FALSE,FALSE,
1967,2025-11-03T09:57:36.629571,1966.0,2025-11-03T09:57:36.756336,126.8,1762144056.655000,49,1,1983,2025-11-03T09:57:36.756646,0.3,1762144055.846000,26,1,1982,FALSE,FALSE,FALSE,FALSE,
1968,2025-11-03T09:57:37.629574,1967.0,2025-11-03T09:57:37.757683,128.1,1762144057.657000,49,1,1984,2025-11-03T09:57:37.758021,0.3,1762144056.848000,26,1,1983,FALSE,FALSE,FALSE,FALSE,
1969,2025-11-03T09:57:38.629568,1968.0,2025-11-03T09:57:38.759761,130.2,1762144058.659000,50,1,1985,2025-11-03T09:57:38.760075,0.3,1762144057.850000,26,1,1984,FALSE,FALSE,FALSE,FALSE,
1970,2025-11-03T09:57:39.629569,1969.0,2025-11-03T09:57:39.761058,131.5,1762144059.660000,49,1,1986,2025-11-03T09:57:39.761365,0.3,1762144058.851000,26,1,1985,FALSE,FALSE,FALSE,FALSE,
1971,2025-11-03T09:57:40.629568,1970.0,2025-11-03T09:57:40.762358,132.8,1762144060.662000,50,1,1987,2025-11-03T09:57:40.762691,0.3,1762144059.852000,27,2,"1986,1987",FALSE,TRUE,FALSE,FALSE,"Multi-ECG:1986,1987"
1972,2025-11-03T09:57:41.629567,1971.0,2025-11-03T09:57:41.763854,134.3,1762144061.663000,48,1,1988,2025-11-03T09:57:41.764232,0.4,1762144060.854000,26,1,1988,FALSE,FALSE,FALSE,FALSE,
1973,2025-11-03T09:57:42.629567,1972.0,2025-11-03T09:57:42.764805,135.2,1762144062.664000,50,1,1989,2025-11-03T09:57:42.765146,0.3,1762144061.855000,26,1,1989,FALSE,FALSE,FALSE,FALSE,
1974,2025-11-03T09:57:43.629572,1973.0,2025-11-03T09:57:43.766159,136.6,1762144063.665000,50,1,1990,2025-11-03T09:57:43.766479,0.3,1762144062.856000,26,1,1990,FALSE,FALSE,FALSE,FALSE,
1975,2025-11-03T09:57:44.629600,1974.0,2025-11-03T09:57:44.767549,137.9,1762144064.667000,49,1,1991,2025-11-03T09:57:44.767870,0.3,1762144063.857000,26,1,1991,FALSE,FALSE,FALSE,FALSE,
1976,2025-11-03T09:57:45.629567,1975.0,2025-11-03T09:57:45.768775,139.2,1762144065.668000,50,1,1992,2025-11-03T09:57:45.769109,0.3,1762144064.859000,27,1,1992,FALSE,FALSE,FALSE,FALSE,
1977,2025-11-03T09:57:46.629568,1976.0,2025-11-03T09:57:46.770024,140.5,1762144066.669000,49,1,1993,2025-11-03T09:57:46.770447,0.4,1762144065.860000,26,1,1993,FALSE,FALSE,FALSE,FALSE,
1978,2025-11-03T09:57:47.629569,1977.0,2025-11-03T09:57:47.771574,142.0,1762144067.671000,48,1,1994,2025-11-03T09:57:47.771948,0.4,1762144066.861000,26,1,1994,FALSE,FALSE,FALSE,FALSE,
1979,2025-11-03T09:57:48.629576,1978.0,2025-11-03T09:57:48.772861,143.3,1762144068.672000,49,1,1995,2025-11-03T09:57:48.773192,0.3,1762144067.863000,26,1,1995,FALSE,FALSE,FALSE,FALSE,
1980,2025-11-03T09:57:49.629579,1979.0,2025-11-03T09:57:49.774117,144.5,1762144069.674000,48,1,1996,2025-11-03T09:57:49.774472,0.3,1762144068.864000,26,1,1996,FALSE,FALSE,FALSE,FALSE,
1981,2025-11-03T09:57:50.629575,1980.0,2025-11-03T09:57:50.775769,146.2,1762144070.675000,50,1,1997,2025-11-03T09:57:50.776139,0.4,1762144069.865000,26,1,1997,FALSE,FALSE,FALSE,FALSE,
1982,2025-11-03T09:57:51.629574,1981.0,2025-11-03T09:57:51.776579,147.0,1762144071.676000,48,1,1998,2025-11-03T09:57:51.776931,0.3,1762144070.867000,26,1,1998,FALSE,FALSE,FALSE,FALSE,
1983,2025-11-03T09:57:52.629581,1982.0,2025-11-03T09:57:52.777810,148.2,1762144072.677000,50,1,1999,2025-11-03T09:57:52.778121,0.3,1762144071.867000,26,1,1999,FALSE,FALSE,FALSE,FALSE,
1984,2025-11-03T09:57:53.629571,1983.0,2025-11-03T09:57:53.779013,149.4,1762144073.678000,48,1,2000,2025-11-03T09:57:53.779399,0.4,1762144072.869000,26,1,2000,FALSE,FALSE,FALSE,FALSE,
1985,2025-11-03T09:57:54.629570,1984.0,2025-11-03T09:57:54.780366,150.8,1762144074.680000,49,1,2001,2025-11-03T09:57:54.780696,0.3,1762144073.870000,26,1,2001,FALSE,FALSE,FALSE,FALSE,
1986,2025-11-03T09:57:55.629570,1985.0,2025-11-03T09:57:55.782632,153.1,1762144075.681000,48,1,2002,2025-11-03T09:57:55.783001,0.4,1762144074.872000,26,1,2002,FALSE,FALSE,FALSE,FALSE,
1987,2025-11-03T09:57:56.629567,1986.0,2025-11-03T09:57:56.784490,154.9,1762144076.684000,49,1,2003,2025-11-03T09:57:56.784881,0.4,1762144075.873000,26,1,2003,FALSE,FALSE,FALSE,FALSE,
1988,2025-11-03T09:57:57.629570,1987.0,2025-11-03T09:57:57.786161,156.6,1762144077.685000,49,1,2004,2025-11-03T09:57:57.786495,0.3,1762144076.873000,25,1,2004,FALSE,FALSE,FALSE,FALSE,
1989,2025-11-03T09:57:58.629566,1988.0,2025-11-03T09:57:58.787703,158.1,1762144078.687000,49,1,2005,2025-11-03T09:57:58.788056,0.3,1762144077.875000,26,1,2005,FALSE,FALSE,FALSE,FALSE,
1990,2025-11-03T09:57:59.629572,1989.0,2025-11-03T09:57:59.789336,159.8,1762144079.689000,49,1,2006,2025-11-03T09:57:59.789653,0.3,1762144078.877000,26,1,2006,FALSE,FALSE,FALSE,FALSE,
1991,2025-11-03T09:58:00.629574,1990.0,2025-11-03T09:58:00.791714,162.1,1762144080.691000,48,1,2007,2025-11-03T09:58:00.792052,0.3,1762144079.878000,26,1,2007,FALSE,FALSE,FALSE,FALSE,
1992,2025-11-03T09:58:01.629575,1991.0,2025-11-03T09:58:01.792983,163.4,1762144081.693000,49,1,2008,2025-11-03T09:58:01.793317,0.3,1762144080.880000,26,1,2008,FALSE,FALSE,FALSE,FALSE,
1993,2025-11-03T09:58:02.629571,1992.0,2025-11-03T09:58:02.794398,164.8,1762144082.694000,50,1,2009,2025-11-03T09:58:02.794724,0.3,1762144081.881000,26,1,2009,FALSE,FALSE,FALSE,FALSE,
1994,2025-11-03T09:58:03.629569,1993.0,2025-11-03T09:58:03.795999,166.4,1762144083.696000,50,1,2010,2025-11-03T09:58:03.796317,0.3,1762144082.883000,26,1,2010,FALSE,FALSE,FALSE,FALSE,
1995,2025-11-03T09:58:04.629568,1994.0,2025-11-03T09:58:04.797273,167.7,1762144084.697000,50,1,2011,2025-11-03T09:58:04.797580,0.3,1762144083.884000,26,1,2011,FALSE,FALSE,FALSE,FALSE,
1996,2025-11-03T09:58:05.629573,1995.0,2025-11-03T09:58:05.798530,169.0,1762144085.698000,49,1,2012,2025-11-03T09:58:05.798847,0.3,1762144084.885000,26,1,2012,FALSE,FALSE,FALSE,FALSE,
1997,2025-11-03T09:58:06.629574,1996.0,2025-11-03T09:58:06.799636,170.1,1762144086.699000,48,1,2013,2025-11-03T09:58:06.800006,0.4,1762144085.887000,25,1,2013,FALSE,FALSE,FALSE,FALSE,
1998,2025-11-03T09:58:07.629576,1997.0,2025-11-03T09:58:07.801092,171.5,1762144087.701000,50,1,2014,2025-11-03T09:58:07.801693,0.6,1762144086.888000,26,1,2014,FALSE,FALSE,FALSE,FALSE,
1999,2025-11-03T09:58:08.629569,1998.0,2025-11-03T09:58:08.802389,172.8,1762144088.702000,49,1,2015,2025-11-03T09:58:08.802750,0.3,1762144087.889000,26,1,2015,FALSE,FALSE,FALSE,FALSE,
2000,2025-11-03T09:58:09.629570,1999.0,2025-11-03T09:58:09.805046,175.5,1762144089.703000,49,1,2016,2025-11-03T09:58:09.805373,0.3,1762144088.890000,26,1,2016,FALSE,FALSE,FALSE,FALSE,
2001,2025-11-03T09:58:10.629568,2000.0,2025-11-03T09:58:10.807091,177.5,1762144090.706000,49,1,2017,2025-11-03T09:58:10.807482,0.4,1762144089.892000,26,1,2017,FALSE,FALSE,FALSE,FALSE,
2002,2025-11-03T09:58:11.629576,2001.0,2025-11-03T09:58:11.809014,179.4,1762144091.708000,49,1,2018,2025-11-03T09:58:11.809382,0.4,1762144090.893000,25,1,2018,FALSE,FALSE,FALSE,FALSE,
2003,2025-11-03T09:58:12.629566,2002.0,2025-11-03T09:58:12.810518,180.9,1762144092.710000,50,1,2019,2025-11-03T09:58:12.810904,0.4,1762144091.895000,26,1,2019,FALSE,FALSE,FALSE,FALSE,
2004,2025-11-03T09:58:13.629576,2003.0,2025-11-03T09:58:13.811799,182.2,1762144093.711000,49,1,2020,2025-11-03T09:58:13.812128,0.3,1762144092.896000,26,1,2020,FALSE,FALSE,FALSE,FALSE,
2005,2025-11-03T09:58:14.629569,2004.0,2025-11-03T09:58:14.813212,183.6,1762144094.713000,49,1,2021,2025-11-03T09:58:14.813536,0.3,1762144093.897000,27,1,2021,FALSE,FALSE,FALSE,FALSE,
2006,2025-11-03T09:58:15.629568,2005.0,2025-11-03T09:58:15.814564,185.0,1762144095.714000,47,1,2022,2025-11-03T09:58:15.814880,0.3,1762144094.898000,26,1,2022,FALSE,FALSE,FALSE,FALSE,
2007,2025-11-03T09:58:16.629576,2006.0,2025-11-03T09:58:16.815868,186.3,1762144096.715000,49,1,2023,2025-11-03T09:58:16.816478,0.6,1762144095.900000,26,1,2023,FALSE,FALSE,FALSE,FALSE,
2008,2025-11-03T09:58:17.629571,2007.0,2025-11-03T09:58:17.817275,187.7,1762144097.717000,49,1,2024,2025-11-03T09:58:17.817585,0.3,1762144096.900000,26,1,2024,FALSE,FALSE,FALSE,FALSE,
2009,2025-11-03T09:58:18.629571,2008.0,2025-11-03T09:58:18.818921,189.3,1762144098.719000,48,1,2025,2025-11-03T09:58:18.819280,0.3,1762144097.903000,26,1,2025,FALSE,FALSE,FALSE,FALSE,
2010,2025-11-03T09:58:19.629574,2009.0,2025-11-03T09:58:19.820816,191.2,1762144099.720000,49,1,2026,2025-11-03T09:58:19.821139,0.3,1762144098.904000,26,1,2026,FALSE,FALSE,FALSE,FALSE,
2011,2025-11-03T09:58:20.629569,2010.0,2025-11-03T09:58:20.822830,193.3,1762144100.722000,50,1,2027,2025-11-03T09:58:20.823166,0.3,1762144099.906000,26,1,2027,FALSE,FALSE,FALSE,FALSE,
2012,2025-11-03T09:58:21.629571,2011.0,2025-11-03T09:58:21.824564,195.0,1762144101.724000,49,1,2028,2025-11-03T09:58:21.824865,0.3,1762144100.907000,25,1,2028,FALSE,FALSE,FALSE,FALSE,
2013,2025-11-03T09:58:22.629568,2012.0,2025-11-03T09:58:22.826313,196.7,1762144102.726000,49,1,2029,2025-11-03T09:58:22.826632,0.3,1762144101.909000,26,1,2029,FALSE,FALSE,FALSE,FALSE,
2014,2025-11-03T09:58:23.629574,2013.0,2025-11-03T09:58:23.827729,198.1,1762144103.727000,49,1,2030,2025-11-03T09:58:23.828070,0.3,1762144102.911000,26,1,2030,FALSE,FALSE,FALSE,FALSE,
2015,2025-11-03T09:58:24.629565,2014.0,2025-11-03T09:58:24.829199,199.6,1762144104.728000,49,1,2031,2025-11-03T09:58:24.829513,0.3,1762144103.912000,26,1,2031,FALSE,FALSE,FALSE,FALSE,
2016,2025-11-03T09:58:25.629579,2015.0,2025-11-03T09:58:25.731996,102.4,1762144105.631000,43,1,2032,2025-11-03T09:58:25.732644,0.6,1762144104.913000,26,1,2032,FALSE,FALSE,FALSE,FALSE,
2017,2025-11-03T09:58:26.629567,2016.0,2025-11-03T09:58:26.733401,103.8,1762144106.633000,49,1,2033,2025-11-03T09:58:26.733852,0.4,1762144105.815000,22,0,,FALSE,FALSE,FALSE,FALSE,
2018,2025-11-03T09:58:27.629576,2017.0,2025-11-03T09:58:27.734527,104.9,1762144107.634000,49,1,2034,2025-11-03T09:58:27.734857,0.3,1762144106.816000,27,1,2033,FALSE,FALSE,FALSE,FALSE,
2019,2025-11-03T09:58:28.629569,2018.0,2025-11-03T09:58:28.735882,106.3,1762144108.635000,48,1,2035,2025-11-03T09:58:28.736208,0.3,1762144107.817000,26,1,2034,FALSE,FALSE,FALSE,FALSE,
2020,2025-11-03T09:58:29.629663,2019.0,2025-11-03T09:58:29.737636,108.0,1762144109.637000,50,1,2036,2025-11-03T09:58:29.738172,0.5,1762144108.819000,26,1,2035,FALSE,FALSE,FALSE,FALSE,
2021,2025-11-03T09:58:30.629572,2020.0,2025-11-03T09:58:30.739282,109.7,1762144110.638000,49,1,2037,2025-11-03T09:58:30.739654,0.3,1762144109.820000,26,1,2036,FALSE,FALSE,FALSE,FALSE,
2022,2025-11-03T09:58:31.629575,2021.0,2025-11-03T09:58:31.741658,112.1,1762144111.641000,50,1,2038,2025-11-03T09:58:31.742163,0.5,1762144110.821000,26,1,2037,FALSE,FALSE,FALSE,FALSE,
2023,2025-11-03T09:58:32.629580,2022.0,2025-11-03T09:58:32.742977,113.4,1762144112.642000,50,1,2039,2025-11-03T09:58:32.743338,0.3,1762144111.822000,26,1,2038,FALSE,FALSE,FALSE,FALSE,
2024,2025-11-03T09:58:33.629572,2023.0,2025-11-03T09:58:33.744309,114.7,1762144113.643000,49,1,2040,2025-11-03T09:58:33.744619,0.3,1762144112.823000,26,1,2039,FALSE,FALSE,FALSE,FALSE,
2025,2025-11-03T09:58:34.629575,2024.0,2025-11-03T09:58:34.745732,116.2,1762144114.645000,49,1,2041,2025-11-03T09:58:34.746098,0.4,1762144113.825000,26,1,2040,FALSE,FALSE,FALSE,FALSE,
2026,2025-11-03T09:58:35.629568,2025.0,2025-11-03T09:58:35.746729,117.2,1762144115.646000,49,1,2042,2025-11-03T09:58:35.747097,0.4,1762144114.827000,26,1,2041,FALSE,FALSE,FALSE,FALSE,
2027,2025-11-03T09:58:36.629572,2026.0,2025-11-03T09:58:36.747946,118.4,1762144116.647000,50,1,2043,2025-11-03T09:58:36.748292,0.4,1762144115.828000,26,1,2042,FALSE,FALSE,FALSE,FALSE,
2028,2025-11-03T09:58:37.629585,2027.0,2025-11-03T09:58:37.749188,119.6,1762144117.649000,48,1,2044,2025-11-03T09:58:37.749509,0.3,1762144116.829000,26,1,2043,FALSE,FALSE,FALSE,FALSE,
2029,2025-11-03T09:58:38.629569,2028.0,2025-11-03T09:58:38.750442,120.9,1762144118.650000,50,1,2045,2025-11-03T09:58:38.750812,0.4,1762144117.830000,26,1,2044,FALSE,FALSE,FALSE,FALSE,
2030,2025-11-03T09:58:39.629570,2029.0,2025-11-03T09:58:39.752395,122.8,1762144119.651000,50,1,2046,2025-11-03T09:58:39.752741,0.3,1762144118.832000,26,1,2045,FALSE,FALSE,FALSE,FALSE,
2031,2025-11-03T09:58:40.629566,2030.0,2025-11-03T09:58:40.753890,124.3,1762144120.653000,49,1,2047,2025-11-03T09:58:40.754232,0.3,1762144119.833000,26,1,2046,FALSE,FALSE,FALSE,FALSE,
2032,2025-11-03T09:58:41.629571,2031.0,2025-11-03T09:58:41.755832,126.3,1762144121.655000,49,1,2048,2025-11-03T09:58:41.756204,0.3,1762144120.835000,26,1,2047,FALSE,FALSE,FALSE,FALSE,
2033,2025-11-03T09:58:42.629574,2032.0,2025-11-03T09:58:42.757367,127.8,1762144122.657000,49,1,2049,2025-11-03T09:58:42.757700,0.3,1762144121.836000,26,1,2048,FALSE,FALSE,FALSE,FALSE,
2034,2025-11-03T09:58:43.629571,2033.0,2025-11-03T09:58:43.759388,129.8,1762144123.658000,50,1,2050,2025-11-03T09:58:43.759754,0.4,1762144122.837000,26,1,2049,FALSE,FALSE,FALSE,FALSE,
2035,2025-11-03T09:58:44.629572,2034.0,2025-11-03T09:58:44.760667,131.1,1762144124.660000,49,1,2051,2025-11-03T09:58:44.760987,0.3,1762144123.839000,26,1,2050,FALSE,FALSE,FALSE,FALSE,
2036,2025-11-03T09:58:45.629568,2035.0,2025-11-03T09:58:45.762298,132.7,1762144125.662000,49,1,2052,2025-11-03T09:58:45.762631,0.3,1762144124.840000,26,1,2051,FALSE,FALSE,FALSE,FALSE,
2037,2025-11-03T09:58:46.629572,2036.0,2025-11-03T09:58:46.763731,134.2,1762144126.663000,49,1,2053,2025-11-03T09:58:46.764098,0.4,1762144125.842000,26,1,2052,FALSE,FALSE,FALSE,FALSE,
2038,2025-11-03T09:58:47.629572,2037.0,2025-11-03T09:58:47.765468,135.9,1762144127.665000,50,1,2054,2025-11-03T09:58:47.765771,0.3,1762144126.843000,26,1,2053,FALSE,FALSE,FALSE,FALSE,
2039,2025-11-03T09:58:48.629577,2038.0,2025-11-03T09:58:48.767548,138.0,1762144128.666000,49,1,2055,2025-11-03T09:58:48.767885,0.3,1762144127.844000,26,1,2054,FALSE,FALSE,FALSE,FALSE,
2040,2025-11-03T09:58:49.629574,2039.0,2025-11-03T09:58:49.769523,139.9,1762144129.669000,49,1,2056,2025-11-03T09:58:49.769849,0.3,1762144128.846000,26,1,2055,FALSE,FALSE,FALSE,FALSE,
2041,2025-11-03T09:58:50.629577,2040.0,2025-11-03T09:58:50.770955,141.4,1762144130.670000,49,1,2057,2025-11-03T09:58:50.771246,0.3,1762144129.847000,26,1,2056,FALSE,FALSE,FALSE,FALSE,
2042,2025-11-03T09:58:51.629569,2041.0,2025-11-03T09:58:51.772325,142.8,1762144131.672000,49,1,2058,2025-11-03T09:58:51.772629,0.3,1762144130.848000,26,1,2057,FALSE,FALSE,FALSE,FALSE,
2043,2025-11-03T09:58:52.629577,2042.0,2025-11-03T09:58:52.779697,150.1,1762144132.673000,49,1,2059,2025-11-03T09:58:52.780155,0.4,1762144131.849000,26,1,2058,FALSE,FALSE,FALSE,FALSE,
2044,2025-11-03T09:58:53.629573,2043.0,2025-11-03T09:58:53.775948,146.4,1762144133.675000,50,1,2060,2025-11-03T09:58:53.776253,0.3,1762144132.850000,26,1,2059,FALSE,FALSE,FALSE,FALSE,
2045,2025-11-03T09:58:54.629577,2044.0,2025-11-03T09:58:54.777371,147.8,1762144134.677000,49,1,2061,2025-11-03T09:58:54.777732,0.3,1762144133.852000,26,1,2060,FALSE,FALSE,FALSE,FALSE,
2046,2025-11-03T09:58:55.629580,2045.0,2025-11-03T09:58:55.778953,149.4,1762144135.678000,49,1,2062,2025-11-03T09:58:55.779277,0.3,1762144134.854000,26,1,2061,FALSE,FALSE,FALSE,FALSE,
2047,2025-11-03T09:58:56.629570,2046.0,2025-11-03T09:58:56.780548,151.0,1762144136.680000,50,1,2063,2025-11-03T09:58:56.780901,0.3,1762144135.854000,27,1,2062,FALSE,FALSE,FALSE,FALSE,
2048,2025-11-03T09:58:57.629577,2047.0,2025-11-03T09:58:57.783465,153.9,1762144137.682000,49,1,2064,2025-11-03T09:58:57.783766,0.3,1762144136.856000,26,1,2063,FALSE,FALSE,FALSE,FALSE,
2049,2025-11-03T09:58:58.629575,2048.0,2025-11-03T09:58:58.785319,155.7,1762144138.684000,49,1,2065,2025-11-03T09:58:58.785651,0.3,1762144137.857000,26,1,2064,FALSE,FALSE,FALSE,FALSE,
2050,2025-11-03T09:58:59.629571,2049.0,2025-11-03T09:58:59.787256,157.7,1762144139.686000,49,1,2066,2025-11-03T09:58:59.787648,0.4,1762144138.859000,26,1,2065,FALSE,FALSE,FALSE,FALSE,
2051,2025-11-03T09:59:00.629576,2050.0,2025-11-03T09:59:00.788994,159.4,1762144140.688000,50,1,2067,2025-11-03T09:59:00.789472,0.5,1762144139.860000,26,1,2066,FALSE,FALSE,FALSE,FALSE,
2052,2025-11-03T09:59:01.629681,2051.0,2025-11-03T09:59:01.791164,161.5,1762144141.690000,49,1,2068,2025-11-03T09:59:01.791531,0.4,1762144140.862000,26,1,2067,FALSE,FALSE,FALSE,FALSE,
2053,2025-11-03T09:59:02.629568,2052.0,2025-11-03T09:59:02.792753,163.2,1762144142.692000,49,1,2069,2025-11-03T09:59:02.793070,0.3,1762144141.863000,26,1,2068,FALSE,FALSE,FALSE,FALSE,
2054,2025-11-03T09:59:03.629569,2053.0,2025-11-03T09:59:03.795386,165.8,1762144143.695000,49,1,2070,2025-11-03T09:59:03.795710,0.3,1762144142.864000,26,1,2069,FALSE,FALSE,FALSE,FALSE,
2055,2025-11-03T09:59:04.629565,2054.0,2025-11-03T09:59:04.796831,167.3,1762144144.696000,50,1,2071,2025-11-03T09:59:04.797160,0.3,1762144143.866000,26,1,2070,FALSE,FALSE,FALSE,FALSE,
2056,2025-11-03T09:59:05.629570,2055.0,2025-11-03T09:59:05.798263,168.7,1762144145.697000,49,1,2072,2025-11-03T09:59:05.798632,0.4,1762144144.868000,26,1,2071,FALSE,FALSE,FALSE,FALSE,
2057,2025-11-03T09:59:06.629567,2056.0,2025-11-03T09:59:06.800197,170.6,1762144146.700000,49,1,2073,2025-11-03T09:59:06.800571,0.4,1762144145.870000,26,1,2072,FALSE,FALSE,FALSE,FALSE,
2058,2025-11-03T09:59:07.629572,2057.0,2025-11-03T09:59:07.802136,172.6,1762144147.702000,49,1,2074,2025-11-03T09:59:07.802511,0.4,1762144146.871000,26,1,2073,FALSE,FALSE,FALSE,FALSE,
2059,2025-11-03T09:59:08.629567,2058.0,2025-11-03T09:59:08.804076,174.5,1762144148.703000,49,1,2075,2025-11-03T09:59:08.804389,0.3,1762144147.873000,26,1,2074,FALSE,FALSE,FALSE,FALSE,
2060,2025-11-03T09:59:09.629567,2059.0,2025-11-03T09:59:09.805658,176.1,1762144149.704000,48,1,2076,2025-11-03T09:59:09.806225,0.6,1762144148.875000,26,1,2075,FALSE,FALSE,FALSE,FALSE,
2061,2025-11-03T09:59:10.629566,2060.0,2025-11-03T09:59:10.808050,178.5,1762144150.706000,48,1,2077,2025-11-03T09:59:10.808371,0.3,1762144149.877000,26,1,2076,FALSE,FALSE,FALSE,FALSE,
2062,2025-11-03T09:59:11.629569,2061.0,2025-11-03T09:59:11.809450,179.9,1762144151.709000,49,1,2078,2025-11-03T09:59:11.809803,0.3,1762144150.877000,26,1,2077,FALSE,FALSE,FALSE,FALSE,
2063,2025-11-03T09:59:12.629570,2062.0,2025-11-03T09:59:12.811246,181.7,1762144152.710000,50,1,2079,2025-11-03T09:59:12.811631,0.4,1762144151.879000,26,1,2078,FALSE,FALSE,FALSE,FALSE,
2064,2025-11-03T09:59:13.629570,2063.0,2025-11-03T09:59:13.812836,183.3,1762144153.712000,49,1,2080,2025-11-03T09:59:13.813178,0.3,1762144152.880000,26,1,2079,FALSE,FALSE,FALSE,FALSE,
2065,2025-11-03T09:59:14.629568,2064.0,2025-11-03T09:59:14.814953,185.4,1762144154.714000,49,1,2081,2025-11-03T09:59:14.815281,0.3,1762144153.881000,26,1,2080,FALSE,FALSE,FALSE,FALSE,
2066,2025-11-03T09:59:15.629569,2065.0,2025-11-03T09:59:15.816508,186.9,1762144155.716000,49,1,2082,2025-11-03T09:59:15.816807,0.3,1762144154.883000,26,1,2081,FALSE,FALSE,FALSE,FALSE,
2067,2025-11-03T09:59:16.629576,2066.0,2025-11-03T09:59:16.818976,189.4,1762144156.718000,50,1,2083,2025-11-03T09:59:16.819293,0.4,1762144155.884000,27,2,"2082,2083",FALSE,TRUE,FALSE,FALSE,"Multi-ECG:2082,2083"
2068,2025-11-03T09:59:17.629570,2067.0,2025-11-03T09:59:17.820589,191.0,1762144157.720000,50,1,2084,2025-11-03T09:59:17.820911,0.3,1762144156.887000,26,1,2084,FALSE,FALSE,FALSE,FALSE,
2069,2025-11-03T09:59:18.629577,2068.0,2025-11-03T09:59:18.821921,192.3,1762144158.721000,50,1,2085,2025-11-03T09:59:18.822568,0.6,1762144157.888000,26,1,2085,FALSE,FALSE,FALSE,FALSE,
2070,2025-11-03T09:59:19.629576,2069.0,2025-11-03T09:59:19.823256,193.7,1762144159.723000,49,1,2086,2025-11-03T09:59:19.823637,0.4,1762144158.890000,26,1,2086,FALSE,FALSE,FALSE,FALSE,
2071,2025-11-03T09:59:20.629568,2070.0,2025-11-03T09:59:20.824618,195.0,1762144160.724000,49,1,2087,2025-11-03T09:59:20.824965,0.3,1762144159.891000,26,1,2087,FALSE,FALSE,FALSE,FALSE,
2072,2025-11-03T09:59:21.629575,2071.0,2025-11-03T09:59:21.826419,196.8,1762144161.726000,49,1,2088,2025-11-03T09:59:21.826734,0.3,1762144160.892000,26,1,2088,FALSE,FALSE,FALSE,FALSE,
2073,2025-11-03T09:59:22.629566,2072.0,2025-11-03T09:59:22.827944,198.4,1762144162.727000,48,1,2089,2025-11-03T09:59:22.828316,0.4,1762144161.893000,26,1,2089,FALSE,FALSE,FALSE,FALSE,
2074,2025-11-03T09:59:23.629575,2073.0,2025-11-03T09:59:23.829247,199.7,1762144163.728000,49,1,2090,2025-11-03T09:59:23.829573,0.3,1762144162.895000,27,1,2090,FALSE,FALSE,FALSE,FALSE,
2075,2025-11-03T09:59:24.629569,2074.0,2025-11-03T09:59:24.731347,101.8,1762144164.631000,46,1,2091,2025-11-03T09:59:24.731670,0.3,1762144163.896000,26,1,2091,FALSE,FALSE,FALSE,FALSE,
2076,2025-11-03T09:59:25.629578,2075.0,2025-11-03T09:59:25.732728,103.1,1762144165.632000,49,1,2092,2025-11-03T09:59:25.733053,0.3,1762144164.797000,22,0,,FALSE,FALSE,FALSE,FALSE,
2077,2025-11-03T09:59:26.629577,2076.0,2025-11-03T09:59:26.734008,104.4,1762144166.633000,49,1,2093,2025-11-03T09:59:26.734324,0.3,1762144165.799000,26,1,2092,FALSE,FALSE,FALSE,FALSE,
2078,2025-11-03T09:59:27.629574,2077.0,2025-11-03T09:59:27.735610,106.0,1762144167.635000,50,1,2094,2025-11-03T09:59:27.735968,0.3,1762144166.800000,26,1,2093,FALSE,FALSE,FALSE,FALSE,
2079,2025-11-03T09:59:28.629579,2078.0,2025-11-03T09:59:28.736892,107.3,1762144168.636000,49,1,2095,2025-11-03T09:59:28.737196,0.3,1762144167.801000,26,1,2094,FALSE,FALSE,FALSE,FALSE,
2080,2025-11-03T09:59:29.629578,2079.0,2025-11-03T09:59:29.738479,108.9,1762144169.638000,50,1,2096,2025-11-03T09:59:29.738772,0.3,1762144168.803000,25,1,2095,FALSE,FALSE,FALSE,FALSE,
2081,2025-11-03T09:59:30.629579,2080.0,2025-11-03T09:59:30.740030,110.4,1762144170.639000,49,1,2097,2025-11-03T09:59:30.740324,0.3,1762144169.805000,26,1,2096,FALSE,FALSE,FALSE,FALSE,
2082,2025-11-03T09:59:31.629582,2081.0,2025-11-03T09:59:31.742128,112.5,1762144171.641000,49,1,2098,2025-11-03T09:59:31.742419,0.3,1762144170.806000,26,1,2097,FALSE,FALSE,FALSE,FALSE,
2083,2025-11-03T09:59:32.629578,2082.0,2025-11-03T09:59:32.743894,114.3,1762144172.644000,48,1,2099,2025-11-03T09:59:32.744187,0.3,1762144171.809000,26,1,2098,FALSE,FALSE,FALSE,FALSE,
2084,2025-11-03T09:59:33.629577,2083.0,2025-11-03T09:59:33.745720,116.1,1762144173.645000,49,1,2100,2025-11-03T09:59:33.746035,0.3,1762144172.811000,26,1,2099,FALSE,FALSE,FALSE,FALSE,
2085,2025-11-03T09:59:34.629585,2084.0,2025-11-03T09:59:34.747503,117.9,1762144174.647000,49,1,2101,2025-11-03T09:59:34.747810,0.3,1762144173.812000,26,1,2100,FALSE,FALSE,FALSE,FALSE,
2086,2025-11-03T09:59:35.629551,2085.0,2025-11-03T09:59:35.749204,119.6,1762144175.649000,49,1,2102,2025-11-03T09:59:35.749482,0.3,1762144174.814000,27,1,2101,FALSE,FALSE,FALSE,FALSE,
2087,2025-11-03T09:59:36.629576,2086.0,2025-11-03T09:59:36.751212,121.6,1762144176.651000,49,1,2103,2025-11-03T09:59:36.751602,0.4,1762144175.816000,26,1,2102,FALSE,FALSE,FALSE,FALSE,
2088,2025-11-03T09:59:37.629571,2087.0,2025-11-03T09:59:37.752639,123.1,1762144177.652000,50,1,2104,2025-11-03T09:59:37.752932,0.3,1762144176.818000,26,1,2103,FALSE,FALSE,FALSE,FALSE,
2089,2025-11-03T09:59:38.629580,2088.0,2025-11-03T09:59:38.753991,124.4,1762144178.654000,48,1,2105,2025-11-03T09:59:38.754279,0.3,1762144177.819000,26,1,2104,FALSE,FALSE,FALSE,FALSE,
2090,2025-11-03T09:59:39.629592,2089.0,2025-11-03T09:59:39.756077,126.5,1762144179.655000,50,1,2106,2025-11-03T09:59:39.756386,0.3,1762144178.821000,26,1,2105,FALSE,FALSE,FALSE,FALSE,
2091,2025-11-03T09:59:40.629577,2090.0,2025-11-03T09:59:40.757505,127.9,1762144180.657000,49,1,2107,2025-11-03T09:59:40.757814,0.3,1762144179.822000,26,1,2106,FALSE,FALSE,FALSE,FALSE,
2092,2025-11-03T09:59:41.629572,2091.0,2025-11-03T09:59:41.759195,129.6,1762144181.659000,49,1,2108,2025-11-03T09:59:41.759527,0.3,1762144180.824000,26,1,2107,FALSE,FALSE,FALSE,FALSE,
2093,2025-11-03T09:59:42.629570,2092.0,2025-11-03T09:59:42.760585,131.0,1762144182.660000,49,1,2109,2025-11-03T09:59:42.760877,0.3,1762144181.825000,26,1,2108,FALSE,FALSE,FALSE,FALSE,
2094,2025-11-03T09:59:43.629584,2093.0,2025-11-03T09:59:43.763071,133.5,1762144183.663000,49,1,2110,2025-11-03T09:59:43.763484,0.4,1762144182.827000,26,1,2109,FALSE,FALSE,FALSE,FALSE,
2095,2025-11-03T09:59:44.629572,2094.0,2025-11-03T09:59:44.764740,135.2,1762144184.664000,49,1,2111,2025-11-03T09:59:44.765039,0.3,1762144183.829000,26,1,2110,FALSE,FALSE,FALSE,FALSE,
2096,2025-11-03T09:59:45.629574,2095.0,2025-11-03T09:59:45.766656,137.1,1762144185.666000,49,1,2112,2025-11-03T09:59:45.767020,0.4,1762144184.830000,26,1,2111,FALSE,FALSE,FALSE,FALSE,
2097,2025-11-03T09:59:46.629575,2096.0,2025-11-03T09:59:46.768321,138.7,1762144186.668000,49,1,2113,2025-11-03T09:59:46.768623,0.3,1762144185.832000,26,1,2112,FALSE,FALSE,FALSE,FALSE,
2098,2025-11-03T09:59:47.629576,2097.0,2025-11-03T09:59:47.770470,140.9,1762144187.670000,49,1,2114,2025-11-03T09:59:47.770778,0.3,1762144186.834000,26,1,2113,FALSE,FALSE,FALSE,FALSE,
2099,2025-11-03T09:59:48.629572,2098.0,2025-11-03T09:59:48.771798,142.2,1762144188.671000,50,1,2115,2025-11-03T09:59:48.772101,0.3,1762144187.835000,26,1,2114,FALSE,FALSE,FALSE,FALSE,
2100,2025-11-03T09:59:49.629582,2099.0,2025-11-03T09:59:49.773464,143.9,1762144189.673000,49,1,2116,2025-11-03T09:59:49.773765,0.3,1762144188.837000,26,1,2115,FALSE,FALSE,FALSE,FALSE,
2101,2025-11-03T09:59:50.629574,2100.0,2025-11-03T09:59:50.774997,145.4,1762144190.675000,47,1,2117,2025-11-03T09:59:50.775372,0.4,1762144189.838000,26,1,2116,FALSE,FALSE,FALSE,FALSE,
2102,2025-11-03T09:59:51.629569,2101.0,2025-11-03T09:59:51.776803,147.2,1762144191.676000,50,1,2118,2025-11-03T09:59:51.777144,0.3,1762144190.839000,26,1,2117,FALSE,FALSE,FALSE,FALSE,
2103,2025-11-03T09:59:52.629574,2102.0,2025-11-03T09:59:52.778211,148.6,1762144192.678000,49,1,2119,2025-11-03T09:59:52.778504,0.3,1762144191.841000,26,1,2118,FALSE,FALSE,FALSE,FALSE,
2104,2025-11-03T09:59:53.629568,2103.0,2025-11-03T09:59:53.779618,150.0,1762144193.679000,49,1,2120,2025-11-03T09:59:53.779930,0.3,1762144192.842000,26,1,2119,FALSE,FALSE,FALSE,FALSE,
2105,2025-11-03T09:59:54.629569,2104.0,2025-11-03T09:59:54.781585,152.0,1762144194.681000,49,1,2121,2025-11-03T09:59:54.781932,0.3,1762144193.843000,26,1,2120,FALSE,FALSE,FALSE,FALSE,
2106,2025-11-03T09:59:55.629583,2105.0,2025-11-03T09:59:55.783067,153.5,1762144195.682000,49,1,2122,2025-11-03T09:59:55.783537,0.5,1762144194.845000,26,1,2121,FALSE,FALSE,FALSE,FALSE,
2107,2025-11-03T09:59:56.629576,2106.0,2025-11-03T09:59:56.785237,155.7,1762144196.685000,50,1,2123,2025-11-03T09:59:56.785541,0.3,1762144195.846000,26,1,2122,FALSE,FALSE,FALSE,FALSE,
2108,2025-11-03T09:59:57.629573,2107.0,2025-11-03T09:59:57.786959,157.4,1762144197.687000,49,1,2124,2025-11-03T09:59:57.787264,0.3,1762144196.847000,26,1,2123,FALSE,FALSE,FALSE,FALSE,
2109,2025-11-03T09:59:58.629576,2108.0,2025-11-03T09:59:58.788249,158.7,1762144198.688000,49,1,2125,2025-11-03T09:59:58.788543,0.3,1762144197.849000,26,1,2124,FALSE,FALSE,FALSE,FALSE,
2110,2025-11-03T09:59:59.629574,2109.0,2025-11-03T09:59:59.789474,159.9,1762144199.689000,49,1,2126,2025-11-03T09:59:59.789765,0.3,1762144198.850000,26,1,2125,FALSE,FALSE,FALSE,FALSE,
2111,2025-11-03T10:00:00.629574,2110.0,2025-11-03T10:00:00.790762,161.2,1762144200.690000,50,1,2127,2025-11-03T10:00:00.791058,0.3,1762144199.851000,26,1,2126,FALSE,FALSE,FALSE,FALSE,
2112,2025-11-03T10:00:01.629570,2111.0,2025-11-03T10:00:01.792065,162.5,1762144201.692000,49,1,2128,2025-11-03T10:00:01.792356,0.3,1762144200.852000,27,1,2127,FALSE,FALSE,FALSE,FALSE,
2113,2025-11-03T10:00:02.629569,2112.0,2025-11-03T10:00:02.793316,163.7,1762144202.693000,50,1,2129,2025-11-03T10:00:02.793618,0.3,1762144201.854000,26,1,2128,FALSE,FALSE,FALSE,FALSE,
2114,2025-11-03T10:00:03.629573,2113.0,2025-11-03T10:00:03.794553,165.0,1762144203.694000,48,1,2130,2025-11-03T10:00:03.794852,0.3,1762144202.855000,26,1,2129,FALSE,FALSE,FALSE,FALSE,
2115,2025-11-03T10:00:04.629566,2114.0,2025-11-03T10:00:04.795870,166.3,1762144204.695000,49,1,2131,2025-11-03T10:00:04.796175,0.3,1762144203.857000,26,1,2130,FALSE,FALSE,FALSE,FALSE,
2116,2025-11-03T10:00:05.629575,2115.0,2025-11-03T10:00:05.797137,167.6,1762144205.696000,49,1,2132,2025-11-03T10:00:05.797446,0.3,1762144204.858000,26,1,2131,FALSE,FALSE,FALSE,FALSE,
2117,2025-11-03T10:00:06.629568,2116.0,2025-11-03T10:00:06.798530,169.0,1762144206.698000,49,1,2133,2025-11-03T10:00:06.798834,0.3,1762144205.859000,26,1,2132,FALSE,FALSE,FALSE,FALSE,
2118,2025-11-03T10:00:07.629568,2117.0,2025-11-03T10:00:07.800127,170.6,1762144207.699000,48,1,2134,2025-11-03T10:00:07.800420,0.3,1762144206.861000,26,1,2133,FALSE,FALSE,FALSE,FALSE,
2119,2025-11-03T10:00:08.629567,2118.0,2025-11-03T10:00:08.801522,171.9,1762144208.701000,48,1,2135,2025-11-03T10:00:08.801844,0.3,1762144207.862000,26,1,2134,FALSE,FALSE,FALSE,FALSE,
2120,2025-11-03T10:00:09.629564,2119.0,2025-11-03T10:00:09.803596,174.0,1762144209.703000,50,1,2136,2025-11-03T10:00:09.803919,0.3,1762144208.863000,26,1,2135,FALSE,FALSE,FALSE,FALSE,
2121,2025-11-03T10:00:10.629568,2120.0,2025-11-03T10:00:10.806005,176.4,1762144210.705000,49,1,2137,2025-11-03T10:00:10.806373,0.4,1762144209.865000,26,1,2136,FALSE,FALSE,FALSE,FALSE,
2122,2025-11-03T10:00:11.629577,2121.0,2025-11-03T10:00:11.807906,178.3,1762144211.707000,49,1,2138,2025-11-03T10:00:11.808504,0.6,1762144210.867000,26,1,2137,FALSE,FALSE,FALSE,FALSE,
2123,2025-11-03T10:00:12.629572,2122.0,2025-11-03T10:00:12.809583,180.0,1762144212.709000,49,1,2139,2025-11-03T10:00:12.810235,0.6,1762144211.868000,26,1,2138,FALSE,FALSE,FALSE,FALSE,
2124,2025-11-03T10:00:13.629575,2123.0,2025-11-03T10:00:13.811290,181.7,1762144213.710000,49,1,2140,2025-11-03T10:00:13.811651,0.3,1762144212.869000,26,1,2139,FALSE,FALSE,FALSE,FALSE,
2125,2025-11-03T10:00:14.629577,2124.0,2025-11-03T10:00:14.813371,183.8,1762144214.713000,49,1,2141,2025-11-03T10:00:14.813712,0.3,1762144213.870000,26,1,2140,FALSE,FALSE,FALSE,FALSE,
2126,2025-11-03T10:00:15.629589,2125.0,2025-11-03T10:00:15.815644,186.0,1762144215.715000,48,1,2142,2025-11-03T10:00:15.815974,0.3,1762144214.872000,26,1,2141,FALSE,FALSE,FALSE,FALSE,
2127,2025-11-03T10:00:16.629576,2126.0,2025-11-03T10:00:16.817057,187.5,1762144216.716000,49,1,2143,2025-11-03T10:00:16.817385,0.3,1762144215.873000,26,1,2142,FALSE,FALSE,FALSE,FALSE,
2128,2025-11-03T10:00:17.629571,2127.0,2025-11-03T10:00:17.818667,189.1,1762144217.718000,50,1,2144,2025-11-03T10:00:17.818972,0.3,1762144216.875000,26,1,2143,FALSE,FALSE,FALSE,FALSE,
2129,2025-11-03T10:00:18.629588,2128.0,2025-11-03T10:00:18.820910,191.3,1762144218.720000,50,1,2145,2025-11-03T10:00:18.821236,0.3,1762144217.876000,26,1,2144,FALSE,FALSE,FALSE,FALSE,
2130,2025-11-03T10:00:19.629581,2129.0,2025-11-03T10:00:19.822389,192.8,1762144219.722000,50,1,2146,2025-11-03T10:00:19.822702,0.3,1762144218.878000,26,1,2145,FALSE,FALSE,FALSE,FALSE,
2131,2025-11-03T10:00:20.629574,2130.0,2025-11-03T10:00:20.824037,194.5,1762144220.723000,48,1,2147,2025-11-03T10:00:20.824705,0.7,1762144219.880000,26,1,2146,FALSE,FALSE,FALSE,FALSE,
2132,2025-11-03T10:00:21.629623,2131.0,2025-11-03T10:00:21.825406,195.8,1762144221.725000,50,1,2148,2025-11-03T10:00:21.825713,0.3,1762144220.881000,26,1,2147,FALSE,FALSE,FALSE,FALSE,
2133,2025-11-03T10:00:22.629571,2132.0,2025-11-03T10:00:22.828170,198.6,1762144222.728000,50,1,2149,2025-11-03T10:00:22.828482,0.3,1762144221.883000,26,1,2148,FALSE,FALSE,FALSE,FALSE,
2134,2025-11-03T10:00:23.629573,2133.0,2025-11-03T10:00:23.829928,200.4,1762144223.729000,49,1,2150,2025-11-03T10:00:23.830211,0.3,1762144222.884000,26,1,2149,FALSE,FALSE,FALSE,FALSE,
2135,2025-11-03T10:00:24.629581,2134.0,2025-11-03T10:00:24.731535,101.9,1762144224.631000,45,1,2151,2025-11-03T10:00:24.731841,0.3,1762144223.885000,26,1,2150,FALSE,FALSE,FALSE,FALSE,
2136,2025-11-03T10:00:25.629571,2135.0,2025-11-03T10:00:25.733079,103.5,1762144225.632000,48,1,2152,2025-11-03T10:00:25.733399,0.3,1762144224.787000,24,1,2151,FALSE,FALSE,FALSE,FALSE,
2137,2025-11-03T10:00:26.629568,2136.0,2025-11-03T10:00:26.734490,104.9,1762144226.634000,49,1,2153,2025-11-03T10:00:26.734786,0.3,1762144225.789000,26,1,2152,FALSE,FALSE,FALSE,FALSE,
2138,2025-11-03T10:00:27.629578,2137.0,2025-11-03T10:00:27.735884,106.3,1762144227.635000,49,1,2154,2025-11-03T10:00:27.736199,0.3,1762144226.790000,26,1,2153,FALSE,FALSE,FALSE,FALSE,
2139,2025-11-03T10:00:28.629571,2138.0,2025-11-03T10:00:28.737419,107.8,1762144228.637000,48,1,2155,2025-11-03T10:00:28.737721,0.3,1762144227.792000,26,1,2154,FALSE,FALSE,FALSE,FALSE,
2140,2025-11-03T10:00:29.629571,2139.0,2025-11-03T10:00:29.739842,110.3,1762144229.638000,49,1,2156,2025-11-03T10:00:29.740620,0.8,1762144228.794000,26,1,2155,FALSE,FALSE,FALSE,FALSE,
2141,2025-11-03T10:00:30.629564,2140.0,2025-11-03T10:00:30.741363,111.8,1762144230.641000,50,1,2157,2025-11-03T10:00:30.741687,0.3,1762144229.796000,26,1,2156,FALSE,FALSE,FALSE,FALSE,
2142,2025-11-03T10:00:31.629567,2141.0,2025-11-03T10:00:31.742586,113.0,1762144231.642000,49,1,2158,2025-11-03T10:00:31.742952,0.4,1762144230.797000,26,1,2157,FALSE,FALSE,FALSE,FALSE,
2143,2025-11-03T10:00:32.629567,2142.0,2025-11-03T10:00:32.744210,114.6,1762144232.644000,48,1,2159,2025-11-03T10:00:32.744500,0.3,1762144231.799000,26,1,2158,FALSE,FALSE,FALSE,FALSE,
2144,2025-11-03T10:00:33.629569,2143.0,2025-11-03T10:00:33.745574,116.0,1762144233.645000,48,1,2160,2025-11-03T10:00:33.745880,0.3,1762144232.800000,26,1,2159,FALSE,FALSE,FALSE,FALSE,
2145,2025-11-03T10:00:34.629575,2144.0,2025-11-03T10:00:34.746881,117.3,1762144234.646000,49,1,2161,2025-11-03T10:00:34.747195,0.3,1762144233.802000,26,1,2160,FALSE,FALSE,FALSE,FALSE,
2146,2025-11-03T10:00:35.629578,2145.0,2025-11-03T10:00:35.748532,118.9,1762144235.648000,50,1,2162,2025-11-03T10:00:35.748855,0.3,1762144234.804000,26,1,2161,FALSE,FALSE,FALSE,FALSE,
2147,2025-11-03T10:00:36.629574,2146.0,2025-11-03T10:00:36.750206,120.6,1762144236.649000,49,1,2163,2025-11-03T10:00:36.750519,0.3,1762144235.805000,26,1,2162,FALSE,FALSE,FALSE,FALSE,
2148,2025-11-03T10:00:37.629575,2147.0,2025-11-03T10:00:37.751672,122.1,1762144237.651000,49,1,2164,2025-11-03T10:00:37.752078,0.4,1762144236.806000,25,1,2163,FALSE,FALSE,FALSE,FALSE,
2149,2025-11-03T10:00:38.629580,2148.0,2025-11-03T10:00:38.758246,128.7,1762144238.653000,49,1,2165,2025-11-03T10:00:38.758707,0.4,1762144237.809000,26,1,2164,FALSE,FALSE,FALSE,FALSE,
2150,2025-11-03T10:00:39.629570,2149.0,2025-11-03T10:00:39.754372,124.8,1762144239.654000,49,1,2166,2025-11-03T10:00:39.754691,0.3,1762144238.810000,26,1,2165,FALSE,FALSE,FALSE,FALSE,
2151,2025-11-03T10:00:40.629570,2150.0,2025-11-03T10:00:40.755792,126.2,1762144240.655000,49,1,2167,2025-11-03T10:00:40.756114,0.3,1762144239.811000,27,1,2166,FALSE,FALSE,FALSE,FALSE,
2152,2025-11-03T10:00:41.629579,2151.0,2025-11-03T10:00:41.757247,127.7,1762144241.656000,48,1,2168,2025-11-03T10:00:41.757552,0.3,1762144240.813000,26,1,2167,FALSE,FALSE,FALSE,FALSE,
2153,2025-11-03T10:00:42.629573,2152.0,2025-11-03T10:00:42.758519,128.9,1762144242.658000,50,1,2169,2025-11-03T10:00:42.758834,0.3,1762144241.814000,26,1,2168,FALSE,FALSE,FALSE,FALSE,
2154,2025-11-03T10:00:43.629578,2153.0,2025-11-03T10:00:43.759948,130.4,1762144243.659000,48,1,2170,2025-11-03T10:00:43.760260,0.3,1762144242.816000,26,1,2169,FALSE,FALSE,FALSE,FALSE,
2155,2025-11-03T10:00:44.629576,2154.0,2025-11-03T10:00:44.761647,132.1,1762144244.661000,50,1,2171,2025-11-03T10:00:44.762017,0.4,1762144243.817000,26,1,2170,FALSE,FALSE,FALSE,FALSE,
2156,2025-11-03T10:00:45.629576,2155.0,2025-11-03T10:00:45.763256,133.7,1762144245.663000,48,1,2172,2025-11-03T10:00:45.763643,0.4,1762144244.819000,26,1,2171,FALSE,FALSE,FALSE,FALSE,
2157,2025-11-03T10:00:46.629574,2156.0,2025-11-03T10:00:46.764637,135.1,1762144246.664000,49,1,2173,2025-11-03T10:00:46.764948,0.3,1762144245.820000,26,1,2172,FALSE,FALSE,FALSE,FALSE,
2158,2025-11-03T10:00:47.629571,2157.0,2025-11-03T10:00:47.876475,246.9,1762144247.665000,49,1,2174,2025-11-03T10:00:47.876786,0.3,1762144246.821000,26,1,2173,FALSE,FALSE,FALSE,FALSE,
2159,2025-11-03T10:00:48.629551,2158.0,2025-11-03T10:00:48.767064,137.5,1762144248.667000,51,1,2175,2025-11-03T10:00:48.767272,0.2,1762144247.923000,29,2,"2174,2175",FALSE,TRUE,FALSE,FALSE,"Multi-ECG:2174,2175"
2160,2025-11-03T10:00:49.629556,2159.0,2025-11-03T10:00:49.768205,138.6,1762144249.668000,50,1,2176,2025-11-03T10:00:49.768388,0.2,1762144248.824000,23,0,,FALSE,FALSE,FALSE,FALSE,
2161,2025-11-03T10:00:50.629556,2160.0,2025-11-03T10:00:50.769288,139.7,1762144250.669000,51,1,2177,2025-11-03T10:00:50.769502,0.2,1762144249.825000,26,1,2176,FALSE,FALSE,FALSE,FALSE,
2162,2025-11-03T10:00:51.629549,2161.0,2025-11-03T10:00:51.771362,141.8,1762144251.670000,50,1,2178,2025-11-03T10:00:51.771557,0.2,1762144250.826000,26,1,2177,FALSE,FALSE,FALSE,FALSE,
2163,2025-11-03T10:00:52.629615,2162.0,2025-11-03T10:00:52.772394,142.8,1762144252.672000,50,1,2179,2025-11-03T10:00:52.772593,0.2,1762144251.827000,26,1,2178,FALSE,FALSE,FALSE,FALSE,
2164,2025-11-03T10:00:53.629572,2163.0,2025-11-03T10:00:53.773791,144.2,1762144253.674000,49,1,2180,2025-11-03T10:00:53.774173,0.4,1762144252.829000,26,1,2179,FALSE,FALSE,FALSE,FALSE,
2165,2025-11-03T10:00:54.629581,2164.0,2025-11-03T10:00:54.775894,146.3,1762144254.675000,49,1,2181,2025-11-03T10:00:54.776316,0.4,1762144253.830000,26,1,2180,FALSE,FALSE,FALSE,FALSE,
2166,2025-11-03T10:00:55.629577,2165.0,2025-11-03T10:00:55.777344,147.8,1762144255.677000,48,1,2182,2025-11-03T10:00:55.777646,0.3,1762144254.831000,26,1,2181,FALSE,FALSE,FALSE,FALSE,
2167,2025-11-03T10:00:56.629574,2166.0,2025-11-03T10:00:56.778747,149.2,1762144256.679000,50,1,2183,2025-11-03T10:00:56.779067,0.3,1762144255.834000,26,1,2182,FALSE,FALSE,FALSE,FALSE,
2168,2025-11-03T10:00:57.629581,2167.0,2025-11-03T10:00:57.780225,150.6,1762144257.680000,50,1,2184,2025-11-03T10:00:57.780510,0.3,1762144256.835000,26,1,2183,FALSE,FALSE,FALSE,FALSE,
2169,2025-11-03T10:00:58.629569,2168.0,2025-11-03T10:00:58.781640,152.1,1762144258.681000,49,1,2185,2025-11-03T10:00:58.782054,0.4,1762144257.837000,26,1,2184,FALSE,FALSE,FALSE,FALSE,
2170,2025-11-03T10:00:59.629572,2169.0,2025-11-03T10:00:59.783422,153.8,1762144259.683000,49,1,2186,2025-11-03T10:00:59.784083,0.6,1762144258.838000,26,1,2185,FALSE,FALSE,FALSE,FALSE,
2171,2025-11-03T10:01:00.629569,2170.0,2025-11-03T10:01:00.784916,155.3,1762144260.684000,49,1,2187,2025-11-03T10:01:00.785261,0.3,1762144259.840000,26,1,2186,FALSE,FALSE,FALSE,FALSE,
2172,2025-11-03T10:01:01.629574,2171.0,2025-11-03T10:01:01.786770,157.2,1762144261.686000,50,1,2188,2025-11-03T10:01:01.787116,0.3,1762144260.842000,26,1,2187,FALSE,FALSE,FALSE,FALSE,
2173,2025-11-03T10:01:02.629579,2172.0,2025-11-03T10:01:02.788333,158.7,1762144262.688000,48,1,2189,2025-11-03T10:01:02.788644,0.3,1762144261.844000,26,1,2188,FALSE,FALSE,FALSE,FALSE,
2174,2025-11-03T10:01:03.629574,2173.0,2025-11-03T10:01:03.792215,162.6,1762144263.690000,50,1,2190,2025-11-03T10:01:03.792584,0.4,1762144262.845000,26,1,2189,FALSE,FALSE,FALSE,FALSE,
2175,2025-11-03T10:01:04.629579,2174.0,2025-11-03T10:01:04.794085,164.5,1762144264.694000,49,1,2191,2025-11-03T10:01:04.794751,0.7,1762144263.848000,26,1,2190,FALSE,FALSE,FALSE,FALSE,
2176,2025-11-03T10:01:05.629578,2175.0,2025-11-03T10:01:05.796090,166.5,1762144265.694000,50,1,2192,2025-11-03T10:01:05.796379,0.3,1762144264.849000,26,1,2191,FALSE,FALSE,FALSE,FALSE,
2177,2025-11-03T10:01:06.629570,2176.0,2025-11-03T10:01:06.797671,168.1,1762144266.697000,49,1,2193,2025-11-03T10:01:06.797988,0.3,1762144265.852000,27,1,2192,FALSE,FALSE,FALSE,FALSE,
2178,2025-11-03T10:01:07.629576,2177.0,2025-11-03T10:01:07.799076,169.5,1762144267.698000,49,1,2194,2025-11-03T10:01:07.799471,0.4,1762144266.853000,26,1,2193,FALSE,FALSE,FALSE,FALSE,
2179,2025-11-03T10:01:08.629577,2178.0,2025-11-03T10:01:08.800414,170.8,1762144268.700000,49,1,2195,2025-11-03T10:01:08.800727,0.3,1762144267.854000,26,1,2194,FALSE,FALSE,FALSE,FALSE,
2180,2025-11-03T10:01:09.629578,2179.0,2025-11-03T10:01:09.801751,172.2,1762144269.702000,49,1,2196,2025-11-03T10:01:09.802168,0.4,1762144268.855000,26,1,2195,FALSE,FALSE,FALSE,FALSE,
2181,2025-11-03T10:01:10.629589,2180.0,2025-11-03T10:01:10.803222,173.6,1762144270.703000,50,1,2197,2025-11-03T10:01:10.803633,0.4,1762144269.857000,26,1,2196,FALSE,FALSE,FALSE,FALSE,
2182,2025-11-03T10:01:11.629572,2181.0,2025-11-03T10:01:11.804837,175.3,1762144271.704000,48,1,2198,2025-11-03T10:01:11.805142,0.3,1762144270.858000,26,1,2197,FALSE,FALSE,FALSE,FALSE,
2183,2025-11-03T10:01:12.629576,2182.0,2025-11-03T10:01:12.806321,176.7,1762144272.706000,51,1,2199,2025-11-03T10:01:12.806644,0.3,1762144271.859000,26,1,2198,FALSE,FALSE,FALSE,FALSE,
2184,2025-11-03T10:01:13.629576,2183.0,2025-11-03T10:01:13.807833,178.2,1762144273.707000,48,1,2200,2025-11-03T10:01:13.808486,0.6,1762144272.861000,26,1,2199,FALSE,FALSE,FALSE,FALSE,
2185,2025-11-03T10:01:14.629570,2184.0,2025-11-03T10:01:14.809228,179.7,1762144274.708000,50,1,2201,2025-11-03T10:01:14.809576,0.3,1762144273.862000,26,1,2200,FALSE,FALSE,FALSE,FALSE,
2186,2025-11-03T10:01:15.629581,2185.0,2025-11-03T10:01:15.810591,181.0,1762144275.711000,49,1,2202,2025-11-03T10:01:15.810893,0.3,1762144274.863000,26,1,2201,FALSE,FALSE,FALSE,FALSE,
2187,2025-11-03T10:01:16.629574,2186.0,2025-11-03T10:01:16.811970,182.4,1762144276.712000,50,1,2203,2025-11-03T10:01:16.812276,0.3,1762144275.865000,26,1,2202,FALSE,FALSE,FALSE,FALSE,
2188,2025-11-03T10:01:17.629575,2187.0,2025-11-03T10:01:17.813434,183.9,1762144277.713000,49,1,2204,2025-11-03T10:01:17.813764,0.3,1762144276.866000,26,1,2203,FALSE,FALSE,FALSE,FALSE,
2189,2025-11-03T10:01:18.629529,2188.0,2025-11-03T10:01:18.815081,185.5,1762144278.714000,50,1,2205,2025-11-03T10:01:18.815473,0.4,1762144277.868000,26,1,2204,FALSE,FALSE,FALSE,FALSE,
2190,2025-11-03T10:01:19.629574,2189.0,2025-11-03T10:01:19.816624,187.0,1762144279.716000,50,1,2206,2025-11-03T10:01:19.816968,0.3,1762144278.870000,26,1,2205,FALSE,FALSE,FALSE,FALSE,
2191,2025-11-03T10:01:20.629574,2190.0,2025-11-03T10:01:20.817956,188.4,1762144280.717000,48,1,2207,2025-11-03T10:01:20.818293,0.3,1762144279.871000,26,1,2206,FALSE,FALSE,FALSE,FALSE,
2192,2025-11-03T10:01:21.629579,2191.0,2025-11-03T10:01:21.819368,189.8,1762144281.719000,50,1,2208,2025-11-03T10:01:21.819702,0.3,1762144280.872000,26,1,2207,FALSE,FALSE,FALSE,FALSE,
2193,2025-11-03T10:01:22.629567,2192.0,2025-11-03T10:01:22.820991,191.4,1762144282.720000,50,1,2209,2025-11-03T10:01:22.821362,0.4,1762144281.873000,26,1,2208,FALSE,FALSE,FALSE,FALSE,
2194,2025-11-03T10:01:23.629569,2193.0,2025-11-03T10:01:23.821975,192.4,1762144283.722000,49,1,2210,2025-11-03T10:01:23.822297,0.3,1762144282.875000,26,1,2209,FALSE,FALSE,FALSE,FALSE,
2195,2025-11-03T10:01:24.629576,2194.0,2025-11-03T10:01:24.823230,193.6,1762144284.723000,49,1,2211,2025-11-03T10:01:24.823579,0.3,1762144283.876000,26,1,2210,FALSE,FALSE,FALSE,FALSE,
2196,2025-11-03T10:01:25.629552,2195.0,2025-11-03T10:01:25.824772,195.2,1762144285.724000,49,1,2212,2025-11-03T10:01:25.825126,0.3,1762144284.877000,26,1,2211,FALSE,FALSE,FALSE,FALSE,
2197,2025-11-03T10:01:26.629582,2196.0,2025-11-03T10:01:26.825849,196.3,1762144286.725000,50,1,2213,2025-11-03T10:01:26.826185,0.3,1762144285.880000,26,1,2212,FALSE,FALSE,FALSE,FALSE,
2198,2025-11-03T10:01:27.629568,2197.0,2025-11-03T10:01:27.827470,197.9,1762144287.727000,48,1,2214,2025-11-03T10:01:27.827798,0.3,1762144286.881000,26,1,2213,FALSE,FALSE,FALSE,FALSE,
2199,2025-11-03T10:01:28.629570,2198.0,2025-11-03T10:01:28.828748,199.2,1762144288.728000,49,1,2215,2025-11-03T10:01:28.829122,0.4,1762144287.882000,26,1,2214,FALSE,FALSE,FALSE,FALSE,
2200,2025-11-03T10:01:29.629579,2199.0,2025-11-03T10:01:29.830008,200.4,1762144289.730000,49,1,2216,2025-11-03T10:01:29.830329,0.3,1762144288.885000,26,1,2215,FALSE,FALSE,FALSE,FALSE,
2201,2025-11-03T10:01:30.629577,2200.0,2025-11-03T10:01:30.731225,101.6,1762144290.631000,45,1,2217,2025-11-03T10:01:30.731667,0.4,1762144289.886000,26,1,2216,FALSE,FALSE,FALSE,FALSE,
2202,2025-11-03T10:01:31.629574,2201.0,2025-11-03T10:01:31.732766,103.2,1762144291.632000,48,1,2218,2025-11-03T10:01:31.733118,0.3,1762144290.787000,24,1,2217,FALSE,FALSE,FALSE,FALSE,
2203,2025-11-03T10:01:32.629573,2202.0,2025-11-03T10:01:32.733736,104.2,1762144292.633000,48,1,2219,2025-11-03T10:01:32.734051,0.3,1762144291.789000,26,1,2218,FALSE,FALSE,FALSE,FALSE,
2204,2025-11-03T10:01:33.629574,2203.0,2025-11-03T10:01:33.734963,105.4,1762144293.634000,50,1,2220,2025-11-03T10:01:33.735260,0.3,1762144292.790000,26,1,2219,FALSE,FALSE,FALSE,FALSE,
2205,2025-11-03T10:01:34.629577,2204.0,2025-11-03T10:01:34.736234,106.6,1762144294.636000,48,1,2221,2025-11-03T10:01:34.736540,0.3,1762144293.791000,26,1,2220,FALSE,FALSE,FALSE,FALSE,
2206,2025-11-03T10:01:35.629573,2205.0,2025-11-03T10:01:35.737545,108.0,1762144295.637000,49,1,2222,2025-11-03T10:01:35.737848,0.3,1762144294.792000,26,1,2221,FALSE,FALSE,FALSE,FALSE,
2207,2025-11-03T10:01:36.629574,2206.0,2025-11-03T10:01:36.739086,109.5,1762144296.638000,49,1,2223,2025-11-03T10:01:36.739446,0.3,1762144295.793000,26,1,2222,FALSE,FALSE,FALSE,FALSE,
2208,2025-11-03T10:01:37.629576,2207.0,2025-11-03T10:01:37.740645,111.1,1762144297.640000,50,1,2224,2025-11-03T10:01:37.740958,0.3,1762144296.795000,26,1,2223,FALSE,FALSE,FALSE,FALSE,
2209,2025-11-03T10:01:38.629575,2208.0,2025-11-03T10:01:38.742170,112.6,1762144298.642000,49,1,2225,2025-11-03T10:01:38.742474,0.3,1762144297.797000,26,1,2224,FALSE,FALSE,FALSE,FALSE,
2210,2025-11-03T10:01:39.629583,2209.0,2025-11-03T10:01:39.744257,114.7,1762144299.643000,48,1,2226,2025-11-03T10:01:39.744570,0.3,1762144298.798000,26,1,2225,FALSE,FALSE,FALSE,FALSE,
2211,2025-11-03T10:01:40.629579,2210.0,2025-11-03T10:01:40.746153,116.6,1762144300.645000,50,1,2227,2025-11-03T10:01:40.746515,0.3,1762144299.800000,26,1,2226,FALSE,FALSE,FALSE,FALSE,
2212,2025-11-03T10:01:41.629575,2211.0,2025-11-03T10:01:41.747700,118.1,1762144301.647000,49,1,2228,2025-11-03T10:01:41.748003,0.3,1762144300.801000,26,1,2227,FALSE,FALSE,FALSE,FALSE,
2213,2025-11-03T10:01:42.629580,2212.0,2025-11-03T10:01:42.748781,119.2,1762144302.648000,49,1,2229,2025-11-03T10:01:42.749113,0.3,1762144301.802000,26,1,2228,FALSE,FALSE,FALSE,FALSE,
2214,2025-11-03T10:01:43.629578,2213.0,2025-11-03T10:01:43.750145,120.6,1762144303.650000,49,1,2230,2025-11-03T10:01:43.750485,0.3,1762144302.804000,26,1,2229,FALSE,FALSE,FALSE,FALSE,
2215,2025-11-03T10:01:44.629569,2214.0,2025-11-03T10:01:44.751645,122.1,1762144304.651000,49,1,2231,2025-11-03T10:01:44.752043,0.4,1762144303.805000,26,1,2230,FALSE,FALSE,FALSE,FALSE,
2216,2025-11-03T10:01:45.629577,2215.0,2025-11-03T10:01:45.753107,123.5,1762144305.653000,50,1,2232,2025-11-03T10:01:45.753464,0.3,1762144304.806000,26,1,2231,FALSE,FALSE,FALSE,FALSE,
2217,2025-11-03T10:01:46.629575,2216.0,2025-11-03T10:01:46.754952,125.4,1762144306.654000,48,1,2233,2025-11-03T10:01:46.755264,0.3,1762144305.808000,25,1,2232,FALSE,FALSE,FALSE,FALSE,
2218,2025-11-03T10:01:47.629576,2217.0,2025-11-03T10:01:47.756405,126.8,1762144307.655000,46,1,2234,2025-11-03T10:01:47.756750,0.3,1762144306.809000,27,1,2233,FALSE,FALSE,FALSE,FALSE,
2219,2025-11-03T10:01:48.629574,2218.0,2025-11-03T10:01:48.758174,128.6,1762144308.657000,49,1,2235,2025-11-03T10:01:48.758490,0.3,1762144307.811000,26,1,2234,FALSE,FALSE,FALSE,FALSE,
2220,2025-11-03T10:01:49.629571,2219.0,2025-11-03T10:01:49.760809,131.2,1762144309.660000,49,1,2236,2025-11-03T10:01:49.761216,0.4,1762144308.813000,26,1,2235,FALSE,FALSE,FALSE,FALSE,
2221,2025-11-03T10:01:50.629581,2220.0,2025-11-03T10:01:50.761815,132.2,1762144310.661000,50,1,2237,2025-11-03T10:01:50.762133,0.3,1762144309.814000,26,1,2236,FALSE,FALSE,FALSE,FALSE,
2222,2025-11-03T10:01:51.629567,2221.0,2025-11-03T10:01:51.764100,134.5,1762144311.663000,49,1,2238,2025-11-03T10:01:51.764468,0.4,1762144310.816000,26,1,2237,FALSE,FALSE,FALSE,FALSE,
2223,2025-11-03T10:01:52.629569,2222.0,2025-11-03T10:01:52.765625,136.1,1762144312.665000,49,1,2239,2025-11-03T10:01:52.765954,0.3,1762144311.818000,26,1,2238,FALSE,FALSE,FALSE,FALSE,
2224,2025-11-03T10:01:53.629570,2223.0,2025-11-03T10:01:53.767088,137.5,1762144313.666000,50,1,2240,2025-11-03T10:01:53.767489,0.4,1762144312.820000,26,1,2239,FALSE,FALSE,FALSE,FALSE,
2225,2025-11-03T10:01:54.629567,2224.0,2025-11-03T10:01:54.768387,138.8,1762144314.668000,49,1,2241,2025-11-03T10:01:54.768718,0.3,1762144313.822000,26,1,2240,FALSE,FALSE,FALSE,FALSE,
2226,2025-11-03T10:01:55.629574,2225.0,2025-11-03T10:01:55.769569,140.0,1762144315.669000,49,1,2242,2025-11-03T10:01:55.769899,0.3,1762144314.824000,26,1,2241,FALSE,FALSE,FALSE,FALSE,
2227,2025-11-03T10:01:56.629570,2226.0,2025-11-03T10:01:56.770731,141.2,1762144316.670000,49,1,2243,2025-11-03T10:01:56.771080,0.3,1762144315.826000,26,1,2242,FALSE,FALSE,FALSE,FALSE,
2228,2025-11-03T10:01:57.629569,2227.0,2025-11-03T10:01:57.772319,142.7,1762144317.672000,49,1,2244,2025-11-03T10:01:57.772700,0.4,1762144316.827000,26,1,2243,FALSE,FALSE,FALSE,FALSE,
2229,2025-11-03T10:01:58.629573,2228.0,2025-11-03T10:01:58.773560,144.0,1762144318.673000,49,1,2245,2025-11-03T10:01:58.773874,0.3,1762144317.829000,26,1,2244,FALSE,FALSE,FALSE,FALSE,
2230,2025-11-03T10:01:59.629571,2229.0,2025-11-03T10:01:59.774722,145.1,1762144319.674000,47,1,2246,2025-11-03T10:01:59.775031,0.3,1762144318.831000,26,1,2245,FALSE,FALSE,FALSE,FALSE,
2231,2025-11-03T10:02:00.629572,2230.0,2025-11-03T10:02:00.775979,146.4,1762144320.675000,48,1,2247,2025-11-03T10:02:00.776289,0.3,1762144319.833000,26,1,2246,FALSE,FALSE,FALSE,FALSE,
2232,2025-11-03T10:02:01.629577,2231.0,2025-11-03T10:02:01.777274,147.7,1762144321.677000,49,1,2248,2025-11-03T10:02:01.777583,0.3,1762144320.834000,26,1,2247,FALSE,FALSE,FALSE,FALSE,
2233,2025-11-03T10:02:02.629613,2232.0,2025-11-03T10:02:02.778448,148.8,1762144322.678000,49,1,2249,2025-11-03T10:02:02.778791,0.3,1762144321.836000,26,1,2248,FALSE,FALSE,FALSE,FALSE,
2234,2025-11-03T10:02:03.629571,2233.0,2025-11-03T10:02:03.779800,150.2,1762144323.680000,50,1,2250,2025-11-03T10:02:03.780128,0.3,1762144322.837000,26,1,2249,FALSE,FALSE,FALSE,FALSE,
2235,2025-11-03T10:02:04.629574,2234.0,2025-11-03T10:02:04.781340,151.8,1762144324.680000,48,1,2251,2025-11-03T10:02:04.781649,0.3,1762144323.838000,26,1,2250,FALSE,FALSE,FALSE,FALSE,
2236,2025-11-03T10:02:05.629569,2235.0,2025-11-03T10:02:05.783602,154.0,1762144325.683000,48,1,2252,2025-11-03T10:02:05.783923,0.3,1762144324.840000,26,1,2251,FALSE,FALSE,FALSE,FALSE,
2237,2025-11-03T10:02:06.629572,2236.0,2025-11-03T10:02:06.786011,156.4,1762144326.685000,50,1,2253,2025-11-03T10:02:06.786608,0.6,1762144325.841000,26,1,2252,FALSE,FALSE,FALSE,FALSE,
2238,2025-11-03T10:02:07.629571,2237.0,2025-11-03T10:02:07.788613,159.0,1762144327.688000,50,1,2254,2025-11-03T10:02:07.789073,0.4,1762144326.843000,26,1,2253,FALSE,FALSE,FALSE,FALSE,
2239,2025-11-03T10:02:08.629572,2238.0,2025-11-03T10:02:08.790661,161.1,1762144328.690000,49,1,2255,2025-11-03T10:02:08.791022,0.3,1762144327.845000,26,1,2254,FALSE,FALSE,FALSE,FALSE,
2240,2025-11-03T10:02:09.629572,2239.0,2025-11-03T10:02:09.792695,163.1,1762144329.692000,50,1,2256,2025-11-03T10:02:09.793020,0.3,1762144328.846000,26,1,2255,FALSE,FALSE,FALSE,FALSE,
2241,2025-11-03T10:02:10.629633,2240.0,2025-11-03T10:02:10.794267,164.6,1762144330.694000,49,1,2257,2025-11-03T10:02:10.794652,0.4,1762144329.847000,27,1,2256,FALSE,FALSE,FALSE,FALSE,
2242,2025-11-03T10:02:11.629572,2241.0,2025-11-03T10:02:11.795524,165.9,1762144331.695000,49,1,2258,2025-11-03T10:02:11.795867,0.3,1762144330.849000,26,1,2257,FALSE,FALSE,FALSE,FALSE,
2243,2025-11-03T10:02:12.629570,2242.0,2025-11-03T10:02:12.796776,167.2,1762144332.697000,50,1,2259,2025-11-03T10:02:12.797089,0.3,1762144331.850000,26,1,2258,FALSE,FALSE,FALSE,FALSE,
2244,2025-11-03T10:02:13.629573,2243.0,2025-11-03T10:02:13.798085,168.5,1762144333.697000,49,1,2260,2025-11-03T10:02:13.798384,0.3,1762144332.851000,26,1,2259,FALSE,FALSE,FALSE,FALSE,
2245,2025-11-03T10:02:14.629578,2244.0,2025-11-03T10:02:14.799479,169.9,1762144334.699000,49,1,2261,2025-11-03T10:02:14.799812,0.3,1762144333.853000,26,1,2260,FALSE,FALSE,FALSE,FALSE,
2246,2025-11-03T10:02:15.629577,2245.0,2025-11-03T10:02:15.801881,172.3,1762144335.701000,50,1,2262,2025-11-03T10:02:15.802461,0.6,1762144334.854000,26,1,2261,FALSE,FALSE,FALSE,FALSE,
2247,2025-11-03T10:02:16.629573,2246.0,2025-11-03T10:02:16.804435,174.9,1762144336.704000,50,1,2263,2025-11-03T10:02:16.804748,0.3,1762144335.856000,26,1,2262,FALSE,FALSE,FALSE,FALSE,
2248,2025-11-03T10:02:17.629570,2247.0,2025-11-03T10:02:17.806021,176.4,1762144337.705000,48,1,2264,2025-11-03T10:02:17.806340,0.3,1762144336.857000,26,1,2263,FALSE,FALSE,FALSE,FALSE,
2249,2025-11-03T10:02:18.629572,2248.0,2025-11-03T10:02:18.807577,178.0,1762144338.707000,50,1,2265,2025-11-03T10:02:18.807910,0.3,1762144337.859000,26,1,2264,FALSE,FALSE,FALSE,FALSE,
2250,2025-11-03T10:02:19.629572,2249.0,2025-11-03T10:02:19.809247,179.7,1762144339.709000,49,1,2266,2025-11-03T10:02:19.809565,0.3,1762144338.861000,26,1,2265,FALSE,FALSE,FALSE,FALSE,
2251,2025-11-03T10:02:20.629577,2250.0,2025-11-03T10:02:20.810489,180.9,1762144340.710000,49,1,2267,2025-11-03T10:02:20.810810,0.3,1762144339.862000,26,1,2266,FALSE,FALSE,FALSE,FALSE,
2252,2025-11-03T10:02:21.629571,2251.0,2025-11-03T10:02:21.811961,182.4,1762144341.711000,49,1,2268,2025-11-03T10:02:21.812289,0.3,1762144340.863000,26,1,2267,FALSE,FALSE,FALSE,FALSE,
2253,2025-11-03T10:02:22.629577,2252.0,2025-11-03T10:02:22.813129,183.5,1762144342.713000,49,1,2269,2025-11-03T10:02:22.813440,0.3,1762144341.865000,26,1,2268,FALSE,FALSE,FALSE,FALSE,
2254,2025-11-03T10:02:23.629571,2253.0,2025-11-03T10:02:23.814363,184.8,1762144343.714000,50,1,2270,2025-11-03T10:02:23.814666,0.3,1762144342.866000,26,1,2269,FALSE,FALSE,FALSE,FALSE,
2255,2025-11-03T10:02:24.629576,2254.0,2025-11-03T10:02:24.816077,186.5,1762144344.715000,50,1,2271,2025-11-03T10:02:24.816431,0.3,1762144343.868000,26,1,2270,FALSE,FALSE,FALSE,FALSE,
2256,2025-11-03T10:02:25.629570,2255.0,2025-11-03T10:02:25.817213,187.6,1762144345.716000,48,1,2272,2025-11-03T10:02:25.817577,0.3,1762144344.869000,26,1,2271,FALSE,FALSE,FALSE,FALSE,
2257,2025-11-03T10:02:26.629573,2256.0,2025-11-03T10:02:26.818734,189.2,1762144346.718000,48,1,2273,2025-11-03T10:02:26.819033,0.3,1762144345.871000,26,1,2272,FALSE,FALSE,FALSE,FALSE,
2258,2025-11-03T10:02:27.629569,2257.0,2025-11-03T10:02:27.820100,190.5,1762144347.719000,50,1,2274,2025-11-03T10:02:27.820386,0.3,1762144346.872000,26,1,2273,FALSE,FALSE,FALSE,FALSE,
2259,2025-11-03T10:02:28.629571,2258.0,2025-11-03T10:02:28.821402,191.8,1762144348.721000,48,1,2275,2025-11-03T10:02:28.821708,0.3,1762144347.873000,26,1,2274,FALSE,FALSE,FALSE,FALSE,
2260,2025-11-03T10:02:29.629578,2259.0,2025-11-03T10:02:29.822873,193.3,1762144349.722000,48,1,2276,2025-11-03T10:02:29.823196,0.3,1762144348.875000,26,1,2275,FALSE,FALSE,FALSE,FALSE,
2261,2025-11-03T10:02:30.629574,2260.0,2025-11-03T10:02:30.824325,194.7,1762144350.724000,49,1,2277,2025-11-03T10:02:30.824620,0.3,1762144349.876000,26,1,2276,FALSE,FALSE,FALSE,FALSE,
2262,2025-11-03T10:02:31.629578,2261.0,2025-11-03T10:02:31.825788,196.2,1762144351.725000,49,1,2278,2025-11-03T10:02:31.826098,0.3,1762144350.877000,26,1,2277,FALSE,FALSE,FALSE,FALSE,
2263,2025-11-03T10:02:32.629580,2262.0,2025-11-03T10:02:32.827475,197.9,1762144352.727000,49,1,2279,2025-11-03T10:02:32.827777,0.3,1762144351.878000,26,1,2278,FALSE,FALSE,FALSE,FALSE,
2264,2025-11-03T10:02:33.629572,2263.0,2025-11-03T10:02:33.834026,204.5,1762144353.728000,49,1,2280,2025-11-03T10:02:33.834470,0.4,1762144352.880000,26,1,2279,FALSE,FALSE,FALSE,FALSE,
2265,2025-11-03T10:02:34.629568,2264.0,2025-11-03T10:02:34.830123,200.6,1762144354.730000,49,1,2281,2025-11-03T10:02:34.830442,0.3,1762144353.881000,26,1,2280,FALSE,FALSE,FALSE,FALSE,
2266,2025-11-03T10:02:35.629572,2265.0,2025-11-03T10:02:35.731150,101.6,1762144355.630000,45,1,2282,2025-11-03T10:02:35.731569,0.4,1762144354.882000,26,1,2281,FALSE,FALSE,FALSE,FALSE,
2267,2025-11-03T10:02:36.629573,2266.0,2025-11-03T10:02:36.733293,103.7,1762144356.632000,48,1,2283,2025-11-03T10:02:36.733584,0.3,1762144355.783000,24,1,2282,FALSE,FALSE,FALSE,FALSE,
2268,2025-11-03T10:02:37.629576,2267.0,2025-11-03T10:02:37.735619,106.0,1762144357.634000,47,1,2284,2025-11-03T10:02:37.735944,0.3,1762144356.785000,26,1,2283,FALSE,FALSE,FALSE,FALSE,
2269,2025-11-03T10:02:38.629580,2268.0,2025-11-03T10:02:38.737420,107.8,1762144358.636000,48,1,2285,2025-11-03T10:02:38.737730,0.3,1762144357.786000,26,1,2284,FALSE,FALSE,FALSE,FALSE,
2270,2025-11-03T10:02:39.629582,2269.0,2025-11-03T10:02:39.739767,110.2,1762144359.639000,51,1,2286,2025-11-03T10:02:39.740061,0.3,1762144358.788000,26,1,2285,FALSE,FALSE,FALSE,FALSE,
2271,2025-11-03T10:02:40.629577,2270.0,2025-11-03T10:02:40.741137,111.6,1762144360.641000,49,1,2287,2025-11-03T10:02:40.741453,0.3,1762144359.788000,26,1,2286,FALSE,FALSE,FALSE,FALSE,
2272,2025-11-03T10:02:41.629582,2271.0,2025-11-03T10:02:41.742858,113.3,1762144361.642000,49,1,2288,2025-11-03T10:02:41.743157,0.3,1762144360.790000,26,1,2287,FALSE,FALSE,FALSE,FALSE,
2273,2025-11-03T10:02:42.629574,2272.0,2025-11-03T10:02:42.744518,114.9,1762144362.644000,49,1,2289,2025-11-03T10:02:42.744863,0.3,1762144361.791000,26,1,2288,FALSE,FALSE,FALSE,FALSE,
2274,2025-11-03T10:02:43.629576,2273.0,2025-11-03T10:02:43.746706,117.1,1762144363.645000,48,1,2290,2025-11-03T10:02:43.746997,0.3,1762144362.793000,26,1,2289,FALSE,FALSE,FALSE,FALSE,
2275,2025-11-03T10:02:44.629574,2274.0,2025-11-03T10:02:44.748067,118.5,1762144364.648000,49,1,2291,2025-11-03T10:02:44.748363,0.3,1762144363.794000,26,1,2290,FALSE,FALSE,FALSE,FALSE,
2276,2025-11-03T10:02:45.629574,2275.0,2025-11-03T10:02:45.749370,119.8,1762144365.649000,49,1,2292,2025-11-03T10:02:45.749678,0.3,1762144364.795000,26,1,2291,FALSE,FALSE,FALSE,FALSE,
2277,2025-11-03T10:02:46.629571,2276.0,2025-11-03T10:02:46.750647,121.1,1762144366.650000,49,1,2293,2025-11-03T10:02:46.750964,0.3,1762144365.797000,26,1,2292,FALSE,FALSE,FALSE,FALSE,
2278,2025-11-03T10:02:47.629578,2277.0,2025-11-03T10:02:47.752031,122.4,1762144367.652000,49,1,2294,2025-11-03T10:02:47.752344,0.3,1762144366.799000,26,1,2293,FALSE,FALSE,FALSE,FALSE,
2279,2025-11-03T10:02:48.629572,2278.0,2025-11-03T10:02:48.753274,123.7,1762144368.652000,49,1,2295,2025-11-03T10:02:48.753566,0.3,1762144367.800000,26,1,2294,FALSE,FALSE,FALSE,FALSE,
2280,2025-11-03T10:02:49.629576,2279.0,2025-11-03T10:02:49.754598,125.0,1762144369.654000,50,1,2296,2025-11-03T10:02:49.754920,0.3,1762144368.802000,26,1,2295,FALSE,FALSE,FALSE,FALSE,
2281,2025-11-03T10:02:50.629572,2280.0,2025-11-03T10:02:50.755828,126.3,1762144370.655000,49,1,2297,2025-11-03T10:02:50.756166,0.3,1762144369.803000,26,1,2296,FALSE,FALSE,FALSE,FALSE,
2282,2025-11-03T10:02:51.629579,2281.0,2025-11-03T10:02:51.757700,128.1,1762144371.656000,50,1,2298,2025-11-03T10:02:51.758055,0.3,1762144370.804000,26,1,2297,FALSE,FALSE,FALSE,FALSE,
2283,2025-11-03T10:02:52.629577,2282.0,2025-11-03T10:02:52.758872,129.3,1762144372.659000,48,1,2299,2025-11-03T10:02:52.759176,0.3,1762144371.806000,27,1,2298,FALSE,FALSE,FALSE,FALSE,
2284,2025-11-03T10:02:53.629574,2283.0,2025-11-03T10:02:53.760178,130.6,1762144373.660000,50,1,2300,2025-11-03T10:02:53.760482,0.3,1762144372.807000,26,1,2299,FALSE,FALSE,FALSE,FALSE,
2285,2025-11-03T10:02:54.629574,2284.0,2025-11-03T10:02:54.761541,132.0,1762144374.661000,48,1,2301,2025-11-03T10:02:54.761999,0.4,1762144373.809000,26,1,2300,FALSE,FALSE,FALSE,FALSE,
2286,2025-11-03T10:02:55.629571,2285.0,2025-11-03T10:02:55.762808,133.2,1762144375.662000,49,1,2302,2025-11-03T10:02:55.763137,0.3,1762144374.810000,26,1,2301,FALSE,FALSE,FALSE,FALSE,
2287,2025-11-03T10:02:56.629575,2286.0,2025-11-03T10:02:56.764062,134.5,1762144376.663000,50,1,2303,2025-11-03T10:02:56.764394,0.3,1762144375.811000,26,1,2302,FALSE,FALSE,FALSE,FALSE,
2288,2025-11-03T10:02:57.629571,2287.0,2025-11-03T10:02:57.766382,136.8,1762144377.665000,48,1,2304,2025-11-03T10:02:57.766658,0.3,1762144376.813000,26,1,2303,FALSE,FALSE,FALSE,FALSE,
2289,2025-11-03T10:02:58.629571,2288.0,2025-11-03T10:02:58.768312,138.7,1762144378.668000,50,1,2305,2025-11-03T10:02:58.768654,0.3,1762144377.814000,26,1,2304,FALSE,FALSE,FALSE,FALSE,
2290,2025-11-03T10:02:59.629579,2289.0,2025-11-03T10:02:59.769993,140.4,1762144379.669000,50,1,2306,2025-11-03T10:02:59.770278,0.3,1762144378.816000,26,1,2305,FALSE,FALSE,FALSE,FALSE,
2291,2025-11-03T10:03:00.629578,2290.0,2025-11-03T10:03:00.772115,142.5,1762144380.671000,50,1,2307,2025-11-03T10:03:00.772493,0.4,1762144379.817000,26,1,2306,FALSE,FALSE,FALSE,FALSE,
2292,2025-11-03T10:03:01.629582,2291.0,2025-11-03T10:03:01.773340,143.8,1762144381.673000,49,1,2308,2025-11-03T10:03:01.773709,0.4,1762144380.818000,26,1,2307,FALSE,FALSE,FALSE,FALSE,
2293,2025-11-03T10:03:02.629610,2292.0,2025-11-03T10:03:02.775053,145.4,1762144382.674000,49,1,2309,2025-11-03T10:03:02.775409,0.3,1762144381.819000,26,1,2308,FALSE,FALSE,FALSE,FALSE,
2294,2025-11-03T10:03:03.629568,2293.0,2025-11-03T10:03:03.777168,147.6,1762144383.676000,48,1,2310,2025-11-03T10:03:03.777531,0.3,1762144382.820000,26,1,2309,FALSE,FALSE,FALSE,FALSE,
2295,2025-11-03T10:03:04.629568,2294.0,2025-11-03T10:03:04.778899,149.3,1762144384.679000,50,1,2311,2025-11-03T10:03:04.779228,0.3,1762144383.822000,26,1,2310,FALSE,FALSE,FALSE,FALSE,
2296,2025-11-03T10:03:05.629580,2295.0,2025-11-03T10:03:05.780696,151.1,1762144385.680000,48,1,2312,2025-11-03T10:03:05.781014,0.3,1762144384.824000,26,1,2311,FALSE,FALSE,FALSE,FALSE,
2297,2025-11-03T10:03:06.629563,2296.0,2025-11-03T10:03:06.782780,153.2,1762144386.682000,49,1,2313,2025-11-03T10:03:06.783084,0.3,1762144385.825000,26,1,2312,FALSE,FALSE,FALSE,FALSE,
2298,2025-11-03T10:03:07.629570,2297.0,2025-11-03T10:03:07.784067,154.5,1762144387.683000,50,1,2314,2025-11-03T10:03:07.784359,0.3,1762144386.826000,26,1,2313,FALSE,FALSE,FALSE,FALSE,
2299,2025-11-03T10:03:08.629568,2298.0,2025-11-03T10:03:08.785397,155.8,1762144388.685000,48,1,2315,2025-11-03T10:03:08.785701,0.3,1762144387.828000,26,1,2314,FALSE,FALSE,FALSE,FALSE,
2300,2025-11-03T10:03:09.629568,2299.0,2025-11-03T10:03:09.786693,157.1,1762144389.686000,48,1,2316,2025-11-03T10:03:09.787031,0.3,1762144388.829000,26,1,2315,FALSE,FALSE,FALSE,FALSE,
2301,2025-11-03T10:03:10.629568,2300.0,2025-11-03T10:03:10.788217,158.6,1762144390.687000,49,1,2317,2025-11-03T10:03:10.788512,0.3,1762144389.830000,26,1,2316,FALSE,FALSE,FALSE,FALSE,
2302,2025-11-03T10:03:11.629578,2301.0,2025-11-03T10:03:11.789566,160.0,1762144391.689000,49,1,2318,2025-11-03T10:03:11.789873,0.3,1762144390.832000,26,1,2317,FALSE,FALSE,FALSE,FALSE,
2303,2025-11-03T10:03:12.629570,2302.0,2025-11-03T10:03:12.792221,162.6,1762144392.692000,50,1,2319,2025-11-03T10:03:12.792521,0.3,1762144391.833000,26,1,2318,FALSE,FALSE,FALSE,FALSE,
2304,2025-11-03T10:03:13.629574,2303.0,2025-11-03T10:03:13.794576,165.0,1762144393.694000,49,1,2320,2025-11-03T10:03:13.794878,0.3,1762144392.834000,26,1,2319,FALSE,FALSE,FALSE,FALSE,
2305,2025-11-03T10:03:14.629578,2304.0,2025-11-03T10:03:14.796183,166.6,1762144394.696000,49,1,2321,2025-11-03T10:03:14.796552,0.4,1762144393.836000,26,1,2320,FALSE,FALSE,FALSE,FALSE,
2306,2025-11-03T10:03:15.629572,2305.0,2025-11-03T10:03:15.797852,168.3,1762144395.697000,48,1,2322,2025-11-03T10:03:15.798193,0.3,1762144394.837000,26,1,2321,FALSE,FALSE,FALSE,FALSE,
2307,2025-11-03T10:03:16.629570,2306.0,2025-11-03T10:03:16.799598,170.0,1762144396.699000,49,1,2323,2025-11-03T10:03:16.799952,0.3,1762144395.838000,26,1,2322,FALSE,FALSE,FALSE,FALSE,
2308,2025-11-03T10:03:17.629571,2307.0,2025-11-03T10:03:17.801189,171.6,1762144397.701000,49,1,2324,2025-11-03T10:03:17.801768,0.6,1762144396.839000,26,1,2323,FALSE,FALSE,FALSE,FALSE,
2309,2025-11-03T10:03:18.629575,2308.0,2025-11-03T10:03:18.802822,173.2,1762144398.702000,48,1,2325,2025-11-03T10:03:18.803128,0.3,1762144397.840000,26,1,2324,FALSE,FALSE,FALSE,FALSE,
2310,2025-11-03T10:03:19.629580,2309.0,2025-11-03T10:03:19.804366,174.8,1762144399.703000,48,1,2326,2025-11-03T10:03:19.804686,0.3,1762144398.842000,26,1,2325,FALSE,FALSE,FALSE,FALSE,
2311,2025-11-03T10:03:20.629575,2310.0,2025-11-03T10:03:20.805692,176.1,1762144400.705000,50,1,2327,2025-11-03T10:03:20.806010,0.3,1762144399.843000,26,1,2326,FALSE,FALSE,FALSE,FALSE,
2312,2025-11-03T10:03:21.629578,2311.0,2025-11-03T10:03:21.806885,177.3,1762144401.706000,49,1,2328,2025-11-03T10:03:21.807184,0.3,1762144400.845000,27,1,2327,FALSE,FALSE,FALSE,FALSE,
2313,2025-11-03T10:03:22.629576,2312.0,2025-11-03T10:03:22.808161,178.6,1762144402.707000,50,1,2329,2025-11-03T10:03:22.808484,0.3,1762144401.846000,26,1,2328,FALSE,FALSE,FALSE,FALSE,
2314,2025-11-03T10:03:23.629572,2313.0,2025-11-03T10:03:23.809561,180.0,1762144403.709000,48,1,2330,2025-11-03T10:03:23.809950,0.4,1762144402.847000,26,1,2329,FALSE,FALSE,FALSE,FALSE,
2315,2025-11-03T10:03:24.629574,2314.0,2025-11-03T10:03:24.811079,181.5,1762144404.711000,49,1,2331,2025-11-03T10:03:24.811429,0.3,1762144403.849000,26,1,2330,FALSE,FALSE,FALSE,FALSE,
2316,2025-11-03T10:03:25.629586,2315.0,2025-11-03T10:03:25.812339,182.7,1762144405.711000,50,1,2332,2025-11-03T10:03:25.812655,0.3,1762144404.850000,26,1,2331,FALSE,FALSE,FALSE,FALSE,
2317,2025-11-03T10:03:26.629576,2316.0,2025-11-03T10:03:26.813749,184.2,1762144406.713000,49,1,2333,2025-11-03T10:03:26.814385,0.6,1762144405.852000,26,1,2332,FALSE,FALSE,FALSE,FALSE,
2318,2025-11-03T10:03:27.629575,2317.0,2025-11-03T10:03:27.815074,185.5,1762144407.714000,49,1,2334,2025-11-03T10:03:27.815417,0.3,1762144406.854000,26,1,2333,FALSE,FALSE,FALSE,FALSE,
2319,2025-11-03T10:03:28.629574,2318.0,2025-11-03T10:03:28.816299,186.7,1762144408.715000,50,1,2335,2025-11-03T10:03:28.816611,0.3,1762144407.855000,26,1,2334,FALSE,FALSE,FALSE,FALSE,
2320,2025-11-03T10:03:29.629575,2319.0,2025-11-03T10:03:29.817664,188.1,1762144409.717000,50,1,2336,2025-11-03T10:03:29.817968,0.3,1762144408.856000,26,1,2335,FALSE,FALSE,FALSE,FALSE,
2321,2025-11-03T10:03:30.629570,2320.0,2025-11-03T10:03:30.818964,189.4,1762144410.718000,50,1,2337,2025-11-03T10:03:30.819280,0.3,1762144409.858000,26,1,2336,FALSE,FALSE,FALSE,FALSE,
2322,2025-11-03T10:03:31.629572,2321.0,2025-11-03T10:03:31.820344,190.8,1762144411.720000,49,1,2338,2025-11-03T10:03:31.820668,0.3,1762144410.860000,26,1,2337,FALSE,FALSE,FALSE,FALSE,
2323,2025-11-03T10:03:32.629570,2322.0,2025-11-03T10:03:32.822720,193.1,1762144412.721000,50,1,2339,2025-11-03T10:03:32.823022,0.3,1762144411.861000,26,1,2338,FALSE,FALSE,FALSE,FALSE,
2324,2025-11-03T10:03:33.629571,2323.0,2025-11-03T10:03:33.824228,194.7,1762144413.723000,49,1,2340,2025-11-03T10:03:33.824578,0.3,1762144412.863000,26,1,2339,FALSE,FALSE,FALSE,FALSE,
2325,2025-11-03T10:03:34.629570,2324.0,2025-11-03T10:03:34.825770,196.2,1762144414.725000,49,1,2341,2025-11-03T10:03:34.826079,0.3,1762144413.864000,26,1,2340,FALSE,FALSE,FALSE,FALSE,
2326,2025-11-03T10:03:35.629581,2325.0,2025-11-03T10:03:35.827364,197.8,1762144415.726000,50,1,2342,2025-11-03T10:03:35.827719,0.3,1762144414.865000,26,1,2341,FALSE,FALSE,FALSE,FALSE,
2327,2025-11-03T10:03:36.629579,2326.0,2025-11-03T10:03:36.828287,198.7,1762144416.727000,49,1,2343,2025-11-03T10:03:36.828656,0.4,1762144415.866000,26,1,2342,FALSE,FALSE,FALSE,FALSE,
2328,2025-11-03T10:03:37.629575,2327.0,2025-11-03T10:03:37.830668,201.1,1762144417.729000,49,1,2344,2025-11-03T10:03:37.831002,0.3,1762144416.868000,26,1,2343,FALSE,FALSE,FALSE,FALSE,
2329,2025-11-03T10:03:38.629575,2328.0,2025-11-03T10:03:38.732471,102.9,1762144418.632000,43,1,2345,2025-11-03T10:03:38.732937,0.5,1762144417.869000,26,1,2344,FALSE,FALSE,FALSE,FALSE,
2330,2025-11-03T10:03:39.629573,2329.0,2025-11-03T10:03:39.733909,104.3,1762144419.633000,50,1,2346,2025-11-03T10:03:39.734223,0.3,1762144418.770000,24,1,2345,FALSE,FALSE,FALSE,FALSE,
2331,2025-11-03T10:03:40.629580,2330.0,2025-11-03T10:03:40.735380,105.8,1762144420.634000,48,1,2347,2025-11-03T10:03:40.735693,0.3,1762144419.772000,26,1,2346,FALSE,FALSE,FALSE,FALSE,
2332,2025-11-03T10:03:41.629574,2331.0,2025-11-03T10:03:41.738044,108.5,1762144421.637000,49,1,2348,2025-11-03T10:03:41.738358,0.3,1762144420.773000,26,1,2347,FALSE,FALSE,FALSE,FALSE,
2333,2025-11-03T10:03:42.629570,2332.0,2025-11-03T10:03:42.739250,109.7,1762144422.639000,49,1,2349,2025-11-03T10:03:42.739662,0.4,1762144421.774000,26,1,2348,FALSE,FALSE,FALSE,FALSE,
2334,2025-11-03T10:03:43.629581,2333.0,2025-11-03T10:03:43.740791,111.2,1762144423.640000,49,1,2350,2025-11-03T10:03:43.741104,0.3,1762144422.776000,26,1,2349,FALSE,FALSE,FALSE,FALSE,
2335,2025-11-03T10:03:44.629573,2334.0,2025-11-03T10:03:44.742708,113.1,1762144424.642000,50,1,2351,2025-11-03T10:03:44.743063,0.3,1762144423.778000,26,1,2350,FALSE,FALSE,FALSE,FALSE,
2336,2025-11-03T10:03:45.629571,2335.0,2025-11-03T10:03:45.745419,115.8,1762144425.644000,50,1,2352,2025-11-03T10:03:45.745746,0.3,1762144424.780000,26,1,2351,FALSE,FALSE,FALSE,FALSE,
2337,2025-11-03T10:03:46.629568,2336.0,2025-11-03T10:03:46.747171,117.6,1762144426.646000,48,1,2353,2025-11-03T10:03:46.747543,0.4,1762144425.780000,26,1,2352,FALSE,FALSE,FALSE,FALSE,
2338,2025-11-03T10:03:47.629582,2337.0,2025-11-03T10:03:47.749260,119.7,1762144427.648000,50,1,2354,2025-11-03T10:03:47.749552,0.3,1762144426.782000,26,1,2353,FALSE,FALSE,FALSE,FALSE,
2339,2025-11-03T10:03:48.629579,2338.0,2025-11-03T10:03:48.750787,121.2,1762144428.650000,49,1,2355,2025-11-03T10:03:48.751125,0.3,1762144427.783000,26,1,2354,FALSE,FALSE,FALSE,FALSE,
2340,2025-11-03T10:03:49.629574,2339.0,2025-11-03T10:03:49.752096,122.5,1762144429.652000,50,1,2356,2025-11-03T10:03:49.752431,0.3,1762144428.785000,26,1,2355,FALSE,FALSE,FALSE,FALSE,
2341,2025-11-03T10:03:50.629579,2340.0,2025-11-03T10:03:50.753510,123.9,1762144430.653000,49,1,2357,2025-11-03T10:03:50.753833,0.3,1762144429.786000,26,1,2356,FALSE,FALSE,FALSE,FALSE,
2342,2025-11-03T10:03:51.629574,2341.0,2025-11-03T10:03:51.754905,125.3,1762144431.655000,50,1,2358,2025-11-03T10:03:51.755232,0.3,1762144430.787000,26,1,2357,FALSE,FALSE,FALSE,FALSE,
2343,2025-11-03T10:03:52.629579,2342.0,2025-11-03T10:03:52.756278,126.7,1762144432.656000,49,1,2359,2025-11-03T10:03:52.756596,0.3,1762144431.788000,26,1,2358,FALSE,FALSE,FALSE,FALSE,
2344,2025-11-03T10:03:53.629579,2343.0,2025-11-03T10:03:53.758047,128.5,1762144433.657000,48,1,2360,2025-11-03T10:03:53.758398,0.3,1762144432.790000,26,1,2359,FALSE,FALSE,FALSE,FALSE,
2345,2025-11-03T10:03:54.629579,2344.0,2025-11-03T10:03:54.759129,129.5,1762144434.658000,49,1,2361,2025-11-03T10:03:54.759516,0.4,1762144433.791000,26,1,2360,FALSE,FALSE,FALSE,FALSE,
2346,2025-11-03T10:03:55.629572,2345.0,2025-11-03T10:03:55.760673,131.1,1762144435.660000,51,1,2362,2025-11-03T10:03:55.761024,0.3,1762144434.793000,26,1,2361,FALSE,FALSE,FALSE,FALSE,
2347,2025-11-03T10:03:56.629572,2346.0,2025-11-03T10:03:56.762077,132.5,1762144436.661000,50,1,2363,2025-11-03T10:03:56.762400,0.3,1762144435.794000,26,1,2362,FALSE,FALSE,FALSE,FALSE,
2348,2025-11-03T10:03:57.629576,2347.0,2025-11-03T10:03:57.764868,135.3,1762144437.664000,49,1,2364,2025-11-03T10:03:57.765207,0.3,1762144436.796000,26,1,2363,FALSE,FALSE,FALSE,FALSE,
2349,2025-11-03T10:03:58.629574,2348.0,2025-11-03T10:03:58.766448,136.9,1762144438.666000,49,1,2365,2025-11-03T10:03:58.766770,0.3,1762144437.797000,26,1,2364,FALSE,FALSE,FALSE,FALSE,
2350,2025-11-03T10:03:59.629572,2349.0,2025-11-03T10:03:59.768000,138.4,1762144439.667000,50,1,2366,2025-11-03T10:03:59.768332,0.3,1762144438.798000,26,1,2365,FALSE,FALSE,FALSE,FALSE,
2351,2025-11-03T10:04:00.629576,2350.0,2025-11-03T10:04:00.769565,140.0,1762144440.668000,48,1,2367,2025-11-03T10:04:00.769890,0.3,1762144439.799000,26,1,2366,FALSE,FALSE,FALSE,FALSE,
2352,2025-11-03T10:04:01.629572,2351.0,2025-11-03T10:04:01.771092,141.5,1762144441.670000,49,1,2368,2025-11-03T10:04:01.771460,0.4,1762144440.800000,26,1,2367,FALSE,FALSE,FALSE,FALSE,
2353,2025-11-03T10:04:02.629571,2352.0,2025-11-03T10:04:02.772714,143.1,1762144442.672000,49,1,2369,2025-11-03T10:04:02.773090,0.4,1762144441.801000,26,1,2368,FALSE,FALSE,FALSE,FALSE,
2354,2025-11-03T10:04:03.629570,2353.0,2025-11-03T10:04:03.774103,144.5,1762144443.673000,48,1,2370,2025-11-03T10:04:03.774565,0.4,1762144442.803000,26,1,2369,FALSE,FALSE,FALSE,FALSE,
2355,2025-11-03T10:04:04.629574,2354.0,2025-11-03T10:04:04.776381,146.8,1762144444.676000,50,1,2371,2025-11-03T10:04:04.776842,0.4,1762144443.804000,27,1,2370,FALSE,FALSE,FALSE,FALSE,
2356,2025-11-03T10:04:05.629581,2355.0,2025-11-03T10:04:05.778404,148.8,1762144445.678000,48,1,2372,2025-11-03T10:04:05.778753,0.3,1762144444.805000,26,1,2371,FALSE,FALSE,FALSE,FALSE,
2357,2025-11-03T10:04:06.629577,2356.0,2025-11-03T10:04:06.780499,150.9,1762144446.680000,49,1,2373,2025-11-03T10:04:06.780821,0.3,1762144445.806000,26,1,2372,FALSE,FALSE,FALSE,FALSE,
2358,2025-11-03T10:04:07.629572,2357.0,2025-11-03T10:04:07.783232,153.7,1762144447.683000,49,1,2374,2025-11-03T10:04:07.783605,0.4,1762144446.808000,26,1,2373,FALSE,FALSE,FALSE,FALSE,
2359,2025-11-03T10:04:08.629577,2358.0,2025-11-03T10:04:08.784681,155.1,1762144448.684000,49,1,2375,2025-11-03T10:04:08.784998,0.3,1762144447.809000,26,1,2374,FALSE,FALSE,FALSE,FALSE,
2360,2025-11-03T10:04:09.629568,2359.0,2025-11-03T10:04:09.786061,156.5,1762144449.686000,49,1,2376,2025-11-03T10:04:09.786426,0.3,1762144448.810000,26,1,2375,FALSE,FALSE,FALSE,FALSE,
2361,2025-11-03T10:04:10.629568,2360.0,2025-11-03T10:04:10.787975,158.4,1762144450.688000,50,1,2377,2025-11-03T10:04:10.788330,0.3,1762144449.812000,25,1,2376,FALSE,FALSE,FALSE,FALSE,
2362,2025-11-03T10:04:11.629575,2361.0,2025-11-03T10:04:11.789737,160.2,1762144451.689000,49,1,2378,2025-11-03T10:04:11.790091,0.3,1762144450.813000,26,1,2377,FALSE,FALSE,FALSE,FALSE,
2363,2025-11-03T10:04:12.629574,2362.0,2025-11-03T10:04:12.790978,161.4,1762144452.690000,49,1,2379,2025-11-03T10:04:12.791355,0.4,1762144451.814000,26,1,2378,FALSE,FALSE,FALSE,FALSE,
2364,2025-11-03T10:04:13.629583,2363.0,2025-11-03T10:04:13.792344,162.8,1762144453.692000,49,1,2380,2025-11-03T10:04:13.792674,0.3,1762144452.816000,26,1,2379,FALSE,FALSE,FALSE,FALSE,
2365,2025-11-03T10:04:14.629570,2364.0,2025-11-03T10:04:14.794243,164.7,1762144454.694000,49,1,2381,2025-11-03T10:04:14.794590,0.3,1762144453.817000,26,1,2380,FALSE,FALSE,FALSE,FALSE,
2366,2025-11-03T10:04:15.629572,2365.0,2025-11-03T10:04:15.796136,166.6,1762144455.695000,49,1,2382,2025-11-03T10:04:15.796703,0.6,1762144454.819000,26,1,2381,FALSE,FALSE,FALSE,FALSE,
2367,2025-11-03T10:04:16.629574,2366.0,2025-11-03T10:04:16.797863,168.3,1762144456.697000,50,1,2383,2025-11-03T10:04:16.798314,0.4,1762144455.820000,26,1,2382,FALSE,FALSE,FALSE,FALSE,
2368,2025-11-03T10:04:17.629579,2367.0,2025-11-03T10:04:17.799174,169.6,1762144457.698000,49,1,2384,2025-11-03T10:04:17.799550,0.4,1762144456.821000,26,1,2383,FALSE,FALSE,FALSE,FALSE,
2369,2025-11-03T10:04:18.629573,2368.0,2025-11-03T10:04:18.800981,171.4,1762144458.700000,49,1,2385,2025-11-03T10:04:18.801440,0.4,1762144457.823000,26,1,2384,FALSE,FALSE,FALSE,FALSE,
2370,2025-11-03T10:04:19.629578,2369.0,2025-11-03T10:04:19.803450,173.9,1762144459.702000,49,1,2386,2025-11-03T10:04:19.808914,5.5,1762144458.824000,26,1,2385,FALSE,FALSE,FALSE,FALSE,
2371,2025-11-03T10:04:20.629572,2370.0,2025-11-03T10:04:20.805231,175.7,1762144460.705000,49,1,2387,2025-11-03T10:04:20.805548,0.3,1762144459.826000,26,1,2386,FALSE,FALSE,FALSE,FALSE,
2372,2025-11-03T10:04:21.629568,2371.0,2025-11-03T10:04:21.807221,177.6,1762144461.707000,49,1,2388,2025-11-03T10:04:21.807589,0.4,1762144460.827000,26,1,2387,FALSE,FALSE,FALSE,FALSE,
2373,2025-11-03T10:04:22.629568,2372.0,2025-11-03T10:04:22.808779,179.2,1762144462.708000,49,1,2389,2025-11-03T10:04:22.809094,0.3,1762144461.828000,26,1,2388,FALSE,FALSE,FALSE,FALSE,
2374,2025-11-03T10:04:23.629567,2373.0,2025-11-03T10:04:23.810516,180.9,1762144463.709000,49,1,2390,2025-11-03T10:04:23.810817,0.3,1762144462.829000,26,1,2389,FALSE,FALSE,FALSE,FALSE,
2375,2025-11-03T10:04:24.629567,2374.0,2025-11-03T10:04:24.811864,182.3,1762144464.711000,48,1,2391,2025-11-03T10:04:24.812152,0.3,1762144463.831000,26,1,2390,FALSE,FALSE,FALSE,FALSE,
2376,2025-11-03T10:04:25.629570,2375.0,2025-11-03T10:04:25.813265,183.7,1762144465.712000,50,1,2392,2025-11-03T10:04:25.813635,0.4,1762144464.832000,26,1,2391,FALSE,FALSE,FALSE,FALSE,
2377,2025-11-03T10:04:26.629573,2376.0,2025-11-03T10:04:26.814934,185.4,1762144466.715000,48,1,2393,2025-11-03T10:04:26.815236,0.3,1762144465.834000,26,1,2392,FALSE,FALSE,FALSE,FALSE,
2378,2025-11-03T10:04:27.629569,2377.0,2025-11-03T10:04:27.816514,186.9,1762144467.716000,49,1,2394,2025-11-03T10:04:27.816861,0.3,1762144466.835000,26,1,2393,FALSE,FALSE,FALSE,FALSE,
2379,2025-11-03T10:04:28.629578,2378.0,2025-11-03T10:04:28.818368,188.8,1762144468.718000,49,1,2395,2025-11-03T10:04:28.818955,0.6,1762144467.837000,26,1,2394,FALSE,FALSE,FALSE,FALSE,
2380,2025-11-03T10:04:29.629569,2379.0,2025-11-03T10:04:29.819753,190.2,1762144469.719000,48,1,2396,2025-11-03T10:04:29.820103,0.3,1762144468.838000,26,1,2395,FALSE,FALSE,FALSE,FALSE,
2381,2025-11-03T10:04:30.629575,2380.0,2025-11-03T10:04:30.821091,191.5,1762144470.720000,50,1,2397,2025-11-03T10:04:30.821400,0.3,1762144469.840000,26,1,2396,FALSE,FALSE,FALSE,FALSE,
2382,2025-11-03T10:04:31.629572,2381.0,2025-11-03T10:04:31.822496,192.9,1762144471.722000,48,1,2398,2025-11-03T10:04:31.822849,0.3,1762144470.842000,26,1,2397,FALSE,FALSE,FALSE,FALSE,
2383,2025-11-03T10:04:32.629583,2382.0,2025-11-03T10:04:32.825665,196.1,1762144472.724000,50,1,2399,2025-11-03T10:04:32.825949,0.3,1762144471.843000,27,1,2398,FALSE,FALSE,FALSE,FALSE,
2384,2025-11-03T10:04:33.629573,2383.0,2025-11-03T10:04:33.826909,197.3,1762144473.726000,48,1,2400,2025-11-03T10:04:33.827432,0.5,1762144472.845000,26,1,2399,FALSE,FALSE,FALSE,FALSE,
2385,2025-11-03T10:04:34.629611,2384.0,2025-11-03T10:04:34.828163,198.5,1762144474.727000,49,1,2401,2025-11-03T10:04:34.828514,0.3,1762144473.848000,26,1,2400,FALSE,FALSE,FALSE,FALSE,
2386,2025-11-03T10:04:35.629569,2385.0,2025-11-03T10:04:35.829461,199.9,1762144475.729000,50,1,2402,2025-11-03T10:04:35.829806,0.3,1762144474.850000,26,1,2401,FALSE,FALSE,FALSE,FALSE,
2387,2025-11-03T10:04:36.629575,2386.0,2025-11-03T10:04:36.730768,101.2,1762144476.630000,44,1,2403,2025-11-03T10:04:36.731096,0.3,1762144475.853000,26,1,2402,FALSE,FALSE,FALSE,FALSE,
2388,2025-11-03T10:04:37.629577,2387.0,2025-11-03T10:04:37.733418,103.8,1762144477.632000,49,1,2404,2025-11-03T10:04:37.734217,0.8,1762144476.754000,23,1,2403,FALSE,FALSE,FALSE,FALSE,
2389,2025-11-03T10:04:38.629568,2388.0,2025-11-03T10:04:38.735223,105.6,1762144478.634000,49,1,2405,2025-11-03T10:04:38.735603,0.4,1762144477.756000,26,1,2404,FALSE,FALSE,FALSE,FALSE,
2390,2025-11-03T10:04:39.629572,2389.0,2025-11-03T10:04:39.738333,108.8,1762144479.637000,48,1,2406,2025-11-03T10:04:39.738664,0.3,1762144478.757000,26,1,2405,FALSE,FALSE,FALSE,FALSE,
2391,2025-11-03T10:04:40.629572,2390.0,2025-11-03T10:04:40.740303,110.7,1762144480.640000,50,1,2407,2025-11-03T10:04:40.740624,0.3,1762144479.758000,26,1,2406,FALSE,FALSE,FALSE,FALSE,
2392,2025-11-03T10:04:41.629565,2391.0,2025-11-03T10:04:41.741955,112.4,1762144481.641000,49,1,2408,2025-11-03T10:04:41.742262,0.3,1762144480.760000,26,1,2407,FALSE,FALSE,FALSE,FALSE,
2393,2025-11-03T10:04:42.629564,2392.0,2025-11-03T10:04:42.743610,114.0,1762144482.643000,50,1,2409,2025-11-03T10:04:42.743937,0.3,1762144481.761000,26,1,2408,FALSE,FALSE,FALSE,FALSE,
2394,2025-11-03T10:04:43.629576,2393.0,2025-11-03T10:04:43.745062,115.5,1762144483.644000,48,1,2410,2025-11-03T10:04:43.745436,0.4,1762144482.762000,27,1,2409,FALSE,FALSE,FALSE,FALSE,
2395,2025-11-03T10:04:44.629589,2394.0,2025-11-03T10:04:44.748093,118.5,1762144484.647000,50,1,2411,2025-11-03T10:04:44.748403,0.3,1762144483.764000,26,1,2410,FALSE,FALSE,FALSE,FALSE,
2396,2025-11-03T10:04:45.629567,2395.0,2025-11-03T10:04:45.749686,120.1,1762144485.649000,49,1,2412,2025-11-03T10:04:45.749998,0.3,1762144484.767000,26,1,2411,FALSE,FALSE,FALSE,FALSE,
2397,2025-11-03T10:04:46.629567,2396.0,2025-11-03T10:04:46.751907,122.3,1762144486.651000,49,1,2413,2025-11-03T10:04:46.752551,0.6,1762144485.769000,26,1,2412,FALSE,FALSE,FALSE,FALSE,
2398,2025-11-03T10:04:47.629580,2397.0,2025-11-03T10:04:47.753182,123.6,1762144487.653000,49,1,2414,2025-11-03T10:04:47.753501,0.3,1762144486.770000,26,1,2413,FALSE,FALSE,FALSE,FALSE,
2399,2025-11-03T10:04:48.629566,2398.0,2025-11-03T10:04:48.754633,125.1,1762144488.654000,50,1,2415,2025-11-03T10:04:48.755015,0.4,1762144487.771000,26,1,2414,FALSE,FALSE,FALSE,FALSE,
2400,2025-11-03T10:04:49.629586,2399.0,2025-11-03T10:04:49.756038,126.4,1762144489.655000,50,1,2416,2025-11-03T10:04:49.756353,0.3,1762144488.772000,26,1,2415,FALSE,FALSE,FALSE,FALSE,
2401,2025-11-03T10:04:50.629573,2400.0,2025-11-03T10:04:50.757388,127.8,1762144490.656000,50,1,2417,2025-11-03T10:04:50.757706,0.3,1762144489.773000,26,1,2416,FALSE,FALSE,FALSE,FALSE,
2402,2025-11-03T10:04:51.629572,2401.0,2025-11-03T10:04:51.759899,130.3,1762144491.659000,48,1,2418,2025-11-03T10:04:51.760240,0.3,1762144490.775000,26,1,2417,FALSE,FALSE,FALSE,FALSE,
2403,2025-11-03T10:04:52.629567,2402.0,2025-11-03T10:04:52.761418,131.8,1762144492.661000,50,1,2419,2025-11-03T10:04:52.761715,0.3,1762144491.775000,26,1,2418,FALSE,FALSE,FALSE,FALSE,
2404,2025-11-03T10:04:53.629581,2403.0,2025-11-03T10:04:53.763148,133.6,1762144493.662000,49,1,2420,2025-11-03T10:04:53.763539,0.4,1762144492.777000,26,1,2419,FALSE,FALSE,FALSE,FALSE,
2405,2025-11-03T10:04:54.629575,2404.0,2025-11-03T10:04:54.765315,135.7,1762144494.664000,48,1,2421,2025-11-03T10:04:54.765613,0.3,1762144493.778000,26,1,2420,FALSE,FALSE,FALSE,FALSE,
2406,2025-11-03T10:04:55.629649,2405.0,2025-11-03T10:04:55.767646,138.0,1762144495.667000,49,1,2422,2025-11-03T10:04:55.767999,0.3,1762144494.779000,26,1,2421,FALSE,FALSE,FALSE,FALSE,
2407,2025-11-03T10:04:56.629577,2406.0,2025-11-03T10:04:56.769530,140.0,1762144496.669000,50,1,2423,2025-11-03T10:04:56.769862,0.3,1762144495.780000,26,1,2422,FALSE,FALSE,FALSE,FALSE,
2408,2025-11-03T10:04:57.629580,2407.0,2025-11-03T10:04:57.772094,142.5,1762144497.671000,49,1,2424,2025-11-03T10:04:57.772406,0.3,1762144496.782000,26,1,2423,FALSE,FALSE,FALSE,FALSE,
2409,2025-11-03T10:04:58.629633,2408.0,2025-11-03T10:04:58.773782,144.1,1762144498.673000,50,1,2425,2025-11-03T10:04:58.774107,0.3,1762144497.784000,26,1,2424,FALSE,FALSE,FALSE,FALSE,
2410,2025-11-03T10:04:59.629575,2409.0,2025-11-03T10:04:59.775275,145.7,1762144499.674000,49,1,2426,2025-11-03T10:04:59.775667,0.4,1762144498.785000,26,1,2425,FALSE,FALSE,FALSE,FALSE,
2411,2025-11-03T10:05:00.629581,2410.0,2025-11-03T10:05:00.776685,147.1,1762144500.676000,50,1,2427,2025-11-03T10:05:00.777012,0.3,1762144499.786000,26,1,2426,FALSE,FALSE,FALSE,FALSE,
2412,2025-11-03T10:05:01.629576,2411.0,2025-11-03T10:05:01.778373,148.8,1762144501.678000,48,1,2428,2025-11-03T10:05:01.778710,0.3,1762144500.787000,26,1,2427,FALSE,FALSE,FALSE,FALSE,
2413,2025-11-03T10:05:02.629572,2412.0,2025-11-03T10:05:02.780408,150.8,1762144502.679000,49,1,2429,2025-11-03T10:05:02.780727,0.3,1762144501.789000,26,1,2428,FALSE,FALSE,FALSE,FALSE,
2414,2025-11-03T10:05:03.629572,2413.0,2025-11-03T10:05:03.781963,152.4,1762144503.681000,50,1,2430,2025-11-03T10:05:03.782291,0.3,1762144502.790000,26,1,2429,FALSE,FALSE,FALSE,FALSE,
2415,2025-11-03T10:05:04.629568,2414.0,2025-11-03T10:05:04.784333,154.8,1762144504.683000,49,1,2431,2025-11-03T10:05:04.784705,0.4,1762144503.793000,26,1,2430,FALSE,FALSE,FALSE,FALSE,
2416,2025-11-03T10:05:05.629572,2415.0,2025-11-03T10:05:05.785471,155.9,1762144505.685000,49,1,2432,2025-11-03T10:05:05.785780,0.3,1762144504.794000,26,1,2431,FALSE,FALSE,FALSE,FALSE,
2417,2025-11-03T10:05:06.629577,2416.0,2025-11-03T10:05:06.786816,157.2,1762144506.686000,50,1,2433,2025-11-03T10:05:06.787112,0.3,1762144505.795000,26,1,2432,FALSE,FALSE,FALSE,FALSE,
2418,2025-11-03T10:05:07.629573,2417.0,2025-11-03T10:05:07.788480,158.9,1762144507.687000,48,1,2434,2025-11-03T10:05:07.788840,0.3,1762144506.797000,26,1,2433,FALSE,FALSE,FALSE,FALSE,
2419,2025-11-03T10:05:08.629571,2418.0,2025-11-03T10:05:08.790059,160.5,1762144508.689000,48,1,2435,2025-11-03T10:05:08.790464,0.4,1762144507.798000,26,1,2434,FALSE,FALSE,FALSE,FALSE,
2420,2025-11-03T10:05:09.629577,2419.0,2025-11-03T10:05:09.792666,163.1,1762144509.691000,49,1,2436,2025-11-03T10:05:09.792983,0.3,1762144508.799000,26,1,2435,FALSE,FALSE,FALSE,FALSE,
2421,2025-11-03T10:05:10.629586,2420.0,2025-11-03T10:05:10.795252,165.7,1762144510.694000,49,1,2437,2025-11-03T10:05:10.795673,0.4,1762144509.800000,27,1,2436,FALSE,FALSE,FALSE,FALSE,
2422,2025-11-03T10:05:11.629573,2421.0,2025-11-03T10:05:11.797440,167.9,1762144511.697000,49,1,2438,2025-11-03T10:05:11.797768,0.3,1762144510.802000,26,1,2437,FALSE,FALSE,FALSE,FALSE,
2423,2025-11-03T10:05:12.629584,2422.0,2025-11-03T10:05:12.800906,171.3,1762144512.700000,50,1,2439,2025-11-03T10:05:12.801243,0.3,1762144511.803000,26,1,2438,FALSE,FALSE,FALSE,FALSE,
2424,2025-11-03T10:05:13.629571,2423.0,2025-11-03T10:05:13.802805,173.2,1762144513.702000,49,1,2440,2025-11-03T10:05:13.803167,0.3,1762144512.804000,26,1,2439,FALSE,FALSE,FALSE,FALSE,
2425,2025-11-03T10:05:14.629571,2424.0,2025-11-03T10:05:14.804275,174.7,1762144514.703000,50,1,2441,2025-11-03T10:05:14.804750,0.5,1762144513.806000,26,1,2440,FALSE,FALSE,FALSE,FALSE,
2426,2025-11-03T10:05:15.629574,2425.0,2025-11-03T10:05:15.806185,176.6,1762144515.705000,49,1,2442,2025-11-03T10:05:15.806500,0.3,1762144514.808000,26,1,2441,FALSE,FALSE,FALSE,FALSE,
2427,2025-11-03T10:05:16.629577,2426.0,2025-11-03T10:05:16.807715,178.1,1762144516.707000,49,1,2443,2025-11-03T10:05:16.808025,0.3,1762144515.809000,26,1,2442,FALSE,FALSE,FALSE,FALSE,
2428,2025-11-03T10:05:17.629570,2427.0,2025-11-03T10:05:17.808891,179.3,1762144517.708000,50,1,2444,2025-11-03T10:05:17.809218,0.3,1762144516.810000,26,1,2443,FALSE,FALSE,FALSE,FALSE,
2429,2025-11-03T10:05:18.629570,2428.0,2025-11-03T10:05:18.810320,180.7,1762144518.710000,49,1,2445,2025-11-03T10:05:18.810634,0.3,1762144517.812000,26,1,2444,FALSE,FALSE,FALSE,FALSE,
2430,2025-11-03T10:05:19.629577,2429.0,2025-11-03T10:05:19.811639,182.1,1762144519.711000,50,1,2446,2025-11-03T10:05:19.811974,0.3,1762144518.814000,26,1,2445,FALSE,FALSE,FALSE,FALSE,
2431,2025-11-03T10:05:20.629576,2430.0,2025-11-03T10:05:20.812989,183.4,1762144520.713000,49,1,2447,2025-11-03T10:05:20.813297,0.3,1762144519.816000,26,1,2446,FALSE,FALSE,FALSE,FALSE,
2432,2025-11-03T10:05:21.629568,2431.0,2025-11-03T10:05:21.814375,184.8,1762144521.714000,48,1,2448,2025-11-03T10:05:21.814720,0.3,1762144520.818000,26,1,2447,FALSE,FALSE,FALSE,FALSE,
2433,2025-11-03T10:05:22.629570,2432.0,2025-11-03T10:05:22.815600,186.0,1762144522.715000,50,1,2449,2025-11-03T10:05:22.815981,0.4,1762144521.820000,26,1,2448,FALSE,FALSE,FALSE,FALSE,
2434,2025-11-03T10:05:23.629572,2433.0,2025-11-03T10:05:23.816800,187.2,1762144523.716000,49,1,2450,2025-11-03T10:05:23.817143,0.3,1762144522.821000,26,1,2449,FALSE,FALSE,FALSE,FALSE,
2435,2025-11-03T10:05:24.629575,2434.0,2025-11-03T10:05:24.818038,188.5,1762144524.718000,49,1,2451,2025-11-03T10:05:24.818397,0.3,1762144523.822000,26,1,2450,FALSE,FALSE,FALSE,FALSE,
2436,2025-11-03T10:05:25.629578,2435.0,2025-11-03T10:05:25.819352,189.8,1762144525.719000,50,1,2452,2025-11-03T10:05:25.819686,0.3,1762144524.824000,26,1,2451,FALSE,FALSE,FALSE,FALSE,
2437,2025-11-03T10:05:26.629577,2436.0,2025-11-03T10:05:26.820549,191.0,1762144526.720000,49,1,2453,2025-11-03T10:05:26.820905,0.3,1762144525.826000,26,1,2452,FALSE,FALSE,FALSE,FALSE,
2438,2025-11-03T10:05:27.629569,2437.0,2025-11-03T10:05:27.821963,192.4,1762144527.721000,48,1,2454,2025-11-03T10:05:27.822304,0.3,1762144526.828000,26,1,2453,FALSE,FALSE,FALSE,FALSE,
2439,2025-11-03T10:05:28.629570,2438.0,2025-11-03T10:05:28.823271,193.7,1762144528.723000,49,1,2455,2025-11-03T10:05:28.823640,0.4,1762144527.830000,26,1,2454,FALSE,FALSE,FALSE,FALSE,
2440,2025-11-03T10:05:29.629575,2439.0,2025-11-03T10:05:29.824590,195.0,1762144529.724000,49,1,2456,2025-11-03T10:05:29.824898,0.3,1762144528.833000,26,1,2455,FALSE,FALSE,FALSE,FALSE,
2441,2025-11-03T10:05:30.629566,2440.0,2025-11-03T10:05:30.826636,197.1,1762144530.725000,49,1,2457,2025-11-03T10:05:30.827207,0.6,1762144529.834000,26,1,2456,FALSE,FALSE,FALSE,FALSE,
2442,2025-11-03T10:05:31.629576,2441.0,2025-11-03T10:05:31.828142,198.6,1762144531.727000,48,1,2458,2025-11-03T10:05:31.828452,0.3,1762144530.836000,26,1,2457,FALSE,FALSE,FALSE,FALSE,
2443,2025-11-03T10:05:32.629568,2442.0,2025-11-03T10:05:32.829486,199.9,1762144532.729000,48,1,2459,2025-11-03T10:05:32.829798,0.3,1762144531.839000,26,1,2458,FALSE,FALSE,FALSE,FALSE,
2444,2025-11-03T10:05:33.629577,2443.0,2025-11-03T10:05:33.730717,101.1,1762144533.630000,43,1,2460,2025-11-03T10:05:33.731018,0.3,1762144532.840000,27,1,2459,FALSE,FALSE,FALSE,FALSE,
2445,2025-11-03T10:05:34.629570,2444.0,2025-11-03T10:05:34.731960,102.4,1762144534.631000,49,1,2461,2025-11-03T10:05:34.732269,0.3,1762144533.742000,23,1,2460,FALSE,FALSE,FALSE,FALSE,
2446,2025-11-03T10:05:35.629572,2445.0,2025-11-03T10:05:35.733206,103.6,1762144535.632000,47,1,2462,2025-11-03T10:05:35.733487,0.3,1762144534.745000,26,1,2461,FALSE,FALSE,FALSE,FALSE,
2447,2025-11-03T10:05:36.629569,2446.0,2025-11-03T10:05:36.734486,104.9,1762144536.634000,49,1,2463,2025-11-03T10:05:36.734786,0.3,1762144535.747000,26,1,2462,FALSE,FALSE,FALSE,FALSE,
2448,2025-11-03T10:05:37.629584,2447.0,2025-11-03T10:05:37.735833,106.2,1762144537.635000,49,1,2464,2025-11-03T10:05:37.736129,0.3,1762144536.749000,26,1,2463,FALSE,FALSE,FALSE,FALSE,
2449,2025-11-03T10:05:38.629566,2448.0,2025-11-03T10:05:38.737796,108.2,1762144538.637000,49,1,2465,2025-11-03T10:05:38.738081,0.3,1762144537.751000,26,1,2464,FALSE,FALSE,FALSE,FALSE,
2450,2025-11-03T10:05:39.629569,2449.0,2025-11-03T10:05:39.739202,109.6,1762144539.638000,49,1,2466,2025-11-03T10:05:39.739854,0.6,1762144538.752000,26,1,2465,FALSE,FALSE,FALSE,FALSE,
2451,2025-11-03T10:05:40.629566,2450.0,2025-11-03T10:05:40.740668,111.1,1762144540.640000,49,1,2467,2025-11-03T10:05:40.740990,0.3,1762144539.754000,26,1,2466,FALSE,FALSE,FALSE,FALSE,
2452,2025-11-03T10:05:41.629566,2451.0,2025-11-03T10:05:41.741980,112.4,1762144541.641000,49,1,2468,2025-11-03T10:05:41.742268,0.3,1762144540.755000,26,1,2467,FALSE,FALSE,FALSE,FALSE,
2453,2025-11-03T10:05:42.629574,2452.0,2025-11-03T10:05:42.743254,113.7,1762144542.642000,50,1,2469,2025-11-03T10:05:42.743622,0.4,1762144541.756000,26,1,2468,FALSE,FALSE,FALSE,FALSE,
2454,2025-11-03T10:05:43.629577,2453.0,2025-11-03T10:05:43.744860,115.3,1762144543.645000,49,1,2470,2025-11-03T10:05:43.745183,0.3,1762144542.758000,26,1,2469,FALSE,FALSE,FALSE,FALSE,
2455,2025-11-03T10:05:44.629567,2454.0,2025-11-03T10:05:44.746120,116.5,1762144544.645000,48,1,2471,2025-11-03T10:05:44.746574,0.4,1762144543.759000,27,1,2470,FALSE,FALSE,FALSE,FALSE,
2456,2025-11-03T10:05:45.629569,2455.0,2025-11-03T10:05:45.747525,118.0,1762144545.647000,49,1,2472,2025-11-03T10:05:45.747905,0.4,1762144544.760000,26,1,2471,FALSE,FALSE,FALSE,FALSE,
2457,2025-11-03T10:05:46.629573,2456.0,2025-11-03T10:05:46.749157,119.6,1762144546.649000,49,1,2473,2025-11-03T10:05:46.749523,0.4,1762144545.761000,26,1,2472,FALSE,FALSE,FALSE,FALSE,
2458,2025-11-03T10:05:47.629575,2457.0,2025-11-03T10:05:47.751076,121.5,1762144547.650000,49,1,2474,2025-11-03T10:05:47.751471,0.4,1762144546.764000,26,1,2473,FALSE,FALSE,FALSE,FALSE,
2459,2025-11-03T10:05:48.629572,2458.0,2025-11-03T10:05:48.753596,124.0,1762144548.652000,49,1,2475,2025-11-03T10:05:48.754177,0.6,1762144547.765000,26,1,2474,FALSE,FALSE,FALSE,FALSE,
2460,2025-11-03T10:05:49.629586,2459.0,2025-11-03T10:05:49.755107,125.5,1762144549.655000,50,1,2476,2025-11-03T10:05:49.755471,0.4,1762144548.767000,26,1,2475,FALSE,FALSE,FALSE,FALSE,
2461,2025-11-03T10:05:50.629569,2460.0,2025-11-03T10:05:50.757059,127.5,1762144550.657000,49,1,2477,2025-11-03T10:05:50.757395,0.3,1762144549.769000,26,1,2476,FALSE,FALSE,FALSE,FALSE,
2462,2025-11-03T10:05:51.629573,2461.0,2025-11-03T10:05:51.758314,128.7,1762144551.658000,49,1,2478,2025-11-03T10:05:51.758632,0.3,1762144550.771000,26,1,2477,FALSE,FALSE,FALSE,FALSE,
2463,2025-11-03T10:05:52.629574,2462.0,2025-11-03T10:05:52.760059,130.5,1762144552.659000,49,1,2479,2025-11-03T10:05:52.760348,0.3,1762144551.772000,26,1,2478,FALSE,FALSE,FALSE,FALSE,
2464,2025-11-03T10:05:53.629572,2463.0,2025-11-03T10:05:53.762154,132.6,1762144553.661000,49,1,2480,2025-11-03T10:05:53.762448,0.3,1762144552.773000,26,1,2479,FALSE,FALSE,FALSE,FALSE,
2465,2025-11-03T10:05:54.629575,2464.0,2025-11-03T10:05:54.763725,134.1,1762144554.663000,49,1,2481,2025-11-03T10:05:54.764071,0.3,1762144553.776000,26,1,2480,FALSE,FALSE,FALSE,FALSE,
2466,2025-11-03T10:05:55.629582,2465.0,2025-11-03T10:05:55.765242,135.7,1762144555.665000,49,1,2482,2025-11-03T10:05:55.765558,0.3,1762144554.777000,26,1,2481,FALSE,FALSE,FALSE,FALSE,
2467,2025-11-03T10:05:56.629570,2466.0,2025-11-03T10:05:56.766515,136.9,1762144556.666000,49,1,2483,2025-11-03T10:05:56.766818,0.3,1762144555.778000,26,1,2482,FALSE,FALSE,FALSE,FALSE,
2468,2025-11-03T10:05:57.629576,2467.0,2025-11-03T10:05:57.768103,138.5,1762144557.667000,49,1,2484,2025-11-03T10:05:57.768460,0.3,1762144556.780000,26,1,2483,FALSE,FALSE,FALSE,FALSE,
2469,2025-11-03T10:05:58.629574,2468.0,2025-11-03T10:05:58.769107,139.5,1762144558.669000,49,1,2485,2025-11-03T10:05:58.769400,0.3,1762144557.780000,26,1,2484,FALSE,FALSE,FALSE,FALSE,
2470,2025-11-03T10:05:59.629577,2469.0,2025-11-03T10:05:59.770321,140.7,1762144559.670000,50,1,2486,2025-11-03T10:05:59.770613,0.3,1762144558.782000,26,1,2485,FALSE,FALSE,FALSE,FALSE,
2471,2025-11-03T10:06:00.629575,2470.0,2025-11-03T10:06:00.771747,142.2,1762144560.671000,49,1,2487,2025-11-03T10:06:00.772126,0.4,1762144559.783000,26,1,2486,FALSE,FALSE,FALSE,FALSE,
2472,2025-11-03T10:06:01.629581,2471.0,2025-11-03T10:06:01.774304,144.7,1762144561.674000,49,1,2488,2025-11-03T10:06:01.774650,0.3,1762144560.784000,26,1,2487,FALSE,FALSE,FALSE,FALSE,
2473,2025-11-03T10:06:02.629570,2472.0,2025-11-03T10:06:02.775914,146.3,1762144562.675000,48,1,2489,2025-11-03T10:06:02.776238,0.3,1762144561.786000,26,1,2488,FALSE,FALSE,FALSE,FALSE,
2474,2025-11-03T10:06:03.629575,2473.0,2025-11-03T10:06:03.777195,147.6,1762144563.677000,49,1,2490,2025-11-03T10:06:03.777526,0.3,1762144562.787000,26,1,2489,FALSE,FALSE,FALSE,FALSE,
2475,2025-11-03T10:06:04.629571,2474.0,2025-11-03T10:06:04.778464,148.9,1762144564.678000,50,1,2491,2025-11-03T10:06:04.778806,0.3,1762144563.789000,25,1,2490,FALSE,FALSE,FALSE,FALSE,
2476,2025-11-03T10:06:05.629576,2475.0,2025-11-03T10:06:05.779990,150.4,1762144565.680000,49,1,2492,2025-11-03T10:06:05.780321,0.3,1762144564.790000,26,1,2491,FALSE,FALSE,FALSE,FALSE,
2477,2025-11-03T10:06:06.629572,2476.0,2025-11-03T10:06:06.786421,156.8,1762144566.681000,49,1,2493,2025-11-03T10:06:06.786873,0.4,1762144565.791000,26,1,2492,FALSE,FALSE,FALSE,FALSE,
2478,2025-11-03T10:06:07.629600,2477.0,2025-11-03T10:06:07.782786,153.2,1762144567.682000,49,1,2494,2025-11-03T10:06:07.783109,0.3,1762144566.792000,26,1,2493,FALSE,FALSE,FALSE,FALSE,
2479,2025-11-03T10:06:08.629581,2478.0,2025-11-03T10:06:08.784199,154.6,1762144568.684000,50,1,2495,2025-11-03T10:06:08.784539,0.3,1762144567.794000,26,1,2494,FALSE,FALSE,FALSE,FALSE,
2480,2025-11-03T10:06:09.629570,2479.0,2025-11-03T10:06:09.785764,156.2,1762144569.685000,50,1,2496,2025-11-03T10:06:09.786073,0.3,1762144568.795000,26,1,2495,FALSE,FALSE,FALSE,FALSE,
2481,2025-11-03T10:06:10.629570,2480.0,2025-11-03T10:06:10.787276,157.7,1762144570.687000,48,1,2497,2025-11-03T10:06:10.787682,0.4,1762144569.796000,27,1,2496,FALSE,FALSE,FALSE,FALSE,
2482,2025-11-03T10:06:11.629567,2481.0,2025-11-03T10:06:11.788923,159.4,1762144571.688000,49,1,2498,2025-11-03T10:06:11.789260,0.3,1762144570.798000,26,1,2497,FALSE,FALSE,FALSE,FALSE,
2483,2025-11-03T10:06:12.629569,2482.0,2025-11-03T10:06:12.790232,160.7,1762144572.689000,49,1,2499,2025-11-03T10:06:12.790551,0.3,1762144571.799000,26,1,2498,FALSE,FALSE,FALSE,FALSE,
2484,2025-11-03T10:06:13.629571,2483.0,2025-11-03T10:06:13.791795,162.2,1762144573.691000,50,1,2500,2025-11-03T10:06:13.792115,0.3,1762144572.800000,26,1,2499,FALSE,FALSE,FALSE,FALSE,
2485,2025-11-03T10:06:14.629575,2484.0,2025-11-03T10:06:14.793255,163.7,1762144574.693000,49,1,2501,2025-11-03T10:06:14.793563,0.3,1762144573.802000,26,1,2500,FALSE,FALSE,FALSE,FALSE,
2486,2025-11-03T10:06:15.629573,2485.0,2025-11-03T10:06:15.795083,165.5,1762144575.694000,50,1,2502,2025-11-03T10:06:15.795513,0.4,1762144574.803000,26,1,2501,FALSE,FALSE,FALSE,FALSE,
2487,2025-11-03T10:06:16.629568,2486.0,2025-11-03T10:06:16.796903,167.3,1762144576.696000,48,1,2503,2025-11-03T10:06:16.797228,0.3,1762144575.804000,26,1,2502,FALSE,FALSE,FALSE,FALSE,
2488,2025-11-03T10:06:17.629573,2487.0,2025-11-03T10:06:17.798916,169.3,1762144577.698000,50,1,2504,2025-11-03T10:06:17.799215,0.3,1762144576.806000,26,1,2503,FALSE,FALSE,FALSE,FALSE,
2489,2025-11-03T10:06:18.629574,2488.0,2025-11-03T10:06:18.800982,171.4,1762144578.700000,49,1,2505,2025-11-03T10:06:18.801291,0.3,1762144577.807000,26,1,2504,FALSE,FALSE,FALSE,FALSE,
2490,2025-11-03T10:06:19.629571,2489.0,2025-11-03T10:06:19.802765,173.2,1762144579.702000,49,1,2506,2025-11-03T10:06:19.803095,0.3,1762144578.808000,26,1,2505,FALSE,FALSE,FALSE,FALSE,
2491,2025-11-03T10:06:20.629576,2490.0,2025-11-03T10:06:20.805048,175.5,1762144580.704000,50,1,2507,2025-11-03T10:06:20.805365,0.3,1762144579.810000,26,1,2506,FALSE,FALSE,FALSE,FALSE,
2492,2025-11-03T10:06:21.629576,2491.0,2025-11-03T10:06:21.806761,177.2,1762144581.706000,49,1,2508,2025-11-03T10:06:21.807088,0.3,1762144580.811000,26,1,2507,FALSE,FALSE,FALSE,FALSE,
2493,2025-11-03T10:06:22.629574,2492.0,2025-11-03T10:06:22.808074,178.5,1762144582.707000,49,1,2509,2025-11-03T10:06:22.808389,0.3,1762144581.812000,25,1,2508,FALSE,FALSE,FALSE,FALSE,
2494,2025-11-03T10:06:23.629576,2493.0,2025-11-03T10:06:23.809381,179.8,1762144583.708000,50,1,2510,2025-11-03T10:06:23.809683,0.3,1762144582.813000,26,1,2509,FALSE,FALSE,FALSE,FALSE,
2495,2025-11-03T10:06:24.629572,2494.0,2025-11-03T10:06:24.810972,181.4,1762144584.710000,50,1,2511,2025-11-03T10:06:24.811383,0.4,1762144583.815000,25,1,2510,FALSE,FALSE,FALSE,FALSE,
2496,2025-11-03T10:06:25.629574,2495.0,2025-11-03T10:06:25.812005,182.4,1762144585.711000,49,1,2512,2025-11-03T10:06:25.812303,0.3,1762144584.816000,26,1,2511,FALSE,FALSE,FALSE,FALSE,
2497,2025-11-03T10:06:26.629575,2496.0,2025-11-03T10:06:26.813246,183.7,1762144586.713000,50,1,2513,2025-11-03T10:06:26.813546,0.3,1762144585.817000,26,1,2512,FALSE,FALSE,FALSE,FALSE,
2498,2025-11-03T10:06:27.629573,2497.0,2025-11-03T10:06:27.814540,185.0,1762144587.714000,49,1,2514,2025-11-03T10:06:27.814850,0.3,1762144586.818000,26,1,2513,FALSE,FALSE,FALSE,FALSE,
2499,2025-11-03T10:06:28.629575,2498.0,2025-11-03T10:06:28.815768,186.2,1762144588.715000,49,1,2515,2025-11-03T10:06:28.816083,0.3,1762144587.820000,26,1,2514,FALSE,FALSE,FALSE,FALSE,
2500,2025-11-03T10:06:29.629575,2499.0,2025-11-03T10:06:29.817157,187.6,1762144589.717000,49,1,2516,2025-11-03T10:06:29.817504,0.3,1762144588.821000,26,1,2515,FALSE,FALSE,FALSE,FALSE,
2501,2025-11-03T10:06:30.629576,2500.0,2025-11-03T10:06:30.818852,189.3,1762144590.718000,49,1,2517,2025-11-03T10:06:30.819170,0.3,1762144589.822000,26,1,2516,FALSE,FALSE,FALSE,FALSE,
2502,2025-11-03T10:06:31.629570,2501.0,2025-11-03T10:06:31.820181,190.6,1762144591.719000,49,1,2518,2025-11-03T10:06:31.820483,0.3,1762144590.824000,26,1,2517,FALSE,FALSE,FALSE,FALSE,
2503,2025-11-03T10:06:32.629574,2502.0,2025-11-03T10:06:32.821397,191.8,1762144592.721000,48,1,2519,2025-11-03T10:06:32.821713,0.3,1762144591.825000,26,1,2518,FALSE,FALSE,FALSE,FALSE,
2504,2025-11-03T10:06:33.629574,2503.0,2025-11-03T10:06:33.822919,193.3,1762144593.722000,49,1,2520,2025-11-03T10:06:33.823239,0.3,1762144592.826000,26,1,2519,FALSE,FALSE,FALSE,FALSE,
2505,2025-11-03T10:06:34.629575,2504.0,2025-11-03T10:06:34.824369,194.8,1762144594.724000,49,1,2521,2025-11-03T10:06:34.824655,0.3,1762144593.827000,26,1,2520,FALSE,FALSE,FALSE,FALSE,
2506,2025-11-03T10:06:35.629568,2505.0,2025-11-03T10:06:35.825725,196.1,1762144595.725000,50,1,2522,2025-11-03T10:06:35.826042,0.3,1762144594.828000,26,1,2521,FALSE,FALSE,FALSE,FALSE,
2507,2025-11-03T10:06:36.629574,2506.0,2025-11-03T10:06:36.827567,198.0,1762144596.727000,49,1,2523,2025-11-03T10:06:36.827885,0.3,1762144595.830000,26,1,2522,FALSE,FALSE,FALSE,FALSE,
2508,2025-11-03T10:06:37.629582,2507.0,2025-11-03T10:06:37.829860,200.3,1762144597.729000,49,1,2524,2025-11-03T10:06:37.830197,0.3,1762144596.831000,26,1,2523,FALSE,FALSE,FALSE,FALSE,
2509,2025-11-03T10:06:38.629563,2508.0,2025-11-03T10:06:38.731165,101.6,1762144598.630000,44,1,2525,2025-11-03T10:06:38.731561,0.4,1762144597.833000,26,1,2524,FALSE,FALSE,FALSE,FALSE,
2510,2025-11-03T10:06:39.629578,2509.0,2025-11-03T10:06:39.732633,103.1,1762144599.632000,49,1,2526,2025-11-03T10:06:39.732933,0.3,1762144598.734000,24,1,2525,FALSE,FALSE,FALSE,FALSE,
2511,2025-11-03T10:06:40.629566,2510.0,2025-11-03T10:06:40.733911,104.3,1762144600.634000,47,1,2527,2025-11-03T10:06:40.734221,0.3,1762144599.735000,26,1,2526,FALSE,FALSE,FALSE,FALSE,
2512,2025-11-03T10:06:41.629567,2511.0,2025-11-03T10:06:41.736175,106.6,1762144601.635000,50,1,2528,2025-11-03T10:06:41.736786,0.6,1762144600.737000,26,1,2527,FALSE,FALSE,FALSE,FALSE,
2513,2025-11-03T10:06:42.629567,2512.0,2025-11-03T10:06:42.737621,108.0,1762144602.637000,48,1,2529,2025-11-03T10:06:42.737961,0.3,1762144601.738000,26,1,2528,FALSE,FALSE,FALSE,FALSE,
2514,2025-11-03T10:06:43.629574,2513.0,2025-11-03T10:06:43.738968,109.4,1762144603.638000,49,1,2530,2025-11-03T10:06:43.739294,0.3,1762144602.740000,26,1,2529,FALSE,FALSE,FALSE,FALSE,
2515,2025-11-03T10:06:44.629569,2514.0,2025-11-03T10:06:44.740106,110.5,1762144604.640000,49,1,2531,2025-11-03T10:06:44.740492,0.4,1762144603.741000,26,1,2530,FALSE,FALSE,FALSE,FALSE,
2516,2025-11-03T10:06:45.629574,2515.0,2025-11-03T10:06:45.741386,111.8,1762144605.641000,49,1,2532,2025-11-03T10:06:45.741720,0.3,1762144604.743000,26,1,2531,FALSE,FALSE,FALSE,FALSE,
2517,2025-11-03T10:06:46.629568,2516.0,2025-11-03T10:06:46.742601,113.0,1762144606.642000,50,1,2533,2025-11-03T10:06:46.742969,0.4,1762144605.743000,26,1,2532,FALSE,FALSE,FALSE,FALSE,
2518,2025-11-03T10:06:47.629558,2517.0,2025-11-03T10:06:47.744416,114.9,1762144607.643000,48,1,2534,2025-11-03T10:06:47.744731,0.3,1762144606.745000,26,1,2533,FALSE,FALSE,FALSE,FALSE,
2519,2025-11-03T10:06:48.629566,2518.0,2025-11-03T10:06:48.745830,116.3,1762144608.645000,50,1,2535,2025-11-03T10:06:48.746146,0.3,1762144607.746000,26,1,2534,FALSE,FALSE,FALSE,FALSE,
2520,2025-11-03T10:06:49.629577,2519.0,2025-11-03T10:06:49.748568,119.0,1762144609.648000,50,1,2536,2025-11-03T10:06:49.748908,0.3,1762144608.747000,26,1,2535,FALSE,FALSE,FALSE,FALSE,
2521,2025-11-03T10:06:50.629566,2520.0,2025-11-03T10:06:50.750128,120.6,1762144610.649000,49,1,2537,2025-11-03T10:06:50.750730,0.6,1762144609.849000,29,1,2536,FALSE,FALSE,FALSE,FALSE,
2522,2025-11-03T10:06:51.629574,2521.0,2025-11-03T10:06:51.751644,122.1,1762144611.651000,49,1,2538,2025-11-03T10:06:51.751943,0.3,1762144610.850000,26,1,2537,FALSE,FALSE,FALSE,FALSE,
2523,2025-11-03T10:06:52.629573,2522.0,2025-11-03T10:06:52.753161,123.6,1762144612.652000,49,1,2539,2025-11-03T10:06:52.753456,0.3,1762144611.852000,26,1,2538,FALSE,FALSE,FALSE,FALSE,
2524,2025-11-03T10:06:53.629561,2523.0,2025-11-03T10:06:53.754658,125.1,1762144613.654000,49,1,2540,2025-11-03T10:06:53.754963,0.3,1762144612.853000,26,1,2539,FALSE,FALSE,FALSE,FALSE,
2525,2025-11-03T10:06:54.629567,2524.0,2025-11-03T10:06:54.756043,126.5,1762144614.656000,48,1,2541,2025-11-03T10:06:54.756331,0.3,1762144613.855000,26,1,2540,FALSE,FALSE,FALSE,FALSE,
2526,2025-11-03T10:06:55.629576,2525.0,2025-11-03T10:06:55.757294,127.7,1762144615.657000,50,1,2542,2025-11-03T10:06:55.757616,0.3,1762144614.757000,24,1,2541,FALSE,FALSE,FALSE,FALSE,
2527,2025-11-03T10:06:56.629572,2526.0,2025-11-03T10:06:56.758587,129.0,1762144616.658000,48,1,2543,2025-11-03T10:06:56.758882,0.3,1762144615.759000,26,1,2542,FALSE,FALSE,FALSE,FALSE,
2528,2025-11-03T10:06:57.629564,2527.0,2025-11-03T10:06:57.759853,130.3,1762144617.659000,50,1,2544,2025-11-03T10:06:57.760133,0.3,1762144616.761000,26,1,2543,FALSE,FALSE,FALSE,FALSE,
2529,2025-11-03T10:06:58.629566,2528.0,2025-11-03T10:06:58.761140,131.6,1762144618.661000,49,1,2545,2025-11-03T10:06:58.761440,0.3,1762144617.763000,26,1,2544,FALSE,FALSE,FALSE,FALSE,
2530,2025-11-03T10:06:59.629572,2529.0,2025-11-03T10:06:59.762629,133.1,1762144619.662000,49,1,2546,2025-11-03T10:06:59.763230,0.6,1762144618.764000,26,1,2545,FALSE,FALSE,FALSE,FALSE,
2531,2025-11-03T10:07:00.629566,2530.0,2025-11-03T10:07:00.764254,134.7,1762144620.663000,49,1,2547,2025-11-03T10:07:00.764544,0.3,1762144619.766000,26,1,2546,FALSE,FALSE,FALSE,FALSE,
2532,2025-11-03T10:07:01.629577,2531.0,2025-11-03T10:07:01.766604,137.0,1762144621.665000,50,1,2548,2025-11-03T10:07:01.766941,0.3,1762144620.767000,26,1,2547,FALSE,FALSE,FALSE,FALSE,
2533,2025-11-03T10:07:02.629562,2532.0,2025-11-03T10:07:02.768949,139.4,1762144622.668000,49,1,2549,2025-11-03T10:07:02.769248,0.3,1762144621.768000,26,1,2548,FALSE,FALSE,FALSE,FALSE,
2534,2025-11-03T10:07:03.629576,2533.0,2025-11-03T10:07:03.770490,140.9,1762144623.670000,50,1,2550,2025-11-03T10:07:03.770794,0.3,1762144622.769000,26,1,2549,FALSE,FALSE,FALSE,FALSE,
2535,2025-11-03T10:07:04.629567,2534.0,2025-11-03T10:07:04.772117,142.5,1762144624.672000,49,1,2551,2025-11-03T10:07:04.772421,0.3,1762144623.772000,26,1,2550,FALSE,FALSE,FALSE,FALSE,
2536,2025-11-03T10:07:05.629566,2535.0,2025-11-03T10:07:05.774545,145.0,1762144625.673000,48,1,2552,2025-11-03T10:07:05.774854,0.3,1762144624.773000,26,1,2551,FALSE,FALSE,FALSE,FALSE,
2537,2025-11-03T10:07:06.629567,2536.0,2025-11-03T10:07:06.776449,146.9,1762144626.676000,49,1,2553,2025-11-03T10:07:06.776780,0.3,1762144625.875000,29,1,2552,FALSE,FALSE,FALSE,FALSE,
2538,2025-11-03T10:07:07.629577,2537.0,2025-11-03T10:07:07.779428,149.8,1762144627.678000,50,1,2554,2025-11-03T10:07:07.779779,0.3,1762144626.877000,26,1,2553,FALSE,FALSE,FALSE,FALSE,
2539,2025-11-03T10:07:08.629562,2538.0,2025-11-03T10:07:08.783083,153.5,1762144628.681000,50,1,2555,2025-11-03T10:07:08.783459,0.4,1762144627.879000,24,1,2554,FALSE,FALSE,FALSE,FALSE,
2540,2025-11-03T10:07:09.629559,2539.0,2025-11-03T10:07:09.784759,155.2,1762144629.684000,50,1,2556,2025-11-03T10:07:09.785078,0.3,1762144628.882000,26,1,2555,FALSE,FALSE,FALSE,FALSE,
2541,2025-11-03T10:07:10.629556,2540.0,2025-11-03T10:07:10.786818,157.3,1762144630.686000,49,1,2557,2025-11-03T10:07:10.787122,0.3,1762144629.883000,26,1,2556,FALSE,FALSE,FALSE,FALSE,
2542,2025-11-03T10:07:11.629570,2541.0,2025-11-03T10:07:11.789169,159.6,1762144631.688000,49,1,2558,2025-11-03T10:07:11.789460,0.3,1762144630.884000,26,1,2557,FALSE,FALSE,FALSE,FALSE,
2543,2025-11-03T10:07:12.629562,2542.0,2025-11-03T10:07:12.791113,161.5,1762144632.690000,49,1,2559,2025-11-03T10:07:12.791484,0.4,1762144631.886000,26,1,2558,FALSE,FALSE,FALSE,FALSE,
2544,2025-11-03T10:07:13.629580,2543.0,2025-11-03T10:07:13.793202,163.6,1762144633.692000,48,1,2560,2025-11-03T10:07:13.793568,0.4,1762144632.887000,26,1,2559,FALSE,FALSE,FALSE,FALSE,
2545,2025-11-03T10:07:14.629563,2544.0,2025-11-03T10:07:14.795919,166.4,1762144634.694000,49,1,2561,2025-11-03T10:07:14.796219,0.3,1762144633.889000,26,1,2560,FALSE,FALSE,FALSE,FALSE,
2546,2025-11-03T10:07:15.629571,2545.0,2025-11-03T10:07:15.798051,168.5,1762144635.697000,48,1,2562,2025-11-03T10:07:15.798350,0.3,1762144634.890000,26,1,2561,FALSE,FALSE,FALSE,FALSE,
2547,2025-11-03T10:07:16.629562,2546.0,2025-11-03T10:07:16.799860,170.3,1762144636.699000,50,1,2563,2025-11-03T10:07:16.800152,0.3,1762144635.891000,26,1,2562,FALSE,FALSE,FALSE,FALSE,
2548,2025-11-03T10:07:17.629558,2547.0,2025-11-03T10:07:17.801521,172.0,1762144637.700000,49,1,2564,2025-11-03T10:07:17.801879,0.3,1762144636.893000,26,1,2563,FALSE,FALSE,FALSE,FALSE,
2549,2025-11-03T10:07:18.629566,2548.0,2025-11-03T10:07:18.803542,174.0,1762144638.703000,49,1,2565,2025-11-03T10:07:18.803871,0.3,1762144637.895000,26,1,2564,FALSE,FALSE,FALSE,FALSE,
2550,2025-11-03T10:07:19.629580,2549.0,2025-11-03T10:07:19.805116,175.5,1762144639.704000,50,1,2566,2025-11-03T10:07:19.805435,0.3,1762144638.896000,26,1,2565,FALSE,FALSE,FALSE,FALSE,
2551,2025-11-03T10:07:20.629578,2550.0,2025-11-03T10:07:20.807522,177.9,1762144640.706000,49,1,2567,2025-11-03T10:07:20.807833,0.3,1762144639.898000,26,1,2566,FALSE,FALSE,FALSE,FALSE,
2552,2025-11-03T10:07:21.629568,2551.0,2025-11-03T10:07:21.810055,180.5,1762144641.710000,49,1,2568,2025-11-03T10:07:21.810349,0.3,1762144640.899000,26,1,2567,FALSE,FALSE,FALSE,FALSE,
2553,2025-11-03T10:07:22.629567,2552.0,2025-11-03T10:07:22.812323,182.8,1762144642.711000,50,1,2569,2025-11-03T10:07:22.812618,0.3,1762144641.900000,26,1,2568,FALSE,FALSE,FALSE,FALSE,
2554,2025-11-03T10:07:23.629560,2553.0,2025-11-03T10:07:23.814473,184.9,1762144643.714000,49,1,2570,2025-11-03T10:07:23.814785,0.3,1762144642.902000,26,1,2569,FALSE,FALSE,FALSE,FALSE,
2555,2025-11-03T10:07:24.629563,2554.0,2025-11-03T10:07:24.815866,186.3,1762144644.715000,49,1,2571,2025-11-03T10:07:24.816176,0.3,1762144643.903000,26,1,2570,FALSE,FALSE,FALSE,FALSE,
2556,2025-11-03T10:07:25.629564,2555.0,2025-11-03T10:07:25.817172,187.6,1762144645.716000,49,1,2572,2025-11-03T10:07:25.817466,0.3,1762144644.905000,26,1,2571,FALSE,FALSE,FALSE,FALSE,
2557,2025-11-03T10:07:26.629561,2556.0,2025-11-03T10:07:26.818770,189.2,1762144646.718000,49,1,2573,2025-11-03T10:07:26.819114,0.3,1762144645.907000,26,1,2572,FALSE,FALSE,FALSE,FALSE,
2558,2025-11-03T10:07:27.629564,2557.0,2025-11-03T10:07:27.819778,190.2,1762144647.719000,48,1,2574,2025-11-03T10:07:27.820089,0.3,1762144646.909000,26,1,2573,FALSE,FALSE,FALSE,FALSE,
2559,2025-11-03T10:07:28.629565,2558.0,2025-11-03T10:07:28.821380,191.8,1762144648.721000,49,1,2575,2025-11-03T10:07:28.821712,0.3,1762144647.911000,27,1,2574,FALSE,FALSE,FALSE,FALSE,
2560,2025-11-03T10:07:29.629565,2559.0,2025-11-03T10:07:29.822699,193.1,1762144649.722000,50,1,2576,2025-11-03T10:07:29.823002,0.3,1762144648.913000,26,1,2575,FALSE,FALSE,FALSE,FALSE,
2561,2025-11-03T10:07:30.629551,2560.0,2025-11-03T10:07:30.824080,194.6,1762144650.724000,49,1,2577,2025-11-03T10:07:30.824432,0.3,1762144649.915000,26,1,2576,FALSE,FALSE,FALSE,FALSE,
2562,2025-11-03T10:07:31.629569,2561.0,2025-11-03T10:07:31.825509,195.9,1762144651.725000,49,1,2578,2025-11-03T10:07:31.825811,0.3,1762144650.917000,26,1,2577,FALSE,FALSE,FALSE,FALSE,
2563,2025-11-03T10:07:32.629551,2562.0,2025-11-03T10:07:32.827238,197.7,1762144652.727000,50,1,2579,2025-11-03T10:07:32.827601,0.3,1762144651.918000,26,1,2578,FALSE,FALSE,FALSE,FALSE,
2564,2025-11-03T10:07:33.629556,2563.0,2025-11-03T10:07:33.829084,199.5,1762144653.728000,50,1,2580,2025-11-03T10:07:33.829467,0.4,1762144652.920000,26,1,2579,FALSE,FALSE,FALSE,FALSE,
2565,2025-11-03T10:07:34.629554,2564.0,2025-11-03T10:07:34.731476,101.9,1762144654.630000,45,1,2581,2025-11-03T10:07:34.731833,0.3,1762144653.921000,26,1,2580,FALSE,FALSE,FALSE,FALSE,
2566,2025-11-03T10:07:35.629570,2565.0,2025-11-03T10:07:35.733861,104.3,1762144655.632000,49,1,2582,2025-11-03T10:07:35.734200,0.3,1762144654.823000,23,1,2581,FALSE,FALSE,FALSE,FALSE,
2567,2025-11-03T10:07:36.629567,2566.0,2025-11-03T10:07:36.734963,105.4,1762144656.634000,48,1,2583,2025-11-03T10:07:36.735272,0.3,1762144655.824000,26,1,2582,FALSE,FALSE,FALSE,FALSE,
2568,2025-11-03T10:07:37.629576,2567.0,2025-11-03T10:07:37.736317,106.7,1762144657.636000,50,1,2584,2025-11-03T10:07:37.736624,0.3,1762144656.825000,26,1,2583,FALSE,FALSE,FALSE,FALSE,
2569,2025-11-03T10:07:38.629570,2568.0,2025-11-03T10:07:38.737665,108.1,1762144658.637000,50,1,2585,2025-11-03T10:07:38.737981,0.3,1762144657.827000,26,1,2584,FALSE,FALSE,FALSE,FALSE,
2570,2025-11-03T10:07:39.629580,2569.0,2025-11-03T10:07:39.739997,110.4,1762144659.639000,49,1,2586,2025-11-03T10:07:39.740321,0.3,1762144658.829000,27,1,2585,FALSE,FALSE,FALSE,FALSE,
2571,2025-11-03T10:07:40.629577,2570.0,2025-11-03T10:07:40.741781,112.2,1762144660.641000,49,1,2587,2025-11-03T10:07:40.742107,0.3,1762144659.832000,26,1,2586,FALSE,FALSE,FALSE,FALSE,
2572,2025-11-03T10:07:41.629577,2571.0,2025-11-03T10:07:41.743406,113.8,1762144661.643000,50,1,2588,2025-11-03T10:07:41.743726,0.3,1762144660.833000,26,1,2587,FALSE,FALSE,FALSE,FALSE,
2573,2025-11-03T10:07:42.629574,2572.0,2025-11-03T10:07:42.744878,115.3,1762144662.644000,49,1,2589,2025-11-03T10:07:42.745189,0.3,1762144661.835000,26,1,2588,FALSE,FALSE,FALSE,FALSE,
2574,2025-11-03T10:07:43.629578,2573.0,2025-11-03T10:07:43.746939,117.4,1762144663.646000,49,1,2590,2025-11-03T10:07:43.747644,0.7,1762144662.836000,26,1,2589,FALSE,FALSE,FALSE,FALSE,
2575,2025-11-03T10:07:44.629572,2574.0,2025-11-03T10:07:44.749102,119.5,1762144664.647000,50,1,2591,2025-11-03T10:07:44.749423,0.3,1762144663.838000,26,1,2590,FALSE,FALSE,FALSE,FALSE,
2576,2025-11-03T10:07:45.629573,2575.0,2025-11-03T10:07:45.751132,121.6,1762144665.650000,49,1,2592,2025-11-03T10:07:45.751541,0.4,1762144664.840000,26,1,2591,FALSE,FALSE,FALSE,FALSE,
2577,2025-11-03T10:07:46.629578,2576.0,2025-11-03T10:07:46.753314,123.7,1762144666.652000,49,1,2593,2025-11-03T10:07:46.753620,0.3,1762144665.841000,26,1,2592,FALSE,FALSE,FALSE,FALSE,
2578,2025-11-03T10:07:47.629579,2577.0,2025-11-03T10:07:47.755083,125.5,1762144667.654000,49,1,2594,2025-11-03T10:07:47.755446,0.4,1762144666.842000,26,1,2593,FALSE,FALSE,FALSE,FALSE,
2579,2025-11-03T10:07:48.629572,2578.0,2025-11-03T10:07:48.757170,127.6,1762144668.656000,49,1,2595,2025-11-03T10:07:48.757484,0.3,1762144667.843000,26,1,2594,FALSE,FALSE,FALSE,FALSE,
2580,2025-11-03T10:07:49.629574,2579.0,2025-11-03T10:07:49.759891,130.3,1762144669.659000,49,1,2596,2025-11-03T10:07:49.760281,0.4,1762144668.844000,26,1,2595,FALSE,FALSE,FALSE,FALSE,
2581,2025-11-03T10:07:50.629569,2580.0,2025-11-03T10:07:50.762268,132.7,1762144670.661000,49,1,2597,2025-11-03T10:07:50.762603,0.3,1762144669.846000,26,1,2596,FALSE,FALSE,FALSE,FALSE,
2582,2025-11-03T10:07:51.629568,2581.0,2025-11-03T10:07:51.764277,134.7,1762144671.663000,49,1,2598,2025-11-03T10:07:51.764590,0.3,1762144670.849000,26,1,2597,FALSE,FALSE,FALSE,FALSE,
2583,2025-11-03T10:07:52.629560,2582.0,2025-11-03T10:07:52.765891,136.3,1762144672.665000,49,1,2599,2025-11-03T10:07:52.771453,5.6,1762144671.850000,26,1,2598,FALSE,FALSE,FALSE,FALSE,
2584,2025-11-03T10:07:53.629564,2583.0,2025-11-03T10:07:53.767823,138.3,1762144673.667000,49,1,2600,2025-11-03T10:07:53.768146,0.3,1762144672.852000,26,1,2599,FALSE,FALSE,FALSE,FALSE,
2585,2025-11-03T10:07:54.629560,2584.0,2025-11-03T10:07:54.769776,140.2,1762144674.669000,49,1,2601,2025-11-03T10:07:54.770096,0.3,1762144673.854000,26,1,2600,FALSE,FALSE,FALSE,FALSE,
2586,2025-11-03T10:07:55.629576,2585.0,2025-11-03T10:07:55.771443,141.9,1762144675.671000,49,1,2602,2025-11-03T10:07:55.771799,0.3,1762144674.855000,26,1,2601,FALSE,FALSE,FALSE,FALSE,
2587,2025-11-03T10:07:56.629570,2586.0,2025-11-03T10:07:56.772826,143.3,1762144676.672000,49,1,2603,2025-11-03T10:07:56.773191,0.3,1762144675.857000,26,1,2602,FALSE,FALSE,FALSE,FALSE,
2588,2025-11-03T10:07:57.629602,2587.0,2025-11-03T10:07:57.774132,144.5,1762144677.673000,50,1,2604,2025-11-03T10:07:57.774465,0.3,1762144676.858000,26,1,2603,FALSE,FALSE,FALSE,FALSE,
2589,2025-11-03T10:07:58.629572,2588.0,2025-11-03T10:07:58.775430,145.9,1762144678.674000,50,1,2605,2025-11-03T10:07:58.775796,0.4,1762144677.859000,26,1,2604,FALSE,FALSE,FALSE,FALSE,
2590,2025-11-03T10:07:59.629573,2589.0,2025-11-03T10:07:59.776895,147.3,1762144679.676000,48,1,2606,2025-11-03T10:07:59.777205,0.3,1762144678.861000,25,1,2605,FALSE,FALSE,FALSE,FALSE,
2591,2025-11-03T10:08:00.629573,2590.0,2025-11-03T10:08:00.778239,148.7,1762144680.677000,48,1,2607,2025-11-03T10:08:00.778571,0.3,1762144679.862000,26,1,2606,FALSE,FALSE,FALSE,FALSE,
2592,2025-11-03T10:08:01.629565,2591.0,2025-11-03T10:08:01.779554,150.0,1762144681.679000,49,1,2608,2025-11-03T10:08:01.780176,0.6,1762144680.863000,26,1,2607,FALSE,FALSE,FALSE,FALSE,
2593,2025-11-03T10:08:02.629572,2592.0,2025-11-03T10:08:02.781086,151.5,1762144682.681000,50,1,2609,2025-11-03T10:08:02.781395,0.3,1762144681.864000,26,1,2608,FALSE,FALSE,FALSE,FALSE,
2594,2025-11-03T10:08:03.629566,2593.0,2025-11-03T10:08:03.782722,153.2,1762144683.682000,48,1,2610,2025-11-03T10:08:03.783031,0.3,1762144682.866000,26,1,2609,FALSE,FALSE,FALSE,FALSE,
2595,2025-11-03T10:08:04.629567,2594.0,2025-11-03T10:08:04.784421,154.9,1762144684.684000,49,1,2611,2025-11-03T10:08:04.784752,0.3,1762144683.867000,27,1,2610,FALSE,FALSE,FALSE,FALSE,
2596,2025-11-03T10:08:05.629571,2595.0,2025-11-03T10:08:05.786160,156.6,1762144685.685000,49,1,2612,2025-11-03T10:08:05.786467,0.3,1762144684.869000,26,1,2611,FALSE,FALSE,FALSE,FALSE,
2597,2025-11-03T10:08:06.629566,2596.0,2025-11-03T10:08:06.787835,158.3,1762144686.687000,49,1,2613,2025-11-03T10:08:06.788162,0.3,1762144685.870000,26,1,2612,FALSE,FALSE,FALSE,FALSE,
2598,2025-11-03T10:08:07.629583,2597.0,2025-11-03T10:08:07.789051,159.5,1762144687.688000,49,1,2614,2025-11-03T10:08:07.789386,0.3,1762144686.872000,26,1,2613,FALSE,FALSE,FALSE,FALSE,
2599,2025-11-03T10:08:08.629570,2598.0,2025-11-03T10:08:08.790237,160.7,1762144688.690000,49,1,2615,2025-11-03T10:08:08.790577,0.3,1762144687.873000,26,1,2614,FALSE,FALSE,FALSE,FALSE,
2600,2025-11-03T10:08:09.629646,2599.0,2025-11-03T10:08:09.791495,161.8,1762144689.691000,49,1,2616,2025-11-03T10:08:09.791799,0.3,1762144688.875000,26,1,2615,FALSE,FALSE,FALSE,FALSE,
2601,2025-11-03T10:08:10.629569,2600.0,2025-11-03T10:08:10.792872,163.3,1762144690.692000,50,1,2617,2025-11-03T10:08:10.793231,0.3,1762144689.876000,26,1,2616,FALSE,FALSE,FALSE,FALSE,
2602,2025-11-03T10:08:11.629571,2601.0,2025-11-03T10:08:11.793847,164.3,1762144691.694000,49,1,2618,2025-11-03T10:08:11.794173,0.3,1762144690.878000,26,1,2617,FALSE,FALSE,FALSE,FALSE,
2603,2025-11-03T10:08:12.629575,2602.0,2025-11-03T10:08:12.795282,165.7,1762144692.695000,50,1,2619,2025-11-03T10:08:12.795663,0.3,1762144691.880000,26,1,2618,FALSE,FALSE,FALSE,FALSE,
2604,2025-11-03T10:08:13.629578,2603.0,2025-11-03T10:08:13.796759,167.2,1762144693.696000,50,1,2620,2025-11-03T10:08:13.797067,0.3,1762144692.881000,26,1,2619,FALSE,FALSE,FALSE,FALSE,
2605,2025-11-03T10:08:14.629575,2604.0,2025-11-03T10:08:14.798309,168.7,1762144694.698000,50,1,2621,2025-11-03T10:08:14.798655,0.3,1762144693.883000,26,1,2620,FALSE,FALSE,FALSE,FALSE,
2606,2025-11-03T10:08:15.629579,2605.0,2025-11-03T10:08:15.800150,170.6,1762144695.699000,49,1,2622,2025-11-03T10:08:15.800493,0.3,1762144694.884000,26,1,2621,FALSE,FALSE,FALSE,FALSE,
2607,2025-11-03T10:08:16.629590,2606.0,2025-11-03T10:08:16.801565,172.0,1762144696.701000,49,1,2623,2025-11-03T10:08:16.801875,0.3,1762144695.886000,26,1,2622,FALSE,FALSE,FALSE,FALSE,
2608,2025-11-03T10:08:17.629638,2607.0,2025-11-03T10:08:17.802998,173.4,1762144697.702000,50,1,2624,2025-11-03T10:08:17.803352,0.3,1762144696.887000,26,1,2623,FALSE,FALSE,FALSE,FALSE,
2609,2025-11-03T10:08:18.629566,2608.0,2025-11-03T10:08:18.804295,174.7,1762144698.703000,50,1,2625,2025-11-03T10:08:18.804586,0.3,1762144697.889000,26,1,2624,FALSE,FALSE,FALSE,FALSE,
2610,2025-11-03T10:08:19.629580,2609.0,2025-11-03T10:08:19.806039,176.5,1762144699.705000,49,1,2626,2025-11-03T10:08:19.806393,0.3,1762144698.890000,26,1,2625,FALSE,FALSE,FALSE,FALSE,
2611,2025-11-03T10:08:20.629574,2610.0,2025-11-03T10:08:20.807147,177.6,1762144700.707000,50,1,2627,2025-11-03T10:08:20.807535,0.4,1762144699.892000,26,1,2626,FALSE,FALSE,FALSE,FALSE,
2612,2025-11-03T10:08:21.629572,2611.0,2025-11-03T10:08:21.808480,178.9,1762144701.708000,49,1,2628,2025-11-03T10:08:21.808765,0.3,1762144700.893000,26,1,2627,FALSE,FALSE,FALSE,FALSE,
2613,2025-11-03T10:08:22.629566,2612.0,2025-11-03T10:08:22.809654,180.1,1762144702.709000,49,1,2629,2025-11-03T10:08:22.809992,0.3,1762144701.895000,26,1,2628,FALSE,FALSE,FALSE,FALSE,
2614,2025-11-03T10:08:23.629576,2613.0,2025-11-03T10:08:23.810980,181.4,1762144703.710000,48,1,2630,2025-11-03T10:08:23.811296,0.4,1762144702.896000,26,1,2629,FALSE,FALSE,FALSE,FALSE,
2615,2025-11-03T10:08:24.629569,2614.0,2025-11-03T10:08:24.812264,182.7,1762144704.712000,50,1,2631,2025-11-03T10:08:24.812572,0.3,1762144703.897000,26,1,2630,FALSE,FALSE,FALSE,FALSE,
2616,2025-11-03T10:08:25.629584,2615.0,2025-11-03T10:08:25.813571,184.0,1762144705.713000,49,1,2632,2025-11-03T10:08:25.814038,0.5,1762144704.898000,26,1,2631,FALSE,FALSE,FALSE,FALSE,
2617,2025-11-03T10:08:26.629573,2616.0,2025-11-03T10:08:26.814853,185.3,1762144706.715000,49,1,2633,2025-11-03T10:08:26.815164,0.3,1762144705.900000,26,1,2632,FALSE,FALSE,FALSE,FALSE,
2618,2025-11-03T10:08:27.629568,2617.0,2025-11-03T10:08:27.816091,186.5,1762144707.716000,49,1,2634,2025-11-03T10:08:27.816413,0.3,1762144706.901000,26,1,2633,FALSE,FALSE,FALSE,FALSE,
2619,2025-11-03T10:08:28.629571,2618.0,2025-11-03T10:08:28.817523,187.9,1762144708.717000,48,1,2635,2025-11-03T10:08:28.817894,0.4,1762144707.902000,26,1,2634,FALSE,FALSE,FALSE,FALSE,
2620,2025-11-03T10:08:29.629571,2619.0,2025-11-03T10:08:29.818734,189.2,1762144709.718000,48,1,2636,2025-11-03T10:08:29.819053,0.3,1762144708.904000,26,1,2635,FALSE,FALSE,FALSE,FALSE,
2621,2025-11-03T10:08:30.629575,2620.0,2025-11-03T10:08:30.820205,190.6,1762144710.719000,49,1,2637,2025-11-03T10:08:30.820531,0.3,1762144709.905000,27,1,2636,FALSE,FALSE,FALSE,FALSE,
2622,2025-11-03T10:08:31.629580,2621.0,2025-11-03T10:08:31.821514,191.9,1762144711.721000,50,1,2638,2025-11-03T10:08:31.821859,0.3,1762144710.906000,26,1,2637,FALSE,FALSE,FALSE,FALSE,
2623,2025-11-03T10:08:32.629592,2622.0,2025-11-03T10:08:32.822879,193.3,1762144712.722000,49,1,2639,2025-11-03T10:08:32.823184,0.3,1762144711.907000,26,1,2638,FALSE,FALSE,FALSE,FALSE,
2624,2025-11-03T10:08:33.629569,2623.0,2025-11-03T10:08:33.824174,194.6,1762144713.724000,48,1,2640,2025-11-03T10:08:33.824492,0.3,1762144712.909000,26,1,2639,FALSE,FALSE,FALSE,FALSE,
2625,2025-11-03T10:08:34.629568,2624.0,2025-11-03T10:08:34.825538,196.0,1762144714.725000,50,1,2641,2025-11-03T10:08:34.825857,0.3,1762144713.910000,26,1,2640,FALSE,FALSE,FALSE,FALSE,
2626,2025-11-03T10:08:35.629569,2625.0,2025-11-03T10:08:35.826668,197.1,1762144715.726000,48,1,2642,2025-11-03T10:08:35.826999,0.3,1762144714.911000,26,1,2641,FALSE,FALSE,FALSE,FALSE,
2627,2025-11-03T10:08:36.629587,2626.0,2025-11-03T10:08:36.828260,198.7,1762144716.727000,49,1,2643,2025-11-03T10:08:36.828556,0.3,1762144715.913000,26,1,2642,FALSE,FALSE,FALSE,FALSE,
2628,2025-11-03T10:08:37.629568,2627.0,2025-11-03T10:08:37.830726,201.2,1762144717.730000,50,1,2644,2025-11-03T10:08:37.831085,0.3,1762144716.914000,26,1,2643,FALSE,FALSE,FALSE,FALSE,
2629,2025-11-03T10:08:38.629558,2628.0,2025-11-03T10:08:38.731896,102.4,1762144718.631000,44,1,2645,2025-11-03T10:08:38.732224,0.3,1762144717.915000,26,1,2644,FALSE,FALSE,FALSE,FALSE,
2630,2025-11-03T10:08:39.629565,2629.0,2025-11-03T10:08:39.733294,103.7,1762144719.632000,50,1,2646,2025-11-03T10:08:39.733591,0.3,1762144718.817000,23,1,2645,FALSE,FALSE,FALSE,FALSE,
2631,2025-11-03T10:08:40.629559,2630.0,2025-11-03T10:08:40.734767,105.2,1762144720.634000,49,1,2647,2025-11-03T10:08:40.735086,0.3,1762144719.818000,26,1,2646,FALSE,FALSE,FALSE,FALSE,
2632,2025-11-03T10:08:41.629573,2631.0,2025-11-03T10:08:41.736254,106.7,1762144721.635000,48,1,2648,2025-11-03T10:08:41.736574,0.3,1762144720.819000,26,1,2647,FALSE,FALSE,FALSE,FALSE,
2633,2025-11-03T10:08:42.629574,2632.0,2025-11-03T10:08:42.739163,109.6,1762144722.638000,49,1,2649,2025-11-03T10:08:42.739531,0.4,1762144721.821000,26,1,2648,FALSE,FALSE,FALSE,FALSE,
2634,2025-11-03T10:08:43.629576,2633.0,2025-11-03T10:08:43.740534,111.0,1762144723.640000,49,1,2650,2025-11-03T10:08:43.740850,0.3,1762144722.822000,26,1,2649,FALSE,FALSE,FALSE,FALSE,
2635,2025-11-03T10:08:44.629573,2634.0,2025-11-03T10:08:44.742051,112.5,1762144724.641000,49,1,2651,2025-11-03T10:08:44.742345,0.3,1762144723.824000,27,1,2650,FALSE,FALSE,FALSE,FALSE,
2636,2025-11-03T10:08:45.629578,2635.0,2025-11-03T10:08:45.743503,113.9,1762144725.643000,49,1,2652,2025-11-03T10:08:45.744134,0.6,1762144724.826000,26,1,2651,FALSE,FALSE,FALSE,FALSE,
2637,2025-11-03T10:08:46.629574,2636.0,2025-11-03T10:08:46.745119,115.5,1762144726.644000,49,1,2653,2025-11-03T10:08:46.745423,0.3,1762144725.828000,26,1,2652,FALSE,FALSE,FALSE,FALSE,
2638,2025-11-03T10:08:47.629569,2637.0,2025-11-03T10:08:47.746817,117.2,1762144727.646000,49,1,2654,2025-11-03T10:08:47.747289,0.5,1762144726.830000,26,1,2653,FALSE,FALSE,FALSE,FALSE,
2639,2025-11-03T10:08:48.629574,2638.0,2025-11-03T10:08:48.748832,119.3,1762144728.648000,49,1,2655,2025-11-03T10:08:48.749144,0.3,1762144727.830000,26,1,2654,FALSE,FALSE,FALSE,FALSE,
2640,2025-11-03T10:08:49.629582,2639.0,2025-11-03T10:08:49.751095,121.5,1762144729.651000,49,1,2656,2025-11-03T10:08:49.751464,0.4,1762144728.833000,26,1,2655,FALSE,FALSE,FALSE,FALSE,
2641,2025-11-03T10:08:50.629575,2640.0,2025-11-03T10:08:50.752381,122.8,1762144730.652000,48,1,2657,2025-11-03T10:08:50.752680,0.3,1762144729.835000,26,1,2656,FALSE,FALSE,FALSE,FALSE,
2642,2025-11-03T10:08:51.629576,2641.0,2025-11-03T10:08:51.753660,124.1,1762144731.653000,50,1,2658,2025-11-03T10:08:51.753983,0.3,1762144730.836000,26,1,2657,FALSE,FALSE,FALSE,FALSE,
2643,2025-11-03T10:08:52.629573,2642.0,2025-11-03T10:08:52.755147,125.6,1762144732.654000,49,1,2659,2025-11-03T10:08:52.755545,0.4,1762144731.838000,26,1,2658,FALSE,FALSE,FALSE,FALSE,
2644,2025-11-03T10:08:53.629576,2643.0,2025-11-03T10:08:53.757021,127.4,1762144733.656000,47,1,2660,2025-11-03T10:08:53.757684,0.7,1762144732.839000,26,1,2659,FALSE,FALSE,FALSE,FALSE,
2645,2025-11-03T10:08:54.629572,2644.0,2025-11-03T10:08:54.759292,129.8,1762144734.658000,50,1,2661,2025-11-03T10:08:54.760037,0.7,1762144733.841000,26,1,2660,FALSE,FALSE,FALSE,FALSE,
2646,2025-11-03T10:08:55.629581,2645.0,2025-11-03T10:08:55.761126,131.5,1762144735.660000,49,1,2662,2025-11-03T10:08:55.761476,0.3,1762144734.842000,26,1,2661,FALSE,FALSE,FALSE,FALSE,
2647,2025-11-03T10:08:56.629571,2646.0,2025-11-03T10:08:56.762605,133.0,1762144736.662000,48,1,2663,2025-11-03T10:08:56.762929,0.3,1762144735.843000,26,1,2662,FALSE,FALSE,FALSE,FALSE,
2648,2025-11-03T10:08:57.629576,2647.0,2025-11-03T10:08:57.764710,135.1,1762144737.664000,49,1,2664,2025-11-03T10:08:57.765151,0.4,1762144736.844000,26,1,2663,FALSE,FALSE,FALSE,FALSE,
2649,2025-11-03T10:08:58.629572,2648.0,2025-11-03T10:08:58.766021,136.4,1762144738.665000,50,1,2665,2025-11-03T10:08:58.766338,0.3,1762144737.845000,26,1,2664,FALSE,FALSE,FALSE,FALSE,
2650,2025-11-03T10:08:59.629573,2649.0,2025-11-03T10:08:59.767230,137.7,1762144739.666000,48,1,2666,2025-11-03T10:08:59.767579,0.3,1762144738.847000,26,1,2665,FALSE,FALSE,FALSE,FALSE,
2651,2025-11-03T10:09:00.629580,2650.0,2025-11-03T10:09:00.768521,138.9,1762144740.668000,49,1,2667,2025-11-03T10:09:00.768827,0.3,1762144739.848000,26,1,2666,FALSE,FALSE,FALSE,FALSE,
2652,2025-11-03T10:09:01.629579,2651.0,2025-11-03T10:09:01.769773,140.2,1762144741.669000,50,1,2668,2025-11-03T10:09:01.770094,0.3,1762144740.850000,26,1,2667,FALSE,FALSE,FALSE,FALSE,
2653,2025-11-03T10:09:02.629575,2652.0,2025-11-03T10:09:02.770994,141.4,1762144742.671000,49,1,2669,2025-11-03T10:09:02.771354,0.3,1762144741.851000,26,1,2668,FALSE,FALSE,FALSE,FALSE,
2654,2025-11-03T10:09:03.629576,2653.0,2025-11-03T10:09:03.772204,142.6,1762144743.672000,48,1,2670,2025-11-03T10:09:03.772804,0.6,1762144742.852000,26,1,2669,FALSE,FALSE,FALSE,FALSE,
2655,2025-11-03T10:09:04.629576,2654.0,2025-11-03T10:09:04.773647,144.1,1762144744.673000,49,1,2671,2025-11-03T10:09:04.773946,0.3,1762144743.853000,26,1,2670,FALSE,FALSE,FALSE,FALSE,
2656,2025-11-03T10:09:05.629575,2655.0,2025-11-03T10:09:05.775279,145.7,1762144745.675000,49,1,2672,2025-11-03T10:09:05.775625,0.3,1762144744.854000,26,1,2671,FALSE,FALSE,FALSE,FALSE,
2657,2025-11-03T10:09:06.629571,2656.0,2025-11-03T10:09:06.776747,147.2,1762144746.676000,49,1,2673,2025-11-03T10:09:06.777079,0.3,1762144745.856000,26,1,2672,FALSE,FALSE,FALSE,FALSE,
2658,2025-11-03T10:09:07.629571,2657.0,2025-11-03T10:09:07.778179,148.6,1762144747.677000,49,1,2674,2025-11-03T10:09:07.778497,0.3,1762144746.857000,26,1,2673,FALSE,FALSE,FALSE,FALSE,
2659,2025-11-03T10:09:08.629575,2658.0,2025-11-03T10:09:08.779830,150.2,1762144748.679000,49,1,2675,2025-11-03T10:09:08.780139,0.3,1762144747.859000,26,1,2674,FALSE,FALSE,FALSE,FALSE,
2660,2025-11-03T10:09:09.629564,2659.0,2025-11-03T10:09:09.781162,151.6,1762144749.681000,49,1,2676,2025-11-03T10:09:09.781489,0.3,1762144748.861000,26,1,2675,FALSE,FALSE,FALSE,FALSE,
2661,2025-11-03T10:09:10.629573,2660.0,2025-11-03T10:09:10.782825,153.2,1762144750.682000,49,1,2677,2025-11-03T10:09:10.783129,0.3,1762144749.862000,27,1,2676,FALSE,FALSE,FALSE,FALSE,
2662,2025-11-03T10:09:11.629570,2661.0,2025-11-03T10:09:11.784417,154.8,1762144751.684000,49,1,2678,2025-11-03T10:09:11.784751,0.3,1762144750.864000,26,1,2677,FALSE,FALSE,FALSE,FALSE,
2663,2025-11-03T10:09:12.629574,2662.0,2025-11-03T10:09:12.786316,156.7,1762144752.685000,49,1,2679,2025-11-03T10:09:12.786684,0.4,1762144751.865000,26,1,2678,FALSE,FALSE,FALSE,FALSE,
2664,2025-11-03T10:09:13.629646,2663.0,2025-11-03T10:09:13.788417,158.8,1762144753.687000,50,1,2680,2025-11-03T10:09:13.788739,0.3,1762144752.867000,26,1,2679,FALSE,FALSE,FALSE,FALSE,
2665,2025-11-03T10:09:14.629576,2664.0,2025-11-03T10:09:14.790279,160.7,1762144754.690000,49,1,2681,2025-11-03T10:09:14.790626,0.3,1762144753.869000,26,1,2680,FALSE,FALSE,FALSE,FALSE,
2666,2025-11-03T10:09:15.629574,2665.0,2025-11-03T10:09:15.791891,162.3,1762144755.691000,49,1,2682,2025-11-03T10:09:15.792198,0.3,1762144754.871000,26,1,2681,FALSE,FALSE,FALSE,FALSE,
2667,2025-11-03T10:09:16.629569,2666.0,2025-11-03T10:09:16.793093,163.5,1762144756.692000,49,1,2683,2025-11-03T10:09:16.793398,0.3,1762144755.872000,26,1,2682,FALSE,FALSE,FALSE,FALSE,
2668,2025-11-03T10:09:17.629574,2667.0,2025-11-03T10:09:17.794424,164.8,1762144757.693000,48,1,2684,2025-11-03T10:09:17.794768,0.3,1762144756.873000,26,1,2683,FALSE,FALSE,FALSE,FALSE,
2669,2025-11-03T10:09:18.629572,2668.0,2025-11-03T10:09:18.795887,166.3,1762144758.695000,49,1,2685,2025-11-03T10:09:18.796185,0.3,1762144757.874000,26,1,2684,FALSE,FALSE,FALSE,FALSE,
2670,2025-11-03T10:09:19.629580,2669.0,2025-11-03T10:09:19.797160,167.6,1762144759.697000,49,1,2686,2025-11-03T10:09:19.797491,0.3,1762144758.876000,26,1,2685,FALSE,FALSE,FALSE,FALSE,
2671,2025-11-03T10:09:20.629572,2670.0,2025-11-03T10:09:20.798472,168.9,1762144760.698000,49,1,2687,2025-11-03T10:09:20.798823,0.3,1762144759.877000,26,1,2686,FALSE,FALSE,FALSE,FALSE,
2672,2025-11-03T10:09:21.629567,2671.0,2025-11-03T10:09:21.800119,170.6,1762144761.699000,50,1,2688,2025-11-03T10:09:21.800504,0.4,1762144760.878000,26,1,2687,FALSE,FALSE,FALSE,FALSE,
2673,2025-11-03T10:09:22.629584,2672.0,2025-11-03T10:09:22.801101,171.5,1762144762.700000,50,1,2689,2025-11-03T10:09:22.801409,0.3,1762144761.880000,26,1,2688,FALSE,FALSE,FALSE,FALSE,
2674,2025-11-03T10:09:23.629568,2673.0,2025-11-03T10:09:23.802441,172.9,1762144763.702000,47,1,2690,2025-11-03T10:09:23.802749,0.3,1762144762.881000,26,1,2689,FALSE,FALSE,FALSE,FALSE,
2675,2025-11-03T10:09:24.629572,2674.0,2025-11-03T10:09:24.803941,174.4,1762144764.703000,49,1,2691,2025-11-03T10:09:24.804229,0.3,1762144763.882000,26,1,2690,FALSE,FALSE,FALSE,FALSE,
2676,2025-11-03T10:09:25.629573,2675.0,2025-11-03T10:09:25.805270,175.7,1762144765.705000,48,1,2692,2025-11-03T10:09:25.805587,0.3,1762144764.884000,26,1,2691,FALSE,FALSE,FALSE,FALSE,
2677,2025-11-03T10:09:26.629567,2676.0,2025-11-03T10:09:26.807126,177.6,1762144766.707000,49,1,2693,2025-11-03T10:09:26.807483,0.3,1762144765.886000,26,1,2692,FALSE,FALSE,FALSE,FALSE,
2678,2025-11-03T10:09:27.629568,2677.0,2025-11-03T10:09:27.808438,178.9,1762144767.708000,48,1,2694,2025-11-03T10:09:27.808727,0.3,1762144766.887000,26,1,2693,FALSE,FALSE,FALSE,FALSE,
2679,2025-11-03T10:09:28.629582,2678.0,2025-11-03T10:09:28.809839,180.3,1762144768.709000,49,1,2695,2025-11-03T10:09:28.810226,0.4,1762144767.888000,26,1,2694,FALSE,FALSE,FALSE,FALSE,
2680,2025-11-03T10:09:29.629578,2679.0,2025-11-03T10:09:29.811587,182.0,1762144769.711000,49,1,2696,2025-11-03T10:09:29.811906,0.3,1762144768.890000,26,1,2695,FALSE,FALSE,FALSE,FALSE,
2681,2025-11-03T10:09:30.629575,2680.0,2025-11-03T10:09:30.813610,184.0,1762144770.712000,49,1,2697,2025-11-03T10:09:30.813974,0.3,1762144769.891000,26,1,2696,FALSE,FALSE,FALSE,FALSE,
2682,2025-11-03T10:09:31.629579,2681.0,2025-11-03T10:09:31.815222,185.6,1762144771.714000,48,1,2698,2025-11-03T10:09:31.815590,0.4,1762144770.893000,26,1,2697,FALSE,FALSE,FALSE,FALSE,
2683,2025-11-03T10:09:32.629572,2682.0,2025-11-03T10:09:32.817309,187.7,1762144772.716000,50,1,2699,2025-11-03T10:09:32.817667,0.3,1762144771.895000,26,1,2698,FALSE,FALSE,FALSE,FALSE,
2684,2025-11-03T10:09:33.629567,2683.0,2025-11-03T10:09:33.819880,190.3,1762144773.719000,48,1,2700,2025-11-03T10:09:33.820207,0.3,1762144772.896000,25,1,2699,FALSE,FALSE,FALSE,FALSE,
2685,2025-11-03T10:09:34.629566,2684.0,2025-11-03T10:09:34.821775,192.2,1762144774.721000,49,1,2701,2025-11-03T10:09:34.822130,0.3,1762144773.899000,26,1,2700,FALSE,FALSE,FALSE,FALSE,
2686,2025-11-03T10:09:35.629575,2685.0,2025-11-03T10:09:35.823433,193.9,1762144775.723000,49,1,2702,2025-11-03T10:09:35.823782,0.3,1762144774.900000,27,1,2701,FALSE,FALSE,FALSE,FALSE,
2687,2025-11-03T10:09:36.629566,2686.0,2025-11-03T10:09:36.825311,195.7,1762144776.724000,49,1,2703,2025-11-03T10:09:36.825796,0.5,1762144775.901000,26,1,2702,FALSE,FALSE,FALSE,FALSE,
2688,2025-11-03T10:09:37.629569,2687.0,2025-11-03T10:09:37.827012,197.4,1762144777.726000,49,1,2704,2025-11-03T10:09:37.827410,0.4,1762144776.903000,26,1,2703,FALSE,FALSE,FALSE,FALSE,
2689,2025-11-03T10:09:38.629575,2688.0,2025-11-03T10:09:38.828819,199.2,1762144778.728000,50,1,2705,2025-11-03T10:09:38.829209,0.4,1762144777.904000,26,1,2704,FALSE,FALSE,FALSE,FALSE,
2690,2025-11-03T10:09:39.629573,2689.0,2025-11-03T10:09:39.735793,106.2,1762144779.630000,45,1,2706,2025-11-03T10:09:39.736248,0.4,1762144778.905000,26,1,2705,FALSE,FALSE,FALSE,FALSE,
2691,2025-11-03T10:09:40.629573,2690.0,2025-11-03T10:09:40.732326,102.7,1762144780.632000,50,1,2707,2025-11-03T10:09:40.732633,0.3,1762144779.807000,23,1,2706,FALSE,FALSE,FALSE,FALSE,
2692,2025-11-03T10:09:41.629575,2691.0,2025-11-03T10:09:41.735351,105.8,1762144781.635000,50,1,2708,2025-11-03T10:09:41.735683,0.3,1762144780.808000,26,1,2707,FALSE,FALSE,FALSE,FALSE,
2693,2025-11-03T10:09:42.629569,2692.0,2025-11-03T10:09:42.738068,108.5,1762144782.637000,49,1,2709,2025-11-03T10:09:42.738398,0.3,1762144781.809000,26,1,2708,FALSE,FALSE,FALSE,FALSE,
2694,2025-11-03T10:09:43.629578,2693.0,2025-11-03T10:09:43.740979,111.4,1762144783.639000,50,1,2710,2025-11-03T10:09:43.741288,0.3,1762144782.810000,26,1,2709,FALSE,FALSE,FALSE,FALSE,
2695,2025-11-03T10:09:44.629562,2694.0,2025-11-03T10:09:44.742831,113.3,1762144784.642000,50,1,2711,2025-11-03T10:09:44.743133,0.3,1762144783.812000,26,1,2710,FALSE,FALSE,FALSE,FALSE,
2696,2025-11-03T10:09:45.629562,2695.0,2025-11-03T10:09:45.744711,115.1,1762144785.644000,49,1,2712,2025-11-03T10:09:45.745034,0.3,1762144784.813000,26,1,2711,FALSE,FALSE,FALSE,FALSE,
2697,2025-11-03T10:09:46.629558,2696.0,2025-11-03T10:09:46.747505,117.9,1762144786.646000,49,1,2713,2025-11-03T10:09:46.747880,0.4,1762144785.814000,26,1,2712,FALSE,FALSE,FALSE,FALSE,
2698,2025-11-03T10:09:47.629563,2697.0,2025-11-03T10:09:47.749396,119.8,1762144787.648000,49,1,2714,2025-11-03T10:09:47.749689,0.3,1762144786.815000,26,1,2713,FALSE,FALSE,FALSE,FALSE,
2699,2025-11-03T10:09:48.629568,2698.0,2025-11-03T10:09:48.752207,122.6,1762144788.651000,49,1,2715,2025-11-03T10:09:48.752575,0.4,1762144787.816000,26,1,2714,FALSE,FALSE,FALSE,FALSE,
2700,2025-11-03T10:09:49.629578,2699.0,2025-11-03T10:09:49.753489,123.9,1762144789.653000,49,1,2716,2025-11-03T10:09:49.753820,0.3,1762144788.817000,26,1,2715,FALSE,FALSE,FALSE,FALSE,
2701,2025-11-03T10:09:50.629565,2700.0,2025-11-03T10:09:50.754833,125.3,1762144790.654000,48,1,2717,2025-11-03T10:09:50.755135,0.3,1762144789.818000,26,1,2716,FALSE,FALSE,FALSE,FALSE,
2702,2025-11-03T10:09:51.629559,2701.0,2025-11-03T10:09:51.756041,126.5,1762144791.655000,50,1,2718,2025-11-03T10:09:51.756371,0.3,1762144790.820000,27,1,2717,FALSE,FALSE,FALSE,FALSE,
2703,2025-11-03T10:09:52.629553,2702.0,2025-11-03T10:09:52.757437,127.9,1762144792.657000,49,1,2719,2025-11-03T10:09:52.757744,0.3,1762144791.821000,26,1,2718,FALSE,FALSE,FALSE,FALSE,
2704,2025-11-03T10:09:53.629565,2703.0,2025-11-03T10:09:53.759693,130.1,1762144793.659000,49,1,2720,2025-11-03T10:09:53.760012,0.3,1762144792.822000,26,1,2719,FALSE,FALSE,FALSE,FALSE,
2705,2025-11-03T10:09:54.629553,2704.0,2025-11-03T10:09:54.761357,131.8,1762144794.661000,49,1,2721,2025-11-03T10:09:54.761660,0.3,1762144793.823000,26,1,2720,FALSE,FALSE,FALSE,FALSE,
2706,2025-11-03T10:09:55.629569,2705.0,2025-11-03T10:09:55.762782,133.2,1762144795.663000,49,1,2722,2025-11-03T10:09:55.763100,0.3,1762144794.825000,26,1,2721,FALSE,FALSE,FALSE,FALSE,
2707,2025-11-03T10:09:56.629561,2706.0,2025-11-03T10:09:56.765298,135.7,1762144796.664000,49,1,2723,2025-11-03T10:09:56.765604,0.3,1762144795.826000,26,1,2722,FALSE,FALSE,FALSE,FALSE,
2708,2025-11-03T10:09:57.629553,2707.0,2025-11-03T10:09:57.767716,138.2,1762144797.666000,49,1,2724,2025-11-03T10:09:57.768033,0.3,1762144796.827000,26,1,2723,FALSE,FALSE,FALSE,FALSE,
2709,2025-11-03T10:09:58.629556,2708.0,2025-11-03T10:09:58.769780,140.2,1762144798.669000,49,1,2725,2025-11-03T10:09:58.770097,0.3,1762144797.828000,26,1,2724,FALSE,FALSE,FALSE,FALSE,
2710,2025-11-03T10:09:59.629564,2709.0,2025-11-03T10:09:59.771520,142.0,1762144799.671000,51,1,2726,2025-11-03T10:09:59.771879,0.3,1762144798.829000,26,1,2725,FALSE,FALSE,FALSE,FALSE,
2711,2025-11-03T10:10:00.629580,2710.0,2025-11-03T10:10:00.773857,144.3,1762144800.673000,48,1,2727,2025-11-03T10:10:00.774189,0.3,1762144799.831000,26,1,2726,FALSE,FALSE,FALSE,FALSE,
2712,2025-11-03T10:10:01.629576,2711.0,2025-11-03T10:10:01.777039,147.5,1762144801.676000,50,1,2728,2025-11-03T10:10:01.777682,0.6,1762144800.832000,26,1,2727,FALSE,FALSE,FALSE,FALSE,
2713,2025-11-03T10:10:02.629577,2712.0,2025-11-03T10:10:02.778564,149.0,1762144802.678000,49,1,2729,2025-11-03T10:10:02.778886,0.3,1762144801.834000,26,1,2728,FALSE,FALSE,FALSE,FALSE,
2714,2025-11-03T10:10:03.629565,2713.0,2025-11-03T10:10:03.780263,150.7,1762144803.680000,50,1,2730,2025-11-03T10:10:03.780577,0.3,1762144802.836000,26,1,2729,FALSE,FALSE,FALSE,FALSE,
2715,2025-11-03T10:10:04.629571,2714.0,2025-11-03T10:10:04.781806,152.2,1762144804.681000,49,1,2731,2025-11-03T10:10:04.782126,0.3,1762144803.837000,26,1,2730,FALSE,FALSE,FALSE,FALSE,
2716,2025-11-03T10:10:05.629570,2715.0,2025-11-03T10:10:05.783414,153.8,1762144805.682000,49,1,2732,2025-11-03T10:10:05.784047,0.6,1762144804.839000,26,1,2731,FALSE,FALSE,FALSE,FALSE,
2717,2025-11-03T10:10:06.629568,2716.0,2025-11-03T10:10:06.785362,155.8,1762144806.685000,49,1,2733,2025-11-03T10:10:06.785698,0.3,1762144805.840000,26,1,2732,FALSE,FALSE,FALSE,FALSE,
2718,2025-11-03T10:10:07.629584,2717.0,2025-11-03T10:10:07.787752,158.2,1762144807.686000,50,1,2734,2025-11-03T10:10:07.788073,0.3,1762144806.842000,26,1,2733,FALSE,FALSE,FALSE,FALSE,
2719,2025-11-03T10:10:08.629536,2718.0,2025-11-03T10:10:08.789757,160.2,1762144808.688000,50,1,2735,2025-11-03T10:10:08.790094,0.3,1762144807.843000,26,1,2734,FALSE,FALSE,FALSE,FALSE,
2720,2025-11-03T10:10:09.629557,2719.0,2025-11-03T10:10:09.792020,162.5,1762144809.691000,49,1,2736,2025-11-03T10:10:09.792336,0.3,1762144808.845000,26,1,2735,FALSE,FALSE,FALSE,FALSE,
2721,2025-11-03T10:10:10.629569,2720.0,2025-11-03T10:10:10.793574,164.0,1762144810.692000,49,1,2737,2025-11-03T10:10:10.793919,0.3,1762144809.846000,26,1,2736,FALSE,FALSE,FALSE,FALSE,
2722,2025-11-03T10:10:11.629561,2721.0,2025-11-03T10:10:11.795838,166.3,1762144811.695000,49,1,2738,2025-11-03T10:10:11.796154,0.3,1762144810.848000,26,1,2737,FALSE,FALSE,FALSE,FALSE,
2723,2025-11-03T10:10:12.629565,2722.0,2025-11-03T10:10:12.797344,167.8,1762144812.697000,49,1,2739,2025-11-03T10:10:12.797690,0.3,1762144811.849000,26,1,2738,FALSE,FALSE,FALSE,FALSE,
2724,2025-11-03T10:10:13.629569,2723.0,2025-11-03T10:10:13.799078,169.5,1762144813.698000,50,1,2740,2025-11-03T10:10:13.799448,0.4,1762144812.850000,26,1,2739,FALSE,FALSE,FALSE,FALSE,
2725,2025-11-03T10:10:14.629563,2724.0,2025-11-03T10:10:14.800692,171.1,1762144814.700000,49,1,2741,2025-11-03T10:10:14.801310,0.6,1762144813.852000,25,1,2740,FALSE,FALSE,FALSE,FALSE,
2726,2025-11-03T10:10:15.629564,2725.0,2025-11-03T10:10:15.802144,172.6,1762144815.702000,49,1,2742,2025-11-03T10:10:15.802492,0.3,1762144814.853000,26,1,2741,FALSE,FALSE,FALSE,FALSE,
2727,2025-11-03T10:10:16.629566,2726.0,2025-11-03T10:10:16.803708,174.1,1762144816.703000,49,1,2743,2025-11-03T10:10:16.804064,0.3,1762144815.855000,26,1,2742,FALSE,FALSE,FALSE,FALSE,
2728,2025-11-03T10:10:17.629565,2727.0,2025-11-03T10:10:17.805103,175.5,1762144817.705000,50,1,2744,2025-11-03T10:10:17.805413,0.3,1762144816.857000,27,1,2743,FALSE,FALSE,FALSE,FALSE,
2729,2025-11-03T10:10:18.629567,2728.0,2025-11-03T10:10:18.806480,176.9,1762144818.706000,49,1,2745,2025-11-03T10:10:18.806796,0.3,1762144817.858000,26,1,2744,FALSE,FALSE,FALSE,FALSE,
2730,2025-11-03T10:10:19.629578,2729.0,2025-11-03T10:10:19.808037,178.4,1762144819.707000,49,1,2746,2025-11-03T10:10:19.808371,0.3,1762144818.859000,26,1,2745,FALSE,FALSE,FALSE,FALSE,
2731,2025-11-03T10:10:20.629558,2730.0,2025-11-03T10:10:20.809471,179.9,1762144820.709000,50,1,2747,2025-11-03T10:10:20.809798,0.3,1762144819.860000,26,1,2746,FALSE,FALSE,FALSE,FALSE,
2732,2025-11-03T10:10:21.629563,2731.0,2025-11-03T10:10:21.810828,181.3,1762144821.710000,49,1,2748,2025-11-03T10:10:21.811159,0.3,1762144820.862000,26,1,2747,FALSE,FALSE,FALSE,FALSE,
2733,2025-11-03T10:10:22.629561,2732.0,2025-11-03T10:10:22.812788,183.2,1762144822.712000,50,1,2749,2025-11-03T10:10:22.813101,0.3,1762144821.863000,26,1,2748,FALSE,FALSE,FALSE,FALSE,
2734,2025-11-03T10:10:23.629570,2733.0,2025-11-03T10:10:23.815006,185.4,1762144823.714000,49,1,2750,2025-11-03T10:10:23.815410,0.4,1762144822.864000,26,1,2749,FALSE,FALSE,FALSE,FALSE,
2735,2025-11-03T10:10:24.629560,2734.0,2025-11-03T10:10:24.816270,186.7,1762144824.716000,50,1,2751,2025-11-03T10:10:24.816591,0.3,1762144823.866000,26,1,2750,FALSE,FALSE,FALSE,FALSE,
2736,2025-11-03T10:10:25.629571,2735.0,2025-11-03T10:10:25.818036,188.5,1762144825.717000,49,1,2752,2025-11-03T10:10:25.818345,0.3,1762144824.868000,26,1,2751,FALSE,FALSE,FALSE,FALSE,
2737,2025-11-03T10:10:26.629559,2736.0,2025-11-03T10:10:26.820607,191.0,1762144826.719000,50,1,2753,2025-11-03T10:10:26.820910,0.3,1762144825.869000,26,1,2752,FALSE,FALSE,FALSE,FALSE,
2738,2025-11-03T10:10:27.629573,2737.0,2025-11-03T10:10:27.822272,192.7,1762144827.722000,48,1,2754,2025-11-03T10:10:27.822602,0.3,1762144826.872000,26,1,2753,FALSE,FALSE,FALSE,FALSE,
2739,2025-11-03T10:10:28.629555,2738.0,2025-11-03T10:10:28.824289,194.7,1762144828.723000,49,1,2755,2025-11-03T10:10:28.824604,0.3,1762144827.874000,26,1,2754,FALSE,FALSE,FALSE,FALSE,
2740,2025-11-03T10:10:29.629563,2739.0,2025-11-03T10:10:29.826524,197.0,1762144829.725000,48,1,2756,2025-11-03T10:10:29.826820,0.3,1762144828.875000,26,1,2755,FALSE,FALSE,FALSE,FALSE,
2741,2025-11-03T10:10:30.629567,2740.0,2025-11-03T10:10:30.828123,198.6,1762144830.728000,48,1,2757,2025-11-03T10:10:30.828433,0.3,1762144829.877000,26,1,2756,FALSE,FALSE,FALSE,FALSE,
2742,2025-11-03T10:10:31.629607,2741.0,2025-11-03T10:10:31.829531,199.9,1762144831.729000,49,1,2758,2025-11-03T10:10:31.829830,0.3,1762144830.879000,26,1,2757,FALSE,FALSE,FALSE,FALSE,
2743,2025-11-03T10:10:32.629576,2742.0,2025-11-03T10:10:32.731149,101.6,1762144832.630000,45,1,2759,2025-11-03T10:10:32.731603,0.4,1762144831.881000,26,1,2758,FALSE,FALSE,FALSE,FALSE,
2744,2025-11-03T10:10:33.629575,2743.0,2025-11-03T10:10:33.732335,102.8,1762144833.632000,48,1,2760,2025-11-03T10:10:33.732666,0.3,1762144832.782000,24,1,2759,FALSE,FALSE,FALSE,FALSE,
2745,2025-11-03T10:10:34.629577,2744.0,2025-11-03T10:10:34.734582,105.0,1762144834.634000,49,1,2761,2025-11-03T10:10:34.734925,0.3,1762144833.783000,26,1,2760,FALSE,FALSE,FALSE,FALSE,
2746,2025-11-03T10:10:35.629571,2745.0,2025-11-03T10:10:35.736081,106.5,1762144835.636000,50,1,2762,2025-11-03T10:10:35.736414,0.3,1762144834.784000,26,1,2761,FALSE,FALSE,FALSE,FALSE,
2747,2025-11-03T10:10:36.629543,2746.0,2025-11-03T10:10:36.738339,108.8,1762144836.638000,50,1,2763,2025-11-03T10:10:36.738648,0.3,1762144835.786000,26,1,2762,FALSE,FALSE,FALSE,FALSE,
2748,2025-11-03T10:10:37.629578,2747.0,2025-11-03T10:10:37.739709,110.1,1762144837.639000,49,1,2764,2025-11-03T10:10:37.740004,0.3,1762144836.788000,26,1,2763,FALSE,FALSE,FALSE,FALSE,
2749,2025-11-03T10:10:38.629539,2748.0,2025-11-03T10:10:38.741033,111.5,1762144838.641000,49,1,2765,2025-11-03T10:10:38.741335,0.3,1762144837.790000,26,1,2764,FALSE,FALSE,FALSE,FALSE,
2750,2025-11-03T10:10:39.629573,2749.0,2025-11-03T10:10:39.742348,112.8,1762144839.642000,50,1,2766,2025-11-03T10:10:39.742659,0.3,1762144838.792000,26,1,2765,FALSE,FALSE,FALSE,FALSE,
2751,2025-11-03T10:10:40.629536,2750.0,2025-11-03T10:10:40.743665,114.1,1762144840.643000,50,1,2767,2025-11-03T10:10:40.743978,0.3,1762144839.793000,26,1,2766,FALSE,FALSE,FALSE,FALSE,
2752,2025-11-03T10:10:41.629563,2751.0,2025-11-03T10:10:41.745640,116.1,1762144841.645000,48,1,2768,2025-11-03T10:10:41.745984,0.3,1762144840.794000,26,1,2767,FALSE,FALSE,FALSE,FALSE,
2753,2025-11-03T10:10:42.629534,2752.0,2025-11-03T10:10:42.746770,117.2,1762144842.646000,48,1,2769,2025-11-03T10:10:42.747075,0.3,1762144841.796000,26,1,2768,FALSE,FALSE,FALSE,FALSE,
2754,2025-11-03T10:10:43.629570,2753.0,2025-11-03T10:10:43.748172,118.6,1762144843.648000,50,1,2770,2025-11-03T10:10:43.748567,0.4,1762144842.798000,26,1,2769,FALSE,FALSE,FALSE,FALSE,
2755,2025-11-03T10:10:44.629573,2754.0,2025-11-03T10:10:44.749492,119.9,1762144844.649000,48,1,2771,2025-11-03T10:10:44.749830,0.3,1762144843.799000,26,1,2770,FALSE,FALSE,FALSE,FALSE,
2756,2025-11-03T10:10:45.629560,2755.0,2025-11-03T10:10:45.751686,122.1,1762144845.651000,50,1,2772,2025-11-03T10:10:45.752035,0.3,1762144844.801000,26,1,2771,FALSE,FALSE,FALSE,FALSE,
2757,2025-11-03T10:10:46.629568,2756.0,2025-11-03T10:10:46.753400,123.8,1762144846.653000,49,1,2773,2025-11-03T10:10:46.753928,0.5,1762144845.803000,26,1,2772,FALSE,FALSE,FALSE,FALSE,
2758,2025-11-03T10:10:47.629569,2757.0,2025-11-03T10:10:47.755187,125.6,1762144847.654000,49,1,2774,2025-11-03T10:10:47.755571,0.4,1762144846.804000,26,1,2773,FALSE,FALSE,FALSE,FALSE,
2759,2025-11-03T10:10:48.629544,2758.0,2025-11-03T10:10:48.757017,127.5,1762144848.656000,47,1,2775,2025-11-03T10:10:48.757369,0.3,1762144847.806000,26,1,2774,FALSE,FALSE,FALSE,FALSE,
2760,2025-11-03T10:10:49.629574,2759.0,2025-11-03T10:10:49.758525,128.9,1762144849.658000,49,1,2776,2025-11-03T10:10:49.758829,0.3,1762144848.807000,26,1,2775,FALSE,FALSE,FALSE,FALSE,
2761,2025-11-03T10:10:50.629563,2760.0,2025-11-03T10:10:50.760917,131.4,1762144850.660000,49,1,2777,2025-11-03T10:10:50.761310,0.4,1762144849.809000,26,1,2776,FALSE,FALSE,FALSE,FALSE,
2762,2025-11-03T10:10:51.629572,2761.0,2025-11-03T10:10:51.761952,132.4,1762144851.662000,49,1,2778,2025-11-03T10:10:51.762277,0.3,1762144850.811000,26,1,2777,FALSE,FALSE,FALSE,FALSE,
2763,2025-11-03T10:10:52.629571,2762.0,2025-11-03T10:10:52.763238,133.7,1762144852.663000,49,1,2779,2025-11-03T10:10:52.763603,0.4,1762144851.812000,26,1,2778,FALSE,FALSE,FALSE,FALSE,
2764,2025-11-03T10:10:53.629567,2763.0,2025-11-03T10:10:53.764741,135.2,1762144853.664000,50,1,2780,2025-11-03T10:10:53.765092,0.3,1762144852.813000,26,1,2779,FALSE,FALSE,FALSE,FALSE,
2765,2025-11-03T10:10:54.629586,2764.0,2025-11-03T10:10:54.766684,137.1,1762144854.666000,49,1,2781,2025-11-03T10:10:54.767012,0.3,1762144853.816000,27,1,2780,FALSE,FALSE,FALSE,FALSE,
2766,2025-11-03T10:10:55.629571,2765.0,2025-11-03T10:10:55.768532,138.9,1762144855.667000,49,1,2782,2025-11-03T10:10:55.768842,0.3,1762144854.818000,26,1,2781,FALSE,FALSE,FALSE,FALSE,
2767,2025-11-03T10:10:56.629569,2766.0,2025-11-03T10:10:56.771001,141.4,1762144856.670000,49,1,2783,2025-11-03T10:10:56.771409,0.4,1762144855.820000,26,1,2782,FALSE,FALSE,FALSE,FALSE,
2768,2025-11-03T10:10:57.629572,2767.0,2025-11-03T10:10:57.773196,143.6,1762144857.672000,49,1,2784,2025-11-03T10:10:57.773497,0.3,1762144856.821000,26,1,2783,FALSE,FALSE,FALSE,FALSE,
2769,2025-11-03T10:10:58.629569,2768.0,2025-11-03T10:10:58.774570,145.0,1762144858.674000,48,1,2785,2025-11-03T10:10:58.774889,0.3,1762144857.823000,26,1,2784,FALSE,FALSE,FALSE,FALSE,
2770,2025-11-03T10:10:59.629573,2769.0,2025-11-03T10:10:59.776687,147.1,1762144859.676000,49,1,2786,2025-11-03T10:10:59.777023,0.3,1762144858.825000,26,1,2785,FALSE,FALSE,FALSE,FALSE,
2771,2025-11-03T10:11:00.629567,2770.0,2025-11-03T10:11:00.778455,148.9,1762144860.678000,50,1,2787,2025-11-03T10:11:00.778809,0.3,1762144859.827000,26,1,2786,FALSE,FALSE,FALSE,FALSE,
2772,2025-11-03T10:11:01.629572,2771.0,2025-11-03T10:11:01.780000,150.4,1762144861.679000,49,1,2788,2025-11-03T10:11:01.780343,0.3,1762144860.828000,26,1,2787,FALSE,FALSE,FALSE,FALSE,
2773,2025-11-03T10:11:02.629572,2772.0,2025-11-03T10:11:02.781332,151.8,1762144862.680000,49,1,2789,2025-11-03T10:11:02.781660,0.3,1762144861.830000,26,1,2788,FALSE,FALSE,FALSE,FALSE,
2774,2025-11-03T10:11:03.629572,2773.0,2025-11-03T10:11:03.782529,153.0,1762144863.682000,49,1,2790,2025-11-03T10:11:03.782859,0.3,1762144862.831000,26,1,2789,FALSE,FALSE,FALSE,FALSE,
2775,2025-11-03T10:11:04.629571,2774.0,2025-11-03T10:11:04.784035,154.5,1762144864.683000,50,1,2791,2025-11-03T10:11:04.784347,0.3,1762144863.833000,26,1,2790,FALSE,FALSE,FALSE,FALSE,
2776,2025-11-03T10:11:05.629577,2775.0,2025-11-03T10:11:05.785317,155.7,1762144865.684000,50,1,2792,2025-11-03T10:11:05.785660,0.3,1762144864.834000,26,1,2791,FALSE,FALSE,FALSE,FALSE,
2777,2025-11-03T10:11:06.629576,2776.0,2025-11-03T10:11:06.786745,157.2,1762144866.686000,48,1,2793,2025-11-03T10:11:06.787039,0.3,1762144865.836000,26,1,2792,FALSE,FALSE,FALSE,FALSE,
2778,2025-11-03T10:11:07.629579,2777.0,2025-11-03T10:11:07.788366,158.8,1762144867.687000,50,1,2794,2025-11-03T10:11:07.788957,0.6,1762144866.838000,26,1,2793,FALSE,FALSE,FALSE,FALSE,
2779,2025-11-03T10:11:08.629570,2778.0,2025-11-03T10:11:08.790517,160.9,1762144868.690000,49,1,2795,2025-11-03T10:11:08.790816,0.3,1762144867.839000,25,1,2794,FALSE,FALSE,FALSE,FALSE,
2780,2025-11-03T10:11:09.629577,2779.0,2025-11-03T10:11:09.791918,162.3,1762144869.691000,49,1,2796,2025-11-03T10:11:09.792237,0.3,1762144868.842000,26,1,2795,FALSE,FALSE,FALSE,FALSE,
2781,2025-11-03T10:11:10.629572,2780.0,2025-11-03T10:11:10.793563,164.0,1762144870.693000,49,1,2797,2025-11-03T10:11:10.793923,0.3,1762144869.843000,26,1,2796,FALSE,FALSE,FALSE,FALSE,
2782,2025-11-03T10:11:11.629571,2781.0,2025-11-03T10:11:11.795667,166.1,1762144871.695000,49,1,2798,2025-11-03T10:11:11.796002,0.3,1762144870.845000,26,1,2797,FALSE,FALSE,FALSE,FALSE,
2783,2025-11-03T10:11:12.629572,2782.0,2025-11-03T10:11:12.798770,169.2,1762144872.697000,49,1,2799,2025-11-03T10:11:12.799089,0.3,1762144871.847000,26,1,2798,FALSE,FALSE,FALSE,FALSE,
2784,2025-11-03T10:11:13.629580,2783.0,2025-11-03T10:11:13.800411,170.8,1762144873.700000,50,1,2800,2025-11-03T10:11:13.800844,0.4,1762144872.849000,26,1,2799,FALSE,FALSE,FALSE,FALSE,
2785,2025-11-03T10:11:14.629571,2784.0,2025-11-03T10:11:14.801817,172.2,1762144874.701000,49,1,2801,2025-11-03T10:11:14.802131,0.3,1762144873.850000,26,1,2800,FALSE,FALSE,FALSE,FALSE,
2786,2025-11-03T10:11:15.629573,2785.0,2025-11-03T10:11:15.803136,173.6,1762144875.702000,48,1,2802,2025-11-03T10:11:15.803535,0.4,1762144874.851000,26,1,2801,FALSE,FALSE,FALSE,FALSE,
2787,2025-11-03T10:11:16.629569,2786.0,2025-11-03T10:11:16.804472,174.9,1762144876.704000,49,1,2803,2025-11-03T10:11:16.805045,0.6,1762144875.853000,27,1,2802,FALSE,FALSE,FALSE,FALSE,
2788,2025-11-03T10:11:17.629581,2787.0,2025-11-03T10:11:17.805948,176.4,1762144877.705000,48,1,2804,2025-11-03T10:11:17.806280,0.3,1762144876.853000,26,1,2803,FALSE,FALSE,FALSE,FALSE,
2789,2025-11-03T10:11:18.629567,2788.0,2025-11-03T10:11:18.807048,177.5,1762144878.707000,50,1,2805,2025-11-03T10:11:18.807429,0.4,1762144877.855000,26,1,2804,FALSE,FALSE,FALSE,FALSE,
2790,2025-11-03T10:11:19.629589,2789.0,2025-11-03T10:11:19.808363,178.8,1762144879.708000,50,1,2806,2025-11-03T10:11:19.808725,0.3,1762144878.856000,26,1,2805,FALSE,FALSE,FALSE,FALSE,
2791,2025-11-03T10:11:20.629572,2790.0,2025-11-03T10:11:20.809782,180.2,1762144880.709000,49,1,2807,2025-11-03T10:11:20.810095,0.3,1762144879.857000,26,1,2806,FALSE,FALSE,FALSE,FALSE,
2792,2025-11-03T10:11:21.629568,2791.0,2025-11-03T10:11:21.811139,181.6,1762144881.711000,49,1,2808,2025-11-03T10:11:21.811556,0.4,1762144880.859000,26,1,2807,FALSE,FALSE,FALSE,FALSE,
2793,2025-11-03T10:11:22.629566,2792.0,2025-11-03T10:11:22.812464,182.9,1762144882.712000,48,1,2809,2025-11-03T10:11:22.812811,0.3,1762144881.860000,26,1,2808,FALSE,FALSE,FALSE,FALSE,
2794,2025-11-03T10:11:23.629568,2793.0,2025-11-03T10:11:23.813741,184.2,1762144883.713000,49,1,2810,2025-11-03T10:11:23.814052,0.3,1762144882.861000,26,1,2809,FALSE,FALSE,FALSE,FALSE,
2795,2025-11-03T10:11:24.629576,2794.0,2025-11-03T10:11:24.815754,186.2,1762144884.715000,50,1,2811,2025-11-03T10:11:24.816071,0.3,1762144883.863000,26,1,2810,FALSE,FALSE,FALSE,FALSE,
2796,2025-11-03T10:11:25.629574,2795.0,2025-11-03T10:11:25.822619,193.0,1762144885.716000,49,1,2812,2025-11-03T10:11:25.823114,0.5,1762144884.864000,26,1,2811,FALSE,FALSE,FALSE,FALSE,
2797,2025-11-03T10:11:26.629575,2796.0,2025-11-03T10:11:26.818707,189.1,1762144886.718000,48,1,2813,2025-11-03T10:11:26.819023,0.3,1762144885.865000,26,1,2812,FALSE,FALSE,FALSE,FALSE,
2798,2025-11-03T10:11:27.629570,2797.0,2025-11-03T10:11:27.820138,190.6,1762144887.719000,49,1,2814,2025-11-03T10:11:27.820464,0.3,1762144886.867000,26,1,2813,FALSE,FALSE,FALSE,FALSE,
2799,2025-11-03T10:11:28.629567,2798.0,2025-11-03T10:11:28.821434,191.9,1762144888.721000,49,1,2815,2025-11-03T10:11:28.821740,0.3,1762144887.869000,26,1,2814,FALSE,FALSE,FALSE,FALSE,
2800,2025-11-03T10:11:29.629587,2799.0,2025-11-03T10:11:29.822808,193.2,1762144889.722000,49,1,2816,2025-11-03T10:11:29.823160,0.3,1762144888.869000,26,1,2815,FALSE,FALSE,FALSE,FALSE,
2801,2025-11-03T10:11:30.629571,2800.0,2025-11-03T10:11:30.823977,194.4,1762144890.724000,50,1,2817,2025-11-03T10:11:30.824309,0.3,1762144889.871000,26,1,2816,FALSE,FALSE,FALSE,FALSE,
2802,2025-11-03T10:11:31.629571,2801.0,2025-11-03T10:11:31.825497,195.9,1762144891.725000,50,1,2818,2025-11-03T10:11:31.825814,0.3,1762144890.872000,26,1,2817,FALSE,FALSE,FALSE,FALSE,
2803,2025-11-03T10:11:32.629573,2802.0,2025-11-03T10:11:32.826956,197.4,1762144892.726000,48,1,2819,2025-11-03T10:11:32.827280,0.3,1762144891.873000,26,1,2818,FALSE,FALSE,FALSE,FALSE,
2804,2025-11-03T10:11:33.629566,2803.0,2025-11-03T10:11:33.829413,199.8,1762144893.729000,50,1,2820,2025-11-03T10:11:33.829763,0.3,1762144892.874000,26,1,2819,FALSE,FALSE,FALSE,FALSE,
2805,2025-11-03T10:11:34.629566,2804.0,2025-11-03T10:11:34.731098,101.5,1762144894.630000,44,1,2821,2025-11-03T10:11:34.731506,0.4,1762144893.876000,26,1,2820,FALSE,FALSE,FALSE,FALSE,
2806,2025-11-03T10:11:35.629568,2805.0,2025-11-03T10:11:35.732225,102.7,1762144895.632000,48,1,2822,2025-11-03T10:11:35.732530,0.3,1762144894.777000,24,1,2821,FALSE,FALSE,FALSE,FALSE,
2807,2025-11-03T10:11:36.629568,2806.0,2025-11-03T10:11:36.733883,104.3,1762144896.633000,50,1,2823,2025-11-03T10:11:36.734185,0.3,1762144895.779000,26,1,2822,FALSE,FALSE,FALSE,FALSE,
2808,2025-11-03T10:11:37.629576,2807.0,2025-11-03T10:11:37.735801,106.2,1762144897.635000,49,1,2824,2025-11-03T10:11:37.736108,0.3,1762144896.780000,26,1,2823,FALSE,FALSE,FALSE,FALSE,
2809,2025-11-03T10:11:38.629577,2808.0,2025-11-03T10:11:38.738097,108.5,1762144898.637000,49,1,2825,2025-11-03T10:11:38.738434,0.3,1762144897.781000,26,1,2824,FALSE,FALSE,FALSE,FALSE,
2810,2025-11-03T10:11:39.629569,2809.0,2025-11-03T10:11:39.739745,110.2,1762144899.639000,50,1,2826,2025-11-03T10:11:39.740079,0.3,1762144898.783000,26,1,2825,FALSE,FALSE,FALSE,FALSE,
2811,2025-11-03T10:11:40.629570,2810.0,2025-11-03T10:11:40.741099,111.5,1762144900.641000,50,1,2827,2025-11-03T10:11:40.741410,0.3,1762144899.784000,26,1,2826,FALSE,FALSE,FALSE,FALSE,
2812,2025-11-03T10:11:41.629579,2811.0,2025-11-03T10:11:41.742802,113.2,1762144901.642000,49,1,2828,2025-11-03T10:11:41.743099,0.3,1762144900.785000,26,1,2827,FALSE,FALSE,FALSE,FALSE,
2813,2025-11-03T10:11:42.629570,2812.0,2025-11-03T10:11:42.744413,114.8,1762144902.644000,50,1,2829,2025-11-03T10:11:42.744736,0.3,1762144901.786000,26,1,2828,FALSE,FALSE,FALSE,FALSE,
2814,2025-11-03T10:11:43.629574,2813.0,2025-11-03T10:11:43.746198,116.6,1762144903.645000,50,1,2830,2025-11-03T10:11:43.746568,0.4,1762144902.788000,26,1,2829,FALSE,FALSE,FALSE,FALSE,
2815,2025-11-03T10:11:44.629580,2814.0,2025-11-03T10:11:44.747539,118.0,1762144904.647000,50,1,2831,2025-11-03T10:11:44.747871,0.3,1762144903.789000,26,1,2830,FALSE,FALSE,FALSE,FALSE,
2816,2025-11-03T10:11:45.629572,2815.0,2025-11-03T10:11:45.748973,119.4,1762144905.648000,49,1,2832,2025-11-03T10:11:45.749281,0.3,1762144904.790000,26,1,2831,FALSE,FALSE,FALSE,FALSE,
2817,2025-11-03T10:11:46.629575,2816.0,2025-11-03T10:11:46.750272,120.7,1762144906.649000,48,1,2833,2025-11-03T10:11:46.750615,0.3,1762144905.791000,26,1,2832,FALSE,FALSE,FALSE,FALSE,
2818,2025-11-03T10:11:47.629576,2817.0,2025-11-03T10:11:47.751501,122.0,1762144907.651000,49,1,2834,2025-11-03T10:11:47.751916,0.3,1762144906.792000,26,1,2833,FALSE,FALSE,FALSE,FALSE,
2819,2025-11-03T10:11:48.629580,2818.0,2025-11-03T10:11:48.753440,123.9,1762144908.653000,49,1,2835,2025-11-03T10:11:48.753770,0.3,1762144907.793000,26,1,2834,FALSE,FALSE,FALSE,FALSE,
2820,2025-11-03T10:11:49.629576,2819.0,2025-11-03T10:11:49.754969,125.4,1762144909.654000,49,1,2836,2025-11-03T10:11:49.755377,0.4,1762144908.795000,26,1,2835,FALSE,FALSE,FALSE,FALSE,
2821,2025-11-03T10:11:50.629571,2820.0,2025-11-03T10:11:50.756994,127.4,1762144910.656000,50,1,2837,2025-11-03T10:11:50.757311,0.3,1762144909.796000,26,1,2836,FALSE,FALSE,FALSE,FALSE,
2822,2025-11-03T10:11:51.629571,2821.0,2025-11-03T10:11:51.758332,128.8,1762144911.658000,49,1,2838,2025-11-03T10:11:51.758667,0.3,1762144910.797000,26,1,2837,FALSE,FALSE,FALSE,FALSE,
2823,2025-11-03T10:11:52.629589,2822.0,2025-11-03T10:11:52.759904,130.3,1762144912.659000,49,1,2839,2025-11-03T10:11:52.760259,0.3,1762144911.798000,26,1,2838,FALSE,FALSE,FALSE,FALSE,
2824,2025-11-03T10:11:53.629590,2823.0,2025-11-03T10:11:53.760879,131.3,1762144913.661000,50,1,2840,2025-11-03T10:11:53.761199,0.3,1762144912.801000,26,1,2839,FALSE,FALSE,FALSE,FALSE,
2825,2025-11-03T10:11:54.629578,2824.0,2025-11-03T10:11:54.762430,132.8,1762144914.662000,49,1,2841,2025-11-03T10:11:54.762751,0.3,1762144913.802000,26,1,2840,FALSE,FALSE,FALSE,FALSE,
2826,2025-11-03T10:11:55.629571,2825.0,2025-11-03T10:11:55.764262,134.7,1762144915.664000,49,1,2842,2025-11-03T10:11:55.764620,0.3,1762144914.804000,26,1,2841,FALSE,FALSE,FALSE,FALSE,
2827,2025-11-03T10:11:56.629577,2826.0,2025-11-03T10:11:56.765402,135.8,1762144916.665000,49,1,2843,2025-11-03T10:11:56.765713,0.3,1762144915.805000,26,1,2842,FALSE,FALSE,FALSE,FALSE,
2828,2025-11-03T10:11:57.629574,2827.0,2025-11-03T10:11:57.766769,137.2,1762144917.666000,49,1,2844,2025-11-03T10:11:57.767085,0.3,1762144916.806000,26,1,2843,FALSE,FALSE,FALSE,FALSE,
2829,2025-11-03T10:11:58.629568,2828.0,2025-11-03T10:11:58.768059,138.5,1762144918.667000,49,1,2845,2025-11-03T10:11:58.768374,0.3,1762144917.808000,26,1,2844,FALSE,FALSE,FALSE,FALSE,
2830,2025-11-03T10:11:59.629570,2829.0,2025-11-03T10:11:59.769245,139.7,1762144919.669000,51,1,2846,2025-11-03T10:11:59.769581,0.3,1762144918.809000,26,1,2845,FALSE,FALSE,FALSE,FALSE,
2831,2025-11-03T10:12:00.629593,2830.0,2025-11-03T10:12:00.770892,141.3,1762144920.670000,48,1,2847,2025-11-03T10:12:00.771223,0.3,1762144919.810000,27,1,2846,FALSE,FALSE,FALSE,FALSE,
2832,2025-11-03T10:12:01.629577,2831.0,2025-11-03T10:12:01.772623,143.0,1762144921.672000,50,1,2848,2025-11-03T10:12:01.772947,0.3,1762144920.812000,25,1,2847,FALSE,FALSE,FALSE,FALSE,
2833,2025-11-03T10:12:02.629579,2832.0,2025-11-03T10:12:02.773977,144.4,1762144922.673000,49,1,2849,2025-11-03T10:12:02.774298,0.3,1762144921.813000,26,1,2848,FALSE,FALSE,FALSE,FALSE,
2834,2025-11-03T10:12:03.629574,2833.0,2025-11-03T10:12:03.775526,145.9,1762144923.674000,48,1,2850,2025-11-03T10:12:03.776068,0.5,1762144922.814000,26,1,2849,FALSE,FALSE,FALSE,FALSE,
2835,2025-11-03T10:12:04.629569,2834.0,2025-11-03T10:12:04.777181,147.6,1762144924.677000,50,1,2851,2025-11-03T10:12:04.777492,0.3,1762144923.816000,26,1,2850,FALSE,FALSE,FALSE,FALSE,
2836,2025-11-03T10:12:05.629574,2835.0,2025-11-03T10:12:05.778619,149.0,1762144925.678000,50,1,2852,2025-11-03T10:12:05.778953,0.3,1762144924.816000,26,1,2851,FALSE,FALSE,FALSE,FALSE,
2837,2025-11-03T10:12:06.629569,2836.0,2025-11-03T10:12:06.780224,150.7,1762144926.679000,49,1,2853,2025-11-03T10:12:06.780518,0.3,1762144925.819000,26,1,2852,FALSE,FALSE,FALSE,FALSE,
2838,2025-11-03T10:12:07.629577,2837.0,2025-11-03T10:12:07.782596,153.0,1762144927.681000,48,1,2854,2025-11-03T10:12:07.783124,0.5,1762144926.819000,26,1,2853,FALSE,FALSE,FALSE,FALSE,
2839,2025-11-03T10:12:08.629573,2838.0,2025-11-03T10:12:08.784797,155.2,1762144928.684000,50,1,2855,2025-11-03T10:12:08.785118,0.3,1762144927.821000,26,1,2854,FALSE,FALSE,FALSE,FALSE,
2840,2025-11-03T10:12:09.629569,2839.0,2025-11-03T10:12:09.786112,156.5,1762144929.686000,49,1,2856,2025-11-03T10:12:09.786717,0.6,1762144928.822000,26,1,2855,FALSE,FALSE,FALSE,FALSE,
2841,2025-11-03T10:12:10.629561,2840.0,2025-11-03T10:12:10.787824,158.3,1762144930.687000,48,1,2857,2025-11-03T10:12:10.788164,0.3,1762144929.825000,26,1,2856,FALSE,FALSE,FALSE,FALSE,
2842,2025-11-03T10:12:11.629569,2841.0,2025-11-03T10:12:11.789456,159.9,1762144931.689000,49,1,2858,2025-11-03T10:12:11.789762,0.3,1762144930.826000,26,1,2857,FALSE,FALSE,FALSE,FALSE,
2843,2025-11-03T10:12:12.629567,2842.0,2025-11-03T10:12:12.791046,161.5,1762144932.690000,49,1,2859,2025-11-03T10:12:12.791400,0.3,1762144931.829000,26,1,2858,FALSE,FALSE,FALSE,FALSE,
2844,2025-11-03T10:12:13.629575,2843.0,2025-11-03T10:12:13.792335,162.8,1762144933.692000,50,1,2860,2025-11-03T10:12:13.792653,0.3,1762144932.830000,26,1,2859,FALSE,FALSE,FALSE,FALSE,
2845,2025-11-03T10:12:14.629573,2844.0,2025-11-03T10:12:14.793788,164.2,1762144934.693000,48,1,2861,2025-11-03T10:12:14.794078,0.3,1762144933.831000,26,1,2860,FALSE,FALSE,FALSE,FALSE,
2846,2025-11-03T10:12:15.629578,2845.0,2025-11-03T10:12:15.795027,165.4,1762144935.694000,50,1,2862,2025-11-03T10:12:15.795391,0.4,1762144934.833000,26,1,2861,FALSE,FALSE,FALSE,FALSE,
2847,2025-11-03T10:12:16.629575,2846.0,2025-11-03T10:12:16.796415,166.8,1762144936.696000,48,1,2863,2025-11-03T10:12:16.796728,0.3,1762144935.834000,26,1,2862,FALSE,FALSE,FALSE,FALSE,
2848,2025-11-03T10:12:17.629574,2847.0,2025-11-03T10:12:17.797921,168.3,1762144937.697000,49,1,2864,2025-11-03T10:12:17.798231,0.3,1762144936.836000,25,1,2863,FALSE,FALSE,FALSE,FALSE,
2849,2025-11-03T10:12:18.629572,2848.0,2025-11-03T10:12:18.799227,169.6,1762144938.699000,49,1,2865,2025-11-03T10:12:18.799863,0.6,1762144937.837000,26,1,2864,FALSE,FALSE,FALSE,FALSE,
2850,2025-11-03T10:12:19.629579,2849.0,2025-11-03T10:12:19.800581,171.0,1762144939.700000,49,1,2866,2025-11-03T10:12:19.800905,0.3,1762144938.838000,26,1,2865,FALSE,FALSE,FALSE,FALSE,
2851,2025-11-03T10:12:20.629573,2850.0,2025-11-03T10:12:20.802332,172.8,1762144940.702000,48,1,2867,2025-11-03T10:12:20.802656,0.3,1762144939.840000,26,1,2866,FALSE,FALSE,FALSE,FALSE,
2852,2025-11-03T10:12:21.629568,2851.0,2025-11-03T10:12:21.804785,175.2,1762144941.704000,50,1,2868,2025-11-03T10:12:21.805192,0.4,1762144940.841000,26,1,2867,FALSE,FALSE,FALSE,FALSE,
2853,2025-11-03T10:12:22.629597,2852.0,2025-11-03T10:12:22.806859,177.3,1762144942.706000,48,1,2869,2025-11-03T10:12:22.807156,0.3,1762144941.842000,26,1,2868,FALSE,FALSE,FALSE,FALSE,
2854,2025-11-03T10:12:23.629572,2853.0,2025-11-03T10:12:23.807914,178.3,1762144943.707000,49,1,2870,2025-11-03T10:12:23.808254,0.3,1762144942.843000,26,1,2869,FALSE,FALSE,FALSE,FALSE,
2855,2025-11-03T10:12:24.629572,2854.0,2025-11-03T10:12:24.809398,179.8,1762144944.709000,50,1,2871,2025-11-03T10:12:24.809707,0.3,1762144943.845000,26,1,2870,FALSE,FALSE,FALSE,FALSE,
2856,2025-11-03T10:12:25.629576,2855.0,2025-11-03T10:12:25.810819,181.2,1762144945.710000,49,1,2872,2025-11-03T10:12:25.811181,0.3,1762144944.846000,26,1,2871,FALSE,FALSE,FALSE,FALSE,
2857,2025-11-03T10:12:26.629571,2856.0,2025-11-03T10:12:26.812121,182.5,1762144946.712000,48,1,2873,2025-11-03T10:12:26.812450,0.3,1762144945.847000,26,1,2872,FALSE,FALSE,FALSE,FALSE,
2858,2025-11-03T10:12:27.629571,2857.0,2025-11-03T10:12:27.813415,183.8,1762144947.713000,49,1,2874,2025-11-03T10:12:27.814069,0.6,1762144946.849000,27,1,2873,FALSE,FALSE,FALSE,FALSE,
2859,2025-11-03T10:12:28.629577,2858.0,2025-11-03T10:12:28.814721,185.1,1762144948.714000,49,1,2875,2025-11-03T10:12:28.815027,0.3,1762144947.850000,26,1,2874,FALSE,FALSE,FALSE,FALSE,
2860,2025-11-03T10:12:29.629573,2859.0,2025-11-03T10:12:29.816153,186.6,1762144949.716000,49,1,2876,2025-11-03T10:12:29.816472,0.3,1762144948.851000,26,1,2875,FALSE,FALSE,FALSE,FALSE,
2861,2025-11-03T10:12:30.629572,2860.0,2025-11-03T10:12:30.817522,187.9,1762144950.716000,49,1,2877,2025-11-03T10:12:30.817862,0.3,1762144949.852000,26,1,2876,FALSE,FALSE,FALSE,FALSE,
2862,2025-11-03T10:12:31.629575,2861.0,2025-11-03T10:12:31.819197,189.6,1762144951.718000,49,1,2878,2025-11-03T10:12:31.819612,0.4,1762144950.854000,26,1,2877,FALSE,FALSE,FALSE,FALSE,
2863,2025-11-03T10:12:32.629571,2862.0,2025-11-03T10:12:32.820609,191.0,1762144952.720000,49,1,2879,2025-11-03T10:12:32.820956,0.3,1762144951.856000,26,1,2878,FALSE,FALSE,FALSE,FALSE,
2864,2025-11-03T10:12:33.629569,2863.0,2025-11-03T10:12:33.822167,192.6,1762144953.721000,49,1,2880,2025-11-03T10:12:33.822509,0.3,1762144952.857000,26,1,2879,FALSE,FALSE,FALSE,FALSE,
2865,2025-11-03T10:12:34.629585,2864.0,2025-11-03T10:12:34.825014,195.4,1762144954.724000,48,1,2881,2025-11-03T10:12:34.825389,0.4,1762144953.858000,26,1,2880,FALSE,FALSE,FALSE,FALSE,
2866,2025-11-03T10:12:35.629575,2865.0,2025-11-03T10:12:35.827278,197.7,1762144955.726000,49,1,2882,2025-11-03T10:12:35.827705,0.4,1762144954.859000,26,1,2881,FALSE,FALSE,FALSE,FALSE,
2867,2025-11-03T10:12:36.629570,2866.0,2025-11-03T10:12:36.829340,199.8,1762144956.728000,49,1,2883,2025-11-03T10:12:36.829693,0.3,1762144955.860000,26,1,2882,FALSE,FALSE,FALSE,FALSE,
2868,2025-11-03T10:12:37.629570,2867.0,2025-11-03T10:12:37.830809,201.2,1762144957.730000,49,1,2884,2025-11-03T10:12:37.831131,0.3,1762144956.861000,26,1,2883,FALSE,FALSE,FALSE,FALSE,
2869,2025-11-03T10:12:38.629577,2868.0,2025-11-03T10:12:38.732269,102.7,1762144958.632000,44,1,2885,2025-11-03T10:12:38.732595,0.3,1762144957.863000,26,1,2884,FALSE,FALSE,FALSE,FALSE,
2870,2025-11-03T10:12:39.629570,2869.0,2025-11-03T10:12:39.734371,104.8,1762144959.633000,49,1,2886,2025-11-03T10:12:39.734706,0.3,1762144958.764000,23,1,2885,FALSE,FALSE,FALSE,FALSE,
2871,2025-11-03T10:12:40.629571,2870.0,2025-11-03T10:12:40.735718,106.1,1762144960.635000,49,1,2887,2025-11-03T10:12:40.736043,0.3,1762144959.766000,26,1,2886,FALSE,FALSE,FALSE,FALSE,
2872,2025-11-03T10:12:41.629570,2871.0,2025-11-03T10:12:41.737501,107.9,1762144961.637000,49,1,2888,2025-11-03T10:12:41.737868,0.3,1762144960.767000,26,1,2887,FALSE,FALSE,FALSE,FALSE,
2873,2025-11-03T10:12:42.629568,2872.0,2025-11-03T10:12:42.738941,109.4,1762144962.638000,49,1,2889,2025-11-03T10:12:42.739256,0.3,1762144961.768000,27,1,2888,FALSE,FALSE,FALSE,FALSE,
2874,2025-11-03T10:12:43.629577,2873.0,2025-11-03T10:12:43.740260,110.7,1762144963.640000,50,1,2890,2025-11-03T10:12:43.740642,0.4,1762144962.770000,26,1,2889,FALSE,FALSE,FALSE,FALSE,
2875,2025-11-03T10:12:44.629564,2874.0,2025-11-03T10:12:44.741613,112.0,1762144964.641000,50,1,2891,2025-11-03T10:12:44.742018,0.4,1762144963.771000,26,1,2890,FALSE,FALSE,FALSE,FALSE,
2876,2025-11-03T10:12:45.629569,2875.0,2025-11-03T10:12:45.743663,114.1,1762144965.643000,50,1,2892,2025-11-03T10:12:45.744009,0.3,1762144964.773000,26,1,2891,FALSE,FALSE,FALSE,FALSE,
2877,2025-11-03T10:12:46.629570,2876.0,2025-11-03T10:12:46.745272,115.7,1762144966.645000,48,1,2893,2025-11-03T10:12:46.745628,0.3,1762144965.774000,26,1,2892,FALSE,FALSE,FALSE,FALSE,
2878,2025-11-03T10:12:47.629576,2877.0,2025-11-03T10:12:47.746548,117.0,1762144967.646000,50,1,2894,2025-11-03T10:12:47.746863,0.3,1762144966.775000,26,1,2893,FALSE,FALSE,FALSE,FALSE,
2879,2025-11-03T10:12:48.629570,2878.0,2025-11-03T10:12:48.747972,118.4,1762144968.647000,49,1,2895,2025-11-03T10:12:48.748280,0.3,1762144967.776000,26,1,2894,FALSE,FALSE,FALSE,FALSE,
2880,2025-11-03T10:12:49.629577,2879.0,2025-11-03T10:12:49.749400,119.8,1762144969.649000,48,1,2896,2025-11-03T10:12:49.749743,0.3,1762144968.777000,26,1,2895,FALSE,FALSE,FALSE,FALSE,
2881,2025-11-03T10:12:50.629567,2880.0,2025-11-03T10:12:50.750785,121.2,1762144970.650000,50,1,2897,2025-11-03T10:12:50.751079,0.3,1762144969.779000,26,1,2896,FALSE,FALSE,FALSE,FALSE,
2882,2025-11-03T10:12:51.629570,2881.0,2025-11-03T10:12:51.751962,122.4,1762144971.652000,49,1,2898,2025-11-03T10:12:51.752274,0.3,1762144970.781000,26,1,2897,FALSE,FALSE,FALSE,FALSE,
2883,2025-11-03T10:12:52.629568,2882.0,2025-11-03T10:12:52.753400,123.8,1762144972.653000,47,1,2899,2025-11-03T10:12:52.753703,0.3,1762144971.782000,26,1,2898,FALSE,FALSE,FALSE,FALSE,
2884,2025-11-03T10:12:53.629566,2883.0,2025-11-03T10:12:53.754696,125.1,1762144973.654000,48,1,2900,2025-11-03T10:12:53.755020,0.3,1762144972.783000,26,1,2899,FALSE,FALSE,FALSE,FALSE,
2885,2025-11-03T10:12:54.629564,2884.0,2025-11-03T10:12:54.756247,126.7,1762144974.655000,49,1,2901,2025-11-03T10:12:54.756591,0.3,1762144973.785000,26,1,2900,FALSE,FALSE,FALSE,FALSE,
2886,2025-11-03T10:12:55.629544,2885.0,2025-11-03T10:12:55.757422,127.9,1762144975.657000,48,1,2902,2025-11-03T10:12:55.757938,0.5,1762144974.786000,26,1,2901,FALSE,FALSE,FALSE,FALSE,
2887,2025-11-03T10:12:56.629569,2886.0,2025-11-03T10:12:56.758850,129.3,1762144976.658000,49,1,2903,2025-11-03T10:12:56.759167,0.3,1762144975.788000,26,1,2902,FALSE,FALSE,FALSE,FALSE,
2888,2025-11-03T10:12:57.629578,2887.0,2025-11-03T10:12:57.760328,130.7,1762144977.660000,49,1,2904,2025-11-03T10:12:57.760655,0.3,1762144976.789000,26,1,2903,FALSE,FALSE,FALSE,FALSE,
2889,2025-11-03T10:12:58.629573,2888.0,2025-11-03T10:12:58.761784,132.2,1762144978.661000,49,1,2905,2025-11-03T10:12:58.762096,0.3,1762144977.790000,26,1,2904,FALSE,FALSE,FALSE,FALSE,
2890,2025-11-03T10:12:59.629574,2889.0,2025-11-03T10:12:59.763011,133.4,1762144979.662000,50,1,2906,2025-11-03T10:12:59.763376,0.4,1762144978.792000,26,1,2905,FALSE,FALSE,FALSE,FALSE,
2891,2025-11-03T10:13:00.629571,2890.0,2025-11-03T10:13:00.765154,135.6,1762144980.664000,50,1,2907,2025-11-03T10:13:00.765478,0.3,1762144979.794000,26,1,2906,FALSE,FALSE,FALSE,FALSE,
2892,2025-11-03T10:13:01.629564,2891.0,2025-11-03T10:13:01.767421,137.9,1762144981.666000,49,1,2908,2025-11-03T10:13:01.767726,0.3,1762144980.795000,26,1,2907,FALSE,FALSE,FALSE,FALSE,
2893,2025-11-03T10:13:02.629571,2892.0,2025-11-03T10:13:02.769269,139.7,1762144982.668000,49,1,2909,2025-11-03T10:13:02.769598,0.3,1762144981.797000,26,1,2908,FALSE,FALSE,FALSE,FALSE,
2894,2025-11-03T10:13:03.629578,2893.0,2025-11-03T10:13:03.771676,142.1,1762144983.671000,50,1,2910,2025-11-03T10:13:03.772020,0.3,1762144982.799000,26,1,2909,FALSE,FALSE,FALSE,FALSE,
2895,2025-11-03T10:13:04.629565,2894.0,2025-11-03T10:13:04.772932,143.4,1762144984.672000,49,1,2911,2025-11-03T10:13:04.773261,0.3,1762144983.800000,26,1,2910,FALSE,FALSE,FALSE,FALSE,
2896,2025-11-03T10:13:05.629574,2895.0,2025-11-03T10:13:05.774330,144.8,1762144985.674000,49,1,2912,2025-11-03T10:13:05.774674,0.3,1762144984.802000,26,1,2911,FALSE,FALSE,FALSE,FALSE,
2897,2025-11-03T10:13:06.629563,2896.0,2025-11-03T10:13:06.775595,146.0,1762144986.676000,48,1,2913,2025-11-03T10:13:06.775910,0.3,1762144985.802000,26,1,2912,FALSE,FALSE,FALSE,FALSE,
2898,2025-11-03T10:13:07.629574,2897.0,2025-11-03T10:13:07.776964,147.4,1762144987.676000,48,1,2914,2025-11-03T10:13:07.777325,0.3,1762144986.804000,26,1,2913,FALSE,FALSE,FALSE,FALSE,
2899,2025-11-03T10:13:08.629571,2898.0,2025-11-03T10:13:08.778369,148.8,1762144988.678000,49,1,2915,2025-11-03T10:13:08.778664,0.3,1762144987.805000,26,1,2914,FALSE,FALSE,FALSE,FALSE,
2900,2025-11-03T10:13:09.629573,2899.0,2025-11-03T10:13:09.779761,150.2,1762144989.680000,49,1,2916,2025-11-03T10:13:09.780066,0.3,1762144988.807000,27,1,2915,FALSE,FALSE,FALSE,FALSE,
2901,2025-11-03T10:13:10.629565,2900.0,2025-11-03T10:13:10.781066,151.5,1762144990.681000,49,1,2917,2025-11-03T10:13:10.781399,0.3,1762144989.808000,26,1,2916,FALSE,FALSE,FALSE,FALSE,
2902,2025-11-03T10:13:11.629572,2901.0,2025-11-03T10:13:11.782490,152.9,1762144991.681000,49,1,2918,2025-11-03T10:13:11.782778,0.3,1762144990.809000,26,1,2917,FALSE,FALSE,FALSE,FALSE,
2903,2025-11-03T10:13:12.629571,2902.0,2025-11-03T10:13:12.790436,160.9,1762144992.684000,49,1,2919,2025-11-03T10:13:12.790904,0.5,1762144991.810000,26,1,2918,FALSE,FALSE,FALSE,FALSE,
2904,2025-11-03T10:13:13.629574,2903.0,2025-11-03T10:13:13.787452,157.9,1762144993.687000,49,1,2920,2025-11-03T10:13:13.787784,0.3,1762144992.812000,26,1,2919,FALSE,FALSE,FALSE,FALSE,
2905,2025-11-03T10:13:14.629570,2904.0,2025-11-03T10:13:14.789769,160.2,1762144994.689000,49,1,2921,2025-11-03T10:13:14.790077,0.3,1762144993.813000,26,1,2920,FALSE,FALSE,FALSE,FALSE,
2906,2025-11-03T10:13:15.629570,2905.0,2025-11-03T10:13:15.791866,162.3,1762144995.691000,49,1,2922,2025-11-03T10:13:15.792171,0.3,1762144994.814000,26,1,2921,FALSE,FALSE,FALSE,FALSE,
2907,2025-11-03T10:13:16.629567,2906.0,2025-11-03T10:13:16.793368,163.8,1762144996.693000,49,1,2923,2025-11-03T10:13:16.793684,0.3,1762144995.815000,26,1,2922,FALSE,FALSE,FALSE,FALSE,
2908,2025-11-03T10:13:17.629571,2907.0,2025-11-03T10:13:17.794699,165.1,1762144997.694000,50,1,2924,2025-11-03T10:13:17.795014,0.3,1762144996.817000,26,1,2923,FALSE,FALSE,FALSE,FALSE,
2909,2025-11-03T10:13:18.629571,2908.0,2025-11-03T10:13:18.796157,166.6,1762144998.695000,49,1,2925,2025-11-03T10:13:18.796466,0.3,1762144997.818000,26,1,2924,FALSE,FALSE,FALSE,FALSE,
2910,2025-11-03T10:13:19.629574,2909.0,2025-11-03T10:13:19.798810,169.2,1762144999.699000,50,1,2926,2025-11-03T10:13:19.799112,0.3,1762144998.820000,26,1,2925,FALSE,FALSE,FALSE,FALSE,
2911,2025-11-03T10:13:20.629572,2910.0,2025-11-03T10:13:20.800240,170.7,1762145000.700000,50,1,2927,2025-11-03T10:13:20.800799,0.5,1762144999.821000,26,1,2926,FALSE,FALSE,FALSE,FALSE,
2912,2025-11-03T10:13:21.629566,2911.0,2025-11-03T10:13:21.801745,172.2,1762145001.701000,49,1,2928,2025-11-03T10:13:21.802060,0.3,1762145000.822000,26,1,2927,FALSE,FALSE,FALSE,FALSE,
2913,2025-11-03T10:13:22.629586,2912.0,2025-11-03T10:13:22.803825,174.2,1762145002.703000,48,1,2929,2025-11-03T10:13:22.804130,0.3,1762145001.824000,26,1,2928,FALSE,FALSE,FALSE,FALSE,
2914,2025-11-03T10:13:23.629575,2913.0,2025-11-03T10:13:23.805476,175.9,1762145003.705000,49,1,2930,2025-11-03T10:13:23.806002,0.5,1762145002.826000,26,1,2929,FALSE,FALSE,FALSE,FALSE,
2915,2025-11-03T10:13:24.629570,2914.0,2025-11-03T10:13:24.806856,177.3,1762145004.707000,50,1,2931,2025-11-03T10:13:24.807188,0.3,1762145003.826000,26,1,2930,FALSE,FALSE,FALSE,FALSE,
2916,2025-11-03T10:13:25.629571,2915.0,2025-11-03T10:13:25.808405,178.8,1762145005.708000,51,1,2932,2025-11-03T10:13:25.808744,0.3,1762145004.828000,26,1,2931,FALSE,FALSE,FALSE,FALSE,
2917,2025-11-03T10:13:26.629575,2916.0,2025-11-03T10:13:26.809711,180.1,1762145006.709000,50,1,2933,2025-11-03T10:13:26.810036,0.3,1762145005.829000,26,1,2932,FALSE,FALSE,FALSE,FALSE,
2918,2025-11-03T10:13:27.629579,2917.0,2025-11-03T10:13:27.811439,181.9,1762145007.711000,49,1,2934,2025-11-03T10:13:27.811750,0.3,1762145006.831000,26,1,2933,FALSE,FALSE,FALSE,FALSE,
2919,2025-11-03T10:13:28.629581,2918.0,2025-11-03T10:13:28.812926,183.3,1762145008.713000,49,1,2935,2025-11-03T10:13:28.813240,0.3,1762145007.832000,26,1,2934,FALSE,FALSE,FALSE,FALSE,
2920,2025-11-03T10:13:29.629596,2919.0,2025-11-03T10:13:29.814803,185.2,1762145009.714000,49,1,2936,2025-11-03T10:13:29.815598,0.8,1762145008.833000,26,1,2935,FALSE,FALSE,FALSE,FALSE,
2921,2025-11-03T10:13:30.629572,2920.0,2025-11-03T10:13:30.816314,186.7,1762145010.716000,49,1,2937,2025-11-03T10:13:30.816624,0.3,1762145009.834000,26,1,2936,FALSE,FALSE,FALSE,FALSE,
2922,2025-11-03T10:13:31.629573,2921.0,2025-11-03T10:13:31.818220,188.6,1762145011.718000,50,1,2938,2025-11-03T10:13:31.818545,0.3,1762145010.835000,26,1,2937,FALSE,FALSE,FALSE,FALSE,
2923,2025-11-03T10:13:32.629570,2922.0,2025-11-03T10:13:32.819780,190.2,1762145012.719000,48,1,2939,2025-11-03T10:13:32.820095,0.3,1762145011.837000,26,1,2938,FALSE,FALSE,FALSE,FALSE,
2924,2025-11-03T10:13:33.629571,2923.0,2025-11-03T10:13:33.821309,191.7,1762145013.721000,50,1,2940,2025-11-03T10:13:33.821656,0.3,1762145012.839000,26,1,2939,FALSE,FALSE,FALSE,FALSE,
2925,2025-11-03T10:13:34.629576,2924.0,2025-11-03T10:13:34.822509,192.9,1762145014.722000,49,1,2941,2025-11-03T10:13:34.822828,0.3,1762145013.840000,26,1,2940,FALSE,FALSE,FALSE,FALSE,
2926,2025-11-03T10:13:35.629575,2925.0,2025-11-03T10:13:35.823826,194.2,1762145015.723000,49,1,2942,2025-11-03T10:13:35.824135,0.3,1762145014.842000,26,1,2941,FALSE,FALSE,FALSE,FALSE,
2927,2025-11-03T10:13:36.629575,2926.0,2025-11-03T10:13:36.825133,195.6,1762145016.725000,50,1,2943,2025-11-03T10:13:36.825449,0.3,1762145015.844000,27,1,2942,FALSE,FALSE,FALSE,FALSE,
2928,2025-11-03T10:13:37.629580,2927.0,2025-11-03T10:13:37.826372,196.8,1762145017.726000,49,1,2944,2025-11-03T10:13:37.826693,0.3,1762145016.845000,26,1,2943,FALSE,FALSE,FALSE,FALSE,
2929,2025-11-03T10:13:38.629576,2928.0,2025-11-03T10:13:38.828198,198.6,1762145018.727000,48,1,2945,2025-11-03T10:13:38.828576,0.4,1762145017.846000,26,1,2944,FALSE,FALSE,FALSE,FALSE,
2930,2025-11-03T10:13:39.629575,2929.0,2025-11-03T10:13:39.829645,200.1,1762145019.728000,49,1,2946,2025-11-03T10:13:39.829957,0.3,1762145018.848000,26,1,2945,FALSE,FALSE,FALSE,FALSE,
2931,2025-11-03T10:13:40.629569,2930.0,2025-11-03T10:13:40.730861,101.3,1762145020.630000,45,1,2947,2025-11-03T10:13:40.731176,0.3,1762145019.849000,26,1,2946,FALSE,FALSE,FALSE,FALSE,
2932,2025-11-03T10:13:41.629572,2931.0,2025-11-03T10:13:41.732437,102.9,1762145021.632000,49,1,2948,2025-11-03T10:13:41.732727,0.3,1762145020.750000,23,1,2947,FALSE,FALSE,FALSE,FALSE,
2933,2025-11-03T10:13:42.629556,2932.0,2025-11-03T10:13:42.733879,104.3,1762145022.634000,49,1,2949,2025-11-03T10:13:42.734157,0.3,1762145021.751000,26,1,2948,FALSE,FALSE,FALSE,FALSE,
2934,2025-11-03T10:13:43.629573,2933.0,2025-11-03T10:13:43.735165,105.6,1762145023.635000,49,1,2950,2025-11-03T10:13:43.735546,0.4,1762145022.753000,26,1,2949,FALSE,FALSE,FALSE,FALSE,
2935,2025-11-03T10:13:44.629561,2934.0,2025-11-03T10:13:44.737022,107.5,1762145024.636000,49,1,2951,2025-11-03T10:13:44.737297,0.3,1762145023.755000,26,1,2950,FALSE,FALSE,FALSE,FALSE,
2936,2025-11-03T10:13:45.629564,2935.0,2025-11-03T10:13:45.738777,109.2,1762145025.638000,50,1,2952,2025-11-03T10:13:45.739074,0.3,1762145024.756000,26,1,2951,FALSE,FALSE,FALSE,FALSE,
2937,2025-11-03T10:13:46.629554,2936.0,2025-11-03T10:13:46.740718,111.2,1762145026.640000,49,1,2953,2025-11-03T10:13:46.741005,0.3,1762145025.758000,26,1,2952,FALSE,FALSE,FALSE,FALSE,
2938,2025-11-03T10:13:47.629573,2937.0,2025-11-03T10:13:47.742815,113.2,1762145027.641000,48,1,2954,2025-11-03T10:13:47.743148,0.3,1762145026.760000,26,1,2953,FALSE,FALSE,FALSE,FALSE,
2939,2025-11-03T10:13:48.629551,2938.0,2025-11-03T10:13:48.744767,115.2,1762145028.644000,50,1,2955,2025-11-03T10:13:48.745061,0.3,1762145027.762000,26,1,2954,FALSE,FALSE,FALSE,FALSE,
2940,2025-11-03T10:13:49.629566,2939.0,2025-11-03T10:13:49.747008,117.4,1762145029.646000,49,1,2956,2025-11-03T10:13:49.747377,0.4,1762145028.764000,27,1,2955,FALSE,FALSE,FALSE,FALSE,
2941,2025-11-03T10:13:50.629553,2940.0,2025-11-03T10:13:50.748548,119.0,1762145030.648000,50,1,2957,2025-11-03T10:13:50.748853,0.3,1762145029.766000,26,1,2956,FALSE,FALSE,FALSE,FALSE,
2942,2025-11-03T10:13:51.629575,2941.0,2025-11-03T10:13:51.750044,120.5,1762145031.649000,49,1,2958,2025-11-03T10:13:51.750384,0.3,1762145030.767000,26,1,2957,FALSE,FALSE,FALSE,FALSE,
2943,2025-11-03T10:13:52.629552,2942.0,2025-11-03T10:13:52.751459,121.9,1762145032.651000,50,1,2959,2025-11-03T10:13:52.751784,0.3,1762145031.769000,26,1,2958,FALSE,FALSE,FALSE,FALSE,
2944,2025-11-03T10:13:53.629556,2943.0,2025-11-03T10:13:53.753099,123.5,1762145033.652000,49,1,2960,2025-11-03T10:13:53.753407,0.3,1762145032.770000,26,1,2959,FALSE,FALSE,FALSE,FALSE,
2945,2025-11-03T10:13:54.629552,2944.0,2025-11-03T10:13:54.754739,125.2,1762145034.654000,48,1,2961,2025-11-03T10:13:54.755065,0.3,1762145033.771000,25,1,2960,FALSE,FALSE,FALSE,FALSE,
2946,2025-11-03T10:13:55.629578,2945.0,2025-11-03T10:13:55.756291,126.7,1762145035.656000,49,1,2962,2025-11-03T10:13:55.756609,0.3,1762145034.773000,26,1,2961,FALSE,FALSE,FALSE,FALSE,
2947,2025-11-03T10:13:56.629577,2946.0,2025-11-03T10:13:56.757901,128.3,1762145036.657000,49,1,2963,2025-11-03T10:13:56.758261,0.3,1762145035.774000,26,1,2962,FALSE,FALSE,FALSE,FALSE,
2948,2025-11-03T10:13:57.629579,2947.0,2025-11-03T10:13:57.760228,130.6,1762145037.660000,49,1,2964,2025-11-03T10:13:57.760558,0.3,1762145036.775000,26,1,2963,FALSE,FALSE,FALSE,FALSE,
2949,2025-11-03T10:13:58.629568,2948.0,2025-11-03T10:13:58.762594,133.0,1762145038.662000,49,1,2965,2025-11-03T10:13:58.762925,0.3,1762145037.777000,26,1,2964,FALSE,FALSE,FALSE,FALSE,
2950,2025-11-03T10:13:59.629566,2949.0,2025-11-03T10:13:59.763946,134.4,1762145039.663000,49,1,2966,2025-11-03T10:13:59.764244,0.3,1762145038.778000,26,1,2965,FALSE,FALSE,FALSE,FALSE,
2951,2025-11-03T10:14:00.629543,2950.0,2025-11-03T10:14:00.765389,135.8,1762145040.665000,50,1,2967,2025-11-03T10:14:00.765769,0.4,1762145039.780000,26,1,2966,FALSE,FALSE,FALSE,FALSE,
2952,2025-11-03T10:14:01.629581,2951.0,2025-11-03T10:14:01.766929,137.3,1762145041.666000,49,1,2968,2025-11-03T10:14:01.767255,0.3,1762145040.781000,26,1,2967,FALSE,FALSE,FALSE,FALSE,
2953,2025-11-03T10:14:02.629559,2952.0,2025-11-03T10:14:02.768460,138.9,1762145042.668000,51,1,2969,2025-11-03T10:14:02.768807,0.3,1762145041.783000,26,1,2968,FALSE,FALSE,FALSE,FALSE,
2954,2025-11-03T10:14:03.629565,2953.0,2025-11-03T10:14:03.769761,140.2,1762145043.669000,49,1,2970,2025-11-03T10:14:03.770086,0.3,1762145042.785000,26,1,2969,FALSE,FALSE,FALSE,FALSE,
2955,2025-11-03T10:14:04.629548,2954.0,2025-11-03T10:14:04.771456,141.9,1762145044.671000,50,1,2971,2025-11-03T10:14:04.771769,0.3,1762145043.787000,26,1,2970,FALSE,FALSE,FALSE,FALSE,
2956,2025-11-03T10:14:05.629559,2955.0,2025-11-03T10:14:05.773185,143.6,1762145045.673000,49,1,2972,2025-11-03T10:14:05.773546,0.3,1762145044.789000,26,1,2971,FALSE,FALSE,FALSE,FALSE,
2957,2025-11-03T10:14:06.629545,2956.0,2025-11-03T10:14:06.774268,144.7,1762145046.674000,49,1,2973,2025-11-03T10:14:06.774593,0.3,1762145045.791000,26,1,2972,FALSE,FALSE,FALSE,FALSE,
2958,2025-11-03T10:14:07.629579,2957.0,2025-11-03T10:14:07.775848,146.3,1762145047.675000,49,1,2974,2025-11-03T10:14:07.776148,0.3,1762145046.793000,26,1,2973,FALSE,FALSE,FALSE,FALSE,
2959,2025-11-03T10:14:08.629570,2958.0,2025-11-03T10:14:08.777118,147.5,1762145048.676000,49,1,2975,2025-11-03T10:14:08.777455,0.3,1762145047.795000,26,1,2974,FALSE,FALSE,FALSE,FALSE,
2960,2025-11-03T10:14:09.629567,2959.0,2025-11-03T10:14:09.779589,150.0,1762145049.679000,48,1,2976,2025-11-03T10:14:09.779909,0.3,1762145048.797000,26,1,2975,FALSE,FALSE,FALSE,FALSE,
2961,2025-11-03T10:14:10.629571,2960.0,2025-11-03T10:14:10.780939,151.4,1762145050.681000,49,1,2977,2025-11-03T10:14:10.781271,0.3,1762145049.798000,26,1,2976,FALSE,FALSE,FALSE,FALSE,
2962,2025-11-03T10:14:11.629572,2961.0,2025-11-03T10:14:11.782366,152.8,1762145051.682000,48,1,2978,2025-11-03T10:14:11.782701,0.3,1762145050.800000,26,1,2977,FALSE,FALSE,FALSE,FALSE,
2963,2025-11-03T10:14:12.629574,2962.0,2025-11-03T10:14:12.784674,155.1,1762145052.684000,49,1,2979,2025-11-03T10:14:12.785034,0.3,1762145051.801000,27,1,2978,FALSE,FALSE,FALSE,FALSE,
2964,2025-11-03T10:14:13.629571,2963.0,2025-11-03T10:14:13.786148,156.6,1762145053.686000,49,1,2980,2025-11-03T10:14:13.786511,0.3,1762145052.803000,26,1,2979,FALSE,FALSE,FALSE,FALSE,
2965,2025-11-03T10:14:14.629576,2964.0,2025-11-03T10:14:14.787743,158.2,1762145054.687000,48,1,2981,2025-11-03T10:14:14.788122,0.4,1762145053.805000,26,1,2980,FALSE,FALSE,FALSE,FALSE,
2966,2025-11-03T10:14:15.629577,2965.0,2025-11-03T10:14:15.788977,159.4,1762145055.688000,49,1,2982,2025-11-03T10:14:15.789473,0.5,1762145054.807000,26,1,2981,FALSE,FALSE,FALSE,FALSE,
2967,2025-11-03T10:14:16.629571,2966.0,2025-11-03T10:14:16.791048,161.5,1762145056.690000,49,1,2983,2025-11-03T10:14:16.791432,0.4,1762145055.808000,26,1,2982,FALSE,FALSE,FALSE,FALSE,
2968,2025-11-03T10:14:17.629573,2967.0,2025-11-03T10:14:17.793122,163.5,1762145057.693000,49,1,2984,2025-11-03T10:14:17.793467,0.3,1762145056.810000,26,1,2983,FALSE,FALSE,FALSE,FALSE,
2969,2025-11-03T10:14:18.629559,2968.0,2025-11-03T10:14:18.795273,165.7,1762145058.694000,50,1,2985,2025-11-03T10:14:18.795618,0.3,1762145057.811000,26,1,2984,FALSE,FALSE,FALSE,FALSE,
2970,2025-11-03T10:14:19.629580,2969.0,2025-11-03T10:14:19.797118,167.5,1762145059.696000,49,1,2986,2025-11-03T10:14:19.797454,0.3,1762145058.813000,26,1,2985,FALSE,FALSE,FALSE,FALSE,
2971,2025-11-03T10:14:20.629564,2970.0,2025-11-03T10:14:20.799675,170.1,1762145060.699000,48,1,2987,2025-11-03T10:14:20.800005,0.3,1762145059.814000,26,1,2986,FALSE,FALSE,FALSE,FALSE,
2972,2025-11-03T10:14:21.629566,2971.0,2025-11-03T10:14:21.801126,171.6,1762145061.701000,50,1,2988,2025-11-03T10:14:21.801455,0.3,1762145060.815000,26,1,2987,FALSE,FALSE,FALSE,FALSE,
2973,2025-11-03T10:14:22.629564,2972.0,2025-11-03T10:14:22.802701,173.1,1762145062.702000,49,1,2989,2025-11-03T10:14:22.803023,0.3,1762145061.816000,26,1,2988,FALSE,FALSE,FALSE,FALSE,
2974,2025-11-03T10:14:23.629570,2973.0,2025-11-03T10:14:23.805246,175.7,1762145063.704000,49,1,2990,2025-11-03T10:14:23.805557,0.3,1762145062.818000,26,1,2989,FALSE,FALSE,FALSE,FALSE,
2975,2025-11-03T10:14:24.629563,2974.0,2025-11-03T10:14:24.807185,177.6,1762145064.706000,49,1,2991,2025-11-03T10:14:24.807565,0.4,1762145063.819000,26,1,2990,FALSE,FALSE,FALSE,FALSE,
2976,2025-11-03T10:14:25.629574,2975.0,2025-11-03T10:14:25.809625,180.0,1762145065.709000,49,1,2992,2025-11-03T10:14:25.809961,0.3,1762145064.821000,26,1,2991,FALSE,FALSE,FALSE,FALSE,
2977,2025-11-03T10:14:26.629568,2976.0,2025-11-03T10:14:26.811545,182.0,1762145066.711000,50,1,2993,2025-11-03T10:14:26.811869,0.3,1762145065.822000,26,1,2992,FALSE,FALSE,FALSE,FALSE,
2978,2025-11-03T10:14:27.629570,2977.0,2025-11-03T10:14:27.812927,183.4,1762145067.713000,49,1,2994,2025-11-03T10:14:27.813248,0.3,1762145066.824000,26,1,2993,FALSE,FALSE,FALSE,FALSE,
2979,2025-11-03T10:14:28.629570,2978.0,2025-11-03T10:14:28.814316,184.7,1762145068.713000,49,1,2995,2025-11-03T10:14:28.814614,0.3,1762145067.825000,26,1,2994,FALSE,FALSE,FALSE,FALSE,
2980,2025-11-03T10:14:29.629562,2979.0,2025-11-03T10:14:29.815897,186.3,1762145069.715000,50,1,2996,2025-11-03T10:14:29.816200,0.3,1762145068.827000,26,1,2995,FALSE,FALSE,FALSE,FALSE,
2981,2025-11-03T10:14:30.629562,2980.0,2025-11-03T10:14:30.818144,188.6,1762145070.717000,49,1,2997,2025-11-03T10:14:30.818456,0.3,1762145069.828000,26,1,2996,FALSE,FALSE,FALSE,FALSE,
2982,2025-11-03T10:14:31.629575,2981.0,2025-11-03T10:14:31.820433,190.9,1762145071.719000,48,1,2998,2025-11-03T10:14:31.821119,0.7,1762145070.830000,25,1,2997,FALSE,FALSE,FALSE,FALSE,
2983,2025-11-03T10:14:32.629565,2982.0,2025-11-03T10:14:32.822239,192.7,1762145072.721000,50,1,2999,2025-11-03T10:14:32.822543,0.3,1762145071.833000,26,1,2998,FALSE,FALSE,FALSE,FALSE,
2984,2025-11-03T10:14:33.629560,2983.0,2025-11-03T10:14:33.823877,194.3,1762145073.723000,48,1,3000,2025-11-03T10:14:33.824177,0.3,1762145072.834000,26,1,2999,FALSE,FALSE,FALSE,FALSE,
2985,2025-11-03T10:14:34.629561,2984.0,2025-11-03T10:14:34.825235,195.7,1762145074.724000,50,1,3001,2025-11-03T10:14:34.825589,0.3,1762145073.836000,26,1,3000,FALSE,FALSE,FALSE,FALSE,
2986,2025-11-03T10:14:35.629568,2985.0,2025-11-03T10:14:35.826825,197.3,1762145075.726000,49,1,3002,2025-11-03T10:14:35.827141,0.3,1762145074.837000,26,1,3001,FALSE,FALSE,FALSE,FALSE,
2987,2025-11-03T10:14:36.629561,2986.0,2025-11-03T10:14:36.828218,198.7,1762145076.728000,47,1,3003,2025-11-03T10:14:36.828538,0.3,1762145075.838000,26,1,3002,FALSE,FALSE,FALSE,FALSE,
2988,2025-11-03T10:14:37.629568,2987.0,2025-11-03T10:14:37.829784,200.2,1762145077.729000,49,1,3004,2025-11-03T10:14:37.830097,0.3,1762145076.840000,27,1,3003,FALSE,FALSE,FALSE,FALSE,
2989,2025-11-03T10:14:38.629563,2988.0,2025-11-03T10:14:38.731197,101.6,1762145078.630000,45,1,3005,2025-11-03T10:14:38.731580,0.4,1762145077.842000,26,1,3004,FALSE,FALSE,FALSE,FALSE,
2990,2025-11-03T10:14:39.629574,2989.0,2025-11-03T10:14:39.733147,103.6,1762145079.632000,48,1,3006,2025-11-03T10:14:39.733453,0.3,1762145078.742000,23,1,3005,FALSE,FALSE,FALSE,FALSE,
2991,2025-11-03T10:14:40.629563,2990.0,2025-11-03T10:14:40.734639,105.1,1762145080.634000,50,1,3007,2025-11-03T10:14:40.735239,0.6,1762145079.744000,26,1,3006,FALSE,FALSE,FALSE,FALSE,
2992,2025-11-03T10:14:41.629560,2991.0,2025-11-03T10:14:41.736236,106.7,1762145081.636000,48,1,3008,2025-11-03T10:14:41.736589,0.3,1762145080.746000,26,1,3007,FALSE,FALSE,FALSE,FALSE,
2993,2025-11-03T10:14:42.629555,2992.0,2025-11-03T10:14:42.737780,108.2,1762145082.637000,49,1,3009,2025-11-03T10:14:42.738075,0.3,1762145081.747000,26,1,3008,FALSE,FALSE,FALSE,FALSE,
2994,2025-11-03T10:14:43.629572,2993.0,2025-11-03T10:14:43.739554,110.0,1762145083.639000,49,1,3010,2025-11-03T10:14:43.739881,0.3,1762145082.748000,26,1,3009,FALSE,FALSE,FALSE,FALSE,
2995,2025-11-03T10:14:44.629569,2994.0,2025-11-03T10:14:44.740946,111.4,1762145084.640000,49,1,3011,2025-11-03T10:14:44.741266,0.3,1762145083.750000,26,1,3010,FALSE,FALSE,FALSE,FALSE,
2996,2025-11-03T10:14:45.629562,2995.0,2025-11-03T10:14:45.742677,113.1,1762145085.642000,49,1,3012,2025-11-03T10:14:45.742979,0.3,1762145084.752000,26,1,3011,FALSE,FALSE,FALSE,FALSE,
2997,2025-11-03T10:14:46.629564,2996.0,2025-11-03T10:14:46.744135,114.6,1762145086.644000,49,1,3013,2025-11-03T10:14:46.744462,0.3,1762145085.754000,26,1,3012,FALSE,FALSE,FALSE,FALSE,
2998,2025-11-03T10:14:47.629571,2997.0,2025-11-03T10:14:47.745684,116.1,1762145087.645000,48,1,3014,2025-11-03T10:14:47.746001,0.3,1762145086.755000,26,1,3013,FALSE,FALSE,FALSE,FALSE,
2999,2025-11-03T10:14:48.629568,2998.0,2025-11-03T10:14:48.747834,118.3,1762145088.647000,49,1,3015,2025-11-03T10:14:48.748160,0.3,1762145087.756000,26,1,3014,FALSE,FALSE,FALSE,FALSE,
3000,2025-11-03T10:14:49.629573,2999.0,2025-11-03T10:14:49.749769,120.2,1762145089.649000,48,1,3016,2025-11-03T10:14:49.750358,0.6,1762145088.758000,26,1,3015,FALSE,FALSE,FALSE,FALSE,
3001,2025-11-03T10:14:50.629578,3000.0,2025-11-03T10:14:50.751398,121.8,1762145090.651000,49,1,3017,2025-11-03T10:14:50.751823,0.4,1762145089.759000,26,1,3016,FALSE,FALSE,FALSE,FALSE,
3002,2025-11-03T10:14:51.629586,3001.0,2025-11-03T10:14:51.753097,123.5,1762145091.652000,49,1,3018,2025-11-03T10:14:51.753425,0.3,1762145090.760000,27,1,3017,FALSE,FALSE,FALSE,FALSE,
3003,2025-11-03T10:14:52.629577,3002.0,2025-11-03T10:14:52.755014,125.4,1762145092.654000,50,1,3019,2025-11-03T10:14:52.755409,0.4,1762145091.763000,26,1,3018,FALSE,FALSE,FALSE,FALSE,
3004,2025-11-03T10:14:53.629568,3003.0,2025-11-03T10:14:53.756949,127.4,1762145093.656000,50,1,3020,2025-11-03T10:14:53.757305,0.3,1762145092.764000,26,1,3019,FALSE,FALSE,FALSE,FALSE,
3005,2025-11-03T10:14:54.629578,3004.0,2025-11-03T10:14:54.758504,128.9,1762145094.658000,49,1,3021,2025-11-03T10:14:54.758852,0.3,1762145093.766000,26,1,3020,FALSE,FALSE,FALSE,FALSE,
3006,2025-11-03T10:14:55.629571,3005.0,2025-11-03T10:14:55.760256,130.7,1762145095.660000,49,1,3022,2025-11-03T10:14:55.760617,0.3,1762145094.768000,26,1,3021,FALSE,FALSE,FALSE,FALSE,
3007,2025-11-03T10:14:56.629573,3006.0,2025-11-03T10:14:56.761795,132.2,1762145096.661000,49,1,3023,2025-11-03T10:14:56.762113,0.3,1762145095.770000,26,1,3022,FALSE,FALSE,FALSE,FALSE,
3008,2025-11-03T10:14:57.629575,3007.0,2025-11-03T10:14:57.763455,133.9,1762145097.663000,50,1,3024,2025-11-03T10:14:57.763770,0.3,1762145096.772000,26,1,3023,FALSE,FALSE,FALSE,FALSE,
3009,2025-11-03T10:14:58.629568,3008.0,2025-11-03T10:14:58.771260,141.7,1762145098.664000,48,1,3025,2025-11-03T10:14:58.771775,0.5,1762145097.773000,26,1,3024,FALSE,FALSE,FALSE,FALSE,
3010,2025-11-03T10:14:59.629573,3009.0,2025-11-03T10:14:59.767976,138.4,1762145099.667000,49,1,3026,2025-11-03T10:14:59.768317,0.3,1762145098.775000,26,1,3025,FALSE,FALSE,FALSE,FALSE,
3011,2025-11-03T10:15:00.629580,3010.0,2025-11-03T10:15:00.769753,140.2,1762145100.669000,49,1,3027,2025-11-03T10:15:00.770053,0.3,1762145099.777000,26,1,3026,FALSE,FALSE,FALSE,FALSE,
3012,2025-11-03T10:15:01.629577,3011.0,2025-11-03T10:15:01.771207,141.6,1762145101.671000,49,1,3028,2025-11-03T10:15:01.771586,0.4,1762145100.778000,26,1,3027,FALSE,FALSE,FALSE,FALSE,
3013,2025-11-03T10:15:02.629586,3012.0,2025-11-03T10:15:02.772815,143.2,1762145102.672000,48,1,3029,2025-11-03T10:15:02.773154,0.3,1762145101.780000,26,1,3028,FALSE,FALSE,FALSE,FALSE,
3014,2025-11-03T10:15:03.629583,3013.0,2025-11-03T10:15:03.774462,144.9,1762145103.673000,49,1,3030,2025-11-03T10:15:03.774791,0.3,1762145102.781000,26,1,3029,FALSE,FALSE,FALSE,FALSE,
3015,2025-11-03T10:15:04.629580,3014.0,2025-11-03T10:15:04.776360,147.1,1762145104.675000,48,1,3031,2025-11-03T10:15:04.777003,0.4,1762145103.783000,26,1,3030,FALSE,FALSE,FALSE,FALSE,
3016,2025-11-03T10:15:05.629575,3015.0,2025-11-03T10:15:05.777979,148.4,1762145105.677000,48,1,3032,2025-11-03T10:15:05.778482,0.5,1762145104.785000,26,1,3031,FALSE,FALSE,FALSE,FALSE,
3017,2025-11-03T10:15:06.629623,3016.0,2025-11-03T10:15:06.779380,149.8,1762145106.678000,49,1,3033,2025-11-03T10:15:06.779690,0.3,1762145105.787000,26,1,3032,FALSE,FALSE,FALSE,FALSE,
3018,2025-11-03T10:15:07.629572,3017.0,2025-11-03T10:15:07.781191,151.6,1762145107.680000,49,1,3034,2025-11-03T10:15:07.781537,0.3,1762145106.788000,26,1,3033,FALSE,FALSE,FALSE,FALSE,
3019,2025-11-03T10:15:08.629570,3018.0,2025-11-03T10:15:08.784582,155.0,1762145108.682000,49,1,3035,2025-11-03T10:15:08.784875,0.3,1762145107.789000,26,1,3034,FALSE,FALSE,FALSE,FALSE,
3020,2025-11-03T10:15:09.629571,3019.0,2025-11-03T10:15:09.786559,157.0,1762145109.685000,48,1,3036,2025-11-03T10:15:09.786879,0.3,1762145108.791000,26,1,3035,FALSE,FALSE,FALSE,FALSE,
3021,2025-11-03T10:15:10.629574,3020.0,2025-11-03T10:15:10.788187,158.6,1762145110.687000,48,1,3037,2025-11-03T10:15:10.788558,0.4,1762145109.792000,26,1,3036,FALSE,FALSE,FALSE,FALSE,
3022,2025-11-03T10:15:11.629571,3021.0,2025-11-03T10:15:11.790440,160.9,1762145111.689000,49,1,3038,2025-11-03T10:15:11.790786,0.3,1762145110.794000,26,1,3037,FALSE,FALSE,FALSE,FALSE,
3023,2025-11-03T10:15:12.629578,3022.0,2025-11-03T10:15:12.792238,162.7,1762145112.692000,48,1,3039,2025-11-03T10:15:12.792563,0.3,1762145111.796000,26,1,3038,FALSE,FALSE,FALSE,FALSE,
3024,2025-11-03T10:15:13.629572,3023.0,2025-11-03T10:15:13.793793,164.2,1762145113.693000,48,1,3040,2025-11-03T10:15:13.794177,0.4,1762145112.797000,26,1,3039,FALSE,FALSE,FALSE,FALSE,
3025,2025-11-03T10:15:14.629570,3024.0,2025-11-03T10:15:14.795136,165.6,1762145114.695000,51,1,3041,2025-11-03T10:15:14.795545,0.4,1762145113.799000,27,1,3040,FALSE,FALSE,FALSE,FALSE,
3026,2025-11-03T10:15:15.629567,3025.0,2025-11-03T10:15:15.796359,166.8,1762145115.696000,48,1,3042,2025-11-03T10:15:15.796683,0.3,1762145114.800000,26,1,3041,FALSE,FALSE,FALSE,FALSE,
3027,2025-11-03T10:15:16.629570,3026.0,2025-11-03T10:15:16.798291,168.7,1762145116.697000,49,1,3043,2025-11-03T10:15:16.798668,0.4,1762145115.802000,25,1,3042,FALSE,FALSE,FALSE,FALSE,
3028,2025-11-03T10:15:17.629571,3027.0,2025-11-03T10:15:17.799663,170.1,1762145117.699000,49,1,3044,2025-11-03T10:15:17.800015,0.3,1762145116.803000,26,1,3043,FALSE,FALSE,FALSE,FALSE,
3029,2025-11-03T10:15:18.629564,3028.0,2025-11-03T10:15:18.801327,171.8,1762145118.700000,49,1,3045,2025-11-03T10:15:18.801655,0.3,1762145117.804000,26,1,3044,FALSE,FALSE,FALSE,FALSE,
3030,2025-11-03T10:15:19.629576,3029.0,2025-11-03T10:15:19.802848,173.3,1762145119.702000,49,1,3046,2025-11-03T10:15:19.803419,0.6,1762145118.805000,26,1,3045,FALSE,FALSE,FALSE,FALSE,
3031,2025-11-03T10:15:20.629570,3030.0,2025-11-03T10:15:20.805194,175.6,1762145120.704000,49,1,3047,2025-11-03T10:15:20.805517,0.3,1762145119.807000,26,1,3046,FALSE,FALSE,FALSE,FALSE,
3032,2025-11-03T10:15:21.629569,3031.0,2025-11-03T10:15:21.807440,177.9,1762145121.707000,49,1,3048,2025-11-03T10:15:21.807768,0.3,1762145120.808000,26,1,3047,FALSE,FALSE,FALSE,FALSE,
3033,2025-11-03T10:15:22.629575,3032.0,2025-11-03T10:15:22.809060,179.5,1762145122.709000,48,1,3049,2025-11-03T10:15:22.809400,0.3,1762145121.809000,26,1,3048,FALSE,FALSE,FALSE,FALSE,
3034,2025-11-03T10:15:23.629575,3033.0,2025-11-03T10:15:23.810842,181.3,1762145123.710000,50,1,3050,2025-11-03T10:15:23.811204,0.3,1762145122.811000,26,1,3049,FALSE,FALSE,FALSE,FALSE,
3035,2025-11-03T10:15:24.629578,3034.0,2025-11-03T10:15:24.811965,182.4,1762145124.711000,48,1,3051,2025-11-03T10:15:24.812297,0.3,1762145123.812000,26,1,3050,FALSE,FALSE,FALSE,FALSE,
3036,2025-11-03T10:15:25.629578,3035.0,2025-11-03T10:15:25.813694,184.1,1762145125.713000,48,1,3052,2025-11-03T10:15:25.814047,0.3,1762145124.814000,26,1,3051,FALSE,FALSE,FALSE,FALSE,
3037,2025-11-03T10:15:26.629577,3036.0,2025-11-03T10:15:26.814675,185.1,1762145126.714000,48,1,3053,2025-11-03T10:15:26.814980,0.3,1762145125.816000,26,1,3052,FALSE,FALSE,FALSE,FALSE,
3038,2025-11-03T10:15:27.629575,3037.0,2025-11-03T10:15:27.816164,186.6,1762145127.715000,50,1,3054,2025-11-03T10:15:27.816765,0.6,1762145126.816000,26,1,3053,FALSE,FALSE,FALSE,FALSE,
3039,2025-11-03T10:15:28.629576,3038.0,2025-11-03T10:15:28.818065,188.5,1762145128.717000,48,1,3055,2025-11-03T10:15:28.818572,0.5,1762145127.818000,26,1,3054,FALSE,FALSE,FALSE,FALSE,
3040,2025-11-03T10:15:29.629574,3039.0,2025-11-03T10:15:29.819527,189.9,1762145129.719000,48,1,3056,2025-11-03T10:15:29.819856,0.3,1762145128.820000,26,1,3055,FALSE,FALSE,FALSE,FALSE,
3041,2025-11-03T10:15:30.629570,3040.0,2025-11-03T10:15:30.821124,191.5,1762145130.720000,48,1,3057,2025-11-03T10:15:30.821426,0.3,1762145129.822000,26,1,3056,FALSE,FALSE,FALSE,FALSE,
3042,2025-11-03T10:15:31.629576,3041.0,2025-11-03T10:15:31.822670,193.1,1762145131.722000,49,1,3058,2025-11-03T10:15:31.822995,0.3,1762145130.823000,26,1,3057,FALSE,FALSE,FALSE,FALSE,
3043,2025-11-03T10:15:32.629574,3042.0,2025-11-03T10:15:32.824156,194.6,1762145132.724000,49,1,3059,2025-11-03T10:15:32.824460,0.3,1762145131.825000,26,1,3058,FALSE,FALSE,FALSE,FALSE,
3044,2025-11-03T10:15:33.629577,3043.0,2025-11-03T10:15:33.825715,196.1,1762145133.725000,50,1,3060,2025-11-03T10:15:33.826013,0.3,1762145132.827000,26,1,3059,FALSE,FALSE,FALSE,FALSE,
3045,2025-11-03T10:15:34.629573,3044.0,2025-11-03T10:15:34.827565,198.0,1762145134.726000,49,1,3061,2025-11-03T10:15:34.827925,0.3,1762145133.828000,26,1,3060,FALSE,FALSE,FALSE,FALSE,
3046,2025-11-03T10:15:35.629577,3045.0,2025-11-03T10:15:35.828641,199.1,1762145135.728000,48,1,3062,2025-11-03T10:15:35.828966,0.3,1762145134.830000,26,1,3061,FALSE,FALSE,FALSE,FALSE,
3047,2025-11-03T10:15:36.629573,3046.0,2025-11-03T10:15:36.830335,200.8,1762145136.730000,50,1,3063,2025-11-03T10:15:36.830650,0.3,1762145135.831000,26,1,3062,FALSE,FALSE,FALSE,FALSE,
3048,2025-11-03T10:15:37.629577,3047.0,2025-11-03T10:15:37.731952,102.4,1762145137.631000,44,1,3064,2025-11-03T10:15:37.732284,0.3,1762145136.832000,25,1,3063,FALSE,FALSE,FALSE,FALSE,
3049,2025-11-03T10:15:38.629575,3048.0,2025-11-03T10:15:38.733339,103.8,1762145138.632000,48,1,3065,2025-11-03T10:15:38.733683,0.3,1762145137.734000,24,1,3064,FALSE,FALSE,FALSE,FALSE,
3050,2025-11-03T10:15:39.629571,3049.0,2025-11-03T10:15:39.734748,105.2,1762145139.634000,50,1,3066,2025-11-03T10:15:39.735081,0.3,1762145138.736000,26,1,3065,FALSE,FALSE,FALSE,FALSE,
3051,2025-11-03T10:15:40.629577,3050.0,2025-11-03T10:15:40.736298,106.7,1762145140.636000,49,1,3067,2025-11-03T10:15:40.736612,0.3,1762145139.739000,26,1,3066,FALSE,FALSE,FALSE,FALSE,
3052,2025-11-03T10:15:41.629579,3051.0,2025-11-03T10:15:41.737767,108.2,1762145141.637000,51,1,3068,2025-11-03T10:15:41.738078,0.3,1762145140.741000,26,1,3067,FALSE,FALSE,FALSE,FALSE,
3053,2025-11-03T10:15:42.629571,3052.0,2025-11-03T10:15:42.740433,110.9,1762145142.640000,49,1,3069,2025-11-03T10:15:42.740761,0.3,1762145141.742000,26,1,3068,FALSE,FALSE,FALSE,FALSE,
3054,2025-11-03T10:15:43.629575,3053.0,2025-11-03T10:15:43.744151,114.6,1762145143.643000,50,1,3070,2025-11-03T10:15:43.744544,0.4,1762145142.745000,26,1,3069,FALSE,FALSE,FALSE,FALSE,
3055,2025-11-03T10:15:44.629589,3054.0,2025-11-03T10:15:44.745583,116.0,1762145144.645000,50,1,3071,2025-11-03T10:15:44.745908,0.3,1762145143.746000,26,1,3070,FALSE,FALSE,FALSE,FALSE,
3056,2025-11-03T10:15:45.629577,3055.0,2025-11-03T10:15:45.746755,117.2,1762145145.646000,49,1,3072,2025-11-03T10:15:45.747087,0.3,1762145144.748000,26,1,3071,FALSE,FALSE,FALSE,FALSE,
3057,2025-11-03T10:15:46.629576,3056.0,2025-11-03T10:15:46.748150,118.6,1762145146.647000,49,1,3073,2025-11-03T10:15:46.748453,0.3,1762145145.750000,26,1,3072,FALSE,FALSE,FALSE,FALSE,
3058,2025-11-03T10:15:47.629576,3057.0,2025-11-03T10:15:47.749323,119.7,1762145147.649000,49,1,3074,2025-11-03T10:15:47.749670,0.3,1762145146.751000,26,1,3073,FALSE,FALSE,FALSE,FALSE,
3059,2025-11-03T10:15:48.629572,3058.0,2025-11-03T10:15:48.750771,121.2,1762145148.650000,49,1,3075,2025-11-03T10:15:48.751283,0.5,1762145147.752000,26,1,3074,FALSE,FALSE,FALSE,FALSE,
3060,2025-11-03T10:15:49.629575,3059.0,2025-11-03T10:15:49.752223,122.6,1762145149.652000,48,1,3076,2025-11-03T10:15:49.752569,0.3,1762145148.753000,26,1,3075,FALSE,FALSE,FALSE,FALSE,
3061,2025-11-03T10:15:50.629577,3060.0,2025-11-03T10:15:50.753619,124.0,1762145150.653000,49,1,3077,2025-11-03T10:15:50.753949,0.3,1762145149.755000,26,1,3076,FALSE,FALSE,FALSE,FALSE,
3062,2025-11-03T10:15:51.629569,3061.0,2025-11-03T10:15:51.754886,125.3,1762145151.654000,48,1,3078,2025-11-03T10:15:51.755209,0.3,1762145150.757000,27,1,3077,FALSE,FALSE,FALSE,FALSE,
3063,2025-11-03T10:15:52.629574,3062.0,2025-11-03T10:15:52.756443,126.9,1762145152.656000,50,1,3079,2025-11-03T10:15:52.756785,0.3,1762145151.758000,26,1,3078,FALSE,FALSE,FALSE,FALSE,
3064,2025-11-03T10:15:53.629574,3063.0,2025-11-03T10:15:53.758455,128.9,1762145153.658000,47,1,3080,2025-11-03T10:15:53.758777,0.3,1762145152.760000,26,1,3079,FALSE,FALSE,FALSE,FALSE,
3065,2025-11-03T10:15:54.629569,3064.0,2025-11-03T10:15:54.759823,130.2,1762145154.659000,49,1,3081,2025-11-03T10:15:54.760131,0.3,1762145153.762000,26,1,3080,FALSE,FALSE,FALSE,FALSE,
3066,2025-11-03T10:15:55.629577,3065.0,2025-11-03T10:15:55.762084,132.5,1762145155.661000,50,1,3082,2025-11-03T10:15:55.762401,0.3,1762145154.763000,26,1,3081,FALSE,FALSE,FALSE,FALSE,
3067,2025-11-03T10:15:56.629568,3066.0,2025-11-03T10:15:56.764031,134.5,1762145156.663000,49,1,3083,2025-11-03T10:15:56.764345,0.3,1762145155.765000,26,1,3082,FALSE,FALSE,FALSE,FALSE,
3068,2025-11-03T10:15:57.629569,3067.0,2025-11-03T10:15:57.765885,136.3,1762145157.665000,50,1,3084,2025-11-03T10:15:57.766185,0.3,1762145156.766000,26,1,3083,FALSE,FALSE,FALSE,FALSE,
3069,2025-11-03T10:15:58.629578,3068.0,2025-11-03T10:15:58.767488,137.9,1762145158.666000,50,1,3085,2025-11-03T10:15:58.767834,0.3,1762145157.767000,26,1,3084,FALSE,FALSE,FALSE,FALSE,
3070,2025-11-03T10:15:59.629567,3069.0,2025-11-03T10:15:59.768976,139.4,1762145159.668000,49,1,3086,2025-11-03T10:15:59.769310,0.3,1762145158.769000,26,1,3085,FALSE,FALSE,FALSE,FALSE,
3071,2025-11-03T10:16:00.629572,3070.0,2025-11-03T10:16:00.770342,140.8,1762145160.670000,50,1,3087,2025-11-03T10:16:00.771060,0.7,1762145159.770000,26,1,3086,FALSE,FALSE,FALSE,FALSE,
3072,2025-11-03T10:16:01.629571,3071.0,2025-11-03T10:16:01.771721,142.1,1762145161.671000,48,1,3088,2025-11-03T10:16:01.772051,0.3,1762145160.771000,26,1,3087,FALSE,FALSE,FALSE,FALSE,
3073,2025-11-03T10:16:02.629611,3072.0,2025-11-03T10:16:02.773254,143.6,1762145162.673000,49,1,3089,2025-11-03T10:16:02.773545,0.3,1762145161.773000,26,1,3088,FALSE,FALSE,FALSE,FALSE,
3074,2025-11-03T10:16:03.629580,3073.0,2025-11-03T10:16:03.774700,145.1,1762145163.674000,48,1,3090,2025-11-03T10:16:03.775084,0.4,1762145162.775000,26,1,3089,FALSE,FALSE,FALSE,FALSE,
3075,2025-11-03T10:16:04.629568,3074.0,2025-11-03T10:16:04.776470,146.9,1762145164.676000,48,1,3091,2025-11-03T10:16:04.776821,0.3,1762145163.777000,26,1,3090,FALSE,FALSE,FALSE,FALSE,
3076,2025-11-03T10:16:05.629573,3075.0,2025-11-03T10:16:05.778258,148.7,1762145165.677000,48,1,3092,2025-11-03T10:16:05.778570,0.3,1762145164.778000,26,1,3091,FALSE,FALSE,FALSE,FALSE,
3077,2025-11-03T10:16:06.629573,3076.0,2025-11-03T10:16:06.780778,151.2,1762145166.680000,49,1,3093,2025-11-03T10:16:06.781097,0.3,1762145165.779000,26,1,3092,FALSE,FALSE,FALSE,FALSE,
3078,2025-11-03T10:16:07.629571,3077.0,2025-11-03T10:16:07.783157,153.6,1762145167.682000,49,1,3094,2025-11-03T10:16:07.783566,0.4,1762145166.880000,29,1,3093,FALSE,FALSE,FALSE,FALSE,
3079,2025-11-03T10:16:08.629576,3078.0,2025-11-03T10:16:08.784870,155.3,1762145168.684000,48,1,3095,2025-11-03T10:16:08.785200,0.3,1762145167.882000,26,1,3094,FALSE,FALSE,FALSE,FALSE,
3080,2025-11-03T10:16:09.629573,3079.0,2025-11-03T10:16:09.786292,156.7,1762145169.686000,49,1,3096,2025-11-03T10:16:09.786886,0.6,1762145168.883000,26,1,3095,FALSE,FALSE,FALSE,FALSE,
3081,2025-11-03T10:16:10.629577,3080.0,2025-11-03T10:16:10.787649,158.1,1762145170.687000,49,1,3097,2025-11-03T10:16:10.787972,0.3,1762145169.885000,26,1,3096,FALSE,FALSE,FALSE,FALSE,
3082,2025-11-03T10:16:11.629569,3081.0,2025-11-03T10:16:11.789051,159.5,1762145171.688000,49,1,3098,2025-11-03T10:16:11.789429,0.4,1762145170.886000,26,1,3097,FALSE,FALSE,FALSE,FALSE,
3083,2025-11-03T10:16:12.629568,3082.0,2025-11-03T10:16:12.791460,161.9,1762145172.690000,49,1,3099,2025-11-03T10:16:12.791814,0.3,1762145171.887000,26,1,3098,FALSE,FALSE,FALSE,FALSE,
3084,2025-11-03T10:16:13.629570,3083.0,2025-11-03T10:16:13.794032,164.5,1762145173.692000,49,1,3100,2025-11-03T10:16:13.794361,0.3,1762145172.889000,26,1,3099,FALSE,FALSE,FALSE,FALSE,
3085,2025-11-03T10:16:14.629568,3084.0,2025-11-03T10:16:14.795470,165.9,1762145174.695000,49,1,3101,2025-11-03T10:16:14.795862,0.4,1762145173.890000,26,1,3100,FALSE,FALSE,FALSE,FALSE,
3086,2025-11-03T10:16:15.629569,3085.0,2025-11-03T10:16:15.797183,167.6,1762145175.697000,48,1,3102,2025-11-03T10:16:15.797497,0.3,1762145174.892000,26,1,3101,FALSE,FALSE,FALSE,FALSE,
3087,2025-11-03T10:16:16.629565,3086.0,2025-11-03T10:16:16.798774,169.2,1762145176.698000,48,1,3103,2025-11-03T10:16:16.799168,0.4,1762145175.893000,26,1,3102,FALSE,FALSE,FALSE,FALSE,
3088,2025-11-03T10:16:17.629563,3087.0,2025-11-03T10:16:17.800440,170.9,1762145177.700000,49,1,3104,2025-11-03T10:16:17.800819,0.4,1762145176.894000,26,1,3103,FALSE,FALSE,FALSE,FALSE,
3089,2025-11-03T10:16:18.629567,3088.0,2025-11-03T10:16:18.802172,172.6,1762145178.701000,49,1,3105,2025-11-03T10:16:18.802653,0.5,1762145177.896000,26,1,3104,FALSE,FALSE,FALSE,FALSE,
3090,2025-11-03T10:16:19.629566,3089.0,2025-11-03T10:16:19.803615,174.0,1762145179.703000,50,1,3106,2025-11-03T10:16:19.803943,0.3,1762145178.897000,26,1,3105,FALSE,FALSE,FALSE,FALSE,
3091,2025-11-03T10:16:20.629571,3090.0,2025-11-03T10:16:20.805167,175.6,1762145180.704000,48,1,3107,2025-11-03T10:16:20.805483,0.3,1762145179.899000,26,1,3106,FALSE,FALSE,FALSE,FALSE,
3092,2025-11-03T10:16:21.629568,3091.0,2025-11-03T10:16:21.806893,177.3,1762145181.706000,50,1,3108,2025-11-03T10:16:21.807211,0.3,1762145180.900000,26,1,3107,FALSE,FALSE,FALSE,FALSE,
3093,2025-11-03T10:16:22.629580,3092.0,2025-11-03T10:16:22.808625,179.0,1762145182.708000,50,1,3109,2025-11-03T10:16:22.808934,0.3,1762145181.901000,26,1,3108,FALSE,FALSE,FALSE,FALSE,
3094,2025-11-03T10:16:23.629573,3093.0,2025-11-03T10:16:23.809827,180.3,1762145183.709000,49,1,3110,2025-11-03T10:16:23.810137,0.3,1762145182.902000,26,1,3109,FALSE,FALSE,FALSE,FALSE,
3095,2025-11-03T10:16:24.629569,3094.0,2025-11-03T10:16:24.811431,181.9,1762145184.711000,50,1,3111,2025-11-03T10:16:24.811804,0.4,1762145183.904000,26,1,3110,FALSE,FALSE,FALSE,FALSE,
3096,2025-11-03T10:16:25.629567,3095.0,2025-11-03T10:16:25.812583,183.0,1762145185.712000,49,1,3112,2025-11-03T10:16:25.812892,0.3,1762145184.905000,26,1,3111,FALSE,FALSE,FALSE,FALSE,
3097,2025-11-03T10:16:26.629570,3096.0,2025-11-03T10:16:26.813964,184.4,1762145186.713000,49,1,3113,2025-11-03T10:16:26.814296,0.3,1762145185.907000,26,1,3112,FALSE,FALSE,FALSE,FALSE,
3098,2025-11-03T10:16:27.629574,3097.0,2025-11-03T10:16:27.815929,186.4,1762145187.715000,50,1,3114,2025-11-03T10:16:27.816289,0.3,1762145186.908000,26,1,3113,FALSE,FALSE,FALSE,FALSE,
3099,2025-11-03T10:16:28.629569,3098.0,2025-11-03T10:16:28.817146,187.6,1762145188.716000,48,1,3115,2025-11-03T10:16:28.817471,0.3,1762145187.911000,26,1,3114,FALSE,FALSE,FALSE,FALSE,
3100,2025-11-03T10:16:29.629570,3099.0,2025-11-03T10:16:29.819266,189.7,1762145189.719000,50,1,3116,2025-11-03T10:16:29.819632,0.4,1762145188.912000,26,1,3115,FALSE,FALSE,FALSE,FALSE,
3101,2025-11-03T10:16:30.629571,3100.0,2025-11-03T10:16:30.820763,191.2,1762145190.720000,47,1,3117,2025-11-03T10:16:30.821074,0.3,1762145189.914000,27,1,3116,FALSE,FALSE,FALSE,FALSE,
3102,2025-11-03T10:16:31.629575,3101.0,2025-11-03T10:16:31.822225,192.6,1762145191.722000,50,1,3118,2025-11-03T10:16:31.822613,0.4,1762145190.916000,26,1,3117,FALSE,FALSE,FALSE,FALSE,
3103,2025-11-03T10:16:32.629579,3102.0,2025-11-03T10:16:32.823575,194.0,1762145192.723000,49,1,3119,2025-11-03T10:16:32.823915,0.3,1762145191.917000,25,1,3118,FALSE,FALSE,FALSE,FALSE,
3104,2025-11-03T10:16:33.629577,3103.0,2025-11-03T10:16:33.825090,195.5,1762145193.724000,49,1,3120,2025-11-03T10:16:33.825403,0.3,1762145192.919000,26,1,3119,FALSE,FALSE,FALSE,FALSE,
3105,2025-11-03T10:16:34.629569,3104.0,2025-11-03T10:16:34.826704,197.1,1762145194.726000,49,1,3121,2025-11-03T10:16:34.827035,0.3,1762145193.920000,26,1,3120,FALSE,FALSE,FALSE,FALSE,
3106,2025-11-03T10:16:35.629568,3105.0,2025-11-03T10:16:35.828186,198.6,1762145195.728000,49,1,3122,2025-11-03T10:16:35.828492,0.3,1762145194.922000,26,1,3121,FALSE,FALSE,FALSE,FALSE,
3107,2025-11-03T10:16:36.629577,3106.0,2025-11-03T10:16:36.829776,200.2,1762145196.729000,49,1,3123,2025-11-03T10:16:36.830119,0.3,1762145195.923000,26,1,3122,FALSE,FALSE,FALSE,FALSE,
3108,2025-11-03T10:16:37.629573,3107.0,2025-11-03T10:16:37.730791,101.2,1762145197.630000,43,1,3124,2025-11-03T10:16:37.731099,0.3,1762145196.924000,26,1,3123,FALSE,FALSE,FALSE,FALSE,
3109,2025-11-03T10:16:38.629578,3108.0,2025-11-03T10:16:38.732218,102.6,1762145198.632000,49,1,3125,2025-11-03T10:16:38.732538,0.3,1762145197.825000,23,1,3124,FALSE,FALSE,FALSE,FALSE,
3110,2025-11-03T10:16:39.629571,3109.0,2025-11-03T10:16:39.733650,104.1,1762145199.633000,48,1,3126,2025-11-03T10:16:39.733963,0.3,1762145198.826000,26,1,3125,FALSE,FALSE,FALSE,FALSE,
3111,2025-11-03T10:16:40.629568,3110.0,2025-11-03T10:16:40.735340,105.8,1762145200.634000,50,1,3127,2025-11-03T10:16:40.735638,0.3,1762145199.828000,26,1,3126,FALSE,FALSE,FALSE,FALSE,
3112,2025-11-03T10:16:41.629573,3111.0,2025-11-03T10:16:41.737045,107.5,1762145201.636000,48,1,3128,2025-11-03T10:16:41.737406,0.3,1762145200.829000,26,1,3127,FALSE,FALSE,FALSE,FALSE,
3113,2025-11-03T10:16:42.629574,3112.0,2025-11-03T10:16:42.738783,109.2,1762145202.638000,49,1,3129,2025-11-03T10:16:42.739098,0.3,1762145201.830000,26,1,3128,FALSE,FALSE,FALSE,FALSE,
3114,2025-11-03T10:16:43.629579,3113.0,2025-11-03T10:16:43.740883,111.3,1762145203.640000,50,1,3130,2025-11-03T10:16:43.741176,0.3,1762145202.832000,26,1,3129,FALSE,FALSE,FALSE,FALSE,
3115,2025-11-03T10:16:44.629577,3114.0,2025-11-03T10:16:44.742195,112.6,1762145204.642000,49,1,3131,2025-11-03T10:16:44.742524,0.3,1762145203.833000,27,1,3130,FALSE,FALSE,FALSE,FALSE,
3116,2025-11-03T10:16:45.629573,3115.0,2025-11-03T10:16:45.748896,119.3,1762145205.643000,50,1,3132,2025-11-03T10:16:45.749370,0.5,1762145204.834000,26,1,3131,FALSE,FALSE,FALSE,FALSE,
3117,2025-11-03T10:16:46.629575,3116.0,2025-11-03T10:16:46.745188,115.6,1762145206.644000,49,1,3133,2025-11-03T10:16:46.745497,0.3,1762145205.835000,26,1,3132,FALSE,FALSE,FALSE,FALSE,
3118,2025-11-03T10:16:47.629583,3117.0,2025-11-03T10:16:47.746690,117.1,1762145207.646000,49,1,3134,2025-11-03T10:16:47.747010,0.3,1762145206.836000,26,1,3133,FALSE,FALSE,FALSE,FALSE,
3119,2025-11-03T10:16:48.629572,3118.0,2025-11-03T10:16:48.747960,118.4,1762145208.647000,50,1,3135,2025-11-03T10:16:48.748267,0.3,1762145207.838000,26,1,3134,FALSE,FALSE,FALSE,FALSE,
3120,2025-11-03T10:16:49.629577,3119.0,2025-11-03T10:16:49.749243,119.7,1762145209.649000,49,1,3136,2025-11-03T10:16:49.749561,0.3,1762145208.840000,26,1,3135,FALSE,FALSE,FALSE,FALSE,
3121,2025-11-03T10:16:50.629572,3120.0,2025-11-03T10:16:50.750470,120.9,1762145210.650000,48,1,3137,2025-11-03T10:16:50.750830,0.3,1762145209.841000,26,1,3136,FALSE,FALSE,FALSE,FALSE,
3122,2025-11-03T10:16:51.629576,3121.0,2025-11-03T10:16:51.751900,122.3,1762145211.651000,50,1,3138,2025-11-03T10:16:51.752178,0.3,1762145210.842000,26,1,3137,FALSE,FALSE,FALSE,FALSE,
3123,2025-11-03T10:16:52.629570,3122.0,2025-11-03T10:16:52.753229,123.7,1762145212.652000,48,1,3139,2025-11-03T10:16:52.753555,0.3,1762145211.844000,26,1,3138,FALSE,FALSE,FALSE,FALSE,
3124,2025-11-03T10:16:53.629575,3123.0,2025-11-03T10:16:53.754461,124.9,1762145213.654000,49,1,3140,2025-11-03T10:16:53.754798,0.3,1762145212.845000,26,1,3139,FALSE,FALSE,FALSE,FALSE,
3125,2025-11-03T10:16:54.629573,3124.0,2025-11-03T10:16:54.756161,126.6,1762145214.655000,50,1,3141,2025-11-03T10:16:54.756506,0.3,1762145213.846000,26,1,3140,FALSE,FALSE,FALSE,FALSE,
3126,2025-11-03T10:16:55.629571,3125.0,2025-11-03T10:16:55.757202,127.6,1762145215.656000,49,1,3142,2025-11-03T10:16:55.757527,0.3,1762145214.848000,26,1,3141,FALSE,FALSE,FALSE,FALSE,
3127,2025-11-03T10:16:56.629574,3126.0,2025-11-03T10:16:56.758653,129.1,1762145216.658000,49,1,3143,2025-11-03T10:16:56.758962,0.3,1762145215.849000,26,1,3142,FALSE,FALSE,FALSE,FALSE,
3128,2025-11-03T10:16:57.629572,3127.0,2025-11-03T10:16:57.759956,130.4,1762145217.659000,48,1,3144,2025-11-03T10:16:57.760258,0.3,1762145216.851000,26,1,3143,FALSE,FALSE,FALSE,FALSE,
3129,2025-11-03T10:16:58.629574,3128.0,2025-11-03T10:16:58.761585,132.0,1762145218.661000,50,1,3145,2025-11-03T10:16:58.761919,0.3,1762145217.852000,26,1,3144,FALSE,FALSE,FALSE,FALSE,
3130,2025-11-03T10:16:59.629570,3129.0,2025-11-03T10:16:59.763084,133.5,1762145219.663000,49,1,3146,2025-11-03T10:16:59.763477,0.4,1762145218.854000,26,1,3145,FALSE,FALSE,FALSE,FALSE,
3131,2025-11-03T10:17:00.629579,3130.0,2025-11-03T10:17:00.765750,136.2,1762145220.664000,49,1,3147,2025-11-03T10:17:00.766053,0.3,1762145219.855000,26,1,3146,FALSE,FALSE,FALSE,FALSE,
3132,2025-11-03T10:17:01.629571,3131.0,2025-11-03T10:17:01.767488,137.9,1762145221.667000,49,1,3148,2025-11-03T10:17:01.767805,0.3,1762145220.857000,26,1,3147,FALSE,FALSE,FALSE,FALSE,
3133,2025-11-03T10:17:02.629620,3132.0,2025-11-03T10:17:02.769032,139.4,1762145222.668000,49,1,3149,2025-11-03T10:17:02.769330,0.3,1762145221.859000,26,1,3148,FALSE,FALSE,FALSE,FALSE,
3134,2025-11-03T10:17:03.629566,3133.0,2025-11-03T10:17:03.770484,140.9,1762145223.670000,49,1,3150,2025-11-03T10:17:03.770858,0.4,1762145222.860000,26,1,3149,FALSE,FALSE,FALSE,FALSE,
3135,2025-11-03T10:17:04.629570,3134.0,2025-11-03T10:17:04.772105,142.5,1762145224.672000,49,1,3151,2025-11-03T10:17:04.772437,0.3,1762145223.861000,26,1,3150,FALSE,FALSE,FALSE,FALSE,
3136,2025-11-03T10:17:05.629571,3135.0,2025-11-03T10:17:05.773684,144.1,1762145225.673000,49,1,3152,2025-11-03T10:17:05.774020,0.3,1762145224.862000,26,1,3151,FALSE,FALSE,FALSE,FALSE,
3137,2025-11-03T10:17:06.629566,3136.0,2025-11-03T10:17:06.775171,145.6,1762145226.674000,50,1,3153,2025-11-03T10:17:06.775545,0.4,1762145225.864000,26,1,3152,FALSE,FALSE,FALSE,FALSE,
3138,2025-11-03T10:17:07.629572,3137.0,2025-11-03T10:17:07.776754,147.2,1762145227.676000,48,1,3154,2025-11-03T10:17:07.777059,0.3,1762145226.865000,26,1,3153,FALSE,FALSE,FALSE,FALSE,
3139,2025-11-03T10:17:08.629573,3138.0,2025-11-03T10:17:08.778103,148.5,1762145228.677000,49,1,3155,2025-11-03T10:17:08.778391,0.3,1762145227.866000,26,1,3154,FALSE,FALSE,FALSE,FALSE,
3140,2025-11-03T10:17:09.629566,3139.0,2025-11-03T10:17:09.779431,149.9,1762145229.679000,49,1,3156,2025-11-03T10:17:09.779746,0.3,1762145228.868000,26,1,3155,FALSE,FALSE,FALSE,FALSE,
3141,2025-11-03T10:17:10.629567,3140.0,2025-11-03T10:17:10.780877,151.3,1762145230.680000,49,1,3157,2025-11-03T10:17:10.781202,0.3,1762145229.869000,26,1,3156,FALSE,FALSE,FALSE,FALSE,
3142,2025-11-03T10:17:11.629570,3141.0,2025-11-03T10:17:11.782346,152.8,1762145231.682000,49,1,3158,2025-11-03T10:17:11.782942,0.6,1762145230.871000,27,1,3157,FALSE,FALSE,FALSE,FALSE,
3143,2025-11-03T10:17:12.629548,3142.0,2025-11-03T10:17:12.783933,154.4,1762145232.683000,49,1,3159,2025-11-03T10:17:12.784295,0.3,1762145231.873000,26,1,3158,FALSE,FALSE,FALSE,FALSE,
3144,2025-11-03T10:17:13.629571,3143.0,2025-11-03T10:17:13.785483,155.9,1762145233.684000,49,1,3160,2025-11-03T10:17:13.785826,0.3,1762145232.874000,26,1,3159,FALSE,FALSE,FALSE,FALSE,
3145,2025-11-03T10:17:14.629566,3144.0,2025-11-03T10:17:14.787531,158.0,1762145234.687000,48,1,3161,2025-11-03T10:17:14.788020,0.5,1762145233.875000,26,1,3160,FALSE,FALSE,FALSE,FALSE,
3146,2025-11-03T10:17:15.629573,3145.0,2025-11-03T10:17:15.788766,159.2,1762145235.688000,49,1,3162,2025-11-03T10:17:15.789087,0.3,1762145234.877000,26,1,3161,FALSE,FALSE,FALSE,FALSE,
3147,2025-11-03T10:17:16.629575,3146.0,2025-11-03T10:17:16.790171,160.6,1762145236.690000,48,1,3163,2025-11-03T10:17:16.790481,0.3,1762145235.878000,26,1,3162,FALSE,FALSE,FALSE,FALSE,
3148,2025-11-03T10:17:17.629568,3147.0,2025-11-03T10:17:17.791862,162.3,1762145237.691000,48,1,3164,2025-11-03T10:17:17.792170,0.3,1762145236.879000,26,1,3163,FALSE,FALSE,FALSE,FALSE,
3149,2025-11-03T10:17:18.629577,3148.0,2025-11-03T10:17:18.793199,163.6,1762145238.693000,50,1,3165,2025-11-03T10:17:18.793519,0.3,1762145237.882000,26,1,3164,FALSE,FALSE,FALSE,FALSE,
3150,2025-11-03T10:17:19.629572,3149.0,2025-11-03T10:17:19.796031,166.5,1762145239.695000,50,1,3166,2025-11-03T10:17:19.796356,0.3,1762145238.883000,26,1,3165,FALSE,FALSE,FALSE,FALSE,
3151,2025-11-03T10:17:20.629579,3150.0,2025-11-03T10:17:20.798355,168.8,1762145240.698000,48,1,3167,2025-11-03T10:17:20.798924,0.6,1762145239.885000,26,1,3166,FALSE,FALSE,FALSE,FALSE,
3152,2025-11-03T10:17:21.629568,3151.0,2025-11-03T10:17:21.799721,170.1,1762145241.699000,49,1,3168,2025-11-03T10:17:21.800037,0.3,1762145240.886000,26,1,3167,FALSE,FALSE,FALSE,FALSE,
3153,2025-11-03T10:17:22.629573,3152.0,2025-11-03T10:17:22.801005,171.4,1762145242.700000,50,1,3169,2025-11-03T10:17:22.801307,0.3,1762145241.887000,26,1,3168,FALSE,FALSE,FALSE,FALSE,
3154,2025-11-03T10:17:23.629576,3153.0,2025-11-03T10:17:23.802144,172.6,1762145243.701000,49,1,3170,2025-11-03T10:17:23.802508,0.4,1762145242.888000,26,1,3169,FALSE,FALSE,FALSE,FALSE,
3155,2025-11-03T10:17:24.629572,3154.0,2025-11-03T10:17:24.803964,174.4,1762145244.704000,50,1,3171,2025-11-03T10:17:24.804330,0.4,1762145243.890000,26,1,3170,FALSE,FALSE,FALSE,FALSE,
3156,2025-11-03T10:17:25.629576,3155.0,2025-11-03T10:17:25.805233,175.7,1762145245.705000,50,1,3172,2025-11-03T10:17:25.805560,0.3,1762145244.891000,26,1,3171,FALSE,FALSE,FALSE,FALSE,
3157,2025-11-03T10:17:26.629569,3156.0,2025-11-03T10:17:26.806577,177.0,1762145246.706000,49,1,3173,2025-11-03T10:17:26.806886,0.3,1762145245.892000,26,1,3172,FALSE,FALSE,FALSE,FALSE,
3158,2025-11-03T10:17:27.629569,3157.0,2025-11-03T10:17:27.807828,178.3,1762145247.708000,49,1,3174,2025-11-03T10:17:27.808164,0.3,1762145246.894000,26,1,3173,FALSE,FALSE,FALSE,FALSE,
3159,2025-11-03T10:17:28.629565,3158.0,2025-11-03T10:17:28.809209,179.6,1762145248.709000,49,1,3175,2025-11-03T10:17:28.809582,0.4,1762145247.895000,26,1,3174,FALSE,FALSE,FALSE,FALSE,
3160,2025-11-03T10:17:29.629565,3159.0,2025-11-03T10:17:29.810752,181.2,1762145249.710000,49,1,3176,2025-11-03T10:17:29.811120,0.4,1762145248.897000,26,1,3175,FALSE,FALSE,FALSE,FALSE,
3161,2025-11-03T10:17:30.629568,3160.0,2025-11-03T10:17:30.811732,182.2,1762145250.711000,49,1,3177,2025-11-03T10:17:30.812054,0.3,1762145249.898000,26,1,3176,FALSE,FALSE,FALSE,FALSE,
3162,2025-11-03T10:17:31.629579,3161.0,2025-11-03T10:17:31.813179,183.6,1762145251.713000,49,1,3178,2025-11-03T10:17:31.813521,0.3,1762145250.900000,26,1,3177,FALSE,FALSE,FALSE,FALSE,
3163,2025-11-03T10:17:32.629560,3162.0,2025-11-03T10:17:32.814535,185.0,1762145252.714000,49,1,3179,2025-11-03T10:17:32.814855,0.3,1762145251.901000,26,1,3178,FALSE,FALSE,FALSE,FALSE,
3164,2025-11-03T10:17:33.629565,3163.0,2025-11-03T10:17:33.815935,186.4,1762145253.715000,49,1,3180,2025-11-03T10:17:33.816230,0.3,1762145252.902000,26,1,3179,FALSE,FALSE,FALSE,FALSE,
3165,2025-11-03T10:17:34.629565,3164.0,2025-11-03T10:17:34.817208,187.6,1762145254.716000,50,1,3181,2025-11-03T10:17:34.817528,0.3,1762145253.904000,26,1,3180,FALSE,FALSE,FALSE,FALSE,
3166,2025-11-03T10:17:35.629563,3165.0,2025-11-03T10:17:35.818560,189.0,1762145255.718000,49,1,3182,2025-11-03T10:17:35.818877,0.3,1762145254.906000,26,1,3181,FALSE,FALSE,FALSE,FALSE,
3167,2025-11-03T10:17:36.629567,3166.0,2025-11-03T10:17:36.820335,190.8,1762145256.719000,49,1,3183,2025-11-03T10:17:36.820639,0.3,1762145255.909000,26,1,3182,FALSE,FALSE,FALSE,FALSE,
3168,2025-11-03T10:17:37.629573,3167.0,2025-11-03T10:17:37.821665,192.1,1762145257.721000,50,1,3184,2025-11-03T10:17:37.822009,0.3,1762145256.910000,27,1,3183,FALSE,FALSE,FALSE,FALSE,
3169,2025-11-03T10:17:38.629560,3168.0,2025-11-03T10:17:38.823572,194.0,1762145258.723000,48,1,3185,2025-11-03T10:17:38.823949,0.4,1762145257.912000,26,1,3184,FALSE,FALSE,FALSE,FALSE,
3170,2025-11-03T10:17:39.629568,3169.0,2025-11-03T10:17:39.824533,195.0,1762145259.724000,49,1,3186,2025-11-03T10:17:39.824860,0.3,1762145258.914000,26,1,3185,FALSE,FALSE,FALSE,FALSE,
3171,2025-11-03T10:17:40.629567,3170.0,2025-11-03T10:17:40.825811,196.2,1762145260.725000,49,1,3187,2025-11-03T10:17:40.826126,0.3,1762145259.916000,26,1,3186,FALSE,FALSE,FALSE,FALSE,
3172,2025-11-03T10:17:41.629568,3171.0,2025-11-03T10:17:41.827423,197.9,1762145261.727000,48,1,3188,2025-11-03T10:17:41.827771,0.3,1762145260.918000,26,1,3187,FALSE,FALSE,FALSE,FALSE,
3173,2025-11-03T10:17:42.629567,3172.0,2025-11-03T10:17:42.829901,200.3,1762145262.729000,50,1,3189,2025-11-03T10:17:42.830218,0.3,1762145261.920000,26,1,3188,FALSE,FALSE,FALSE,FALSE,
3174,2025-11-03T10:17:43.629571,3173.0,2025-11-03T10:17:43.731937,102.4,1762145263.631000,44,1,3190,2025-11-03T10:17:43.732251,0.3,1762145262.922000,26,1,3189,FALSE,FALSE,FALSE,FALSE,
3175,2025-11-03T10:17:44.629578,3174.0,2025-11-03T10:17:44.734169,104.6,1762145264.634000,49,1,3191,2025-11-03T10:17:44.734495,0.3,1762145263.823000,23,1,3190,FALSE,FALSE,FALSE,FALSE,
3176,2025-11-03T10:17:45.629566,3175.0,2025-11-03T10:17:45.735491,105.9,1762145265.635000,49,1,3192,2025-11-03T10:17:45.735826,0.3,1762145264.825000,26,1,3191,FALSE,FALSE,FALSE,FALSE,
3177,2025-11-03T10:17:46.629579,3176.0,2025-11-03T10:17:46.737019,107.4,1762145266.636000,49,1,3193,2025-11-03T10:17:46.737341,0.3,1762145265.826000,26,1,3192,FALSE,FALSE,FALSE,FALSE,
3178,2025-11-03T10:17:47.629578,3177.0,2025-11-03T10:17:47.739137,109.6,1762145267.638000,50,1,3194,2025-11-03T10:17:47.739581,0.4,1762145266.828000,26,1,3193,FALSE,FALSE,FALSE,FALSE,
3179,2025-11-03T10:17:48.629576,3178.0,2025-11-03T10:17:48.740807,111.2,1762145268.640000,48,1,3195,2025-11-03T10:17:48.741149,0.3,1762145267.829000,27,1,3194,FALSE,FALSE,FALSE,FALSE,
3180,2025-11-03T10:17:49.629572,3179.0,2025-11-03T10:17:49.743752,114.2,1762145269.643000,50,1,3196,2025-11-03T10:17:49.744130,0.4,1762145268.831000,26,1,3195,FALSE,FALSE,FALSE,FALSE,
3181,2025-11-03T10:17:50.629578,3180.0,2025-11-03T10:17:50.745101,115.5,1762145270.645000,48,1,3197,2025-11-03T10:17:50.745422,0.3,1762145269.832000,26,1,3196,FALSE,FALSE,FALSE,FALSE,
3182,2025-11-03T10:17:51.629578,3181.0,2025-11-03T10:17:51.747102,117.5,1762145271.646000,49,1,3198,2025-11-03T10:17:51.747462,0.3,1762145270.834000,26,1,3197,FALSE,FALSE,FALSE,FALSE,
3183,2025-11-03T10:17:52.629567,3182.0,2025-11-03T10:17:52.749146,119.6,1762145272.649000,50,1,3199,2025-11-03T10:17:52.749486,0.3,1762145271.835000,26,1,3198,FALSE,FALSE,FALSE,FALSE,
3184,2025-11-03T10:17:53.629578,3183.0,2025-11-03T10:17:53.750670,121.1,1762145273.650000,49,1,3200,2025-11-03T10:17:53.751025,0.3,1762145272.837000,26,1,3199,FALSE,FALSE,FALSE,FALSE,
3185,2025-11-03T10:17:54.629581,3184.0,2025-11-03T10:17:54.751958,122.4,1762145274.651000,49,1,3201,2025-11-03T10:17:54.752287,0.3,1762145273.838000,26,1,3200,FALSE,FALSE,FALSE,FALSE,
3186,2025-11-03T10:17:55.629577,3185.0,2025-11-03T10:17:55.753265,123.7,1762145275.653000,49,1,3202,2025-11-03T10:17:55.753598,0.3,1762145274.839000,26,1,3201,FALSE,FALSE,FALSE,FALSE,
3187,2025-11-03T10:17:56.629572,3186.0,2025-11-03T10:17:56.755114,125.5,1762145276.654000,49,1,3203,2025-11-03T10:17:56.755525,0.4,1762145275.841000,26,1,3202,FALSE,FALSE,FALSE,FALSE,
3188,2025-11-03T10:17:57.629585,3187.0,2025-11-03T10:17:57.756327,126.7,1762145277.656000,50,1,3204,2025-11-03T10:17:57.756653,0.3,1762145276.842000,26,1,3203,FALSE,FALSE,FALSE,FALSE,
3189,2025-11-03T10:17:58.629571,3188.0,2025-11-03T10:17:58.758044,128.5,1762145278.657000,50,1,3205,2025-11-03T10:17:58.758362,0.3,1762145277.843000,26,1,3204,FALSE,FALSE,FALSE,FALSE,
3190,2025-11-03T10:17:59.629565,3189.0,2025-11-03T10:17:59.759854,130.3,1762145279.659000,50,1,3206,2025-11-03T10:17:59.760203,0.3,1762145278.845000,26,1,3205,FALSE,FALSE,FALSE,FALSE,
3191,2025-11-03T10:18:00.629613,3190.0,2025-11-03T10:18:00.761483,131.9,1762145280.661000,49,1,3207,2025-11-03T10:18:00.761817,0.3,1762145279.846000,26,1,3206,FALSE,FALSE,FALSE,FALSE,
3192,2025-11-03T10:18:01.629575,3191.0,2025-11-03T10:18:01.762855,133.3,1762145281.662000,49,1,3208,2025-11-03T10:18:01.763195,0.3,1762145280.848000,26,1,3207,FALSE,FALSE,FALSE,FALSE,
3193,2025-11-03T10:18:02.629571,3192.0,2025-11-03T10:18:02.764293,134.7,1762145282.664000,49,1,3209,2025-11-03T10:18:02.764628,0.3,1762145281.849000,26,1,3208,FALSE,FALSE,FALSE,FALSE,
3194,2025-11-03T10:18:03.629570,3193.0,2025-11-03T10:18:03.765740,136.2,1762145283.665000,49,1,3210,2025-11-03T10:18:03.766081,0.3,1762145282.850000,26,1,3209,FALSE,FALSE,FALSE,FALSE,
3195,2025-11-03T10:18:04.629573,3194.0,2025-11-03T10:18:04.767409,137.8,1762145284.667000,49,1,3211,2025-11-03T10:18:04.767756,0.3,1762145283.852000,26,1,3210,FALSE,FALSE,FALSE,FALSE,
3196,2025-11-03T10:18:05.629573,3195.0,2025-11-03T10:18:05.768969,139.4,1762145285.668000,50,1,3212,2025-11-03T10:18:05.769343,0.4,1762145284.853000,26,1,3211,FALSE,FALSE,FALSE,FALSE,
3197,2025-11-03T10:18:06.629572,3196.0,2025-11-03T10:18:06.769874,140.3,1762145286.670000,49,1,3213,2025-11-03T10:18:06.770184,0.3,1762145285.854000,26,1,3212,FALSE,FALSE,FALSE,FALSE,
3198,2025-11-03T10:18:07.629581,3197.0,2025-11-03T10:18:07.771172,141.6,1762145287.671000,48,1,3214,2025-11-03T10:18:07.771565,0.4,1762145286.855000,26,1,3213,FALSE,FALSE,FALSE,FALSE,
3199,2025-11-03T10:18:08.629581,3198.0,2025-11-03T10:18:08.772555,143.0,1762145288.672000,50,1,3215,2025-11-03T10:18:08.772857,0.3,1762145287.857000,26,1,3214,FALSE,FALSE,FALSE,FALSE,
3200,2025-11-03T10:18:09.629580,3199.0,2025-11-03T10:18:09.774048,144.5,1762145289.673000,50,1,3216,2025-11-03T10:18:09.774376,0.3,1762145288.858000,26,1,3215,FALSE,FALSE,FALSE,FALSE,
3201,2025-11-03T10:18:10.629570,3200.0,2025-11-03T10:18:10.775496,145.9,1762145290.675000,50,1,3217,2025-11-03T10:18:10.775842,0.3,1762145289.859000,26,1,3216,FALSE,FALSE,FALSE,FALSE,
3202,2025-11-03T10:18:11.629569,3201.0,2025-11-03T10:18:11.776983,147.4,1762145291.676000,48,1,3218,2025-11-03T10:18:11.777297,0.3,1762145290.862000,26,1,3217,FALSE,FALSE,FALSE,FALSE,
3203,2025-11-03T10:18:12.629568,3202.0,2025-11-03T10:18:12.778432,148.9,1762145292.678000,50,1,3219,2025-11-03T10:18:12.778775,0.3,1762145291.863000,26,1,3218,FALSE,FALSE,FALSE,FALSE,
3204,2025-11-03T10:18:13.629577,3203.0,2025-11-03T10:18:13.780317,150.7,1762145293.680000,49,1,3220,2025-11-03T10:18:13.780953,0.6,1762145292.864000,26,1,3219,FALSE,FALSE,FALSE,FALSE,
3205,2025-11-03T10:18:14.629574,3204.0,2025-11-03T10:18:14.781804,152.2,1762145294.681000,47,1,3221,2025-11-03T10:18:14.782105,0.3,1762145293.865000,26,1,3220,FALSE,FALSE,FALSE,FALSE,
3206,2025-11-03T10:18:15.629574,3205.0,2025-11-03T10:18:15.783277,153.7,1762145295.683000,49,1,3222,2025-11-03T10:18:15.783648,0.4,1762145294.867000,26,1,3221,FALSE,FALSE,FALSE,FALSE,
3207,2025-11-03T10:18:16.629571,3206.0,2025-11-03T10:18:16.784559,155.0,1762145296.684000,50,1,3223,2025-11-03T10:18:16.784861,0.3,1762145295.868000,26,1,3222,FALSE,FALSE,FALSE,FALSE,
3208,2025-11-03T10:18:17.629571,3207.0,2025-11-03T10:18:17.786164,156.6,1762145297.686000,49,1,3224,2025-11-03T10:18:17.786486,0.3,1762145296.869000,26,1,3223,FALSE,FALSE,FALSE,FALSE,
3209,2025-11-03T10:18:18.629574,3208.0,2025-11-03T10:18:18.787792,158.2,1762145298.687000,49,1,3225,2025-11-03T10:18:18.788115,0.3,1762145297.871000,26,1,3224,FALSE,FALSE,FALSE,FALSE,
3210,2025-11-03T10:18:19.629569,3209.0,2025-11-03T10:18:19.789190,159.6,1762145299.688000,49,1,3226,2025-11-03T10:18:19.789506,0.3,1762145298.872000,26,1,3225,FALSE,FALSE,FALSE,FALSE,
3211,2025-11-03T10:18:20.629574,3210.0,2025-11-03T10:18:20.790653,161.1,1762145300.690000,49,1,3227,2025-11-03T10:18:20.790972,0.3,1762145299.873000,26,1,3226,FALSE,FALSE,FALSE,FALSE,
3212,2025-11-03T10:18:21.629569,3211.0,2025-11-03T10:18:21.792079,162.5,1762145301.691000,49,1,3228,2025-11-03T10:18:21.792363,0.3,1762145300.875000,26,1,3227,FALSE,FALSE,FALSE,FALSE,
3213,2025-11-03T10:18:22.629570,3212.0,2025-11-03T10:18:22.793339,163.8,1762145302.693000,49,1,3229,2025-11-03T10:18:22.793915,0.6,1762145301.876000,26,1,3228,FALSE,FALSE,FALSE,FALSE,
3214,2025-11-03T10:18:23.629573,3213.0,2025-11-03T10:18:23.794898,165.3,1762145303.694000,48,1,3230,2025-11-03T10:18:23.795199,0.3,1762145302.877000,26,1,3229,FALSE,FALSE,FALSE,FALSE,
3215,2025-11-03T10:18:24.629568,3214.0,2025-11-03T10:18:24.797181,167.6,1762145304.696000,50,1,3231,2025-11-03T10:18:24.797541,0.3,1762145303.878000,26,1,3230,FALSE,FALSE,FALSE,FALSE,
3216,2025-11-03T10:18:25.629572,3215.0,2025-11-03T10:18:25.798820,169.2,1762145305.698000,49,1,3232,2025-11-03T10:18:25.799120,0.3,1762145304.881000,26,1,3231,FALSE,FALSE,FALSE,FALSE,
3217,2025-11-03T10:18:26.629562,3216.0,2025-11-03T10:18:26.800426,170.9,1762145306.700000,49,1,3233,2025-11-03T10:18:26.800741,0.3,1762145305.883000,26,1,3232,FALSE,FALSE,FALSE,FALSE,
3218,2025-11-03T10:18:27.629564,3217.0,2025-11-03T10:18:27.802491,172.9,1762145307.702000,50,1,3234,2025-11-03T10:18:27.802789,0.3,1762145306.884000,26,1,3233,FALSE,FALSE,FALSE,FALSE,
3219,2025-11-03T10:18:28.629577,3218.0,2025-11-03T10:18:28.804377,174.8,1762145308.703000,49,1,3235,2025-11-03T10:18:28.804679,0.3,1762145307.885000,26,1,3234,FALSE,FALSE,FALSE,FALSE,
3220,2025-11-03T10:18:29.629572,3219.0,2025-11-03T10:18:29.806296,176.7,1762145309.705000,49,1,3236,2025-11-03T10:18:29.806651,0.3,1762145308.887000,26,1,3235,FALSE,FALSE,FALSE,FALSE,
3221,2025-11-03T10:18:30.629571,3220.0,2025-11-03T10:18:30.808348,178.8,1762145310.708000,50,1,3237,2025-11-03T10:18:30.808687,0.3,1762145309.887000,26,1,3236,FALSE,FALSE,FALSE,FALSE,
3222,2025-11-03T10:18:31.629597,3221.0,2025-11-03T10:18:31.810356,180.8,1762145311.709000,49,1,3238,2025-11-03T10:18:31.816205,5.8,1762145310.889000,26,1,3237,FALSE,FALSE,FALSE,FALSE,
3223,2025-11-03T10:18:32.629567,3222.0,2025-11-03T10:18:32.811805,182.2,1762145312.711000,50,1,3239,2025-11-03T10:18:32.812196,0.4,1762145311.890000,26,1,3238,FALSE,FALSE,FALSE,FALSE,
3224,2025-11-03T10:18:33.629565,3223.0,2025-11-03T10:18:33.813385,183.8,1762145313.712000,50,1,3240,2025-11-03T10:18:33.813743,0.3,1762145312.891000,26,1,3239,FALSE,FALSE,FALSE,FALSE,
3225,2025-11-03T10:18:34.629566,3224.0,2025-11-03T10:18:34.814998,185.4,1762145314.714000,48,1,3241,2025-11-03T10:18:34.815288,0.3,1762145313.893000,26,1,3240,FALSE,FALSE,FALSE,FALSE,
3226,2025-11-03T10:18:35.629565,3225.0,2025-11-03T10:18:35.816436,186.9,1762145315.716000,48,1,3242,2025-11-03T10:18:35.816738,0.3,1762145314.894000,26,1,3241,FALSE,FALSE,FALSE,FALSE,
3227,2025-11-03T10:18:36.629566,3226.0,2025-11-03T10:18:36.818407,188.8,1762145316.718000,49,1,3243,2025-11-03T10:18:36.818707,0.3,1762145315.896000,26,1,3242,FALSE,FALSE,FALSE,FALSE,
3228,2025-11-03T10:18:37.629572,3227.0,2025-11-03T10:18:37.820360,190.8,1762145317.720000,50,1,3244,2025-11-03T10:18:37.820656,0.3,1762145316.897000,26,1,3243,FALSE,FALSE,FALSE,FALSE,
3229,2025-11-03T10:18:38.629569,3228.0,2025-11-03T10:18:38.821920,192.3,1762145318.721000,49,1,3245,2025-11-03T10:18:38.822252,0.3,1762145317.899000,25,1,3244,FALSE,FALSE,FALSE,FALSE,
3230,2025-11-03T10:18:39.629566,3229.0,2025-11-03T10:18:39.824121,194.6,1762145319.723000,49,1,3246,2025-11-03T10:18:39.824484,0.3,1762145318.900000,26,1,3245,FALSE,FALSE,FALSE,FALSE,
3231,2025-11-03T10:18:40.629565,3230.0,2025-11-03T10:18:40.826049,196.5,1762145320.725000,49,1,3247,2025-11-03T10:18:40.826435,0.4,1762145319.903000,26,1,3246,FALSE,FALSE,FALSE,FALSE,
3232,2025-11-03T10:18:41.629568,3231.0,2025-11-03T10:18:41.827959,198.4,1762145321.727000,49,1,3248,2025-11-03T10:18:41.828259,0.3,1762145320.904000,26,1,3247,FALSE,FALSE,FALSE,FALSE,
3233,2025-11-03T10:18:42.629570,3232.0,2025-11-03T10:18:42.830056,200.5,1762145322.729000,49,1,3249,2025-11-03T10:18:42.830382,0.3,1762145321.906000,27,1,3248,FALSE,FALSE,FALSE,FALSE,
3234,2025-11-03T10:18:43.629571,3233.0,2025-11-03T10:18:43.731236,101.7,1762145323.630000,45,1,3250,2025-11-03T10:18:43.731590,0.3,1762145322.909000,26,1,3249,FALSE,FALSE,FALSE,FALSE,
3235,2025-11-03T10:18:44.629568,3234.0,2025-11-03T10:18:44.732524,102.9,1762145324.632000,49,1,3251,2025-11-03T10:18:44.732810,0.3,1762145323.810000,23,1,3250,FALSE,FALSE,FALSE,FALSE,
3236,2025-11-03T10:18:45.629569,3235.0,2025-11-03T10:18:45.734188,104.6,1762145325.633000,49,1,3252,2025-11-03T10:18:45.734677,0.5,1762145324.812000,26,1,3251,FALSE,FALSE,FALSE,FALSE,
3237,2025-11-03T10:18:46.629576,3236.0,2025-11-03T10:18:46.735620,106.0,1762145326.635000,50,1,3253,2025-11-03T10:18:46.735960,0.3,1762145325.814000,26,1,3252,FALSE,FALSE,FALSE,FALSE,
3238,2025-11-03T10:18:47.629575,3237.0,2025-11-03T10:18:47.737857,108.3,1762145327.637000,47,1,3254,2025-11-03T10:18:47.738162,0.3,1762145326.815000,26,1,3253,FALSE,FALSE,FALSE,FALSE,
3239,2025-11-03T10:18:48.629569,3238.0,2025-11-03T10:18:48.739931,110.4,1762145328.640000,48,1,3255,2025-11-03T10:18:48.740287,0.3,1762145327.817000,26,1,3254,FALSE,FALSE,FALSE,FALSE,
3240,2025-11-03T10:18:49.629570,3239.0,2025-11-03T10:18:49.742647,113.1,1762145329.641000,48,1,3256,2025-11-03T10:18:49.742975,0.3,1762145328.819000,26,1,3255,FALSE,FALSE,FALSE,FALSE,
3241,2025-11-03T10:18:50.629576,3240.0,2025-11-03T10:18:50.744785,115.2,1762145330.643000,49,1,3257,2025-11-03T10:18:50.745130,0.3,1762145329.819000,25,1,3256,FALSE,FALSE,FALSE,FALSE,
3242,2025-11-03T10:18:51.629573,3241.0,2025-11-03T10:18:51.747200,117.6,1762145331.646000,48,1,3258,2025-11-03T10:18:51.747550,0.3,1762145330.820000,26,1,3257,FALSE,FALSE,FALSE,FALSE,
3243,2025-11-03T10:18:52.629571,3242.0,2025-11-03T10:18:52.749994,120.4,1762145332.649000,50,1,3259,2025-11-03T10:18:52.750307,0.3,1762145331.822000,26,1,3258,FALSE,FALSE,FALSE,FALSE,
3244,2025-11-03T10:18:53.629573,3243.0,2025-11-03T10:18:53.751277,121.7,1762145333.651000,50,1,3260,2025-11-03T10:18:53.751636,0.3,1762145332.823000,26,1,3259,FALSE,FALSE,FALSE,FALSE,
3245,2025-11-03T10:18:54.629570,3244.0,2025-11-03T10:18:54.752519,122.9,1762145334.652000,49,1,3261,2025-11-03T10:18:54.752822,0.3,1762145333.824000,26,1,3260,FALSE,FALSE,FALSE,FALSE,
3246,2025-11-03T10:18:55.629579,3245.0,2025-11-03T10:18:55.753922,124.3,1762145335.653000,50,1,3262,2025-11-03T10:18:55.754252,0.3,1762145334.827000,27,1,3261,FALSE,FALSE,FALSE,FALSE,
3247,2025-11-03T10:18:56.629571,3246.0,2025-11-03T10:18:56.755123,125.5,1762145336.655000,49,1,3263,2025-11-03T10:18:56.755591,0.5,1762145335.828000,26,1,3262,FALSE,FALSE,FALSE,FALSE,
3248,2025-11-03T10:18:57.629561,3247.0,2025-11-03T10:18:57.756881,127.3,1762145337.656000,49,1,3264,2025-11-03T10:18:57.757250,0.4,1762145336.829000,26,1,3263,FALSE,FALSE,FALSE,FALSE,
3249,2025-11-03T10:18:58.629592,3248.0,2025-11-03T10:18:58.759021,129.4,1762145338.657000,49,1,3265,2025-11-03T10:18:58.759453,0.4,1762145337.831000,26,1,3264,FALSE,FALSE,FALSE,FALSE,
3250,2025-11-03T10:18:59.629579,3249.0,2025-11-03T10:18:59.760788,131.2,1762145339.659000,51,1,3266,2025-11-03T10:18:59.761089,0.3,1762145338.832000,26,1,3265,FALSE,FALSE,FALSE,FALSE,
3251,2025-11-03T10:19:00.629587,3250.0,2025-11-03T10:19:00.762173,132.6,1762145340.662000,48,1,3267,2025-11-03T10:19:00.762502,0.3,1762145339.834000,26,1,3266,FALSE,FALSE,FALSE,FALSE,
3252,2025-11-03T10:19:01.629575,3251.0,2025-11-03T10:19:01.763574,134.0,1762145341.663000,50,1,3268,2025-11-03T10:19:01.763935,0.3,1762145340.835000,26,1,3267,FALSE,FALSE,FALSE,FALSE,
3253,2025-11-03T10:19:02.629573,3252.0,2025-11-03T10:19:02.765465,135.9,1762145342.665000,50,1,3269,2025-11-03T10:19:02.765779,0.3,1762145341.836000,26,1,3268,FALSE,FALSE,FALSE,FALSE,
3254,2025-11-03T10:19:03.629570,3253.0,2025-11-03T10:19:03.766715,137.1,1762145343.666000,49,1,3270,2025-11-03T10:19:03.767037,0.3,1762145342.837000,26,1,3269,FALSE,FALSE,FALSE,FALSE,
3255,2025-11-03T10:19:04.629572,3254.0,2025-11-03T10:19:04.768113,138.5,1762145344.667000,49,1,3271,2025-11-03T10:19:04.768409,0.3,1762145343.839000,26,1,3270,FALSE,FALSE,FALSE,FALSE,
3256,2025-11-03T10:19:05.629574,3255.0,2025-11-03T10:19:05.769330,139.8,1762145345.669000,48,1,3272,2025-11-03T10:19:05.769640,0.3,1762145344.841000,26,1,3271,FALSE,FALSE,FALSE,FALSE,
3257,2025-11-03T10:19:06.629573,3256.0,2025-11-03T10:19:06.770596,141.0,1762145346.670000,48,1,3273,2025-11-03T10:19:06.770902,0.3,1762145345.841000,26,1,3272,FALSE,FALSE,FALSE,FALSE,
3258,2025-11-03T10:19:07.629575,3257.0,2025-11-03T10:19:07.772103,142.5,1762145347.671000,48,1,3274,2025-11-03T10:19:07.772447,0.3,1762145346.843000,26,1,3273,FALSE,FALSE,FALSE,FALSE,
3259,2025-11-03T10:19:08.629578,3258.0,2025-11-03T10:19:08.773095,143.5,1762145348.672000,48,1,3275,2025-11-03T10:19:08.773392,0.3,1762145347.844000,26,1,3274,FALSE,FALSE,FALSE,FALSE,
3260,2025-11-03T10:19:09.629574,3259.0,2025-11-03T10:19:09.774270,144.7,1762145349.674000,49,1,3276,2025-11-03T10:19:09.774574,0.3,1762145348.846000,26,1,3275,FALSE,FALSE,FALSE,FALSE,
3261,2025-11-03T10:19:10.629574,3260.0,2025-11-03T10:19:10.775678,146.1,1762145350.675000,49,1,3277,2025-11-03T10:19:10.776066,0.4,1762145349.847000,26,1,3276,FALSE,FALSE,FALSE,FALSE,
3262,2025-11-03T10:19:11.629572,3261.0,2025-11-03T10:19:11.778030,148.5,1762145351.676000,48,1,3278,2025-11-03T10:19:11.778391,0.3,1762145350.848000,26,1,3277,FALSE,FALSE,FALSE,FALSE,
3263,2025-11-03T10:19:12.629580,3262.0,2025-11-03T10:19:12.780300,150.7,1762145352.679000,49,1,3279,2025-11-03T10:19:12.780688,0.4,1762145351.849000,26,1,3278,FALSE,FALSE,FALSE,FALSE,
3264,2025-11-03T10:19:13.629583,3263.0,2025-11-03T10:19:13.782341,152.7,1762145353.681000,49,1,3280,2025-11-03T10:19:13.782637,0.3,1762145352.851000,26,1,3279,FALSE,FALSE,FALSE,FALSE,
3265,2025-11-03T10:19:14.629579,3264.0,2025-11-03T10:19:14.783845,154.3,1762145354.683000,49,1,3281,2025-11-03T10:19:14.784163,0.3,1762145353.852000,26,1,3280,FALSE,FALSE,FALSE,FALSE,
3266,2025-11-03T10:19:15.629586,3265.0,2025-11-03T10:19:15.785185,155.6,1762145355.685000,49,1,3282,2025-11-03T10:19:15.785498,0.3,1762145354.854000,26,1,3281,FALSE,FALSE,FALSE,FALSE,
3267,2025-11-03T10:19:16.629589,3266.0,2025-11-03T10:19:16.786681,157.1,1762145356.686000,48,1,3283,2025-11-03T10:19:16.787026,0.3,1762145355.855000,26,1,3282,FALSE,FALSE,FALSE,FALSE,
3268,2025-11-03T10:19:17.629577,3267.0,2025-11-03T10:19:17.787716,158.1,1762145357.687000,50,1,3284,2025-11-03T10:19:17.788022,0.3,1762145356.856000,26,1,3283,FALSE,FALSE,FALSE,FALSE,
3269,2025-11-03T10:19:18.629575,3268.0,2025-11-03T10:19:18.788929,159.3,1762145358.688000,49,1,3285,2025-11-03T10:19:18.789258,0.3,1762145357.858000,26,1,3284,FALSE,FALSE,FALSE,FALSE,
3270,2025-11-03T10:19:19.629574,3269.0,2025-11-03T10:19:19.790237,160.7,1762145359.690000,49,1,3286,2025-11-03T10:19:19.790577,0.3,1762145358.859000,26,1,3285,FALSE,FALSE,FALSE,FALSE,
3271,2025-11-03T10:19:20.629578,3270.0,2025-11-03T10:19:20.791577,162.0,1762145360.691000,49,1,3287,2025-11-03T10:19:20.791887,0.3,1762145359.860000,26,1,3286,FALSE,FALSE,FALSE,FALSE,
3272,2025-11-03T10:19:21.629577,3271.0,2025-11-03T10:19:21.792886,163.3,1762145361.693000,49,1,3288,2025-11-03T10:19:21.793192,0.3,1762145360.862000,25,1,3287,FALSE,FALSE,FALSE,FALSE,
3273,2025-11-03T10:19:22.629572,3272.0,2025-11-03T10:19:22.794385,164.8,1762145362.694000,49,1,3289,2025-11-03T10:19:22.794697,0.3,1762145361.863000,27,1,3288,FALSE,FALSE,FALSE,FALSE,
3274,2025-11-03T10:19:23.629570,3273.0,2025-11-03T10:19:23.796692,167.1,1762145363.696000,50,1,3290,2025-11-03T10:19:23.797041,0.3,1762145362.865000,26,1,3289,FALSE,FALSE,FALSE,FALSE,
3275,2025-11-03T10:19:24.629564,3274.0,2025-11-03T10:19:24.798359,168.8,1762145364.698000,50,1,3291,2025-11-03T10:19:24.798915,0.5,1762145363.866000,26,1,3290,FALSE,FALSE,FALSE,FALSE,
3276,2025-11-03T10:19:25.629570,3275.0,2025-11-03T10:19:25.800464,170.9,1762145365.700000,49,1,3292,2025-11-03T10:19:25.800805,0.3,1762145364.867000,26,1,3291,FALSE,FALSE,FALSE,FALSE,
3277,2025-11-03T10:19:26.629579,3276.0,2025-11-03T10:19:26.801942,172.4,1762145366.701000,48,1,3293,2025-11-03T10:19:26.802260,0.3,1762145365.868000,26,1,3292,FALSE,FALSE,FALSE,FALSE,
3278,2025-11-03T10:19:27.629573,3277.0,2025-11-03T10:19:27.803438,173.9,1762145367.703000,49,1,3294,2025-11-03T10:19:27.803795,0.3,1762145366.870000,26,1,3293,FALSE,FALSE,FALSE,FALSE,
3279,2025-11-03T10:19:28.629577,3278.0,2025-11-03T10:19:28.805312,175.7,1762145368.705000,49,1,3295,2025-11-03T10:19:28.805625,0.3,1762145367.872000,26,1,3294,FALSE,FALSE,FALSE,FALSE,
3280,2025-11-03T10:19:29.629573,3279.0,2025-11-03T10:19:29.806850,177.3,1762145369.707000,49,1,3296,2025-11-03T10:19:29.807195,0.3,1762145368.873000,26,1,3295,FALSE,FALSE,FALSE,FALSE,
3281,2025-11-03T10:19:30.629568,3280.0,2025-11-03T10:19:30.808220,178.6,1762145370.708000,50,1,3297,2025-11-03T10:19:30.808581,0.3,1762145369.875000,26,1,3296,FALSE,FALSE,FALSE,FALSE,
3282,2025-11-03T10:19:31.629574,3281.0,2025-11-03T10:19:31.809500,179.9,1762145371.709000,49,1,3298,2025-11-03T10:19:31.809829,0.3,1762145370.876000,26,1,3297,FALSE,FALSE,FALSE,FALSE,
3283,2025-11-03T10:19:32.629573,3282.0,2025-11-03T10:19:32.810965,181.4,1762145372.710000,49,1,3299,2025-11-03T10:19:32.811291,0.3,1762145371.877000,26,1,3298,FALSE,FALSE,FALSE,FALSE,
3284,2025-11-03T10:19:33.629571,3283.0,2025-11-03T10:19:33.812338,182.8,1762145373.712000,48,1,3300,2025-11-03T10:19:33.812891,0.5,1762145372.878000,26,1,3299,FALSE,FALSE,FALSE,FALSE,
3285,2025-11-03T10:19:34.629571,3284.0,2025-11-03T10:19:34.813569,184.0,1762145374.713000,49,1,3301,2025-11-03T10:19:34.813918,0.3,1762145373.881000,26,1,3300,FALSE,FALSE,FALSE,FALSE,
3286,2025-11-03T10:19:35.629575,3285.0,2025-11-03T10:19:35.814844,185.3,1762145375.714000,50,1,3302,2025-11-03T10:19:35.815178,0.3,1762145374.882000,26,1,3301,FALSE,FALSE,FALSE,FALSE,
3287,2025-11-03T10:19:36.629568,3286.0,2025-11-03T10:19:36.816115,186.5,1762145376.715000,47,1,3303,2025-11-03T10:19:36.816411,0.3,1762145375.884000,26,1,3302,FALSE,FALSE,FALSE,FALSE,
3288,2025-11-03T10:19:37.629578,3287.0,2025-11-03T10:19:37.817853,188.3,1762145377.717000,49,1,3304,2025-11-03T10:19:37.818167,0.3,1762145376.885000,26,1,3303,FALSE,FALSE,FALSE,FALSE,
3289,2025-11-03T10:19:38.629579,3288.0,2025-11-03T10:19:38.818925,189.3,1762145378.718000,48,1,3305,2025-11-03T10:19:38.819251,0.3,1762145377.887000,26,1,3304,FALSE,FALSE,FALSE,FALSE,
3290,2025-11-03T10:19:39.629572,3289.0,2025-11-03T10:19:39.820689,191.1,1762145379.720000,49,1,3306,2025-11-03T10:19:39.821002,0.3,1762145378.888000,26,1,3305,FALSE,FALSE,FALSE,FALSE,
3291,2025-11-03T10:19:40.629573,3290.0,2025-11-03T10:19:40.821975,192.4,1762145380.721000,48,1,3307,2025-11-03T10:19:40.822344,0.4,1762145379.890000,26,1,3306,FALSE,FALSE,FALSE,FALSE,
3292,2025-11-03T10:19:41.629571,3291.0,2025-11-03T10:19:41.823505,193.9,1762145381.723000,49,1,3308,2025-11-03T10:19:41.823830,0.3,1762145380.892000,26,1,3307,FALSE,FALSE,FALSE,FALSE,
3293,2025-11-03T10:19:42.629575,3292.0,2025-11-03T10:19:42.825585,196.0,1762145382.725000,50,1,3309,2025-11-03T10:19:42.826176,0.6,1762145381.893000,26,1,3308,FALSE,FALSE,FALSE,FALSE,
3294,2025-11-03T10:19:43.629606,3293.0,2025-11-03T10:19:43.827831,198.2,1762145383.727000,49,1,3310,2025-11-03T10:19:43.828213,0.4,1762145382.895000,26,1,3309,FALSE,FALSE,FALSE,FALSE,
3295,2025-11-03T10:19:44.629580,3294.0,2025-11-03T10:19:44.829688,200.1,1762145384.729000,49,1,3311,2025-11-03T10:19:44.829994,0.3,1762145383.897000,26,1,3310,FALSE,FALSE,FALSE,FALSE,
3296,2025-11-03T10:19:45.629574,3295.0,2025-11-03T10:19:45.731184,101.6,1762145385.631000,45,1,3312,2025-11-03T10:19:45.731575,0.4,1762145384.898000,26,1,3311,FALSE,FALSE,FALSE,FALSE,
3297,2025-11-03T10:19:46.629587,3296.0,2025-11-03T10:19:46.732402,102.8,1762145386.632000,49,1,3313,2025-11-03T10:19:46.732724,0.3,1762145385.800000,24,1,3312,FALSE,FALSE,FALSE,FALSE,
3298,2025-11-03T10:19:47.629567,3297.0,2025-11-03T10:19:47.734023,104.5,1762145387.633000,49,1,3314,2025-11-03T10:19:47.734346,0.3,1762145386.801000,26,1,3313,FALSE,FALSE,FALSE,FALSE,
3299,2025-11-03T10:19:48.629569,3298.0,2025-11-03T10:19:48.735346,105.8,1762145388.634000,49,1,3315,2025-11-03T10:19:48.735678,0.3,1762145387.804000,26,1,3314,FALSE,FALSE,FALSE,FALSE,
3300,2025-11-03T10:19:49.629574,3299.0,2025-11-03T10:19:49.737418,107.8,1762145389.637000,49,1,3316,2025-11-03T10:19:49.737727,0.3,1762145388.805000,26,1,3315,FALSE,FALSE,FALSE,FALSE,
3301,2025-11-03T10:19:50.629568,3300.0,2025-11-03T10:19:50.738640,109.1,1762145390.638000,49,1,3317,2025-11-03T10:19:50.738983,0.3,1762145389.807000,26,1,3316,FALSE,FALSE,FALSE,FALSE,
3302,2025-11-03T10:19:51.629570,3301.0,2025-11-03T10:19:51.740084,110.5,1762145391.639000,50,1,3318,2025-11-03T10:19:51.740696,0.6,1762145390.808000,26,1,3317,FALSE,FALSE,FALSE,FALSE,
3303,2025-11-03T10:19:52.629574,3302.0,2025-11-03T10:19:52.741734,112.2,1762145392.641000,49,1,3319,2025-11-03T10:19:52.742093,0.3,1762145391.810000,26,1,3318,FALSE,FALSE,FALSE,FALSE,
3304,2025-11-03T10:19:53.629567,3303.0,2025-11-03T10:19:53.743057,113.5,1762145393.643000,49,1,3320,2025-11-03T10:19:53.743436,0.4,1762145392.811000,26,1,3319,FALSE,FALSE,FALSE,FALSE,
3305,2025-11-03T10:19:54.629568,3304.0,2025-11-03T10:19:54.744367,114.8,1762145394.644000,49,1,3321,2025-11-03T10:19:54.744669,0.3,1762145393.812000,26,1,3320,FALSE,FALSE,FALSE,FALSE,
3306,2025-11-03T10:19:55.629581,3305.0,2025-11-03T10:19:55.745582,116.0,1762145395.645000,48,1,3322,2025-11-03T10:19:55.745970,0.4,1762145394.814000,26,1,3321,FALSE,FALSE,FALSE,FALSE,
3307,2025-11-03T10:19:56.629572,3306.0,2025-11-03T10:19:56.747163,117.6,1762145396.647000,50,1,3323,2025-11-03T10:19:56.747558,0.4,1762145395.815000,25,1,3322,FALSE,FALSE,FALSE,FALSE,
3308,2025-11-03T10:19:57.629573,3307.0,2025-11-03T10:19:57.748773,119.2,1762145397.648000,48,1,3324,2025-11-03T10:19:57.749093,0.3,1762145396.816000,26,1,3323,FALSE,FALSE,FALSE,FALSE,
3309,2025-11-03T10:19:58.629570,3308.0,2025-11-03T10:19:58.750138,120.6,1762145398.649000,48,1,3325,2025-11-03T10:19:58.750439,0.3,1762145397.818000,26,1,3324,FALSE,FALSE,FALSE,FALSE,
3310,2025-11-03T10:19:59.629571,3309.0,2025-11-03T10:19:59.751720,122.1,1762145399.651000,49,1,3326,2025-11-03T10:19:59.752009,0.3,1762145398.820000,26,1,3325,FALSE,FALSE,FALSE,FALSE,
3311,2025-11-03T10:20:00.629583,3310.0,2025-11-03T10:20:00.753492,123.9,1762145400.652000,50,1,3327,2025-11-03T10:20:00.753904,0.4,1762145399.821000,26,1,3326,FALSE,FALSE,FALSE,FALSE,
3312,2025-11-03T10:20:01.629572,3311.0,2025-11-03T10:20:01.754479,124.9,1762145401.654000,49,1,3328,2025-11-03T10:20:01.754869,0.4,1762145400.822000,27,1,3327,FALSE,FALSE,FALSE,FALSE,
3313,2025-11-03T10:20:02.629569,3312.0,2025-11-03T10:20:02.755789,126.2,1762145402.655000,49,1,3329,2025-11-03T10:20:02.756154,0.4,1762145401.824000,26,1,3328,FALSE,FALSE,FALSE,FALSE,
3314,2025-11-03T10:20:03.629569,3313.0,2025-11-03T10:20:03.757108,127.5,1762145403.657000,50,1,3330,2025-11-03T10:20:03.757436,0.3,1762145402.825000,26,1,3329,FALSE,FALSE,FALSE,FALSE,
3315,2025-11-03T10:20:04.629617,3314.0,2025-11-03T10:20:04.758653,129.0,1762145404.658000,49,1,3331,2025-11-03T10:20:04.758965,0.3,1762145403.826000,26,1,3330,FALSE,FALSE,FALSE,FALSE,
3316,2025-11-03T10:20:05.629571,3315.0,2025-11-03T10:20:05.760064,130.5,1762145405.660000,49,1,3332,2025-11-03T10:20:05.760415,0.3,1762145404.828000,26,1,3331,FALSE,FALSE,FALSE,FALSE,
3317,2025-11-03T10:20:06.629567,3316.0,2025-11-03T10:20:06.761340,131.8,1762145406.661000,49,1,3333,2025-11-03T10:20:06.761670,0.3,1762145405.829000,26,1,3332,FALSE,FALSE,FALSE,FALSE,
3318,2025-11-03T10:20:07.629567,3317.0,2025-11-03T10:20:07.762728,133.2,1762145407.662000,49,1,3334,2025-11-03T10:20:07.763027,0.3,1762145406.830000,26,1,3333,FALSE,FALSE,FALSE,FALSE,
3319,2025-11-03T10:20:08.629575,3318.0,2025-11-03T10:20:08.764815,135.2,1762145408.664000,50,1,3335,2025-11-03T10:20:08.765141,0.3,1762145407.831000,26,1,3334,FALSE,FALSE,FALSE,FALSE,
3320,2025-11-03T10:20:09.629567,3319.0,2025-11-03T10:20:09.766362,136.8,1762145409.665000,49,1,3336,2025-11-03T10:20:09.766736,0.4,1762145408.833000,26,1,3335,FALSE,FALSE,FALSE,FALSE,
3321,2025-11-03T10:20:10.629575,3320.0,2025-11-03T10:20:10.767724,138.1,1762145410.667000,49,1,3337,2025-11-03T10:20:10.768039,0.3,1762145409.834000,26,1,3336,FALSE,FALSE,FALSE,FALSE,
3322,2025-11-03T10:20:11.629568,3321.0,2025-11-03T10:20:11.768953,139.4,1762145411.669000,49,1,3338,2025-11-03T10:20:11.769262,0.3,1762145410.836000,26,1,3337,FALSE,FALSE,FALSE,FALSE,
3323,2025-11-03T10:20:12.629570,3322.0,2025-11-03T10:20:12.770300,140.7,1762145412.670000,50,1,3339,2025-11-03T10:20:12.770621,0.3,1762145411.837000,26,1,3338,FALSE,FALSE,FALSE,FALSE,
3324,2025-11-03T10:20:13.629567,3323.0,2025-11-03T10:20:13.771655,142.1,1762145413.671000,49,1,3340,2025-11-03T10:20:13.771969,0.3,1762145412.840000,26,1,3339,FALSE,FALSE,FALSE,FALSE,
3325,2025-11-03T10:20:14.629571,3324.0,2025-11-03T10:20:14.773208,143.6,1762145414.673000,49,1,3341,2025-11-03T10:20:14.773528,0.3,1762145413.842000,26,1,3340,FALSE,FALSE,FALSE,FALSE,
3326,2025-11-03T10:20:15.629567,3325.0,2025-11-03T10:20:15.774768,145.2,1762145415.674000,48,1,3342,2025-11-03T10:20:15.775086,0.3,1762145414.844000,26,1,3341,FALSE,FALSE,FALSE,FALSE,
3327,2025-11-03T10:20:16.629569,3326.0,2025-11-03T10:20:16.776734,147.2,1762145416.675000,48,1,3343,2025-11-03T10:20:16.777035,0.3,1762145415.846000,26,1,3342,FALSE,FALSE,FALSE,FALSE,
3328,2025-11-03T10:20:17.629567,3327.0,2025-11-03T10:20:17.778309,148.7,1762145417.678000,50,1,3344,2025-11-03T10:20:17.778635,0.3,1762145416.848000,26,1,3343,FALSE,FALSE,FALSE,FALSE,
3329,2025-11-03T10:20:18.629571,3328.0,2025-11-03T10:20:18.785031,155.5,1762145418.679000,49,1,3345,2025-11-03T10:20:18.785502,0.5,1762145417.850000,26,1,3344,FALSE,FALSE,FALSE,FALSE,
3330,2025-11-03T10:20:19.629575,3329.0,2025-11-03T10:20:19.781442,151.9,1762145419.680000,48,1,3346,2025-11-03T10:20:19.781749,0.3,1762145418.852000,26,1,3345,FALSE,FALSE,FALSE,FALSE,
3331,2025-11-03T10:20:20.629572,3330.0,2025-11-03T10:20:20.782868,153.3,1762145420.682000,48,1,3347,2025-11-03T10:20:20.783208,0.3,1762145419.854000,26,1,3346,FALSE,FALSE,FALSE,FALSE,
3332,2025-11-03T10:20:21.629573,3331.0,2025-11-03T10:20:21.784679,155.1,1762145421.684000,49,1,3348,2025-11-03T10:20:21.784983,0.3,1762145420.856000,26,1,3347,FALSE,FALSE,FALSE,FALSE,
3333,2025-11-03T10:20:22.629572,3332.0,2025-11-03T10:20:22.786695,157.1,1762145422.685000,49,1,3349,2025-11-03T10:20:22.787010,0.3,1762145421.858000,26,1,3348,FALSE,FALSE,FALSE,FALSE,
3334,2025-11-03T10:20:23.629571,3333.0,2025-11-03T10:20:23.787999,158.4,1762145423.687000,49,1,3350,2025-11-03T10:20:23.788475,0.5,1762145422.859000,26,1,3349,FALSE,FALSE,FALSE,FALSE,
3335,2025-11-03T10:20:24.629571,3334.0,2025-11-03T10:20:24.790058,160.5,1762145424.689000,48,1,3351,2025-11-03T10:20:24.790379,0.3,1762145423.861000,27,1,3350,FALSE,FALSE,FALSE,FALSE,
3336,2025-11-03T10:20:25.629560,3335.0,2025-11-03T10:20:25.792491,162.9,1762145425.692000,50,1,3352,2025-11-03T10:20:25.792827,0.3,1762145424.863000,26,1,3351,FALSE,FALSE,FALSE,FALSE,
3337,2025-11-03T10:20:26.629559,3336.0,2025-11-03T10:20:26.795164,165.6,1762145426.693000,50,1,3353,2025-11-03T10:20:26.795541,0.4,1762145425.865000,26,1,3352,FALSE,FALSE,FALSE,FALSE,
3338,2025-11-03T10:20:27.629568,3337.0,2025-11-03T10:20:27.970376,340.8,1762145427.697000,48,1,3354,2025-11-03T10:20:27.970683,0.3,1762145426.867000,26,1,3353,FALSE,FALSE,FALSE,FALSE,
3339,2025-11-03T10:20:28.629544,3338.0,2025-11-03T10:20:28.797774,168.2,1762145428.698000,51,1,3355,2025-11-03T10:20:28.797976,0.2,1762145428.069000,31,1,3354,FALSE,FALSE,FALSE,FALSE,
3340,2025-11-03T10:20:29.629544,3339.0,2025-11-03T10:20:29.798737,169.2,1762145429.698000,50,1,3356,2025-11-03T10:20:29.798923,0.2,1762145428.869000,21,1,3355,FALSE,FALSE,FALSE,FALSE,
3341,2025-11-03T10:20:30.629541,3340.0,2025-11-03T10:20:30.799684,170.1,1762145430.699000,50,1,3357,2025-11-03T10:20:30.799883,0.2,1762145429.870000,26,1,3356,FALSE,FALSE,FALSE,FALSE,
3342,2025-11-03T10:20:31.629548,3341.0,2025-11-03T10:20:31.800621,171.1,1762145431.700000,51,1,3358,2025-11-03T10:20:31.800813,0.2,1762145430.871000,26,1,3357,FALSE,FALSE,FALSE,FALSE,
3343,2025-11-03T10:20:32.629542,3342.0,2025-11-03T10:20:32.801510,172.0,1762145432.701000,50,1,3359,2025-11-03T10:20:32.801700,0.2,1762145431.872000,26,1,3358,FALSE,FALSE,FALSE,FALSE,
3344,2025-11-03T10:20:33.629552,3343.0,2025-11-03T10:20:33.802900,173.3,1762145433.702000,48,1,3360,2025-11-03T10:20:33.803216,0.3,1762145432.873000,26,1,3359,FALSE,FALSE,FALSE,FALSE,
3345,2025-11-03T10:20:34.629557,3344.0,2025-11-03T10:20:34.804380,174.8,1762145434.704000,50,1,3361,2025-11-03T10:20:34.804725,0.3,1762145433.875000,26,1,3360,FALSE,FALSE,FALSE,FALSE,
3346,2025-11-03T10:20:35.629567,3345.0,2025-11-03T10:20:35.805698,176.1,1762145435.705000,48,1,3362,2025-11-03T10:20:35.806235,0.5,1762145434.876000,26,1,3361,FALSE,FALSE,FALSE,FALSE,
3347,2025-11-03T10:20:36.629574,3346.0,2025-11-03T10:20:36.807107,177.5,1762145436.707000,48,1,3363,2025-11-03T10:20:36.807466,0.3,1762145435.877000,26,1,3362,FALSE,FALSE,FALSE,FALSE,
3348,2025-11-03T10:20:37.629567,3347.0,2025-11-03T10:20:37.808343,178.8,1762145437.708000,49,1,3364,2025-11-03T10:20:37.808681,0.3,1762145436.878000,26,1,3363,FALSE,FALSE,FALSE,FALSE,
3349,2025-11-03T10:20:38.629555,3348.0,2025-11-03T10:20:38.809574,180.0,1762145438.709000,48,1,3365,2025-11-03T10:20:38.809875,0.3,1762145437.880000,26,1,3364,FALSE,FALSE,FALSE,FALSE,
3350,2025-11-03T10:20:39.629579,3349.0,2025-11-03T10:20:39.811099,181.5,1762145439.711000,49,1,3366,2025-11-03T10:20:39.811462,0.3,1762145438.881000,26,1,3365,FALSE,FALSE,FALSE,FALSE,
3351,2025-11-03T10:20:40.629571,3350.0,2025-11-03T10:20:40.812741,183.2,1762145440.712000,50,1,3367,2025-11-03T10:20:40.813063,0.3,1762145439.882000,26,1,3366,FALSE,FALSE,FALSE,FALSE,
3352,2025-11-03T10:20:41.629577,3351.0,2025-11-03T10:20:41.815877,186.3,1762145441.715000,49,1,3368,2025-11-03T10:20:41.816178,0.3,1762145440.883000,26,1,3367,FALSE,FALSE,FALSE,FALSE,
3353,2025-11-03T10:20:42.629571,3352.0,2025-11-03T10:20:42.818403,188.8,1762145442.718000,49,1,3369,2025-11-03T10:20:42.818717,0.3,1762145441.886000,26,1,3368,FALSE,FALSE,FALSE,FALSE,
3354,2025-11-03T10:20:43.629575,3353.0,2025-11-03T10:20:43.819901,190.3,1762145443.719000,50,1,3370,2025-11-03T10:20:43.820224,0.3,1762145442.887000,26,1,3369,FALSE,FALSE,FALSE,FALSE,
3355,2025-11-03T10:20:44.629580,3354.0,2025-11-03T10:20:44.821334,191.7,1762145444.720000,49,1,3371,2025-11-03T10:20:44.821966,0.6,1762145443.889000,26,1,3370,FALSE,FALSE,FALSE,FALSE,
3356,2025-11-03T10:20:45.629568,3355.0,2025-11-03T10:20:45.823718,194.1,1762145445.723000,49,1,3372,2025-11-03T10:20:45.824045,0.3,1762145444.890000,25,1,3371,FALSE,FALSE,FALSE,FALSE,
3357,2025-11-03T10:20:46.629569,3356.0,2025-11-03T10:20:46.826757,197.2,1762145446.726000,48,1,3373,2025-11-03T10:20:46.827150,0.4,1762145445.892000,26,1,3372,FALSE,FALSE,FALSE,FALSE,
3358,2025-11-03T10:20:47.629570,3357.0,2025-11-03T10:20:47.828639,199.1,1762145447.728000,50,1,3374,2025-11-03T10:20:47.829013,0.4,1762145446.893000,26,1,3373,FALSE,FALSE,FALSE,FALSE,
3359,2025-11-03T10:20:48.629573,3358.0,2025-11-03T10:20:48.829866,200.3,1762145448.730000,49,1,3375,2025-11-03T10:20:48.830225,0.3,1762145447.894000,26,1,3374,FALSE,FALSE,FALSE,FALSE,
3360,2025-11-03T10:20:49.629575,3359.0,2025-11-03T10:20:49.731056,101.5,1762145449.630000,44,1,3376,2025-11-03T10:20:49.731465,0.4,1762145448.896000,26,1,3375,FALSE,FALSE,FALSE,FALSE,
3361,2025-11-03T10:20:50.629577,3360.0,2025-11-03T10:20:50.733210,103.6,1762145450.633000,50,1,3377,2025-11-03T10:20:50.733501,0.3,1762145449.798000,24,1,3376,FALSE,FALSE,FALSE,FALSE,
3362,2025-11-03T10:20:51.629580,3361.0,2025-11-03T10:20:51.734952,105.4,1762145451.634000,49,1,3378,2025-11-03T10:20:51.735437,0.5,1762145450.800000,26,1,3377,FALSE,FALSE,FALSE,FALSE,
3363,2025-11-03T10:20:52.629577,3362.0,2025-11-03T10:20:52.736432,106.8,1762145452.636000,50,1,3379,2025-11-03T10:20:52.736731,0.3,1762145451.802000,26,1,3378,FALSE,FALSE,FALSE,FALSE,
3364,2025-11-03T10:20:53.629576,3363.0,2025-11-03T10:20:53.738044,108.5,1762145453.637000,50,1,3380,2025-11-03T10:20:53.738392,0.3,1762145452.803000,26,1,3379,FALSE,FALSE,FALSE,FALSE,
3365,2025-11-03T10:20:54.629574,3364.0,2025-11-03T10:20:54.739050,109.5,1762145454.639000,48,1,3381,2025-11-03T10:20:54.739437,0.4,1762145453.804000,26,1,3380,FALSE,FALSE,FALSE,FALSE,
3366,2025-11-03T10:20:55.629571,3365.0,2025-11-03T10:20:55.740547,111.0,1762145455.640000,49,1,3382,2025-11-03T10:20:55.740868,0.3,1762145454.806000,26,1,3381,FALSE,FALSE,FALSE,FALSE,
3367,2025-11-03T10:20:56.629572,3366.0,2025-11-03T10:20:56.741905,112.3,1762145456.641000,49,1,3383,2025-11-03T10:20:56.742224,0.3,1762145455.807000,26,1,3382,FALSE,FALSE,FALSE,FALSE,
3368,2025-11-03T10:20:57.629580,3367.0,2025-11-03T10:20:57.744055,114.5,1762145457.643000,49,1,3384,2025-11-03T10:20:57.744439,0.4,1762145456.808000,26,1,3383,FALSE,FALSE,FALSE,FALSE,
3369,2025-11-03T10:20:58.629572,3368.0,2025-11-03T10:20:58.745647,116.1,1762145458.645000,49,1,3385,2025-11-03T10:20:58.745949,0.3,1762145457.810000,26,1,3384,FALSE,FALSE,FALSE,FALSE,
3370,2025-11-03T10:20:59.629578,3369.0,2025-11-03T10:20:59.747238,117.7,1762145459.646000,49,1,3386,2025-11-03T10:20:59.747673,0.4,1762145458.811000,26,1,3385,FALSE,FALSE,FALSE,FALSE,
3371,2025-11-03T10:21:00.629580,3370.0,2025-11-03T10:21:00.748535,118.9,1762145460.648000,48,1,3387,2025-11-03T10:21:00.748898,0.3,1762145459.812000,26,1,3386,FALSE,FALSE,FALSE,FALSE,
3372,2025-11-03T10:21:01.629582,3371.0,2025-11-03T10:21:01.749894,120.3,1762145461.649000,49,1,3388,2025-11-03T10:21:01.750194,0.3,1762145460.814000,26,1,3387,FALSE,FALSE,FALSE,FALSE,
3373,2025-11-03T10:21:02.629586,3372.0,2025-11-03T10:21:02.751670,122.1,1762145462.650000,50,1,3389,2025-11-03T10:21:02.752051,0.4,1762145461.815000,26,1,3388,FALSE,FALSE,FALSE,FALSE,
3374,2025-11-03T10:21:03.629580,3373.0,2025-11-03T10:21:03.752966,123.4,1762145463.652000,48,1,3390,2025-11-03T10:21:03.753302,0.3,1762145462.816000,26,1,3389,FALSE,FALSE,FALSE,FALSE,
3375,2025-11-03T10:21:04.629574,3374.0,2025-11-03T10:21:04.754523,125.0,1762145464.654000,50,1,3391,2025-11-03T10:21:04.754880,0.3,1762145463.818000,26,1,3390,FALSE,FALSE,FALSE,FALSE,
3376,2025-11-03T10:21:05.629570,3375.0,2025-11-03T10:21:05.756757,127.2,1762145465.656000,49,1,3392,2025-11-03T10:21:05.757068,0.3,1762145464.819000,27,1,3391,FALSE,FALSE,FALSE,FALSE,
3377,2025-11-03T10:21:06.629574,3376.0,2025-11-03T10:21:06.758298,128.7,1762145466.658000,49,1,3393,2025-11-03T10:21:06.758631,0.3,1762145465.820000,26,1,3392,FALSE,FALSE,FALSE,FALSE,
3378,2025-11-03T10:21:07.629573,3377.0,2025-11-03T10:21:07.760019,130.4,1762145467.660000,49,1,3394,2025-11-03T10:21:07.760351,0.3,1762145466.822000,26,1,3393,FALSE,FALSE,FALSE,FALSE,
3379,2025-11-03T10:21:08.629570,3378.0,2025-11-03T10:21:08.761564,132.0,1762145468.661000,48,1,3395,2025-11-03T10:21:08.761871,0.3,1762145467.823000,26,1,3394,FALSE,FALSE,FALSE,FALSE,
3380,2025-11-03T10:21:09.629571,3379.0,2025-11-03T10:21:09.763050,133.5,1762145469.663000,49,1,3396,2025-11-03T10:21:09.763405,0.3,1762145468.824000,26,1,3395,FALSE,FALSE,FALSE,FALSE,
3381,2025-11-03T10:21:10.629564,3380.0,2025-11-03T10:21:10.764653,135.1,1762145470.664000,49,1,3397,2025-11-03T10:21:10.764974,0.3,1762145469.826000,26,1,3396,FALSE,FALSE,FALSE,FALSE,
3382,2025-11-03T10:21:11.629573,3381.0,2025-11-03T10:21:11.766214,136.6,1762145471.666000,49,1,3398,2025-11-03T10:21:11.766584,0.4,1762145470.827000,26,1,3397,FALSE,FALSE,FALSE,FALSE,
3383,2025-11-03T10:21:12.629566,3382.0,2025-11-03T10:21:12.767243,137.7,1762145472.666000,50,1,3399,2025-11-03T10:21:12.767637,0.4,1762145471.828000,26,1,3398,FALSE,FALSE,FALSE,FALSE,
3384,2025-11-03T10:21:13.629563,3383.0,2025-11-03T10:21:13.769056,139.5,1762145473.669000,48,1,3400,2025-11-03T10:21:13.769349,0.3,1762145472.830000,25,1,3399,FALSE,FALSE,FALSE,FALSE,
3385,2025-11-03T10:21:14.629573,3384.0,2025-11-03T10:21:14.770412,140.8,1762145474.670000,49,1,3401,2025-11-03T10:21:14.770726,0.3,1762145473.831000,26,1,3400,FALSE,FALSE,FALSE,FALSE,
3386,2025-11-03T10:21:15.629570,3385.0,2025-11-03T10:21:15.772002,142.4,1762145475.672000,49,1,3402,2025-11-03T10:21:15.772334,0.3,1762145474.833000,26,1,3401,FALSE,FALSE,FALSE,FALSE,
3387,2025-11-03T10:21:16.629573,3386.0,2025-11-03T10:21:16.773474,143.9,1762145476.673000,48,1,3403,2025-11-03T10:21:16.773806,0.3,1762145475.834000,26,1,3402,FALSE,FALSE,FALSE,FALSE,
3388,2025-11-03T10:21:17.629571,3387.0,2025-11-03T10:21:17.775000,145.4,1762145477.674000,50,1,3404,2025-11-03T10:21:17.775368,0.4,1762145476.836000,26,1,3403,FALSE,FALSE,FALSE,FALSE,
3389,2025-11-03T10:21:18.629574,3388.0,2025-11-03T10:21:18.776410,146.8,1762145478.676000,49,1,3405,2025-11-03T10:21:18.776712,0.3,1762145477.837000,26,1,3404,FALSE,FALSE,FALSE,FALSE,
3390,2025-11-03T10:21:19.629579,3389.0,2025-11-03T10:21:19.777976,148.4,1762145479.677000,49,1,3406,2025-11-03T10:21:19.778304,0.3,1762145478.838000,26,1,3405,FALSE,FALSE,FALSE,FALSE,
3391,2025-11-03T10:21:20.629581,3390.0,2025-11-03T10:21:20.779612,150.0,1762145480.679000,49,1,3407,2025-11-03T10:21:20.780034,0.4,1762145479.840000,26,1,3406,FALSE,FALSE,FALSE,FALSE,
3392,2025-11-03T10:21:21.629580,3391.0,2025-11-03T10:21:21.781114,151.5,1762145481.680000,50,1,3408,2025-11-03T10:21:21.781382,0.3,1762145480.841000,26,1,3407,FALSE,FALSE,FALSE,FALSE,
3393,2025-11-03T10:21:22.629568,3392.0,2025-11-03T10:21:22.782706,153.1,1762145482.682000,49,1,3409,2025-11-03T10:21:22.783019,0.3,1762145481.842000,26,1,3408,FALSE,FALSE,FALSE,FALSE,
3394,2025-11-03T10:21:23.629573,3393.0,2025-11-03T10:21:23.784349,154.8,1762145483.684000,49,1,3410,2025-11-03T10:21:23.784670,0.3,1762145482.844000,26,1,3409,FALSE,FALSE,FALSE,FALSE,
3395,2025-11-03T10:21:24.629573,3394.0,2025-11-03T10:21:24.785798,156.2,1762145484.685000,49,1,3411,2025-11-03T10:21:24.786093,0.3,1762145483.846000,26,1,3410,FALSE,FALSE,FALSE,FALSE,
3396,2025-11-03T10:21:25.629572,3395.0,2025-11-03T10:21:25.787123,157.5,1762145485.687000,50,1,3412,2025-11-03T10:21:25.787547,0.4,1762145484.848000,26,1,3411,FALSE,FALSE,FALSE,FALSE,
3397,2025-11-03T10:21:26.629577,3396.0,2025-11-03T10:21:26.788416,158.8,1762145486.688000,49,1,3413,2025-11-03T10:21:26.788723,0.3,1762145485.849000,26,1,3412,FALSE,FALSE,FALSE,FALSE,
3398,2025-11-03T10:21:27.629568,3397.0,2025-11-03T10:21:27.789765,160.2,1762145487.689000,50,1,3414,2025-11-03T10:21:27.790107,0.3,1762145486.850000,26,1,3413,FALSE,FALSE,FALSE,FALSE,
3399,2025-11-03T10:21:28.629569,3398.0,2025-11-03T10:21:28.790943,161.4,1762145488.690000,49,1,3415,2025-11-03T10:21:28.791362,0.4,1762145487.851000,26,1,3414,FALSE,FALSE,FALSE,FALSE,
3400,2025-11-03T10:21:29.629570,3399.0,2025-11-03T10:21:29.792273,162.7,1762145489.692000,49,1,3416,2025-11-03T10:21:29.792620,0.3,1762145488.852000,26,1,3415,FALSE,FALSE,FALSE,FALSE,
3401,2025-11-03T10:21:30.629577,3400.0,2025-11-03T10:21:30.793684,164.1,1762145490.693000,49,1,3417,2025-11-03T10:21:30.794022,0.3,1762145489.854000,26,1,3416,FALSE,FALSE,FALSE,FALSE,
3402,2025-11-03T10:21:31.629583,3401.0,2025-11-03T10:21:31.795032,165.4,1762145491.694000,48,1,3418,2025-11-03T10:21:31.795457,0.4,1762145490.855000,26,1,3417,FALSE,FALSE,FALSE,FALSE,
3403,2025-11-03T10:21:32.629574,3402.0,2025-11-03T10:21:32.796481,166.9,1762145492.696000,49,1,3419,2025-11-03T10:21:32.796819,0.3,1762145491.857000,27,1,3418,FALSE,FALSE,FALSE,FALSE,
3404,2025-11-03T10:21:33.629569,3403.0,2025-11-03T10:21:33.797867,168.3,1762145493.697000,50,1,3420,2025-11-03T10:21:33.798194,0.3,1762145492.858000,26,1,3419,FALSE,FALSE,FALSE,FALSE,
3405,2025-11-03T10:21:34.629569,3404.0,2025-11-03T10:21:34.799030,169.5,1762145494.699000,50,1,3421,2025-11-03T10:21:34.799426,0.4,1762145493.860000,26,1,3420,FALSE,FALSE,FALSE,FALSE,
3406,2025-11-03T10:21:35.629571,3405.0,2025-11-03T10:21:35.800343,170.8,1762145495.700000,50,1,3422,2025-11-03T10:21:35.800683,0.3,1762145494.862000,26,1,3421,FALSE,FALSE,FALSE,FALSE,
3407,2025-11-03T10:21:36.629581,3406.0,2025-11-03T10:21:36.801562,172.0,1762145496.701000,50,1,3423,2025-11-03T10:21:36.801910,0.3,1762145495.864000,26,1,3422,FALSE,FALSE,FALSE,FALSE,
3408,2025-11-03T10:21:37.629577,3407.0,2025-11-03T10:21:37.802951,173.4,1762145497.702000,49,1,3424,2025-11-03T10:21:37.803613,0.7,1762145496.865000,26,1,3423,FALSE,FALSE,FALSE,FALSE,
3409,2025-11-03T10:21:38.629576,3408.0,2025-11-03T10:21:38.805193,175.6,1762145498.705000,48,1,3425,2025-11-03T10:21:38.805530,0.3,1762145497.866000,26,1,3424,FALSE,FALSE,FALSE,FALSE,
3410,2025-11-03T10:21:39.629585,3409.0,2025-11-03T10:21:39.807505,177.9,1762145499.706000,49,1,3426,2025-11-03T10:21:39.807819,0.3,1762145498.868000,26,1,3425,FALSE,FALSE,FALSE,FALSE,
3411,2025-11-03T10:21:40.629575,3410.0,2025-11-03T10:21:40.808753,179.2,1762145500.708000,49,1,3427,2025-11-03T10:21:40.809097,0.3,1762145499.869000,26,1,3426,FALSE,FALSE,FALSE,FALSE,
3412,2025-11-03T10:21:41.629575,3411.0,2025-11-03T10:21:41.810544,181.0,1762145501.710000,50,1,3428,2025-11-03T10:21:41.810864,0.3,1762145500.870000,26,1,3427,FALSE,FALSE,FALSE,FALSE,
3413,2025-11-03T10:21:42.629574,3412.0,2025-11-03T10:21:42.812039,182.5,1762145502.711000,48,1,3429,2025-11-03T10:21:42.812343,0.3,1762145501.872000,26,1,3428,FALSE,FALSE,FALSE,FALSE,
3414,2025-11-03T10:21:43.629576,3413.0,2025-11-03T10:21:43.813575,184.0,1762145503.713000,48,1,3430,2025-11-03T10:21:43.813908,0.3,1762145502.873000,26,1,3429,FALSE,FALSE,FALSE,FALSE,
3415,2025-11-03T10:21:44.629568,3414.0,2025-11-03T10:21:44.815256,185.7,1762145504.715000,49,1,3431,2025-11-03T10:21:44.815644,0.4,1762145503.874000,26,1,3430,FALSE,FALSE,FALSE,FALSE,
3416,2025-11-03T10:21:45.629569,3415.0,2025-11-03T10:21:45.817155,187.6,1762145505.716000,50,1,3432,2025-11-03T10:21:45.817468,0.3,1762145504.876000,26,1,3431,FALSE,FALSE,FALSE,FALSE,
3417,2025-11-03T10:21:46.629575,3416.0,2025-11-03T10:21:46.818660,189.1,1762145506.718000,48,1,3433,2025-11-03T10:21:46.819234,0.6,1762145505.878000,26,1,3432,FALSE,FALSE,FALSE,FALSE,
3418,2025-11-03T10:21:47.629575,3417.0,2025-11-03T10:21:47.820492,190.9,1762145507.720000,50,1,3434,2025-11-03T10:21:47.820831,0.3,1762145506.879000,26,1,3433,FALSE,FALSE,FALSE,FALSE,
3419,2025-11-03T10:21:48.629575,3418.0,2025-11-03T10:21:48.822472,192.9,1762145508.722000,49,1,3435,2025-11-03T10:21:48.822788,0.3,1762145507.881000,26,1,3434,FALSE,FALSE,FALSE,FALSE,
3420,2025-11-03T10:21:49.629577,3419.0,2025-11-03T10:21:49.823961,194.4,1762145509.723000,48,1,3436,2025-11-03T10:21:49.824292,0.3,1762145508.883000,26,1,3435,FALSE,FALSE,FALSE,FALSE,
3421,2025-11-03T10:21:50.629575,3420.0,2025-11-03T10:21:50.825675,196.1,1762145510.725000,50,1,3437,2025-11-03T10:21:50.826084,0.4,1762145509.884000,26,1,3436,FALSE,FALSE,FALSE,FALSE,
3422,2025-11-03T10:21:51.629566,3421.0,2025-11-03T10:21:51.827552,198.0,1762145511.727000,49,1,3438,2025-11-03T10:21:51.827924,0.4,1762145510.885000,26,1,3437,FALSE,FALSE,FALSE,FALSE,
3423,2025-11-03T10:21:52.629572,3422.0,2025-11-03T10:21:52.829119,199.5,1762145512.728000,50,1,3439,2025-11-03T10:21:52.829629,0.5,1762145511.887000,26,1,3438,FALSE,FALSE,FALSE,FALSE,
3424,2025-11-03T10:21:53.629576,3423.0,2025-11-03T10:21:53.830678,201.1,1762145513.730000,48,1,3440,2025-11-03T10:21:53.830993,0.3,1762145512.888000,26,1,3439,FALSE,FALSE,FALSE,FALSE,
3425,2025-11-03T10:21:54.629574,3424.0,2025-11-03T10:21:54.732117,102.5,1762145514.631000,45,1,3441,2025-11-03T10:21:54.732415,0.3,1762145513.889000,26,1,3440,FALSE,FALSE,FALSE,FALSE,
3426,2025-11-03T10:21:55.629569,3425.0,2025-11-03T10:21:55.733348,103.8,1762145515.633000,49,1,3442,2025-11-03T10:21:55.733935,0.6,1762145514.790000,24,1,3441,FALSE,FALSE,FALSE,FALSE,
3427,2025-11-03T10:21:56.629569,3426.0,2025-11-03T10:21:56.734607,105.0,1762145516.634000,49,1,3443,2025-11-03T10:21:56.734913,0.3,1762145515.792000,26,1,3442,FALSE,FALSE,FALSE,FALSE,
3428,2025-11-03T10:21:57.629569,3427.0,2025-11-03T10:21:57.735870,106.3,1762145517.635000,49,1,3444,2025-11-03T10:21:57.736163,0.3,1762145516.793000,26,1,3443,FALSE,FALSE,FALSE,FALSE,
3429,2025-11-03T10:21:58.629569,3428.0,2025-11-03T10:21:58.737112,107.5,1762145518.636000,49,1,3445,2025-11-03T10:21:58.737407,0.3,1762145517.794000,26,1,3444,FALSE,FALSE,FALSE,FALSE,
3430,2025-11-03T10:21:59.629568,3429.0,2025-11-03T10:21:59.738347,108.8,1762145519.638000,48,1,3446,2025-11-03T10:21:59.738653,0.3,1762145518.797000,26,1,3445,FALSE,FALSE,FALSE,FALSE,
3431,2025-11-03T10:22:00.629577,3430.0,2025-11-03T10:22:00.739677,110.1,1762145520.639000,48,1,3447,2025-11-03T10:22:00.740212,0.5,1762145519.797000,26,1,3446,FALSE,FALSE,FALSE,FALSE,
3432,2025-11-03T10:22:01.629571,3431.0,2025-11-03T10:22:01.740961,111.4,1762145521.640000,49,1,3448,2025-11-03T10:22:01.741290,0.3,1762145520.799000,26,1,3447,FALSE,FALSE,FALSE,FALSE,
3433,2025-11-03T10:22:02.629565,3432.0,2025-11-03T10:22:02.742368,112.8,1762145522.642000,49,1,3449,2025-11-03T10:22:02.742745,0.4,1762145521.801000,26,1,3448,FALSE,FALSE,FALSE,FALSE,
3434,2025-11-03T10:22:03.629576,3433.0,2025-11-03T10:22:03.743931,114.3,1762145523.643000,48,1,3450,2025-11-03T10:22:03.744237,0.3,1762145522.802000,26,1,3449,FALSE,FALSE,FALSE,FALSE,
3435,2025-11-03T10:22:04.629573,3434.0,2025-11-03T10:22:04.745547,116.0,1762145524.645000,49,1,3451,2025-11-03T10:22:04.745880,0.3,1762145523.803000,26,1,3450,FALSE,FALSE,FALSE,FALSE,
3436,2025-11-03T10:22:05.629571,3435.0,2025-11-03T10:22:05.746631,117.1,1762145525.646000,48,1,3452,2025-11-03T10:22:05.746948,0.3,1762145524.804000,26,1,3451,FALSE,FALSE,FALSE,FALSE,
3437,2025-11-03T10:22:06.629567,3436.0,2025-11-03T10:22:06.748274,118.7,1762145526.648000,49,1,3453,2025-11-03T10:22:06.748585,0.3,1762145525.805000,26,1,3452,FALSE,FALSE,FALSE,FALSE,
3438,2025-11-03T10:22:07.629572,3437.0,2025-11-03T10:22:07.749650,120.1,1762145527.649000,49,1,3454,2025-11-03T10:22:07.749994,0.3,1762145526.807000,26,1,3453,FALSE,FALSE,FALSE,FALSE,
3439,2025-11-03T10:22:08.629614,3438.0,2025-11-03T10:22:08.751207,121.6,1762145528.650000,50,1,3455,2025-11-03T10:22:08.751609,0.4,1762145527.808000,26,1,3454,FALSE,FALSE,FALSE,FALSE,
3440,2025-11-03T10:22:09.629571,3439.0,2025-11-03T10:22:09.752515,122.9,1762145529.652000,49,1,3456,2025-11-03T10:22:09.752835,0.3,1762145528.809000,26,1,3455,FALSE,FALSE,FALSE,FALSE,
3441,2025-11-03T10:22:10.629571,3440.0,2025-11-03T10:22:10.753934,124.4,1762145530.654000,49,1,3457,2025-11-03T10:22:10.754280,0.3,1762145529.810000,26,1,3456,FALSE,FALSE,FALSE,FALSE,
3442,2025-11-03T10:22:11.629574,3441.0,2025-11-03T10:22:11.755209,125.6,1762145531.655000,49,1,3458,2025-11-03T10:22:11.755634,0.4,1762145530.812000,26,1,3457,FALSE,FALSE,FALSE,FALSE,
3443,2025-11-03T10:22:12.629568,3442.0,2025-11-03T10:22:12.756535,127.0,1762145532.656000,49,1,3459,2025-11-03T10:22:12.756842,0.3,1762145531.813000,26,1,3458,FALSE,FALSE,FALSE,FALSE,
3444,2025-11-03T10:22:13.629575,3443.0,2025-11-03T10:22:13.763547,134.0,1762145533.658000,49,1,3460,2025-11-03T10:22:13.764020,0.5,1762145532.814000,26,1,3459,FALSE,FALSE,FALSE,FALSE,
3445,2025-11-03T10:22:14.629577,3444.0,2025-11-03T10:22:14.759930,130.3,1762145534.659000,49,1,3461,2025-11-03T10:22:14.760279,0.3,1762145533.815000,27,1,3460,FALSE,FALSE,FALSE,FALSE,
3446,2025-11-03T10:22:15.629571,3445.0,2025-11-03T10:22:15.761629,132.1,1762145535.661000,49,1,3462,2025-11-03T10:22:15.761931,0.3,1762145534.817000,26,1,3461,FALSE,FALSE,FALSE,FALSE,
3447,2025-11-03T10:22:16.629572,3446.0,2025-11-03T10:22:16.763356,133.8,1762145536.662000,49,1,3463,2025-11-03T10:22:16.763702,0.3,1762145535.818000,26,1,3462,FALSE,FALSE,FALSE,FALSE,
3448,2025-11-03T10:22:17.629574,3447.0,2025-11-03T10:22:17.764872,135.3,1762145537.664000,49,1,3464,2025-11-03T10:22:17.765193,0.3,1762145536.820000,26,1,3463,FALSE,FALSE,FALSE,FALSE,
3449,2025-11-03T10:22:18.629576,3448.0,2025-11-03T10:22:18.766324,136.7,1762145538.666000,49,1,3465,2025-11-03T10:22:18.766690,0.4,1762145537.821000,26,1,3464,FALSE,FALSE,FALSE,FALSE,
3450,2025-11-03T10:22:19.629569,3449.0,2025-11-03T10:22:19.767766,138.2,1762145539.667000,49,1,3466,2025-11-03T10:22:19.768096,0.3,1762145538.823000,26,1,3465,FALSE,FALSE,FALSE,FALSE,
3451,2025-11-03T10:22:20.629575,3450.0,2025-11-03T10:22:20.769278,139.7,1762145540.669000,48,1,3467,2025-11-03T10:22:20.769612,0.3,1762145539.824000,26,1,3466,FALSE,FALSE,FALSE,FALSE,
3452,2025-11-03T10:22:21.629575,3451.0,2025-11-03T10:22:21.770840,141.3,1762145541.670000,49,1,3468,2025-11-03T10:22:21.771173,0.3,1762145540.825000,26,1,3467,FALSE,FALSE,FALSE,FALSE,
3453,2025-11-03T10:22:22.629575,3452.0,2025-11-03T10:22:22.772564,143.0,1762145542.671000,48,1,3469,2025-11-03T10:22:22.772925,0.3,1762145541.827000,26,1,3468,FALSE,FALSE,FALSE,FALSE,
3454,2025-11-03T10:22:23.629568,3453.0,2025-11-03T10:22:23.773674,144.1,1762145543.673000,49,1,3470,2025-11-03T10:22:23.773994,0.3,1762145542.829000,25,1,3469,FALSE,FALSE,FALSE,FALSE,
3455,2025-11-03T10:22:24.629573,3454.0,2025-11-03T10:22:24.775341,145.8,1762145544.674000,50,1,3471,2025-11-03T10:22:24.775671,0.3,1762145543.830000,26,1,3470,FALSE,FALSE,FALSE,FALSE,
3456,2025-11-03T10:22:25.629575,3455.0,2025-11-03T10:22:25.776976,147.4,1762145545.676000,50,1,3472,2025-11-03T10:22:25.777315,0.3,1762145544.831000,26,1,3471,FALSE,FALSE,FALSE,FALSE,
3457,2025-11-03T10:22:26.629567,3456.0,2025-11-03T10:22:26.778464,148.9,1762145546.678000,49,1,3473,2025-11-03T10:22:26.778794,0.3,1762145545.832000,26,1,3472,FALSE,FALSE,FALSE,FALSE,
3458,2025-11-03T10:22:27.629568,3457.0,2025-11-03T10:22:27.780348,150.8,1762145547.679000,48,1,3474,2025-11-03T10:22:27.780708,0.3,1762145546.834000,26,1,3473,FALSE,FALSE,FALSE,FALSE,
3459,2025-11-03T10:22:28.629568,3458.0,2025-11-03T10:22:28.782088,152.5,1762145548.681000,51,1,3475,2025-11-03T10:22:28.782389,0.3,1762145547.836000,26,1,3474,FALSE,FALSE,FALSE,FALSE,
3460,2025-11-03T10:22:29.629573,3459.0,2025-11-03T10:22:29.784091,154.5,1762145549.683000,48,1,3476,2025-11-03T10:22:29.784428,0.3,1762145548.838000,26,1,3475,FALSE,FALSE,FALSE,FALSE,
3461,2025-11-03T10:22:30.629573,3460.0,2025-11-03T10:22:30.785861,156.3,1762145550.685000,49,1,3477,2025-11-03T10:22:30.786183,0.3,1762145549.840000,26,1,3476,FALSE,FALSE,FALSE,FALSE,
3462,2025-11-03T10:22:31.629569,3461.0,2025-11-03T10:22:31.788044,158.5,1762145551.687000,49,1,3478,2025-11-03T10:22:31.788408,0.3,1762145550.841000,26,1,3477,FALSE,FALSE,FALSE,FALSE,
3463,2025-11-03T10:22:32.629574,3462.0,2025-11-03T10:22:32.789099,159.5,1762145552.688000,49,1,3479,2025-11-03T10:22:32.789416,0.3,1762145551.843000,26,1,3478,FALSE,FALSE,FALSE,FALSE,
3464,2025-11-03T10:22:33.629574,3463.0,2025-11-03T10:22:33.790526,160.9,1762145553.690000,49,1,3480,2025-11-03T10:22:33.790835,0.3,1762145552.844000,26,1,3479,FALSE,FALSE,FALSE,FALSE,
3465,2025-11-03T10:22:34.629576,3464.0,2025-11-03T10:22:34.792011,162.4,1762145554.692000,49,1,3481,2025-11-03T10:22:34.792384,0.4,1762145553.845000,26,1,3480,FALSE,FALSE,FALSE,FALSE,
3466,2025-11-03T10:22:35.629574,3465.0,2025-11-03T10:22:35.793381,163.8,1762145555.693000,48,1,3482,2025-11-03T10:22:35.793724,0.3,1762145554.847000,26,1,3481,FALSE,FALSE,FALSE,FALSE,
3467,2025-11-03T10:22:36.629575,3466.0,2025-11-03T10:22:36.795388,165.8,1762145556.694000,50,1,3483,2025-11-03T10:22:36.795896,0.5,1762145555.848000,26,1,3482,FALSE,FALSE,FALSE,FALSE,
3468,2025-11-03T10:22:37.629571,3467.0,2025-11-03T10:22:37.797722,168.1,1762145557.696000,48,1,3484,2025-11-03T10:22:37.798194,0.5,1762145556.849000,26,1,3483,FALSE,FALSE,FALSE,FALSE,
3469,2025-11-03T10:22:38.629582,3468.0,2025-11-03T10:22:38.800081,170.5,1762145558.699000,49,1,3485,2025-11-03T10:22:38.800562,0.5,1762145557.851000,26,1,3484,FALSE,FALSE,FALSE,FALSE,
3470,2025-11-03T10:22:39.629569,3469.0,2025-11-03T10:22:39.801207,171.6,1762145559.700000,49,1,3486,2025-11-03T10:22:39.801537,0.3,1762145558.852000,26,1,3485,FALSE,FALSE,FALSE,FALSE,
3471,2025-11-03T10:22:40.629532,3470.0,2025-11-03T10:22:40.802774,173.2,1762145560.702000,49,1,3487,2025-11-03T10:22:40.803139,0.3,1762145559.854000,27,1,3486,FALSE,FALSE,FALSE,FALSE,
3472,2025-11-03T10:22:41.629572,3471.0,2025-11-03T10:22:41.803927,174.4,1762145561.703000,50,1,3488,2025-11-03T10:22:41.804257,0.3,1762145560.855000,26,1,3487,FALSE,FALSE,FALSE,FALSE,
3473,2025-11-03T10:22:42.629572,3472.0,2025-11-03T10:22:42.806644,177.1,1762145562.706000,48,1,3489,2025-11-03T10:22:42.806964,0.3,1762145561.859000,26,1,3488,FALSE,FALSE,FALSE,FALSE,
3474,2025-11-03T10:22:43.629576,3473.0,2025-11-03T10:22:43.808120,178.5,1762145563.708000,49,1,3490,2025-11-03T10:22:43.808470,0.3,1762145562.860000,26,1,3489,FALSE,FALSE,FALSE,FALSE,
3475,2025-11-03T10:22:44.629568,3474.0,2025-11-03T10:22:44.809437,179.9,1762145564.709000,49,1,3491,2025-11-03T10:22:44.809796,0.3,1762145563.861000,26,1,3490,FALSE,FALSE,FALSE,FALSE,
3476,2025-11-03T10:22:45.629569,3475.0,2025-11-03T10:22:45.810802,181.2,1762145565.710000,50,1,3492,2025-11-03T10:22:45.811147,0.3,1762145564.863000,26,1,3491,FALSE,FALSE,FALSE,FALSE,
3477,2025-11-03T10:22:46.629569,3476.0,2025-11-03T10:22:46.812042,182.5,1762145566.712000,49,1,3493,2025-11-03T10:22:46.812393,0.3,1762145565.865000,26,1,3492,FALSE,FALSE,FALSE,FALSE,
3478,2025-11-03T10:22:47.629569,3477.0,2025-11-03T10:22:47.813399,183.8,1762145567.713000,49,1,3494,2025-11-03T10:22:47.813804,0.4,1762145566.866000,26,1,3493,FALSE,FALSE,FALSE,FALSE,
3479,2025-11-03T10:22:48.629565,3478.0,2025-11-03T10:22:48.814831,185.3,1762145568.714000,49,1,3495,2025-11-03T10:22:48.815491,0.6,1762145567.867000,26,1,3494,FALSE,FALSE,FALSE,FALSE,
3480,2025-11-03T10:22:49.629580,3479.0,2025-11-03T10:22:49.816410,186.8,1762145569.716000,49,1,3496,2025-11-03T10:22:49.816794,0.4,1762145568.868000,26,1,3495,FALSE,FALSE,FALSE,FALSE,
3481,2025-11-03T10:22:50.629564,3480.0,2025-11-03T10:22:50.818471,188.9,1762145570.718000,48,1,3497,2025-11-03T10:22:50.818817,0.3,1762145569.870000,26,1,3496,FALSE,FALSE,FALSE,FALSE,
3482,2025-11-03T10:22:51.629570,3481.0,2025-11-03T10:22:51.819840,190.3,1762145571.719000,49,1,3498,2025-11-03T10:22:51.820363,0.5,1762145570.871000,25,1,3497,FALSE,FALSE,FALSE,FALSE,
3483,2025-11-03T10:22:52.629609,3482.0,2025-11-03T10:22:52.821205,191.6,1762145572.721000,48,1,3499,2025-11-03T10:22:52.821551,0.3,1762145571.872000,26,1,3498,FALSE,FALSE,FALSE,FALSE,
3484,2025-11-03T10:22:53.629565,3483.0,2025-11-03T10:22:53.822561,193.0,1762145573.722000,49,1,3500,2025-11-03T10:22:53.822880,0.3,1762145572.873000,26,1,3499,FALSE,FALSE,FALSE,FALSE,
3485,2025-11-03T10:22:54.629569,3484.0,2025-11-03T10:22:54.824517,194.9,1762145574.724000,50,1,3501,2025-11-03T10:22:54.824842,0.3,1762145573.874000,26,1,3500,FALSE,FALSE,FALSE,FALSE,
3486,2025-11-03T10:22:55.629579,3485.0,2025-11-03T10:22:55.826079,196.5,1762145575.725000,49,1,3502,2025-11-03T10:22:55.826420,0.3,1762145574.876000,26,1,3501,FALSE,FALSE,FALSE,FALSE,
3487,2025-11-03T10:22:56.629574,3486.0,2025-11-03T10:22:56.827444,197.9,1762145576.727000,50,1,3503,2025-11-03T10:22:56.827792,0.3,1762145575.877000,26,1,3502,FALSE,FALSE,FALSE,FALSE,
3488,2025-11-03T10:22:57.629577,3487.0,2025-11-03T10:22:57.828764,199.2,1762145577.728000,50,1,3504,2025-11-03T10:22:57.829357,0.6,1762145576.879000,26,1,3503,FALSE,FALSE,FALSE,FALSE,
3489,2025-11-03T10:22:58.629571,3488.0,2025-11-03T10:22:58.829946,200.4,1762145578.730000,47,1,3505,2025-11-03T10:22:58.830312,0.4,1762145577.881000,26,1,3504,FALSE,FALSE,FALSE,FALSE,
3490,2025-11-03T10:22:59.629569,3489.0,2025-11-03T10:22:59.731231,101.7,1762145579.631000,44,1,3506,2025-11-03T10:22:59.731631,0.4,1762145578.882000,26,1,3505,FALSE,FALSE,FALSE,FALSE,
3491,2025-11-03T10:23:00.629574,3490.0,2025-11-03T10:23:00.732607,103.0,1762145580.632000,49,1,3507,2025-11-03T10:23:00.732949,0.3,1762145579.783000,24,1,3506,FALSE,FALSE,FALSE,FALSE,
3492,2025-11-03T10:23:01.629570,3491.0,2025-11-03T10:23:01.735530,106.0,1762145581.635000,50,1,3508,2025-11-03T10:23:01.735908,0.4,1762145580.784000,26,1,3507,FALSE,FALSE,FALSE,FALSE,
3493,2025-11-03T10:23:02.629574,3492.0,2025-11-03T10:23:02.736823,107.2,1762145582.636000,48,1,3509,2025-11-03T10:23:02.737139,0.3,1762145581.785000,26,1,3508,FALSE,FALSE,FALSE,FALSE,
3494,2025-11-03T10:23:03.629569,3493.0,2025-11-03T10:23:03.739426,109.9,1762145583.639000,49,1,3510,2025-11-03T10:23:03.739792,0.4,1762145582.786000,26,1,3509,FALSE,FALSE,FALSE,FALSE,
3495,2025-11-03T10:23:04.629574,3494.0,2025-11-03T10:23:04.741524,111.9,1762145584.641000,49,1,3511,2025-11-03T10:23:04.741845,0.3,1762145583.788000,26,1,3510,FALSE,FALSE,FALSE,FALSE,
3496,2025-11-03T10:23:05.629586,3495.0,2025-11-03T10:23:05.744208,114.6,1762145585.643000,49,1,3512,2025-11-03T10:23:05.744676,0.5,1762145584.790000,26,1,3511,FALSE,FALSE,FALSE,FALSE,
3497,2025-11-03T10:23:06.629578,3496.0,2025-11-03T10:23:06.747141,117.6,1762145586.646000,50,1,3513,2025-11-03T10:23:06.747909,0.8,1762145585.791000,26,1,3512,FALSE,FALSE,FALSE,FALSE,
3498,2025-11-03T10:23:07.629580,3497.0,2025-11-03T10:23:07.749681,120.1,1762145587.649000,49,1,3514,2025-11-03T10:23:07.750008,0.3,1762145586.793000,26,1,3513,FALSE,FALSE,FALSE,FALSE,
3499,2025-11-03T10:23:08.629571,3498.0,2025-11-03T10:23:08.750963,121.4,1762145588.650000,50,1,3515,2025-11-03T10:23:08.751264,0.3,1762145587.794000,26,1,3514,FALSE,FALSE,FALSE,FALSE,
3500,2025-11-03T10:23:09.629563,3499.0,2025-11-03T10:23:09.752330,122.8,1762145589.652000,49,1,3516,2025-11-03T10:23:09.752644,0.3,1762145588.796000,26,1,3515,FALSE,FALSE,FALSE,FALSE,
3501,2025-11-03T10:23:10.629562,3500.0,2025-11-03T10:23:10.753733,124.2,1762145590.653000,49,1,3517,2025-11-03T10:23:10.754064,0.3,1762145589.797000,26,1,3516,FALSE,FALSE,FALSE,FALSE,
3502,2025-11-03T10:23:11.629701,3501.0,2025-11-03T10:23:11.755600,125.9,1762145591.655000,50,1,3518,2025-11-03T10:23:11.755937,0.3,1762145590.799000,26,1,3517,FALSE,FALSE,FALSE,FALSE,
3503,2025-11-03T10:23:12.629569,3502.0,2025-11-03T10:23:12.757037,127.5,1762145592.656000,49,1,3519,2025-11-03T10:23:12.757360,0.3,1762145591.800000,26,1,3518,FALSE,FALSE,FALSE,FALSE,
3504,2025-11-03T10:23:13.629580,3503.0,2025-11-03T10:23:13.758801,129.2,1762145593.658000,50,1,3520,2025-11-03T10:23:13.759120,0.3,1762145592.803000,26,1,3519,FALSE,FALSE,FALSE,FALSE,
3505,2025-11-03T10:23:14.629571,3504.0,2025-11-03T10:23:14.760459,130.9,1762145594.660000,50,1,3521,2025-11-03T10:23:14.760792,0.3,1762145593.804000,26,1,3520,FALSE,FALSE,FALSE,FALSE,
3506,2025-11-03T10:23:15.629570,3505.0,2025-11-03T10:23:15.762076,132.5,1762145595.661000,50,1,3522,2025-11-03T10:23:15.762420,0.3,1762145594.805000,26,1,3521,FALSE,FALSE,FALSE,FALSE,
3507,2025-11-03T10:23:16.629571,3506.0,2025-11-03T10:23:16.763134,133.6,1762145596.662000,48,1,3523,2025-11-03T10:23:16.763527,0.4,1762145595.807000,26,1,3522,FALSE,FALSE,FALSE,FALSE,
3508,2025-11-03T10:23:17.629572,3507.0,2025-11-03T10:23:17.764420,134.8,1762145597.664000,50,1,3524,2025-11-03T10:23:17.764743,0.3,1762145596.808000,26,1,3523,FALSE,FALSE,FALSE,FALSE,
3509,2025-11-03T10:23:18.629574,3508.0,2025-11-03T10:23:18.765770,136.2,1762145598.665000,49,1,3525,2025-11-03T10:23:18.766082,0.3,1762145597.810000,26,1,3524,FALSE,FALSE,FALSE,FALSE,
3510,2025-11-03T10:23:19.629568,3509.0,2025-11-03T10:23:19.767185,137.6,1762145599.666000,49,1,3526,2025-11-03T10:23:19.767574,0.4,1762145598.812000,27,1,3525,FALSE,FALSE,FALSE,FALSE,
3511,2025-11-03T10:23:20.629565,3510.0,2025-11-03T10:23:20.768511,138.9,1762145600.668000,48,1,3527,2025-11-03T10:23:20.768843,0.3,1762145599.813000,26,1,3526,FALSE,FALSE,FALSE,FALSE,
3512,2025-11-03T10:23:21.629570,3511.0,2025-11-03T10:23:21.772117,142.5,1762145601.670000,50,1,3528,2025-11-03T10:23:21.772434,0.3,1762145600.815000,26,1,3527,FALSE,FALSE,FALSE,FALSE,
3513,2025-11-03T10:23:22.629576,3512.0,2025-11-03T10:23:22.773470,143.9,1762145602.673000,49,1,3529,2025-11-03T10:23:22.773801,0.3,1762145601.816000,26,1,3528,FALSE,FALSE,FALSE,FALSE,
3514,2025-11-03T10:23:23.629566,3513.0,2025-11-03T10:23:23.774825,145.3,1762145603.674000,49,1,3530,2025-11-03T10:23:23.775136,0.3,1762145602.817000,26,1,3529,FALSE,FALSE,FALSE,FALSE,
3515,2025-11-03T10:23:24.629568,3514.0,2025-11-03T10:23:24.776451,146.9,1762145604.676000,50,1,3531,2025-11-03T10:23:24.776849,0.4,1762145603.819000,26,1,3530,FALSE,FALSE,FALSE,FALSE,
3516,2025-11-03T10:23:25.629572,3515.0,2025-11-03T10:23:25.778358,148.8,1762145605.677000,48,1,3532,2025-11-03T10:23:25.778691,0.3,1762145604.820000,26,1,3531,FALSE,FALSE,FALSE,FALSE,
3517,2025-11-03T10:23:26.629571,3516.0,2025-11-03T10:23:26.781230,151.7,1762145606.680000,50,1,3533,2025-11-03T10:23:26.781545,0.3,1762145605.821000,26,1,3532,FALSE,FALSE,FALSE,FALSE,
3518,2025-11-03T10:23:27.629574,3517.0,2025-11-03T10:23:27.783184,153.6,1762145607.682000,50,1,3534,2025-11-03T10:23:27.783556,0.4,1762145606.823000,26,1,3533,FALSE,FALSE,FALSE,FALSE,
3519,2025-11-03T10:23:28.629574,3518.0,2025-11-03T10:23:28.785069,155.5,1762145608.684000,49,1,3535,2025-11-03T10:23:28.785380,0.3,1762145607.824000,26,1,3534,FALSE,FALSE,FALSE,FALSE,
3520,2025-11-03T10:23:29.629575,3519.0,2025-11-03T10:23:29.786741,157.2,1762145609.686000,50,1,3536,2025-11-03T10:23:29.787059,0.3,1762145608.825000,26,1,3535,FALSE,FALSE,FALSE,FALSE,
3521,2025-11-03T10:23:30.629574,3520.0,2025-11-03T10:23:30.788506,158.9,1762145610.688000,49,1,3537,2025-11-03T10:23:30.788816,0.3,1762145609.826000,26,1,3536,FALSE,FALSE,FALSE,FALSE,
3522,2025-11-03T10:23:31.629585,3521.0,2025-11-03T10:23:31.790051,160.5,1762145611.690000,48,1,3538,2025-11-03T10:23:31.790358,0.3,1762145610.828000,26,1,3537,FALSE,FALSE,FALSE,FALSE,
3523,2025-11-03T10:23:32.629573,3522.0,2025-11-03T10:23:32.791448,161.9,1762145612.691000,49,1,3539,2025-11-03T10:23:32.791801,0.3,1762145611.829000,26,1,3538,FALSE,FALSE,FALSE,FALSE,
3524,2025-11-03T10:23:33.629571,3523.0,2025-11-03T10:23:33.793329,163.8,1762145613.692000,50,1,3540,2025-11-03T10:23:33.793712,0.4,1762145612.830000,26,1,3539,FALSE,FALSE,FALSE,FALSE,
3525,2025-11-03T10:23:34.629567,3524.0,2025-11-03T10:23:34.794503,164.9,1762145614.694000,49,1,3541,2025-11-03T10:23:34.794802,0.3,1762145613.831000,26,1,3540,FALSE,FALSE,FALSE,FALSE,
3526,2025-11-03T10:23:35.629573,3525.0,2025-11-03T10:23:35.795814,166.2,1762145615.695000,49,1,3542,2025-11-03T10:23:35.796125,0.3,1762145614.833000,26,1,3541,FALSE,FALSE,FALSE,FALSE,
3527,2025-11-03T10:23:36.629572,3526.0,2025-11-03T10:23:36.797027,167.5,1762145616.697000,49,1,3543,2025-11-03T10:23:36.797359,0.3,1762145615.834000,26,1,3542,FALSE,FALSE,FALSE,FALSE,
3528,2025-11-03T10:23:37.629571,3527.0,2025-11-03T10:23:37.798432,168.9,1762145617.698000,49,1,3544,2025-11-03T10:23:37.798763,0.3,1762145616.836000,26,1,3543,FALSE,FALSE,FALSE,FALSE,
3529,2025-11-03T10:23:38.629574,3528.0,2025-11-03T10:23:38.800608,171.0,1762145618.700000,49,1,3545,2025-11-03T10:23:38.800940,0.3,1762145617.838000,26,1,3544,FALSE,FALSE,FALSE,FALSE,
3530,2025-11-03T10:23:39.629579,3529.0,2025-11-03T10:23:39.803012,173.4,1762145619.702000,49,1,3546,2025-11-03T10:23:39.803371,0.3,1762145618.839000,26,1,3545,FALSE,FALSE,FALSE,FALSE,
3531,2025-11-03T10:23:40.629569,3530.0,2025-11-03T10:23:40.805220,175.6,1762145620.704000,49,1,3547,2025-11-03T10:23:40.805565,0.3,1762145619.841000,26,1,3546,FALSE,FALSE,FALSE,FALSE,
3532,2025-11-03T10:23:41.629568,3531.0,2025-11-03T10:23:41.807382,177.8,1762145621.706000,50,1,3548,2025-11-03T10:23:41.807703,0.3,1762145620.842000,26,1,3547,FALSE,FALSE,FALSE,FALSE,
3533,2025-11-03T10:23:42.629570,3532.0,2025-11-03T10:23:42.809998,180.4,1762145622.708000,50,1,3549,2025-11-03T10:23:42.810341,0.3,1762145621.843000,26,1,3548,FALSE,FALSE,FALSE,FALSE,
3534,2025-11-03T10:23:43.629571,3533.0,2025-11-03T10:23:43.811654,182.1,1762145623.711000,49,1,3550,2025-11-03T10:23:43.812013,0.3,1762145622.844000,26,1,3549,FALSE,FALSE,FALSE,FALSE,
3535,2025-11-03T10:23:44.629568,3534.0,2025-11-03T10:23:44.813611,184.0,1762145624.713000,49,1,3551,2025-11-03T10:23:44.813990,0.4,1762145623.846000,26,1,3550,FALSE,FALSE,FALSE,FALSE,
3536,2025-11-03T10:23:45.629576,3535.0,2025-11-03T10:23:45.815385,185.8,1762145625.714000,49,1,3552,2025-11-03T10:23:45.815711,0.3,1762145624.847000,26,1,3551,FALSE,FALSE,FALSE,FALSE,
3537,2025-11-03T10:23:46.629572,3536.0,2025-11-03T10:23:46.817881,188.3,1762145626.717000,49,1,3553,2025-11-03T10:23:46.818185,0.3,1762145625.848000,26,1,3552,FALSE,FALSE,FALSE,FALSE,
3538,2025-11-03T10:23:47.629572,3537.0,2025-11-03T10:23:47.819903,190.3,1762145627.719000,49,1,3554,2025-11-03T10:23:47.820208,0.3,1762145626.849000,26,1,3553,FALSE,FALSE,FALSE,FALSE,
3539,2025-11-03T10:23:48.629583,3538.0,2025-11-03T10:23:48.821491,191.9,1762145628.721000,49,1,3555,2025-11-03T10:23:48.821807,0.3,1762145627.851000,27,1,3554,FALSE,FALSE,FALSE,FALSE,
3540,2025-11-03T10:23:49.629590,3539.0,2025-11-03T10:23:49.824175,194.6,1762145629.724000,49,1,3556,2025-11-03T10:23:49.824506,0.3,1762145628.853000,26,1,3555,FALSE,FALSE,FALSE,FALSE,
3541,2025-11-03T10:23:50.629568,3540.0,2025-11-03T10:23:50.826465,196.9,1762145630.725000,48,1,3557,2025-11-03T10:23:50.826754,0.3,1762145629.853000,26,1,3556,FALSE,FALSE,FALSE,FALSE,
3542,2025-11-03T10:23:51.629579,3541.0,2025-11-03T10:23:51.827951,198.4,1762145631.727000,50,1,3558,2025-11-03T10:23:51.828276,0.3,1762145630.855000,26,1,3557,FALSE,FALSE,FALSE,FALSE,
3543,2025-11-03T10:23:52.629574,3542.0,2025-11-03T10:23:52.829653,200.1,1762145632.729000,49,1,3559,2025-11-03T10:23:52.829977,0.3,1762145631.856000,26,1,3558,FALSE,FALSE,FALSE,FALSE,
3544,2025-11-03T10:23:53.629567,3543.0,2025-11-03T10:23:53.730974,101.4,1762145633.630000,45,1,3560,2025-11-03T10:23:53.731271,0.3,1762145632.857000,26,1,3559,FALSE,FALSE,FALSE,FALSE,
3545,2025-11-03T10:23:54.629569,3544.0,2025-11-03T10:23:54.732621,103.0,1762145634.632000,48,1,3561,2025-11-03T10:23:54.732956,0.3,1762145633.759000,23,1,3560,FALSE,FALSE,FALSE,FALSE,
3546,2025-11-03T10:23:55.629579,3545.0,2025-11-03T10:23:55.734102,104.5,1762145635.633000,49,1,3562,2025-11-03T10:23:55.734460,0.3,1762145634.760000,26,1,3561,FALSE,FALSE,FALSE,FALSE,
3547,2025-11-03T10:23:56.629571,3546.0,2025-11-03T10:23:56.735160,105.6,1762145636.634000,50,1,3563,2025-11-03T10:23:56.735561,0.4,1762145635.761000,26,1,3562,FALSE,FALSE,FALSE,FALSE,
3548,2025-11-03T10:23:57.629571,3547.0,2025-11-03T10:23:57.736598,107.0,1762145637.636000,49,1,3564,2025-11-03T10:23:57.736922,0.3,1762145636.763000,26,1,3563,FALSE,FALSE,FALSE,FALSE,
3549,2025-11-03T10:23:58.629570,3548.0,2025-11-03T10:23:58.738231,108.7,1762145638.637000,49,1,3565,2025-11-03T10:23:58.738560,0.3,1762145637.765000,26,1,3564,FALSE,FALSE,FALSE,FALSE,
3550,2025-11-03T10:23:59.629568,3549.0,2025-11-03T10:23:59.739752,110.2,1762145639.639000,48,1,3566,2025-11-03T10:23:59.745153,5.4,1762145638.766000,26,1,3565,FALSE,FALSE,FALSE,FALSE,
3551,2025-11-03T10:24:00.629570,3550.0,2025-11-03T10:24:00.741279,111.7,1762145640.641000,50,1,3567,2025-11-03T10:24:00.741573,0.3,1762145639.767000,26,1,3566,FALSE,FALSE,FALSE,FALSE,
3552,2025-11-03T10:24:01.629569,3551.0,2025-11-03T10:24:01.743898,114.3,1762145641.643000,49,1,3568,2025-11-03T10:24:01.744243,0.3,1762145640.769000,27,1,3567,FALSE,FALSE,FALSE,FALSE,
3553,2025-11-03T10:24:02.629558,3552.0,2025-11-03T10:24:02.746354,116.8,1762145642.645000,48,1,3569,2025-11-03T10:24:02.746668,0.3,1762145641.771000,26,1,3568,FALSE,FALSE,FALSE,FALSE,
3554,2025-11-03T10:24:03.629567,3553.0,2025-11-03T10:24:03.748300,118.7,1762145643.648000,49,1,3570,2025-11-03T10:24:03.748652,0.3,1762145642.772000,26,1,3569,FALSE,FALSE,FALSE,FALSE,
3555,2025-11-03T10:24:04.629558,3554.0,2025-11-03T10:24:04.750786,121.2,1762145644.649000,50,1,3571,2025-11-03T10:24:04.751121,0.3,1762145643.773000,26,1,3570,FALSE,FALSE,FALSE,FALSE,
3556,2025-11-03T10:24:05.629574,3555.0,2025-11-03T10:24:05.752963,123.4,1762145645.652000,49,1,3572,2025-11-03T10:24:05.753274,0.3,1762145644.774000,26,1,3571,FALSE,FALSE,FALSE,FALSE,
3557,2025-11-03T10:24:06.629574,3556.0,2025-11-03T10:24:06.754694,125.1,1762145646.653000,49,1,3573,2025-11-03T10:24:06.755012,0.3,1762145645.775000,26,1,3572,FALSE,FALSE,FALSE,FALSE,
3558,2025-11-03T10:24:07.629572,3557.0,2025-11-03T10:24:07.756323,126.7,1762145647.656000,49,1,3574,2025-11-03T10:24:07.756639,0.3,1762145646.777000,26,1,3573,FALSE,FALSE,FALSE,FALSE,
3559,2025-11-03T10:24:08.629573,3558.0,2025-11-03T10:24:08.758939,129.4,1762145648.658000,48,1,3575,2025-11-03T10:24:08.759595,0.6,1762145647.778000,26,1,3574,FALSE,FALSE,FALSE,FALSE,
3560,2025-11-03T10:24:09.629571,3559.0,2025-11-03T10:24:09.760919,131.3,1762145649.660000,48,1,3576,2025-11-03T10:24:09.761233,0.3,1762145648.780000,26,1,3575,FALSE,FALSE,FALSE,FALSE,
3561,2025-11-03T10:24:10.629572,3560.0,2025-11-03T10:24:10.762220,132.6,1762145650.662000,49,1,3577,2025-11-03T10:24:10.762532,0.3,1762145649.781000,26,1,3576,FALSE,FALSE,FALSE,FALSE,
3562,2025-11-03T10:24:11.629567,3561.0,2025-11-03T10:24:11.763865,134.3,1762145651.663000,51,1,3578,2025-11-03T10:24:11.764166,0.3,1762145650.783000,26,1,3577,FALSE,FALSE,FALSE,FALSE,
3563,2025-11-03T10:24:12.629573,3562.0,2025-11-03T10:24:12.766177,136.6,1762145652.665000,49,1,3579,2025-11-03T10:24:12.766479,0.3,1762145651.784000,25,1,3578,FALSE,FALSE,FALSE,FALSE,
3564,2025-11-03T10:24:13.629577,3563.0,2025-11-03T10:24:13.768181,138.6,1762145653.667000,49,1,3580,2025-11-03T10:24:13.768515,0.3,1762145652.786000,26,1,3579,FALSE,FALSE,FALSE,FALSE,
3565,2025-11-03T10:24:14.629567,3564.0,2025-11-03T10:24:14.769970,140.4,1762145654.670000,50,1,3581,2025-11-03T10:24:14.770286,0.3,1762145653.787000,26,1,3580,FALSE,FALSE,FALSE,FALSE,
3566,2025-11-03T10:24:15.629563,3565.0,2025-11-03T10:24:15.772221,142.7,1762145655.671000,49,1,3582,2025-11-03T10:24:15.772562,0.3,1762145654.788000,26,1,3581,FALSE,FALSE,FALSE,FALSE,
3567,2025-11-03T10:24:16.629559,3566.0,2025-11-03T10:24:16.774072,144.5,1762145656.673000,49,1,3583,2025-11-03T10:24:16.774425,0.3,1762145655.790000,26,1,3582,FALSE,FALSE,FALSE,FALSE,
3568,2025-11-03T10:24:17.629563,3567.0,2025-11-03T10:24:17.776078,146.5,1762145657.676000,50,1,3584,2025-11-03T10:24:17.776770,0.7,1762145656.791000,26,1,3583,FALSE,FALSE,FALSE,FALSE,
3569,2025-11-03T10:24:18.629570,3568.0,2025-11-03T10:24:18.777447,147.9,1762145658.677000,49,1,3585,2025-11-03T10:24:18.777769,0.3,1762145657.793000,26,1,3584,FALSE,FALSE,FALSE,FALSE,
3570,2025-11-03T10:24:19.629579,3569.0,2025-11-03T10:24:19.779646,150.1,1762145659.679000,49,1,3586,2025-11-03T10:24:19.779962,0.3,1762145658.794000,26,1,3585,FALSE,FALSE,FALSE,FALSE,
3571,2025-11-03T10:24:20.629566,3570.0,2025-11-03T10:24:20.781377,151.8,1762145660.680000,50,1,3587,2025-11-03T10:24:20.781739,0.3,1762145659.795000,26,1,3586,FALSE,FALSE,FALSE,FALSE,
3572,2025-11-03T10:24:21.629563,3571.0,2025-11-03T10:24:21.782586,153.0,1762145661.682000,49,1,3588,2025-11-03T10:24:21.782896,0.3,1762145660.796000,26,1,3587,FALSE,FALSE,FALSE,FALSE,
3573,2025-11-03T10:24:22.629564,3572.0,2025-11-03T10:24:22.783824,154.3,1762145662.684000,48,1,3589,2025-11-03T10:24:22.784121,0.3,1762145661.798000,26,1,3588,FALSE,FALSE,FALSE,FALSE,
3574,2025-11-03T10:24:23.629569,3573.0,2025-11-03T10:24:23.785098,155.5,1762145663.685000,50,1,3590,2025-11-03T10:24:23.785401,0.3,1762145662.799000,26,1,3589,FALSE,FALSE,FALSE,FALSE,
3575,2025-11-03T10:24:24.629566,3574.0,2025-11-03T10:24:24.786455,156.9,1762145664.686000,49,1,3591,2025-11-03T10:24:24.786808,0.3,1762145663.800000,26,1,3590,FALSE,FALSE,FALSE,FALSE,
3576,2025-11-03T10:24:25.629575,3575.0,2025-11-03T10:24:25.788011,158.4,1762145665.688000,48,1,3592,2025-11-03T10:24:25.788320,0.3,1762145664.802000,26,1,3591,FALSE,FALSE,FALSE,FALSE,
3577,2025-11-03T10:24:26.629570,3576.0,2025-11-03T10:24:26.789852,160.3,1762145666.689000,49,1,3593,2025-11-03T10:24:26.790233,0.4,1762145665.802000,26,1,3592,FALSE,FALSE,FALSE,FALSE,
3578,2025-11-03T10:24:27.629563,3577.0,2025-11-03T10:24:27.791237,161.7,1762145667.691000,48,1,3594,2025-11-03T10:24:27.791663,0.4,1762145666.804000,26,1,3593,FALSE,FALSE,FALSE,FALSE,
3579,2025-11-03T10:24:28.629576,3578.0,2025-11-03T10:24:28.792679,163.1,1762145668.692000,49,1,3595,2025-11-03T10:24:28.793003,0.3,1762145667.805000,26,1,3594,FALSE,FALSE,FALSE,FALSE,
3580,2025-11-03T10:24:29.629568,3579.0,2025-11-03T10:24:29.794300,164.7,1762145669.694000,48,1,3596,2025-11-03T10:24:29.794606,0.3,1762145668.806000,26,1,3595,FALSE,FALSE,FALSE,FALSE,
3581,2025-11-03T10:24:30.629567,3580.0,2025-11-03T10:24:30.795927,166.4,1762145670.695000,50,1,3597,2025-11-03T10:24:30.796287,0.3,1762145669.807000,27,1,3596,FALSE,FALSE,FALSE,FALSE,
3582,2025-11-03T10:24:31.629571,3581.0,2025-11-03T10:24:31.797601,168.0,1762145671.697000,49,1,3598,2025-11-03T10:24:31.797964,0.4,1762145670.808000,26,1,3597,FALSE,FALSE,FALSE,FALSE,
3583,2025-11-03T10:24:32.629563,3582.0,2025-11-03T10:24:32.798976,169.4,1762145672.698000,49,1,3599,2025-11-03T10:24:32.799340,0.4,1762145671.809000,26,1,3598,FALSE,FALSE,FALSE,FALSE,
3584,2025-11-03T10:24:33.629573,3583.0,2025-11-03T10:24:33.800296,170.7,1762145673.700000,49,1,3600,2025-11-03T10:24:33.800630,0.3,1762145672.811000,26,1,3599,FALSE,FALSE,FALSE,FALSE,
3585,2025-11-03T10:24:34.629564,3584.0,2025-11-03T10:24:34.801795,172.2,1762145674.701000,48,1,3601,2025-11-03T10:24:34.802413,0.6,1762145673.812000,26,1,3600,FALSE,FALSE,FALSE,FALSE,
3586,2025-11-03T10:24:35.629803,3585.0,2025-11-03T10:24:35.803960,174.2,1762145675.703000,49,1,3602,2025-11-03T10:24:35.804379,0.4,1762145674.814000,26,1,3601,FALSE,FALSE,FALSE,FALSE,
3587,2025-11-03T10:24:36.629567,3586.0,2025-11-03T10:24:36.806779,177.2,1762145676.706000,49,1,3603,2025-11-03T10:24:36.807101,0.3,1762145675.815000,26,1,3602,FALSE,FALSE,FALSE,FALSE,
3588,2025-11-03T10:24:37.629573,3587.0,2025-11-03T10:24:37.808476,178.9,1762145677.708000,50,1,3604,2025-11-03T10:24:37.808774,0.3,1762145676.817000,26,1,3603,FALSE,FALSE,FALSE,FALSE,
3589,2025-11-03T10:24:38.629571,3588.0,2025-11-03T10:24:38.810219,180.6,1762145678.709000,50,1,3605,2025-11-03T10:24:38.810529,0.3,1762145677.818000,26,1,3604,FALSE,FALSE,FALSE,FALSE,
3590,2025-11-03T10:24:39.629568,3589.0,2025-11-03T10:24:39.813410,183.8,1762145679.711000,49,1,3606,2025-11-03T10:24:39.813704,0.3,1762145678.820000,26,1,3605,FALSE,FALSE,FALSE,FALSE,
3591,2025-11-03T10:24:40.629571,3590.0,2025-11-03T10:24:40.814866,185.3,1762145680.714000,49,1,3607,2025-11-03T10:24:40.815235,0.4,1762145679.820000,26,1,3606,FALSE,FALSE,FALSE,FALSE,
3592,2025-11-03T10:24:41.629574,3591.0,2025-11-03T10:24:41.816465,186.9,1762145681.716000,49,1,3608,2025-11-03T10:24:41.816779,0.3,1762145680.822000,26,1,3607,FALSE,FALSE,FALSE,FALSE,
3593,2025-11-03T10:24:42.629578,3592.0,2025-11-03T10:24:42.817792,188.2,1762145682.717000,49,1,3609,2025-11-03T10:24:42.818113,0.3,1762145681.823000,26,1,3608,FALSE,FALSE,FALSE,FALSE,
3594,2025-11-03T10:24:43.629575,3593.0,2025-11-03T10:24:43.819172,189.6,1762145683.719000,49,1,3610,2025-11-03T10:24:43.819552,0.4,1762145682.825000,26,1,3609,FALSE,FALSE,FALSE,FALSE,
3595,2025-11-03T10:24:44.629568,3594.0,2025-11-03T10:24:44.820724,191.2,1762145684.720000,49,1,3611,2025-11-03T10:24:44.821068,0.3,1762145683.827000,26,1,3610,FALSE,FALSE,FALSE,FALSE,
3596,2025-11-03T10:24:45.629570,3595.0,2025-11-03T10:24:45.821726,192.2,1762145685.721000,48,1,3612,2025-11-03T10:24:45.822048,0.3,1762145684.828000,26,1,3611,FALSE,FALSE,FALSE,FALSE,
3597,2025-11-03T10:24:46.629570,3596.0,2025-11-03T10:24:46.822949,193.4,1762145686.722000,49,1,3613,2025-11-03T10:24:46.823247,0.3,1762145685.829000,26,1,3612,FALSE,FALSE,FALSE,FALSE,
3598,2025-11-03T10:24:47.629574,3597.0,2025-11-03T10:24:47.824079,194.5,1762145687.724000,48,1,3614,2025-11-03T10:24:47.824396,0.3,1762145686.831000,26,1,3613,FALSE,FALSE,FALSE,FALSE,
3599,2025-11-03T10:24:48.629572,3598.0,2025-11-03T10:24:48.825389,195.8,1762145688.725000,48,1,3615,2025-11-03T10:24:48.825697,0.3,1762145687.832000,26,1,3614,FALSE,FALSE,FALSE,FALSE,
3600,2025-11-03T10:24:49.629575,3599.0,2025-11-03T10:24:49.826623,197.0,1762145689.726000,49,1,3616,2025-11-03T10:24:49.826937,0.3,1762145688.833000,26,1,3615,FALSE,FALSE,FALSE,FALSE,
3601,2025-11-03T10:24:50.629566,3600.0,2025-11-03T10:24:50.828085,198.5,1762145690.727000,49,1,3617,2025-11-03T10:24:50.828465,0.4,1762145689.835000,26,1,3616,FALSE,FALSE,FALSE,FALSE,
