request_id,request_time_utc,elapsed_time_s,icg_response_time_utc,icg_request_duration_ms,icg_firmware_timestamp,icg_packet_samples,icg_sync_count,icg_sync_numbers,ecg_response_time_utc,ecg_request_duration_ms,ecg_firmware_timestamp,ecg_packet_samples,ecg_sync_count,ecg_sync_numbers,anomaly_multiple_icg_syncs,anomaly_multiple_ecg_syncs,anomaly_no_icg_data,anomaly_no_ecg_data,notes
1,2025-10-31T09:18:35.528261,0.0,2025-10-31T09:18:35.633863,105.0,1761882515.531000,754,2,"83,84",2025-10-31T09:18:35.634287,0.4,,0,0,,TRUE,FALSE,FALSE,TRUE,"Multi-ICG:83,84;No-ECG"
2,2025-10-31T09:18:36.653135,1.1,2025-10-31T09:18:36.835511,182.4,1761882516.734000,477,1,85,2025-10-31T09:18:36.838060,2.5,1761882515.728000,938,3,"82,83,84",FALSE,TRUE,FALSE,FALSE,"Multi-ECG:82,83,84"
3,2025-10-31T09:18:37.839794,2.3,2025-10-31T09:18:38.037146,197.4,1761882517.936000,477,1,86,2025-10-31T09:18:38.038528,1.4,1761882516.932000,478,1,85,FALSE,FALSE,FALSE,FALSE,
4,2025-10-31T09:18:39.039925,3.5,2025-10-31T09:18:39.244428,204.5,1761882519.138000,472,1,87,2025-10-31T09:18:39.245993,1.6,1761882518.134000,477,1,86,FALSE,FALSE,FALSE,FALSE,
5,2025-10-31T09:18:40.247132,4.7,2025-10-31T09:18:40.441702,194.6,1761882520.340000,477,2,"88,89",2025-10-31T09:18:40.443303,1.6,1761882519.338000,480,2,"87,88",TRUE,TRUE,FALSE,FALSE,"Multi-ICG:88,89;Multi-ECG:87,88"
6,2025-10-31T09:18:41.444598,5.9,2025-10-31T09:18:41.644116,199.5,1761882521.542000,477,1,90,2025-10-31T09:18:41.645448,1.3,1761882520.540000,480,1,89,FALSE,FALSE,FALSE,FALSE,
7,2025-10-31T09:18:42.646665,7.1,2025-10-31T09:18:42.847057,200.4,1761882522.744000,475,1,91,2025-10-31T09:18:42.848485,1.4,1761882521.742000,479,1,90,FALSE,FALSE,FALSE,FALSE,
8,2025-10-31T09:18:43.849653,8.3,2025-10-31T09:18:44.050423,200.8,1761882523.948000,477,1,92,2025-10-31T09:18:44.051857,1.4,1761882522.945000,480,1,91,FALSE,FALSE,FALSE,FALSE,
9,2025-10-31T09:18:45.052993,9.5,2025-10-31T09:18:45.254346,201.4,1761882525.151000,474,1,93,2025-10-31T09:18:45.256007,1.7,1761882524.146000,478,1,92,FALSE,FALSE,FALSE,FALSE,
10,2025-10-31T09:18:46.257238,10.7,2025-10-31T09:18:46.457081,199.8,1761882526.354000,477,2,"94,95",2025-10-31T09:18:46.458658,1.6,1761882525.348000,481,2,"93,94",TRUE,TRUE,FALSE,FALSE,"Multi-ICG:94,95;Multi-ECG:93,94"
11,2025-10-31T09:18:47.459887,11.9,2025-10-31T09:18:47.660850,201.0,1761882527.558000,476,1,96,2025-10-31T09:18:47.662650,1.8,1761882526.550000,479,1,95,FALSE,FALSE,FALSE,FALSE,
12,2025-10-31T09:18:48.664114,13.1,2025-10-31T09:18:48.863519,199.4,1761882528.761000,475,1,97,2025-10-31T09:18:48.869359,5.8,1761882527.751000,479,1,96,FALSE,FALSE,FALSE,FALSE,
13,2025-10-31T09:18:49.870723,14.3,2025-10-31T09:18:50.065484,194.8,1761882529.964000,476,1,98,2025-10-31T09:18:50.067034,1.5,1761882528.953000,479,1,97,FALSE,FALSE,FALSE,FALSE,
14,2025-10-31T09:18:51.068186,15.5,2025-10-31T09:18:51.269693,201.5,1761882531.166000,475,1,99,2025-10-31T09:18:51.271136,1.4,1761882530.155000,478,1,98,FALSE,FALSE,FALSE,FALSE,
15,2025-10-31T09:18:52.272261,16.7,2025-10-31T09:18:52.472202,199.9,1761882532.370000,477,2,"100,101",2025-10-31T09:18:52.473627,1.4,1761882531.357000,480,2,"99,100",TRUE,TRUE,FALSE,FALSE,"Multi-ICG:100,101;Multi-ECG:99,100"
16,2025-10-31T09:18:53.474961,17.9,2025-10-31T09:18:53.674290,199.3,1761882533.573000,477,1,102,2025-10-31T09:18:53.675736,1.4,1761882532.559000,479,1,101,FALSE,FALSE,FALSE,FALSE,
17,2025-10-31T09:18:54.676876,19.1,2025-10-31T09:18:54.876298,199.4,1761882534.775000,474,1,103,2025-10-31T09:18:54.877760,1.5,1761882533.761000,479,1,102,FALSE,FALSE,FALSE,FALSE,
18,2025-10-31T09:18:55.878965,20.4,2025-10-31T09:18:56.078490,199.5,1761882535.977000,475,1,104,2025-10-31T09:18:56.079946,1.4,1761882534.963000,480,1,103,FALSE,FALSE,FALSE,FALSE,
19,2025-10-31T09:18:57.081080,21.6,2025-10-31T09:18:57.280664,199.6,1761882537.179000,473,1,105,2025-10-31T09:18:57.282071,1.4,1761882536.165000,480,1,104,FALSE,FALSE,FALSE,FALSE,
20,2025-10-31T09:18:58.283211,22.8,2025-10-31T09:18:58.483362,200.2,1761882538.381000,473,2,"106,107",2025-10-31T09:18:58.484985,1.6,1761882537.366000,481,2,"105,106",TRUE,TRUE,FALSE,FALSE,"Multi-ICG:106,107;Multi-ECG:105,106"
21,2025-10-31T09:18:59.486494,24.0,2025-10-31T09:18:59.686192,199.7,1761882539.583000,473,1,108,2025-10-31T09:18:59.691905,5.7,1761882538.568000,479,1,107,FALSE,FALSE,FALSE,FALSE,
22,2025-10-31T09:19:00.693060,25.2,2025-10-31T09:19:00.888932,195.9,1761882540.787000,473,1,109,2025-10-31T09:19:00.890278,1.3,1761882539.770000,478,1,108,FALSE,FALSE,FALSE,FALSE,
23,2025-10-31T09:19:01.891403,26.4,2025-10-31T09:19:02.091781,200.4,1761882541.989000,476,1,110,2025-10-31T09:19:02.093245,1.5,1761882540.971000,480,1,109,FALSE,FALSE,FALSE,FALSE,
24,2025-10-31T09:19:03.094427,27.6,2025-10-31T09:19:03.293993,199.6,1761882543.192000,476,1,111,2025-10-31T09:19:03.295515,1.5,1761882542.174000,479,1,110,FALSE,FALSE,FALSE,FALSE,
25,2025-10-31T09:19:04.296655,28.8,2025-10-31T09:19:04.496275,199.6,1761882544.394000,477,2,"112,113",2025-10-31T09:19:04.497544,1.3,1761882543.375000,480,2,"111,112",TRUE,TRUE,FALSE,FALSE,"Multi-ICG:112,113;Multi-ECG:111,112"
26,2025-10-31T09:19:05.499340,30.0,2025-10-31T09:19:05.698504,199.2,1761882545.596000,476,1,114,2025-10-31T09:19:05.699941,1.4,1761882544.577000,478,1,113,FALSE,FALSE,FALSE,FALSE,
27,2025-10-31T09:19:06.701065,31.2,2025-10-31T09:19:06.900618,199.6,1761882546.799000,476,1,115,2025-10-31T09:19:06.901976,1.3,1761882545.779000,479,1,114,FALSE,FALSE,FALSE,FALSE,
28,2025-10-31T09:19:07.903174,32.4,2025-10-31T09:19:08.105501,202.3,1761882548.000000,473,1,116,2025-10-31T09:19:08.107404,1.9,1761882546.980000,478,1,115,FALSE,FALSE,FALSE,FALSE,
29,2025-10-31T09:19:09.108775,33.6,2025-10-31T09:19:09.307559,198.8,1761882549.205000,477,1,117,2025-10-31T09:19:09.308968,1.4,1761882548.183000,478,1,116,FALSE,FALSE,FALSE,FALSE,
30,2025-10-31T09:19:10.310118,34.8,2025-10-31T09:19:10.514601,204.5,1761882550.408000,476,2,"118,119",2025-10-31T09:19:10.515951,1.3,1761882549.385000,480,2,"117,118",TRUE,TRUE,FALSE,FALSE,"Multi-ICG:118,119;Multi-ECG:117,118"
31,2025-10-31T09:19:11.517286,36.0,2025-10-31T09:19:11.712686,195.4,1761882551.611000,474,1,120,2025-10-31T09:19:11.714197,1.5,1761882550.588000,480,1,119,FALSE,FALSE,FALSE,FALSE,
32,2025-10-31T09:19:12.715345,37.2,2025-10-31T09:19:12.915131,199.8,1761882552.813000,475,1,121,2025-10-31T09:19:12.916583,1.4,1761882551.790000,480,1,120,FALSE,FALSE,FALSE,FALSE,
33,2025-10-31T09:19:13.917692,38.4,2025-10-31T09:19:14.021288,103.6,1761882553.920000,437,1,122,2025-10-31T09:19:14.022697,1.4,1761882552.992000,479,1,121,FALSE,FALSE,FALSE,FALSE,
34,2025-10-31T09:19:15.023808,39.5,2025-10-31T09:19:15.223570,199.8,1761882555.122000,473,1,123,2025-10-31T09:19:15.224927,1.3,1761882554.094000,440,1,122,FALSE,FALSE,FALSE,FALSE,
35,2025-10-31T09:19:16.225978,40.7,2025-10-31T09:19:16.425716,199.7,1761882556.324000,475,2,"124,125",2025-10-31T09:19:16.427287,1.6,1761882555.298000,481,2,"123,124",TRUE,TRUE,FALSE,FALSE,"Multi-ICG:124,125;Multi-ECG:123,124"
36,2025-10-31T09:19:17.428614,41.9,2025-10-31T09:19:17.628260,199.6,1761882557.526000,474,1,126,2025-10-31T09:19:17.629568,1.3,1761882556.501000,479,1,125,FALSE,FALSE,FALSE,FALSE,
37,2025-10-31T09:19:18.630821,43.1,2025-10-31T09:19:18.830716,199.9,1761882558.729000,475,1,127,2025-10-31T09:19:18.832708,2.0,1761882557.704000,479,1,126,FALSE,FALSE,FALSE,FALSE,
38,2025-10-31T09:19:19.834336,44.3,2025-10-31T09:19:20.031847,197.5,1761882559.930000,472,1,128,2025-10-31T09:19:20.033734,1.9,1761882558.906000,479,1,127,FALSE,FALSE,FALSE,FALSE,
39,2025-10-31T09:19:21.035112,45.5,2025-10-31T09:19:21.239368,204.3,1761882561.133000,473,1,129,2025-10-31T09:19:21.240804,1.4,1761882560.107000,477,1,128,FALSE,FALSE,FALSE,FALSE,
40,2025-10-31T09:19:22.241899,46.7,2025-10-31T09:19:22.436877,195.0,1761882562.335000,476,2,"130,131",2025-10-31T09:19:22.438458,1.6,1761882561.309000,480,2,"129,130",TRUE,TRUE,FALSE,FALSE,"Multi-ICG:130,131;Multi-ECG:129,130"
41,2025-10-31T09:19:23.439760,47.9,2025-10-31T09:19:23.639029,199.3,1761882563.537000,472,1,132,2025-10-31T09:19:23.640484,1.4,1761882562.511000,478,1,131,FALSE,FALSE,FALSE,FALSE,
42,2025-10-31T09:19:24.641867,49.1,2025-10-31T09:19:24.840643,198.8,1761882564.739000,472,1,133,2025-10-31T09:19:24.842499,1.8,1761882563.715000,480,1,132,FALSE,FALSE,FALSE,FALSE,
43,2025-10-31T09:19:25.843924,50.3,2025-10-31T09:19:26.042714,198.8,1761882565.941000,474,1,134,2025-10-31T09:19:26.044238,1.5,1761882564.918000,480,1,133,FALSE,FALSE,FALSE,FALSE,
44,2025-10-31T09:19:27.045377,51.5,2025-10-31T09:19:27.245020,199.6,1761882567.143000,476,1,135,2025-10-31T09:19:27.246382,1.4,1761882566.120000,480,1,134,FALSE,FALSE,FALSE,FALSE,
45,2025-10-31T09:19:28.247517,52.7,2025-10-31T09:19:28.448571,201.1,1761882568.346000,477,2,"136,137",2025-10-31T09:19:28.450102,1.5,1761882567.323000,482,2,"135,136",TRUE,TRUE,FALSE,FALSE,"Multi-ICG:136,137;Multi-ECG:135,136"
46,2025-10-31T09:19:29.451476,53.9,2025-10-31T09:19:29.651755,200.3,1761882569.549000,477,1,138,2025-10-31T09:19:29.653207,1.4,1761882568.526000,481,1,137,FALSE,FALSE,FALSE,FALSE,
47,2025-10-31T09:19:30.654473,55.1,2025-10-31T09:19:30.854228,199.8,1761882570.752000,475,1,139,2025-10-31T09:19:30.855518,1.3,1761882569.729000,481,1,138,FALSE,FALSE,FALSE,FALSE,
48,2025-10-31T09:19:31.856643,56.3,2025-10-31T09:19:32.060394,203.8,1761882571.955000,477,1,140,2025-10-31T09:19:32.061996,1.6,1761882570.931000,478,1,139,FALSE,FALSE,FALSE,FALSE,
49,2025-10-31T09:19:33.063119,57.5,2025-10-31T09:19:33.259032,195.9,1761882573.157000,473,1,141,2025-10-31T09:19:33.260501,1.5,1761882572.134000,479,1,140,FALSE,FALSE,FALSE,FALSE,
50,2025-10-31T09:19:34.261755,58.7,2025-10-31T09:19:34.462046,200.3,1761882574.359000,475,2,"142,143",2025-10-31T09:19:34.463530,1.5,1761882573.336000,481,2,"141,142",TRUE,TRUE,FALSE,FALSE,"Multi-ICG:142,143;Multi-ECG:141,142"
51,2025-10-31T09:19:35.464858,59.9,2025-10-31T09:19:35.664626,199.8,1761882575.562000,472,1,144,2025-10-31T09:19:35.666155,1.5,1761882574.538000,480,1,143,FALSE,FALSE,FALSE,FALSE,
52,2025-10-31T09:19:36.667527,61.1,2025-10-31T09:19:36.867639,200.1,1761882576.765000,473,1,145,2025-10-31T09:19:36.868934,1.3,1761882575.739000,480,1,144,FALSE,FALSE,FALSE,FALSE,
53,2025-10-31T09:19:37.870100,62.3,2025-10-31T09:19:38.070435,200.3,1761882577.968000,473,1,146,2025-10-31T09:19:38.071908,1.5,1761882576.942000,479,1,145,FALSE,FALSE,FALSE,FALSE,
54,2025-10-31T09:19:39.073050,63.5,2025-10-31T09:19:39.273858,200.8,1761882579.171000,473,1,147,2025-10-31T09:19:39.275353,1.5,1761882578.143000,477,1,146,FALSE,FALSE,FALSE,FALSE,
55,2025-10-31T09:19:40.276515,64.7,2025-10-31T09:19:40.476487,200.0,1761882580.375000,474,2,"148,149",2025-10-31T09:19:40.478089,1.6,1761882579.345000,480,2,"147,148",TRUE,TRUE,FALSE,FALSE,"Multi-ICG:148,149;Multi-ECG:147,148"
56,2025-10-31T09:19:41.479557,66.0,2025-10-31T09:19:41.678752,199.2,1761882581.577000,475,1,150,2025-10-31T09:19:41.684321,5.6,1761882580.548000,480,1,149,FALSE,FALSE,FALSE,FALSE,
57,2025-10-31T09:19:42.685518,67.2,2025-10-31T09:19:42.881410,195.9,1761882582.779000,472,1,151,2025-10-31T09:19:42.883373,2.0,1761882581.750000,480,1,150,FALSE,FALSE,FALSE,FALSE,
58,2025-10-31T09:19:43.884856,68.4,2025-10-31T09:19:44.083973,199.1,1761882583.982000,473,1,152,2025-10-31T09:19:44.085295,1.3,1761882582.952000,478,1,151,FALSE,FALSE,FALSE,FALSE,
59,2025-10-31T09:19:45.086655,69.6,2025-10-31T09:19:45.286965,200.3,1761882585.184000,477,1,153,2025-10-31T09:19:45.288435,1.5,1761882584.154000,480,1,152,FALSE,FALSE,FALSE,FALSE,
60,2025-10-31T09:19:46.289549,70.8,2025-10-31T09:19:46.489673,200.1,1761882586.387000,473,2,"154,155",2025-10-31T09:19:46.491042,1.4,1761882585.356000,481,2,"153,154",TRUE,TRUE,FALSE,FALSE,"Multi-ICG:154,155;Multi-ECG:153,154"
61,2025-10-31T09:19:47.492290,72.0,2025-10-31T09:19:47.693188,200.9,1761882587.589000,474,1,156,2025-10-31T09:19:47.695263,2.1,1761882586.559000,480,1,155,FALSE,FALSE,FALSE,FALSE,
62,2025-10-31T09:19:48.696860,73.2,2025-10-31T09:19:48.894454,197.6,1761882588.793000,473,1,157,2025-10-31T09:19:48.895921,1.5,1761882587.761000,479,1,156,FALSE,FALSE,FALSE,FALSE,
63,2025-10-31T09:19:49.897077,74.4,2025-10-31T09:19:50.096737,199.6,1761882589.995000,473,1,158,2025-10-31T09:19:50.098098,1.3,1761882588.963000,480,1,157,FALSE,FALSE,FALSE,FALSE,
64,2025-10-31T09:19:51.099236,75.6,2025-10-31T09:19:51.299171,199.9,1761882591.197000,473,1,159,2025-10-31T09:19:51.300617,1.4,1761882590.165000,480,1,158,FALSE,FALSE,FALSE,FALSE,
65,2025-10-31T09:19:52.301757,76.8,2025-10-31T09:19:52.501051,199.3,1761882592.399000,475,2,"160,161",2025-10-31T09:19:52.506951,5.9,1761882591.368000,480,2,"159,160",TRUE,TRUE,FALSE,FALSE,"Multi-ICG:160,161;Multi-ECG:159,160"
66,2025-10-31T09:19:53.508584,78.0,2025-10-31T09:19:53.704438,195.9,1761882593.602000,473,1,162,2025-10-31T09:19:53.706625,2.2,1761882592.572000,481,1,161,FALSE,FALSE,FALSE,FALSE,
67,2025-10-31T09:19:54.708155,79.2,2025-10-31T09:19:54.906945,198.8,1761882594.804000,473,1,163,2025-10-31T09:19:54.908347,1.4,1761882593.774000,479,1,162,FALSE,FALSE,FALSE,FALSE,
68,2025-10-31T09:19:55.909498,80.4,2025-10-31T09:19:56.111111,201.6,1761882596.008000,476,1,164,2025-10-31T09:19:56.113430,2.3,1761882594.976000,479,1,163,FALSE,FALSE,FALSE,FALSE,
69,2025-10-31T09:19:57.114607,81.6,2025-10-31T09:19:57.313755,199.1,1761882597.211000,474,1,165,2025-10-31T09:19:57.315641,1.9,1761882596.178000,479,1,164,FALSE,FALSE,FALSE,FALSE,
70,2025-10-31T09:19:58.316829,82.8,2025-10-31T09:19:58.516137,199.3,1761882598.414000,475,2,"166,167",2025-10-31T09:19:58.517610,1.5,1761882597.381000,480,2,"165,166",TRUE,TRUE,FALSE,FALSE,"Multi-ICG:166,167;Multi-ECG:165,166"
71,2025-10-31T09:19:59.519006,84.0,2025-10-31T09:19:59.718808,199.8,1761882599.617000,474,1,168,2025-10-31T09:19:59.720089,1.3,1761882598.583000,479,1,167,FALSE,FALSE,FALSE,FALSE,
72,2025-10-31T09:20:00.721272,85.2,2025-10-31T09:20:00.922398,201.1,1761882600.819000,472,1,169,2025-10-31T09:20:00.924335,1.9,1761882599.786000,480,1,168,FALSE,FALSE,FALSE,FALSE,
73,2025-10-31T09:20:01.925707,86.4,2025-10-31T09:20:02.124171,198.5,1761882602.022000,473,1,170,2025-10-31T09:20:02.125574,1.4,1761882600.989000,480,1,169,FALSE,FALSE,FALSE,FALSE,
74,2025-10-31T09:20:03.126831,87.6,2025-10-31T09:20:03.330527,203.7,1761882603.225000,472,1,171,2025-10-31T09:20:03.331884,1.3,1761882602.190000,479,1,170,FALSE,FALSE,FALSE,FALSE,
75,2025-10-31T09:20:04.332989,88.8,2025-10-31T09:20:04.528884,195.9,1761882604.427000,472,2,"172,173",2025-10-31T09:20:04.530424,1.5,1761882603.393000,481,2,"171,172",TRUE,TRUE,FALSE,FALSE,"Multi-ICG:172,173;Multi-ECG:171,172"
76,2025-10-31T09:20:05.532042,90.0,2025-10-31T09:20:05.731920,199.9,1761882605.629000,472,1,174,2025-10-31T09:20:05.733419,1.5,1761882604.595000,480,1,173,FALSE,FALSE,FALSE,FALSE,
77,2025-10-31T09:20:06.734648,91.2,2025-10-31T09:20:06.935526,200.9,1761882606.833000,473,1,175,2025-10-31T09:20:06.936870,1.3,1761882605.797000,479,1,174,FALSE,FALSE,FALSE,FALSE,
78,2025-10-31T09:20:07.938011,92.4,2025-10-31T09:20:08.138099,200.1,1761882608.036000,472,1,176,2025-10-31T09:20:08.139574,1.5,1761882607.001000,481,1,175,FALSE,FALSE,FALSE,FALSE,
79,2025-10-31T09:20:09.140719,93.6,2025-10-31T09:20:09.340986,200.3,1761882609.239000,475,2,"177,178",2025-10-31T09:20:09.342515,1.5,1761882608.204000,477,1,176,TRUE,FALSE,FALSE,FALSE,"Multi-ICG:177,178"
80,2025-10-31T09:20:10.343975,94.8,2025-10-31T09:20:10.544017,200.0,1761882610.442000,473,1,179,2025-10-31T09:20:10.545639,1.6,1761882609.405000,480,2,"177,178",FALSE,TRUE,FALSE,FALSE,"Multi-ECG:177,178"
81,2025-10-31T09:20:11.547637,96.0,2025-10-31T09:20:11.745514,197.9,1761882611.644000,472,1,180,2025-10-31T09:20:11.747048,1.5,1761882610.608000,479,1,179,FALSE,FALSE,FALSE,FALSE,
82,2025-10-31T09:20:12.748216,97.2,2025-10-31T09:20:12.947855,199.6,1761882612.846000,475,1,181,2025-10-31T09:20:12.949153,1.3,1761882611.811000,479,1,180,FALSE,FALSE,FALSE,FALSE,
83,2025-10-31T09:20:13.950334,98.4,2025-10-31T09:20:14.154779,204.4,1761882614.048000,472,1,182,2025-10-31T09:20:14.208473,53.7,1761882613.013000,479,1,181,FALSE,FALSE,FALSE,FALSE,
84,2025-10-31T09:20:15.209627,99.7,2025-10-31T09:20:15.351666,142.0,1761882615.250000,479,2,"183,184",2025-10-31T09:20:15.352645,1.0,1761882614.216000,479,1,182,TRUE,FALSE,FALSE,FALSE,"Multi-ICG:183,184"
85,2025-10-31T09:20:16.353717,100.8,2025-10-31T09:20:16.554508,200.8,1761882616.453000,477,1,185,2025-10-31T09:20:16.555357,0.8,1761882615.417000,482,2,"183,184",FALSE,TRUE,FALSE,FALSE,"Multi-ECG:183,184"
86,2025-10-31T09:20:17.556295,102.0,2025-10-31T09:20:17.756783,200.5,1761882617.655000,476,1,186,2025-10-31T09:20:17.757719,0.9,1761882616.619000,481,1,185,FALSE,FALSE,FALSE,FALSE,
87,2025-10-31T09:20:18.758582,103.2,2025-10-31T09:20:18.958977,200.4,1761882618.857000,475,1,187,2025-10-31T09:20:18.959956,1.0,1761882617.821000,481,1,186,FALSE,FALSE,FALSE,FALSE,
88,2025-10-31T09:20:19.960761,104.4,2025-10-31T09:20:20.162735,202.0,1761882620.060000,470,1,188,2025-10-31T09:20:20.164215,1.5,1761882619.022000,481,1,187,FALSE,FALSE,FALSE,FALSE,
89,2025-10-31T09:20:21.165344,105.6,2025-10-31T09:20:21.365646,200.3,1761882621.263000,477,2,"189,190",2025-10-31T09:20:21.367213,1.6,1761882620.224000,481,1,188,TRUE,FALSE,FALSE,FALSE,"Multi-ICG:189,190"
90,2025-10-31T09:20:22.368508,106.8,2025-10-31T09:20:22.568666,200.2,1761882622.466000,472,1,191,2025-10-31T09:20:22.570129,1.4,1761882621.426000,480,2,"189,190",FALSE,TRUE,FALSE,FALSE,"Multi-ECG:189,190"
91,2025-10-31T09:20:23.571466,108.0,2025-10-31T09:20:23.770925,199.5,1761882623.669000,473,1,192,2025-10-31T09:20:23.772374,1.4,1761882622.628000,479,1,191,FALSE,FALSE,FALSE,FALSE,
92,2025-10-31T09:20:24.773509,109.2,2025-10-31T09:20:24.972724,199.2,1761882624.871000,473,1,193,2025-10-31T09:20:24.978534,5.8,1761882623.830000,478,1,192,FALSE,FALSE,FALSE,FALSE,
93,2025-10-31T09:20:25.979692,110.5,2025-10-31T09:20:26.174880,195.2,1761882626.073000,474,1,194,2025-10-31T09:20:26.176214,1.3,1761882625.032000,478,1,193,FALSE,FALSE,FALSE,FALSE,
94,2025-10-31T09:20:27.177379,111.6,2025-10-31T09:20:27.376869,199.5,1761882627.275000,474,2,"195,196",2025-10-31T09:20:27.378392,1.5,1761882626.233000,479,1,194,TRUE,FALSE,FALSE,FALSE,"Multi-ICG:195,196"
95,2025-10-31T09:20:28.379660,112.9,2025-10-31T09:20:28.578502,198.8,1761882628.477000,473,1,197,2025-10-31T09:20:28.580137,1.6,1761882627.435000,481,2,"195,196",FALSE,TRUE,FALSE,FALSE,"Multi-ECG:195,196"
96,2025-10-31T09:20:29.582285,114.1,2025-10-31T09:20:29.780384,198.1,1761882629.679000,471,1,198,2025-10-31T09:20:29.781739,1.3,1761882628.637000,480,1,197,FALSE,FALSE,FALSE,FALSE,
97,2025-10-31T09:20:30.783026,115.3,2025-10-31T09:20:30.982387,199.4,1761882630.880000,472,1,199,2025-10-31T09:20:30.983867,1.5,1761882629.839000,479,1,198,FALSE,FALSE,FALSE,FALSE,
98,2025-10-31T09:20:31.985153,116.5,2025-10-31T09:20:32.185272,200.1,1761882632.083000,473,1,200,2025-10-31T09:20:32.186813,1.5,1761882631.041000,481,1,199,FALSE,FALSE,FALSE,FALSE,
99,2025-10-31T09:20:33.188065,117.7,2025-10-31T09:20:33.387543,199.5,1761882633.286000,476,2,"201,202",2025-10-31T09:20:33.388979,1.4,1761882632.244000,479,2,"200,201",TRUE,TRUE,FALSE,FALSE,"Multi-ICG:201,202;Multi-ECG:200,201"
100,2025-10-31T09:20:34.390645,118.9,2025-10-31T09:20:34.590999,200.4,1761882634.489000,473,1,203,2025-10-31T09:20:34.592466,1.5,1761882633.446000,479,1,202,FALSE,FALSE,FALSE,FALSE,
101,2025-10-31T09:20:35.593637,120.1,2025-10-31T09:20:35.797752,204.1,1761882635.692000,473,1,204,2025-10-31T09:20:35.799204,1.4,1761882634.648000,480,1,203,FALSE,FALSE,FALSE,FALSE,
102,2025-10-31T09:20:36.800462,121.3,2025-10-31T09:20:36.996150,195.7,1761882636.894000,473,1,205,2025-10-31T09:20:36.997569,1.4,1761882635.851000,480,1,204,FALSE,FALSE,FALSE,FALSE,
103,2025-10-31T09:20:37.998824,122.5,2025-10-31T09:20:38.199470,200.6,1761882638.097000,473,1,206,2025-10-31T09:20:38.202024,2.5,1761882637.053000,479,1,205,FALSE,FALSE,FALSE,FALSE,
104,2025-10-31T09:20:39.203668,123.7,2025-10-31T09:20:39.401031,197.4,1761882639.299000,474,2,"207,208",2025-10-31T09:20:39.402438,1.4,1761882638.255000,480,2,"206,207",TRUE,TRUE,FALSE,FALSE,"Multi-ICG:207,208;Multi-ECG:206,207"
105,2025-10-31T09:20:40.403778,124.9,2025-10-31T09:20:40.604069,200.3,1761882640.502000,474,1,209,2025-10-31T09:20:40.605667,1.6,1761882639.457000,478,1,208,FALSE,FALSE,FALSE,FALSE,
106,2025-10-31T09:20:41.607061,126.1,2025-10-31T09:20:41.806388,199.3,1761882641.705000,473,1,210,2025-10-31T09:20:41.807840,1.4,1761882640.659000,480,1,209,FALSE,FALSE,FALSE,FALSE,
107,2025-10-31T09:20:42.809036,127.3,2025-10-31T09:20:43.009003,200.0,1761882642.907000,474,1,211,2025-10-31T09:20:43.010347,1.3,1761882641.861000,479,1,210,FALSE,FALSE,FALSE,FALSE,
108,2025-10-31T09:20:44.011500,128.5,2025-10-31T09:20:44.211662,200.2,1761882644.109000,472,1,212,2025-10-31T09:20:44.213091,1.4,1761882643.064000,479,1,211,FALSE,FALSE,FALSE,FALSE,
109,2025-10-31T09:20:45.214275,129.7,2025-10-31T09:20:45.414370,200.1,1761882645.312000,475,2,"213,214",2025-10-31T09:20:45.415688,1.3,1761882644.266000,481,2,"212,213",TRUE,TRUE,FALSE,FALSE,"Multi-ICG:213,214;Multi-ECG:212,213"
110,2025-10-31T09:20:46.417042,130.9,2025-10-31T09:20:46.621074,204.0,1761882646.515000,474,1,215,2025-10-31T09:20:46.622597,1.5,1761882645.467000,478,1,214,FALSE,FALSE,FALSE,FALSE,
111,2025-10-31T09:20:47.623799,132.1,2025-10-31T09:20:47.818628,194.8,1761882647.717000,473,1,216,2025-10-31T09:20:47.820080,1.4,1761882646.670000,480,1,215,FALSE,FALSE,FALSE,FALSE,
112,2025-10-31T09:20:48.821225,133.3,2025-10-31T09:20:49.020575,199.3,1761882648.919000,473,1,217,2025-10-31T09:20:49.021855,1.3,1761882647.872000,480,1,216,FALSE,FALSE,FALSE,FALSE,
113,2025-10-31T09:20:50.023077,134.5,2025-10-31T09:20:50.222621,199.5,1761882650.121000,471,1,218,2025-10-31T09:20:50.224067,1.4,1761882649.073000,480,1,217,FALSE,FALSE,FALSE,FALSE,
114,2025-10-31T09:20:51.225178,135.7,2025-10-31T09:20:51.424729,199.5,1761882651.323000,473,2,"219,220",2025-10-31T09:20:51.426317,1.6,1761882650.276000,480,2,"218,219",TRUE,TRUE,FALSE,FALSE,"Multi-ICG:219,220;Multi-ECG:218,219"
115,2025-10-31T09:20:52.427772,136.9,2025-10-31T09:20:52.629762,202.0,1761882652.528000,474,1,221,2025-10-31T09:20:52.631174,1.4,1761882651.478000,479,1,220,FALSE,FALSE,FALSE,FALSE,
116,2025-10-31T09:20:53.632421,138.1,2025-10-31T09:20:53.832083,199.7,1761882653.730000,473,1,222,2025-10-31T09:20:53.833620,1.5,1761882652.680000,478,1,221,FALSE,FALSE,FALSE,FALSE,
117,2025-10-31T09:20:54.834902,139.3,2025-10-31T09:20:55.034792,199.9,1761882654.933000,473,1,223,2025-10-31T09:20:55.036333,1.5,1761882653.882000,479,1,222,FALSE,FALSE,FALSE,FALSE,
118,2025-10-31T09:20:56.037484,140.5,2025-10-31T09:20:56.237170,199.7,1761882656.135000,473,1,224,2025-10-31T09:20:56.243171,6.0,1761882655.084000,478,1,223,FALSE,FALSE,FALSE,FALSE,
119,2025-10-31T09:20:57.244434,141.7,2025-10-31T09:20:57.438817,194.4,1761882657.337000,473,2,"225,226",2025-10-31T09:20:57.440294,1.5,1761882656.286000,477,2,"224,225",TRUE,TRUE,FALSE,FALSE,"Multi-ICG:225,226;Multi-ECG:224,225"
120,2025-10-31T09:20:58.441738,142.9,2025-10-31T09:20:58.641111,199.4,1761882658.539000,473,1,227,2025-10-31T09:20:58.642726,1.6,1761882657.488000,478,1,226,FALSE,FALSE,FALSE,FALSE,
121,2025-10-31T09:20:59.644010,144.1,2025-10-31T09:20:59.843449,199.4,1761882659.741000,474,1,228,2025-10-31T09:20:59.845005,1.5,1761882658.692000,478,1,227,FALSE,FALSE,FALSE,FALSE,
122,2025-10-31T09:21:00.846227,145.3,2025-10-31T09:21:01.045854,199.6,1761882660.944000,473,1,229,2025-10-31T09:21:01.047798,1.9,1761882659.894000,480,1,228,FALSE,FALSE,FALSE,FALSE,
123,2025-10-31T09:21:02.048999,146.5,2025-10-31T09:21:02.247927,198.9,1761882662.146000,471,1,230,2025-10-31T09:21:02.249259,1.3,1761882661.097000,479,1,229,FALSE,FALSE,FALSE,FALSE,
124,2025-10-31T09:21:03.250510,147.7,2025-10-31T09:21:03.450422,199.9,1761882663.348000,475,2,"231,232",2025-10-31T09:21:03.452078,1.6,1761882662.299000,481,2,"230,231",TRUE,TRUE,FALSE,FALSE,"Multi-ICG:231,232;Multi-ECG:230,231"
125,2025-10-31T09:21:04.453571,148.9,2025-10-31T09:21:04.652205,198.6,1761882664.550000,475,1,233,2025-10-31T09:21:04.653672,1.5,1761882663.501000,479,1,232,FALSE,FALSE,FALSE,FALSE,
126,2025-10-31T09:21:05.654916,150.1,2025-10-31T09:21:05.856471,201.6,1761882665.753000,473,1,234,2025-10-31T09:21:05.857883,1.4,1761882664.703000,479,1,233,FALSE,FALSE,FALSE,FALSE,
127,2025-10-31T09:21:06.859191,151.3,2025-10-31T09:21:07.058469,199.3,1761882666.957000,473,1,235,2025-10-31T09:21:07.064937,6.5,1761882665.905000,480,1,234,FALSE,FALSE,FALSE,FALSE,
128,2025-10-31T09:21:08.066242,152.5,2025-10-31T09:21:08.260933,194.7,1761882668.158000,474,1,236,2025-10-31T09:21:08.262891,1.9,1761882667.107000,480,1,235,FALSE,FALSE,FALSE,FALSE,
129,2025-10-31T09:21:09.264157,153.7,2025-10-31T09:21:09.463284,199.1,1761882669.362000,474,2,"237,238",2025-10-31T09:21:09.464711,1.4,1761882668.309000,479,2,"236,237",TRUE,TRUE,FALSE,FALSE,"Multi-ICG:237,238;Multi-ECG:236,237"
130,2025-10-31T09:21:10.466026,154.9,2025-10-31T09:21:10.664975,198.9,1761882670.564000,474,1,239,2025-10-31T09:21:10.666466,1.5,1761882669.512000,480,1,238,FALSE,FALSE,FALSE,FALSE,
131,2025-10-31T09:21:11.667629,156.1,2025-10-31T09:21:11.867044,199.4,1761882671.765000,472,1,240,2025-10-31T09:21:11.868396,1.3,1761882670.714000,478,1,239,FALSE,FALSE,FALSE,FALSE,
132,2025-10-31T09:21:12.869558,157.3,2025-10-31T09:21:13.069431,199.9,1761882672.968000,471,1,241,2025-10-31T09:21:13.070991,1.5,1761882671.917000,479,1,240,FALSE,FALSE,FALSE,FALSE,
133,2025-10-31T09:21:14.072151,158.5,2025-10-31T09:21:14.272522,200.4,1761882674.170000,473,1,242,2025-10-31T09:21:14.274057,1.5,1761882673.119000,479,1,241,FALSE,FALSE,FALSE,FALSE,
134,2025-10-31T09:21:15.275182,159.7,2025-10-31T09:21:15.476210,201.0,1761882675.373000,473,2,"243,244",2025-10-31T09:21:15.478127,1.9,1761882674.321000,480,2,"242,243",TRUE,TRUE,FALSE,FALSE,"Multi-ICG:243,244;Multi-ECG:242,243"
135,2025-10-31T09:21:16.479499,161.0,2025-10-31T09:21:16.678973,199.5,1761882676.576000,471,1,245,2025-10-31T09:21:16.680425,1.4,1761882675.523000,480,1,244,FALSE,FALSE,FALSE,FALSE,
136,2025-10-31T09:21:17.681594,162.2,2025-10-31T09:21:17.881786,200.2,1761882677.779000,476,1,246,2025-10-31T09:21:17.887672,5.9,1761882676.725000,481,1,245,FALSE,FALSE,FALSE,FALSE,
137,2025-10-31T09:21:18.888930,163.4,2025-10-31T09:21:19.084732,195.8,1761882678.982000,470,1,247,2025-10-31T09:21:19.086133,1.4,1761882677.928000,480,1,246,FALSE,FALSE,FALSE,FALSE,
138,2025-10-31T09:21:20.087321,164.6,2025-10-31T09:21:20.286716,199.4,1761882680.185000,474,1,248,2025-10-31T09:21:20.288476,1.7,1761882679.129000,479,1,247,FALSE,FALSE,FALSE,FALSE,
139,2025-10-31T09:21:21.289814,165.8,2025-10-31T09:21:21.488749,198.9,1761882681.387000,474,2,"249,250",2025-10-31T09:21:21.490447,1.7,1761882680.331000,480,2,"248,249",TRUE,TRUE,FALSE,FALSE,"Multi-ICG:249,250;Multi-ECG:248,249"
140,2025-10-31T09:21:22.492167,167.0,2025-10-31T09:21:22.692805,200.6,1761882682.590000,473,1,251,2025-10-31T09:21:22.694372,1.6,1761882681.533000,478,1,250,FALSE,FALSE,FALSE,FALSE,
141,2025-10-31T09:21:23.695505,168.2,2025-10-31T09:21:23.895603,200.1,1761882683.793000,470,1,252,2025-10-31T09:21:23.897097,1.5,1761882682.736000,479,1,251,FALSE,FALSE,FALSE,FALSE,
142,2025-10-31T09:21:24.898271,169.4,2025-10-31T09:21:25.099151,200.9,1761882684.996000,471,1,253,2025-10-31T09:21:25.101490,2.3,1761882683.938000,478,1,252,FALSE,FALSE,FALSE,FALSE,
143,2025-10-31T09:21:26.103632,170.6,2025-10-31T09:21:26.300537,196.9,1761882686.199000,473,1,254,2025-10-31T09:21:26.302277,1.7,1761882685.141000,480,1,253,FALSE,FALSE,FALSE,FALSE,
144,2025-10-31T09:21:27.303587,171.8,2025-10-31T09:21:27.502567,199.0,1761882687.401000,473,2,"255,256",2025-10-31T09:21:27.504059,1.5,1761882686.343000,479,2,"254,255",TRUE,TRUE,FALSE,FALSE,"Multi-ICG:255,256;Multi-ECG:254,255"
145,2025-10-31T09:21:28.505594,173.0,2025-10-31T09:21:28.708815,203.2,1761882688.603000,472,1,257,2025-10-31T09:21:28.710217,1.4,1761882687.545000,479,1,256,FALSE,FALSE,FALSE,FALSE,
146,2025-10-31T09:21:29.711364,174.2,2025-10-31T09:21:29.908214,196.8,1761882689.805000,470,1,258,2025-10-31T09:21:29.909629,1.4,1761882688.747000,480,1,257,FALSE,FALSE,FALSE,FALSE,
147,2025-10-31T09:21:30.910888,175.4,2025-10-31T09:21:31.111623,200.7,1761882691.008000,472,1,259,2025-10-31T09:21:31.113278,1.6,1761882689.950000,481,1,258,FALSE,FALSE,FALSE,FALSE,
148,2025-10-31T09:21:32.114472,176.6,2025-10-31T09:21:32.314118,199.6,1761882692.212000,473,1,260,2025-10-31T09:21:32.315507,1.4,1761882691.152000,479,1,259,FALSE,FALSE,FALSE,FALSE,
149,2025-10-31T09:21:33.316794,177.8,2025-10-31T09:21:33.515783,199.0,1761882693.414000,470,2,"261,262",2025-10-31T09:21:33.517234,1.4,1761882692.354000,480,2,"260,261",TRUE,TRUE,FALSE,FALSE,"Multi-ICG:261,262;Multi-ECG:260,261"
150,2025-10-31T09:21:34.518683,179.0,2025-10-31T09:21:34.717439,198.8,1761882694.616000,470,1,263,2025-10-31T09:21:34.719020,1.6,1761882693.556000,478,1,262,FALSE,FALSE,FALSE,FALSE,
151,2025-10-31T09:21:35.720253,180.2,2025-10-31T09:21:35.919648,199.4,1761882695.817000,471,1,264,2025-10-31T09:21:35.921160,1.5,1761882694.758000,479,1,263,FALSE,FALSE,FALSE,FALSE,
152,2025-10-31T09:21:36.922563,181.4,2025-10-31T09:21:37.121454,198.9,1761882697.020000,471,1,265,2025-10-31T09:21:37.123015,1.6,1761882695.960000,479,1,264,FALSE,FALSE,FALSE,FALSE,
153,2025-10-31T09:21:38.124142,182.6,2025-10-31T09:21:38.323897,199.8,1761882698.222000,471,1,266,2025-10-31T09:21:38.325456,1.5,1761882697.161000,479,1,265,FALSE,FALSE,FALSE,FALSE,
154,2025-10-31T09:21:39.326798,183.8,2025-10-31T09:21:39.530072,203.3,1761882699.424000,472,2,"267,268",2025-10-31T09:21:39.531539,1.5,1761882698.364000,480,2,"266,267",TRUE,TRUE,FALSE,FALSE,"Multi-ICG:267,268;Multi-ECG:266,267"
155,2025-10-31T09:21:40.532851,185.0,2025-10-31T09:21:40.727601,194.7,1761882700.626000,471,1,269,2025-10-31T09:21:40.729197,1.6,1761882699.566000,479,1,268,FALSE,FALSE,FALSE,FALSE,
156,2025-10-31T09:21:41.730420,186.2,2025-10-31T09:21:41.930394,200.0,1761882701.828000,472,1,270,2025-10-31T09:21:41.931744,1.3,1761882700.768000,479,1,269,FALSE,FALSE,FALSE,FALSE,
157,2025-10-31T09:21:42.932880,187.4,2025-10-31T09:21:43.134500,201.6,1761882703.031000,473,1,271,2025-10-31T09:21:43.136721,2.2,1761882701.970000,480,1,270,FALSE,FALSE,FALSE,FALSE,
158,2025-10-31T09:21:44.137953,188.6,2025-10-31T09:21:44.335919,198.0,1761882704.234000,472,1,272,2025-10-31T09:21:44.337363,1.4,1761882703.173000,480,1,271,FALSE,FALSE,FALSE,FALSE,
159,2025-10-31T09:21:45.338608,189.8,2025-10-31T09:21:45.538402,199.8,1761882705.436000,474,2,"273,274",2025-10-31T09:21:45.539734,1.3,1761882704.375000,480,2,"272,273",TRUE,TRUE,FALSE,FALSE,"Multi-ICG:273,274;Multi-ECG:272,273"
160,2025-10-31T09:21:46.541116,191.0,2025-10-31T09:21:46.742201,201.1,1761882706.640000,476,1,275,2025-10-31T09:21:46.743825,1.6,1761882705.577000,478,1,274,FALSE,FALSE,FALSE,FALSE,
161,2025-10-31T09:21:47.745077,192.2,2025-10-31T09:21:47.944035,199.0,1761882707.842000,471,1,276,2025-10-31T09:21:47.945361,1.3,1761882706.779000,479,1,275,FALSE,FALSE,FALSE,FALSE,
162,2025-10-31T09:21:48.946571,193.4,2025-10-31T09:21:49.145845,199.3,1761882709.044000,473,1,277,2025-10-31T09:21:49.151593,5.7,1761882707.981000,481,1,276,FALSE,FALSE,FALSE,FALSE,
163,2025-10-31T09:21:50.152737,194.6,2025-10-31T09:21:50.347848,195.1,1761882710.246000,472,1,278,2025-10-31T09:21:50.349495,1.6,1761882709.184000,480,1,277,FALSE,FALSE,FALSE,FALSE,
164,2025-10-31T09:21:51.350822,195.8,2025-10-31T09:21:51.549651,198.8,1761882711.448000,475,2,"279,280",2025-10-31T09:21:51.551026,1.4,1761882710.387000,480,2,"278,279",TRUE,TRUE,FALSE,FALSE,"Multi-ICG:279,280;Multi-ECG:278,279"
165,2025-10-31T09:21:52.552309,197.0,2025-10-31T09:21:52.751945,199.6,1761882712.650000,474,1,281,2025-10-31T09:21:52.753374,1.4,1761882711.590000,479,1,280,FALSE,FALSE,FALSE,FALSE,
166,2025-10-31T09:21:53.754566,198.2,2025-10-31T09:21:53.953634,199.1,1761882713.852000,471,1,282,2025-10-31T09:21:53.955223,1.6,1761882712.791000,478,1,281,FALSE,FALSE,FALSE,FALSE,
167,2025-10-31T09:21:54.956820,199.4,2025-10-31T09:21:55.156412,199.6,1761882715.054000,472,1,283,2025-10-31T09:21:55.157905,1.5,1761882713.993000,480,1,282,FALSE,FALSE,FALSE,FALSE,
168,2025-10-31T09:21:56.159214,200.6,2025-10-31T09:21:56.358779,199.6,1761882716.256000,472,1,284,2025-10-31T09:21:56.360174,1.4,1761882715.195000,480,1,283,FALSE,FALSE,FALSE,FALSE,
169,2025-10-31T09:21:57.361338,201.8,2025-10-31T09:21:57.560858,199.5,1761882717.459000,472,2,"285,286",2025-10-31T09:21:57.562359,1.5,1761882716.397000,480,2,"284,285",TRUE,TRUE,FALSE,FALSE,"Multi-ICG:285,286;Multi-ECG:284,285"
170,2025-10-31T09:21:58.563617,203.0,2025-10-31T09:21:58.763680,200.1,1761882718.661000,473,1,287,2025-10-31T09:21:58.765036,1.4,1761882717.600000,480,1,286,FALSE,FALSE,FALSE,FALSE,
171,2025-10-31T09:21:59.766288,204.2,2025-10-31T09:21:59.967554,201.3,1761882719.864000,474,1,288,2025-10-31T09:21:59.975366,7.8,1761882718.802000,479,1,287,FALSE,FALSE,FALSE,FALSE,
172,2025-10-31T09:22:00.976907,205.4,2025-10-31T09:22:01.168431,191.5,1761882721.066000,470,1,289,2025-10-31T09:22:01.169719,1.3,1761882720.004000,480,1,288,FALSE,FALSE,FALSE,FALSE,
173,2025-10-31T09:22:02.170942,206.6,2025-10-31T09:22:02.370613,199.7,1761882722.269000,472,1,290,2025-10-31T09:22:02.372026,1.4,1761882721.207000,480,1,289,FALSE,FALSE,FALSE,FALSE,
174,2025-10-31T09:22:03.373186,207.8,2025-10-31T09:22:03.572361,199.2,1761882723.471000,474,2,"291,292",2025-10-31T09:22:03.573797,1.4,1761882722.409000,481,2,"290,291",TRUE,TRUE,FALSE,FALSE,"Multi-ICG:291,292;Multi-ECG:290,291"
175,2025-10-31T09:22:04.575229,209.0,2025-10-31T09:22:04.775059,199.8,1761882724.674000,472,1,293,2025-10-31T09:22:04.776390,1.3,1761882723.611000,479,1,292,FALSE,FALSE,FALSE,FALSE,
176,2025-10-31T09:22:05.777545,210.2,2025-10-31T09:22:05.977180,199.6,1761882725.875000,473,1,294,2025-10-31T09:22:05.978738,1.6,1761882724.812000,480,1,293,FALSE,FALSE,FALSE,FALSE,
177,2025-10-31T09:22:06.979901,211.5,2025-10-31T09:22:07.181067,201.2,1761882727.078000,472,1,295,2025-10-31T09:22:07.183471,2.4,1761882726.015000,479,1,294,FALSE,FALSE,FALSE,FALSE,
178,2025-10-31T09:22:08.185080,212.7,2025-10-31T09:22:08.383263,198.2,1761882728.281000,471,1,296,2025-10-31T09:22:08.384993,1.7,1761882727.218000,480,1,295,FALSE,FALSE,FALSE,FALSE,
179,2025-10-31T09:22:09.386634,213.9,2025-10-31T09:22:09.585302,198.7,1761882729.483000,473,2,"297,298",2025-10-31T09:22:09.587156,1.8,1761882728.420000,478,2,"296,297",TRUE,TRUE,FALSE,FALSE,"Multi-ICG:297,298;Multi-ECG:296,297"
180,2025-10-31T09:22:10.588434,215.1,2025-10-31T09:22:10.786871,198.4,1761882730.685000,473,1,299,2025-10-31T09:22:10.791662,4.8,1761882729.622000,479,1,298,FALSE,FALSE,FALSE,FALSE,
181,2025-10-31T09:22:11.792456,216.3,2025-10-31T09:22:12.076766,284.3,1761882731.887000,475,1,300,2025-10-31T09:22:12.077714,0.9,1761882730.824000,479,1,299,FALSE,FALSE,FALSE,FALSE,
182,2025-10-31T09:22:13.078510,217.6,2025-10-31T09:22:13.190152,111.6,1761882733.089000,476,1,301,2025-10-31T09:22:13.191251,1.1,1761882732.126000,521,1,300,FALSE,FALSE,FALSE,FALSE,
183,2025-10-31T09:22:14.192097,218.7,2025-10-31T09:22:14.392387,200.3,1761882734.291000,476,2,"302,303",2025-10-31T09:22:14.393179,0.8,1761882733.227000,441,1,301,TRUE,FALSE,FALSE,FALSE,"Multi-ICG:302,303"
184,2025-10-31T09:22:15.394087,219.9,2025-10-31T09:22:15.594883,200.8,1761882735.493000,475,1,304,2025-10-31T09:22:15.595820,0.9,1761882734.429000,482,2,"302,303",FALSE,TRUE,FALSE,FALSE,"Multi-ECG:302,303"
185,2025-10-31T09:22:16.596711,221.1,2025-10-31T09:22:16.798484,201.8,1761882736.696000,473,1,305,2025-10-31T09:22:16.800077,1.6,1761882735.630000,482,1,304,FALSE,FALSE,FALSE,FALSE,
186,2025-10-31T09:22:17.801204,222.3,2025-10-31T09:22:18.001475,200.3,1761882737.899000,471,1,306,2025-10-31T09:22:18.002830,1.3,1761882736.831000,480,1,305,FALSE,FALSE,FALSE,FALSE,
187,2025-10-31T09:22:19.003945,223.5,2025-10-31T09:22:19.204655,200.7,1761882739.102000,473,1,307,2025-10-31T09:22:19.206160,1.5,1761882738.033000,478,1,306,FALSE,FALSE,FALSE,FALSE,
188,2025-10-31T09:22:20.207293,224.7,2025-10-31T09:22:20.406714,199.4,1761882740.305000,475,2,"308,309",2025-10-31T09:22:20.408250,1.5,1761882739.236000,479,1,307,TRUE,FALSE,FALSE,FALSE,"Multi-ICG:308,309"
189,2025-10-31T09:22:21.409552,225.9,2025-10-31T09:22:21.609641,200.1,1761882741.507000,470,1,310,2025-10-31T09:22:21.610966,1.3,1761882740.437000,481,2,"308,309",FALSE,TRUE,FALSE,FALSE,"Multi-ECG:308,309"
190,2025-10-31T09:22:22.612248,227.1,2025-10-31T09:22:22.816774,204.5,1761882742.710000,470,1,311,2025-10-31T09:22:22.818261,1.5,1761882741.639000,479,1,310,FALSE,FALSE,FALSE,FALSE,
191,2025-10-31T09:22:23.819381,228.3,2025-10-31T09:22:24.015364,196.0,1761882743.913000,469,1,312,2025-10-31T09:22:24.016898,1.5,1761882742.841000,479,1,311,FALSE,FALSE,FALSE,FALSE,
192,2025-10-31T09:22:25.018095,229.5,2025-10-31T09:22:25.218823,200.7,1761882745.116000,474,1,313,2025-10-31T09:22:25.220636,1.8,1761882744.043000,479,1,312,FALSE,FALSE,FALSE,FALSE,
193,2025-10-31T09:22:26.221766,230.7,2025-10-31T09:22:26.420918,199.2,1761882746.319000,473,2,"314,315",2025-10-31T09:22:26.422465,1.5,1761882745.245000,480,1,313,TRUE,FALSE,FALSE,FALSE,"Multi-ICG:314,315"
194,2025-10-31T09:22:27.423772,231.9,2025-10-31T09:22:27.623519,199.7,1761882747.522000,474,1,316,2025-10-31T09:22:27.624823,1.3,1761882746.447000,480,2,"314,315",FALSE,TRUE,FALSE,FALSE,"Multi-ECG:314,315"
195,2025-10-31T09:22:28.626140,233.1,2025-10-31T09:22:28.729317,103.2,1761882748.627000,435,1,317,2025-10-31T09:22:28.730784,1.5,1761882747.649000,480,1,316,FALSE,FALSE,FALSE,FALSE,
196,2025-10-31T09:22:29.731869,234.2,2025-10-31T09:22:29.931173,199.3,1761882749.830000,470,1,318,2025-10-31T09:22:29.932551,1.4,1761882748.751000,440,1,317,FALSE,FALSE,FALSE,FALSE,
197,2025-10-31T09:22:30.933756,235.4,2025-10-31T09:22:31.134680,200.9,1761882751.032000,471,1,319,2025-10-31T09:22:31.136455,1.8,1761882749.953000,480,1,318,FALSE,FALSE,FALSE,FALSE,
198,2025-10-31T09:22:32.137622,236.6,2025-10-31T09:22:32.336911,199.3,1761882752.234000,472,1,320,2025-10-31T09:22:32.343069,6.2,1761882751.154000,480,1,319,FALSE,FALSE,FALSE,FALSE,
199,2025-10-31T09:22:33.344332,237.8,2025-10-31T09:22:33.539729,195.4,1761882753.437000,471,2,"321,322",2025-10-31T09:22:33.541199,1.5,1761882752.356000,479,2,"320,321",TRUE,TRUE,FALSE,FALSE,"Multi-ICG:321,322;Multi-ECG:320,321"
200,2025-10-31T09:22:34.542545,239.0,2025-10-31T09:22:34.742266,199.7,1761882754.640000,472,1,323,2025-10-31T09:22:34.743708,1.4,1761882753.558000,480,1,322,FALSE,FALSE,FALSE,FALSE,
201,2025-10-31T09:22:35.744855,240.2,2025-10-31T09:22:35.944884,200.0,1761882755.842000,471,1,324,2025-10-31T09:22:35.946497,1.6,1761882754.760000,480,1,323,FALSE,FALSE,FALSE,FALSE,
202,2025-10-31T09:22:36.947862,241.4,2025-10-31T09:22:37.148894,201.0,1761882757.045000,472,1,325,2025-10-31T09:22:37.150634,1.7,1761882755.962000,480,1,324,FALSE,FALSE,FALSE,FALSE,
203,2025-10-31T09:22:38.151821,242.6,2025-10-31T09:22:38.352041,200.2,1761882758.249000,472,1,326,2025-10-31T09:22:38.353443,1.4,1761882757.164000,479,1,325,FALSE,FALSE,FALSE,FALSE,
204,2025-10-31T09:22:39.354634,243.8,2025-10-31T09:22:39.554412,199.8,1761882759.452000,473,2,"327,328",2025-10-31T09:22:39.556353,1.9,1761882758.366000,482,2,"326,327",TRUE,TRUE,FALSE,FALSE,"Multi-ICG:327,328;Multi-ECG:326,327"
205,2025-10-31T09:22:40.557609,245.0,2025-10-31T09:22:40.756656,199.0,1761882760.654000,470,1,329,2025-10-31T09:22:40.758290,1.6,1761882759.568000,478,1,328,FALSE,FALSE,FALSE,FALSE,
206,2025-10-31T09:22:41.759509,246.2,2025-10-31T09:22:41.959312,199.8,1761882761.857000,470,1,330,2025-10-31T09:22:41.960858,1.5,1761882760.769000,480,1,329,FALSE,FALSE,FALSE,FALSE,
207,2025-10-31T09:22:42.962150,247.4,2025-10-31T09:22:43.162733,200.6,1761882763.059000,470,1,331,2025-10-31T09:22:43.168206,5.5,1761882761.971000,480,1,330,FALSE,FALSE,FALSE,FALSE,
208,2025-10-31T09:22:44.169320,248.6,2025-10-31T09:22:44.365426,196.1,1761882764.263000,473,1,332,2025-10-31T09:22:44.366963,1.5,1761882763.172000,480,1,331,FALSE,FALSE,FALSE,FALSE,
209,2025-10-31T09:22:45.368239,249.8,2025-10-31T09:22:45.568062,199.8,1761882765.465000,471,2,"333,334",2025-10-31T09:22:45.569593,1.5,1761882764.375000,481,2,"332,333",TRUE,TRUE,FALSE,FALSE,"Multi-ICG:333,334;Multi-ECG:332,333"
210,2025-10-31T09:22:46.571003,251.0,2025-10-31T09:22:46.770896,199.9,1761882766.668000,474,1,335,2025-10-31T09:22:46.772412,1.5,1761882765.577000,479,1,334,FALSE,FALSE,FALSE,FALSE,
211,2025-10-31T09:22:47.773604,252.2,2025-10-31T09:22:47.973771,200.2,1761882767.872000,470,1,336,2025-10-31T09:22:47.975214,1.4,1761882766.780000,479,1,335,FALSE,FALSE,FALSE,FALSE,
212,2025-10-31T09:22:48.976469,253.4,2025-10-31T09:22:49.176166,199.7,1761882769.074000,475,1,337,2025-10-31T09:22:49.177556,1.4,1761882767.983000,480,1,336,FALSE,FALSE,FALSE,FALSE,
213,2025-10-31T09:22:50.178821,254.7,2025-10-31T09:22:50.379094,200.3,1761882770.276000,472,1,338,2025-10-31T09:22:50.380755,1.7,1761882769.185000,480,1,337,FALSE,FALSE,FALSE,FALSE,
214,2025-10-31T09:22:51.382160,255.9,2025-10-31T09:22:51.581433,199.3,1761882771.479000,474,2,"339,340",2025-10-31T09:22:51.582782,1.3,1761882770.388000,482,2,"338,339",TRUE,TRUE,FALSE,FALSE,"Multi-ICG:339,340;Multi-ECG:338,339"
215,2025-10-31T09:22:52.584064,257.1,2025-10-31T09:22:52.785539,201.5,1761882772.682000,472,1,341,2025-10-31T09:22:52.787088,1.5,1761882771.590000,479,1,340,FALSE,FALSE,FALSE,FALSE,
216,2025-10-31T09:22:53.788225,258.3,2025-10-31T09:22:53.988373,200.2,1761882773.886000,473,1,342,2025-10-31T09:22:53.994278,5.9,1761882772.793000,480,1,341,FALSE,FALSE,FALSE,FALSE,
217,2025-10-31T09:22:54.995506,259.5,2025-10-31T09:22:55.191531,196.0,1761882775.089000,472,1,343,2025-10-31T09:22:55.193031,1.5,1761882773.995000,479,1,342,FALSE,FALSE,FALSE,FALSE,
218,2025-10-31T09:22:56.194242,260.7,2025-10-31T09:22:56.394518,200.5,1761882776.292000,473,1,344,2025-10-31T09:22:56.396616,1.9,1761882775.198000,481,1,343,FALSE,FALSE,FALSE,FALSE,
219,2025-10-31T09:22:57.398231,261.9,2025-10-31T09:22:57.597332,199.1,1761882777.494000,474,2,"345,346",2025-10-31T09:22:57.599092,1.8,1761882776.401000,481,2,"344,345",TRUE,TRUE,FALSE,FALSE,"Multi-ICG:345,346;Multi-ECG:344,345"
220,2025-10-31T09:22:58.600972,263.1,2025-10-31T09:22:58.799528,198.6,1761882778.697000,472,1,347,2025-10-31T09:22:58.800936,1.4,1761882777.603000,479,1,346,FALSE,FALSE,FALSE,FALSE,
221,2025-10-31T09:22:59.802119,264.3,2025-10-31T09:23:00.001804,199.7,1761882779.900000,472,1,348,2025-10-31T09:23:00.003329,1.5,1761882778.806000,478,1,347,FALSE,FALSE,FALSE,FALSE,
222,2025-10-31T09:23:01.004501,265.5,2025-10-31T09:23:01.205616,201.1,1761882781.104000,473,1,349,2025-10-31T09:23:01.206997,1.4,1761882780.008000,479,1,348,FALSE,FALSE,FALSE,FALSE,
223,2025-10-31T09:23:02.208231,266.7,2025-10-31T09:23:02.407710,199.5,1761882782.306000,472,1,350,2025-10-31T09:23:02.409200,1.5,1761882781.211000,480,1,349,FALSE,FALSE,FALSE,FALSE,
224,2025-10-31T09:23:03.410447,267.9,2025-10-31T09:23:03.609727,199.3,1761882783.508000,472,2,"351,352",2025-10-31T09:23:03.611357,1.6,1761882782.412000,481,2,"350,351",TRUE,TRUE,FALSE,FALSE,"Multi-ICG:351,352;Multi-ECG:350,351"
225,2025-10-31T09:23:04.612729,269.1,2025-10-31T09:23:04.816850,204.1,1761882784.711000,471,1,353,2025-10-31T09:23:04.818319,1.5,1761882783.614000,481,1,352,FALSE,FALSE,FALSE,FALSE,
226,2025-10-31T09:23:05.819456,270.3,2025-10-31T09:23:06.015742,196.3,1761882785.914000,471,1,354,2025-10-31T09:23:06.017287,1.5,1761882784.917000,521,1,353,FALSE,FALSE,FALSE,FALSE,
227,2025-10-31T09:23:07.018551,271.5,2025-10-31T09:23:07.218065,199.5,1761882787.116000,472,1,355,2025-10-31T09:23:07.219253,1.2,1761882786.019000,439,1,354,FALSE,FALSE,FALSE,FALSE,
228,2025-10-31T09:23:08.220383,272.7,2025-10-31T09:23:08.419876,199.5,1761882788.318000,472,2,"356,357",2025-10-31T09:23:08.421429,1.5,1761882787.221000,478,1,355,TRUE,FALSE,FALSE,FALSE,"Multi-ICG:356,357"
229,2025-10-31T09:23:09.423083,273.9,2025-10-31T09:23:09.621545,198.5,1761882789.520000,470,1,358,2025-10-31T09:23:09.623157,1.6,1761882788.423000,480,2,"356,357",FALSE,TRUE,FALSE,FALSE,"Multi-ECG:356,357"
230,2025-10-31T09:23:10.624467,275.1,2025-10-31T09:23:10.823459,199.0,1761882790.722000,471,1,359,2025-10-31T09:23:10.824780,1.3,1761882789.625000,480,1,358,FALSE,FALSE,FALSE,FALSE,
231,2025-10-31T09:23:11.825977,276.3,2025-10-31T09:23:12.027461,201.5,1761882791.925000,470,1,360,2025-10-31T09:23:12.028996,1.5,1761882790.826000,480,1,359,FALSE,FALSE,FALSE,FALSE,
232,2025-10-31T09:23:13.030162,277.5,2025-10-31T09:23:13.231138,201.0,1761882793.128000,473,1,361,2025-10-31T09:23:13.233227,2.1,1761882792.028000,480,1,360,FALSE,FALSE,FALSE,FALSE,
233,2025-10-31T09:23:14.234834,278.7,2025-10-31T09:23:14.433469,198.6,1761882794.331000,472,2,"362,363",2025-10-31T09:23:14.434931,1.5,1761882793.331000,520,2,"361,362",TRUE,TRUE,FALSE,FALSE,"Multi-ICG:362,363;Multi-ECG:361,362"
234,2025-10-31T09:23:15.436365,279.9,2025-10-31T09:23:15.640085,203.7,1761882795.533000,470,1,364,2025-10-31T09:23:15.641681,1.6,1761882794.533000,479,1,363,FALSE,FALSE,FALSE,FALSE,
235,2025-10-31T09:23:16.642902,281.1,2025-10-31T09:23:16.838618,195.7,1761882796.736000,469,1,365,2025-10-31T09:23:16.840222,1.6,1761882795.735000,479,1,364,FALSE,FALSE,FALSE,FALSE,
236,2025-10-31T09:23:17.841409,282.3,2025-10-31T09:23:18.041846,200.4,1761882797.940000,474,1,366,2025-10-31T09:23:18.043314,1.5,1761882796.936000,479,1,365,FALSE,FALSE,FALSE,FALSE,
237,2025-10-31T09:23:19.044457,283.5,2025-10-31T09:23:19.246151,201.7,1761882799.144000,474,1,367,2025-10-31T09:23:19.247647,1.5,1761882798.140000,479,1,366,FALSE,FALSE,FALSE,FALSE,
238,2025-10-31T09:23:20.248806,284.7,2025-10-31T09:23:20.448777,200.0,1761882800.346000,474,2,"368,369",2025-10-31T09:23:20.450291,1.5,1761882799.342000,479,2,"367,368",TRUE,TRUE,FALSE,FALSE,"Multi-ICG:368,369;Multi-ECG:367,368"
239,2025-10-31T09:23:21.451698,285.9,2025-10-31T09:23:21.652670,201.0,1761882801.550000,473,1,370,2025-10-31T09:23:21.654232,1.6,1761882800.545000,479,1,369,FALSE,FALSE,FALSE,FALSE,
240,2025-10-31T09:23:22.655479,287.1,2025-10-31T09:23:22.855846,200.4,1761882802.753000,473,1,371,2025-10-31T09:23:22.857362,1.5,1761882801.747000,480,1,370,FALSE,FALSE,FALSE,FALSE,
241,2025-10-31T09:23:23.858548,288.3,2025-10-31T09:23:24.059732,201.2,1761882803.956000,473,1,372,2025-10-31T09:23:24.061121,1.4,1761882802.949000,479,1,371,FALSE,FALSE,FALSE,FALSE,
242,2025-10-31T09:23:25.062311,289.5,2025-10-31T09:23:25.263075,200.8,1761882805.160000,472,1,373,2025-10-31T09:23:25.271169,8.1,1761882804.150000,479,1,372,FALSE,FALSE,FALSE,FALSE,
243,2025-10-31T09:23:26.272764,290.7,2025-10-31T09:23:26.464506,191.7,1761882806.363000,473,2,"374,375",2025-10-31T09:23:26.466076,1.6,1761882805.352000,480,2,"373,374",TRUE,TRUE,FALSE,FALSE,"Multi-ICG:374,375;Multi-ECG:373,374"
244,2025-10-31T09:23:27.467411,291.9,2025-10-31T09:23:27.666525,199.1,1761882807.565000,472,1,376,2025-10-31T09:23:27.667852,1.3,1761882806.554000,479,1,375,FALSE,FALSE,FALSE,FALSE,
245,2025-10-31T09:23:28.668992,293.1,2025-10-31T09:23:28.868685,199.7,1761882808.767000,470,1,377,2025-10-31T09:23:28.870205,1.5,1761882807.756000,478,1,376,FALSE,FALSE,FALSE,FALSE,
246,2025-10-31T09:23:29.871355,294.3,2025-10-31T09:23:30.071367,200.0,1761882809.968000,472,1,378,2025-10-31T09:23:30.073327,2.0,1761882808.959000,480,1,377,FALSE,FALSE,FALSE,FALSE,
247,2025-10-31T09:23:31.074529,295.5,2025-10-31T09:23:31.274487,200.0,1761882811.172000,471,1,379,2025-10-31T09:23:31.275965,1.5,1761882810.160000,480,1,378,FALSE,FALSE,FALSE,FALSE,
248,2025-10-31T09:23:32.277121,296.7,2025-10-31T09:23:32.476910,199.8,1761882812.375000,472,2,"380,381",2025-10-31T09:23:32.478901,2.0,1761882811.363000,481,2,"379,380",TRUE,TRUE,FALSE,FALSE,"Multi-ICG:380,381;Multi-ECG:379,380"
249,2025-10-31T09:23:33.480515,298.0,2025-10-31T09:23:33.679778,199.3,1761882813.577000,470,1,382,2025-10-31T09:23:33.681129,1.3,1761882812.564000,479,1,381,FALSE,FALSE,FALSE,FALSE,
250,2025-10-31T09:23:34.682424,299.2,2025-10-31T09:23:34.882417,200.0,1761882814.780000,473,1,383,2025-10-31T09:23:34.883907,1.5,1761882813.767000,478,1,382,FALSE,FALSE,FALSE,FALSE,
251,2025-10-31T09:23:35.885110,300.4,2025-10-31T09:23:36.084286,199.2,1761882815.983000,472,1,384,2025-10-31T09:23:36.090060,5.8,1761882814.969000,479,1,383,FALSE,FALSE,FALSE,FALSE,
252,2025-10-31T09:23:37.091705,301.6,2025-10-31T09:23:37.286428,194.7,1761882817.184000,473,1,385,2025-10-31T09:23:37.287731,1.3,1761882816.171000,478,1,384,FALSE,FALSE,FALSE,FALSE,
253,2025-10-31T09:23:38.288916,302.8,2025-10-31T09:23:38.488373,199.5,1761882818.387000,474,2,"386,387",2025-10-31T09:23:38.489915,1.6,1761882817.375000,481,2,"385,386",TRUE,TRUE,FALSE,FALSE,"Multi-ICG:386,387;Multi-ECG:385,386"
254,2025-10-31T09:23:39.491241,304.0,2025-10-31T09:23:39.690253,199.0,1761882819.588000,471,1,388,2025-10-31T09:23:39.691793,1.5,1761882818.578000,480,1,387,FALSE,FALSE,FALSE,FALSE,
255,2025-10-31T09:23:40.692949,305.2,2025-10-31T09:23:40.892460,199.5,1761882820.791000,471,1,389,2025-10-31T09:23:40.893762,1.3,1761882819.780000,480,1,388,FALSE,FALSE,FALSE,FALSE,
256,2025-10-31T09:23:41.895020,306.4,2025-10-31T09:23:42.095145,200.1,1761882821.993000,472,1,390,2025-10-31T09:23:42.096644,1.5,1761882820.982000,481,1,389,FALSE,FALSE,FALSE,FALSE,
257,2025-10-31T09:23:43.097783,307.6,2025-10-31T09:23:43.297055,199.3,1761882823.195000,471,1,391,2025-10-31T09:23:43.298753,1.7,1761882822.184000,481,1,390,FALSE,FALSE,FALSE,FALSE,
258,2025-10-31T09:23:44.300026,308.8,2025-10-31T09:23:44.499546,199.5,1761882824.397000,471,2,"392,393",2025-10-31T09:23:44.501098,1.5,1761882823.387000,482,2,"391,392",TRUE,TRUE,FALSE,FALSE,"Multi-ICG:392,393;Multi-ECG:391,392"
259,2025-10-31T09:23:45.502553,310.0,2025-10-31T09:23:45.701788,199.2,1761882825.599000,472,1,394,2025-10-31T09:23:45.703470,1.7,1761882824.589000,479,1,393,FALSE,FALSE,FALSE,FALSE,
260,2025-10-31T09:23:46.704597,311.2,2025-10-31T09:23:46.910384,205.8,1761882826.804000,473,1,395,2025-10-31T09:23:46.911704,1.3,1761882825.793000,480,1,394,FALSE,FALSE,FALSE,FALSE,
261,2025-10-31T09:23:47.912831,312.4,2025-10-31T09:23:48.108475,195.6,1761882828.006000,472,1,396,2025-10-31T09:23:48.110323,1.8,1761882826.995000,479,1,395,FALSE,FALSE,FALSE,FALSE,
262,2025-10-31T09:23:49.111721,313.6,2025-10-31T09:23:49.310176,198.5,1761882829.208000,472,1,397,2025-10-31T09:23:49.311640,1.5,1761882828.199000,480,1,396,FALSE,FALSE,FALSE,FALSE,
263,2025-10-31T09:23:50.312794,314.8,2025-10-31T09:23:50.512709,199.9,1761882830.411000,473,2,"398,399",2025-10-31T09:23:50.514383,1.7,1761882829.401000,480,2,"397,398",TRUE,TRUE,FALSE,FALSE,"Multi-ICG:398,399;Multi-ECG:397,398"
264,2025-10-31T09:23:51.516175,316.0,2025-10-31T09:23:51.717060,200.9,1761882831.613000,474,1,400,2025-10-31T09:23:51.718631,1.6,1761882830.604000,480,1,399,FALSE,FALSE,FALSE,FALSE,
265,2025-10-31T09:23:52.719766,317.2,2025-10-31T09:23:52.921052,201.3,1761882832.818000,473,1,401,2025-10-31T09:23:52.923196,2.1,1761882831.805000,479,1,400,FALSE,FALSE,FALSE,FALSE,
266,2025-10-31T09:23:53.924794,318.4,2025-10-31T09:23:54.124142,199.3,1761882834.021000,473,1,402,2025-10-31T09:23:54.125450,1.3,1761882833.007000,480,1,401,FALSE,FALSE,FALSE,FALSE,
267,2025-10-31T09:23:55.126613,319.6,2025-10-31T09:23:55.326502,199.9,1761882835.224000,472,1,403,2025-10-31T09:23:55.327958,1.4,1761882834.209000,479,1,402,FALSE,FALSE,FALSE,FALSE,
268,2025-10-31T09:23:56.329170,320.8,2025-10-31T09:23:56.529753,200.6,1761882836.426000,472,2,"404,405",2025-10-31T09:23:56.531225,1.5,1761882835.412000,481,2,"403,404",TRUE,TRUE,FALSE,FALSE,"Multi-ICG:404,405;Multi-ECG:403,404"
269,2025-10-31T09:23:57.532520,322.0,2025-10-31T09:23:57.736723,204.2,1761882837.629000,472,1,406,2025-10-31T09:23:57.738348,1.6,1761882836.614000,478,1,405,FALSE,FALSE,FALSE,FALSE,
270,2025-10-31T09:23:58.739459,323.2,2025-10-31T09:23:58.935053,195.6,1761882838.833000,472,1,407,2025-10-31T09:23:58.936550,1.5,1761882837.817000,479,1,406,FALSE,FALSE,FALSE,FALSE,
271,2025-10-31T09:23:59.937679,324.4,2025-10-31T09:24:00.137086,199.4,1761882840.035000,474,1,408,2025-10-31T09:24:00.138456,1.4,1761882839.019000,479,1,407,FALSE,FALSE,FALSE,FALSE,
272,2025-10-31T09:24:01.139624,325.6,2025-10-31T09:24:01.339200,199.6,1761882841.237000,473,1,409,2025-10-31T09:24:01.340812,1.6,1761882840.221000,479,1,408,FALSE,FALSE,FALSE,FALSE,
273,2025-10-31T09:24:02.342131,326.8,2025-10-31T09:24:02.541336,199.2,1761882842.439000,475,2,"410,411",2025-10-31T09:24:02.542957,1.6,1761882841.423000,481,2,"409,410",TRUE,TRUE,FALSE,FALSE,"Multi-ICG:410,411;Multi-ECG:409,410"
274,2025-10-31T09:24:03.544224,328.0,2025-10-31T09:24:03.744380,200.2,1761882843.642000,472,1,412,2025-10-31T09:24:03.745737,1.3,1761882842.625000,479,1,411,FALSE,FALSE,FALSE,FALSE,
275,2025-10-31T09:24:04.746936,329.2,2025-10-31T09:24:04.946729,199.8,1761882844.844000,471,1,413,2025-10-31T09:24:04.948199,1.5,1761882843.828000,481,1,412,FALSE,FALSE,FALSE,FALSE,
276,2025-10-31T09:24:05.949360,330.4,2025-10-31T09:24:06.148520,199.2,1761882846.047000,472,1,414,2025-10-31T09:24:06.150162,1.6,1761882845.030000,479,1,413,FALSE,FALSE,FALSE,FALSE,
277,2025-10-31T09:24:07.151359,331.6,2025-10-31T09:24:07.351463,200.1,1761882847.249000,474,1,415,2025-10-31T09:24:07.353181,1.7,1761882846.232000,479,1,414,FALSE,FALSE,FALSE,FALSE,
278,2025-10-31T09:24:08.354760,332.8,2025-10-31T09:24:08.557201,202.4,1761882848.451000,473,2,"416,417",2025-10-31T09:24:08.691750,134.5,1761882847.434000,480,2,"415,416",TRUE,TRUE,FALSE,FALSE,"Multi-ICG:416,417;Multi-ECG:415,416"
279,2025-10-31T09:24:09.692654,334.2,2025-10-31T09:24:09.854097,161.4,1761882849.753000,514,1,418,2025-10-31T09:24:09.854948,0.8,1761882848.637000,479,1,417,FALSE,FALSE,FALSE,FALSE,
280,2025-10-31T09:24:10.855728,335.3,2025-10-31T09:24:11.055418,199.7,1761882850.954000,474,1,419,2025-10-31T09:24:11.056479,1.1,1761882849.938000,520,1,418,FALSE,FALSE,FALSE,FALSE,
281,2025-10-31T09:24:12.057275,336.5,2025-10-31T09:24:12.256606,199.3,1761882852.155000,477,1,420,2025-10-31T09:24:12.257589,1.0,1761882851.139000,479,1,419,FALSE,FALSE,FALSE,FALSE,
282,2025-10-31T09:24:13.258449,337.7,2025-10-31T09:24:13.459322,200.9,1761882853.358000,477,2,"421,422",2025-10-31T09:24:13.460220,0.9,1761882852.341000,481,2,"420,421",TRUE,TRUE,FALSE,FALSE,"Multi-ICG:421,422;Multi-ECG:420,421"
283,2025-10-31T09:24:14.461142,338.9,2025-10-31T09:24:14.661576,200.4,1761882854.560000,469,1,423,2025-10-31T09:24:14.663102,1.5,1761882853.542000,482,1,422,FALSE,FALSE,FALSE,FALSE,
284,2025-10-31T09:24:15.664276,340.1,2025-10-31T09:24:15.863999,199.7,1761882855.762000,470,1,424,2025-10-31T09:24:15.865504,1.5,1761882854.745000,479,1,423,FALSE,FALSE,FALSE,FALSE,
285,2025-10-31T09:24:16.866698,341.3,2025-10-31T09:24:17.067914,201.2,1761882856.964000,471,1,425,2025-10-31T09:24:17.069501,1.6,1761882855.948000,479,1,424,FALSE,FALSE,FALSE,FALSE,
286,2025-10-31T09:24:18.070832,342.5,2025-10-31T09:24:18.270106,199.3,1761882858.168000,473,1,426,2025-10-31T09:24:18.271594,1.5,1761882857.150000,478,1,425,FALSE,FALSE,FALSE,FALSE,
287,2025-10-31T09:24:19.272748,343.7,2025-10-31T09:24:19.476919,204.2,1761882859.370000,473,2,"427,428",2025-10-31T09:24:19.478403,1.5,1761882858.352000,481,2,"426,427",TRUE,TRUE,FALSE,FALSE,"Multi-ICG:427,428;Multi-ECG:426,427"
288,2025-10-31T09:24:20.479805,345.0,2025-10-31T09:24:20.675200,195.4,1761882860.573000,471,1,429,2025-10-31T09:24:20.676638,1.4,1761882859.553000,479,1,428,FALSE,FALSE,FALSE,FALSE,
289,2025-10-31T09:24:21.677749,346.1,2025-10-31T09:24:21.877906,200.2,1761882861.775000,470,1,430,2025-10-31T09:24:21.879465,1.5,1761882860.756000,479,1,429,FALSE,FALSE,FALSE,FALSE,
290,2025-10-31T09:24:22.880522,347.4,2025-10-31T09:24:23.081049,200.5,1761882862.979000,471,1,431,2025-10-31T09:24:23.082471,1.4,1761882861.957000,479,1,430,FALSE,FALSE,FALSE,FALSE,
291,2025-10-31T09:24:24.083572,348.6,2025-10-31T09:24:24.284427,200.9,1761882864.182000,471,1,432,2025-10-31T09:24:24.285883,1.4,1761882863.160000,479,1,431,FALSE,FALSE,FALSE,FALSE,
292,2025-10-31T09:24:25.287102,349.8,2025-10-31T09:24:25.487467,200.4,1761882865.384000,473,2,"433,434",2025-10-31T09:24:25.488991,1.5,1761882864.361000,478,2,"432,433",TRUE,TRUE,FALSE,FALSE,"Multi-ICG:433,434;Multi-ECG:432,433"
293,2025-10-31T09:24:26.490410,351.0,2025-10-31T09:24:26.692183,201.8,1761882866.590000,471,1,435,2025-10-31T09:24:26.693498,1.3,1761882865.562000,480,1,434,FALSE,FALSE,FALSE,FALSE,
294,2025-10-31T09:24:27.694699,352.2,2025-10-31T09:24:27.893824,199.1,1761882867.792000,470,1,436,2025-10-31T09:24:27.895488,1.7,1761882866.765000,480,1,435,FALSE,FALSE,FALSE,FALSE,
295,2025-10-31T09:24:28.896833,353.4,2025-10-31T09:24:29.095488,198.7,1761882868.994000,470,1,437,2025-10-31T09:24:29.097092,1.6,1761882867.967000,480,1,436,FALSE,FALSE,FALSE,FALSE,
296,2025-10-31T09:24:30.098300,354.6,2025-10-31T09:24:30.301642,203.3,1761882870.196000,473,1,438,2025-10-31T09:24:30.303279,1.6,1761882869.169000,479,1,437,FALSE,FALSE,FALSE,FALSE,
297,2025-10-31T09:24:31.304388,355.8,2025-10-31T09:24:31.499268,194.9,1761882871.398000,472,2,"439,440",2025-10-31T09:24:31.500762,1.5,1761882870.370000,479,2,"438,439",TRUE,TRUE,FALSE,FALSE,"Multi-ICG:439,440;Multi-ECG:438,439"
298,2025-10-31T09:24:32.502390,357.0,2025-10-31T09:24:32.702329,199.9,1761882872.599000,470,1,441,2025-10-31T09:24:32.704263,1.9,1761882871.572000,479,1,440,FALSE,FALSE,FALSE,FALSE,
299,2025-10-31T09:24:33.705765,358.2,2025-10-31T09:24:33.903955,198.2,1761882873.802000,472,1,442,2025-10-31T09:24:33.905385,1.4,1761882872.774000,480,1,441,FALSE,FALSE,FALSE,FALSE,
300,2025-10-31T09:24:34.906581,359.4,2025-10-31T09:24:35.107071,200.5,1761882875.005000,469,1,443,2025-10-31T09:24:35.108656,1.6,1761882873.977000,480,1,442,FALSE,FALSE,FALSE,FALSE,
301,2025-10-31T09:24:36.109816,360.6,2025-10-31T09:24:36.310225,200.4,1761882876.207000,471,1,444,2025-10-31T09:24:36.311575,1.3,1761882875.179000,479,1,443,FALSE,FALSE,FALSE,FALSE,
302,2025-10-31T09:24:37.313001,361.8,2025-10-31T09:24:37.514030,201.0,1761882877.411000,473,2,"445,446",2025-10-31T09:24:37.515745,1.7,1761882876.381000,479,2,"444,445",TRUE,TRUE,FALSE,FALSE,"Multi-ICG:445,446;Multi-ECG:444,445"
303,2025-10-31T09:24:38.517435,363.0,2025-10-31T09:24:38.716302,198.9,1761882878.614000,475,1,447,2025-10-31T09:24:38.717790,1.5,1761882877.582000,479,1,446,FALSE,FALSE,FALSE,FALSE,
304,2025-10-31T09:24:39.719028,364.2,2025-10-31T09:24:39.918229,199.2,1761882879.816000,472,1,448,2025-10-31T09:24:39.919571,1.3,1761882878.785000,480,1,447,FALSE,FALSE,FALSE,FALSE,
305,2025-10-31T09:24:40.920714,365.4,2025-10-31T09:24:41.124331,203.6,1761882881.019000,471,1,449,2025-10-31T09:24:41.126043,1.7,1761882879.987000,479,1,448,FALSE,FALSE,FALSE,FALSE,
306,2025-10-31T09:24:42.127312,366.6,2025-10-31T09:24:42.321771,194.5,1761882882.220000,473,1,450,2025-10-31T09:24:42.323361,1.6,1761882881.189000,480,1,449,FALSE,FALSE,FALSE,FALSE,
307,2025-10-31T09:24:43.324515,367.8,2025-10-31T09:24:43.525077,200.6,1761882883.423000,473,2,"451,452",2025-10-31T09:24:43.526842,1.8,1761882882.390000,480,2,"450,451",TRUE,TRUE,FALSE,FALSE,"Multi-ICG:451,452;Multi-ECG:450,451"
308,2025-10-31T09:24:44.528650,369.0,2025-10-31T09:24:44.726728,198.1,1761882884.625000,472,1,453,2025-10-31T09:24:44.728392,1.7,1761882883.593000,480,1,452,FALSE,FALSE,FALSE,FALSE,
309,2025-10-31T09:24:45.729626,370.2,2025-10-31T09:24:45.928675,199.0,1761882885.827000,471,1,454,2025-10-31T09:24:45.930093,1.4,1761882884.795000,479,1,453,FALSE,FALSE,FALSE,FALSE,
310,2025-10-31T09:24:46.931221,371.4,2025-10-31T09:24:47.130904,199.7,1761882887.029000,470,1,455,2025-10-31T09:24:47.132414,1.5,1761882885.998000,480,1,454,FALSE,FALSE,FALSE,FALSE,
311,2025-10-31T09:24:48.133584,372.6,2025-10-31T09:24:48.333726,200.1,1761882888.232000,474,1,456,2025-10-31T09:24:48.335921,2.2,1761882887.200000,479,1,455,FALSE,FALSE,FALSE,FALSE,
312,2025-10-31T09:24:49.337473,373.8,2025-10-31T09:24:49.534977,197.5,1761882889.433000,472,2,"457,458",2025-10-31T09:24:49.536399,1.4,1761882888.402000,479,2,"456,457",TRUE,TRUE,FALSE,FALSE,"Multi-ICG:457,458;Multi-ECG:456,457"
313,2025-10-31T09:24:50.537735,375.0,2025-10-31T09:24:50.736972,199.2,1761882890.635000,472,1,459,2025-10-31T09:24:50.742920,5.9,1761882889.605000,480,1,458,FALSE,FALSE,FALSE,FALSE,
314,2025-10-31T09:24:51.744074,376.2,2025-10-31T09:24:51.938640,194.6,1761882891.837000,471,1,460,2025-10-31T09:24:51.940171,1.5,1761882890.807000,481,1,459,FALSE,FALSE,FALSE,FALSE,
315,2025-10-31T09:24:52.941358,377.4,2025-10-31T09:24:53.140953,199.6,1761882893.039000,470,1,461,2025-10-31T09:24:53.142535,1.6,1761882892.009000,477,1,460,FALSE,FALSE,FALSE,FALSE,
316,2025-10-31T09:24:54.143791,378.6,2025-10-31T09:24:54.342951,199.2,1761882894.241000,473,1,462,2025-10-31T09:24:54.344462,1.5,1761882893.211000,479,1,461,FALSE,FALSE,FALSE,FALSE,
317,2025-10-31T09:24:55.345719,379.8,2025-10-31T09:24:55.545414,199.7,1761882895.444000,473,2,"463,464",2025-10-31T09:24:55.547099,1.7,1761882894.413000,480,2,"462,463",TRUE,TRUE,FALSE,FALSE,"Multi-ICG:463,464;Multi-ECG:462,463"
318,2025-10-31T09:24:56.548502,381.0,2025-10-31T09:24:56.748019,199.5,1761882896.645000,472,1,465,2025-10-31T09:24:56.749594,1.6,1761882895.614000,479,1,464,FALSE,FALSE,FALSE,FALSE,
319,2025-10-31T09:24:57.750831,382.2,2025-10-31T09:24:57.950781,199.9,1761882897.849000,473,1,466,2025-10-31T09:24:57.952358,1.6,1761882896.816000,481,1,465,FALSE,FALSE,FALSE,FALSE,
320,2025-10-31T09:24:58.953555,383.4,2025-10-31T09:24:59.154710,201.3,1761882899.051000,472,1,467,2025-10-31T09:24:59.156917,2.0,1761882898.018000,478,1,466,FALSE,FALSE,FALSE,FALSE,
321,2025-10-31T09:25:00.158877,384.6,2025-10-31T09:25:00.356766,197.9,1761882900.254000,471,1,468,2025-10-31T09:25:00.358428,1.7,1761882899.221000,480,1,467,FALSE,FALSE,FALSE,FALSE,
322,2025-10-31T09:25:01.359576,385.8,2025-10-31T09:25:01.559234,199.7,1761882901.457000,473,2,"469,470",2025-10-31T09:25:01.565385,6.1,1761882900.423000,481,2,"468,469",TRUE,TRUE,FALSE,FALSE,"Multi-ICG:469,470;Multi-ECG:468,469"
323,2025-10-31T09:25:02.566761,387.0,2025-10-31T09:25:02.762008,195.2,1761882902.659000,473,1,471,2025-10-31T09:25:02.763346,1.3,1761882901.625000,480,1,470,FALSE,FALSE,FALSE,FALSE,
324,2025-10-31T09:25:03.764480,388.2,2025-10-31T09:25:03.964232,199.8,1761882903.862000,473,1,472,2025-10-31T09:25:03.965686,1.4,1761882902.827000,479,1,471,FALSE,FALSE,FALSE,FALSE,
325,2025-10-31T09:25:04.966929,389.4,2025-10-31T09:25:05.167020,200.1,1761882905.065000,470,1,473,2025-10-31T09:25:05.168528,1.5,1761882904.028000,479,1,472,FALSE,FALSE,FALSE,FALSE,
326,2025-10-31T09:25:06.169678,390.6,2025-10-31T09:25:06.371298,201.6,1761882906.268000,471,1,474,2025-10-31T09:25:06.372814,1.5,1761882905.231000,481,1,473,FALSE,FALSE,FALSE,FALSE,
327,2025-10-31T09:25:07.374102,391.8,2025-10-31T09:25:07.574093,200.0,1761882907.471000,473,2,"475,476",2025-10-31T09:25:07.575811,1.7,1761882906.433000,480,2,"474,475",TRUE,TRUE,FALSE,FALSE,"Multi-ICG:475,476;Multi-ECG:474,475"
328,2025-10-31T09:25:08.577269,393.0,2025-10-31T09:25:08.777241,200.0,1761882908.674000,472,1,477,2025-10-31T09:25:08.778685,1.4,1761882907.634000,479,1,476,FALSE,FALSE,FALSE,FALSE,
329,2025-10-31T09:25:09.779827,394.3,2025-10-31T09:25:09.980340,200.5,1761882909.877000,470,1,478,2025-10-31T09:25:09.981777,1.4,1761882908.837000,480,1,477,FALSE,FALSE,FALSE,FALSE,
330,2025-10-31T09:25:10.982992,395.5,2025-10-31T09:25:11.182619,199.6,1761882911.081000,472,1,479,2025-10-31T09:25:11.184155,1.5,1761882910.038000,479,1,478,FALSE,FALSE,FALSE,FALSE,
331,2025-10-31T09:25:12.185347,396.7,2025-10-31T09:25:12.389553,204.2,1761882912.283000,472,1,480,2025-10-31T09:25:12.390938,1.4,1761882911.240000,478,1,479,FALSE,FALSE,FALSE,FALSE,
332,2025-10-31T09:25:13.392069,397.9,2025-10-31T09:25:13.587821,195.8,1761882913.486000,473,2,"481,482",2025-10-31T09:25:13.589275,1.4,1761882912.442000,480,2,"480,481",TRUE,TRUE,FALSE,FALSE,"Multi-ICG:481,482;Multi-ECG:480,481"
333,2025-10-31T09:25:14.590603,399.1,2025-10-31T09:25:14.789532,198.9,1761882914.688000,471,1,483,2025-10-31T09:25:14.791151,1.6,1761882913.644000,479,1,482,FALSE,FALSE,FALSE,FALSE,
334,2025-10-31T09:25:15.792284,400.3,2025-10-31T09:25:15.991752,199.5,1761882915.889000,473,1,484,2025-10-31T09:25:15.993089,1.3,1761882914.846000,480,1,483,FALSE,FALSE,FALSE,FALSE,
335,2025-10-31T09:25:16.994294,401.5,2025-10-31T09:25:17.194199,199.9,1761882917.092000,473,1,485,2025-10-31T09:25:17.195854,1.6,1761882916.048000,479,1,484,FALSE,FALSE,FALSE,FALSE,
336,2025-10-31T09:25:18.197120,402.7,2025-10-31T09:25:18.397415,200.3,1761882918.295000,472,1,486,2025-10-31T09:25:18.399002,1.6,1761882917.250000,479,1,485,FALSE,FALSE,FALSE,FALSE,
337,2025-10-31T09:25:19.400126,403.9,2025-10-31T09:25:19.601007,200.9,1761882919.498000,474,2,"487,488",2025-10-31T09:25:19.602437,1.4,1761882918.451000,478,2,"486,487",TRUE,TRUE,FALSE,FALSE,"Multi-ICG:487,488;Multi-ECG:486,487"
338,2025-10-31T09:25:20.603687,405.1,2025-10-31T09:25:20.804176,200.5,1761882920.702000,473,1,489,2025-10-31T09:25:20.805652,1.5,1761882919.653000,480,1,488,FALSE,FALSE,FALSE,FALSE,
339,2025-10-31T09:25:21.806920,406.3,2025-10-31T09:25:22.006334,199.4,1761882921.904000,471,1,490,2025-10-31T09:25:22.007676,1.3,1761882920.855000,479,1,489,FALSE,FALSE,FALSE,FALSE,
340,2025-10-31T09:25:23.008806,407.5,2025-10-31T09:25:23.213470,204.7,1761882923.106000,471,1,491,2025-10-31T09:25:23.215295,1.8,1761882922.057000,479,1,490,FALSE,FALSE,FALSE,FALSE,
341,2025-10-31T09:25:24.216574,408.7,2025-10-31T09:25:24.411213,194.6,1761882924.309000,471,1,492,2025-10-31T09:25:24.412659,1.4,1761882923.258000,479,1,491,FALSE,FALSE,FALSE,FALSE,
342,2025-10-31T09:25:25.413804,409.9,2025-10-31T09:25:25.613600,199.8,1761882925.511000,473,2,"493,494",2025-10-31T09:25:25.614964,1.4,1761882924.460000,479,2,"492,493",TRUE,TRUE,FALSE,FALSE,"Multi-ICG:493,494;Multi-ECG:492,493"
343,2025-10-31T09:25:26.616312,411.1,2025-10-31T09:25:26.815993,199.7,1761882926.714000,472,1,495,2025-10-31T09:25:26.817425,1.4,1761882925.663000,479,1,494,FALSE,FALSE,FALSE,FALSE,
344,2025-10-31T09:25:27.818687,412.3,2025-10-31T09:25:28.017571,198.9,1761882927.916000,471,1,496,2025-10-31T09:25:28.019142,1.6,1761882926.865000,478,1,495,FALSE,FALSE,FALSE,FALSE,
345,2025-10-31T09:25:29.020335,413.5,2025-10-31T09:25:29.219790,199.5,1761882929.118000,471,1,497,2025-10-31T09:25:29.221204,1.4,1761882928.067000,478,1,496,FALSE,FALSE,FALSE,FALSE,
346,2025-10-31T09:25:30.222382,414.7,2025-10-31T09:25:30.421904,199.5,1761882930.320000,471,1,498,2025-10-31T09:25:30.423528,1.6,1761882929.269000,479,1,497,FALSE,FALSE,FALSE,FALSE,
347,2025-10-31T09:25:31.424678,415.9,2025-10-31T09:25:31.623882,199.2,1761882931.522000,474,2,"499,500",2025-10-31T09:25:31.625375,1.5,1761882930.472000,481,2,"498,499",TRUE,TRUE,FALSE,FALSE,"Multi-ICG:499,500;Multi-ECG:498,499"
348,2025-10-31T09:25:32.626761,417.1,2025-10-31T09:25:32.826979,200.2,1761882932.724000,474,1,501,2025-10-31T09:25:32.828520,1.5,1761882931.675000,480,1,500,FALSE,FALSE,FALSE,FALSE,
349,2025-10-31T09:25:33.829744,418.3,2025-10-31T09:25:34.033440,203.7,1761882933.927000,471,1,502,2025-10-31T09:25:34.034990,1.5,1761882932.878000,480,1,501,FALSE,FALSE,FALSE,FALSE,
350,2025-10-31T09:25:35.036116,419.5,2025-10-31T09:25:35.231509,195.4,1761882935.129000,469,1,503,2025-10-31T09:25:35.232846,1.3,1761882934.079000,480,1,502,FALSE,FALSE,FALSE,FALSE,
351,2025-10-31T09:25:36.233999,420.7,2025-10-31T09:25:36.433883,199.9,1761882936.332000,472,1,504,2025-10-31T09:25:36.435519,1.6,1761882935.282000,480,1,503,FALSE,FALSE,FALSE,FALSE,
352,2025-10-31T09:25:37.436782,421.9,2025-10-31T09:25:37.635688,198.9,1761882937.534000,472,2,"505,506",2025-10-31T09:25:37.637267,1.6,1761882936.483000,481,2,"504,505",TRUE,TRUE,FALSE,FALSE,"Multi-ICG:505,506;Multi-ECG:504,505"
353,2025-10-31T09:25:38.638649,423.1,2025-10-31T09:25:38.837834,199.2,1761882938.736000,471,1,507,2025-10-31T09:25:38.839278,1.4,1761882937.685000,481,1,506,FALSE,FALSE,FALSE,FALSE,
354,2025-10-31T09:25:39.840409,424.3,2025-10-31T09:25:40.039793,199.4,1761882939.938000,470,1,508,2025-10-31T09:25:40.041296,1.5,1761882938.887000,479,1,507,FALSE,FALSE,FALSE,FALSE,
355,2025-10-31T09:25:41.042510,425.5,2025-10-31T09:25:41.241996,199.5,1761882941.140000,470,1,509,2025-10-31T09:25:41.243516,1.5,1761882940.089000,479,1,508,FALSE,FALSE,FALSE,FALSE,
356,2025-10-31T09:25:42.244688,426.7,2025-10-31T09:25:42.443441,198.8,1761882942.342000,470,1,510,2025-10-31T09:25:42.444793,1.3,1761882941.292000,479,1,509,FALSE,FALSE,FALSE,FALSE,
357,2025-10-31T09:25:43.445974,427.9,2025-10-31T09:25:43.645288,199.3,1761882943.543000,472,2,"511,512",2025-10-31T09:25:43.651189,5.9,1761882942.494000,480,2,"510,511",TRUE,TRUE,FALSE,FALSE,"Multi-ICG:511,512;Multi-ECG:510,511"
358,2025-10-31T09:25:44.652632,429.1,2025-10-31T09:25:44.847250,194.6,1761882944.745000,472,1,513,2025-10-31T09:25:44.848800,1.5,1761882943.697000,480,1,512,FALSE,FALSE,FALSE,FALSE,
359,2025-10-31T09:25:45.849967,430.3,2025-10-31T09:25:46.050008,200.0,1761882945.947000,471,1,514,2025-10-31T09:25:46.051306,1.3,1761882944.899000,477,1,513,FALSE,FALSE,FALSE,FALSE,
360,2025-10-31T09:25:47.052616,431.5,2025-10-31T09:25:47.252280,199.7,1761882947.150000,473,1,515,2025-10-31T09:25:47.253763,1.5,1761882946.101000,479,1,514,FALSE,FALSE,FALSE,FALSE,
361,2025-10-31T09:25:48.255024,432.7,2025-10-31T09:25:48.454409,199.4,1761882948.353000,472,1,516,2025-10-31T09:25:48.455766,1.3,1761882947.304000,480,1,515,FALSE,FALSE,FALSE,FALSE,
362,2025-10-31T09:25:49.457056,433.9,2025-10-31T09:25:49.656547,199.5,1761882949.554000,475,2,"517,518",2025-10-31T09:25:49.658266,1.7,1761882948.506000,480,2,"516,517",TRUE,TRUE,FALSE,FALSE,"Multi-ICG:517,518;Multi-ECG:516,517"
363,2025-10-31T09:25:50.660002,435.1,2025-10-31T09:25:50.858380,198.4,1761882950.757000,470,1,519,2025-10-31T09:25:50.859874,1.5,1761882949.709000,479,1,518,FALSE,FALSE,FALSE,FALSE,
364,2025-10-31T09:25:51.861018,436.3,2025-10-31T09:25:52.060830,199.8,1761882951.959000,472,1,520,2025-10-31T09:25:52.062430,1.6,1761882950.912000,479,1,519,FALSE,FALSE,FALSE,FALSE,
365,2025-10-31T09:25:53.063699,437.5,2025-10-31T09:25:53.262783,199.1,1761882953.161000,474,1,521,2025-10-31T09:25:53.264425,1.6,1761882952.113000,478,1,520,FALSE,FALSE,FALSE,FALSE,
366,2025-10-31T09:25:54.265850,438.7,2025-10-31T09:25:54.464663,198.8,1761882954.363000,472,1,522,2025-10-31T09:25:54.470378,5.7,1761882953.316000,478,1,521,FALSE,FALSE,FALSE,FALSE,
367,2025-10-31T09:25:55.471520,439.9,2025-10-31T09:25:55.667059,195.5,1761882955.565000,470,2,"523,524",2025-10-31T09:25:55.668356,1.3,1761882954.518000,479,2,"522,523",TRUE,TRUE,FALSE,FALSE,"Multi-ICG:523,524;Multi-ECG:522,523"
368,2025-10-31T09:25:56.669980,441.1,2025-10-31T09:25:56.869762,199.8,1761882956.768000,472,1,525,2025-10-31T09:25:56.871292,1.5,1761882955.720000,478,1,524,FALSE,FALSE,FALSE,FALSE,
369,2025-10-31T09:25:57.872446,442.3,2025-10-31T09:25:58.071889,199.4,1761882957.970000,471,1,526,2025-10-31T09:25:58.073296,1.4,1761882956.922000,479,1,525,FALSE,FALSE,FALSE,FALSE,
370,2025-10-31T09:25:59.074601,443.5,2025-10-31T09:25:59.274971,200.4,1761882959.173000,471,1,527,2025-10-31T09:25:59.276331,1.3,1761882958.124000,480,1,526,FALSE,FALSE,FALSE,FALSE,
371,2025-10-31T09:26:00.277469,444.7,2025-10-31T09:26:00.478846,201.4,1761882960.376000,473,2,"528,529",2025-10-31T09:26:00.480350,1.5,1761882959.327000,480,1,527,TRUE,FALSE,FALSE,FALSE,"Multi-ICG:528,529"
372,2025-10-31T09:26:01.481607,446.0,2025-10-31T09:26:01.681911,200.4,1761882961.579000,472,1,530,2025-10-31T09:26:01.683248,1.3,1761882960.529000,480,2,"528,529",FALSE,TRUE,FALSE,FALSE,"Multi-ECG:528,529"
373,2025-10-31T09:26:02.684727,447.2,2025-10-31T09:26:02.883631,198.9,1761882962.782000,472,1,531,2025-10-31T09:26:02.885024,1.4,1761882961.731000,479,1,530,FALSE,FALSE,FALSE,FALSE,
374,2025-10-31T09:26:03.886220,448.4,2025-10-31T09:26:04.085288,199.1,1761882963.984000,470,1,532,2025-10-31T09:26:04.086897,1.6,1761882962.933000,480,1,531,FALSE,FALSE,FALSE,FALSE,
375,2025-10-31T09:26:05.088089,449.6,2025-10-31T09:26:05.291312,203.2,1761882965.185000,470,1,533,2025-10-31T09:26:05.292694,1.4,1761882964.135000,479,1,532,FALSE,FALSE,FALSE,FALSE,
376,2025-10-31T09:26:06.293827,450.8,2025-10-31T09:26:06.665222,371.4,1761882966.387000,470,2,"534,535",2025-10-31T09:26:06.666224,1.0,1761882965.336000,478,1,533,TRUE,FALSE,FALSE,FALSE,"Multi-ICG:534,535"
377,2025-10-31T09:26:07.667028,452.1,2025-10-31T09:26:07.790334,123.3,1761882967.689000,514,1,536,2025-10-31T09:26:07.791493,1.1,1761882966.739000,562,2,"534,535",FALSE,TRUE,FALSE,FALSE,"Multi-ECG:534,535"
378,2025-10-31T09:26:08.792423,453.3,2025-10-31T09:26:08.991604,199.2,1761882968.890000,476,1,537,2025-10-31T09:26:08.992484,0.9,1761882967.840000,441,1,536,FALSE,FALSE,FALSE,FALSE,
379,2025-10-31T09:26:09.993291,454.5,2025-10-31T09:26:10.193160,199.9,1761882970.092000,475,1,538,2025-10-31T09:26:10.194180,1.0,1761882969.041000,481,1,537,FALSE,FALSE,FALSE,FALSE,
380,2025-10-31T09:26:11.194959,455.7,2025-10-31T09:26:11.395468,200.5,1761882971.294000,475,1,539,2025-10-31T09:26:11.396302,0.8,1761882970.242000,481,1,538,FALSE,FALSE,FALSE,FALSE,
381,2025-10-31T09:26:12.397236,456.9,2025-10-31T09:26:12.599670,202.4,1761882972.497000,475,2,"540,541",2025-10-31T09:26:12.601303,1.6,1761882971.444000,482,2,"539,540",TRUE,TRUE,FALSE,FALSE,"Multi-ICG:540,541;Multi-ECG:539,540"
382,2025-10-31T09:26:13.602719,458.1,2025-10-31T09:26:13.803464,200.7,1761882973.700000,471,1,542,2025-10-31T09:26:13.804956,1.5,1761882972.647000,481,1,541,FALSE,FALSE,FALSE,FALSE,
383,2025-10-31T09:26:14.806518,459.3,2025-10-31T09:26:15.006246,199.7,1761882974.904000,474,1,543,2025-10-31T09:26:15.007645,1.4,1761882973.850000,478,1,542,FALSE,FALSE,FALSE,FALSE,
384,2025-10-31T09:26:16.008838,460.5,2025-10-31T09:26:16.208717,199.9,1761882976.107000,471,1,544,2025-10-31T09:26:16.214954,6.2,1761882975.052000,481,1,543,FALSE,FALSE,FALSE,FALSE,
385,2025-10-31T09:26:17.216118,461.7,2025-10-31T09:26:17.413767,197.7,1761882977.309000,474,1,545,2025-10-31T09:26:17.415558,1.8,1761882976.254000,479,1,544,FALSE,FALSE,FALSE,FALSE,
386,2025-10-31T09:26:18.416827,462.9,2025-10-31T09:26:18.618739,202.0,1761882978.515000,475,2,"546,547",2025-10-31T09:26:18.620305,1.5,1761882977.456000,480,2,"545,546",TRUE,TRUE,FALSE,FALSE,"Multi-ICG:546,547;Multi-ECG:545,546"
387,2025-10-31T09:26:19.621830,464.1,2025-10-31T09:26:19.822915,201.1,1761882979.719000,473,1,548,2025-10-31T09:26:19.824938,2.0,1761882978.659000,478,1,547,FALSE,FALSE,FALSE,FALSE,
388,2025-10-31T09:26:20.826282,465.3,2025-10-31T09:26:21.024237,198.0,1761882980.922000,472,1,549,2025-10-31T09:26:21.025643,1.4,1761882979.861000,479,1,548,FALSE,FALSE,FALSE,FALSE,
389,2025-10-31T09:26:22.026873,466.5,2025-10-31T09:26:22.227279,200.4,1761882982.125000,471,1,550,2025-10-31T09:26:22.228776,1.5,1761882981.062000,479,1,549,FALSE,FALSE,FALSE,FALSE,
390,2025-10-31T09:26:23.229959,467.7,2025-10-31T09:26:23.429338,199.4,1761882983.328000,472,1,551,2025-10-31T09:26:23.430947,1.6,1761882982.265000,480,1,550,FALSE,FALSE,FALSE,FALSE,
391,2025-10-31T09:26:24.432113,468.9,2025-10-31T09:26:24.632109,200.0,1761882984.530000,474,2,"552,553",2025-10-31T09:26:24.633448,1.3,1761882983.467000,482,2,"551,552",TRUE,TRUE,FALSE,FALSE,"Multi-ICG:552,553;Multi-ECG:551,552"
392,2025-10-31T09:26:25.634782,470.1,2025-10-31T09:26:25.834222,199.4,1761882985.732000,473,1,554,2025-10-31T09:26:25.835678,1.4,1761882984.669000,479,1,553,FALSE,FALSE,FALSE,FALSE,
393,2025-10-31T09:26:26.836828,471.3,2025-10-31T09:26:27.036560,199.7,1761882986.935000,473,1,555,2025-10-31T09:26:27.042311,5.7,1761882985.871000,480,1,554,FALSE,FALSE,FALSE,FALSE,
394,2025-10-31T09:26:28.043480,472.5,2025-10-31T09:26:28.239191,195.7,1761882988.137000,472,1,556,2025-10-31T09:26:28.240468,1.3,1761882987.072000,480,1,555,FALSE,FALSE,FALSE,FALSE,
395,2025-10-31T09:26:29.241584,473.7,2025-10-31T09:26:29.441875,200.3,1761882989.340000,474,1,557,2025-10-31T09:26:29.443467,1.6,1761882988.274000,477,1,556,FALSE,FALSE,FALSE,FALSE,
396,2025-10-31T09:26:30.444646,474.9,2025-10-31T09:26:30.643699,199.1,1761882990.542000,474,2,"558,559",2025-10-31T09:26:30.645206,1.5,1761882989.477000,482,2,"557,558",TRUE,TRUE,FALSE,FALSE,"Multi-ICG:558,559;Multi-ECG:557,558"
397,2025-10-31T09:26:31.646789,476.1,2025-10-31T09:26:31.845659,198.9,1761882991.744000,471,1,560,2025-10-31T09:26:31.847788,2.1,1761882990.678000,477,1,559,FALSE,FALSE,FALSE,FALSE,
398,2025-10-31T09:26:32.848918,477.3,2025-10-31T09:26:33.047845,198.9,1761882992.946000,471,1,561,2025-10-31T09:26:33.050062,2.2,1761882991.881000,479,1,560,FALSE,FALSE,FALSE,FALSE,
399,2025-10-31T09:26:34.051179,478.5,2025-10-31T09:26:34.249841,198.7,1761882994.148000,471,1,562,2025-10-31T09:26:34.251216,1.4,1761882993.083000,479,1,561,FALSE,FALSE,FALSE,FALSE,
400,2025-10-31T09:26:35.252318,479.7,2025-10-31T09:26:35.452032,199.7,1761882995.350000,472,1,563,2025-10-31T09:26:35.453513,1.5,1761882994.286000,480,1,562,FALSE,FALSE,FALSE,FALSE,
401,2025-10-31T09:26:36.454729,480.9,2025-10-31T09:26:36.654362,199.6,1761882996.553000,474,2,"564,565",2025-10-31T09:26:36.655883,1.5,1761882995.488000,481,2,"563,564",TRUE,TRUE,FALSE,FALSE,"Multi-ICG:564,565;Multi-ECG:563,564"
402,2025-10-31T09:26:37.657522,482.1,2025-10-31T09:26:37.861213,203.7,1761882997.755000,473,1,566,2025-10-31T09:26:37.862630,1.4,1761882996.691000,480,1,565,FALSE,FALSE,FALSE,FALSE,
403,2025-10-31T09:26:38.863777,483.3,2025-10-31T09:26:39.059450,195.7,1761882998.957000,471,1,567,2025-10-31T09:26:39.061082,1.6,1761882997.893000,479,1,566,FALSE,FALSE,FALSE,FALSE,
404,2025-10-31T09:26:40.062376,484.5,2025-10-31T09:26:40.260944,198.6,1761883000.159000,471,1,568,2025-10-31T09:26:40.262503,1.6,1761882999.095000,480,1,567,FALSE,FALSE,FALSE,FALSE,
405,2025-10-31T09:26:41.263690,485.7,2025-10-31T09:26:41.463156,199.5,1761883001.362000,471,1,569,2025-10-31T09:26:41.464534,1.4,1761883000.297000,480,1,568,FALSE,FALSE,FALSE,FALSE,
406,2025-10-31T09:26:42.465685,486.9,2025-10-31T09:26:42.665470,199.8,1761883002.564000,472,2,"570,571",2025-10-31T09:26:42.667007,1.5,1761883001.499000,480,2,"569,570",TRUE,TRUE,FALSE,FALSE,"Multi-ICG:570,571;Multi-ECG:569,570"
407,2025-10-31T09:26:43.668272,488.1,2025-10-31T09:26:43.867264,199.0,1761883003.765000,471,1,572,2025-10-31T09:26:43.868821,1.5,1761883002.701000,480,1,571,FALSE,FALSE,FALSE,FALSE,
408,2025-10-31T09:26:44.869997,489.3,2025-10-31T09:26:45.069534,199.5,1761883004.968000,472,1,573,2025-10-31T09:26:45.070913,1.4,1761883003.905000,480,1,572,FALSE,FALSE,FALSE,FALSE,
409,2025-10-31T09:26:46.072025,490.5,2025-10-31T09:26:46.272727,200.7,1761883006.170000,472,1,574,2025-10-31T09:26:46.274286,1.6,1761883005.108000,480,1,573,FALSE,FALSE,FALSE,FALSE,
410,2025-10-31T09:26:47.275429,491.7,2025-10-31T09:26:47.474901,199.5,1761883007.373000,471,1,575,2025-10-31T09:26:47.476247,1.3,1761883006.310000,479,1,574,FALSE,FALSE,FALSE,FALSE,
411,2025-10-31T09:26:48.477383,492.9,2025-10-31T09:26:48.682244,204.9,1761883008.575000,472,2,"576,577",2025-10-31T09:26:48.683770,1.5,1761883007.513000,481,2,"575,576",TRUE,TRUE,FALSE,FALSE,"Multi-ICG:576,577;Multi-ECG:575,576"
412,2025-10-31T09:26:49.685446,494.2,2025-10-31T09:26:49.881536,196.1,1761883009.778000,471,1,578,2025-10-31T09:26:49.883155,1.6,1761883008.715000,480,1,577,FALSE,FALSE,FALSE,FALSE,
413,2025-10-31T09:26:50.884332,495.4,2025-10-31T09:26:51.084732,200.4,1761883010.982000,470,1,579,2025-10-31T09:26:51.086245,1.5,1761883009.917000,478,1,578,FALSE,FALSE,FALSE,FALSE,
414,2025-10-31T09:26:52.087408,496.6,2025-10-31T09:26:52.287505,200.1,1761883012.185000,473,1,580,2025-10-31T09:26:52.289040,1.5,1761883011.119000,479,1,579,FALSE,FALSE,FALSE,FALSE,
415,2025-10-31T09:26:53.290236,497.8,2025-10-31T09:26:53.490342,200.1,1761883013.388000,473,1,581,2025-10-31T09:26:53.491867,1.5,1761883012.321000,479,1,580,FALSE,FALSE,FALSE,FALSE,
416,2025-10-31T09:26:54.493015,499.0,2025-10-31T09:26:54.693558,200.5,1761883014.591000,472,2,"582,583",2025-10-31T09:26:54.694976,1.4,1761883013.522000,480,2,"581,582",TRUE,TRUE,FALSE,FALSE,"Multi-ICG:582,583;Multi-ECG:581,582"
417,2025-10-31T09:26:55.696308,500.2,2025-10-31T09:26:55.896054,199.7,1761883015.794000,472,1,584,2025-10-31T09:26:55.897722,1.7,1761883014.724000,479,1,583,FALSE,FALSE,FALSE,FALSE,
418,2025-10-31T09:26:56.899128,501.4,2025-10-31T09:26:57.099858,200.7,1761883016.997000,474,1,585,2025-10-31T09:26:57.101528,1.7,1761883015.927000,480,1,584,FALSE,FALSE,FALSE,FALSE,
419,2025-10-31T09:26:58.102927,502.6,2025-10-31T09:26:58.303405,200.5,1761883018.200000,472,1,586,2025-10-31T09:26:58.304871,1.5,1761883017.130000,479,1,585,FALSE,FALSE,FALSE,FALSE,
420,2025-10-31T09:26:59.306109,503.8,2025-10-31T09:26:59.508895,202.8,1761883019.403000,472,2,"587,588",2025-10-31T09:26:59.510464,1.6,1761883018.332000,479,1,586,TRUE,FALSE,FALSE,FALSE,"Multi-ICG:587,588"
421,2025-10-31T09:27:00.511748,505.0,2025-10-31T09:27:00.707465,195.7,1761883020.606000,471,1,589,2025-10-31T09:27:00.708820,1.3,1761883019.534000,480,2,"587,588",FALSE,TRUE,FALSE,FALSE,"Multi-ECG:587,588"
422,2025-10-31T09:27:01.710157,506.2,2025-10-31T09:27:01.910056,199.9,1761883021.808000,471,1,590,2025-10-31T09:27:01.911517,1.4,1761883020.736000,478,1,589,FALSE,FALSE,FALSE,FALSE,
423,2025-10-31T09:27:02.912713,507.4,2025-10-31T09:27:03.113739,201.0,1761883023.010000,471,1,591,2025-10-31T09:27:03.115385,1.6,1761883021.937000,480,1,590,FALSE,FALSE,FALSE,FALSE,
424,2025-10-31T09:27:04.116502,508.6,2025-10-31T09:27:04.316588,200.1,1761883024.215000,472,1,592,2025-10-31T09:27:04.318023,1.4,1761883023.139000,478,1,591,FALSE,FALSE,FALSE,FALSE,
425,2025-10-31T09:27:05.319265,509.8,2025-10-31T09:27:05.519482,200.2,1761883025.417000,473,2,"593,594",2025-10-31T09:27:05.520904,1.4,1761883024.341000,480,1,592,TRUE,FALSE,FALSE,FALSE,"Multi-ICG:593,594"
426,2025-10-31T09:27:06.522394,511.0,2025-10-31T09:27:06.721556,199.2,1761883026.620000,471,1,595,2025-10-31T09:27:06.723137,1.6,1761883025.544000,482,2,"593,594",FALSE,TRUE,FALSE,FALSE,"Multi-ECG:593,594"
427,2025-10-31T09:27:07.724468,512.2,2025-10-31T09:27:07.923706,199.2,1761883027.822000,470,1,596,2025-10-31T09:27:07.925053,1.3,1761883026.746000,480,1,595,FALSE,FALSE,FALSE,FALSE,
428,2025-10-31T09:27:08.926322,513.4,2025-10-31T09:27:09.127883,201.6,1761883029.025000,470,1,597,2025-10-31T09:27:09.133599,5.7,1761883027.948000,481,1,596,FALSE,FALSE,FALSE,FALSE,
429,2025-10-31T09:27:10.135004,514.6,2025-10-31T09:27:10.329833,194.8,1761883030.228000,471,1,598,2025-10-31T09:27:10.331392,1.6,1761883029.150000,479,1,597,FALSE,FALSE,FALSE,FALSE,
430,2025-10-31T09:27:11.332518,515.8,2025-10-31T09:27:11.533579,201.1,1761883031.431000,474,2,"599,600",2025-10-31T09:27:11.534972,1.4,1761883030.352000,478,1,598,TRUE,FALSE,FALSE,FALSE,"Multi-ICG:599,600"
431,2025-10-31T09:27:12.536346,517.0,2025-10-31T09:27:12.736644,200.3,1761883032.634000,474,1,601,2025-10-31T09:27:12.738919,2.3,1761883031.554000,481,2,"599,600",FALSE,TRUE,FALSE,FALSE,"Multi-ECG:599,600"
432,2025-10-31T09:27:13.740470,518.2,2025-10-31T09:27:13.938440,198.0,1761883033.836000,470,1,602,2025-10-31T09:27:13.940078,1.6,1761883032.756000,480,1,601,FALSE,FALSE,FALSE,FALSE,
433,2025-10-31T09:27:14.941447,519.4,2025-10-31T09:27:15.140560,199.1,1761883035.039000,471,1,603,2025-10-31T09:27:15.142132,1.6,1761883033.957000,480,1,602,FALSE,FALSE,FALSE,FALSE,
434,2025-10-31T09:27:16.143253,520.6,2025-10-31T09:27:16.343125,199.9,1761883036.241000,472,1,604,2025-10-31T09:27:16.344636,1.5,1761883035.159000,480,1,603,FALSE,FALSE,FALSE,FALSE,
435,2025-10-31T09:27:17.345866,521.8,2025-10-31T09:27:17.544692,198.8,1761883037.442000,473,2,"605,606",2025-10-31T09:27:17.546098,1.4,1761883036.362000,478,1,604,TRUE,FALSE,FALSE,FALSE,"Multi-ICG:605,606"
436,2025-10-31T09:27:18.547350,523.0,2025-10-31T09:27:18.747168,199.8,1761883038.645000,472,1,607,2025-10-31T09:27:18.748591,1.4,1761883037.564000,480,2,"605,606",FALSE,TRUE,FALSE,FALSE,"Multi-ECG:605,606"
437,2025-10-31T09:27:19.749895,524.2,2025-10-31T09:27:19.949340,199.4,1761883039.848000,472,1,608,2025-10-31T09:27:19.954971,5.6,1761883038.766000,477,1,607,FALSE,FALSE,FALSE,FALSE,
438,2025-10-31T09:27:20.956158,525.4,2025-10-31T09:27:21.151732,195.6,1761883041.050000,472,1,609,2025-10-31T09:27:21.153031,1.3,1761883039.967000,480,1,608,FALSE,FALSE,FALSE,FALSE,
439,2025-10-31T09:27:22.154231,526.6,2025-10-31T09:27:22.354474,200.2,1761883042.252000,472,1,610,2025-10-31T09:27:22.355999,1.5,1761883041.170000,480,1,609,FALSE,FALSE,FALSE,FALSE,
440,2025-10-31T09:27:23.357160,527.8,2025-10-31T09:27:23.556535,199.4,1761883043.455000,473,2,"611,612",2025-10-31T09:27:23.558103,1.6,1761883042.371000,479,1,610,TRUE,FALSE,FALSE,FALSE,"Multi-ICG:611,612"
441,2025-10-31T09:27:24.559386,529.0,2025-10-31T09:27:24.760059,200.7,1761883044.657000,472,1,613,2025-10-31T09:27:24.761813,1.7,1761883043.573000,480,2,"611,612",FALSE,TRUE,FALSE,FALSE,"Multi-ECG:611,612"
442,2025-10-31T09:27:25.763571,530.2,2025-10-31T09:27:25.962645,199.1,1761883045.860000,470,1,614,2025-10-31T09:27:25.964777,2.1,1761883044.774000,478,1,613,FALSE,FALSE,FALSE,FALSE,
443,2025-10-31T09:27:26.966419,531.4,2025-10-31T09:27:27.166140,199.7,1761883047.063000,471,1,615,2025-10-31T09:27:27.167517,1.4,1761883045.976000,479,1,614,FALSE,FALSE,FALSE,FALSE,
444,2025-10-31T09:27:28.168651,532.6,2025-10-31T09:27:28.369890,201.2,1761883048.267000,472,1,616,2025-10-31T09:27:28.371445,1.5,1761883047.178000,477,1,615,FALSE,FALSE,FALSE,FALSE,
445,2025-10-31T09:27:29.372583,533.8,2025-10-31T09:27:29.572337,199.8,1761883049.470000,472,2,"617,618",2025-10-31T09:27:29.573857,1.5,1761883048.379000,479,1,616,TRUE,FALSE,FALSE,FALSE,"Multi-ICG:617,618"
446,2025-10-31T09:27:30.575195,535.0,2025-10-31T09:27:30.778392,203.2,1761883050.673000,473,1,619,2025-10-31T09:27:30.779755,1.4,1761883049.581000,479,2,"617,618",FALSE,TRUE,FALSE,FALSE,"Multi-ECG:617,618"
447,2025-10-31T09:27:31.781068,536.3,2025-10-31T09:27:31.976596,195.5,1761883051.875000,470,1,620,2025-10-31T09:27:31.978332,1.7,1761883050.784000,480,1,619,FALSE,FALSE,FALSE,FALSE,
448,2025-10-31T09:27:32.979587,537.5,2025-10-31T09:27:33.178296,198.7,1761883053.076000,472,1,621,2025-10-31T09:27:33.179830,1.5,1761883051.986000,479,1,620,FALSE,FALSE,FALSE,FALSE,
449,2025-10-31T09:27:34.181009,538.7,2025-10-31T09:27:34.381252,200.2,1761883054.279000,474,1,622,2025-10-31T09:27:34.382754,1.5,1761883053.189000,480,1,621,FALSE,FALSE,FALSE,FALSE,
450,2025-10-31T09:27:35.383865,539.9,2025-10-31T09:27:35.582620,198.8,1761883055.481000,471,2,"623,624",2025-10-31T09:27:35.584238,1.6,1761883054.391000,479,1,622,TRUE,FALSE,FALSE,FALSE,"Multi-ICG:623,624"
451,2025-10-31T09:27:36.585826,541.1,2025-10-31T09:27:36.784821,199.0,1761883056.683000,471,1,625,2025-10-31T09:27:36.786531,1.7,1761883055.593000,479,2,"623,624",FALSE,TRUE,FALSE,FALSE,"Multi-ECG:623,624"
452,2025-10-31T09:27:37.788165,542.3,2025-10-31T09:27:37.987492,199.3,1761883057.886000,471,1,626,2025-10-31T09:27:37.988821,1.3,1761883056.795000,479,1,625,FALSE,FALSE,FALSE,FALSE,
453,2025-10-31T09:27:38.990427,543.5,2025-10-31T09:27:39.190606,200.2,1761883059.088000,471,1,627,2025-10-31T09:27:39.192436,1.8,1761883057.996000,479,1,626,FALSE,FALSE,FALSE,FALSE,
454,2025-10-31T09:27:40.193643,544.7,2025-10-31T09:27:40.393657,200.0,1761883060.291000,471,1,628,2025-10-31T09:27:40.395163,1.5,1761883059.199000,478,1,627,FALSE,FALSE,FALSE,FALSE,
455,2025-10-31T09:27:41.396359,545.9,2025-10-31T09:27:41.601337,205.0,1761883061.494000,474,2,"629,630",2025-10-31T09:27:41.603109,1.8,1761883060.401000,479,1,628,TRUE,FALSE,FALSE,FALSE,"Multi-ICG:629,630"
456,2025-10-31T09:27:42.604877,547.1,2025-10-31T09:27:42.799457,194.6,1761883062.697000,470,1,631,2025-10-31T09:27:42.800984,1.5,1761883061.602000,481,2,"629,630",FALSE,TRUE,FALSE,FALSE,"Multi-ECG:629,630"
457,2025-10-31T09:27:43.802558,548.3,2025-10-31T09:27:44.002715,200.2,1761883063.900000,470,1,632,2025-10-31T09:27:44.004098,1.4,1761883062.804000,479,1,631,FALSE,FALSE,FALSE,FALSE,
458,2025-10-31T09:27:45.005283,549.5,2025-10-31T09:27:45.206663,201.4,1761883065.104000,472,1,633,2025-10-31T09:27:45.208110,1.4,1761883064.007000,477,1,632,FALSE,FALSE,FALSE,FALSE,
459,2025-10-31T09:27:46.209359,550.7,2025-10-31T09:27:46.409060,199.7,1761883066.307000,471,1,634,2025-10-31T09:27:46.410662,1.6,1761883065.210000,478,1,633,FALSE,FALSE,FALSE,FALSE,
460,2025-10-31T09:27:47.411867,551.9,2025-10-31T09:27:47.611183,199.3,1761883067.510000,474,2,"635,636",2025-10-31T09:27:47.612613,1.4,1761883066.412000,479,1,634,TRUE,FALSE,FALSE,FALSE,"Multi-ICG:635,636"
461,2025-10-31T09:27:48.614033,553.1,2025-10-31T09:27:48.813290,199.3,1761883068.711000,471,1,637,2025-10-31T09:27:48.815094,1.8,1761883067.616000,480,2,"635,636",FALSE,TRUE,FALSE,FALSE,"Multi-ECG:635,636"
462,2025-10-31T09:27:49.816796,554.3,2025-10-31T09:27:50.014774,198.0,1761883069.913000,471,1,638,2025-10-31T09:27:50.016261,1.5,1761883068.819000,478,1,637,FALSE,FALSE,FALSE,FALSE,
463,2025-10-31T09:27:51.017389,555.5,2025-10-31T09:27:51.217130,199.7,1761883071.115000,470,1,639,2025-10-31T09:27:51.218603,1.5,1761883070.021000,479,1,638,FALSE,FALSE,FALSE,FALSE,
464,2025-10-31T09:27:52.219779,556.7,2025-10-31T09:27:52.425250,205.5,1761883072.317000,470,1,640,2025-10-31T09:27:52.427161,1.9,1761883071.223000,479,1,639,FALSE,FALSE,FALSE,FALSE,
465,2025-10-31T09:27:53.428300,557.9,2025-10-31T09:27:53.622748,194.4,1761883073.520000,471,2,"641,642",2025-10-31T09:27:53.624427,1.7,1761883072.526000,521,2,"640,641",TRUE,TRUE,FALSE,FALSE,"Multi-ICG:641,642;Multi-ECG:640,641"
466,2025-10-31T09:27:54.626347,559.1,2025-10-31T09:27:54.824916,198.6,1761883074.723000,471,1,643,2025-10-31T09:27:54.826525,1.6,1761883073.628000,440,1,642,FALSE,FALSE,FALSE,FALSE,
467,2025-10-31T09:27:55.827707,560.3,2025-10-31T09:27:56.026628,198.9,1761883075.925000,470,1,644,2025-10-31T09:27:56.028134,1.5,1761883074.830000,479,1,643,FALSE,FALSE,FALSE,FALSE,
468,2025-10-31T09:27:57.029252,561.5,2025-10-31T09:27:57.228529,199.3,1761883077.127000,474,1,645,2025-10-31T09:27:57.229883,1.3,1761883076.032000,480,1,644,FALSE,FALSE,FALSE,FALSE,
469,2025-10-31T09:27:58.231126,562.7,2025-10-31T09:27:58.430605,199.5,1761883078.329000,470,1,646,2025-10-31T09:27:58.432146,1.5,1761883077.235000,477,1,645,FALSE,FALSE,FALSE,FALSE,
470,2025-10-31T09:27:59.433302,563.9,2025-10-31T09:27:59.632304,199.0,1761883079.531000,472,2,"647,648",2025-10-31T09:27:59.633865,1.6,1761883078.437000,479,2,"646,647",TRUE,TRUE,FALSE,FALSE,"Multi-ICG:647,648;Multi-ECG:646,647"
471,2025-10-31T09:28:00.635608,565.1,2025-10-31T09:28:00.834454,198.8,1761883080.733000,472,1,649,2025-10-31T09:28:00.835938,1.5,1761883079.639000,480,1,648,FALSE,FALSE,FALSE,FALSE,
472,2025-10-31T09:28:01.837508,566.3,2025-10-31T09:28:02.036917,199.4,1761883081.935000,471,1,650,2025-10-31T09:28:02.043563,6.6,1761883080.843000,481,1,649,FALSE,FALSE,FALSE,FALSE,
473,2025-10-31T09:28:03.044824,567.5,2025-10-31T09:28:03.239036,194.2,1761883083.137000,470,1,651,2025-10-31T09:28:03.467235,228.2,1761883082.046000,479,1,650,FALSE,FALSE,FALSE,FALSE,
474,2025-10-31T09:28:04.468046,568.9,2025-10-31T09:28:04.640922,172.9,1761883084.539000,557,2,"652,653",2025-10-31T09:28:04.641856,0.9,1761883083.248000,477,1,651,TRUE,FALSE,FALSE,FALSE,"Multi-ICG:652,653"
475,2025-10-31T09:28:05.642868,570.1,2025-10-31T09:28:05.842462,199.6,1761883085.741000,475,1,654,2025-10-31T09:28:05.843494,1.0,1761883084.652000,561,2,"652,653",FALSE,TRUE,FALSE,FALSE,"Multi-ECG:652,653"
476,2025-10-31T09:28:06.844467,571.3,2025-10-31T09:28:07.044611,200.2,1761883086.943000,475,1,655,2025-10-31T09:28:07.045493,0.9,1761883085.853000,479,1,654,FALSE,FALSE,FALSE,FALSE,
477,2025-10-31T09:28:08.046413,572.5,2025-10-31T09:28:08.247856,201.4,1761883088.145000,477,1,656,2025-10-31T09:28:08.248803,0.9,1761883087.055000,482,1,655,FALSE,FALSE,FALSE,FALSE,
478,2025-10-31T09:28:09.249620,573.7,2025-10-31T09:28:09.450189,200.6,1761883089.349000,469,1,657,2025-10-31T09:28:09.451801,1.6,1761883088.256000,482,1,656,FALSE,FALSE,FALSE,FALSE,
479,2025-10-31T09:28:10.453068,574.9,2025-10-31T09:28:10.652845,199.8,1761883090.550000,473,2,"658,659",2025-10-31T09:28:10.654452,1.6,1761883089.458000,480,2,"657,658",TRUE,TRUE,FALSE,FALSE,"Multi-ICG:658,659;Multi-ECG:657,658"
480,2025-10-31T09:28:11.656207,576.1,2025-10-31T09:28:11.855451,199.2,1761883091.753000,470,1,660,2025-10-31T09:28:11.857362,1.9,1761883090.660000,480,1,659,FALSE,FALSE,FALSE,FALSE,
481,2025-10-31T09:28:12.858585,577.3,2025-10-31T09:28:13.057449,198.9,1761883092.956000,471,1,661,2025-10-31T09:28:13.058818,1.4,1761883091.863000,480,1,660,FALSE,FALSE,FALSE,FALSE,
482,2025-10-31T09:28:14.060056,578.5,2025-10-31T09:28:14.264639,204.6,1761883094.158000,471,1,662,2025-10-31T09:28:14.266190,1.5,1761883093.065000,479,1,661,FALSE,FALSE,FALSE,FALSE,
483,2025-10-31T09:28:15.267342,579.7,2025-10-31T09:28:15.462284,194.9,1761883095.361000,470,1,663,2025-10-31T09:28:15.463815,1.5,1761883094.267000,479,1,662,FALSE,FALSE,FALSE,FALSE,
484,2025-10-31T09:28:16.464979,580.9,2025-10-31T09:28:16.664587,199.6,1761883096.563000,470,2,"664,665",2025-10-31T09:28:16.665988,1.4,1761883095.469000,481,2,"663,664",TRUE,TRUE,FALSE,FALSE,"Multi-ICG:664,665;Multi-ECG:663,664"
485,2025-10-31T09:28:17.667225,582.1,2025-10-31T09:28:17.866500,199.3,1761883097.764000,473,1,666,2025-10-31T09:28:17.867955,1.4,1761883096.671000,481,1,665,FALSE,FALSE,FALSE,FALSE,
486,2025-10-31T09:28:18.869185,583.3,2025-10-31T09:28:19.068370,199.2,1761883098.967000,471,1,667,2025-10-31T09:28:19.071038,2.7,1761883097.873000,477,1,666,FALSE,FALSE,FALSE,FALSE,
487,2025-10-31T09:28:20.072712,584.5,2025-10-31T09:28:20.271329,198.6,1761883100.169000,472,1,668,2025-10-31T09:28:20.273441,2.1,1761883099.077000,480,1,667,FALSE,FALSE,FALSE,FALSE,
488,2025-10-31T09:28:21.275112,585.7,2025-10-31T09:28:21.472172,197.1,1761883101.370000,471,1,669,2025-10-31T09:28:21.473718,1.5,1761883100.279000,478,1,668,FALSE,FALSE,FALSE,FALSE,
489,2025-10-31T09:28:22.475013,586.9,2025-10-31T09:28:22.674327,199.3,1761883102.572000,473,2,"670,671",2025-10-31T09:28:22.675926,1.6,1761883101.481000,480,2,"669,670",TRUE,TRUE,FALSE,FALSE,"Multi-ICG:670,671;Multi-ECG:669,670"
490,2025-10-31T09:28:23.677325,588.1,2025-10-31T09:28:23.876746,199.4,1761883103.775000,468,1,672,2025-10-31T09:28:23.882388,5.6,1761883102.683000,480,1,671,FALSE,FALSE,FALSE,FALSE,
491,2025-10-31T09:28:24.883540,589.4,2025-10-31T09:28:25.078517,195.0,1761883104.977000,471,1,673,2025-10-31T09:28:25.080168,1.6,1761883103.885000,479,1,672,FALSE,FALSE,FALSE,FALSE,
492,2025-10-31T09:28:26.081322,590.6,2025-10-31T09:28:26.281091,199.8,1761883106.179000,470,1,674,2025-10-31T09:28:26.282467,1.4,1761883105.087000,479,1,673,FALSE,FALSE,FALSE,FALSE,
493,2025-10-31T09:28:27.283611,591.8,2025-10-31T09:28:27.483365,199.8,1761883107.381000,471,1,675,2025-10-31T09:28:27.484837,1.5,1761883106.290000,479,1,674,FALSE,FALSE,FALSE,FALSE,
494,2025-10-31T09:28:28.486119,593.0,2025-10-31T09:28:28.685373,199.3,1761883108.583000,474,2,"676,677",2025-10-31T09:28:28.686889,1.5,1761883107.491000,480,2,"675,676",TRUE,TRUE,FALSE,FALSE,"Multi-ICG:676,677;Multi-ECG:675,676"
495,2025-10-31T09:28:29.688173,594.2,2025-10-31T09:28:29.887486,199.3,1761883109.785000,474,1,678,2025-10-31T09:28:29.888859,1.4,1761883108.694000,480,1,677,FALSE,FALSE,FALSE,FALSE,
496,2025-10-31T09:28:30.890021,595.4,2025-10-31T09:28:31.090092,200.1,1761883110.987000,471,1,679,2025-10-31T09:28:31.091527,1.4,1761883109.896000,480,1,678,FALSE,FALSE,FALSE,FALSE,
497,2025-10-31T09:28:32.092882,596.6,2025-10-31T09:28:32.291961,199.1,1761883112.191000,473,1,680,2025-10-31T09:28:32.293478,1.5,1761883111.097000,480,1,679,FALSE,FALSE,FALSE,FALSE,
498,2025-10-31T09:28:33.294743,597.8,2025-10-31T09:28:33.495613,200.9,1761883113.393000,473,1,681,2025-10-31T09:28:33.496953,1.3,1761883112.300000,477,1,680,FALSE,FALSE,FALSE,FALSE,
499,2025-10-31T09:28:34.498121,599.0,2025-10-31T09:28:34.700074,202.0,1761883114.598000,472,2,"682,683",2025-10-31T09:28:34.705701,5.6,1761883113.502000,480,2,"681,682",TRUE,TRUE,FALSE,FALSE,"Multi-ICG:682,683;Multi-ECG:681,682"
500,2025-10-31T09:28:35.707115,600.2,2025-10-31T09:28:35.902479,195.4,1761883115.801000,472,1,684,2025-10-31T09:28:35.903966,1.5,1761883114.705000,480,1,683,FALSE,FALSE,FALSE,FALSE,
501,2025-10-31T09:28:36.905124,601.4,2025-10-31T09:28:37.104997,199.9,1761883117.003000,472,1,685,2025-10-31T09:28:37.106639,1.6,1761883115.907000,478,1,684,FALSE,FALSE,FALSE,FALSE,
502,2025-10-31T09:28:38.108093,602.6,2025-10-31T09:28:38.307739,199.6,1761883118.205000,472,1,686,2025-10-31T09:28:38.309348,1.6,1761883117.110000,480,1,685,FALSE,FALSE,FALSE,FALSE,
503,2025-10-31T09:28:39.310844,603.8,2025-10-31T09:28:39.510361,199.5,1761883119.408000,473,1,687,2025-10-31T09:28:39.511654,1.3,1761883118.312000,478,1,686,FALSE,FALSE,FALSE,FALSE,
504,2025-10-31T09:28:40.512761,605.0,2025-10-31T09:28:40.712360,199.6,1761883120.610000,474,2,"688,689",2025-10-31T09:28:40.713811,1.4,1761883119.513000,480,2,"687,688",TRUE,TRUE,FALSE,FALSE,"Multi-ICG:688,689;Multi-ECG:687,688"
505,2025-10-31T09:28:41.715241,606.2,2025-10-31T09:28:41.914072,198.8,1761883121.812000,471,1,690,2025-10-31T09:28:41.915607,1.5,1761883120.715000,480,1,689,FALSE,FALSE,FALSE,FALSE,
506,2025-10-31T09:28:42.916758,607.4,2025-10-31T09:28:43.116765,200.0,1761883123.014000,469,1,691,2025-10-31T09:28:43.118385,1.6,1761883121.919000,481,1,690,FALSE,FALSE,FALSE,FALSE,
507,2025-10-31T09:28:44.119735,608.6,2025-10-31T09:28:44.319640,199.9,1761883124.217000,470,1,692,2025-10-31T09:28:44.321125,1.5,1761883123.121000,478,1,691,FALSE,FALSE,FALSE,FALSE,
508,2025-10-31T09:28:45.322330,609.8,2025-10-31T09:28:45.522256,199.9,1761883125.420000,469,1,693,2025-10-31T09:28:45.528464,6.2,1761883124.324000,480,1,692,FALSE,FALSE,FALSE,FALSE,
509,2025-10-31T09:28:46.529758,611.0,2025-10-31T09:28:46.725011,195.3,1761883126.622000,475,2,"694,695",2025-10-31T09:28:46.726391,1.4,1761883125.527000,482,2,"693,694",TRUE,TRUE,FALSE,FALSE,"Multi-ICG:694,695;Multi-ECG:693,694"
510,2025-10-31T09:28:47.727735,612.2,2025-10-31T09:28:47.928233,200.5,1761883127.826000,473,1,696,2025-10-31T09:28:47.929695,1.5,1761883126.729000,479,1,695,FALSE,FALSE,FALSE,FALSE,
511,2025-10-31T09:28:48.930949,613.4,2025-10-31T09:28:49.131283,200.3,1761883129.029000,471,1,697,2025-10-31T09:28:49.132801,1.5,1761883127.934000,479,1,696,FALSE,FALSE,FALSE,FALSE,
512,2025-10-31T09:28:50.133967,614.6,2025-10-31T09:28:50.334153,200.2,1761883130.232000,472,1,698,2025-10-31T09:28:50.336058,1.9,1761883129.136000,479,1,697,FALSE,FALSE,FALSE,FALSE,
513,2025-10-31T09:28:51.337550,615.8,2025-10-31T09:28:51.536376,198.8,1761883131.435000,470,1,699,2025-10-31T09:28:51.537911,1.6,1761883130.340000,480,1,698,FALSE,FALSE,FALSE,FALSE,
514,2025-10-31T09:28:52.539173,617.0,2025-10-31T09:28:52.738380,199.2,1761883132.637000,472,2,"700,701",2025-10-31T09:28:52.739747,1.4,1761883131.542000,481,2,"699,700",TRUE,TRUE,FALSE,FALSE,"Multi-ICG:700,701;Multi-ECG:699,700"
515,2025-10-31T09:28:53.741152,618.2,2025-10-31T09:28:53.940287,199.1,1761883133.839000,471,1,702,2025-10-31T09:28:53.941710,1.4,1761883132.744000,479,1,701,FALSE,FALSE,FALSE,FALSE,
516,2025-10-31T09:28:54.942895,619.4,2025-10-31T09:28:55.141864,199.0,1761883135.040000,471,1,703,2025-10-31T09:28:55.143400,1.5,1761883133.945000,479,1,702,FALSE,FALSE,FALSE,FALSE,
517,2025-10-31T09:28:56.144932,620.6,2025-10-31T09:28:56.348415,203.5,1761883136.242000,469,1,704,2025-10-31T09:28:56.350005,1.6,1761883135.147000,480,1,703,FALSE,FALSE,FALSE,FALSE,
518,2025-10-31T09:28:57.351124,621.8,2025-10-31T09:28:57.547523,196.4,1761883137.445000,473,2,"705,706",2025-10-31T09:28:57.549243,1.7,1761883136.449000,522,2,"704,705",TRUE,TRUE,FALSE,FALSE,"Multi-ICG:705,706;Multi-ECG:704,705"
519,2025-10-31T09:28:58.551113,623.0,2025-10-31T09:28:58.751463,200.4,1761883138.647000,469,1,707,2025-10-31T09:28:58.753168,1.7,1761883137.552000,440,1,706,FALSE,FALSE,FALSE,FALSE,
520,2025-10-31T09:28:59.754604,624.2,2025-10-31T09:28:59.953273,198.7,1761883139.850000,472,1,708,2025-10-31T09:28:59.954997,1.7,1761883138.755000,480,1,707,FALSE,FALSE,FALSE,FALSE,
521,2025-10-31T09:29:00.956238,625.4,2025-10-31T09:29:01.155700,199.5,1761883141.053000,473,1,709,2025-10-31T09:29:01.157162,1.4,1761883139.957000,478,1,708,FALSE,FALSE,FALSE,FALSE,
522,2025-10-31T09:29:02.158356,626.6,2025-10-31T09:29:02.358516,200.2,1761883142.256000,471,1,710,2025-10-31T09:29:02.360331,1.8,1761883141.159000,480,1,709,FALSE,FALSE,FALSE,FALSE,
523,2025-10-31T09:29:03.361738,627.8,2025-10-31T09:29:03.560839,199.1,1761883143.459000,471,2,"711,712",2025-10-31T09:29:03.562312,1.5,1761883142.364000,479,1,710,TRUE,FALSE,FALSE,FALSE,"Multi-ICG:711,712"
524,2025-10-31T09:29:04.563616,629.0,2025-10-31T09:29:04.762743,199.1,1761883144.661000,470,1,713,2025-10-31T09:29:04.764245,1.5,1761883143.566000,479,2,"711,712",FALSE,TRUE,FALSE,FALSE,"Multi-ECG:711,712"
525,2025-10-31T09:29:05.765544,630.2,2025-10-31T09:29:05.964593,199.0,1761883145.863000,471,1,714,2025-10-31T09:29:05.966034,1.4,1761883144.767000,479,1,713,FALSE,FALSE,FALSE,FALSE,
526,2025-10-31T09:29:06.967273,631.4,2025-10-31T09:29:07.170935,203.7,1761883147.065000,472,1,715,2025-10-31T09:29:07.172405,1.5,1761883145.971000,478,1,714,FALSE,FALSE,FALSE,FALSE,
527,2025-10-31T09:29:08.173558,632.6,2025-10-31T09:29:08.368471,194.9,1761883148.267000,473,1,716,2025-10-31T09:29:08.370054,1.6,1761883147.173000,479,1,715,FALSE,FALSE,FALSE,FALSE,
528,2025-10-31T09:29:09.371297,633.8,2025-10-31T09:29:09.570547,199.2,1761883149.468000,472,2,"717,718",2025-10-31T09:29:09.571883,1.3,1761883148.376000,481,1,716,TRUE,FALSE,FALSE,FALSE,"Multi-ICG:717,718"
529,2025-10-31T09:29:10.573195,635.0,2025-10-31T09:29:10.772538,199.3,1761883150.671000,470,1,719,2025-10-31T09:29:10.774137,1.6,1761883149.578000,479,2,"717,718",FALSE,TRUE,FALSE,FALSE,"Multi-ECG:717,718"
530,2025-10-31T09:29:11.775354,636.2,2025-10-31T09:29:11.975453,200.1,1761883151.872000,471,1,720,2025-10-31T09:29:11.977021,1.6,1761883150.780000,479,1,719,FALSE,FALSE,FALSE,FALSE,
531,2025-10-31T09:29:12.978219,637.5,2025-10-31T09:29:13.178484,200.3,1761883153.077000,474,1,721,2025-10-31T09:29:13.179783,1.3,1761883151.982000,480,1,720,FALSE,FALSE,FALSE,FALSE,
532,2025-10-31T09:29:14.181148,638.7,2025-10-31T09:29:14.380392,199.2,1761883154.279000,469,1,722,2025-10-31T09:29:14.381881,1.5,1761883153.184000,480,1,721,FALSE,FALSE,FALSE,FALSE,
533,2025-10-31T09:29:15.383105,639.9,2025-10-31T09:29:15.582613,199.5,1761883155.481000,474,2,"723,724",2025-10-31T09:29:15.584097,1.5,1761883154.386000,478,1,722,TRUE,FALSE,FALSE,FALSE,"Multi-ICG:723,724"
534,2025-10-31T09:29:16.585434,641.1,2025-10-31T09:29:16.785886,200.5,1761883156.683000,471,1,725,2025-10-31T09:29:16.791555,5.7,1761883155.589000,481,2,"723,724",FALSE,TRUE,FALSE,FALSE,"Multi-ECG:723,724"
535,2025-10-31T09:29:17.792878,642.3,2025-10-31T09:29:17.987624,194.7,1761883157.886000,473,1,726,2025-10-31T09:29:17.989103,1.5,1761883156.790000,479,1,725,FALSE,FALSE,FALSE,FALSE,
536,2025-10-31T09:29:18.990339,643.5,2025-10-31T09:29:19.189854,199.5,1761883159.088000,472,1,727,2025-10-31T09:29:19.191226,1.4,1761883157.993000,478,1,726,FALSE,FALSE,FALSE,FALSE,
537,2025-10-31T09:29:20.192392,644.7,2025-10-31T09:29:20.392398,200.0,1761883160.290000,472,1,728,2025-10-31T09:29:20.393819,1.4,1761883159.194000,480,1,727,FALSE,FALSE,FALSE,FALSE,
538,2025-10-31T09:29:21.395060,645.9,2025-10-31T09:29:21.594850,199.8,1761883161.493000,473,2,"729,730",2025-10-31T09:29:21.596280,1.4,1761883160.397000,479,1,728,TRUE,FALSE,FALSE,FALSE,"Multi-ICG:729,730"
539,2025-10-31T09:29:22.597602,647.1,2025-10-31T09:29:22.797796,200.2,1761883162.695000,470,1,731,2025-10-31T09:29:22.799364,1.6,1761883161.600000,479,2,"729,730",FALSE,TRUE,FALSE,FALSE,"Multi-ECG:729,730"
540,2025-10-31T09:29:23.800772,648.3,2025-10-31T09:29:24.000434,199.7,1761883163.898000,471,1,732,2025-10-31T09:29:24.001884,1.4,1761883162.801000,480,1,731,FALSE,FALSE,FALSE,FALSE,
541,2025-10-31T09:29:25.003123,649.5,2025-10-31T09:29:25.203939,200.8,1761883165.102000,473,1,733,2025-10-31T09:29:25.205781,1.8,1761883164.003000,478,1,732,FALSE,FALSE,FALSE,FALSE,
542,2025-10-31T09:29:26.207079,650.7,2025-10-31T09:29:26.406033,199.0,1761883166.304000,472,1,734,2025-10-31T09:29:26.407371,1.3,1761883165.207000,479,1,733,FALSE,FALSE,FALSE,FALSE,
543,2025-10-31T09:29:27.408508,651.9,2025-10-31T09:29:27.608687,200.2,1761883167.506000,471,2,"735,736",2025-10-31T09:29:27.614980,6.3,1761883166.409000,479,1,734,TRUE,FALSE,FALSE,FALSE,"Multi-ICG:735,736"
544,2025-10-31T09:29:28.616334,653.1,2025-10-31T09:29:28.811433,195.1,1761883168.710000,473,1,737,2025-10-31T09:29:28.812968,1.5,1761883167.611000,480,2,"735,736",FALSE,TRUE,FALSE,FALSE,"Multi-ECG:735,736"
545,2025-10-31T09:29:29.814294,654.3,2025-10-31T09:29:30.014163,199.9,1761883169.912000,471,1,738,2025-10-31T09:29:30.015649,1.5,1761883168.815000,480,1,737,FALSE,FALSE,FALSE,FALSE,
546,2025-10-31T09:29:31.016774,655.5,2025-10-31T09:29:31.217006,200.2,1761883171.115000,470,1,739,2025-10-31T09:29:31.218982,2.0,1761883170.017000,480,1,738,FALSE,FALSE,FALSE,FALSE,
547,2025-10-31T09:29:32.221507,656.7,2025-10-31T09:29:32.419503,198.0,1761883172.317000,470,1,740,2025-10-31T09:29:32.420931,1.4,1761883171.219000,480,1,739,FALSE,FALSE,FALSE,FALSE,
548,2025-10-31T09:29:33.422442,657.9,2025-10-31T09:29:33.622105,199.7,1761883173.520000,472,2,"741,742",2025-10-31T09:29:33.623989,1.9,1761883172.421000,480,1,740,TRUE,FALSE,FALSE,FALSE,"Multi-ICG:741,742"
549,2025-10-31T09:29:34.625337,659.1,2025-10-31T09:29:34.825147,199.8,1761883174.722000,468,1,743,2025-10-31T09:29:34.826769,1.6,1761883173.623000,481,2,"741,742",FALSE,TRUE,FALSE,FALSE,"Multi-ECG:741,742"
550,2025-10-31T09:29:35.828130,660.3,2025-10-31T09:29:36.028726,200.6,1761883175.926000,474,1,744,2025-10-31T09:29:36.030288,1.6,1761883174.925000,519,1,743,FALSE,FALSE,FALSE,FALSE,
551,2025-10-31T09:29:37.031450,661.5,2025-10-31T09:29:37.231634,200.2,1761883177.129000,471,1,745,2025-10-31T09:29:37.233080,1.4,1761883176.129000,480,1,744,FALSE,FALSE,FALSE,FALSE,
552,2025-10-31T09:29:38.234425,662.7,2025-10-31T09:29:38.434071,199.6,1761883178.332000,472,1,746,2025-10-31T09:29:38.440480,6.4,1761883177.331000,479,1,745,FALSE,FALSE,FALSE,FALSE,
553,2025-10-31T09:29:39.441690,663.9,2025-10-31T09:29:39.637201,195.5,1761883179.535000,473,2,"747,748",2025-10-31T09:29:39.639234,2.0,1761883178.533000,481,2,"746,747",TRUE,TRUE,FALSE,FALSE,"Multi-ICG:747,748;Multi-ECG:746,747"
554,2025-10-31T09:29:40.640946,665.1,2025-10-31T09:29:40.839130,198.2,1761883180.737000,470,1,749,2025-10-31T09:29:40.840680,1.5,1761883179.734000,480,1,748,FALSE,FALSE,FALSE,FALSE,
555,2025-10-31T09:29:41.841828,666.3,2025-10-31T09:29:42.041760,199.9,1761883181.939000,472,1,750,2025-10-31T09:29:42.043298,1.5,1761883180.937000,480,1,749,FALSE,FALSE,FALSE,FALSE,
556,2025-10-31T09:29:43.044436,667.5,2025-10-31T09:29:43.243788,199.4,1761883183.142000,473,1,751,2025-10-31T09:29:43.245544,1.8,1761883182.139000,480,1,750,FALSE,FALSE,FALSE,FALSE,
557,2025-10-31T09:29:44.246902,668.7,2025-10-31T09:29:44.446599,199.7,1761883184.345000,471,1,752,2025-10-31T09:29:44.448221,1.6,1761883183.342000,479,1,751,FALSE,FALSE,FALSE,FALSE,
558,2025-10-31T09:29:45.449430,669.9,2025-10-31T09:29:45.650690,201.3,1761883185.548000,473,2,"753,754",2025-10-31T09:29:45.651997,1.3,1761883184.544000,480,2,"752,753",TRUE,TRUE,FALSE,FALSE,"Multi-ICG:753,754;Multi-ECG:752,753"
559,2025-10-31T09:29:46.653275,671.1,2025-10-31T09:29:46.852819,199.5,1761883186.750000,471,1,755,2025-10-31T09:29:46.854421,1.6,1761883185.746000,479,1,754,FALSE,FALSE,FALSE,FALSE,
560,2025-10-31T09:29:47.855607,672.3,2025-10-31T09:29:48.055071,199.5,1761883187.953000,470,1,756,2025-10-31T09:29:48.056723,1.6,1761883186.949000,478,1,755,FALSE,FALSE,FALSE,FALSE,
561,2025-10-31T09:29:49.057888,673.5,2025-10-31T09:29:49.262373,204.5,1761883189.156000,473,1,757,2025-10-31T09:29:49.263765,1.4,1761883188.151000,479,1,756,FALSE,FALSE,FALSE,FALSE,
562,2025-10-31T09:29:50.264961,674.7,2025-10-31T09:29:50.460534,195.6,1761883190.358000,472,1,758,2025-10-31T09:29:50.462223,1.6,1761883189.354000,481,1,757,FALSE,FALSE,FALSE,FALSE,
563,2025-10-31T09:29:51.463381,675.9,2025-10-31T09:29:51.662478,199.1,1761883191.561000,474,2,"759,760",2025-10-31T09:29:51.663955,1.5,1761883190.557000,479,2,"758,759",TRUE,TRUE,FALSE,FALSE,"Multi-ICG:759,760;Multi-ECG:758,759"
564,2025-10-31T09:29:52.665387,677.1,2025-10-31T09:29:52.865305,199.9,1761883192.763000,472,1,761,2025-10-31T09:29:52.866807,1.5,1761883191.760000,479,1,760,FALSE,FALSE,FALSE,FALSE,
565,2025-10-31T09:29:53.867988,678.3,2025-10-31T09:29:54.068639,200.7,1761883193.967000,472,1,762,2025-10-31T09:29:54.070201,1.6,1761883192.962000,477,1,761,FALSE,FALSE,FALSE,FALSE,
566,2025-10-31T09:29:55.071365,679.5,2025-10-31T09:29:55.271839,200.5,1761883195.170000,472,1,763,2025-10-31T09:29:55.273314,1.5,1761883194.165000,479,1,762,FALSE,FALSE,FALSE,FALSE,
567,2025-10-31T09:29:56.274495,680.7,2025-10-31T09:29:56.474518,200.0,1761883196.373000,472,1,764,2025-10-31T09:29:56.475952,1.4,1761883195.368000,481,1,763,FALSE,FALSE,FALSE,FALSE,
568,2025-10-31T09:29:57.477100,681.9,2025-10-31T09:29:57.676147,199.0,1761883197.574000,473,2,"765,766",2025-10-31T09:29:57.677692,1.5,1761883196.571000,480,2,"764,765",TRUE,TRUE,FALSE,FALSE,"Multi-ICG:765,766;Multi-ECG:764,765"
569,2025-10-31T09:29:58.679090,683.2,2025-10-31T09:29:58.878990,199.9,1761883198.776000,473,1,767,2025-10-31T09:29:58.880471,1.5,1761883197.773000,481,1,766,FALSE,FALSE,FALSE,FALSE,
570,2025-10-31T09:29:59.881630,684.4,2025-10-31T09:30:00.087228,205.6,1761883199.980000,471,1,768,2025-10-31T09:30:00.088791,1.6,1761883198.975000,478,1,767,FALSE,FALSE,FALSE,FALSE,
571,2025-10-31T09:30:01.089955,685.6,2025-10-31T09:30:01.286174,196.2,1761883201.184000,470,1,769,2025-10-31T09:30:01.287927,1.7,1761883200.177000,479,1,768,FALSE,FALSE,FALSE,FALSE,
572,2025-10-31T09:30:02.289200,686.8,2025-10-31T09:30:02.489144,199.9,1761883202.386000,470,1,770,2025-10-31T09:30:02.490814,1.7,1761883201.379000,480,1,769,FALSE,FALSE,FALSE,FALSE,
573,2025-10-31T09:30:03.492088,688.0,2025-10-31T09:30:03.692744,200.7,1761883203.589000,471,2,"771,772",2025-10-31T09:30:03.694480,1.7,1761883202.581000,481,2,"770,771",TRUE,TRUE,FALSE,FALSE,"Multi-ICG:771,772;Multi-ECG:770,771"
574,2025-10-31T09:30:04.695842,689.2,2025-10-31T09:30:04.895503,199.7,1761883204.793000,472,1,773,2025-10-31T09:30:04.897149,1.6,1761883203.783000,480,1,772,FALSE,FALSE,FALSE,FALSE,
575,2025-10-31T09:30:05.898427,690.4,2025-10-31T09:30:06.097609,199.2,1761883205.995000,471,1,774,2025-10-31T09:30:06.099220,1.6,1761883204.985000,479,1,773,FALSE,FALSE,FALSE,FALSE,
576,2025-10-31T09:30:07.100409,691.6,2025-10-31T09:30:07.300628,200.2,1761883207.197000,472,1,775,2025-10-31T09:30:07.303356,2.7,1761883206.186000,479,1,774,FALSE,FALSE,FALSE,FALSE,
577,2025-10-31T09:30:08.304861,692.8,2025-10-31T09:30:08.502834,198.0,1761883208.401000,470,1,776,2025-10-31T09:30:08.504218,1.4,1761883207.389000,479,1,775,FALSE,FALSE,FALSE,FALSE,
578,2025-10-31T09:30:09.505386,694.0,2025-10-31T09:30:09.707081,201.7,1761883209.604000,475,2,"777,778",2025-10-31T09:30:09.714809,7.7,1761883208.592000,480,2,"776,777",TRUE,TRUE,FALSE,FALSE,"Multi-ICG:777,778;Multi-ECG:776,777"
579,2025-10-31T09:30:10.716996,695.2,2025-10-31T09:30:10.909563,192.6,1761883210.807000,473,1,779,2025-10-31T09:30:10.911156,1.6,1761883209.796000,481,1,778,FALSE,FALSE,FALSE,FALSE,
580,2025-10-31T09:30:11.912366,696.4,2025-10-31T09:30:12.113038,200.7,1761883212.010000,473,1,780,2025-10-31T09:30:12.114511,1.5,1761883210.998000,480,1,779,FALSE,FALSE,FALSE,FALSE,
581,2025-10-31T09:30:13.115737,697.6,2025-10-31T09:30:13.315562,199.8,1761883213.214000,470,1,781,2025-10-31T09:30:13.317040,1.5,1761883212.200000,479,1,780,FALSE,FALSE,FALSE,FALSE,
582,2025-10-31T09:30:14.318299,698.8,2025-10-31T09:30:14.518163,199.9,1761883214.415000,470,1,782,2025-10-31T09:30:14.519830,1.7,1761883213.402000,480,1,781,FALSE,FALSE,FALSE,FALSE,
583,2025-10-31T09:30:15.521102,700.0,2025-10-31T09:30:15.720279,199.2,1761883215.619000,472,2,"783,784",2025-10-31T09:30:15.721650,1.4,1761883214.605000,481,2,"782,783",TRUE,TRUE,FALSE,FALSE,"Multi-ICG:783,784;Multi-ECG:782,783"
584,2025-10-31T09:30:16.723431,701.2,2025-10-31T09:30:16.922508,199.1,1761883216.821000,471,1,785,2025-10-31T09:30:16.924088,1.6,1761883215.807000,479,1,784,FALSE,FALSE,FALSE,FALSE,
585,2025-10-31T09:30:17.925318,702.4,2025-10-31T09:30:18.124079,198.8,1761883218.023000,472,1,786,2025-10-31T09:30:18.125711,1.6,1761883217.009000,480,1,785,FALSE,FALSE,FALSE,FALSE,
586,2025-10-31T09:30:19.126997,703.6,2025-10-31T09:30:19.326098,199.1,1761883219.224000,472,1,787,2025-10-31T09:30:19.327574,1.5,1761883218.211000,478,1,786,FALSE,FALSE,FALSE,FALSE,
587,2025-10-31T09:30:20.328834,704.8,2025-10-31T09:30:20.527684,198.8,1761883220.426000,468,1,788,2025-10-31T09:30:20.533615,5.9,1761883219.414000,479,1,787,FALSE,FALSE,FALSE,FALSE,
588,2025-10-31T09:30:21.534869,706.0,2025-10-31T09:30:21.729608,194.7,1761883221.628000,471,2,"789,790",2025-10-31T09:30:21.731080,1.5,1761883220.616000,481,2,"788,789",TRUE,TRUE,FALSE,FALSE,"Multi-ICG:789,790;Multi-ECG:788,789"
589,2025-10-31T09:30:22.732490,707.2,2025-10-31T09:30:22.933229,200.7,1761883222.829000,472,1,791,2025-10-31T09:30:22.934840,1.6,1761883221.819000,480,1,790,FALSE,FALSE,FALSE,FALSE,
590,2025-10-31T09:30:23.935992,708.4,2025-10-31T09:30:24.135885,199.9,1761883224.034000,471,1,792,2025-10-31T09:30:24.137423,1.5,1761883223.021000,479,1,791,FALSE,FALSE,FALSE,FALSE,
591,2025-10-31T09:30:25.138714,709.6,2025-10-31T09:30:25.338706,200.0,1761883225.237000,472,1,793,2025-10-31T09:30:25.340143,1.4,1761883224.223000,480,1,792,FALSE,FALSE,FALSE,FALSE,
592,2025-10-31T09:30:26.341336,710.8,2025-10-31T09:30:26.540162,198.8,1761883226.438000,471,1,794,2025-10-31T09:30:26.541655,1.5,1761883225.425000,479,1,793,FALSE,FALSE,FALSE,FALSE,
593,2025-10-31T09:30:27.542941,712.0,2025-10-31T09:30:27.742436,199.5,1761883227.641000,471,2,"795,796",2025-10-31T09:30:27.743979,1.5,1761883226.627000,481,2,"794,795",TRUE,TRUE,FALSE,FALSE,"Multi-ICG:795,796;Multi-ECG:794,795"
594,2025-10-31T09:30:28.745469,713.2,2025-10-31T09:30:28.944705,199.2,1761883228.843000,470,1,797,2025-10-31T09:30:28.946383,1.7,1761883227.828000,479,1,796,FALSE,FALSE,FALSE,FALSE,
595,2025-10-31T09:30:29.947960,714.4,2025-10-31T09:30:30.147339,199.4,1761883230.044000,473,1,798,2025-10-31T09:30:30.149064,1.7,1761883229.030000,480,1,797,FALSE,FALSE,FALSE,FALSE,
596,2025-10-31T09:30:31.150523,715.6,2025-10-31T09:30:31.348676,198.2,1761883231.247000,474,1,799,2025-10-31T09:30:31.354684,6.0,1761883230.232000,478,1,798,FALSE,FALSE,FALSE,FALSE,
597,2025-10-31T09:30:32.355845,716.8,2025-10-31T09:30:32.827495,471.6,1761883232.449000,472,1,800,2025-10-31T09:30:32.828430,0.9,1761883231.434000,478,1,799,FALSE,FALSE,FALSE,FALSE,
598,2025-10-31T09:30:33.829201,718.3,2025-10-31T09:30:33.953994,124.8,1761883233.852000,557,2,"801,802",2025-10-31T09:30:33.955080,1.1,1761883232.836000,559,2,"800,801",TRUE,TRUE,FALSE,FALSE,"Multi-ICG:801,802;Multi-ECG:800,801"
599,2025-10-31T09:30:34.956130,719.4,2025-10-31T09:30:35.156460,200.3,1761883235.055000,473,1,803,2025-10-31T09:30:35.157320,0.8,1761883234.038000,479,1,802,FALSE,FALSE,FALSE,FALSE,
600,2025-10-31T09:30:36.158298,720.6,2025-10-31T09:30:36.358702,200.4,1761883236.257000,478,1,804,2025-10-31T09:30:36.359772,1.1,1761883235.239000,482,1,803,FALSE,FALSE,FALSE,FALSE,
601,2025-10-31T09:30:37.360530,721.8,2025-10-31T09:30:37.560610,200.1,1761883237.459000,475,1,805,2025-10-31T09:30:37.561462,0.8,1761883236.441000,480,1,804,FALSE,FALSE,FALSE,FALSE,
602,2025-10-31T09:30:38.562468,723.0,2025-10-31T09:30:38.765001,202.6,1761883238.662000,474,2,"806,807",2025-10-31T09:30:38.766621,1.6,1761883237.642000,482,2,"805,806",TRUE,TRUE,FALSE,FALSE,"Multi-ICG:806,807;Multi-ECG:805,806"
603,2025-10-31T09:30:39.768009,724.2,2025-10-31T09:30:39.967833,199.8,1761883239.865000,473,1,808,2025-10-31T09:30:39.969395,1.6,1761883238.844000,479,1,807,FALSE,FALSE,FALSE,FALSE,
604,2025-10-31T09:30:40.970650,725.4,2025-10-31T09:30:41.170176,199.5,1761883241.068000,471,1,809,2025-10-31T09:30:41.171519,1.3,1761883240.046000,479,1,808,FALSE,FALSE,FALSE,FALSE,
605,2025-10-31T09:30:42.172746,726.6,2025-10-31T09:30:42.372721,200.0,1761883242.271000,471,1,810,2025-10-31T09:30:42.378742,6.0,1761883241.248000,479,1,809,FALSE,FALSE,FALSE,FALSE,
606,2025-10-31T09:30:43.379903,727.9,2025-10-31T09:30:43.574989,195.1,1761883243.473000,472,1,811,2025-10-31T09:30:43.577158,2.2,1761883242.450000,478,1,810,FALSE,FALSE,FALSE,FALSE,
607,2025-10-31T09:30:44.578636,729.1,2025-10-31T09:30:44.776351,197.7,1761883244.674000,472,2,"812,813",2025-10-31T09:30:44.777817,1.5,1761883243.651000,479,2,"811,812",TRUE,TRUE,FALSE,FALSE,"Multi-ICG:812,813;Multi-ECG:811,812"
608,2025-10-31T09:30:45.779482,730.3,2025-10-31T09:30:45.978314,198.8,1761883245.876000,472,1,814,2025-10-31T09:30:45.980292,2.0,1761883244.853000,479,1,813,FALSE,FALSE,FALSE,FALSE,
609,2025-10-31T09:30:46.981499,731.5,2025-10-31T09:30:47.179937,198.4,1761883247.079000,471,1,815,2025-10-31T09:30:47.181468,1.5,1761883246.055000,479,1,814,FALSE,FALSE,FALSE,FALSE,
610,2025-10-31T09:30:48.182721,732.7,2025-10-31T09:30:48.382176,199.5,1761883248.280000,473,1,816,2025-10-31T09:30:48.383684,1.5,1761883247.257000,479,1,815,FALSE,FALSE,FALSE,FALSE,
611,2025-10-31T09:30:49.384830,733.9,2025-10-31T09:30:49.583888,199.1,1761883249.482000,471,1,817,2025-10-31T09:30:49.585361,1.5,1761883248.459000,478,1,816,FALSE,FALSE,FALSE,FALSE,
612,2025-10-31T09:30:50.586592,735.1,2025-10-31T09:30:50.786109,199.5,1761883250.684000,472,2,"818,819",2025-10-31T09:30:50.787420,1.3,1761883249.661000,480,2,"817,818",TRUE,TRUE,FALSE,FALSE,"Multi-ICG:818,819;Multi-ECG:817,818"
613,2025-10-31T09:30:51.788760,736.3,2025-10-31T09:30:51.988055,199.3,1761883251.886000,472,1,820,2025-10-31T09:30:51.989554,1.5,1761883250.862000,477,1,819,FALSE,FALSE,FALSE,FALSE,
614,2025-10-31T09:30:52.990829,737.5,2025-10-31T09:30:53.189735,198.9,1761883253.088000,469,1,821,2025-10-31T09:30:53.195630,5.9,1761883252.064000,477,1,820,FALSE,FALSE,FALSE,FALSE,
615,2025-10-31T09:30:54.196788,738.7,2025-10-31T09:30:54.393654,196.9,1761883254.291000,469,1,822,2025-10-31T09:30:54.395152,1.5,1761883253.267000,480,1,821,FALSE,FALSE,FALSE,FALSE,
616,2025-10-31T09:30:55.396300,739.9,2025-10-31T09:30:55.596304,200.0,1761883255.495000,474,2,"823,824",2025-10-31T09:30:55.597744,1.4,1761883254.468000,479,1,822,TRUE,FALSE,FALSE,FALSE,"Multi-ICG:823,824"
617,2025-10-31T09:30:56.599418,741.1,2025-10-31T09:30:56.798342,198.9,1761883256.697000,472,1,825,2025-10-31T09:30:56.799916,1.6,1761883255.670000,481,2,"823,824",FALSE,TRUE,FALSE,FALSE,"Multi-ECG:823,824"
618,2025-10-31T09:30:57.801538,742.3,2025-10-31T09:30:58.000404,198.9,1761883257.898000,471,1,826,2025-10-31T09:30:58.001765,1.3,1761883256.872000,479,1,825,FALSE,FALSE,FALSE,FALSE,
619,2025-10-31T09:30:59.003013,743.5,2025-10-31T09:30:59.203128,200.1,1761883259.100000,472,1,827,2025-10-31T09:30:59.205004,1.9,1761883258.074000,480,1,826,FALSE,FALSE,FALSE,FALSE,
620,2025-10-31T09:31:00.206210,744.7,2025-10-31T09:31:00.405091,198.9,1761883260.303000,471,1,828,2025-10-31T09:31:00.406911,1.8,1761883259.277000,481,1,827,FALSE,FALSE,FALSE,FALSE,
621,2025-10-31T09:31:01.408159,745.9,2025-10-31T09:31:01.606926,198.8,1761883261.505000,472,2,"829,830",2025-10-31T09:31:01.608470,1.5,1761883260.478000,478,1,828,TRUE,FALSE,FALSE,FALSE,"Multi-ICG:829,830"
622,2025-10-31T09:31:02.609753,747.1,2025-10-31T09:31:02.808596,198.8,1761883262.707000,470,1,831,2025-10-31T09:31:02.810197,1.6,1761883261.680000,480,2,"829,830",FALSE,TRUE,FALSE,FALSE,"Multi-ECG:829,830"
623,2025-10-31T09:31:03.811472,748.3,2025-10-31T09:31:04.015133,203.7,1761883263.909000,470,1,832,2025-10-31T09:31:04.016562,1.4,1761883262.882000,480,1,831,FALSE,FALSE,FALSE,FALSE,
624,2025-10-31T09:31:05.017703,749.5,2025-10-31T09:31:05.213794,196.1,1761883265.111000,472,1,833,2025-10-31T09:31:05.215542,1.7,1761883264.084000,477,1,832,FALSE,FALSE,FALSE,FALSE,
625,2025-10-31T09:31:06.216800,750.7,2025-10-31T09:31:06.416082,199.3,1761883266.314000,470,1,834,2025-10-31T09:31:06.418174,2.1,1761883265.286000,479,1,833,FALSE,FALSE,FALSE,FALSE,
626,2025-10-31T09:31:07.419416,751.9,2025-10-31T09:31:07.618323,198.9,1761883267.517000,473,2,"835,836",2025-10-31T09:31:07.619979,1.6,1761883266.488000,479,1,834,TRUE,FALSE,FALSE,FALSE,"Multi-ICG:835,836"
627,2025-10-31T09:31:08.621458,753.1,2025-10-31T09:31:08.820528,199.1,1761883268.719000,472,1,837,2025-10-31T09:31:08.822072,1.5,1761883267.690000,480,2,"835,836",FALSE,TRUE,FALSE,FALSE,"Multi-ECG:835,836"
628,2025-10-31T09:31:09.823674,754.3,2025-10-31T09:31:10.022209,198.5,1761883269.920000,473,1,838,2025-10-31T09:31:10.023674,1.5,1761883268.892000,478,1,837,FALSE,FALSE,FALSE,FALSE,
629,2025-10-31T09:31:11.024825,755.5,2025-10-31T09:31:11.225055,200.2,1761883271.123000,471,1,839,2025-10-31T09:31:11.226454,1.4,1761883270.094000,476,1,838,FALSE,FALSE,FALSE,FALSE,
630,2025-10-31T09:31:12.227599,756.7,2025-10-31T09:31:12.427986,200.4,1761883272.325000,471,1,840,2025-10-31T09:31:12.429609,1.6,1761883271.297000,479,1,839,FALSE,FALSE,FALSE,FALSE,
631,2025-10-31T09:31:13.430900,757.9,2025-10-31T09:31:13.630366,199.5,1761883273.528000,472,2,"841,842",2025-10-31T09:31:13.632000,1.6,1761883272.499000,480,2,"840,841",TRUE,TRUE,FALSE,FALSE,"Multi-ICG:841,842;Multi-ECG:840,841"
632,2025-10-31T09:31:14.633689,759.1,2025-10-31T09:31:14.836873,203.2,1761883274.730000,473,1,843,2025-10-31T09:31:14.838447,1.6,1761883273.701000,479,1,842,FALSE,FALSE,FALSE,FALSE,
633,2025-10-31T09:31:15.839556,760.3,2025-10-31T09:31:16.035830,196.3,1761883275.933000,472,1,844,2025-10-31T09:31:16.037336,1.5,1761883274.903000,479,1,843,FALSE,FALSE,FALSE,FALSE,
634,2025-10-31T09:31:17.038516,761.5,2025-10-31T09:31:17.239981,201.5,1761883277.137000,472,1,845,2025-10-31T09:31:17.241423,1.4,1761883276.105000,479,1,844,FALSE,FALSE,FALSE,FALSE,
635,2025-10-31T09:31:18.242758,762.7,2025-10-31T09:31:18.442598,199.8,1761883278.340000,472,1,846,2025-10-31T09:31:18.444024,1.4,1761883277.307000,478,1,845,FALSE,FALSE,FALSE,FALSE,
636,2025-10-31T09:31:19.445164,763.9,2025-10-31T09:31:19.644485,199.3,1761883279.543000,474,2,"847,848",2025-10-31T09:31:19.645996,1.5,1761883278.508000,479,2,"846,847",TRUE,TRUE,FALSE,FALSE,"Multi-ICG:847,848;Multi-ECG:846,847"
637,2025-10-31T09:31:20.647242,765.1,2025-10-31T09:31:20.846464,199.2,1761883280.745000,473,1,849,2025-10-31T09:31:20.847773,1.3,1761883279.710000,478,1,848,FALSE,FALSE,FALSE,FALSE,
638,2025-10-31T09:31:21.848916,766.3,2025-10-31T09:31:22.048500,199.6,1761883281.947000,467,1,850,2025-10-31T09:31:22.050203,1.7,1761883280.913000,477,1,849,FALSE,FALSE,FALSE,FALSE,
639,2025-10-31T09:31:23.051678,767.5,2025-10-31T09:31:23.250411,198.7,1761883283.148000,473,1,851,2025-10-31T09:31:23.252088,1.7,1761883282.115000,479,1,850,FALSE,FALSE,FALSE,FALSE,
640,2025-10-31T09:31:24.253572,768.7,2025-10-31T09:31:24.453118,199.5,1761883284.351000,469,1,852,2025-10-31T09:31:24.454549,1.4,1761883283.318000,481,1,851,FALSE,FALSE,FALSE,FALSE,
641,2025-10-31T09:31:25.455910,769.9,2025-10-31T09:31:25.659889,204.0,1761883285.553000,473,2,"853,854",2025-10-31T09:31:25.661379,1.5,1761883284.520000,481,2,"852,853",TRUE,TRUE,FALSE,FALSE,"Multi-ICG:853,854;Multi-ECG:852,853"
642,2025-10-31T09:31:26.662742,771.1,2025-10-31T09:31:26.857974,195.2,1761883286.756000,471,1,855,2025-10-31T09:31:26.859666,1.7,1761883285.723000,479,1,854,FALSE,FALSE,FALSE,FALSE,
643,2025-10-31T09:31:27.861133,772.3,2025-10-31T09:31:28.060326,199.2,1761883287.958000,471,1,856,2025-10-31T09:31:28.061690,1.4,1761883286.925000,481,1,855,FALSE,FALSE,FALSE,FALSE,
644,2025-10-31T09:31:29.063114,773.5,2025-10-31T09:31:29.262389,199.3,1761883289.161000,472,1,857,2025-10-31T09:31:29.263980,1.6,1761883288.127000,478,1,856,FALSE,FALSE,FALSE,FALSE,
645,2025-10-31T09:31:30.265224,774.7,2025-10-31T09:31:30.464348,199.1,1761883290.363000,471,1,858,2025-10-31T09:31:30.465675,1.3,1761883289.330000,479,1,857,FALSE,FALSE,FALSE,FALSE,
646,2025-10-31T09:31:31.467050,775.9,2025-10-31T09:31:31.666646,199.6,1761883291.564000,474,2,"859,860",2025-10-31T09:31:31.668084,1.4,1761883290.533000,481,2,"858,859",TRUE,TRUE,FALSE,FALSE,"Multi-ICG:859,860;Multi-ECG:858,859"
647,2025-10-31T09:31:32.669399,777.1,2025-10-31T09:31:32.869067,199.7,1761883292.766000,472,1,861,2025-10-31T09:31:32.871906,2.8,1761883291.736000,479,1,860,FALSE,FALSE,FALSE,FALSE,
648,2025-10-31T09:31:33.873491,778.3,2025-10-31T09:31:34.071368,197.9,1761883293.969000,472,1,862,2025-10-31T09:31:34.072762,1.4,1761883292.939000,479,1,861,FALSE,FALSE,FALSE,FALSE,
649,2025-10-31T09:31:35.073973,779.5,2025-10-31T09:31:35.273166,199.2,1761883295.171000,472,1,863,2025-10-31T09:31:35.279185,6.0,1761883294.141000,479,1,862,FALSE,FALSE,FALSE,FALSE,
650,2025-10-31T09:31:36.280387,780.8,2025-10-31T09:31:36.475196,194.8,1761883296.374000,471,1,864,2025-10-31T09:31:36.476688,1.5,1761883295.343000,478,1,863,FALSE,FALSE,FALSE,FALSE,
651,2025-10-31T09:31:37.477823,781.9,2025-10-31T09:31:37.677041,199.2,1761883297.576000,474,2,"865,866",2025-10-31T09:31:37.678556,1.5,1761883296.545000,481,2,"864,865",TRUE,TRUE,FALSE,FALSE,"Multi-ICG:865,866;Multi-ECG:864,865"
652,2025-10-31T09:31:38.680145,783.2,2025-10-31T09:31:38.879435,199.3,1761883298.777000,470,1,867,2025-10-31T09:31:38.880934,1.5,1761883297.748000,481,1,866,FALSE,FALSE,FALSE,FALSE,
653,2025-10-31T09:31:39.882234,784.4,2025-10-31T09:31:40.081307,199.1,1761883299.980000,470,1,868,2025-10-31T09:31:40.082884,1.6,1761883298.951000,479,1,867,FALSE,FALSE,FALSE,FALSE,
654,2025-10-31T09:31:41.084048,785.6,2025-10-31T09:31:41.283469,199.4,1761883301.181000,470,1,869,2025-10-31T09:31:41.284947,1.5,1761883300.153000,478,1,868,FALSE,FALSE,FALSE,FALSE,
655,2025-10-31T09:31:42.286273,786.8,2025-10-31T09:31:42.486409,200.1,1761883302.384000,471,1,870,2025-10-31T09:31:42.488023,1.6,1761883301.356000,480,1,869,FALSE,FALSE,FALSE,FALSE,
656,2025-10-31T09:31:43.489221,788.0,2025-10-31T09:31:43.688899,199.7,1761883303.587000,474,2,"871,872",2025-10-31T09:31:43.690496,1.6,1761883302.559000,481,2,"870,871",TRUE,TRUE,FALSE,FALSE,"Multi-ICG:871,872;Multi-ECG:870,871"
657,2025-10-31T09:31:44.691881,789.2,2025-10-31T09:31:44.890839,199.0,1761883304.789000,469,1,873,2025-10-31T09:31:44.892293,1.4,1761883303.763000,479,1,872,FALSE,FALSE,FALSE,FALSE,
658,2025-10-31T09:31:45.893411,790.4,2025-10-31T09:31:46.093994,200.6,1761883305.991000,470,1,874,2025-10-31T09:31:46.099905,5.9,1761883304.966000,479,1,873,FALSE,FALSE,FALSE,FALSE,
659,2025-10-31T09:31:47.101119,791.6,2025-10-31T09:31:47.297049,195.9,1761883307.195000,470,1,875,2025-10-31T09:31:47.298508,1.5,1761883306.168000,480,1,874,FALSE,FALSE,FALSE,FALSE,
660,2025-10-31T09:31:48.299706,792.8,2025-10-31T09:31:48.499313,199.6,1761883308.398000,472,1,876,2025-10-31T09:31:48.500761,1.4,1761883307.372000,480,1,875,FALSE,FALSE,FALSE,FALSE,
661,2025-10-31T09:31:49.501894,794.0,2025-10-31T09:31:49.701474,199.6,1761883309.599000,474,2,"877,878",2025-10-31T09:31:49.703029,1.5,1761883308.574000,481,2,"876,877",TRUE,TRUE,FALSE,FALSE,"Multi-ICG:877,878;Multi-ECG:876,877"
662,2025-10-31T09:31:50.704416,795.2,2025-10-31T09:31:50.904032,199.6,1761883310.802000,471,1,879,2025-10-31T09:31:50.905369,1.3,1761883309.776000,479,1,878,FALSE,FALSE,FALSE,FALSE,
663,2025-10-31T09:31:51.906575,796.4,2025-10-31T09:31:52.106615,200.0,1761883312.005000,472,1,880,2025-10-31T09:31:52.108287,1.7,1761883310.979000,479,1,879,FALSE,FALSE,FALSE,FALSE,
664,2025-10-31T09:31:53.109470,797.6,2025-10-31T09:31:53.308505,199.0,1761883313.207000,471,1,881,2025-10-31T09:31:53.310046,1.5,1761883312.181000,479,1,880,FALSE,FALSE,FALSE,FALSE,
665,2025-10-31T09:31:54.311197,798.8,2025-10-31T09:31:54.510860,199.7,1761883314.409000,472,1,882,2025-10-31T09:31:54.512307,1.4,1761883313.383000,480,1,881,FALSE,FALSE,FALSE,FALSE,
666,2025-10-31T09:31:55.513471,800.0,2025-10-31T09:31:55.713062,199.6,1761883315.611000,474,2,"883,884",2025-10-31T09:31:55.714563,1.5,1761883314.584000,480,2,"882,883",TRUE,TRUE,FALSE,FALSE,"Multi-ICG:883,884;Multi-ECG:882,883"
667,2025-10-31T09:31:56.716169,801.2,2025-10-31T09:31:56.919992,203.8,1761883316.814000,471,1,885,2025-10-31T09:31:56.921392,1.4,1761883315.786000,479,1,884,FALSE,FALSE,FALSE,FALSE,
668,2025-10-31T09:31:57.922608,802.4,2025-10-31T09:31:58.118659,196.1,1761883318.016000,471,1,886,2025-10-31T09:31:58.120285,1.6,1761883316.988000,479,1,885,FALSE,FALSE,FALSE,FALSE,
669,2025-10-31T09:31:59.121595,803.6,2025-10-31T09:31:59.321530,199.9,1761883319.219000,471,1,887,2025-10-31T09:31:59.323080,1.5,1761883318.190000,479,1,886,FALSE,FALSE,FALSE,FALSE,
670,2025-10-31T09:32:00.324256,804.8,2025-10-31T09:32:00.524289,200.0,1761883320.422000,472,1,888,2025-10-31T09:32:00.525620,1.3,1761883319.392000,479,1,887,FALSE,FALSE,FALSE,FALSE,
671,2025-10-31T09:32:01.526825,806.0,2025-10-31T09:32:01.726382,199.6,1761883321.624000,471,2,"889,890",2025-10-31T09:32:01.727870,1.5,1761883320.595000,481,2,"888,889",TRUE,TRUE,FALSE,FALSE,"Multi-ICG:889,890;Multi-ECG:888,889"
672,2025-10-31T09:32:02.729439,807.2,2025-10-31T09:32:02.928005,198.6,1761883322.826000,473,1,891,2025-10-31T09:32:02.929478,1.5,1761883321.796000,479,1,890,FALSE,FALSE,FALSE,FALSE,
673,2025-10-31T09:32:03.930726,808.4,2025-10-31T09:32:04.130464,199.7,1761883324.028000,472,1,892,2025-10-31T09:32:04.131738,1.3,1761883322.998000,479,1,891,FALSE,FALSE,FALSE,FALSE,
674,2025-10-31T09:32:05.132902,809.6,2025-10-31T09:32:05.333178,200.3,1761883325.230000,471,1,893,2025-10-31T09:32:05.334760,1.6,1761883324.201000,477,1,892,FALSE,FALSE,FALSE,FALSE,
675,2025-10-31T09:32:06.335901,810.8,2025-10-31T09:32:06.535330,199.4,1761883326.433000,471,1,894,2025-10-31T09:32:06.536760,1.4,1761883325.404000,479,1,893,FALSE,FALSE,FALSE,FALSE,
676,2025-10-31T09:32:07.537886,812.0,2025-10-31T09:32:07.741807,203.9,1761883327.635000,473,2,"895,896",2025-10-31T09:32:07.743222,1.4,1761883326.605000,480,2,"894,895",TRUE,TRUE,FALSE,FALSE,"Multi-ICG:895,896;Multi-ECG:894,895"
677,2025-10-31T09:32:08.744993,813.2,2025-10-31T09:32:08.940335,195.3,1761883328.838000,472,1,897,2025-10-31T09:32:08.941784,1.4,1761883327.808000,478,1,896,FALSE,FALSE,FALSE,FALSE,
678,2025-10-31T09:32:09.942957,814.4,2025-10-31T09:32:10.143140,200.2,1761883330.041000,473,1,898,2025-10-31T09:32:10.144503,1.4,1761883329.010000,479,1,897,FALSE,FALSE,FALSE,FALSE,
679,2025-10-31T09:32:11.145629,815.6,2025-10-31T09:32:11.346724,201.1,1761883331.244000,472,1,899,2025-10-31T09:32:11.348391,1.7,1761883330.212000,479,1,898,FALSE,FALSE,FALSE,FALSE,
680,2025-10-31T09:32:12.349644,816.8,2025-10-31T09:32:12.548647,199.0,1761883332.447000,471,1,900,2025-10-31T09:32:12.550531,1.9,1761883331.414000,480,1,899,FALSE,FALSE,FALSE,FALSE,
681,2025-10-31T09:32:13.552100,818.0,2025-10-31T09:32:13.750410,198.3,1761883333.648000,472,2,"901,902",2025-10-31T09:32:13.751775,1.4,1761883332.618000,481,2,"900,901",TRUE,TRUE,FALSE,FALSE,"Multi-ICG:901,902;Multi-ECG:900,901"
682,2025-10-31T09:32:14.753103,819.2,2025-10-31T09:32:14.952668,199.6,1761883334.850000,468,1,903,2025-10-31T09:32:14.954192,1.5,1761883333.821000,479,1,902,FALSE,FALSE,FALSE,FALSE,
683,2025-10-31T09:32:15.955303,820.4,2025-10-31T09:32:16.154821,199.5,1761883336.053000,471,1,904,2025-10-31T09:32:16.156408,1.6,1761883335.023000,480,1,903,FALSE,FALSE,FALSE,FALSE,
684,2025-10-31T09:32:17.157621,821.6,2025-10-31T09:32:17.357362,199.7,1761883337.255000,470,1,905,2025-10-31T09:32:17.358767,1.4,1761883336.226000,480,1,904,FALSE,FALSE,FALSE,FALSE,
685,2025-10-31T09:32:18.359903,822.8,2025-10-31T09:32:18.563796,203.9,1761883338.457000,470,1,906,2025-10-31T09:32:18.565342,1.5,1761883337.427000,479,1,905,FALSE,FALSE,FALSE,FALSE,
686,2025-10-31T09:32:19.566522,824.0,2025-10-31T09:32:19.761649,195.1,1761883339.659000,470,2,"907,908",2025-10-31T09:32:19.763197,1.5,1761883338.630000,481,2,"906,907",TRUE,TRUE,FALSE,FALSE,"Multi-ICG:907,908;Multi-ECG:906,907"
687,2025-10-31T09:32:20.764510,825.2,2025-10-31T09:32:20.964405,199.9,1761883340.862000,471,1,909,2025-10-31T09:32:20.965871,1.5,1761883339.833000,481,1,908,FALSE,FALSE,FALSE,FALSE,
688,2025-10-31T09:32:21.967222,826.4,2025-10-31T09:32:22.169896,202.7,1761883342.065000,473,1,910,2025-10-31T09:32:22.171649,1.7,1761883341.035000,480,1,909,FALSE,FALSE,FALSE,FALSE,
689,2025-10-31T09:32:23.172899,827.6,2025-10-31T09:32:23.370309,197.4,1761883343.268000,471,1,911,2025-10-31T09:32:23.371938,1.6,1761883342.236000,479,1,910,FALSE,FALSE,FALSE,FALSE,
690,2025-10-31T09:32:24.373087,828.8,2025-10-31T09:32:24.572818,199.7,1761883344.470000,470,1,912,2025-10-31T09:32:24.574951,2.1,1761883343.439000,480,1,911,FALSE,FALSE,FALSE,FALSE,
691,2025-10-31T09:32:25.576157,830.0,2025-10-31T09:32:25.775731,199.6,1761883345.673000,472,2,"913,914",2025-10-31T09:32:25.777864,2.1,1761883344.641000,480,2,"912,913",TRUE,TRUE,FALSE,FALSE,"Multi-ICG:913,914;Multi-ECG:912,913"
692,2025-10-31T09:32:26.779799,831.3,2025-10-31T09:32:26.979179,199.4,1761883346.877000,474,1,915,2025-10-31T09:32:26.980568,1.4,1761883345.843000,480,1,914,FALSE,FALSE,FALSE,FALSE,
693,2025-10-31T09:32:27.981689,832.5,2025-10-31T09:32:28.182637,200.9,1761883348.080000,471,1,916,2025-10-31T09:32:28.188271,5.6,1761883347.045000,478,1,915,FALSE,FALSE,FALSE,FALSE,
694,2025-10-31T09:32:29.189415,833.7,2025-10-31T09:32:29.384463,195.0,1761883349.283000,471,1,917,2025-10-31T09:32:29.386070,1.6,1761883348.247000,478,1,916,FALSE,FALSE,FALSE,FALSE,
695,2025-10-31T09:32:30.387231,834.9,2025-10-31T09:32:30.587263,200.0,1761883350.485000,471,1,918,2025-10-31T09:32:30.588639,1.4,1761883349.449000,479,1,917,FALSE,FALSE,FALSE,FALSE,
696,2025-10-31T09:32:31.589761,836.1,2025-10-31T09:32:31.790134,200.4,1761883351.687000,473,2,"919,920",2025-10-31T09:32:31.791581,1.4,1761883350.651000,479,2,"918,919",TRUE,TRUE,FALSE,FALSE,"Multi-ICG:919,920;Multi-ECG:918,919"
697,2025-10-31T09:32:32.792925,837.3,2025-10-31T09:32:32.993580,200.7,1761883352.892000,474,1,921,2025-10-31T09:32:32.995180,1.6,1761883351.854000,479,1,920,FALSE,FALSE,FALSE,FALSE,
698,2025-10-31T09:32:33.996387,838.5,2025-10-31T09:32:34.196227,199.8,1761883354.094000,472,1,922,2025-10-31T09:32:34.197859,1.6,1761883353.055000,479,1,921,FALSE,FALSE,FALSE,FALSE,
699,2025-10-31T09:32:35.199283,839.7,2025-10-31T09:32:35.398949,199.7,1761883355.296000,471,1,923,2025-10-31T09:32:35.400780,1.8,1761883354.257000,480,1,922,FALSE,FALSE,FALSE,FALSE,
700,2025-10-31T09:32:36.402001,840.9,2025-10-31T09:32:36.601586,199.6,1761883356.499000,472,1,924,2025-10-31T09:32:36.603056,1.5,1761883355.459000,481,1,923,FALSE,FALSE,FALSE,FALSE,
701,2025-10-31T09:32:37.604218,842.1,2025-10-31T09:32:37.804747,200.5,1761883357.702000,474,2,"925,926",2025-10-31T09:32:37.806279,1.5,1761883356.662000,481,2,"924,925",TRUE,TRUE,FALSE,FALSE,"Multi-ICG:925,926;Multi-ECG:924,925"
702,2025-10-31T09:32:38.807663,843.3,2025-10-31T09:32:39.009642,202.0,1761883358.908000,474,1,927,2025-10-31T09:32:39.015471,5.8,1761883357.864000,479,1,926,FALSE,FALSE,FALSE,FALSE,
703,2025-10-31T09:32:40.016665,844.5,2025-10-31T09:32:40.212204,195.5,1761883360.110000,470,1,928,2025-10-31T09:32:40.213598,1.4,1761883359.066000,480,1,927,FALSE,FALSE,FALSE,FALSE,
704,2025-10-31T09:32:41.214811,845.7,2025-10-31T09:32:41.414451,199.6,1761883361.313000,471,1,929,2025-10-31T09:32:41.415893,1.4,1761883360.269000,478,1,928,FALSE,FALSE,FALSE,FALSE,
705,2025-10-31T09:32:42.417056,846.9,2025-10-31T09:32:42.617273,200.2,1761883362.515000,472,1,930,2025-10-31T09:32:42.619136,2.1,1761883361.471000,480,1,929,FALSE,FALSE,FALSE,FALSE,
706,2025-10-31T09:32:43.620703,848.1,2025-10-31T09:32:43.818793,198.1,1761883363.716000,474,2,"931,932",2025-10-31T09:32:43.820130,1.3,1761883362.673000,481,2,"930,931",TRUE,TRUE,FALSE,FALSE,"Multi-ICG:931,932;Multi-ECG:930,931"
707,2025-10-31T09:32:44.821426,849.3,2025-10-31T09:32:45.021406,200.0,1761883364.919000,471,1,933,2025-10-31T09:32:45.022949,1.5,1761883363.875000,480,1,932,FALSE,FALSE,FALSE,FALSE,
708,2025-10-31T09:32:46.024142,850.5,2025-10-31T09:32:46.224426,200.3,1761883366.122000,470,1,934,2025-10-31T09:32:46.225879,1.4,1761883365.077000,479,1,933,FALSE,FALSE,FALSE,FALSE,
709,2025-10-31T09:32:47.227198,851.7,2025-10-31T09:32:47.426810,199.6,1761883367.325000,472,1,935,2025-10-31T09:32:47.428746,1.9,1761883366.279000,479,1,934,FALSE,FALSE,FALSE,FALSE,
710,2025-10-31T09:32:48.430138,852.9,2025-10-31T09:32:48.628592,198.5,1761883368.527000,473,1,936,2025-10-31T09:32:48.630204,1.6,1761883367.480000,480,1,935,FALSE,FALSE,FALSE,FALSE,
711,2025-10-31T09:32:49.631517,854.1,2025-10-31T09:32:49.835180,203.7,1761883369.729000,474,2,"937,938",2025-10-31T09:32:49.836736,1.5,1761883368.682000,481,2,"936,937",TRUE,TRUE,FALSE,FALSE,"Multi-ICG:937,938;Multi-ECG:936,937"
712,2025-10-31T09:32:50.838000,855.3,2025-10-31T09:32:51.033001,195.0,1761883370.931000,469,1,939,2025-10-31T09:32:51.034589,1.6,1761883369.884000,479,1,938,FALSE,FALSE,FALSE,FALSE,
713,2025-10-31T09:32:52.035808,856.5,2025-10-31T09:32:52.234909,199.1,1761883372.133000,472,1,940,2025-10-31T09:32:52.236378,1.5,1761883371.086000,480,1,939,FALSE,FALSE,FALSE,FALSE,
714,2025-10-31T09:32:53.237600,857.7,2025-10-31T09:32:53.436966,199.4,1761883373.335000,472,1,941,2025-10-31T09:32:53.438330,1.4,1761883372.288000,480,1,940,FALSE,FALSE,FALSE,FALSE,
715,2025-10-31T09:32:54.439591,858.9,2025-10-31T09:32:54.639217,199.6,1761883374.537000,471,2,"942,943",2025-10-31T09:32:54.640698,1.5,1761883373.491000,480,1,941,TRUE,FALSE,FALSE,FALSE,"Multi-ICG:942,943"
716,2025-10-31T09:32:55.642027,860.1,2025-10-31T09:32:55.841634,199.6,1761883375.740000,471,1,944,2025-10-31T09:32:55.843180,1.5,1761883374.693000,480,2,"942,943",FALSE,TRUE,FALSE,FALSE,"Multi-ECG:942,943"
717,2025-10-31T09:32:56.844624,861.3,2025-10-31T09:32:57.043721,199.1,1761883376.942000,471,1,945,2025-10-31T09:32:57.045092,1.4,1761883375.895000,478,1,944,FALSE,FALSE,FALSE,FALSE,
718,2025-10-31T09:32:58.046379,862.5,2025-10-31T09:32:58.246085,199.7,1761883378.144000,473,1,946,2025-10-31T09:32:58.247636,1.5,1761883377.098000,479,1,945,FALSE,FALSE,FALSE,FALSE,
719,2025-10-31T09:32:59.248809,863.7,2025-10-31T09:32:59.448375,199.6,1761883379.347000,470,1,947,2025-10-31T09:32:59.450080,1.7,1761883378.300000,478,1,946,FALSE,FALSE,FALSE,FALSE,
720,2025-10-31T09:33:00.451275,864.9,2025-10-31T09:33:00.655587,204.3,1761883380.548000,474,2,"948,949",2025-10-31T09:33:00.657076,1.5,1761883379.503000,480,1,947,TRUE,FALSE,FALSE,FALSE,"Multi-ICG:948,949"
721,2025-10-31T09:33:01.658411,866.1,2025-10-31T09:33:01.855356,196.9,1761883381.752000,473,1,950,2025-10-31T09:33:01.857162,1.8,1761883380.705000,480,2,"948,949",FALSE,TRUE,FALSE,FALSE,"Multi-ECG:948,949"
722,2025-10-31T09:33:02.858672,867.3,2025-10-31T09:33:03.057474,198.8,1761883382.955000,470,1,951,2025-10-31T09:33:03.058899,1.4,1761883381.908000,479,1,950,FALSE,FALSE,FALSE,FALSE,
723,2025-10-31T09:33:04.060040,868.5,2025-10-31T09:33:04.261371,201.3,1761883384.159000,471,1,952,2025-10-31T09:33:04.263463,2.1,1761883383.110000,478,1,951,FALSE,FALSE,FALSE,FALSE,
724,2025-10-31T09:33:05.264620,869.7,2025-10-31T09:33:05.463361,198.7,1761883385.362000,469,1,953,2025-10-31T09:33:05.464967,1.6,1761883384.311000,479,1,952,FALSE,FALSE,FALSE,FALSE,
725,2025-10-31T09:33:06.466355,870.9,2025-10-31T09:33:06.665861,199.5,1761883386.564000,473,2,"954,955",2025-10-31T09:33:06.667229,1.4,1761883385.513000,479,1,953,TRUE,FALSE,FALSE,FALSE,"Multi-ICG:954,955"
726,2025-10-31T09:33:07.668469,872.1,2025-10-31T09:33:07.868045,199.6,1761883387.766000,471,1,956,2025-10-31T09:33:07.869560,1.5,1761883386.716000,480,2,"954,955",FALSE,TRUE,FALSE,FALSE,"Multi-ECG:954,955"
727,2025-10-31T09:33:08.870907,873.3,2025-10-31T09:33:09.070164,199.3,1761883388.968000,470,1,957,2025-10-31T09:33:09.071959,1.8,1761883387.918000,481,1,956,FALSE,FALSE,FALSE,FALSE,
728,2025-10-31T09:33:10.073210,874.5,2025-10-31T09:33:10.274068,200.9,1761883390.171000,470,1,958,2025-10-31T09:33:10.275502,1.4,1761883389.120000,479,1,957,FALSE,FALSE,FALSE,FALSE,
729,2025-10-31T09:33:11.276697,875.7,2025-10-31T09:33:11.481479,204.8,1761883391.375000,470,1,959,2025-10-31T09:33:11.483138,1.6,1761883390.322000,477,1,958,FALSE,FALSE,FALSE,FALSE,
730,2025-10-31T09:33:12.484301,877.0,2025-10-31T09:33:12.679677,195.4,1761883392.578000,473,2,"960,961",2025-10-31T09:33:12.682100,2.4,1761883391.524000,480,1,959,TRUE,FALSE,FALSE,FALSE,"Multi-ICG:960,961"
731,2025-10-31T09:33:13.683783,878.2,2025-10-31T09:33:13.882439,198.7,1761883393.780000,472,1,962,2025-10-31T09:33:13.883892,1.4,1761883392.725000,480,2,"960,961",FALSE,TRUE,FALSE,FALSE,"Multi-ECG:960,961"
732,2025-10-31T09:33:14.885478,879.4,2025-10-31T09:33:15.085476,200.0,1761883394.982000,471,1,963,2025-10-31T09:33:15.087060,1.6,1761883393.927000,477,1,962,FALSE,FALSE,FALSE,FALSE,
733,2025-10-31T09:33:16.088200,880.6,2025-10-31T09:33:16.289554,201.4,1761883396.186000,472,1,964,2025-10-31T09:33:16.290968,1.4,1761883395.129000,479,1,963,FALSE,FALSE,FALSE,FALSE,
734,2025-10-31T09:33:17.292109,881.8,2025-10-31T09:33:17.491945,199.8,1761883397.390000,472,1,965,2025-10-31T09:33:17.493372,1.4,1761883396.332000,479,1,964,FALSE,FALSE,FALSE,FALSE,
735,2025-10-31T09:33:18.494582,883.0,2025-10-31T09:33:18.693765,199.2,1761883398.592000,473,2,"966,967",2025-10-31T09:33:18.695294,1.5,1761883397.535000,479,1,965,TRUE,FALSE,FALSE,FALSE,"Multi-ICG:966,967"
736,2025-10-31T09:33:19.696620,884.2,2025-10-31T09:33:19.896441,199.8,1761883399.794000,471,1,968,2025-10-31T09:33:19.897794,1.3,1761883398.737000,481,2,"966,967",FALSE,TRUE,FALSE,FALSE,"Multi-ECG:966,967"
737,2025-10-31T09:33:20.899131,885.4,2025-10-31T09:33:21.099098,200.0,1761883400.997000,470,1,969,2025-10-31T09:33:21.105237,6.1,1761883399.940000,477,1,968,FALSE,FALSE,FALSE,FALSE,
738,2025-10-31T09:33:22.106556,886.6,2025-10-31T09:33:22.301107,194.6,1761883402.199000,469,1,970,2025-10-31T09:33:22.302700,1.6,1761883401.142000,481,1,969,FALSE,FALSE,FALSE,FALSE,
739,2025-10-31T09:33:23.303852,887.8,2025-10-31T09:33:23.503948,200.1,1761883403.402000,470,1,971,2025-10-31T09:33:23.505275,1.3,1761883402.345000,480,1,970,FALSE,FALSE,FALSE,FALSE,
740,2025-10-31T09:33:24.506506,889.0,2025-10-31T09:33:24.706421,199.9,1761883404.604000,471,2,"972,973",2025-10-31T09:33:24.707884,1.5,1761883403.547000,481,2,"971,972",TRUE,TRUE,FALSE,FALSE,"Multi-ICG:972,973;Multi-ECG:971,972"
741,2025-10-31T09:33:25.709191,890.2,2025-10-31T09:33:25.908519,199.3,1761883405.807000,469,1,974,2025-10-31T09:33:25.910096,1.6,1761883404.750000,480,1,973,FALSE,FALSE,FALSE,FALSE,
742,2025-10-31T09:33:26.911253,891.4,2025-10-31T09:33:27.111344,200.1,1761883407.009000,469,1,975,2025-10-31T09:33:27.112771,1.4,1761883405.953000,480,1,974,FALSE,FALSE,FALSE,FALSE,
743,2025-10-31T09:33:28.114058,892.6,2025-10-31T09:33:28.313609,199.6,1761883408.212000,472,1,976,2025-10-31T09:33:28.315723,2.1,1761883407.154000,478,1,975,FALSE,FALSE,FALSE,FALSE,
744,2025-10-31T09:33:29.316968,893.8,2025-10-31T09:33:29.516575,199.6,1761883409.414000,473,1,977,2025-10-31T09:33:29.518516,1.9,1761883408.357000,478,1,976,FALSE,FALSE,FALSE,FALSE,
745,2025-10-31T09:33:30.519820,895.0,2025-10-31T09:33:30.718701,198.9,1761883410.617000,471,2,"978,979",2025-10-31T09:33:30.720648,2.0,1761883409.558000,480,2,"977,978",TRUE,TRUE,FALSE,FALSE,"Multi-ICG:978,979;Multi-ECG:977,978"
746,2025-10-31T09:33:31.722197,896.2,2025-10-31T09:33:31.921316,199.1,1761883411.819000,470,1,980,2025-10-31T09:33:31.927515,6.2,1761883410.759000,478,1,979,FALSE,FALSE,FALSE,FALSE,
747,2025-10-31T09:33:32.928677,897.4,2025-10-31T09:33:33.123723,195.0,1761883413.022000,472,1,981,2025-10-31T09:33:33.125180,1.4,1761883411.961000,479,1,980,FALSE,FALSE,FALSE,FALSE,
748,2025-10-31T09:33:34.126425,898.6,2025-10-31T09:33:34.325911,199.6,1761883414.224000,472,1,982,2025-10-31T09:33:34.327537,1.5,1761883413.163000,479,1,981,FALSE,FALSE,FALSE,FALSE,
749,2025-10-31T09:33:35.328703,899.8,2025-10-31T09:33:35.527832,199.1,1761883415.426000,472,1,983,2025-10-31T09:33:35.529549,1.7,1761883414.365000,478,1,982,FALSE,FALSE,FALSE,FALSE,
750,2025-10-31T09:33:36.530984,901.0,2025-10-31T09:33:36.729838,198.9,1761883416.628000,471,2,"984,985",2025-10-31T09:33:36.731263,1.4,1761883415.568000,481,2,"983,984",TRUE,TRUE,FALSE,FALSE,"Multi-ICG:984,985;Multi-ECG:983,984"
751,2025-10-31T09:33:37.732621,902.2,2025-10-31T09:33:37.933554,200.9,1761883417.831000,470,1,986,2025-10-31T09:33:37.935156,1.6,1761883416.770000,479,1,985,FALSE,FALSE,FALSE,FALSE,
752,2025-10-31T09:33:38.936478,903.4,2025-10-31T09:33:39.135899,199.4,1761883419.034000,472,1,987,2025-10-31T09:33:39.137454,1.5,1761883417.972000,480,1,986,FALSE,FALSE,FALSE,FALSE,
753,2025-10-31T09:33:40.138705,904.6,2025-10-31T09:33:40.338721,200.0,1761883420.237000,471,1,988,2025-10-31T09:33:40.340275,1.5,1761883419.175000,479,1,987,FALSE,FALSE,FALSE,FALSE,
754,2025-10-31T09:33:41.341526,905.8,2025-10-31T09:33:41.540910,199.4,1761883421.439000,474,1,989,2025-10-31T09:33:41.542612,1.7,1761883420.376000,478,1,988,FALSE,FALSE,FALSE,FALSE,
755,2025-10-31T09:33:42.543933,907.0,2025-10-31T09:33:42.747063,203.1,1761883422.641000,474,2,"990,991",2025-10-31T09:33:42.748428,1.4,1761883421.578000,480,2,"989,990",TRUE,TRUE,FALSE,FALSE,"Multi-ICG:990,991;Multi-ECG:989,990"
756,2025-10-31T09:33:43.749699,908.2,2025-10-31T09:33:44.299588,549.9,1761883423.843000,471,1,992,2025-10-31T09:33:44.300541,0.9,1761883422.780000,479,1,991,FALSE,FALSE,FALSE,FALSE,
757,2025-10-31T09:33:45.301267,909.8,2025-10-31T09:33:45.448182,146.9,1761883425.346000,595,1,993,2025-10-31T09:33:45.449353,1.2,1761883424.383000,640,1,992,FALSE,FALSE,FALSE,FALSE,
758,2025-10-31T09:33:46.450255,910.9,2025-10-31T09:33:46.650013,199.8,1761883426.548000,475,1,994,2025-10-31T09:33:46.650886,0.9,1761883425.485000,440,1,993,FALSE,FALSE,FALSE,FALSE,
759,2025-10-31T09:33:47.651680,912.1,2025-10-31T09:33:47.851918,200.2,1761883427.750000,478,2,"995,996",2025-10-31T09:33:47.852863,0.9,1761883426.687000,481,2,"994,995",TRUE,TRUE,FALSE,FALSE,"Multi-ICG:995,996;Multi-ECG:994,995"
760,2025-10-31T09:33:48.853838,913.3,2025-10-31T09:33:49.054340,200.5,1761883428.953000,475,1,997,2025-10-31T09:33:49.055195,0.8,1761883427.888000,479,1,996,FALSE,FALSE,FALSE,FALSE,
761,2025-10-31T09:33:50.055992,914.5,2025-10-31T09:33:50.257211,201.2,1761883430.155000,472,1,998,2025-10-31T09:33:50.258764,1.5,1761883429.089000,481,1,997,FALSE,FALSE,FALSE,FALSE,
762,2025-10-31T09:33:51.259932,915.7,2025-10-31T09:33:51.459852,199.9,1761883431.357000,473,1,999,2025-10-31T09:33:51.461328,1.5,1761883430.292000,478,1,998,FALSE,FALSE,FALSE,FALSE,
763,2025-10-31T09:33:52.462515,916.9,2025-10-31T09:33:52.662353,199.8,1761883432.561000,474,2,"1000,1001",2025-10-31T09:33:52.664132,1.8,1761883431.494000,480,1,999,TRUE,FALSE,FALSE,FALSE,"Multi-ICG:1000,1001"
764,2025-10-31T09:33:53.665601,918.1,2025-10-31T09:33:53.863989,198.4,1761883433.762000,470,1,1002,2025-10-31T09:33:53.869895,5.9,1761883432.696000,480,2,"1000,1001",FALSE,TRUE,FALSE,FALSE,"Multi-ECG:1000,1001"
765,2025-10-31T09:33:54.871256,919.3,2025-10-31T09:33:55.065775,194.5,1761883434.964000,472,1,1003,2025-10-31T09:33:55.067153,1.4,1761883433.898000,480,1,1002,FALSE,FALSE,FALSE,FALSE,
766,2025-10-31T09:33:56.068367,920.5,2025-10-31T09:33:56.267646,199.3,1761883436.166000,471,1,1004,2025-10-31T09:33:56.269170,1.5,1761883435.099000,479,1,1003,FALSE,FALSE,FALSE,FALSE,
767,2025-10-31T09:33:57.270370,921.7,2025-10-31T09:33:57.469278,198.9,1761883437.368000,469,1,1005,2025-10-31T09:33:57.470884,1.6,1761883436.301000,479,1,1004,FALSE,FALSE,FALSE,FALSE,
768,2025-10-31T09:33:58.472044,922.9,2025-10-31T09:33:58.671866,199.8,1761883438.570000,474,2,"1006,1007",2025-10-31T09:33:58.673159,1.3,1761883437.504000,479,1,1005,TRUE,FALSE,FALSE,FALSE,"Multi-ICG:1006,1007"
769,2025-10-31T09:33:59.674777,924.1,2025-10-31T09:33:59.874336,199.6,1761883439.772000,469,1,1008,2025-10-31T09:33:59.875764,1.4,1761883438.705000,479,2,"1006,1007",FALSE,TRUE,FALSE,FALSE,"Multi-ECG:1006,1007"
770,2025-10-31T09:34:00.877082,925.3,2025-10-31T09:34:01.077626,200.5,1761883440.975000,471,1,1009,2025-10-31T09:34:01.079187,1.6,1761883439.908000,481,1,1008,FALSE,FALSE,FALSE,FALSE,
771,2025-10-31T09:34:02.080334,926.6,2025-10-31T09:34:02.280287,200.0,1761883442.178000,472,1,1010,2025-10-31T09:34:02.281683,1.4,1761883441.110000,479,1,1009,FALSE,FALSE,FALSE,FALSE,
772,2025-10-31T09:34:03.282904,927.8,2025-10-31T09:34:03.483092,200.2,1761883443.381000,472,1,1011,2025-10-31T09:34:03.484549,1.4,1761883442.313000,478,1,1010,FALSE,FALSE,FALSE,FALSE,
773,2025-10-31T09:34:04.485678,929.0,2025-10-31T09:34:04.686447,200.8,1761883444.584000,473,2,"1012,1013",2025-10-31T09:34:04.691890,5.4,1761883443.515000,480,1,1011,TRUE,FALSE,FALSE,FALSE,"Multi-ICG:1012,1013"
774,2025-10-31T09:34:05.693409,930.2,2025-10-31T09:34:05.889271,195.9,1761883445.787000,472,1,1014,2025-10-31T09:34:05.891323,2.0,1761883444.718000,482,2,"1012,1013",FALSE,TRUE,FALSE,FALSE,"Multi-ECG:1012,1013"
775,2025-10-31T09:34:06.893303,931.4,2025-10-31T09:34:07.091390,198.1,1761883446.990000,471,1,1015,2025-10-31T09:34:07.092862,1.5,1761883445.920000,479,1,1014,FALSE,FALSE,FALSE,FALSE,
776,2025-10-31T09:34:08.094011,932.6,2025-10-31T09:34:08.294229,200.2,1761883448.192000,468,1,1016,2025-10-31T09:34:08.295584,1.3,1761883447.122000,478,1,1015,FALSE,FALSE,FALSE,FALSE,
777,2025-10-31T09:34:09.296708,933.8,2025-10-31T09:34:09.496977,200.3,1761883449.395000,472,1,1017,2025-10-31T09:34:09.498459,1.5,1761883448.324000,479,1,1016,FALSE,FALSE,FALSE,FALSE,
778,2025-10-31T09:34:10.499593,935.0,2025-10-31T09:34:10.699461,199.9,1761883450.597000,473,2,"1018,1019",2025-10-31T09:34:10.701090,1.6,1761883449.526000,478,1,1017,TRUE,FALSE,FALSE,FALSE,"Multi-ICG:1018,1019"
779,2025-10-31T09:34:11.702973,936.2,2025-10-31T09:34:11.901797,198.8,1761883451.800000,473,1,1020,2025-10-31T09:34:11.903168,1.4,1761883450.728000,479,2,"1018,1019",FALSE,TRUE,FALSE,FALSE,"Multi-ECG:1018,1019"
780,2025-10-31T09:34:12.904604,937.4,2025-10-31T09:34:13.106471,201.9,1761883453.004000,472,1,1021,2025-10-31T09:34:13.108163,1.7,1761883451.931000,479,1,1020,FALSE,FALSE,FALSE,FALSE,
781,2025-10-31T09:34:14.109346,938.6,2025-10-31T09:34:14.309243,199.9,1761883454.207000,474,1,1022,2025-10-31T09:34:14.310837,1.6,1761883453.133000,480,1,1021,FALSE,FALSE,FALSE,FALSE,
782,2025-10-31T09:34:15.311979,939.8,2025-10-31T09:34:15.515905,203.9,1761883455.410000,471,1,1023,2025-10-31T09:34:15.517265,1.3,1761883454.335000,479,1,1022,FALSE,FALSE,FALSE,FALSE,
783,2025-10-31T09:34:16.518410,941.0,2025-10-31T09:34:16.713291,194.9,1761883456.612000,472,2,"1024,1025",2025-10-31T09:34:16.714832,1.5,1761883455.538000,479,1,1023,TRUE,FALSE,FALSE,FALSE,"Multi-ICG:1024,1025"
784,2025-10-31T09:34:17.716204,942.2,2025-10-31T09:34:17.915333,199.1,1761883457.813000,470,1,1026,2025-10-31T09:34:17.916806,1.5,1761883456.740000,480,2,"1024,1025",FALSE,TRUE,FALSE,FALSE,"Multi-ECG:1024,1025"
785,2025-10-31T09:34:18.918164,943.4,2025-10-31T09:34:19.117743,199.6,1761883459.016000,471,1,1027,2025-10-31T09:34:19.119128,1.4,1761883457.942000,479,1,1026,FALSE,FALSE,FALSE,FALSE,
786,2025-10-31T09:34:20.120562,944.6,2025-10-31T09:34:20.320137,199.6,1761883460.218000,471,1,1028,2025-10-31T09:34:20.322403,2.3,1761883459.144000,479,1,1027,FALSE,FALSE,FALSE,FALSE,
787,2025-10-31T09:34:21.324012,945.8,2025-10-31T09:34:21.521649,197.6,1761883461.420000,471,1,1029,2025-10-31T09:34:21.523060,1.4,1761883460.347000,480,1,1028,FALSE,FALSE,FALSE,FALSE,
788,2025-10-31T09:34:22.524259,947.0,2025-10-31T09:34:22.724570,200.3,1761883462.622000,472,2,"1030,1031",2025-10-31T09:34:22.726644,2.1,1761883461.549000,481,1,1029,TRUE,FALSE,FALSE,FALSE,"Multi-ICG:1030,1031"
789,2025-10-31T09:34:23.728281,948.2,2025-10-31T09:34:23.925436,197.2,1761883463.823000,473,1,1032,2025-10-31T09:34:23.926998,1.6,1761883462.752000,481,2,"1030,1031",FALSE,TRUE,FALSE,FALSE,"Multi-ECG:1030,1031"
790,2025-10-31T09:34:24.928330,949.4,2025-10-31T09:34:25.128182,199.8,1761883465.026000,471,1,1033,2025-10-31T09:34:25.129463,1.3,1761883463.955000,480,1,1032,FALSE,FALSE,FALSE,FALSE,
791,2025-10-31T09:34:26.130931,950.6,2025-10-31T09:34:26.335144,204.2,1761883466.229000,470,1,1034,2025-10-31T09:34:26.336669,1.5,1761883465.158000,479,1,1033,FALSE,FALSE,FALSE,FALSE,
792,2025-10-31T09:34:27.337778,951.8,2025-10-31T09:34:27.532736,195.0,1761883467.431000,470,1,1035,2025-10-31T09:34:27.534358,1.6,1761883466.360000,479,1,1034,FALSE,FALSE,FALSE,FALSE,
793,2025-10-31T09:34:28.535526,953.0,2025-10-31T09:34:28.734903,199.4,1761883468.633000,473,2,"1036,1037",2025-10-31T09:34:28.736195,1.3,1761883467.563000,479,1,1035,TRUE,FALSE,FALSE,FALSE,"Multi-ICG:1036,1037"
794,2025-10-31T09:34:29.737583,954.2,2025-10-31T09:34:29.937538,200.0,1761883469.835000,469,1,1038,2025-10-31T09:34:29.939057,1.5,1761883468.765000,480,2,"1036,1037",FALSE,TRUE,FALSE,FALSE,"Multi-ECG:1036,1037"
795,2025-10-31T09:34:30.940289,955.4,2025-10-31T09:34:31.138816,198.5,1761883471.037000,471,1,1039,2025-10-31T09:34:31.140342,1.5,1761883469.968000,479,1,1038,FALSE,FALSE,FALSE,FALSE,
796,2025-10-31T09:34:32.141464,956.6,2025-10-31T09:34:32.342699,201.2,1761883472.239000,473,1,1040,2025-10-31T09:34:32.344318,1.6,1761883471.169000,479,1,1039,FALSE,FALSE,FALSE,FALSE,
797,2025-10-31T09:34:33.345762,957.8,2025-10-31T09:34:33.544677,198.9,1761883473.443000,472,1,1041,2025-10-31T09:34:33.546318,1.6,1761883472.372000,479,1,1040,FALSE,FALSE,FALSE,FALSE,
798,2025-10-31T09:34:34.547831,959.0,2025-10-31T09:34:34.748897,201.1,1761883474.645000,473,2,"1042,1043",2025-10-31T09:34:34.750382,1.5,1761883473.575000,480,2,"1041,1042",TRUE,TRUE,FALSE,FALSE,"Multi-ICG:1042,1043;Multi-ECG:1041,1042"
799,2025-10-31T09:34:35.751712,960.2,2025-10-31T09:34:35.951726,200.0,1761883475.849000,471,1,1044,2025-10-31T09:34:35.957401,5.7,1761883474.777000,479,1,1043,FALSE,FALSE,FALSE,FALSE,
800,2025-10-31T09:34:36.958606,961.4,2025-10-31T09:34:37.154425,195.8,1761883477.052000,472,1,1045,2025-10-31T09:34:37.156175,1.7,1761883475.980000,480,1,1044,FALSE,FALSE,FALSE,FALSE,
801,2025-10-31T09:34:38.157513,962.6,2025-10-31T09:34:38.358464,201.0,1761883478.255000,471,1,1046,2025-10-31T09:34:38.360496,2.0,1761883477.183000,480,1,1045,FALSE,FALSE,FALSE,FALSE,
802,2025-10-31T09:34:39.362459,963.8,2025-10-31T09:34:39.560070,197.6,1761883479.458000,470,1,1047,2025-10-31T09:34:39.561614,1.5,1761883478.385000,479,1,1046,FALSE,FALSE,FALSE,FALSE,
803,2025-10-31T09:34:40.562875,965.0,2025-10-31T09:34:40.763191,200.3,1761883480.661000,474,2,"1048,1049",2025-10-31T09:34:40.764807,1.6,1761883479.588000,479,2,"1047,1048",TRUE,TRUE,FALSE,FALSE,"Multi-ICG:1048,1049;Multi-ECG:1047,1048"
804,2025-10-31T09:34:41.766387,966.2,2025-10-31T09:34:41.965326,198.9,1761883481.863000,470,1,1050,2025-10-31T09:34:41.967169,1.8,1761883480.790000,479,1,1049,FALSE,FALSE,FALSE,FALSE,
805,2025-10-31T09:34:42.968300,967.4,2025-10-31T09:34:43.168184,199.9,1761883483.065000,473,1,1051,2025-10-31T09:34:43.169869,1.7,1761883481.991000,478,1,1050,FALSE,FALSE,FALSE,FALSE,
806,2025-10-31T09:34:44.171639,968.6,2025-10-31T09:34:44.370112,198.5,1761883484.268000,469,1,1052,2025-10-31T09:34:44.371603,1.5,1761883483.193000,478,1,1051,FALSE,FALSE,FALSE,FALSE,
807,2025-10-31T09:34:45.372790,969.8,2025-10-31T09:34:45.572566,199.8,1761883485.471000,471,1,1053,2025-10-31T09:34:45.573885,1.3,1761883484.395000,481,1,1052,FALSE,FALSE,FALSE,FALSE,
808,2025-10-31T09:34:46.575276,971.0,2025-10-31T09:34:46.774410,199.1,1761883486.673000,473,2,"1054,1055",2025-10-31T09:34:46.780420,6.0,1761883485.597000,480,2,"1053,1054",TRUE,TRUE,FALSE,FALSE,"Multi-ICG:1054,1055;Multi-ECG:1053,1054"
809,2025-10-31T09:34:47.782002,972.3,2025-10-31T09:34:47.976672,194.7,1761883487.875000,470,1,1056,2025-10-31T09:34:47.978021,1.3,1761883486.799000,479,1,1055,FALSE,FALSE,FALSE,FALSE,
810,2025-10-31T09:34:48.979239,973.5,2025-10-31T09:34:49.179761,200.5,1761883489.077000,471,1,1057,2025-10-31T09:34:49.181915,2.2,1761883488.001000,479,1,1056,FALSE,FALSE,FALSE,FALSE,
811,2025-10-31T09:34:50.183681,974.7,2025-10-31T09:34:50.381791,198.1,1761883490.279000,472,1,1058,2025-10-31T09:34:50.384075,2.3,1761883489.204000,479,1,1057,FALSE,FALSE,FALSE,FALSE,
812,2025-10-31T09:34:51.385610,975.9,2025-10-31T09:34:51.583774,198.2,1761883491.482000,470,1,1059,2025-10-31T09:34:51.585245,1.5,1761883490.406000,480,1,1058,FALSE,FALSE,FALSE,FALSE,
813,2025-10-31T09:34:52.586637,977.1,2025-10-31T09:34:52.785772,199.1,1761883492.684000,472,2,"1060,1061",2025-10-31T09:34:52.787226,1.4,1761883491.608000,479,2,"1059,1060",TRUE,TRUE,FALSE,FALSE,"Multi-ICG:1060,1061;Multi-ECG:1059,1060"
814,2025-10-31T09:34:53.788911,978.3,2025-10-31T09:34:53.987640,198.7,1761883493.886000,471,1,1062,2025-10-31T09:34:53.989248,1.6,1761883492.810000,479,1,1061,FALSE,FALSE,FALSE,FALSE,
815,2025-10-31T09:34:54.990445,979.5,2025-10-31T09:34:55.189634,199.2,1761883495.088000,473,1,1063,2025-10-31T09:34:55.191420,1.8,1761883494.012000,479,1,1062,FALSE,FALSE,FALSE,FALSE,
816,2025-10-31T09:34:56.192565,980.7,2025-10-31T09:34:56.391811,199.2,1761883496.290000,470,1,1064,2025-10-31T09:34:56.393406,1.6,1761883495.214000,479,1,1063,FALSE,FALSE,FALSE,FALSE,
817,2025-10-31T09:34:57.394598,981.9,2025-10-31T09:34:57.594541,199.9,1761883497.492000,471,1,1065,2025-10-31T09:34:57.600560,6.0,1761883496.417000,478,1,1064,FALSE,FALSE,FALSE,FALSE,
818,2025-10-31T09:34:58.601864,983.1,2025-10-31T09:34:58.798379,196.5,1761883498.696000,474,2,"1066,1067",2025-10-31T09:34:58.800175,1.8,1761883497.620000,481,2,"1065,1066",TRUE,TRUE,FALSE,FALSE,"Multi-ICG:1066,1067;Multi-ECG:1065,1066"
819,2025-10-31T09:34:59.801480,984.3,2025-10-31T09:35:00.001783,200.3,1761883499.899000,472,1,1068,2025-10-31T09:35:00.003770,2.0,1761883498.822000,479,1,1067,FALSE,FALSE,FALSE,FALSE,
820,2025-10-31T09:35:01.004945,985.5,2025-10-31T09:35:01.204873,199.9,1761883501.102000,471,1,1069,2025-10-31T09:35:01.206491,1.6,1761883500.025000,480,1,1068,FALSE,FALSE,FALSE,FALSE,
821,2025-10-31T09:35:02.207622,986.7,2025-10-31T09:35:02.407952,200.3,1761883502.305000,472,1,1070,2025-10-31T09:35:02.409480,1.5,1761883501.228000,479,1,1069,FALSE,FALSE,FALSE,FALSE,
822,2025-10-31T09:35:03.410807,987.9,2025-10-31T09:35:03.611154,200.3,1761883503.508000,470,1,1071,2025-10-31T09:35:03.612694,1.5,1761883502.431000,480,1,1070,FALSE,FALSE,FALSE,FALSE,
823,2025-10-31T09:35:04.613994,989.1,2025-10-31T09:35:04.814028,200.0,1761883504.712000,473,2,"1072,1073",2025-10-31T09:35:04.815449,1.4,1761883503.634000,481,2,"1071,1072",TRUE,TRUE,FALSE,FALSE,"Multi-ICG:1072,1073;Multi-ECG:1071,1072"
824,2025-10-31T09:35:05.816822,990.3,2025-10-31T09:35:06.016530,199.7,1761883505.914000,471,1,1074,2025-10-31T09:35:06.018161,1.6,1761883504.836000,477,1,1073,FALSE,FALSE,FALSE,FALSE,
825,2025-10-31T09:35:07.019362,991.5,2025-10-31T09:35:07.219092,199.7,1761883507.117000,471,1,1075,2025-10-31T09:35:07.220848,1.7,1761883506.039000,478,1,1074,FALSE,FALSE,FALSE,FALSE,
826,2025-10-31T09:35:08.222250,992.7,2025-10-31T09:35:08.425420,203.2,1761883508.319000,473,1,1076,2025-10-31T09:35:08.426893,1.5,1761883507.241000,480,1,1075,FALSE,FALSE,FALSE,FALSE,
827,2025-10-31T09:35:09.427997,993.9,2025-10-31T09:35:09.623344,195.3,1761883509.521000,473,1,1077,2025-10-31T09:35:09.624825,1.5,1761883508.443000,478,1,1076,FALSE,FALSE,FALSE,FALSE,
828,2025-10-31T09:35:10.626009,995.1,2025-10-31T09:35:10.825962,200.0,1761883510.724000,472,2,"1078,1079",2025-10-31T09:35:10.827442,1.5,1761883509.645000,480,2,"1077,1078",TRUE,TRUE,FALSE,FALSE,"Multi-ICG:1078,1079;Multi-ECG:1077,1078"
829,2025-10-31T09:35:11.828813,996.3,2025-10-31T09:35:12.030209,201.4,1761883511.927000,471,1,1080,2025-10-31T09:35:12.031883,1.7,1761883510.847000,477,1,1079,FALSE,FALSE,FALSE,FALSE,
830,2025-10-31T09:35:13.033266,997.5,2025-10-31T09:35:13.232473,199.2,1761883513.130000,471,1,1081,2025-10-31T09:35:13.234056,1.6,1761883512.049000,480,1,1080,FALSE,FALSE,FALSE,FALSE,
831,2025-10-31T09:35:14.235183,998.7,2025-10-31T09:35:14.434478,199.3,1761883514.333000,472,1,1082,2025-10-31T09:35:14.435822,1.3,1761883513.251000,479,1,1081,FALSE,FALSE,FALSE,FALSE,
832,2025-10-31T09:35:15.437200,999.9,2025-10-31T09:35:15.636234,199.0,1761883515.534000,473,1,1083,2025-10-31T09:35:15.637692,1.5,1761883514.453000,479,1,1082,FALSE,FALSE,FALSE,FALSE,
833,2025-10-31T09:35:16.638913,1001.1,2025-10-31T09:35:16.837730,198.8,1761883516.736000,474,2,"1084,1085",2025-10-31T09:35:16.839226,1.5,1761883515.655000,480,2,"1083,1084",TRUE,TRUE,FALSE,FALSE,"Multi-ICG:1084,1085;Multi-ECG:1083,1084"
834,2025-10-31T09:35:17.840771,1002.3,2025-10-31T09:35:18.041351,200.6,1761883517.939000,471,1,1086,2025-10-31T09:35:18.042702,1.3,1761883516.857000,478,1,1085,FALSE,FALSE,FALSE,FALSE,
835,2025-10-31T09:35:19.043875,1003.5,2025-10-31T09:35:19.247957,204.1,1761883519.141000,471,1,1087,2025-10-31T09:35:19.249510,1.5,1761883518.059000,479,1,1086,FALSE,FALSE,FALSE,FALSE,
836,2025-10-31T09:35:20.250706,1004.7,2025-10-31T09:35:20.445876,195.2,1761883520.343000,472,1,1088,2025-10-31T09:35:20.447454,1.6,1761883519.261000,480,1,1087,FALSE,FALSE,FALSE,FALSE,
837,2025-10-31T09:35:21.448602,1005.9,2025-10-31T09:35:21.648183,199.6,1761883521.546000,471,1,1089,2025-10-31T09:35:21.649558,1.4,1761883520.463000,479,1,1088,FALSE,FALSE,FALSE,FALSE,
838,2025-10-31T09:35:22.650824,1007.1,2025-10-31T09:35:22.851057,200.2,1761883522.748000,472,2,"1090,1091",2025-10-31T09:35:22.852505,1.4,1761883521.666000,482,2,"1089,1090",TRUE,TRUE,FALSE,FALSE,"Multi-ICG:1090,1091;Multi-ECG:1089,1090"
839,2025-10-31T09:35:23.853961,1008.3,2025-10-31T09:35:24.052905,198.9,1761883523.951000,472,1,1092,2025-10-31T09:35:24.054527,1.6,1761883522.868000,480,1,1091,FALSE,FALSE,FALSE,FALSE,
840,2025-10-31T09:35:25.055666,1009.5,2025-10-31T09:35:25.255581,199.9,1761883525.153000,471,1,1093,2025-10-31T09:35:25.256586,1.0,1761883524.070000,480,1,1092,FALSE,FALSE,FALSE,FALSE,
841,2025-10-31T09:35:26.257418,1010.7,2025-10-31T09:35:26.457409,200.0,1761883526.356000,474,1,1094,2025-10-31T09:35:26.458402,1.0,1761883525.272000,479,1,1093,FALSE,FALSE,FALSE,FALSE,
842,2025-10-31T09:35:27.459167,1011.9,2025-10-31T09:35:27.658828,199.7,1761883527.558000,473,1,1095,2025-10-31T09:35:27.659665,0.8,1761883526.473000,481,1,1094,FALSE,FALSE,FALSE,FALSE,
843,2025-10-31T09:35:28.660425,1013.1,2025-10-31T09:35:28.860185,199.8,1761883528.759000,478,2,"1096,1097",2025-10-31T09:35:28.864997,4.8,1761883527.676000,482,2,"1095,1096",TRUE,TRUE,FALSE,FALSE,"Multi-ICG:1096,1097;Multi-ECG:1095,1096"
844,2025-10-31T09:35:29.865914,1014.3,2025-10-31T09:35:30.061397,195.5,1761883529.960000,474,1,1098,2025-10-31T09:35:30.062418,1.0,1761883528.876000,480,1,1097,FALSE,FALSE,FALSE,FALSE,
845,2025-10-31T09:35:31.063209,1015.5,2025-10-31T09:35:31.264421,201.2,1761883531.162000,470,1,1099,2025-10-31T09:35:31.265779,1.3,1761883530.077000,480,1,1098,FALSE,FALSE,FALSE,FALSE,
846,2025-10-31T09:35:32.267030,1016.7,2025-10-31T09:35:32.466530,199.5,1761883532.364000,471,1,1100,2025-10-31T09:35:32.468010,1.5,1761883531.280000,479,1,1099,FALSE,FALSE,FALSE,FALSE,
847,2025-10-31T09:35:33.469122,1017.9,2025-10-31T09:35:33.669859,200.7,1761883533.567000,472,1,1101,2025-10-31T09:35:33.671539,1.7,1761883532.481000,480,1,1100,FALSE,FALSE,FALSE,FALSE,
848,2025-10-31T09:35:34.672680,1019.1,2025-10-31T09:35:34.872942,200.3,1761883534.771000,471,2,"1102,1103",2025-10-31T09:35:34.874826,1.9,1761883533.683000,480,2,"1101,1102",TRUE,TRUE,FALSE,FALSE,"Multi-ICG:1102,1103;Multi-ECG:1101,1102"
849,2025-10-31T09:35:35.876432,1020.3,2025-10-31T09:35:36.075863,199.4,1761883535.973000,472,1,1104,2025-10-31T09:35:36.077551,1.7,1761883534.886000,480,1,1103,FALSE,FALSE,FALSE,FALSE,
850,2025-10-31T09:35:37.078950,1021.6,2025-10-31T09:35:37.277210,198.3,1761883537.176000,471,1,1105,2025-10-31T09:35:37.278836,1.6,1761883536.087000,480,1,1104,FALSE,FALSE,FALSE,FALSE,
851,2025-10-31T09:35:38.279969,1022.8,2025-10-31T09:35:38.480301,200.3,1761883538.378000,470,1,1106,2025-10-31T09:35:38.481840,1.5,1761883537.290000,479,1,1105,FALSE,FALSE,FALSE,FALSE,
852,2025-10-31T09:35:39.483198,1024.0,2025-10-31T09:35:39.682547,199.3,1761883539.581000,471,1,1107,2025-10-31T09:35:39.688485,5.9,1761883538.492000,481,1,1106,FALSE,FALSE,FALSE,FALSE,
853,2025-10-31T09:35:40.689652,1025.2,2025-10-31T09:35:40.884806,195.2,1761883540.783000,474,2,"1108,1109",2025-10-31T09:35:40.886184,1.4,1761883539.694000,482,2,"1107,1108",TRUE,TRUE,FALSE,FALSE,"Multi-ICG:1108,1109;Multi-ECG:1107,1108"
854,2025-10-31T09:35:41.887474,1026.4,2025-10-31T09:35:42.087286,199.8,1761883541.985000,469,1,1110,2025-10-31T09:35:42.089138,1.8,1761883540.896000,480,1,1109,FALSE,FALSE,FALSE,FALSE,
855,2025-10-31T09:35:43.090329,1027.6,2025-10-31T09:35:43.289498,199.2,1761883543.188000,471,1,1111,2025-10-31T09:35:43.291188,1.7,1761883542.098000,479,1,1110,FALSE,FALSE,FALSE,FALSE,
856,2025-10-31T09:35:44.292331,1028.8,2025-10-31T09:35:44.493183,200.9,1761883544.390000,472,1,1112,2025-10-31T09:35:44.495029,1.8,1761883543.302000,480,1,1111,FALSE,FALSE,FALSE,FALSE,
857,2025-10-31T09:35:45.496431,1030.0,2025-10-31T09:35:45.694418,198.0,1761883545.593000,470,1,1113,2025-10-31T09:35:45.695873,1.4,1761883544.504000,480,1,1112,FALSE,FALSE,FALSE,FALSE,
858,2025-10-31T09:35:46.697036,1031.2,2025-10-31T09:35:46.897359,200.3,1761883546.795000,470,2,"1114,1115",2025-10-31T09:35:46.898984,1.6,1761883545.706000,481,2,"1113,1114",TRUE,TRUE,FALSE,FALSE,"Multi-ICG:1114,1115;Multi-ECG:1113,1114"
859,2025-10-31T09:35:47.900644,1032.4,2025-10-31T09:35:48.100507,199.9,1761883547.998000,470,1,1116,2025-10-31T09:35:48.101901,1.4,1761883546.908000,480,1,1115,FALSE,FALSE,FALSE,FALSE,
860,2025-10-31T09:35:49.103144,1033.6,2025-10-31T09:35:49.303435,200.3,1761883549.201000,471,1,1117,2025-10-31T09:35:49.304890,1.4,1761883548.110000,479,1,1116,FALSE,FALSE,FALSE,FALSE,
861,2025-10-31T09:35:50.306019,1034.8,2025-10-31T09:35:50.506151,200.1,1761883550.404000,472,1,1118,2025-10-31T09:35:50.511561,5.4,1761883549.312000,479,1,1117,FALSE,FALSE,FALSE,FALSE,
862,2025-10-31T09:35:51.512708,1036.0,2025-10-31T09:35:51.708674,196.0,1761883551.606000,472,2,"1119,1120",2025-10-31T09:35:51.710344,1.7,1761883550.514000,478,1,1118,TRUE,FALSE,FALSE,FALSE,"Multi-ICG:1119,1120"
863,2025-10-31T09:35:52.712048,1037.2,2025-10-31T09:35:52.910525,198.5,1761883552.808000,471,1,1121,2025-10-31T09:35:52.912093,1.6,1761883551.716000,480,2,"1119,1120",FALSE,TRUE,FALSE,FALSE,"Multi-ECG:1119,1120"
864,2025-10-31T09:35:53.913538,1038.4,2025-10-31T09:35:54.113167,199.6,1761883554.011000,471,1,1122,2025-10-31T09:35:54.114626,1.4,1761883552.918000,477,1,1121,FALSE,FALSE,FALSE,FALSE,
865,2025-10-31T09:35:55.115761,1039.6,2025-10-31T09:35:55.315427,199.7,1761883555.213000,469,1,1123,2025-10-31T09:35:55.316879,1.4,1761883554.120000,479,1,1122,FALSE,FALSE,FALSE,FALSE,
866,2025-10-31T09:35:56.318040,1040.8,2025-10-31T09:35:56.517250,199.2,1761883556.416000,470,1,1124,2025-10-31T09:35:56.518851,1.6,1761883555.322000,479,1,1123,FALSE,FALSE,FALSE,FALSE,
867,2025-10-31T09:35:57.520003,1042.0,2025-10-31T09:35:57.719244,199.2,1761883557.618000,471,2,"1125,1126",2025-10-31T09:35:57.720606,1.3,1761883556.524000,479,1,1124,TRUE,FALSE,FALSE,FALSE,"Multi-ICG:1125,1126"
868,2025-10-31T09:35:58.721970,1043.2,2025-10-31T09:35:58.921000,199.0,1761883558.819000,470,1,1127,2025-10-31T09:35:58.922556,1.5,1761883557.726000,481,2,"1125,1126",FALSE,TRUE,FALSE,FALSE,"Multi-ECG:1125,1126"
869,2025-10-31T09:35:59.923871,1044.4,2025-10-31T09:36:00.122582,198.7,1761883560.021000,471,1,1128,2025-10-31T09:36:00.124195,1.6,1761883558.928000,480,1,1127,FALSE,FALSE,FALSE,FALSE,
870,2025-10-31T09:36:01.125346,1045.6,2025-10-31T09:36:01.329683,204.3,1761883561.223000,470,1,1129,2025-10-31T09:36:01.331123,1.4,1761883560.129000,477,1,1128,FALSE,FALSE,FALSE,FALSE,
871,2025-10-31T09:36:02.332350,1046.8,2025-10-31T09:36:02.527813,195.5,1761883562.426000,472,1,1130,2025-10-31T09:36:02.529292,1.5,1761883561.331000,479,1,1129,FALSE,FALSE,FALSE,FALSE,
872,2025-10-31T09:36:03.530468,1048.0,2025-10-31T09:36:03.730914,200.4,1761883563.628000,473,2,"1131,1132",2025-10-31T09:36:03.732420,1.5,1761883562.534000,479,1,1130,TRUE,FALSE,FALSE,FALSE,"Multi-ICG:1131,1132"
873,2025-10-31T09:36:04.733727,1049.2,2025-10-31T09:36:04.932932,199.2,1761883564.831000,469,1,1133,2025-10-31T09:36:04.934397,1.5,1761883563.736000,480,2,"1131,1132",FALSE,TRUE,FALSE,FALSE,"Multi-ECG:1131,1132"
874,2025-10-31T09:36:05.935887,1050.4,2025-10-31T09:36:06.134540,198.7,1761883566.033000,470,1,1134,2025-10-31T09:36:06.136052,1.5,1761883564.938000,479,1,1133,FALSE,FALSE,FALSE,FALSE,
875,2025-10-31T09:36:07.137197,1051.6,2025-10-31T09:36:07.336776,199.6,1761883567.235000,470,1,1135,2025-10-31T09:36:07.338177,1.4,1761883566.140000,480,1,1134,FALSE,FALSE,FALSE,FALSE,
876,2025-10-31T09:36:08.339303,1052.8,2025-10-31T09:36:08.540738,201.4,1761883568.438000,469,1,1136,2025-10-31T09:36:08.542699,1.9,1761883567.344000,480,1,1135,FALSE,FALSE,FALSE,FALSE,
877,2025-10-31T09:36:09.544090,1054.0,2025-10-31T09:36:09.742752,198.7,1761883569.640000,472,2,"1137,1138",2025-10-31T09:36:09.744251,1.5,1761883568.547000,479,1,1136,TRUE,FALSE,FALSE,FALSE,"Multi-ICG:1137,1138"
878,2025-10-31T09:36:10.745576,1055.2,2025-10-31T09:36:10.945199,199.6,1761883570.843000,471,1,1139,2025-10-31T09:36:10.946557,1.3,1761883569.749000,479,2,"1137,1138",FALSE,TRUE,FALSE,FALSE,"Multi-ECG:1137,1138"
879,2025-10-31T09:36:11.947843,1056.4,2025-10-31T09:36:12.151809,204.0,1761883572.046000,472,1,1140,2025-10-31T09:36:12.153332,1.5,1761883570.951000,479,1,1139,FALSE,FALSE,FALSE,FALSE,
880,2025-10-31T09:36:13.154560,1057.6,2025-10-31T09:36:13.350516,196.0,1761883573.249000,472,1,1141,2025-10-31T09:36:13.352433,1.9,1761883572.154000,480,1,1140,FALSE,FALSE,FALSE,FALSE,
881,2025-10-31T09:36:14.353568,1058.8,2025-10-31T09:36:14.553139,199.6,1761883574.451000,470,1,1142,2025-10-31T09:36:14.555005,1.9,1761883573.356000,480,1,1141,FALSE,FALSE,FALSE,FALSE,
882,2025-10-31T09:36:15.556181,1060.0,2025-10-31T09:36:15.755770,199.6,1761883575.653000,474,2,"1143,1144",2025-10-31T09:36:15.757741,2.0,1761883574.557000,480,1,1142,TRUE,FALSE,FALSE,FALSE,"Multi-ICG:1143,1144"
883,2025-10-31T09:36:16.759167,1061.2,2025-10-31T09:36:16.958266,199.1,1761883576.856000,470,1,1145,2025-10-31T09:36:16.959985,1.7,1761883575.759000,481,2,"1143,1144",FALSE,TRUE,FALSE,FALSE,"Multi-ECG:1143,1144"
884,2025-10-31T09:36:17.961291,1062.4,2025-10-31T09:36:18.160510,199.2,1761883578.059000,472,1,1146,2025-10-31T09:36:18.161851,1.3,1761883576.961000,480,1,1145,FALSE,FALSE,FALSE,FALSE,
885,2025-10-31T09:36:19.163201,1063.6,2025-10-31T09:36:19.362291,199.1,1761883579.260000,471,1,1147,2025-10-31T09:36:19.363789,1.5,1761883578.164000,480,1,1146,FALSE,FALSE,FALSE,FALSE,
886,2025-10-31T09:36:20.364950,1064.8,2025-10-31T09:36:20.564181,199.2,1761883580.462000,471,1,1148,2025-10-31T09:36:20.565501,1.3,1761883579.365000,480,1,1147,FALSE,FALSE,FALSE,FALSE,
887,2025-10-31T09:36:21.566725,1066.0,2025-10-31T09:36:21.766340,199.6,1761883581.664000,470,2,"1149,1150",2025-10-31T09:36:21.772180,5.8,1761883580.567000,479,1,1148,TRUE,FALSE,FALSE,FALSE,"Multi-ICG:1149,1150"
888,2025-10-31T09:36:22.773533,1067.2,2025-10-31T09:36:22.968098,194.6,1761883582.866000,472,1,1151,2025-10-31T09:36:22.969572,1.5,1761883581.770000,481,2,"1149,1150",FALSE,TRUE,FALSE,FALSE,"Multi-ECG:1149,1150"
889,2025-10-31T09:36:23.970995,1068.4,2025-10-31T09:36:24.170881,199.9,1761883584.069000,469,1,1152,2025-10-31T09:36:24.173094,2.2,1761883582.972000,478,1,1151,FALSE,FALSE,FALSE,FALSE,
890,2025-10-31T09:36:25.175024,1069.6,2025-10-31T09:36:25.373136,198.1,1761883585.271000,470,1,1153,2025-10-31T09:36:25.374699,1.6,1761883584.174000,479,1,1152,FALSE,FALSE,FALSE,FALSE,
891,2025-10-31T09:36:26.375828,1070.8,2025-10-31T09:36:26.576054,200.2,1761883586.474000,470,1,1154,2025-10-31T09:36:26.577702,1.6,1761883585.377000,480,1,1153,FALSE,FALSE,FALSE,FALSE,
892,2025-10-31T09:36:27.579331,1072.1,2025-10-31T09:36:27.780866,201.5,1761883587.679000,475,2,"1155,1156",2025-10-31T09:36:27.782225,1.3,1761883586.579000,480,1,1154,TRUE,FALSE,FALSE,FALSE,"Multi-ICG:1155,1156"
893,2025-10-31T09:36:28.783525,1073.3,2025-10-31T09:36:28.983390,199.9,1761883588.881000,473,1,1157,2025-10-31T09:36:28.984910,1.5,1761883587.881000,519,2,"1155,1156",FALSE,TRUE,FALSE,FALSE,"Multi-ECG:1155,1156"
894,2025-10-31T09:36:29.986432,1074.5,2025-10-31T09:36:30.185674,199.2,1761883590.083000,468,1,1158,2025-10-31T09:36:30.187263,1.6,1761883589.083000,479,1,1157,FALSE,FALSE,FALSE,FALSE,
895,2025-10-31T09:36:31.188378,1075.7,2025-10-31T09:36:31.388754,200.4,1761883591.286000,471,1,1159,2025-10-31T09:36:31.390601,2.1,1761883590.285000,479,1,1158,FALSE,FALSE,FALSE,FALSE,
896,2025-10-31T09:36:32.392161,1076.9,2025-10-31T09:36:32.590138,198.0,1761883592.488000,469,1,1160,2025-10-31T09:36:32.595835,5.7,1761883591.487000,478,1,1159,FALSE,FALSE,FALSE,FALSE,
897,2025-10-31T09:36:33.596984,1078.1,2025-10-31T09:36:33.793062,196.1,1761883593.690000,473,2,"1161,1162",2025-10-31T09:36:33.794469,1.4,1761883592.690000,480,2,"1160,1161",TRUE,TRUE,FALSE,FALSE,"Multi-ICG:1161,1162;Multi-ECG:1160,1161"
898,2025-10-31T09:36:34.795845,1079.3,2025-10-31T09:36:34.995934,200.1,1761883594.894000,472,1,1163,2025-10-31T09:36:34.997377,1.4,1761883593.893000,477,1,1162,FALSE,FALSE,FALSE,FALSE,
899,2025-10-31T09:36:35.998657,1080.5,2025-10-31T09:36:36.198891,200.2,1761883596.096000,472,1,1164,2025-10-31T09:36:36.200401,1.5,1761883595.095000,479,1,1163,FALSE,FALSE,FALSE,FALSE,
900,2025-10-31T09:36:37.201517,1081.7,2025-10-31T09:36:37.402772,201.3,1761883597.300000,470,1,1165,2025-10-31T09:36:37.404116,1.3,1761883596.297000,479,1,1164,FALSE,FALSE,FALSE,FALSE,
901,2025-10-31T09:36:38.405223,1082.9,2025-10-31T09:36:38.605277,200.1,1761883598.503000,471,1,1166,2025-10-31T09:36:38.606815,1.5,1761883597.499000,480,1,1165,FALSE,FALSE,FALSE,FALSE,
902,2025-10-31T09:36:39.608038,1084.1,2025-10-31T09:36:39.809187,201.1,1761883599.705000,471,2,"1167,1168",2025-10-31T09:36:39.810787,1.6,1761883598.703000,479,2,"1166,1167",TRUE,TRUE,FALSE,FALSE,"Multi-ICG:1167,1168;Multi-ECG:1166,1167"
903,2025-10-31T09:36:40.812109,1085.3,2025-10-31T09:36:41.012795,200.7,1761883600.910000,470,1,1169,2025-10-31T09:36:41.014264,1.5,1761883599.905000,480,1,1168,FALSE,FALSE,FALSE,FALSE,
904,2025-10-31T09:36:42.015509,1086.5,2025-10-31T09:36:42.215451,199.9,1761883602.113000,471,1,1170,2025-10-31T09:36:42.216967,1.5,1761883601.109000,481,1,1169,FALSE,FALSE,FALSE,FALSE,
905,2025-10-31T09:36:43.218224,1087.7,2025-10-31T09:36:43.417573,199.3,1761883603.316000,471,1,1171,2025-10-31T09:36:43.423273,5.7,1761883602.311000,478,1,1170,FALSE,FALSE,FALSE,FALSE,
906,2025-10-31T09:36:44.424442,1088.9,2025-10-31T09:36:44.620194,195.8,1761883604.518000,469,1,1172,2025-10-31T09:36:44.621662,1.5,1761883603.514000,479,1,1171,FALSE,FALSE,FALSE,FALSE,
907,2025-10-31T09:36:45.623022,1090.1,2025-10-31T09:36:45.822628,199.6,1761883605.720000,471,2,"1173,1174",2025-10-31T09:36:45.824498,1.9,1761883604.716000,480,2,"1172,1173",TRUE,TRUE,FALSE,FALSE,"Multi-ICG:1173,1174;Multi-ECG:1172,1173"
908,2025-10-31T09:36:46.825829,1091.3,2025-10-31T09:36:47.025604,199.8,1761883606.923000,471,1,1175,2025-10-31T09:36:47.027517,1.9,1761883605.919000,479,1,1174,FALSE,FALSE,FALSE,FALSE,
909,2025-10-31T09:36:48.029108,1092.5,2025-10-31T09:36:48.228033,198.9,1761883608.126000,469,1,1176,2025-10-31T09:36:48.229655,1.6,1761883607.121000,479,1,1175,FALSE,FALSE,FALSE,FALSE,
910,2025-10-31T09:36:49.231238,1093.7,2025-10-31T09:36:49.431004,199.8,1761883609.328000,472,1,1177,2025-10-31T09:36:49.432542,1.5,1761883608.323000,480,1,1176,FALSE,FALSE,FALSE,FALSE,
911,2025-10-31T09:36:50.433731,1094.9,2025-10-31T09:36:50.632930,199.2,1761883610.531000,472,1,1178,2025-10-31T09:36:50.634457,1.5,1761883609.525000,480,1,1177,FALSE,FALSE,FALSE,FALSE,
912,2025-10-31T09:36:51.635867,1096.1,2025-10-31T09:36:51.835889,200.0,1761883611.734000,471,2,"1179,1180",2025-10-31T09:36:51.837807,1.9,1761883610.727000,482,2,"1178,1179",TRUE,TRUE,FALSE,FALSE,"Multi-ICG:1179,1180;Multi-ECG:1178,1179"
913,2025-10-31T09:36:52.839101,1097.3,2025-10-31T09:36:53.038413,199.3,1761883612.936000,470,1,1181,2025-10-31T09:36:53.040735,2.3,1761883611.929000,480,1,1180,FALSE,FALSE,FALSE,FALSE,
914,2025-10-31T09:36:54.042581,1098.5,2025-10-31T09:36:54.245821,203.2,1761883614.139000,472,1,1182,2025-10-31T09:36:54.247271,1.4,1761883613.132000,481,1,1181,FALSE,FALSE,FALSE,FALSE,
915,2025-10-31T09:36:55.248380,1099.7,2025-10-31T09:36:55.443515,195.1,1761883615.341000,469,1,1183,2025-10-31T09:36:55.445304,1.8,1761883614.334000,480,1,1182,FALSE,FALSE,FALSE,FALSE,
916,2025-10-31T09:36:56.446674,1100.9,2025-10-31T09:36:56.645828,199.2,1761883616.544000,470,1,1184,2025-10-31T09:36:56.647962,2.1,1761883615.537000,480,1,1183,FALSE,FALSE,FALSE,FALSE,
917,2025-10-31T09:36:57.649427,1102.1,2025-10-31T09:36:57.848674,199.2,1761883617.746000,472,2,"1185,1186",2025-10-31T09:36:57.850464,1.8,1761883616.740000,479,2,"1184,1185",TRUE,TRUE,FALSE,FALSE,"Multi-ICG:1185,1186;Multi-ECG:1184,1185"
918,2025-10-31T09:36:58.851996,1103.3,2025-10-31T09:36:59.051317,199.3,1761883618.949000,471,1,1187,2025-10-31T09:36:59.053328,2.0,1761883617.943000,481,1,1186,FALSE,FALSE,FALSE,FALSE,
919,2025-10-31T09:37:00.054558,1104.5,2025-10-31T09:37:00.254404,199.8,1761883620.152000,471,1,1188,2025-10-31T09:37:00.256211,1.8,1761883619.145000,478,1,1187,FALSE,FALSE,FALSE,FALSE,
920,2025-10-31T09:37:01.257473,1105.7,2025-10-31T09:37:01.456464,199.0,1761883621.354000,470,1,1189,2025-10-31T09:37:01.458256,1.8,1761883620.348000,478,1,1188,FALSE,FALSE,FALSE,FALSE,
921,2025-10-31T09:37:02.459659,1106.9,2025-10-31T09:37:02.658496,198.8,1761883622.556000,471,1,1190,2025-10-31T09:37:02.659978,1.5,1761883621.549000,478,1,1189,FALSE,FALSE,FALSE,FALSE,
922,2025-10-31T09:37:03.661259,1108.1,2025-10-31T09:37:03.861070,199.8,1761883623.759000,471,2,"1191,1192",2025-10-31T09:37:03.862538,1.5,1761883622.752000,480,2,"1190,1191",TRUE,TRUE,FALSE,FALSE,"Multi-ICG:1191,1192;Multi-ECG:1190,1191"
923,2025-10-31T09:37:04.863871,1109.3,2025-10-31T09:37:05.067652,203.8,1761883624.961000,471,1,1193,2025-10-31T09:37:05.069206,1.5,1761883623.954000,479,1,1192,FALSE,FALSE,FALSE,FALSE,
924,2025-10-31T09:37:06.070476,1110.5,2025-10-31T09:37:06.265585,195.1,1761883626.164000,471,1,1194,2025-10-31T09:37:06.267821,2.2,1761883625.156000,478,1,1193,FALSE,FALSE,FALSE,FALSE,
925,2025-10-31T09:37:07.268987,1111.7,2025-10-31T09:37:07.467558,198.6,1761883627.366000,471,1,1195,2025-10-31T09:37:07.469248,1.7,1761883626.358000,479,1,1194,FALSE,FALSE,FALSE,FALSE,
926,2025-10-31T09:37:08.470605,1112.9,2025-10-31T09:37:08.669421,198.8,1761883628.568000,471,1,1196,2025-10-31T09:37:08.671056,1.6,1761883627.560000,479,1,1195,FALSE,FALSE,FALSE,FALSE,
927,2025-10-31T09:37:09.672235,1114.1,2025-10-31T09:37:09.871663,199.4,1761883629.770000,473,2,"1197,1198",2025-10-31T09:37:09.873217,1.5,1761883628.763000,480,2,"1196,1197",TRUE,TRUE,FALSE,FALSE,"Multi-ICG:1197,1198;Multi-ECG:1196,1197"
928,2025-10-31T09:37:10.874593,1115.3,2025-10-31T09:37:11.074710,200.1,1761883630.972000,472,1,1199,2025-10-31T09:37:11.076245,1.5,1761883629.965000,480,1,1198,FALSE,FALSE,FALSE,FALSE,
929,2025-10-31T09:37:12.077376,1116.5,2025-10-31T09:37:12.277268,199.9,1761883632.175000,472,1,1200,2025-10-31T09:37:12.279037,1.8,1761883631.167000,479,1,1199,FALSE,FALSE,FALSE,FALSE,
930,2025-10-31T09:37:13.280378,1117.8,2025-10-31T09:37:13.480167,199.8,1761883633.377000,471,1,1201,2025-10-31T09:37:13.481558,1.4,1761883632.370000,479,1,1200,FALSE,FALSE,FALSE,FALSE,
931,2025-10-31T09:37:14.483035,1119.0,2025-10-31T09:37:14.682759,199.7,1761883634.580000,472,1,1202,2025-10-31T09:37:14.688422,5.7,1761883633.572000,480,1,1201,FALSE,FALSE,FALSE,FALSE,
932,2025-10-31T09:37:15.689576,1120.2,2025-10-31T09:37:15.884324,194.7,1761883635.783000,472,2,"1203,1204",2025-10-31T09:37:15.885835,1.5,1761883634.774000,480,2,"1202,1203",TRUE,TRUE,FALSE,FALSE,"Multi-ICG:1203,1204;Multi-ECG:1202,1203"
933,2025-10-31T09:37:16.887267,1121.4,2025-10-31T09:37:17.086987,199.7,1761883636.985000,471,1,1205,2025-10-31T09:37:17.088419,1.4,1761883635.977000,478,1,1204,FALSE,FALSE,FALSE,FALSE,
934,2025-10-31T09:37:18.089535,1122.6,2025-10-31T09:37:18.288887,199.4,1761883638.187000,470,1,1206,2025-10-31T09:37:18.290475,1.6,1761883637.179000,479,1,1205,FALSE,FALSE,FALSE,FALSE,
935,2025-10-31T09:37:19.291708,1123.8,2025-10-31T09:37:19.490594,198.9,1761883639.389000,470,1,1207,2025-10-31T09:37:19.492156,1.6,1761883638.381000,480,1,1206,FALSE,FALSE,FALSE,FALSE,
936,2025-10-31T09:37:20.493383,1125.0,2025-10-31T09:37:20.692583,199.2,1761883640.591000,472,1,1208,2025-10-31T09:37:20.694144,1.7,1761883639.584000,480,1,1207,FALSE,FALSE,FALSE,FALSE,
937,2025-10-31T09:37:21.695642,1126.2,2025-10-31T09:37:21.894852,199.2,1761883641.793000,473,2,"1209,1210",2025-10-31T09:37:21.896321,1.5,1761883640.787000,478,2,"1208,1209",TRUE,TRUE,FALSE,FALSE,"Multi-ICG:1209,1210;Multi-ECG:1208,1209"
938,2025-10-31T09:37:22.897636,1127.4,2025-10-31T09:37:23.098163,200.5,1761883642.997000,472,1,1211,2025-10-31T09:37:23.099665,1.5,1761883641.993000,480,1,1210,FALSE,FALSE,FALSE,FALSE,
939,2025-10-31T09:37:24.100839,1128.6,2025-10-31T09:37:24.300285,199.4,1761883644.198000,471,1,1212,2025-10-31T09:37:24.301762,1.5,1761883643.195000,479,1,1211,FALSE,FALSE,FALSE,FALSE,
940,2025-10-31T09:37:25.302980,1129.8,2025-10-31T09:37:25.501797,198.8,1761883645.400000,471,1,1213,2025-10-31T09:37:25.507618,5.8,1761883644.397000,480,1,1212,FALSE,FALSE,FALSE,FALSE,
941,2025-10-31T09:37:26.508762,1131.0,2025-10-31T09:37:26.703602,194.8,1761883646.602000,472,1,1214,2025-10-31T09:37:26.704917,1.3,1761883645.599000,479,1,1213,FALSE,FALSE,FALSE,FALSE,
942,2025-10-31T09:37:27.706095,1132.2,2025-10-31T09:37:27.905986,199.9,1761883647.804000,472,2,"1215,1216",2025-10-31T09:37:27.907437,1.4,1761883646.801000,480,2,"1214,1215",TRUE,TRUE,FALSE,FALSE,"Multi-ICG:1215,1216;Multi-ECG:1214,1215"
943,2025-10-31T09:37:28.908791,1133.4,2025-10-31T09:37:29.107945,199.2,1761883649.006000,472,1,1217,2025-10-31T09:37:29.109459,1.5,1761883648.003000,480,1,1216,FALSE,FALSE,FALSE,FALSE,
944,2025-10-31T09:37:30.110668,1134.6,2025-10-31T09:37:30.311822,201.2,1761883650.209000,471,1,1218,2025-10-31T09:37:30.313168,1.3,1761883649.205000,479,1,1217,FALSE,FALSE,FALSE,FALSE,
945,2025-10-31T09:37:31.314387,1135.8,2025-10-31T09:37:31.514946,200.6,1761883651.413000,474,1,1219,2025-10-31T09:37:31.516376,1.4,1761883650.407000,478,1,1218,FALSE,FALSE,FALSE,FALSE,
946,2025-10-31T09:37:32.517512,1137.0,2025-10-31T09:37:32.716869,199.4,1761883652.615000,470,1,1220,2025-10-31T09:37:32.718435,1.6,1761883651.609000,477,1,1219,FALSE,FALSE,FALSE,FALSE,
947,2025-10-31T09:37:33.719594,1138.2,2025-10-31T09:37:33.919275,199.7,1761883653.818000,471,2,"1221,1222",2025-10-31T09:37:33.920634,1.3,1761883652.810000,481,2,"1220,1221",TRUE,TRUE,FALSE,FALSE,"Multi-ICG:1221,1222;Multi-ECG:1220,1221"
948,2025-10-31T09:37:34.921973,1139.4,2025-10-31T09:37:35.121646,199.7,1761883655.019000,470,1,1223,2025-10-31T09:37:35.123229,1.6,1761883654.012000,480,1,1222,FALSE,FALSE,FALSE,FALSE,
949,2025-10-31T09:37:36.124351,1140.6,2025-10-31T09:37:36.324477,200.1,1761883656.222000,471,1,1224,2025-10-31T09:37:36.329898,5.4,1761883655.214000,479,1,1223,FALSE,FALSE,FALSE,FALSE,
950,2025-10-31T09:37:37.331119,1141.8,2025-10-31T09:37:37.953897,622.8,1761883657.425000,469,1,1225,2025-10-31T09:37:37.954817,0.9,1761883656.416000,478,1,1224,FALSE,FALSE,FALSE,FALSE,
951,2025-10-31T09:37:38.955615,1143.4,2025-10-31T09:37:39.131447,175.8,1761883659.030000,636,2,"1226,1227",2025-10-31T09:37:39.132614,1.2,1761883658.020000,642,2,"1225,1226",TRUE,TRUE,FALSE,FALSE,"Multi-ICG:1226,1227;Multi-ECG:1225,1226"
952,2025-10-31T09:37:40.133756,1144.6,2025-10-31T09:37:40.332562,198.8,1761883660.231000,476,1,1228,2025-10-31T09:37:40.333565,1.0,1761883659.222000,481,1,1227,FALSE,FALSE,FALSE,FALSE,
953,2025-10-31T09:37:41.334393,1145.8,2025-10-31T09:37:41.534255,199.9,1761883661.433000,477,1,1229,2025-10-31T09:37:41.535188,0.9,1761883660.423000,480,1,1228,FALSE,FALSE,FALSE,FALSE,
954,2025-10-31T09:37:42.536352,1147.0,2025-10-31T09:37:42.737527,201.2,1761883662.635000,474,1,1230,2025-10-31T09:37:42.738973,1.4,1761883661.625000,482,1,1229,FALSE,FALSE,FALSE,FALSE,
955,2025-10-31T09:37:43.740088,1148.2,2025-10-31T09:37:43.940880,200.8,1761883663.838000,472,2,"1231,1232",2025-10-31T09:37:43.942369,1.5,1761883662.827000,479,2,"1230,1231",TRUE,TRUE,FALSE,FALSE,"Multi-ICG:1231,1232;Multi-ECG:1230,1231"
956,2025-10-31T09:37:44.943630,1149.4,2025-10-31T09:37:45.143781,200.2,1761883665.042000,473,1,1233,2025-10-31T09:37:45.145242,1.5,1761883664.030000,480,1,1232,FALSE,FALSE,FALSE,FALSE,
957,2025-10-31T09:37:46.146447,1150.6,2025-10-31T09:37:46.346153,199.7,1761883666.244000,471,1,1234,2025-10-31T09:37:46.347620,1.5,1761883665.233000,479,1,1233,FALSE,FALSE,FALSE,FALSE,
958,2025-10-31T09:37:47.348827,1151.8,2025-10-31T09:37:47.547514,198.7,1761883667.446000,468,1,1235,2025-10-31T09:37:47.553339,5.8,1761883666.435000,479,1,1234,FALSE,FALSE,FALSE,FALSE,
959,2025-10-31T09:37:48.554580,1153.0,2025-10-31T09:37:48.750259,195.7,1761883668.648000,471,2,"1236,1237",2025-10-31T09:37:48.751584,1.4,1761883667.636000,479,1,1235,TRUE,FALSE,FALSE,FALSE,"Multi-ICG:1236,1237"
960,2025-10-31T09:37:49.752950,1154.2,2025-10-31T09:37:49.952051,199.1,1761883669.850000,470,1,1238,2025-10-31T09:37:49.953494,1.4,1761883668.838000,478,2,"1236,1237",FALSE,TRUE,FALSE,FALSE,"Multi-ECG:1236,1237"
961,2025-10-31T09:37:50.954936,1155.4,2025-10-31T09:37:51.153577,198.6,1761883671.052000,472,1,1239,2025-10-31T09:37:51.155156,1.6,1761883670.040000,480,1,1238,FALSE,FALSE,FALSE,FALSE,
962,2025-10-31T09:37:52.156349,1156.6,2025-10-31T09:37:52.355586,199.2,1761883672.254000,471,1,1240,2025-10-31T09:37:52.357099,1.5,1761883671.242000,480,1,1239,FALSE,FALSE,FALSE,FALSE,
963,2025-10-31T09:37:53.358574,1157.8,2025-10-31T09:37:53.557432,198.9,1761883673.455000,470,1,1241,2025-10-31T09:37:53.558961,1.5,1761883672.445000,479,1,1240,FALSE,FALSE,FALSE,FALSE,
964,2025-10-31T09:37:54.560189,1159.0,2025-10-31T09:37:54.759229,199.0,1761883674.657000,471,2,"1242,1243",2025-10-31T09:37:54.760770,1.6,1761883673.647000,479,2,"1241,1242",TRUE,TRUE,FALSE,FALSE,"Multi-ICG:1242,1243;Multi-ECG:1241,1242"
965,2025-10-31T09:37:55.762290,1160.2,2025-10-31T09:37:55.961511,199.2,1761883675.860000,472,1,1244,2025-10-31T09:37:55.962912,1.4,1761883674.851000,479,1,1243,FALSE,FALSE,FALSE,FALSE,
966,2025-10-31T09:37:56.964047,1161.4,2025-10-31T09:37:57.163547,199.5,1761883677.061000,471,1,1245,2025-10-31T09:37:57.165049,1.5,1761883676.054000,479,1,1244,FALSE,FALSE,FALSE,FALSE,
967,2025-10-31T09:37:58.166302,1162.6,2025-10-31T09:37:58.365352,199.1,1761883678.264000,471,1,1246,2025-10-31T09:37:58.370992,5.6,1761883677.256000,480,1,1245,FALSE,FALSE,FALSE,FALSE,
968,2025-10-31T09:37:59.372159,1163.8,2025-10-31T09:37:59.567630,195.5,1761883679.466000,471,1,1247,2025-10-31T09:37:59.569286,1.6,1761883678.458000,480,1,1246,FALSE,FALSE,FALSE,FALSE,
969,2025-10-31T09:38:00.570601,1165.0,2025-10-31T09:38:00.769358,198.8,1761883680.667000,473,2,"1248,1249",2025-10-31T09:38:00.770948,1.6,1761883679.661000,481,2,"1247,1248",TRUE,TRUE,FALSE,FALSE,"Multi-ICG:1248,1249;Multi-ECG:1247,1248"
970,2025-10-31T09:38:01.772285,1166.2,2025-10-31T09:38:01.971341,199.1,1761883681.869000,470,1,1250,2025-10-31T09:38:01.972709,1.4,1761883680.864000,478,1,1249,FALSE,FALSE,FALSE,FALSE,
971,2025-10-31T09:38:02.973876,1167.4,2025-10-31T09:38:03.173697,199.8,1761883683.072000,472,1,1251,2025-10-31T09:38:03.175367,1.7,1761883682.067000,479,1,1250,FALSE,FALSE,FALSE,FALSE,
972,2025-10-31T09:38:04.176547,1168.6,2025-10-31T09:38:04.375740,199.2,1761883684.273000,469,1,1252,2025-10-31T09:38:04.377811,2.1,1761883683.270000,480,1,1251,FALSE,FALSE,FALSE,FALSE,
973,2025-10-31T09:38:05.379060,1169.9,2025-10-31T09:38:05.578290,199.2,1761883685.476000,470,1,1253,2025-10-31T09:38:05.579686,1.4,1761883684.473000,480,1,1252,FALSE,FALSE,FALSE,FALSE,
974,2025-10-31T09:38:06.580807,1171.1,2025-10-31T09:38:06.780521,199.7,1761883686.678000,473,2,"1254,1255",2025-10-31T09:38:06.782124,1.6,1761883685.675000,482,2,"1253,1254",TRUE,TRUE,FALSE,FALSE,"Multi-ICG:1254,1255;Multi-ECG:1253,1254"
975,2025-10-31T09:38:07.783556,1172.3,2025-10-31T09:38:07.982526,199.0,1761883687.880000,470,1,1256,2025-10-31T09:38:07.984142,1.6,1761883686.878000,479,1,1255,FALSE,FALSE,FALSE,FALSE,
976,2025-10-31T09:38:08.985330,1173.5,2025-10-31T09:38:09.189080,203.8,1761883689.083000,470,1,1257,2025-10-31T09:38:09.190556,1.5,1761883688.080000,479,1,1256,FALSE,FALSE,FALSE,FALSE,
977,2025-10-31T09:38:10.191674,1174.7,2025-10-31T09:38:10.388287,196.6,1761883690.285000,472,1,1258,2025-10-31T09:38:10.389778,1.5,1761883689.282000,480,1,1257,FALSE,FALSE,FALSE,FALSE,
978,2025-10-31T09:38:11.391134,1175.9,2025-10-31T09:38:11.589994,198.9,1761883691.488000,469,1,1259,2025-10-31T09:38:11.591653,1.6,1761883690.483000,479,1,1258,FALSE,FALSE,FALSE,FALSE,
979,2025-10-31T09:38:12.592909,1177.1,2025-10-31T09:38:12.793749,200.8,1761883692.691000,471,2,"1260,1261",2025-10-31T09:38:12.795368,1.6,1761883691.685000,480,2,"1259,1260",TRUE,TRUE,FALSE,FALSE,"Multi-ICG:1260,1261;Multi-ECG:1259,1260"
980,2025-10-31T09:38:13.796757,1178.3,2025-10-31T09:38:13.995985,199.2,1761883693.894000,471,1,1262,2025-10-31T09:38:13.997527,1.5,1761883692.887000,480,1,1261,FALSE,FALSE,FALSE,FALSE,
981,2025-10-31T09:38:14.998792,1179.5,2025-10-31T09:38:15.198574,199.8,1761883695.096000,470,1,1263,2025-10-31T09:38:15.200042,1.5,1761883694.089000,480,1,1262,FALSE,FALSE,FALSE,FALSE,
982,2025-10-31T09:38:16.201195,1180.7,2025-10-31T09:38:16.402220,201.0,1761883696.299000,470,1,1264,2025-10-31T09:38:16.404512,2.3,1761883695.292000,480,1,1263,FALSE,FALSE,FALSE,FALSE,
983,2025-10-31T09:38:17.406005,1181.9,2025-10-31T09:38:17.603569,197.6,1761883697.502000,473,1,1265,2025-10-31T09:38:17.605075,1.5,1761883696.494000,480,1,1264,FALSE,FALSE,FALSE,FALSE,
984,2025-10-31T09:38:18.606290,1183.1,2025-10-31T09:38:18.806143,199.9,1761883698.704000,471,2,"1266,1267",2025-10-31T09:38:18.807551,1.4,1761883697.697000,480,2,"1265,1266",TRUE,TRUE,FALSE,FALSE,"Multi-ICG:1266,1267;Multi-ECG:1265,1266"
985,2025-10-31T09:38:19.809079,1184.3,2025-10-31T09:38:20.012840,203.8,1761883699.907000,471,1,1268,2025-10-31T09:38:20.014410,1.6,1761883698.899000,478,1,1267,FALSE,FALSE,FALSE,FALSE,
986,2025-10-31T09:38:21.015514,1185.5,2025-10-31T09:38:21.210998,195.5,1761883701.109000,470,1,1269,2025-10-31T09:38:21.212603,1.6,1761883700.100000,479,1,1268,FALSE,FALSE,FALSE,FALSE,
987,2025-10-31T09:38:22.213748,1186.7,2025-10-31T09:38:22.413275,199.5,1761883702.311000,470,1,1270,2025-10-31T09:38:22.414650,1.4,1761883701.302000,479,1,1269,FALSE,FALSE,FALSE,FALSE,
988,2025-10-31T09:38:23.415805,1187.9,2025-10-31T09:38:23.616363,200.6,1761883703.514000,473,1,1271,2025-10-31T09:38:23.617880,1.5,1761883702.504000,479,1,1270,FALSE,FALSE,FALSE,FALSE,
989,2025-10-31T09:38:24.619112,1189.1,2025-10-31T09:38:24.818492,199.4,1761883704.716000,471,2,"1272,1273",2025-10-31T09:38:24.819966,1.5,1761883703.707000,480,2,"1271,1272",TRUE,TRUE,FALSE,FALSE,"Multi-ICG:1272,1273;Multi-ECG:1271,1272"
990,2025-10-31T09:38:25.821567,1190.3,2025-10-31T09:38:26.020481,198.9,1761883705.919000,471,1,1274,2025-10-31T09:38:26.021897,1.4,1761883704.909000,478,1,1273,FALSE,FALSE,FALSE,FALSE,
991,2025-10-31T09:38:27.023123,1191.5,2025-10-31T09:38:27.222492,199.4,1761883707.121000,471,1,1275,2025-10-31T09:38:27.223991,1.5,1761883706.111000,479,1,1274,FALSE,FALSE,FALSE,FALSE,
992,2025-10-31T09:38:28.225143,1192.7,2025-10-31T09:38:28.424659,199.5,1761883708.323000,471,1,1276,2025-10-31T09:38:28.426059,1.4,1761883707.314000,479,1,1275,FALSE,FALSE,FALSE,FALSE,
993,2025-10-31T09:38:29.427223,1193.9,2025-10-31T09:38:29.627197,200.0,1761883709.525000,470,1,1277,2025-10-31T09:38:29.632741,5.5,1761883708.516000,480,1,1276,FALSE,FALSE,FALSE,FALSE,
994,2025-10-31T09:38:30.633891,1195.1,2025-10-31T09:38:30.829051,195.2,1761883710.727000,472,2,"1278,1279",2025-10-31T09:38:30.830629,1.6,1761883709.718000,481,2,"1277,1278",TRUE,TRUE,FALSE,FALSE,"Multi-ICG:1278,1279;Multi-ECG:1277,1278"
995,2025-10-31T09:38:31.832286,1196.3,2025-10-31T09:38:32.032462,200.2,1761883711.929000,472,1,1280,2025-10-31T09:38:32.034090,1.6,1761883710.920000,479,1,1279,FALSE,FALSE,FALSE,FALSE,
996,2025-10-31T09:38:33.035546,1197.5,2025-10-31T09:38:33.234310,198.8,1761883713.133000,471,1,1281,2025-10-31T09:38:33.235809,1.5,1761883712.122000,480,1,1280,FALSE,FALSE,FALSE,FALSE,
997,2025-10-31T09:38:34.236946,1198.7,2025-10-31T09:38:34.436492,199.5,1761883714.334000,470,1,1282,2025-10-31T09:38:34.438030,1.5,1761883713.323000,477,1,1281,FALSE,FALSE,FALSE,FALSE,
998,2025-10-31T09:38:35.439168,1199.9,2025-10-31T09:38:35.639101,199.9,1761883715.537000,470,1,1283,2025-10-31T09:38:35.640453,1.3,1761883714.526000,479,1,1282,FALSE,FALSE,FALSE,FALSE,
999,2025-10-31T09:38:36.641603,1201.1,2025-10-31T09:38:36.842069,200.5,1761883716.739000,472,2,"1284,1285",2025-10-31T09:38:36.843587,1.5,1761883715.729000,480,2,"1283,1284",TRUE,TRUE,FALSE,FALSE,"Multi-ICG:1284,1285;Multi-ECG:1283,1284"
1000,2025-10-31T09:38:37.845243,1202.3,2025-10-31T09:38:38.044835,199.6,1761883717.942000,473,1,1286,2025-10-31T09:38:38.046400,1.6,1761883716.931000,479,1,1285,FALSE,FALSE,FALSE,FALSE,
1001,2025-10-31T09:38:39.047534,1203.5,2025-10-31T09:38:39.247279,199.7,1761883719.145000,471,1,1287,2025-10-31T09:38:39.248803,1.5,1761883718.134000,479,1,1286,FALSE,FALSE,FALSE,FALSE,
1002,2025-10-31T09:38:40.250148,1204.7,2025-10-31T09:38:40.449036,198.9,1761883720.347000,471,1,1288,2025-10-31T09:38:40.454968,5.9,1761883719.336000,479,1,1287,FALSE,FALSE,FALSE,FALSE,
1003,2025-10-31T09:38:41.456287,1205.9,2025-10-31T09:38:41.652230,195.9,1761883721.550000,470,1,1289,2025-10-31T09:38:41.653526,1.3,1761883720.538000,479,1,1288,FALSE,FALSE,FALSE,FALSE,
1004,2025-10-31T09:38:42.654877,1207.1,2025-10-31T09:38:42.854606,199.7,1761883722.752000,472,2,"1290,1291",2025-10-31T09:38:42.856069,1.5,1761883721.740000,479,2,"1289,1290",TRUE,TRUE,FALSE,FALSE,"Multi-ICG:1290,1291;Multi-ECG:1289,1290"
1005,2025-10-31T09:38:43.857472,1208.3,2025-10-31T09:38:44.056503,199.0,1761883723.955000,471,1,1292,2025-10-31T09:38:44.058245,1.7,1761883722.942000,479,1,1291,FALSE,FALSE,FALSE,FALSE,
1006,2025-10-31T09:38:45.059739,1209.5,2025-10-31T09:38:45.258453,198.7,1761883725.157000,471,1,1293,2025-10-31T09:38:45.259932,1.5,1761883724.144000,478,1,1292,FALSE,FALSE,FALSE,FALSE,
1007,2025-10-31T09:38:46.261059,1210.7,2025-10-31T09:38:46.460700,199.6,1761883726.358000,472,1,1294,2025-10-31T09:38:46.462431,1.7,1761883725.346000,479,1,1293,FALSE,FALSE,FALSE,FALSE,
1008,2025-10-31T09:38:47.463750,1211.9,2025-10-31T09:38:47.663077,199.3,1761883727.561000,471,1,1295,2025-10-31T09:38:47.664626,1.5,1761883726.549000,480,1,1294,FALSE,FALSE,FALSE,FALSE,
1009,2025-10-31T09:38:48.665798,1213.1,2025-10-31T09:38:48.865560,199.8,1761883728.763000,473,2,"1296,1297",2025-10-31T09:38:48.866922,1.4,1761883727.751000,480,2,"1295,1296",TRUE,TRUE,FALSE,FALSE,"Multi-ICG:1296,1297;Multi-ECG:1295,1296"
1010,2025-10-31T09:38:49.868225,1214.3,2025-10-31T09:38:50.068033,199.8,1761883729.966000,470,1,1298,2025-10-31T09:38:50.069491,1.4,1761883728.953000,480,1,1297,FALSE,FALSE,FALSE,FALSE,
1011,2025-10-31T09:38:51.070740,1215.5,2025-10-31T09:38:51.270125,199.4,1761883731.168000,471,1,1299,2025-10-31T09:38:51.275807,5.7,1761883730.155000,480,1,1298,FALSE,FALSE,FALSE,FALSE,
1012,2025-10-31T09:38:52.276929,1216.7,2025-10-31T09:38:52.472956,196.0,1761883732.371000,469,1,1300,2025-10-31T09:38:52.474384,1.4,1761883731.358000,479,1,1299,FALSE,FALSE,FALSE,FALSE,
1013,2025-10-31T09:38:53.475499,1217.9,2025-10-31T09:38:53.675659,200.2,1761883733.573000,471,1,1301,2025-10-31T09:38:53.677085,1.4,1761883732.560000,478,1,1300,FALSE,FALSE,FALSE,FALSE,
1014,2025-10-31T09:38:54.678263,1219.2,2025-10-31T09:38:54.878569,200.3,1761883734.776000,472,2,"1302,1303",2025-10-31T09:38:54.879897,1.3,1761883733.761000,478,2,"1301,1302",TRUE,TRUE,FALSE,FALSE,"Multi-ICG:1302,1303;Multi-ECG:1301,1302"
1015,2025-10-31T09:38:55.881305,1220.4,2025-10-31T09:38:56.082213,200.9,1761883735.979000,471,1,1304,2025-10-31T09:38:56.083765,1.5,1761883734.963000,478,1,1303,FALSE,FALSE,FALSE,FALSE,
1016,2025-10-31T09:38:57.084927,1221.6,2025-10-31T09:38:57.284639,199.7,1761883737.182000,473,1,1305,2025-10-31T09:38:57.286539,1.9,1761883736.165000,479,1,1304,FALSE,FALSE,FALSE,FALSE,
1017,2025-10-31T09:38:58.287694,1222.8,2025-10-31T09:38:58.487707,200.0,1761883738.386000,473,1,1306,2025-10-31T09:38:58.489078,1.4,1761883737.367000,480,1,1305,FALSE,FALSE,FALSE,FALSE,
1018,2025-10-31T09:38:59.490323,1224.0,2025-10-31T09:38:59.690261,199.9,1761883739.588000,469,1,1307,2025-10-31T09:38:59.691725,1.5,1761883738.570000,479,1,1306,FALSE,FALSE,FALSE,FALSE,
1019,2025-10-31T09:39:00.692880,1225.2,2025-10-31T09:39:00.892775,199.9,1761883740.791000,474,2,"1308,1309",2025-10-31T09:39:00.894338,1.6,1761883739.773000,480,2,"1307,1308",TRUE,TRUE,FALSE,FALSE,"Multi-ICG:1308,1309;Multi-ECG:1307,1308"
1020,2025-10-31T09:39:01.895570,1226.4,2025-10-31T09:39:02.098909,203.3,1761883741.993000,471,1,1310,2025-10-31T09:39:02.100288,1.4,1761883740.975000,478,1,1309,FALSE,FALSE,FALSE,FALSE,
1021,2025-10-31T09:39:03.101411,1227.6,2025-10-31T09:39:03.296879,195.5,1761883743.195000,470,1,1311,2025-10-31T09:39:03.298403,1.5,1761883742.177000,477,1,1310,FALSE,FALSE,FALSE,FALSE,
1022,2025-10-31T09:39:04.299531,1228.8,2025-10-31T09:39:04.498682,199.2,1761883744.397000,471,1,1312,2025-10-31T09:39:04.500209,1.5,1761883743.379000,480,1,1311,FALSE,FALSE,FALSE,FALSE,
1023,2025-10-31T09:39:05.501335,1230.0,2025-10-31T09:39:05.701506,200.2,1761883745.599000,472,1,1313,2025-10-31T09:39:05.702905,1.4,1761883744.581000,480,1,1312,FALSE,FALSE,FALSE,FALSE,
1024,2025-10-31T09:39:06.704021,1231.2,2025-10-31T09:39:06.902788,198.8,1761883746.800000,472,2,"1314,1315",2025-10-31T09:39:06.904206,1.4,1761883745.783000,482,2,"1313,1314",TRUE,TRUE,FALSE,FALSE,"Multi-ICG:1314,1315;Multi-ECG:1313,1314"
1025,2025-10-31T09:39:07.905486,1232.4,2025-10-31T09:39:08.104634,199.1,1761883748.003000,473,1,1316,2025-10-31T09:39:08.105911,1.4,1761883746.985000,479,1,1315,FALSE,FALSE,FALSE,FALSE,
1026,2025-10-31T09:39:09.107132,1233.6,2025-10-31T09:39:09.307104,200.0,1761883749.205000,470,1,1317,2025-10-31T09:39:09.308577,1.5,1761883748.187000,478,1,1316,FALSE,FALSE,FALSE,FALSE,
1027,2025-10-31T09:39:10.309655,1234.8,2025-10-31T09:39:10.509429,199.8,1761883750.407000,472,1,1318,2025-10-31T09:39:10.510956,1.5,1761883749.389000,478,1,1317,FALSE,FALSE,FALSE,FALSE,
1028,2025-10-31T09:39:11.512080,1236.0,2025-10-31T09:39:11.712460,200.4,1761883751.610000,470,1,1319,2025-10-31T09:39:11.714525,2.1,1761883750.592000,480,1,1318,FALSE,FALSE,FALSE,FALSE,
1029,2025-10-31T09:39:12.716101,1237.2,2025-10-31T09:39:12.917890,201.8,1761883752.812000,473,2,"1320,1321",2025-10-31T09:39:12.919517,1.6,1761883751.794000,480,2,"1319,1320",TRUE,TRUE,FALSE,FALSE,"Multi-ICG:1320,1321;Multi-ECG:1319,1320"
1030,2025-10-31T09:39:13.920824,1238.4,2025-10-31T09:39:14.115720,194.9,1761883754.014000,470,1,1322,2025-10-31T09:39:14.117259,1.5,1761883752.995000,479,1,1321,FALSE,FALSE,FALSE,FALSE,
1031,2025-10-31T09:39:15.118433,1239.6,2025-10-31T09:39:15.317609,199.2,1761883755.216000,472,1,1323,2025-10-31T09:39:15.318985,1.4,1761883754.197000,479,1,1322,FALSE,FALSE,FALSE,FALSE,
1032,2025-10-31T09:39:16.320121,1240.8,2025-10-31T09:39:16.520391,200.3,1761883756.418000,472,1,1324,2025-10-31T09:39:16.521838,1.4,1761883755.399000,480,1,1323,FALSE,FALSE,FALSE,FALSE,
1033,2025-10-31T09:39:17.523024,1242.0,2025-10-31T09:39:17.722569,199.5,1761883757.620000,470,1,1325,2025-10-31T09:39:17.724108,1.5,1761883756.601000,479,1,1324,FALSE,FALSE,FALSE,FALSE,
1034,2025-10-31T09:39:18.725262,1243.2,2025-10-31T09:39:18.925140,199.9,1761883758.823000,473,2,"1326,1327",2025-10-31T09:39:18.926846,1.7,1761883757.803000,481,2,"1325,1326",TRUE,TRUE,FALSE,FALSE,"Multi-ICG:1326,1327;Multi-ECG:1325,1326"
1035,2025-10-31T09:39:19.928274,1244.4,2025-10-31T09:39:20.127443,199.2,1761883760.025000,471,1,1328,2025-10-31T09:39:20.129310,1.9,1761883759.006000,479,1,1327,FALSE,FALSE,FALSE,FALSE,
1036,2025-10-31T09:39:21.130516,1245.6,2025-10-31T09:39:21.329332,198.8,1761883761.227000,470,1,1329,2025-10-31T09:39:21.331134,1.8,1761883760.208000,479,1,1328,FALSE,FALSE,FALSE,FALSE,
1037,2025-10-31T09:39:22.332311,1246.8,2025-10-31T09:39:22.531522,199.2,1761883762.429000,470,1,1330,2025-10-31T09:39:22.537092,5.6,1761883761.410000,478,1,1329,FALSE,FALSE,FALSE,FALSE,
1038,2025-10-31T09:39:23.538296,1248.0,2025-10-31T09:39:23.733221,194.9,1761883763.631000,471,1,1331,2025-10-31T09:39:23.734916,1.7,1761883762.612000,480,1,1330,FALSE,FALSE,FALSE,FALSE,
1039,2025-10-31T09:39:24.736107,1249.2,2025-10-31T09:39:24.935700,199.6,1761883764.833000,472,2,"1332,1333",2025-10-31T09:39:24.937137,1.4,1761883763.815000,480,2,"1331,1332",TRUE,TRUE,FALSE,FALSE,"Multi-ICG:1332,1333;Multi-ECG:1331,1332"
1040,2025-10-31T09:39:25.938485,1250.4,2025-10-31T09:39:26.138404,199.9,1761883766.036000,469,1,1334,2025-10-31T09:39:26.139912,1.5,1761883765.017000,477,1,1333,FALSE,FALSE,FALSE,FALSE,
1041,2025-10-31T09:39:27.141186,1251.6,2025-10-31T09:39:27.340219,199.0,1761883767.238000,468,1,1335,2025-10-31T09:39:27.341729,1.5,1761883766.219000,481,1,1334,FALSE,FALSE,FALSE,FALSE,
1042,2025-10-31T09:39:28.343038,1252.8,2025-10-31T09:39:28.542534,199.5,1761883768.440000,471,1,1336,2025-10-31T09:39:28.543898,1.3,1761883767.421000,480,1,1335,FALSE,FALSE,FALSE,FALSE,
1043,2025-10-31T09:39:29.545128,1254.0,2025-10-31T09:39:29.744545,199.4,1761883769.643000,473,1,1337,2025-10-31T09:39:29.746071,1.5,1761883768.623000,478,1,1336,FALSE,FALSE,FALSE,FALSE,
1044,2025-10-31T09:39:30.747281,1255.2,2025-10-31T09:39:30.947115,199.8,1761883770.845000,473,2,"1338,1339",2025-10-31T09:39:30.948643,1.5,1761883769.825000,481,2,"1337,1338",TRUE,TRUE,FALSE,FALSE,"Multi-ICG:1338,1339;Multi-ECG:1337,1338"
1045,2025-10-31T09:39:31.950146,1256.4,2025-10-31T09:39:32.149656,199.5,1761883772.048000,472,1,1340,2025-10-31T09:39:32.151100,1.4,1761883771.027000,480,1,1339,FALSE,FALSE,FALSE,FALSE,
1046,2025-10-31T09:39:33.152324,1257.6,2025-10-31T09:39:33.351989,199.7,1761883773.250000,469,1,1341,2025-10-31T09:39:33.357859,5.9,1761883772.229000,480,1,1340,FALSE,FALSE,FALSE,FALSE,
1047,2025-10-31T09:39:34.359065,1258.8,2025-10-31T09:39:34.553722,194.7,1761883774.452000,470,1,1342,2025-10-31T09:39:34.555336,1.6,1761883773.431000,479,1,1341,FALSE,FALSE,FALSE,FALSE,
1048,2025-10-31T09:39:35.556540,1260.0,2025-10-31T09:39:35.756052,199.5,1761883775.654000,472,1,1343,2025-10-31T09:39:35.757543,1.5,1761883774.633000,480,1,1342,FALSE,FALSE,FALSE,FALSE,
1049,2025-10-31T09:39:36.758884,1261.2,2025-10-31T09:39:36.958210,199.3,1761883776.856000,473,2,"1344,1345",2025-10-31T09:39:36.960026,1.8,1761883775.835000,478,2,"1343,1344",TRUE,TRUE,FALSE,FALSE,"Multi-ICG:1344,1345;Multi-ECG:1343,1344"
1050,2025-10-31T09:39:37.961697,1262.4,2025-10-31T09:39:38.160146,198.4,1761883778.059000,472,1,1346,2025-10-31T09:39:38.161514,1.4,1761883777.038000,479,1,1345,FALSE,FALSE,FALSE,FALSE,
1051,2025-10-31T09:39:39.162814,1263.6,2025-10-31T09:39:39.362651,199.8,1761883779.261000,472,1,1347,2025-10-31T09:39:39.364215,1.5,1761883778.239000,478,1,1346,FALSE,FALSE,FALSE,FALSE,
1052,2025-10-31T09:39:40.365522,1264.8,2025-10-31T09:39:40.564635,199.1,1761883780.463000,471,1,1348,2025-10-31T09:39:40.566386,1.7,1761883779.443000,479,1,1347,FALSE,FALSE,FALSE,FALSE,
1053,2025-10-31T09:39:41.567596,1266.0,2025-10-31T09:39:41.767540,199.9,1761883781.666000,469,1,1349,2025-10-31T09:39:41.768922,1.4,1761883780.645000,479,1,1348,FALSE,FALSE,FALSE,FALSE,
1054,2025-10-31T09:39:42.770146,1267.2,2025-10-31T09:39:42.970169,200.0,1761883782.868000,472,2,"1350,1351",2025-10-31T09:39:42.971929,1.8,1761883781.847000,480,2,"1349,1350",TRUE,TRUE,FALSE,FALSE,"Multi-ICG:1350,1351;Multi-ECG:1349,1350"
1055,2025-10-31T09:39:43.973187,1268.4,2025-10-31T09:39:44.172440,199.3,1761883784.070000,470,1,1352,2025-10-31T09:39:44.178091,5.6,1761883783.049000,479,1,1351,FALSE,FALSE,FALSE,FALSE,
1056,2025-10-31T09:39:45.179242,1269.7,2025-10-31T09:39:45.375362,196.1,1761883785.273000,470,1,1353,2025-10-31T09:39:45.376839,1.5,1761883784.252000,479,1,1352,FALSE,FALSE,FALSE,FALSE,
1057,2025-10-31T09:39:46.377991,1270.8,2025-10-31T09:39:46.577762,199.8,1761883786.475000,471,1,1354,2025-10-31T09:39:46.579428,1.7,1761883785.454000,479,1,1353,FALSE,FALSE,FALSE,FALSE,
1058,2025-10-31T09:39:47.580595,1272.1,2025-10-31T09:39:47.779825,199.2,1761883787.678000,471,1,1355,2025-10-31T09:39:47.781410,1.6,1761883786.656000,479,1,1354,FALSE,FALSE,FALSE,FALSE,
1059,2025-10-31T09:39:48.782710,1273.3,2025-10-31T09:39:48.982544,199.8,1761883788.880000,471,2,"1356,1357",2025-10-31T09:39:48.984093,1.6,1761883787.858000,480,2,"1355,1356",TRUE,TRUE,FALSE,FALSE,"Multi-ICG:1356,1357;Multi-ECG:1355,1356"
1060,2025-10-31T09:39:49.985527,1274.5,2025-10-31T09:39:50.187004,201.5,1761883790.083000,470,1,1358,2025-10-31T09:39:50.188984,2.0,1761883789.061000,479,1,1357,FALSE,FALSE,FALSE,FALSE,
1061,2025-10-31T09:39:51.190157,1275.7,2025-10-31T09:39:51.389128,199.0,1761883791.288000,472,1,1359,2025-10-31T09:39:51.390552,1.4,1761883790.263000,479,1,1358,FALSE,FALSE,FALSE,FALSE,
1062,2025-10-31T09:39:52.391716,1276.9,2025-10-31T09:39:52.591071,199.4,1761883792.489000,469,1,1360,2025-10-31T09:39:52.592567,1.5,1761883791.465000,478,1,1359,FALSE,FALSE,FALSE,FALSE,
1063,2025-10-31T09:39:53.593706,1278.1,2025-10-31T09:39:53.792602,198.9,1761883793.691000,470,2,"1361,1362",2025-10-31T09:39:53.794181,1.6,1761883792.666000,480,1,1360,TRUE,FALSE,FALSE,FALSE,"Multi-ICG:1361,1362"
1064,2025-10-31T09:39:54.795743,1279.3,2025-10-31T09:39:54.998765,203.0,1761883794.893000,471,1,1363,2025-10-31T09:39:55.000143,1.4,1761883793.868000,481,2,"1361,1362",FALSE,TRUE,FALSE,FALSE,"Multi-ECG:1361,1362"
1065,2025-10-31T09:39:56.001677,1280.5,2025-10-31T09:39:56.196602,194.9,1761883796.094000,469,1,1364,2025-10-31T09:39:56.198304,1.7,1761883795.070000,480,1,1363,FALSE,FALSE,FALSE,FALSE,
1066,2025-10-31T09:39:57.199673,1281.7,2025-10-31T09:39:57.398212,198.5,1761883797.296000,472,1,1365,2025-10-31T09:39:57.399700,1.5,1761883796.271000,479,1,1364,FALSE,FALSE,FALSE,FALSE,
1067,2025-10-31T09:39:58.400943,1282.9,2025-10-31T09:39:58.600109,199.2,1761883798.498000,469,1,1366,2025-10-31T09:39:58.601459,1.3,1761883797.473000,479,1,1365,FALSE,FALSE,FALSE,FALSE,
1068,2025-10-31T09:39:59.602700,1284.1,2025-10-31T09:39:59.802057,199.4,1761883799.700000,471,2,"1367,1368",2025-10-31T09:39:59.803727,1.7,1761883798.675000,480,1,1366,TRUE,FALSE,FALSE,FALSE,"Multi-ICG:1367,1368"
1069,2025-10-31T09:40:00.805221,1285.3,2025-10-31T09:40:01.003650,198.4,1761883800.902000,469,1,1369,2025-10-31T09:40:01.005182,1.5,1761883799.876000,479,2,"1367,1368",FALSE,TRUE,FALSE,FALSE,"Multi-ECG:1367,1368"
1070,2025-10-31T09:40:02.006511,1286.5,2025-10-31T09:40:02.205608,199.1,1761883802.104000,469,1,1370,2025-10-31T09:40:02.207146,1.5,1761883801.078000,479,1,1369,FALSE,FALSE,FALSE,FALSE,
1071,2025-10-31T09:40:03.208305,1287.7,2025-10-31T09:40:03.407052,198.7,1761883803.306000,470,1,1371,2025-10-31T09:40:03.408635,1.6,1761883802.280000,479,1,1370,FALSE,FALSE,FALSE,FALSE,
1072,2025-10-31T09:40:04.409763,1288.9,2025-10-31T09:40:04.609309,199.5,1761883804.507000,470,1,1372,2025-10-31T09:40:04.610678,1.4,1761883803.482000,480,1,1371,FALSE,FALSE,FALSE,FALSE,
1073,2025-10-31T09:40:05.611819,1290.1,2025-10-31T09:40:05.815212,203.4,1761883805.710000,471,2,"1373,1374",2025-10-31T09:40:05.816718,1.5,1761883804.684000,479,1,1372,TRUE,FALSE,FALSE,FALSE,"Multi-ICG:1373,1374"
1074,2025-10-31T09:40:06.818362,1291.3,2025-10-31T09:40:07.013048,194.7,1761883806.911000,471,1,1375,2025-10-31T09:40:07.014738,1.7,1761883805.888000,481,2,"1373,1374",FALSE,TRUE,FALSE,FALSE,"Multi-ECG:1373,1374"
1075,2025-10-31T09:40:08.015977,1292.5,2025-10-31T09:40:08.215343,199.4,1761883808.114000,471,1,1376,2025-10-31T09:40:08.216668,1.3,1761883807.090000,479,1,1375,FALSE,FALSE,FALSE,FALSE,
1076,2025-10-31T09:40:09.217828,1293.7,2025-10-31T09:40:09.417275,199.4,1761883809.315000,473,1,1377,2025-10-31T09:40:09.418798,1.5,1761883808.292000,479,1,1376,FALSE,FALSE,FALSE,FALSE,
1077,2025-10-31T09:40:10.419947,1294.9,2025-10-31T09:40:10.621146,201.2,1761883810.518000,471,1,1378,2025-10-31T09:40:10.622736,1.6,1761883809.493000,477,1,1377,FALSE,FALSE,FALSE,FALSE,
1078,2025-10-31T09:40:11.623899,1296.1,2025-10-31T09:40:11.824305,200.4,1761883811.722000,472,2,"1379,1380",2025-10-31T09:40:11.825688,1.4,1761883810.696000,479,2,"1378,1379",TRUE,TRUE,FALSE,FALSE,"Multi-ICG:1379,1380;Multi-ECG:1378,1379"
1079,2025-10-31T09:40:12.827154,1297.3,2025-10-31T09:40:13.027710,200.6,1761883812.925000,473,1,1381,2025-10-31T09:40:13.029311,1.6,1761883811.898000,480,1,1380,FALSE,FALSE,FALSE,FALSE,
1080,2025-10-31T09:40:14.030519,1298.5,2025-10-31T09:40:14.230097,199.6,1761883814.128000,471,1,1382,2025-10-31T09:40:14.231614,1.5,1761883813.100000,480,1,1381,FALSE,FALSE,FALSE,FALSE,
1081,2025-10-31T09:40:15.232789,1299.7,2025-10-31T09:40:15.436040,203.2,1761883815.331000,471,1,1383,2025-10-31T09:40:15.437401,1.4,1761883814.302000,478,1,1382,FALSE,FALSE,FALSE,FALSE,
1082,2025-10-31T09:40:16.442845,1300.9,2025-10-31T09:40:16.637801,195.0,1761883816.536000,473,1,1384,2025-10-31T09:40:16.639373,1.6,1761883815.504000,479,1,1383,FALSE,FALSE,FALSE,FALSE,
1083,2025-10-31T09:40:17.640541,1302.1,2025-10-31T09:40:17.840632,200.1,1761883817.738000,472,2,"1385,1386",2025-10-31T09:40:17.842077,1.4,1761883816.706000,480,2,"1384,1385",TRUE,TRUE,FALSE,FALSE,"Multi-ICG:1385,1386;Multi-ECG:1384,1385"
1084,2025-10-31T09:40:18.843468,1303.3,2025-10-31T09:40:19.042797,199.3,1761883818.941000,470,1,1387,2025-10-31T09:40:19.044346,1.5,1761883817.908000,480,1,1386,FALSE,FALSE,FALSE,FALSE,
1085,2025-10-31T09:40:20.045504,1304.5,2025-10-31T09:40:20.246375,200.9,1761883820.144000,469,1,1388,2025-10-31T09:40:20.247876,1.5,1761883819.109000,479,1,1387,FALSE,FALSE,FALSE,FALSE,
1086,2025-10-31T09:40:21.249022,1305.7,2025-10-31T09:40:21.449338,200.3,1761883821.346000,471,1,1389,2025-10-31T09:40:21.451075,1.7,1761883820.312000,479,1,1388,FALSE,FALSE,FALSE,FALSE,
1087,2025-10-31T09:40:22.452326,1306.9,2025-10-31T09:40:22.652702,200.4,1761883822.550000,472,1,1390,2025-10-31T09:40:22.654320,1.6,1761883821.513000,480,1,1389,FALSE,FALSE,FALSE,FALSE,
1088,2025-10-31T09:40:23.655508,1308.1,2025-10-31T09:40:23.855834,200.3,1761883823.753000,473,2,"1391,1392",2025-10-31T09:40:23.857356,1.5,1761883822.715000,479,2,"1390,1391",TRUE,TRUE,FALSE,FALSE,"Multi-ICG:1391,1392;Multi-ECG:1390,1391"
1089,2025-10-31T09:40:24.858818,1309.3,2025-10-31T09:40:25.058445,199.6,1761883824.956000,470,1,1393,2025-10-31T09:40:25.059795,1.3,1761883823.917000,478,1,1392,FALSE,FALSE,FALSE,FALSE,
1090,2025-10-31T09:40:26.060927,1310.5,2025-10-31T09:40:26.260818,199.9,1761883826.159000,470,1,1394,2025-10-31T09:40:26.266660,5.8,1761883825.119000,479,1,1393,FALSE,FALSE,FALSE,FALSE,
1091,2025-10-31T09:40:27.267805,1311.7,2025-10-31T09:40:27.463189,195.4,1761883827.361000,470,1,1395,2025-10-31T09:40:27.464701,1.5,1761883826.321000,480,1,1394,FALSE,FALSE,FALSE,FALSE,
1092,2025-10-31T09:40:28.465837,1312.9,2025-10-31T09:40:28.665641,199.8,1761883828.564000,471,1,1396,2025-10-31T09:40:28.667050,1.4,1761883827.523000,480,1,1395,FALSE,FALSE,FALSE,FALSE,
1093,2025-10-31T09:40:29.668258,1314.1,2025-10-31T09:40:29.868542,200.3,1761883829.766000,473,2,"1397,1398",2025-10-31T09:40:29.870251,1.7,1761883828.725000,481,2,"1396,1397",TRUE,TRUE,FALSE,FALSE,"Multi-ICG:1397,1398;Multi-ECG:1396,1397"
1094,2025-10-31T09:40:30.871646,1315.3,2025-10-31T09:40:31.071844,200.2,1761883830.970000,472,1,1399,2025-10-31T09:40:31.073888,2.0,1761883829.927000,481,1,1398,FALSE,FALSE,FALSE,FALSE,
1095,2025-10-31T09:40:32.075135,1316.5,2025-10-31T09:40:32.273751,198.6,1761883832.172000,470,1,1400,2025-10-31T09:40:32.275588,1.8,1761883831.129000,478,1,1399,FALSE,FALSE,FALSE,FALSE,
1096,2025-10-31T09:40:33.276719,1317.7,2025-10-31T09:40:33.475810,199.1,1761883833.374000,471,1,1401,2025-10-31T09:40:33.477448,1.6,1761883832.332000,480,1,1400,FALSE,FALSE,FALSE,FALSE,
1097,2025-10-31T09:40:34.478697,1319.0,2025-10-31T09:40:34.679124,200.4,1761883834.577000,470,1,1402,2025-10-31T09:40:34.680629,1.5,1761883833.536000,481,1,1401,FALSE,FALSE,FALSE,FALSE,
1098,2025-10-31T09:40:35.681869,1320.2,2025-10-31T09:40:35.881705,199.8,1761883835.780000,475,2,"1403,1404",2025-10-31T09:40:35.883453,1.7,1761883834.739000,480,2,"1402,1403",TRUE,TRUE,FALSE,FALSE,"Multi-ICG:1403,1404;Multi-ECG:1402,1403"
1099,2025-10-31T09:40:36.884855,1321.4,2025-10-31T09:40:37.083727,198.9,1761883836.982000,471,1,1405,2025-10-31T09:40:37.089870,6.1,1761883835.940000,479,1,1404,FALSE,FALSE,FALSE,FALSE,
1100,2025-10-31T09:40:38.091171,1322.6,2025-10-31T09:40:38.285916,195.0,1761883838.184000,471,1,1406,2025-10-31T09:40:38.288169,2.0,1761883837.142000,479,1,1405,FALSE,FALSE,FALSE,FALSE,
1101,2025-10-31T09:40:39.289387,1323.8,2025-10-31T09:40:39.487715,198.3,1761883839.386000,471,1,1407,2025-10-31T09:40:39.489230,1.5,1761883838.343000,478,1,1406,FALSE,FALSE,FALSE,FALSE,
1102,2025-10-31T09:40:40.490722,1325.0,2025-10-31T09:40:40.690419,199.7,1761883840.588000,470,1,1408,2025-10-31T09:40:40.692126,1.7,1761883839.545000,479,1,1407,FALSE,FALSE,FALSE,FALSE,
1103,2025-10-31T09:40:41.693352,1326.2,2025-10-31T09:40:41.893476,200.1,1761883841.791000,473,2,"1409,1410",2025-10-31T09:40:41.894893,1.4,1761883840.747000,481,2,"1408,1409",TRUE,TRUE,FALSE,FALSE,"Multi-ICG:1409,1410;Multi-ECG:1408,1409"
1104,2025-10-31T09:40:42.896480,1327.4,2025-10-31T09:40:43.096726,200.2,1761883842.994000,471,1,1411,2025-10-31T09:40:43.098328,1.6,1761883841.949000,479,1,1410,FALSE,FALSE,FALSE,FALSE,
1105,2025-10-31T09:40:44.099456,1328.6,2025-10-31T09:40:44.299432,200.0,1761883844.197000,473,1,1412,2025-10-31T09:40:44.300738,1.3,1761883843.150000,479,1,1411,FALSE,FALSE,FALSE,FALSE,
1106,2025-10-31T09:40:45.301873,1329.8,2025-10-31T09:40:45.501469,199.6,1761883845.400000,470,1,1413,2025-10-31T09:40:45.503018,1.5,1761883844.352000,480,1,1412,FALSE,FALSE,FALSE,FALSE,
1107,2025-10-31T09:40:46.504147,1331.0,2025-10-31T09:40:46.704124,200.0,1761883846.602000,469,1,1414,2025-10-31T09:40:46.705633,1.5,1761883845.555000,478,1,1413,FALSE,FALSE,FALSE,FALSE,
1108,2025-10-31T09:40:47.706799,1332.2,2025-10-31T09:40:47.911194,204.4,1761883847.805000,472,2,"1415,1416",2025-10-31T09:40:47.912603,1.4,1761883846.756000,481,2,"1414,1415",TRUE,TRUE,FALSE,FALSE,"Multi-ICG:1415,1416;Multi-ECG:1414,1415"
1109,2025-10-31T09:40:48.914176,1333.4,2025-10-31T09:40:49.109556,195.4,1761883849.007000,469,1,1417,2025-10-31T09:40:49.111165,1.6,1761883847.958000,479,1,1416,FALSE,FALSE,FALSE,FALSE,
1110,2025-10-31T09:40:50.112305,1334.6,2025-10-31T09:40:50.311440,199.1,1761883850.209000,470,1,1418,2025-10-31T09:40:50.312977,1.5,1761883849.159000,479,1,1417,FALSE,FALSE,FALSE,FALSE,
1111,2025-10-31T09:40:51.314160,1335.8,2025-10-31T09:40:51.514281,200.1,1761883851.412000,471,1,1419,2025-10-31T09:40:51.515585,1.3,1761883850.361000,480,1,1418,FALSE,FALSE,FALSE,FALSE,
1112,2025-10-31T09:40:52.516728,1337.0,2025-10-31T09:40:52.718059,201.3,1761883852.615000,473,1,1420,2025-10-31T09:40:52.720454,2.4,1761883851.563000,479,1,1419,FALSE,FALSE,FALSE,FALSE,
1113,2025-10-31T09:40:53.722130,1338.2,2025-10-31T09:40:53.919961,197.8,1761883853.817000,471,2,"1421,1422",2025-10-31T09:40:53.921411,1.4,1761883852.766000,480,2,"1420,1421",TRUE,TRUE,FALSE,FALSE,"Multi-ICG:1421,1422;Multi-ECG:1420,1421"
1114,2025-10-31T09:40:54.923041,1339.4,2025-10-31T09:40:55.123506,200.5,1761883855.021000,470,1,1423,2025-10-31T09:40:55.124816,1.3,1761883853.967000,479,1,1422,FALSE,FALSE,FALSE,FALSE,
1115,2025-10-31T09:40:56.125977,1340.6,2025-10-31T09:40:56.325398,199.4,1761883856.224000,473,1,1424,2025-10-31T09:40:56.326982,1.6,1761883855.169000,478,1,1423,FALSE,FALSE,FALSE,FALSE,
1116,2025-10-31T09:40:57.328163,1341.8,2025-10-31T09:40:57.527341,199.2,1761883857.426000,469,1,1425,2025-10-31T09:40:57.528711,1.4,1761883856.371000,480,1,1424,FALSE,FALSE,FALSE,FALSE,
1117,2025-10-31T09:40:58.529889,1343.0,2025-10-31T09:40:58.733506,203.6,1761883858.627000,470,1,1426,2025-10-31T09:40:58.735040,1.5,1761883857.574000,479,1,1425,FALSE,FALSE,FALSE,FALSE,
1118,2025-10-31T09:40:59.736153,1344.2,2025-10-31T09:40:59.931539,195.4,1761883859.830000,471,2,"1427,1428",2025-10-31T09:40:59.933317,1.8,1761883858.776000,481,2,"1426,1427",TRUE,TRUE,FALSE,FALSE,"Multi-ICG:1427,1428;Multi-ECG:1426,1427"
1119,2025-10-31T09:41:00.934945,1345.4,2025-10-31T09:41:01.133575,198.6,1761883861.031000,471,1,1429,2025-10-31T09:41:01.135292,1.7,1761883859.978000,479,1,1428,FALSE,FALSE,FALSE,FALSE,
1120,2025-10-31T09:41:02.136476,1346.6,2025-10-31T09:41:02.335403,198.9,1761883862.234000,471,1,1430,2025-10-31T09:41:02.336852,1.4,1761883861.182000,480,1,1429,FALSE,FALSE,FALSE,FALSE,
1121,2025-10-31T09:41:03.337987,1347.8,2025-10-31T09:41:03.538106,200.1,1761883863.436000,470,1,1431,2025-10-31T09:41:03.539577,1.5,1761883862.384000,479,1,1430,FALSE,FALSE,FALSE,FALSE,
1122,2025-10-31T09:41:04.540721,1349.0,2025-10-31T09:41:04.740268,199.5,1761883864.638000,469,1,1432,2025-10-31T09:41:04.741569,1.3,1761883863.587000,480,1,1431,FALSE,FALSE,FALSE,FALSE,
1123,2025-10-31T09:41:05.742759,1350.2,2025-10-31T09:41:05.942171,199.4,1761883865.841000,471,2,"1433,1434",2025-10-31T09:41:05.943609,1.4,1761883864.789000,481,2,"1432,1433",TRUE,TRUE,FALSE,FALSE,"Multi-ICG:1433,1434;Multi-ECG:1432,1433"
1124,2025-10-31T09:41:06.944977,1351.4,2025-10-31T09:41:07.143903,198.9,1761883867.042000,471,1,1435,2025-10-31T09:41:07.145393,1.5,1761883865.991000,480,1,1434,FALSE,FALSE,FALSE,FALSE,
1125,2025-10-31T09:41:08.146602,1352.6,2025-10-31T09:41:08.346361,199.8,1761883868.244000,471,1,1436,2025-10-31T09:41:08.347626,1.3,1761883867.193000,477,1,1435,FALSE,FALSE,FALSE,FALSE,
1126,2025-10-31T09:41:09.348764,1353.8,2025-10-31T09:41:09.552661,203.9,1761883869.447000,472,1,1437,2025-10-31T09:41:09.554257,1.6,1761883868.395000,479,1,1436,FALSE,FALSE,FALSE,FALSE,
1127,2025-10-31T09:41:10.555378,1355.0,2025-10-31T09:41:10.750884,195.5,1761883870.649000,471,1,1438,2025-10-31T09:41:10.752222,1.3,1761883869.598000,479,1,1437,FALSE,FALSE,FALSE,FALSE,
1128,2025-10-31T09:41:11.753364,1356.2,2025-10-31T09:41:11.952827,199.5,1761883871.851000,472,2,"1439,1440",2025-10-31T09:41:11.954397,1.6,1761883870.801000,479,2,"1438,1439",TRUE,TRUE,FALSE,FALSE,"Multi-ICG:1439,1440;Multi-ECG:1438,1439"
1129,2025-10-31T09:41:12.955764,1357.4,2025-10-31T09:41:13.154676,198.9,1761883873.053000,470,1,1441,2025-10-31T09:41:13.156217,1.5,1761883872.003000,479,1,1440,FALSE,FALSE,FALSE,FALSE,
1130,2025-10-31T09:41:14.157365,1358.6,2025-10-31T09:41:14.357295,199.9,1761883874.255000,471,1,1442,2025-10-31T09:41:14.358659,1.4,1761883873.206000,479,1,1441,FALSE,FALSE,FALSE,FALSE,
1131,2025-10-31T09:41:15.359794,1359.8,2025-10-31T09:41:15.559366,199.6,1761883875.457000,469,1,1443,2025-10-31T09:41:15.560793,1.4,1761883874.408000,480,1,1442,FALSE,FALSE,FALSE,FALSE,
1132,2025-10-31T09:41:16.561966,1361.0,2025-10-31T09:41:16.761018,199.1,1761883876.660000,471,1,1444,2025-10-31T09:41:16.762601,1.6,1761883875.610000,480,1,1443,FALSE,FALSE,FALSE,FALSE,
1133,2025-10-31T09:41:17.763724,1362.2,2025-10-31T09:41:17.963634,199.9,1761883877.862000,472,2,"1445,1446",2025-10-31T09:41:17.965376,1.7,1761883876.812000,481,2,"1444,1445",TRUE,TRUE,FALSE,FALSE,"Multi-ICG:1445,1446;Multi-ECG:1444,1445"
1134,2025-10-31T09:41:18.966754,1363.4,2025-10-31T09:41:19.166633,199.9,1761883879.064000,471,1,1447,2025-10-31T09:41:19.172720,6.1,1761883878.015000,479,1,1446,FALSE,FALSE,FALSE,FALSE,
1135,2025-10-31T09:41:20.173860,1364.6,2025-10-31T09:41:20.369867,196.0,1761883880.266000,471,1,1448,2025-10-31T09:41:20.372859,2.6,1761883879.217000,479,1,1447,FALSE,FALSE,FALSE,FALSE,
1136,2025-10-31T09:41:21.374546,1365.8,2025-10-31T09:41:21.571148,196.6,1761883881.469000,470,1,1449,2025-10-31T09:41:21.572459,1.3,1761883880.419000,479,1,1448,FALSE,FALSE,FALSE,FALSE,
1137,2025-10-31T09:41:22.573549,1367.0,2025-10-31T09:41:22.773013,199.5,1761883882.672000,471,1,1450,2025-10-31T09:41:22.774531,1.5,1761883881.621000,479,1,1449,FALSE,FALSE,FALSE,FALSE,
1138,2025-10-31T09:41:23.775690,1368.2,2025-10-31T09:41:23.974821,199.1,1761883883.873000,472,2,"1451,1452",2025-10-31T09:41:23.976349,1.5,1761883882.823000,480,2,"1450,1451",TRUE,TRUE,FALSE,FALSE,"Multi-ICG:1451,1452;Multi-ECG:1450,1451"
1139,2025-10-31T09:41:24.977742,1369.4,2025-10-31T09:41:25.177074,199.3,1761883885.075000,473,1,1453,2025-10-31T09:41:25.178575,1.5,1761883884.025000,479,1,1452,FALSE,FALSE,FALSE,FALSE,
1140,2025-10-31T09:41:26.180411,1370.7,2025-10-31T09:41:26.378764,198.4,1761883886.277000,472,1,1454,2025-10-31T09:41:26.380256,1.5,1761883885.226000,479,1,1453,FALSE,FALSE,FALSE,FALSE,
1141,2025-10-31T09:41:27.381385,1371.9,2025-10-31T09:41:27.580926,199.5,1761883887.479000,470,1,1455,2025-10-31T09:41:27.582395,1.5,1761883886.429000,480,1,1454,FALSE,FALSE,FALSE,FALSE,
1142,2025-10-31T09:41:28.583552,1373.1,2025-10-31T09:41:28.782948,199.4,1761883888.681000,471,1,1456,2025-10-31T09:41:28.784578,1.6,1761883887.631000,479,1,1455,FALSE,FALSE,FALSE,FALSE,
1143,2025-10-31T09:41:29.785901,1374.3,2025-10-31T09:41:29.984579,198.7,1761883889.883000,474,2,"1457,1458",2025-10-31T09:41:29.990211,5.6,1761883888.833000,479,2,"1456,1457",TRUE,TRUE,FALSE,FALSE,"Multi-ICG:1457,1458;Multi-ECG:1456,1457"
1144,2025-10-31T09:41:30.991618,1375.5,2025-10-31T09:41:31.186552,194.9,1761883891.085000,470,1,1459,2025-10-31T09:41:31.187846,1.3,1761883890.034000,479,1,1458,FALSE,FALSE,FALSE,FALSE,
1145,2025-10-31T09:41:32.188992,1376.7,2025-10-31T09:41:32.388453,199.5,1761883892.287000,472,1,1460,2025-10-31T09:41:32.389862,1.4,1761883891.236000,479,1,1459,FALSE,FALSE,FALSE,FALSE,
1146,2025-10-31T09:41:33.391078,1377.9,2025-10-31T09:41:33.590414,199.3,1761883893.489000,469,1,1461,2025-10-31T09:41:33.591910,1.5,1761883892.437000,480,1,1460,FALSE,FALSE,FALSE,FALSE,
1147,2025-10-31T09:41:34.593059,1379.1,2025-10-31T09:41:34.792804,199.7,1761883894.691000,473,1,1462,2025-10-31T09:41:34.794260,1.4,1761883893.640000,479,1,1461,FALSE,FALSE,FALSE,FALSE,
1148,2025-10-31T09:41:35.795374,1380.3,2025-10-31T09:41:35.996513,201.1,1761883895.893000,472,2,"1463,1464",2025-10-31T09:41:35.998205,1.7,1761883894.842000,480,2,"1462,1463",TRUE,TRUE,FALSE,FALSE,"Multi-ICG:1463,1464;Multi-ECG:1462,1463"
1149,2025-10-31T09:41:36.999732,1381.5,2025-10-31T09:41:37.197146,197.4,1761883897.096000,472,1,1465,2025-10-31T09:41:37.198713,1.6,1761883896.044000,480,1,1464,FALSE,FALSE,FALSE,FALSE,
1150,2025-10-31T09:41:38.199839,1382.7,2025-10-31T09:41:38.399526,199.7,1761883898.297000,471,1,1466,2025-10-31T09:41:38.400961,1.4,1761883897.247000,480,1,1465,FALSE,FALSE,FALSE,FALSE,
1151,2025-10-31T09:41:39.402194,1383.9,2025-10-31T09:41:39.601587,199.4,1761883899.500000,471,1,1467,2025-10-31T09:41:39.603123,1.5,1761883898.449000,479,1,1466,FALSE,FALSE,FALSE,FALSE,
1152,2025-10-31T09:41:40.604397,1385.1,2025-10-31T09:41:40.808729,204.3,1761883900.702000,472,1,1468,2025-10-31T09:41:40.810154,1.4,1761883899.651000,479,1,1467,FALSE,FALSE,FALSE,FALSE,
1153,2025-10-31T09:41:41.811270,1386.3,2025-10-31T09:41:42.006719,195.4,1761883901.905000,471,2,"1469,1470",2025-10-31T09:41:42.008173,1.4,1761883900.853000,480,2,"1468,1469",TRUE,TRUE,FALSE,FALSE,"Multi-ICG:1469,1470;Multi-ECG:1468,1469"
1154,2025-10-31T09:41:43.009848,1387.5,2025-10-31T09:41:43.209295,199.4,1761883903.107000,471,1,1471,2025-10-31T09:41:43.210928,1.6,1761883902.056000,479,1,1470,FALSE,FALSE,FALSE,FALSE,
1155,2025-10-31T09:41:44.212062,1388.7,2025-10-31T09:41:44.412438,200.4,1761883904.310000,471,1,1472,2025-10-31T09:41:44.413975,1.5,1761883903.258000,479,1,1471,FALSE,FALSE,FALSE,FALSE,
1156,2025-10-31T09:41:45.415172,1389.9,2025-10-31T09:41:45.614535,199.4,1761883905.513000,471,1,1473,2025-10-31T09:41:45.616054,1.5,1761883904.460000,479,1,1472,FALSE,FALSE,FALSE,FALSE,
1157,2025-10-31T09:41:46.617186,1391.1,2025-10-31T09:41:46.816664,199.5,1761883906.715000,472,1,1474,2025-10-31T09:41:46.818207,1.5,1761883905.663000,479,1,1473,FALSE,FALSE,FALSE,FALSE,
1158,2025-10-31T09:41:47.819372,1392.3,2025-10-31T09:41:48.020269,200.9,1761883907.918000,473,2,"1475,1476",2025-10-31T09:41:48.021617,1.3,1761883906.865000,481,2,"1474,1475",TRUE,TRUE,FALSE,FALSE,"Multi-ICG:1475,1476;Multi-ECG:1474,1475"
1159,2025-10-31T09:41:49.022992,1393.5,2025-10-31T09:41:49.222487,199.5,1761883909.121000,471,1,1477,2025-10-31T09:41:49.223991,1.5,1761883908.068000,479,1,1476,FALSE,FALSE,FALSE,FALSE,
1160,2025-10-31T09:41:50.225151,1394.7,2025-10-31T09:41:50.424864,199.7,1761883910.323000,472,1,1478,2025-10-31T09:41:50.426469,1.6,1761883909.270000,479,1,1477,FALSE,FALSE,FALSE,FALSE,
1161,2025-10-31T09:41:51.427651,1395.9,2025-10-31T09:41:51.631158,203.5,1761883911.525000,472,1,1479,2025-10-31T09:41:51.632644,1.5,1761883910.471000,479,1,1478,FALSE,FALSE,FALSE,FALSE,
1162,2025-10-31T09:41:52.633770,1397.1,2025-10-31T09:41:52.828591,194.8,1761883912.727000,472,1,1480,2025-10-31T09:41:52.830182,1.6,1761883911.673000,479,1,1479,FALSE,FALSE,FALSE,FALSE,
1163,2025-10-31T09:41:53.831388,1398.3,2025-10-31T09:41:54.030788,199.4,1761883913.929000,470,1,1482,2025-10-31T09:41:54.032149,1.3,1761883912.875000,481,2,"1480,1481",FALSE,TRUE,FALSE,FALSE,"Multi-ECG:1480,1481"
1164,2025-10-31T09:41:55.033491,1399.5,2025-10-31T09:41:55.232453,199.0,1761883915.131000,470,1,1483,2025-10-31T09:41:55.234064,1.6,1761883914.077000,479,1,1482,FALSE,FALSE,FALSE,FALSE,
1165,2025-10-31T09:41:56.235239,1400.7,2025-10-31T09:41:56.434239,199.0,1761883916.332000,472,1,1484,2025-10-31T09:41:56.435675,1.4,1761883915.279000,478,1,1483,FALSE,FALSE,FALSE,FALSE,
1166,2025-10-31T09:41:57.436833,1401.9,2025-10-31T09:41:57.636691,199.9,1761883917.535000,471,1,1485,2025-10-31T09:41:57.638120,1.4,1761883916.482000,481,1,1484,FALSE,FALSE,FALSE,FALSE,
1167,2025-10-31T09:41:58.639264,1403.1,2025-10-31T09:41:58.839002,199.7,1761883918.737000,472,2,"1486,1487",2025-10-31T09:41:58.840413,1.4,1761883917.685000,479,1,1485,TRUE,FALSE,FALSE,FALSE,"Multi-ICG:1486,1487"
1168,2025-10-31T09:41:59.841759,1404.3,2025-10-31T09:42:00.041237,199.5,1761883919.939000,469,1,1488,2025-10-31T09:42:00.042794,1.5,1761883918.886000,481,2,"1486,1487",FALSE,TRUE,FALSE,FALSE,"Multi-ECG:1486,1487"
1169,2025-10-31T09:42:01.044149,1405.5,2025-10-31T09:42:01.243396,199.2,1761883921.142000,471,1,1489,2025-10-31T09:42:01.244773,1.4,1761883920.089000,479,1,1488,FALSE,FALSE,FALSE,FALSE,
1170,2025-10-31T09:42:02.245964,1406.7,2025-10-31T09:42:02.450169,204.2,1761883922.343000,470,1,1490,2025-10-31T09:42:02.451686,1.5,1761883921.292000,480,1,1489,FALSE,FALSE,FALSE,FALSE,
1171,2025-10-31T09:42:03.452815,1407.9,2025-10-31T09:42:03.646909,194.1,1761883923.545000,469,1,1491,2025-10-31T09:42:03.648412,1.5,1761883922.495000,477,1,1490,FALSE,FALSE,FALSE,FALSE,
1172,2025-10-31T09:42:04.649552,1409.1,2025-10-31T09:42:04.848846,199.3,1761883924.747000,472,2,"1492,1493",2025-10-31T09:42:04.850421,1.6,1761883923.697000,478,1,1491,TRUE,FALSE,FALSE,FALSE,"Multi-ICG:1492,1493"
1173,2025-10-31T09:42:05.851876,1410.3,2025-10-31T09:42:06.050610,198.7,1761883925.949000,470,1,1494,2025-10-31T09:42:06.052093,1.5,1761883924.900000,479,2,"1492,1493",FALSE,TRUE,FALSE,FALSE,"Multi-ECG:1492,1493"
1174,2025-10-31T09:42:07.053601,1411.5,2025-10-31T09:42:07.252686,199.1,1761883927.151000,469,1,1495,2025-10-31T09:42:07.254039,1.3,1761883926.101000,480,1,1494,FALSE,FALSE,FALSE,FALSE,
1175,2025-10-31T09:42:08.255192,1412.7,2025-10-31T09:42:08.454554,199.4,1761883928.353000,470,1,1496,2025-10-31T09:42:08.455997,1.4,1761883927.303000,480,1,1495,FALSE,FALSE,FALSE,FALSE,
1176,2025-10-31T09:42:09.457157,1413.9,2025-10-31T09:42:09.656306,199.1,1761883929.554000,469,1,1497,2025-10-31T09:42:09.657781,1.5,1761883928.505000,478,1,1496,FALSE,FALSE,FALSE,FALSE,
1177,2025-10-31T09:42:10.659007,1415.1,2025-10-31T09:42:10.858510,199.5,1761883930.757000,475,2,"1498,1499",2025-10-31T09:42:10.860245,1.7,1761883929.707000,478,1,1497,TRUE,FALSE,FALSE,FALSE,"Multi-ICG:1498,1499"
1178,2025-10-31T09:42:11.861598,1416.3,2025-10-31T09:42:12.060268,198.7,1761883931.958000,470,1,1500,2025-10-31T09:42:12.065985,5.7,1761883930.908000,479,2,"1498,1499",FALSE,TRUE,FALSE,FALSE,"Multi-ECG:1498,1499"
1179,2025-10-31T09:42:13.067242,1417.5,2025-10-31T09:42:13.261833,194.6,1761883933.160000,472,1,1501,2025-10-31T09:42:13.263380,1.5,1761883932.110000,480,1,1500,FALSE,FALSE,FALSE,FALSE,
1180,2025-10-31T09:42:14.264537,1418.7,2025-10-31T09:42:14.463825,199.3,1761883934.362000,471,1,1502,2025-10-31T09:42:14.465325,1.5,1761883933.313000,478,1,1501,FALSE,FALSE,FALSE,FALSE,
1181,2025-10-31T09:42:15.466841,1419.9,2025-10-31T09:42:15.665611,198.8,1761883935.564000,471,1,1503,2025-10-31T09:42:15.667198,1.6,1761883934.515000,479,1,1502,FALSE,FALSE,FALSE,FALSE,
1182,2025-10-31T09:42:16.668415,1421.1,2025-10-31T09:42:16.867387,199.0,1761883936.766000,473,2,"1504,1505",2025-10-31T09:42:16.869699,2.3,1761883935.717000,479,1,1503,TRUE,FALSE,FALSE,FALSE,"Multi-ICG:1504,1505"
1183,2025-10-31T09:42:17.871388,1422.3,2025-10-31T09:42:18.068984,197.6,1761883937.967000,470,1,1506,2025-10-31T09:42:18.070404,1.4,1761883936.920000,481,2,"1504,1505",FALSE,TRUE,FALSE,FALSE,"Multi-ECG:1504,1505"
1184,2025-10-31T09:42:19.072026,1423.5,2025-10-31T09:42:19.270843,198.8,1761883939.169000,470,1,1507,2025-10-31T09:42:19.272346,1.5,1761883938.121000,478,1,1506,FALSE,FALSE,FALSE,FALSE,
1185,2025-10-31T09:42:20.273502,1424.7,2025-10-31T09:42:20.472995,199.5,1761883940.371000,471,1,1508,2025-10-31T09:42:20.474375,1.4,1761883939.325000,480,1,1507,FALSE,FALSE,FALSE,FALSE,
1186,2025-10-31T09:42:21.475548,1425.9,2025-10-31T09:42:21.674924,199.4,1761883941.573000,473,1,1509,2025-10-31T09:42:21.676388,1.5,1761883940.527000,480,1,1508,FALSE,FALSE,FALSE,FALSE,
1187,2025-10-31T09:42:22.677523,1427.1,2025-10-31T09:42:22.876660,199.1,1761883942.775000,471,2,"1510,1511",2025-10-31T09:42:22.882313,5.6,1761883941.730000,481,1,1509,TRUE,FALSE,FALSE,FALSE,"Multi-ICG:1510,1511"
1188,2025-10-31T09:42:23.883917,1428.4,2025-10-31T09:42:24.078990,195.1,1761883943.977000,470,1,1512,2025-10-31T09:42:24.080353,1.4,1761883942.932000,481,2,"1510,1511",FALSE,TRUE,FALSE,FALSE,"Multi-ECG:1510,1511"
1189,2025-10-31T09:42:25.081888,1429.6,2025-10-31T09:42:25.281683,199.8,1761883945.179000,471,1,1513,2025-10-31T09:42:25.283184,1.5,1761883944.136000,480,1,1512,FALSE,FALSE,FALSE,FALSE,
1190,2025-10-31T09:42:26.284344,1430.8,2025-10-31T09:42:26.483494,199.1,1761883946.382000,472,1,1514,2025-10-31T09:42:26.484974,1.5,1761883945.339000,479,1,1513,FALSE,FALSE,FALSE,FALSE,
1191,2025-10-31T09:42:27.486225,1432.0,2025-10-31T09:42:27.686906,200.7,1761883947.584000,472,1,1515,2025-10-31T09:42:27.688233,1.3,1761883946.542000,480,1,1514,FALSE,FALSE,FALSE,FALSE,
1192,2025-10-31T09:42:28.689362,1433.2,2025-10-31T09:42:28.889814,200.5,1761883948.787000,474,2,"1516,1517",2025-10-31T09:42:28.891338,1.5,1761883947.744000,481,2,"1515,1516",TRUE,TRUE,FALSE,FALSE,"Multi-ICG:1516,1517;Multi-ECG:1515,1516"
1193,2025-10-31T09:42:29.892951,1434.4,2025-10-31T09:42:30.092282,199.3,1761883949.990000,471,1,1518,2025-10-31T09:42:30.093732,1.4,1761883948.946000,481,1,1517,FALSE,FALSE,FALSE,FALSE,
1194,2025-10-31T09:42:31.094948,1435.6,2025-10-31T09:42:31.294526,199.6,1761883951.193000,472,1,1519,2025-10-31T09:42:31.295976,1.4,1761883950.149000,480,1,1518,FALSE,FALSE,FALSE,FALSE,
1195,2025-10-31T09:42:32.297137,1436.8,2025-10-31T09:42:32.496608,199.5,1761883952.394000,470,1,1520,2025-10-31T09:42:32.498186,1.6,1761883951.351000,480,1,1519,FALSE,FALSE,FALSE,FALSE,
1196,2025-10-31T09:42:33.499348,1438.0,2025-10-31T09:42:33.703340,204.0,1761883953.597000,471,1,1521,2025-10-31T09:42:33.704754,1.4,1761883952.553000,481,1,1520,FALSE,FALSE,FALSE,FALSE,
1197,2025-10-31T09:42:34.705902,1439.2,2025-10-31T09:42:35.431423,725.5,1761883954.800000,474,2,"1522,1523",2025-10-31T09:42:35.432394,1.0,1761883953.756000,482,2,"1521,1522",TRUE,TRUE,FALSE,FALSE,"Multi-ICG:1522,1523;Multi-ECG:1521,1522"
1198,2025-10-31T09:42:36.433264,1440.9,2025-10-31T09:42:36.604826,171.6,1761883956.503000,673,1,1524,2025-10-31T09:42:36.606116,1.3,1761883955.459000,681,1,1523,FALSE,FALSE,FALSE,FALSE,
1199,2025-10-31T09:42:37.607053,1442.1,2025-10-31T09:42:37.806754,199.7,1761883957.705000,473,1,1525,2025-10-31T09:42:37.807718,1.0,1761883956.661000,481,1,1524,FALSE,FALSE,FALSE,FALSE,
1200,2025-10-31T09:42:38.808471,1443.3,2025-10-31T09:42:39.008961,200.5,1761883958.907000,475,2,"1526,1527",2025-10-31T09:42:39.009809,0.8,1761883957.863000,482,2,"1525,1526",TRUE,TRUE,FALSE,FALSE,"Multi-ICG:1526,1527;Multi-ECG:1525,1526"
1201,2025-10-31T09:42:40.011026,1444.5,2025-10-31T09:42:40.212202,201.2,1761883960.110000,473,1,1528,2025-10-31T09:42:40.213772,1.6,1761883959.064000,480,1,1527,FALSE,FALSE,FALSE,FALSE,
1202,2025-10-31T09:42:41.215325,1445.7,2025-10-31T09:42:41.414657,199.3,1761883961.312000,471,1,1529,2025-10-31T09:42:41.416314,1.6,1761883960.266000,480,1,1528,FALSE,FALSE,FALSE,FALSE,
1203,2025-10-31T09:42:42.417608,1446.9,2025-10-31T09:42:42.616593,199.0,1761883962.515000,472,1,1530,2025-10-31T09:42:42.618051,1.4,1761883961.469000,479,1,1529,FALSE,FALSE,FALSE,FALSE,
1204,2025-10-31T09:42:43.619305,1448.1,2025-10-31T09:42:43.818291,199.0,1761883963.716000,470,1,1531,2025-10-31T09:42:43.819760,1.5,1761883962.671000,479,1,1530,FALSE,FALSE,FALSE,FALSE,
1205,2025-10-31T09:42:44.821012,1449.3,2025-10-31T09:42:45.019824,198.8,1761883964.918000,473,2,"1532,1533",2025-10-31T09:42:45.025810,6.0,1761883963.873000,478,2,"1531,1532",TRUE,TRUE,FALSE,FALSE,"Multi-ICG:1532,1533;Multi-ECG:1531,1532"
1206,2025-10-31T09:42:46.027160,1450.5,2025-10-31T09:42:46.222555,195.4,1761883966.120000,470,1,1534,2025-10-31T09:42:46.224070,1.5,1761883965.075000,481,1,1533,FALSE,FALSE,FALSE,FALSE,
1207,2025-10-31T09:42:47.225277,1451.7,2025-10-31T09:42:47.425617,200.3,1761883967.323000,469,1,1535,2025-10-31T09:42:47.427342,1.7,1761883966.277000,480,1,1534,FALSE,FALSE,FALSE,FALSE,
1208,2025-10-31T09:42:48.428487,1452.9,2025-10-31T09:42:48.627712,199.2,1761883968.525000,470,1,1536,2025-10-31T09:42:48.629033,1.3,1761883967.479000,481,1,1535,FALSE,FALSE,FALSE,FALSE,
1209,2025-10-31T09:42:49.630409,1454.1,2025-10-31T09:42:49.830249,199.8,1761883969.728000,472,1,1537,2025-10-31T09:42:49.831791,1.5,1761883968.682000,481,1,1536,FALSE,FALSE,FALSE,FALSE,
1210,2025-10-31T09:42:50.832909,1455.3,2025-10-31T09:42:51.033240,200.3,1761883970.931000,471,2,"1538,1539",2025-10-31T09:42:51.034880,1.6,1761883969.884000,481,2,"1537,1538",TRUE,TRUE,FALSE,FALSE,"Multi-ICG:1538,1539;Multi-ECG:1537,1538"
1211,2025-10-31T09:42:52.036264,1456.5,2025-10-31T09:42:52.235953,199.7,1761883972.134000,473,1,1540,2025-10-31T09:42:52.237414,1.4,1761883971.087000,481,1,1539,FALSE,FALSE,FALSE,FALSE,
1212,2025-10-31T09:42:53.238722,1457.7,2025-10-31T09:42:53.438446,199.7,1761883973.336000,470,1,1541,2025-10-31T09:42:53.440043,1.6,1761883972.291000,479,1,1540,FALSE,FALSE,FALSE,FALSE,
1213,2025-10-31T09:42:54.441231,1458.9,2025-10-31T09:42:54.641354,200.1,1761883974.539000,470,1,1542,2025-10-31T09:42:54.642980,1.6,1761883973.492000,479,1,1541,FALSE,FALSE,FALSE,FALSE,
1214,2025-10-31T09:42:55.644129,1460.1,2025-10-31T09:42:55.848865,204.7,1761883975.742000,470,1,1543,2025-10-31T09:42:55.850499,1.6,1761883974.695000,479,1,1542,FALSE,FALSE,FALSE,FALSE,
1215,2025-10-31T09:42:56.851701,1461.3,2025-10-31T09:42:57.046349,194.6,1761883976.944000,471,2,"1544,1545",2025-10-31T09:42:57.047834,1.5,1761883975.898000,480,2,"1543,1544",TRUE,TRUE,FALSE,FALSE,"Multi-ICG:1544,1545;Multi-ECG:1543,1544"
1216,2025-10-31T09:42:58.049165,1462.5,2025-10-31T09:42:58.249188,200.0,1761883978.146000,470,1,1546,2025-10-31T09:42:58.251212,2.0,1761883977.101000,479,1,1545,FALSE,FALSE,FALSE,FALSE,
1217,2025-10-31T09:42:59.252391,1463.7,2025-10-31T09:42:59.451539,199.1,1761883979.350000,473,1,1547,2025-10-31T09:42:59.453041,1.5,1761883978.303000,477,1,1546,FALSE,FALSE,FALSE,FALSE,
1218,2025-10-31T09:43:00.454547,1464.9,2025-10-31T09:43:00.654344,199.8,1761883980.552000,473,1,1548,2025-10-31T09:43:00.656083,1.7,1761883979.505000,480,1,1547,FALSE,FALSE,FALSE,FALSE,
1219,2025-10-31T09:43:01.657334,1466.1,2025-10-31T09:43:01.858411,201.1,1761883981.756000,472,2,"1549,1550",2025-10-31T09:43:01.859694,1.3,1761883980.707000,479,1,1548,TRUE,FALSE,FALSE,FALSE,"Multi-ICG:1549,1550"
1220,2025-10-31T09:43:02.861013,1467.3,2025-10-31T09:43:03.061830,200.8,1761883982.959000,470,1,1551,2025-10-31T09:43:03.063443,1.6,1761883981.909000,480,2,"1549,1550",FALSE,TRUE,FALSE,FALSE,"Multi-ECG:1549,1550"
1221,2025-10-31T09:43:04.064758,1468.5,2025-10-31T09:43:04.265020,200.3,1761883984.162000,472,1,1552,2025-10-31T09:43:04.266609,1.6,1761883983.110000,478,1,1551,FALSE,FALSE,FALSE,FALSE,
1222,2025-10-31T09:43:05.267772,1469.7,2025-10-31T09:43:05.468664,200.9,1761883985.366000,472,1,1553,2025-10-31T09:43:05.470131,1.5,1761883984.312000,480,1,1552,FALSE,FALSE,FALSE,FALSE,
1223,2025-10-31T09:43:06.471324,1470.9,2025-10-31T09:43:06.675055,203.7,1761883986.569000,472,1,1554,2025-10-31T09:43:06.676575,1.5,1761883985.514000,478,1,1553,FALSE,FALSE,FALSE,FALSE,
1224,2025-10-31T09:43:07.677726,1472.1,2025-10-31T09:43:07.874098,196.4,1761883987.771000,473,2,"1555,1556",2025-10-31T09:43:07.875601,1.5,1761883986.716000,479,1,1554,TRUE,FALSE,FALSE,FALSE,"Multi-ICG:1555,1556"
1225,2025-10-31T09:43:08.876885,1473.3,2025-10-31T09:43:09.077483,200.6,1761883988.975000,473,1,1557,2025-10-31T09:43:09.079032,1.5,1761883987.920000,482,2,"1555,1556",FALSE,TRUE,FALSE,FALSE,"Multi-ECG:1555,1556"
1226,2025-10-31T09:43:10.080628,1474.6,2025-10-31T09:43:10.279592,199.0,1761883990.178000,471,1,1558,2025-10-31T09:43:10.281631,2.0,1761883989.122000,479,1,1557,FALSE,FALSE,FALSE,FALSE,
1227,2025-10-31T09:43:11.282845,1475.8,2025-10-31T09:43:11.481907,199.1,1761883991.380000,469,1,1559,2025-10-31T09:43:11.483433,1.5,1761883990.323000,479,1,1558,FALSE,FALSE,FALSE,FALSE,
1228,2025-10-31T09:43:12.484581,1477.0,2025-10-31T09:43:12.684444,199.9,1761883992.582000,472,1,1560,2025-10-31T09:43:12.685729,1.3,1761883991.525000,478,1,1559,FALSE,FALSE,FALSE,FALSE,
1229,2025-10-31T09:43:13.686956,1478.2,2025-10-31T09:43:13.886501,199.5,1761883993.785000,473,2,"1561,1562",2025-10-31T09:43:13.887977,1.5,1761883992.727000,478,1,1560,TRUE,FALSE,FALSE,FALSE,"Multi-ICG:1561,1562"
1230,2025-10-31T09:43:14.889262,1479.4,2025-10-31T09:43:15.088247,199.0,1761883994.987000,471,1,1563,2025-10-31T09:43:15.089605,1.4,1761883993.929000,480,2,"1561,1562",FALSE,TRUE,FALSE,FALSE,"Multi-ECG:1561,1562"
1231,2025-10-31T09:43:16.090980,1480.6,2025-10-31T09:43:16.290785,199.8,1761883996.188000,471,1,1564,2025-10-31T09:43:16.296517,5.7,1761883995.132000,478,1,1563,FALSE,FALSE,FALSE,FALSE,
1232,2025-10-31T09:43:17.297759,1481.8,2025-10-31T09:43:17.492696,194.9,1761883997.391000,469,1,1565,2025-10-31T09:43:17.494285,1.6,1761883996.335000,478,1,1564,FALSE,FALSE,FALSE,FALSE,
1233,2025-10-31T09:43:18.495398,1483.0,2025-10-31T09:43:18.696214,200.8,1761883998.594000,472,1,1566,2025-10-31T09:43:18.697585,1.4,1761883997.538000,481,1,1565,FALSE,FALSE,FALSE,FALSE,
1234,2025-10-31T09:43:19.698815,1484.2,2025-10-31T09:43:19.899528,200.7,1761883999.797000,472,2,"1567,1568",2025-10-31T09:43:19.900980,1.4,1761883998.740000,479,1,1566,TRUE,FALSE,FALSE,FALSE,"Multi-ICG:1567,1568"
1235,2025-10-31T09:43:20.902341,1485.4,2025-10-31T09:43:21.102325,200.0,1761884001.000000,470,1,1569,2025-10-31T09:43:21.103853,1.5,1761883999.942000,480,2,"1567,1568",FALSE,TRUE,FALSE,FALSE,"Multi-ECG:1567,1568"
1236,2025-10-31T09:43:22.105139,1486.6,2025-10-31T09:43:22.304957,199.8,1761884002.203000,471,1,1570,2025-10-31T09:43:22.306290,1.3,1761884001.146000,480,1,1569,FALSE,FALSE,FALSE,FALSE,
1237,2025-10-31T09:43:23.307434,1487.8,2025-10-31T09:43:23.507508,200.1,1761884003.405000,471,1,1571,2025-10-31T09:43:23.508971,1.5,1761884002.349000,480,1,1570,FALSE,FALSE,FALSE,FALSE,
1238,2025-10-31T09:43:24.510146,1489.0,2025-10-31T09:43:24.710145,200.0,1761884004.608000,471,1,1572,2025-10-31T09:43:24.711603,1.4,1761884003.551000,480,1,1571,FALSE,FALSE,FALSE,FALSE,
1239,2025-10-31T09:43:25.712759,1490.2,2025-10-31T09:43:25.912151,199.4,1761884005.810000,472,2,"1573,1574",2025-10-31T09:43:25.913491,1.3,1761884004.753000,480,1,1572,TRUE,FALSE,FALSE,FALSE,"Multi-ICG:1573,1574"
1240,2025-10-31T09:43:26.915093,1491.4,2025-10-31T09:43:27.115100,200.0,1761884007.013000,471,1,1575,2025-10-31T09:43:27.120900,5.8,1761884005.955000,480,2,"1573,1574",FALSE,TRUE,FALSE,FALSE,"Multi-ECG:1573,1574"
1241,2025-10-31T09:43:28.122343,1492.6,2025-10-31T09:43:28.317177,194.8,1761884008.215000,469,1,1576,2025-10-31T09:43:28.318605,1.4,1761884007.157000,481,1,1575,FALSE,FALSE,FALSE,FALSE,
1242,2025-10-31T09:43:29.319765,1493.8,2025-10-31T09:43:29.519869,200.1,1761884009.418000,471,1,1577,2025-10-31T09:43:29.521303,1.4,1761884008.358000,479,1,1576,FALSE,FALSE,FALSE,FALSE,
1243,2025-10-31T09:43:30.522569,1495.0,2025-10-31T09:43:30.721662,199.1,1761884010.620000,470,1,1578,2025-10-31T09:43:30.723268,1.6,1761884009.561000,480,1,1577,FALSE,FALSE,FALSE,FALSE,
1244,2025-10-31T09:43:31.724555,1496.2,2025-10-31T09:43:31.924381,199.8,1761884011.822000,470,2,"1579,1580",2025-10-31T09:43:31.925674,1.3,1761884010.762000,481,2,"1578,1579",TRUE,TRUE,FALSE,FALSE,"Multi-ICG:1579,1580;Multi-ECG:1578,1579"
1245,2025-10-31T09:43:32.927389,1497.4,2025-10-31T09:43:33.126723,199.3,1761884013.024000,469,1,1581,2025-10-31T09:43:33.128286,1.5,1761884011.964000,479,1,1580,FALSE,FALSE,FALSE,FALSE,
1246,2025-10-31T09:43:34.129403,1498.6,2025-10-31T09:43:34.328896,199.5,1761884014.227000,472,1,1582,2025-10-31T09:43:34.330447,1.5,1761884013.165000,479,1,1581,FALSE,FALSE,FALSE,FALSE,
1247,2025-10-31T09:43:35.331596,1499.8,2025-10-31T09:43:35.531612,200.0,1761884015.429000,470,1,1583,2025-10-31T09:43:35.532894,1.3,1761884014.368000,480,1,1582,FALSE,FALSE,FALSE,FALSE,
1248,2025-10-31T09:43:36.534060,1501.0,2025-10-31T09:43:36.734003,199.9,1761884016.632000,472,1,1584,2025-10-31T09:43:36.735465,1.5,1761884015.570000,479,1,1583,FALSE,FALSE,FALSE,FALSE,
1249,2025-10-31T09:43:37.736621,1502.2,2025-10-31T09:43:37.935665,199.0,1761884017.834000,471,2,"1585,1586",2025-10-31T09:43:37.941366,5.7,1761884016.773000,480,2,"1584,1585",TRUE,TRUE,FALSE,FALSE,"Multi-ICG:1585,1586;Multi-ECG:1584,1585"
1250,2025-10-31T09:43:38.942713,1503.4,2025-10-31T09:43:39.137472,194.8,1761884019.035000,470,1,1587,2025-10-31T09:43:39.138929,1.4,1761884017.975000,480,1,1586,FALSE,FALSE,FALSE,FALSE,
1251,2025-10-31T09:43:40.140096,1504.6,2025-10-31T09:43:40.339448,199.4,1761884020.238000,470,1,1588,2025-10-31T09:43:40.340926,1.5,1761884019.178000,476,1,1587,FALSE,FALSE,FALSE,FALSE,
1252,2025-10-31T09:43:41.342210,1505.8,2025-10-31T09:43:41.541066,198.9,1761884021.439000,471,1,1589,2025-10-31T09:43:41.542545,1.5,1761884020.381000,479,1,1588,FALSE,FALSE,FALSE,FALSE,
1253,2025-10-31T09:43:42.543714,1507.0,2025-10-31T09:43:42.743329,199.6,1761884022.641000,471,1,1590,2025-10-31T09:43:42.744811,1.5,1761884021.583000,480,1,1589,FALSE,FALSE,FALSE,FALSE,
1254,2025-10-31T09:43:43.745983,1508.2,2025-10-31T09:43:43.944879,198.9,1761884023.843000,473,2,"1591,1592",2025-10-31T09:43:43.946421,1.5,1761884022.786000,482,2,"1590,1591",TRUE,TRUE,FALSE,FALSE,"Multi-ICG:1591,1592;Multi-ECG:1590,1591"
1255,2025-10-31T09:43:44.947757,1509.4,2025-10-31T09:43:45.146973,199.2,1761884025.045000,469,1,1593,2025-10-31T09:43:45.148356,1.4,1761884023.990000,480,1,1592,FALSE,FALSE,FALSE,FALSE,
1256,2025-10-31T09:43:46.149492,1510.6,2025-10-31T09:43:46.348966,199.5,1761884026.247000,472,1,1594,2025-10-31T09:43:46.350474,1.5,1761884025.192000,479,1,1593,FALSE,FALSE,FALSE,FALSE,
1257,2025-10-31T09:43:47.351621,1511.8,2025-10-31T09:43:47.551196,199.6,1761884027.449000,470,1,1595,2025-10-31T09:43:47.552719,1.5,1761884026.395000,480,1,1594,FALSE,FALSE,FALSE,FALSE,
1258,2025-10-31T09:43:48.553842,1513.0,2025-10-31T09:43:48.757510,203.7,1761884028.652000,470,1,1596,2025-10-31T09:43:48.758913,1.4,1761884027.598000,481,1,1595,FALSE,FALSE,FALSE,FALSE,
1259,2025-10-31T09:43:49.760027,1514.2,2025-10-31T09:43:49.955756,195.7,1761884029.854000,469,2,"1597,1598",2025-10-31T09:43:49.957258,1.5,1761884028.800000,482,2,"1596,1597",TRUE,TRUE,FALSE,FALSE,"Multi-ICG:1597,1598;Multi-ECG:1596,1597"
1260,2025-10-31T09:43:50.958628,1515.4,2025-10-31T09:43:51.158014,199.4,1761884031.056000,469,1,1599,2025-10-31T09:43:51.159711,1.7,1761884030.002000,479,1,1598,FALSE,FALSE,FALSE,FALSE,
1261,2025-10-31T09:43:52.160967,1516.6,2025-10-31T09:43:52.360595,199.6,1761884032.259000,472,1,1600,2025-10-31T09:43:52.361905,1.3,1761884031.204000,480,1,1599,FALSE,FALSE,FALSE,FALSE,
1262,2025-10-31T09:43:53.363105,1517.8,2025-10-31T09:43:53.562457,199.4,1761884033.460000,469,1,1601,2025-10-31T09:43:53.563944,1.5,1761884032.407000,480,1,1600,FALSE,FALSE,FALSE,FALSE,
1263,2025-10-31T09:43:54.565084,1519.0,2025-10-31T09:43:54.765688,200.6,1761884034.663000,471,1,1602,2025-10-31T09:43:54.767569,1.9,1761884033.609000,480,1,1601,FALSE,FALSE,FALSE,FALSE,
1264,2025-10-31T09:43:55.768692,1520.2,2025-10-31T09:43:55.968212,199.5,1761884035.866000,471,2,"1603,1604",2025-10-31T09:43:55.969727,1.5,1761884034.812000,482,2,"1602,1603",TRUE,TRUE,FALSE,FALSE,"Multi-ICG:1603,1604;Multi-ECG:1602,1603"
1265,2025-10-31T09:43:56.971187,1521.4,2025-10-31T09:43:57.170391,199.2,1761884037.068000,473,1,1605,2025-10-31T09:43:57.172044,1.6,1761884036.015000,481,1,1604,FALSE,FALSE,FALSE,FALSE,
1266,2025-10-31T09:43:58.173290,1522.6,2025-10-31T09:43:58.373047,199.8,1761884038.271000,471,1,1606,2025-10-31T09:43:58.374450,1.4,1761884037.217000,480,1,1605,FALSE,FALSE,FALSE,FALSE,
1267,2025-10-31T09:43:59.375569,1523.8,2025-10-31T09:43:59.579502,203.9,1761884039.473000,470,1,1607,2025-10-31T09:43:59.580978,1.5,1761884038.419000,481,1,1606,FALSE,FALSE,FALSE,FALSE,
1268,2025-10-31T09:44:00.582125,1525.1,2025-10-31T09:44:00.777427,195.3,1761884040.676000,472,1,1608,2025-10-31T09:44:00.778973,1.5,1761884039.622000,480,1,1607,FALSE,FALSE,FALSE,FALSE,
1269,2025-10-31T09:44:01.780140,1526.3,2025-10-31T09:44:01.979389,199.2,1761884041.878000,472,2,"1609,1610",2025-10-31T09:44:01.980682,1.3,1761884040.824000,482,2,"1608,1609",TRUE,TRUE,FALSE,FALSE,"Multi-ICG:1609,1610;Multi-ECG:1608,1609"
1270,2025-10-31T09:44:02.982014,1527.5,2025-10-31T09:44:03.181283,199.3,1761884043.080000,470,1,1611,2025-10-31T09:44:03.182824,1.5,1761884042.026000,480,1,1610,FALSE,FALSE,FALSE,FALSE,
1271,2025-10-31T09:44:04.183958,1528.7,2025-10-31T09:44:04.382682,198.7,1761884044.281000,471,1,1612,2025-10-31T09:44:04.384185,1.5,1761884043.228000,477,1,1611,FALSE,FALSE,FALSE,FALSE,
1272,2025-10-31T09:44:05.385289,1529.9,2025-10-31T09:44:05.584833,199.5,1761884045.483000,470,1,1613,2025-10-31T09:44:05.586225,1.4,1761884044.430000,478,1,1612,FALSE,FALSE,FALSE,FALSE,
1273,2025-10-31T09:44:06.587378,1531.1,2025-10-31T09:44:06.788177,200.8,1761884046.685000,470,1,1614,2025-10-31T09:44:06.789652,1.5,1761884045.631000,479,1,1613,FALSE,FALSE,FALSE,FALSE,
1274,2025-10-31T09:44:07.790856,1532.3,2025-10-31T09:44:07.990616,199.8,1761884047.888000,474,2,"1615,1616",2025-10-31T09:44:07.992087,1.5,1761884046.834000,481,2,"1614,1615",TRUE,TRUE,FALSE,FALSE,"Multi-ICG:1615,1616;Multi-ECG:1614,1615"
1275,2025-10-31T09:44:08.993512,1533.5,2025-10-31T09:44:09.193021,199.5,1761884049.091000,469,1,1617,2025-10-31T09:44:09.198573,5.5,1761884048.037000,479,1,1616,FALSE,FALSE,FALSE,FALSE,
1276,2025-10-31T09:44:10.199702,1534.7,2025-10-31T09:44:10.395514,195.8,1761884050.294000,472,1,1618,2025-10-31T09:44:10.396951,1.4,1761884049.239000,479,1,1617,FALSE,FALSE,FALSE,FALSE,
1277,2025-10-31T09:44:11.398159,1535.9,2025-10-31T09:44:11.598207,200.0,1761884051.496000,472,1,1619,2025-10-31T09:44:11.599552,1.3,1761884050.443000,479,1,1618,FALSE,FALSE,FALSE,FALSE,
1278,2025-10-31T09:44:12.600708,1537.1,2025-10-31T09:44:12.800977,200.3,1761884052.698000,471,1,1620,2025-10-31T09:44:12.802492,1.5,1761884051.644000,479,1,1619,FALSE,FALSE,FALSE,FALSE,
1279,2025-10-31T09:44:13.803662,1538.3,2025-10-31T09:44:14.004118,200.5,1761884053.902000,472,2,"1621,1622",2025-10-31T09:44:14.005654,1.5,1761884052.846000,480,2,"1620,1621",TRUE,TRUE,FALSE,FALSE,"Multi-ICG:1621,1622;Multi-ECG:1620,1621"
1280,2025-10-31T09:44:15.007110,1539.5,2025-10-31T09:44:15.206263,199.2,1761884055.104000,470,1,1623,2025-10-31T09:44:15.207601,1.3,1761884054.048000,480,1,1622,FALSE,FALSE,FALSE,FALSE,
1281,2025-10-31T09:44:16.208730,1540.7,2025-10-31T09:44:16.408539,199.8,1761884056.307000,470,1,1624,2025-10-31T09:44:16.410098,1.5,1761884055.250000,480,1,1623,FALSE,FALSE,FALSE,FALSE,
1282,2025-10-31T09:44:17.411241,1541.9,2025-10-31T09:44:17.611109,199.9,1761884057.509000,472,1,1625,2025-10-31T09:44:17.612601,1.5,1761884056.453000,480,1,1624,FALSE,FALSE,FALSE,FALSE,
1283,2025-10-31T09:44:18.613757,1543.1,2025-10-31T09:44:18.815035,201.3,1761884058.712000,471,1,1626,2025-10-31T09:44:18.816554,1.5,1761884057.655000,478,1,1625,FALSE,FALSE,FALSE,FALSE,
1284,2025-10-31T09:44:19.817803,1544.3,2025-10-31T09:44:20.018264,200.5,1761884059.916000,472,2,"1627,1628",2025-10-31T09:44:20.023928,5.7,1761884058.857000,480,2,"1626,1627",TRUE,TRUE,FALSE,FALSE,"Multi-ICG:1627,1628;Multi-ECG:1626,1627"
1285,2025-10-31T09:44:21.025299,1545.5,2025-10-31T09:44:21.220172,194.9,1761884061.119000,470,1,1629,2025-10-31T09:44:21.221690,1.5,1761884060.060000,480,1,1628,FALSE,FALSE,FALSE,FALSE,
1286,2025-10-31T09:44:22.223382,1546.7,2025-10-31T09:44:22.422638,199.3,1761884062.320000,471,1,1630,2025-10-31T09:44:22.424129,1.5,1761884061.261000,480,1,1629,FALSE,FALSE,FALSE,FALSE,
1287,2025-10-31T09:44:23.425277,1547.9,2025-10-31T09:44:23.624840,199.6,1761884063.523000,472,1,1631,2025-10-31T09:44:23.626417,1.6,1761884062.463000,479,1,1630,FALSE,FALSE,FALSE,FALSE,
1288,2025-10-31T09:44:24.627573,1549.1,2025-10-31T09:44:24.827038,199.5,1761884064.725000,469,1,1632,2025-10-31T09:44:24.828394,1.3,1761884063.665000,478,1,1631,FALSE,FALSE,FALSE,FALSE,
1289,2025-10-31T09:44:25.829573,1550.3,2025-10-31T09:44:26.029518,199.9,1761884065.927000,472,2,"1633,1634",2025-10-31T09:44:26.031069,1.5,1761884064.867000,480,2,"1632,1633",TRUE,TRUE,FALSE,FALSE,"Multi-ICG:1633,1634;Multi-ECG:1632,1633"
1290,2025-10-31T09:44:27.032356,1551.5,2025-10-31T09:44:27.231609,199.3,1761884067.130000,471,1,1635,2025-10-31T09:44:27.233135,1.5,1761884066.069000,478,1,1634,FALSE,FALSE,FALSE,FALSE,
1291,2025-10-31T09:44:28.234297,1552.7,2025-10-31T09:44:28.434513,200.2,1761884068.332000,473,1,1636,2025-10-31T09:44:28.436000,1.5,1761884067.270000,477,1,1635,FALSE,FALSE,FALSE,FALSE,
1292,2025-10-31T09:44:29.437507,1553.9,2025-10-31T09:44:29.637156,199.7,1761884069.534000,467,1,1637,2025-10-31T09:44:29.638716,1.6,1761884068.472000,479,1,1636,FALSE,FALSE,FALSE,FALSE,
1293,2025-10-31T09:44:30.639857,1555.1,2025-10-31T09:44:30.840219,200.4,1761884070.738000,469,1,1638,2025-10-31T09:44:30.845963,5.7,1761884069.674000,478,1,1637,FALSE,FALSE,FALSE,FALSE,
1294,2025-10-31T09:44:31.847122,1556.3,2025-10-31T09:44:32.043538,196.4,1761884071.940000,472,2,"1639,1640",2025-10-31T09:44:32.044933,1.4,1761884070.875000,480,2,"1638,1639",TRUE,TRUE,FALSE,FALSE,"Multi-ICG:1639,1640;Multi-ECG:1638,1639"
1295,2025-10-31T09:44:33.046352,1557.5,2025-10-31T09:44:33.246298,199.9,1761884073.144000,472,1,1641,2025-10-31T09:44:33.248000,1.7,1761884072.077000,480,1,1640,FALSE,FALSE,FALSE,FALSE,
1296,2025-10-31T09:44:34.249148,1558.7,2025-10-31T09:44:34.448119,199.0,1761884074.346000,470,1,1642,2025-10-31T09:44:34.449703,1.6,1761884073.280000,479,1,1641,FALSE,FALSE,FALSE,FALSE,
1297,2025-10-31T09:44:35.450924,1559.9,2025-10-31T09:44:35.650385,199.5,1761884075.549000,472,1,1643,2025-10-31T09:44:35.651791,1.4,1761884074.483000,478,1,1642,FALSE,FALSE,FALSE,FALSE,
1298,2025-10-31T09:44:36.653132,1561.1,2025-10-31T09:44:36.853039,199.9,1761884076.751000,471,1,1644,2025-10-31T09:44:36.854603,1.6,1761884075.685000,475,1,1643,FALSE,FALSE,FALSE,FALSE,
1299,2025-10-31T09:44:37.855728,1562.3,2025-10-31T09:44:38.056174,200.4,1761884077.953000,472,2,"1645,1646",2025-10-31T09:44:38.058336,2.2,1761884076.887000,481,2,"1644,1645",TRUE,TRUE,FALSE,FALSE,"Multi-ICG:1645,1646;Multi-ECG:1644,1645"
1300,2025-10-31T09:44:39.060624,1563.5,2025-10-31T09:44:39.257093,196.5,1761884079.155000,470,1,1647,2025-10-31T09:44:39.258739,1.6,1761884078.090000,479,1,1646,FALSE,FALSE,FALSE,FALSE,
1301,2025-10-31T09:44:40.259884,1564.7,2025-10-31T09:44:40.459939,200.1,1761884080.358000,471,1,1648,2025-10-31T09:44:40.461431,1.5,1761884079.293000,479,1,1647,FALSE,FALSE,FALSE,FALSE,
1302,2025-10-31T09:44:41.462830,1565.9,2025-10-31T09:44:41.666583,203.8,1761884081.560000,470,1,1649,2025-10-31T09:44:41.667988,1.4,1761884080.494000,480,1,1648,FALSE,FALSE,FALSE,FALSE,
1303,2025-10-31T09:44:42.669162,1567.1,2025-10-31T09:44:42.864668,195.5,1761884082.763000,470,1,1650,2025-10-31T09:44:42.866340,1.7,1761884081.696000,480,1,1649,FALSE,FALSE,FALSE,FALSE,
1304,2025-10-31T09:44:43.867509,1568.3,2025-10-31T09:44:44.067168,199.7,1761884083.965000,471,2,"1651,1652",2025-10-31T09:44:44.068777,1.6,1761884082.899000,482,2,"1650,1651",TRUE,TRUE,FALSE,FALSE,"Multi-ICG:1651,1652;Multi-ECG:1650,1651"
1305,2025-10-31T09:44:45.070491,1569.5,2025-10-31T09:44:45.269310,198.8,1761884085.168000,471,1,1653,2025-10-31T09:44:45.270782,1.5,1761884084.101000,481,1,1652,FALSE,FALSE,FALSE,FALSE,
1306,2025-10-31T09:44:46.271972,1570.7,2025-10-31T09:44:46.472104,200.1,1761884086.370000,472,1,1654,2025-10-31T09:44:46.473586,1.5,1761884085.304000,481,1,1653,FALSE,FALSE,FALSE,FALSE,
1307,2025-10-31T09:44:47.474874,1571.9,2025-10-31T09:44:47.674358,199.5,1761884087.572000,470,1,1655,2025-10-31T09:44:47.675868,1.5,1761884086.506000,479,1,1654,FALSE,FALSE,FALSE,FALSE,
1308,2025-10-31T09:44:48.677086,1573.1,2025-10-31T09:44:48.877094,200.0,1761884088.775000,472,1,1656,2025-10-31T09:44:48.878528,1.4,1761884087.708000,480,1,1655,FALSE,FALSE,FALSE,FALSE,
1309,2025-10-31T09:44:49.879703,1574.4,2025-10-31T09:44:50.078934,199.2,1761884089.977000,472,2,"1657,1658",2025-10-31T09:44:50.080535,1.6,1761884088.911000,482,2,"1656,1657",TRUE,TRUE,FALSE,FALSE,"Multi-ICG:1657,1658;Multi-ECG:1656,1657"
1310,2025-10-31T09:44:51.082090,1575.6,2025-10-31T09:44:51.281281,199.2,1761884091.180000,473,1,1659,2025-10-31T09:44:51.282740,1.4,1761884090.113000,480,1,1658,FALSE,FALSE,FALSE,FALSE,
1311,2025-10-31T09:44:52.283950,1576.8,2025-10-31T09:44:52.488152,204.2,1761884092.382000,470,1,1660,2025-10-31T09:44:52.489649,1.5,1761884091.315000,479,1,1659,FALSE,FALSE,FALSE,FALSE,
1312,2025-10-31T09:44:53.490818,1578.0,2025-10-31T09:44:53.686288,195.5,1761884093.584000,470,1,1661,2025-10-31T09:44:53.688206,1.9,1761884092.517000,480,1,1660,FALSE,FALSE,FALSE,FALSE,
1313,2025-10-31T09:44:54.689503,1579.2,2025-10-31T09:44:54.889007,199.5,1761884094.786000,469,1,1662,2025-10-31T09:44:54.890367,1.3,1761884093.720000,480,1,1661,FALSE,FALSE,FALSE,FALSE,
1314,2025-10-31T09:44:55.891495,1580.4,2025-10-31T09:44:56.091501,200.0,1761884095.989000,473,2,"1663,1664",2025-10-31T09:44:56.093473,2.0,1761884094.922000,481,2,"1662,1663",TRUE,TRUE,FALSE,FALSE,"Multi-ICG:1663,1664;Multi-ECG:1662,1663"
1315,2025-10-31T09:44:57.094939,1581.6,2025-10-31T09:44:57.293223,198.3,1761884097.191000,470,1,1665,2025-10-31T09:44:57.295238,2.0,1761884096.125000,480,1,1664,FALSE,FALSE,FALSE,FALSE,
1316,2025-10-31T09:44:58.296352,1582.8,2025-10-31T09:44:58.495137,198.8,1761884098.393000,469,1,1666,2025-10-31T09:44:58.496625,1.5,1761884097.327000,480,1,1665,FALSE,FALSE,FALSE,FALSE,
1317,2025-10-31T09:44:59.498132,1584.0,2025-10-31T09:44:59.696814,198.7,1761884099.595000,471,1,1667,2025-10-31T09:44:59.698425,1.6,1761884098.529000,479,1,1666,FALSE,FALSE,FALSE,FALSE,
1318,2025-10-31T09:45:00.699581,1585.2,2025-10-31T09:45:00.898424,198.8,1761884100.797000,471,2,"1668,1669",2025-10-31T09:45:00.899927,1.5,1761884099.731000,478,1,1667,TRUE,FALSE,FALSE,FALSE,"Multi-ICG:1668,1669"
1319,2025-10-31T09:45:01.901243,1586.4,2025-10-31T09:45:02.100977,199.7,1761884101.998000,473,1,1670,2025-10-31T09:45:02.102558,1.6,1761884100.932000,480,2,"1668,1669",FALSE,TRUE,FALSE,FALSE,"Multi-ECG:1668,1669"
1320,2025-10-31T09:45:03.108476,1587.6,2025-10-31T09:45:03.303025,194.5,1761884103.201000,471,1,1671,2025-10-31T09:45:03.304424,1.4,1761884102.134000,479,1,1670,FALSE,FALSE,FALSE,FALSE,
1321,2025-10-31T09:45:04.305558,1588.8,2025-10-31T09:45:04.505445,199.9,1761884104.404000,473,1,1672,2025-10-31T09:45:04.506855,1.4,1761884103.337000,479,1,1671,FALSE,FALSE,FALSE,FALSE,
1322,2025-10-31T09:45:05.507989,1590.0,2025-10-31T09:45:05.708038,200.0,1761884105.606000,470,1,1673,2025-10-31T09:45:05.709526,1.5,1761884104.538000,479,1,1672,FALSE,FALSE,FALSE,FALSE,
1323,2025-10-31T09:45:06.710744,1591.2,2025-10-31T09:45:06.910295,199.5,1761884106.808000,472,2,"1674,1675",2025-10-31T09:45:06.911775,1.5,1761884105.741000,480,1,1673,TRUE,FALSE,FALSE,FALSE,"Multi-ICG:1674,1675"
1324,2025-10-31T09:45:07.913086,1592.4,2025-10-31T09:45:08.112813,199.7,1761884108.011000,471,1,1676,2025-10-31T09:45:08.114443,1.6,1761884106.943000,481,2,"1674,1675",FALSE,TRUE,FALSE,FALSE,"Multi-ECG:1674,1675"
1325,2025-10-31T09:45:09.116154,1593.6,2025-10-31T09:45:09.315356,199.2,1761884109.214000,471,1,1677,2025-10-31T09:45:09.316871,1.5,1761884108.145000,480,1,1676,FALSE,FALSE,FALSE,FALSE,
1326,2025-10-31T09:45:10.318016,1594.8,2025-10-31T09:45:10.516811,198.8,1761884110.415000,469,1,1678,2025-10-31T09:45:10.518387,1.6,1761884109.348000,479,1,1677,FALSE,FALSE,FALSE,FALSE,
1327,2025-10-31T09:45:11.519575,1596.0,2025-10-31T09:45:11.719312,199.7,1761884111.617000,471,1,1679,2025-10-31T09:45:11.720968,1.6,1761884110.550000,480,1,1678,FALSE,FALSE,FALSE,FALSE,
1328,2025-10-31T09:45:12.722305,1597.2,2025-10-31T09:45:12.921448,199.1,1761884112.819000,474,2,"1680,1681",2025-10-31T09:45:12.927684,6.2,1761884111.753000,479,1,1679,TRUE,FALSE,FALSE,FALSE,"Multi-ICG:1680,1681"
1329,2025-10-31T09:45:13.929346,1598.4,2025-10-31T09:45:14.123675,194.3,1761884114.022000,471,1,1682,2025-10-31T09:45:14.125266,1.6,1761884112.955000,480,2,"1680,1681",FALSE,TRUE,FALSE,FALSE,"Multi-ECG:1680,1681"
1330,2025-10-31T09:45:15.126893,1599.6,2025-10-31T09:45:15.325542,198.6,1761884115.224000,469,1,1683,2025-10-31T09:45:15.326997,1.4,1761884114.158000,478,1,1682,FALSE,FALSE,FALSE,FALSE,
1331,2025-10-31T09:45:16.328192,1600.8,2025-10-31T09:45:16.527401,199.2,1761884116.426000,470,1,1684,2025-10-31T09:45:16.528935,1.5,1761884115.360000,479,1,1683,FALSE,FALSE,FALSE,FALSE,
1332,2025-10-31T09:45:17.530165,1602.0,2025-10-31T09:45:17.729526,199.4,1761884117.627000,469,1,1685,2025-10-31T09:45:17.730897,1.4,1761884116.563000,479,1,1684,FALSE,FALSE,FALSE,FALSE,
1333,2025-10-31T09:45:18.732073,1603.2,2025-10-31T09:45:18.931554,199.5,1761884118.829000,472,2,"1686,1687",2025-10-31T09:45:18.932985,1.4,1761884117.766000,480,1,1685,TRUE,FALSE,FALSE,FALSE,"Multi-ICG:1686,1687"
1334,2025-10-31T09:45:19.934371,1604.4,2025-10-31T09:45:20.134001,199.6,1761884120.032000,470,1,1688,2025-10-31T09:45:20.135535,1.5,1761884118.968000,481,2,"1686,1687",FALSE,TRUE,FALSE,FALSE,"Multi-ECG:1686,1687"
1335,2025-10-31T09:45:21.136934,1605.6,2025-10-31T09:45:21.336473,199.5,1761884121.234000,469,1,1689,2025-10-31T09:45:21.337820,1.3,1761884120.170000,480,1,1688,FALSE,FALSE,FALSE,FALSE,
1336,2025-10-31T09:45:22.339095,1606.8,2025-10-31T09:45:22.538959,199.9,1761884122.437000,470,1,1690,2025-10-31T09:45:22.540477,1.5,1761884121.372000,479,1,1689,FALSE,FALSE,FALSE,FALSE,
1337,2025-10-31T09:45:23.541619,1608.0,2025-10-31T09:45:23.740573,199.0,1761884123.639000,470,1,1691,2025-10-31T09:45:23.746561,6.0,1761884122.575000,479,1,1690,FALSE,FALSE,FALSE,FALSE,
1338,2025-10-31T09:45:24.747751,1609.2,2025-10-31T09:45:24.942936,195.2,1761884124.841000,472,2,"1692,1693",2025-10-31T09:45:24.944287,1.3,1761884123.776000,480,1,1691,TRUE,FALSE,FALSE,FALSE,"Multi-ICG:1692,1693"
1339,2025-10-31T09:45:25.945612,1610.4,2025-10-31T09:45:26.145135,199.5,1761884126.043000,470,1,1694,2025-10-31T09:45:26.146824,1.7,1761884124.978000,479,2,"1692,1693",FALSE,TRUE,FALSE,FALSE,"Multi-ECG:1692,1693"
1340,2025-10-31T09:45:27.148254,1611.6,2025-10-31T09:45:27.347724,199.5,1761884127.245000,470,1,1695,2025-10-31T09:45:27.349348,1.6,1761884126.180000,480,1,1694,FALSE,FALSE,FALSE,FALSE,
1341,2025-10-31T09:45:28.350608,1612.8,2025-10-31T09:45:28.549856,199.2,1761884128.447000,471,1,1696,2025-10-31T09:45:28.551451,1.6,1761884127.381000,479,1,1695,FALSE,FALSE,FALSE,FALSE,
1342,2025-10-31T09:45:29.552783,1614.0,2025-10-31T09:45:29.751648,198.9,1761884129.650000,471,1,1697,2025-10-31T09:45:29.753125,1.5,1761884128.584000,479,1,1696,FALSE,FALSE,FALSE,FALSE,
1343,2025-10-31T09:45:30.754428,1615.2,2025-10-31T09:45:30.955052,200.6,1761884130.852000,472,2,"1698,1699",2025-10-31T09:45:30.957001,1.9,1761884129.786000,478,1,1697,TRUE,FALSE,FALSE,FALSE,"Multi-ICG:1698,1699"
1344,2025-10-31T09:45:31.958827,1616.4,2025-10-31T09:45:32.157300,198.5,1761884132.055000,470,1,1700,2025-10-31T09:45:32.159393,2.1,1761884130.987000,480,2,"1698,1699",FALSE,TRUE,FALSE,FALSE,"Multi-ECG:1698,1699"
1345,2025-10-31T09:45:33.161209,1617.6,2025-10-31T09:45:33.358264,197.1,1761884133.257000,471,1,1701,2025-10-31T09:45:33.359757,1.5,1761884132.190000,480,1,1700,FALSE,FALSE,FALSE,FALSE,
1346,2025-10-31T09:45:34.360963,1618.8,2025-10-31T09:45:34.564671,203.7,1761884134.459000,474,1,1702,2025-10-31T09:45:34.566113,1.4,1761884133.391000,479,1,1701,FALSE,FALSE,FALSE,FALSE,
1347,2025-10-31T09:45:35.567228,1620.0,2025-10-31T09:45:35.762287,195.1,1761884135.660000,471,1,1703,2025-10-31T09:45:35.763777,1.5,1761884134.594000,479,1,1702,FALSE,FALSE,FALSE,FALSE,
1348,2025-10-31T09:45:36.764984,1621.2,2025-10-31T09:45:36.964898,199.9,1761884136.863000,474,2,"1704,1705",2025-10-31T09:45:36.966583,1.7,1761884135.795000,480,1,1703,TRUE,FALSE,FALSE,FALSE,"Multi-ICG:1704,1705"
1349,2025-10-31T09:45:37.967826,1622.4,2025-10-31T09:45:38.168579,200.8,1761884138.066000,471,1,1706,2025-10-31T09:45:38.169987,1.4,1761884136.997000,481,2,"1704,1705",FALSE,TRUE,FALSE,FALSE,"Multi-ECG:1704,1705"
1350,2025-10-31T09:45:39.171515,1623.6,2025-10-31T09:45:39.371520,200.0,1761884139.269000,470,1,1707,2025-10-31T09:45:39.373015,1.5,1761884138.198000,480,1,1706,FALSE,FALSE,FALSE,FALSE,
1351,2025-10-31T09:45:40.374212,1624.8,2025-10-31T09:45:40.573706,199.5,1761884140.471000,472,1,1708,2025-10-31T09:45:40.575219,1.5,1761884139.400000,479,1,1707,FALSE,FALSE,FALSE,FALSE,
1352,2025-10-31T09:45:41.576764,1626.0,2025-10-31T09:45:41.775947,199.2,1761884141.674000,470,1,1709,2025-10-31T09:45:41.777346,1.4,1761884140.602000,478,1,1708,FALSE,FALSE,FALSE,FALSE,
1353,2025-10-31T09:45:42.778558,1627.3,2025-10-31T09:45:42.978375,199.8,1761884142.876000,473,2,"1710,1711",2025-10-31T09:45:42.979906,1.5,1761884141.804000,480,1,1709,TRUE,FALSE,FALSE,FALSE,"Multi-ICG:1710,1711"
1354,2025-10-31T09:45:43.981479,1628.5,2025-10-31T09:45:44.180115,198.6,1761884144.078000,469,1,1712,2025-10-31T09:45:44.181451,1.3,1761884143.006000,479,2,"1710,1711",FALSE,TRUE,FALSE,FALSE,"Multi-ECG:1710,1711"
1355,2025-10-31T09:45:45.183047,1629.7,2025-10-31T09:45:45.386394,203.3,1761884145.280000,472,1,1713,2025-10-31T09:45:45.387845,1.4,1761884144.209000,478,1,1712,FALSE,FALSE,FALSE,FALSE,
1356,2025-10-31T09:45:46.388968,1630.9,2025-10-31T09:45:46.584143,195.2,1761884146.482000,469,1,1714,2025-10-31T09:45:46.585738,1.6,1761884145.410000,480,1,1713,FALSE,FALSE,FALSE,FALSE,
1357,2025-10-31T09:45:47.586959,1632.1,2025-10-31T09:45:47.786344,199.4,1761884147.685000,472,1,1715,2025-10-31T09:45:47.787674,1.3,1761884146.612000,480,1,1714,FALSE,FALSE,FALSE,FALSE,
1358,2025-10-31T09:45:48.788807,1633.3,2025-10-31T09:45:48.988948,200.1,1761884148.886000,471,2,"1716,1717",2025-10-31T09:45:48.990610,1.7,1761884147.815000,481,2,"1715,1716",TRUE,TRUE,FALSE,FALSE,"Multi-ICG:1716,1717;Multi-ECG:1715,1716"
1359,2025-10-31T09:45:49.992273,1634.5,2025-10-31T09:45:50.191643,199.4,1761884150.090000,473,1,1718,2025-10-31T09:45:50.193141,1.5,1761884149.017000,479,1,1717,FALSE,FALSE,FALSE,FALSE,
1360,2025-10-31T09:45:51.194382,1635.7,2025-10-31T09:45:51.298694,104.3,1761884151.196000,433,1,1719,2025-10-31T09:45:51.300045,1.3,1761884150.220000,480,1,1718,FALSE,FALSE,FALSE,FALSE,
1361,2025-10-31T09:45:52.301160,1636.8,2025-10-31T09:45:52.501646,200.5,1761884152.399000,472,1,1720,2025-10-31T09:45:52.503087,1.4,1761884151.322000,438,1,1719,FALSE,FALSE,FALSE,FALSE,
1362,2025-10-31T09:45:53.504266,1638.0,2025-10-31T09:45:53.703964,199.7,1761884153.602000,469,1,1721,2025-10-31T09:45:53.705468,1.5,1761884152.524000,479,1,1720,FALSE,FALSE,FALSE,FALSE,
1363,2025-10-31T09:45:54.706724,1639.2,2025-10-31T09:45:54.906433,199.7,1761884154.804000,470,1,1722,2025-10-31T09:45:54.907753,1.3,1761884153.726000,481,1,1721,FALSE,FALSE,FALSE,FALSE,
1364,2025-10-31T09:45:55.908897,1640.4,2025-10-31T09:45:56.112573,203.7,1761884156.006000,474,2,"1723,1724",2025-10-31T09:45:56.114100,1.5,1761884154.928000,482,2,"1722,1723",TRUE,TRUE,FALSE,FALSE,"Multi-ICG:1723,1724;Multi-ECG:1722,1723"
1365,2025-10-31T09:45:57.115491,1641.6,2025-10-31T09:45:57.310931,195.4,1761884157.209000,471,1,1725,2025-10-31T09:45:57.312421,1.5,1761884156.129000,479,1,1724,FALSE,FALSE,FALSE,FALSE,
1366,2025-10-31T09:45:58.313581,1642.8,2025-10-31T09:45:58.512791,199.2,1761884158.411000,472,1,1726,2025-10-31T09:45:58.514194,1.4,1761884157.331000,480,1,1725,FALSE,FALSE,FALSE,FALSE,
1367,2025-10-31T09:45:59.515328,1644.0,2025-10-31T09:45:59.714829,199.5,1761884159.613000,471,1,1727,2025-10-31T09:45:59.716329,1.5,1761884158.533000,480,1,1726,FALSE,FALSE,FALSE,FALSE,
1368,2025-10-31T09:46:00.717521,1645.2,2025-10-31T09:46:00.917325,199.8,1761884160.815000,472,1,1728,2025-10-31T09:46:00.918913,1.6,1761884159.734000,479,1,1727,FALSE,FALSE,FALSE,FALSE,
1369,2025-10-31T09:46:01.920069,1646.4,2025-10-31T09:46:02.119887,199.8,1761884162.017000,473,2,"1729,1730",2025-10-31T09:46:02.121288,1.4,1761884160.937000,480,2,"1728,1729",TRUE,TRUE,FALSE,FALSE,"Multi-ICG:1729,1730;Multi-ECG:1728,1729"
1370,2025-10-31T09:46:03.122637,1647.6,2025-10-31T09:46:03.321692,199.1,1761884163.220000,472,1,1731,2025-10-31T09:46:03.323264,1.6,1761884162.138000,478,1,1730,FALSE,FALSE,FALSE,FALSE,
1371,2025-10-31T09:46:04.324445,1648.8,2025-10-31T09:46:04.524178,199.7,1761884164.422000,470,1,1732,2025-10-31T09:46:04.526000,1.8,1761884163.340000,478,1,1731,FALSE,FALSE,FALSE,FALSE,
1372,2025-10-31T09:46:05.527213,1650.0,2025-10-31T09:46:05.726755,199.5,1761884165.624000,473,1,1733,2025-10-31T09:46:05.732599,5.8,1761884164.542000,479,1,1732,FALSE,FALSE,FALSE,FALSE,
1373,2025-10-31T09:46:06.733803,1651.2,2025-10-31T09:46:06.929866,196.1,1761884166.827000,472,2,"1734,1735",2025-10-31T09:46:06.931641,1.8,1761884165.744000,479,1,1733,TRUE,FALSE,FALSE,FALSE,"Multi-ICG:1734,1735"
1374,2025-10-31T09:46:07.932985,1652.4,2025-10-31T09:46:08.132626,199.6,1761884168.031000,472,1,1736,2025-10-31T09:46:08.133909,1.3,1761884166.945000,479,2,"1734,1735",FALSE,TRUE,FALSE,FALSE,"Multi-ECG:1734,1735"
1375,2025-10-31T09:46:09.135197,1653.6,2025-10-31T09:46:09.335540,200.3,1761884169.233000,470,1,1737,2025-10-31T09:46:09.337086,1.5,1761884168.147000,480,1,1736,FALSE,FALSE,FALSE,FALSE,
1376,2025-10-31T09:46:10.338272,1654.8,2025-10-31T09:46:10.537712,199.4,1761884170.436000,469,1,1738,2025-10-31T09:46:10.539349,1.6,1761884169.350000,481,1,1737,FALSE,FALSE,FALSE,FALSE,
1377,2025-10-31T09:46:11.540467,1656.0,2025-10-31T09:46:11.740155,199.7,1761884171.638000,472,1,1739,2025-10-31T09:46:11.741454,1.3,1761884170.552000,479,1,1738,FALSE,FALSE,FALSE,FALSE,
1378,2025-10-31T09:46:12.742659,1657.2,2025-10-31T09:46:12.942325,199.7,1761884172.840000,471,2,"1740,1741",2025-10-31T09:46:12.943809,1.5,1761884171.754000,480,1,1739,TRUE,FALSE,FALSE,FALSE,"Multi-ICG:1740,1741"
1379,2025-10-31T09:46:13.945355,1658.4,2025-10-31T09:46:14.144394,199.0,1761884174.042000,468,1,1742,2025-10-31T09:46:14.145871,1.5,1761884172.955000,481,2,"1740,1741",FALSE,TRUE,FALSE,FALSE,"Multi-ECG:1740,1741"
1380,2025-10-31T09:46:15.147460,1659.6,2025-10-31T09:46:15.347234,199.8,1761884175.245000,472,1,1743,2025-10-31T09:46:15.348659,1.4,1761884174.158000,479,1,1742,FALSE,FALSE,FALSE,FALSE,
1381,2025-10-31T09:46:16.349808,1660.8,2025-10-31T09:46:16.549059,199.3,1761884176.447000,470,1,1744,2025-10-31T09:46:16.554783,5.7,1761884175.359000,480,1,1743,FALSE,FALSE,FALSE,FALSE,
1382,2025-10-31T09:46:17.555913,1662.0,2025-10-31T09:46:17.751374,195.5,1761884177.649000,472,1,1745,2025-10-31T09:46:17.752645,1.3,1761884176.562000,481,1,1744,FALSE,FALSE,FALSE,FALSE,
1383,2025-10-31T09:46:18.753753,1663.2,2025-10-31T09:46:18.953794,200.0,1761884178.852000,472,2,"1746,1747",2025-10-31T09:46:18.955326,1.5,1761884177.764000,479,1,1745,TRUE,FALSE,FALSE,FALSE,"Multi-ICG:1746,1747"
1384,2025-10-31T09:46:19.956783,1664.4,2025-10-31T09:46:20.156292,199.5,1761884180.054000,469,1,1748,2025-10-31T09:46:20.157724,1.4,1761884178.967000,482,2,"1746,1747",FALSE,TRUE,FALSE,FALSE,"Multi-ECG:1746,1747"
1385,2025-10-31T09:46:21.159319,1665.6,2025-10-31T09:46:21.358555,199.2,1761884181.257000,473,1,1749,2025-10-31T09:46:21.359891,1.3,1761884180.168000,478,1,1748,FALSE,FALSE,FALSE,FALSE,
1386,2025-10-31T09:46:22.361028,1666.8,2025-10-31T09:46:22.560418,199.4,1761884182.458000,472,1,1750,2025-10-31T09:46:22.561864,1.4,1761884181.371000,480,1,1749,FALSE,FALSE,FALSE,FALSE,
1387,2025-10-31T09:46:23.563056,1668.0,2025-10-31T09:46:23.761904,198.8,1761884183.660000,470,1,1751,2025-10-31T09:46:23.763502,1.5,1761884182.573000,479,1,1750,FALSE,FALSE,FALSE,FALSE,
1388,2025-10-31T09:46:24.764641,1669.2,2025-10-31T09:46:24.964156,199.5,1761884184.862000,473,2,"1752,1753",2025-10-31T09:46:24.965495,1.3,1761884183.774000,480,1,1751,TRUE,FALSE,FALSE,FALSE,"Multi-ICG:1752,1753"
1389,2025-10-31T09:46:25.967120,1670.4,2025-10-31T09:46:26.165572,198.5,1761884186.064000,470,1,1754,2025-10-31T09:46:26.167117,1.5,1761884184.975000,481,2,"1752,1753",FALSE,TRUE,FALSE,FALSE,"Multi-ECG:1752,1753"
1390,2025-10-31T09:46:27.168647,1671.6,2025-10-31T09:46:27.367450,198.8,1761884187.266000,472,1,1755,2025-10-31T09:46:27.373601,6.1,1761884186.177000,478,1,1754,FALSE,FALSE,FALSE,FALSE,
1391,2025-10-31T09:46:28.374812,1672.8,2025-10-31T09:46:28.570081,195.3,1761884188.468000,472,1,1756,2025-10-31T09:46:28.571542,1.4,1761884187.379000,478,1,1755,FALSE,FALSE,FALSE,FALSE,
1392,2025-10-31T09:46:29.572669,1674.0,2025-10-31T09:46:29.772244,199.6,1761884189.670000,469,1,1757,2025-10-31T09:46:29.774074,1.8,1761884188.581000,479,1,1756,FALSE,FALSE,FALSE,FALSE,
1393,2025-10-31T09:46:30.775225,1675.2,2025-10-31T09:46:30.975322,200.1,1761884190.873000,474,2,"1758,1759",2025-10-31T09:46:30.976634,1.3,1761884189.784000,480,1,1757,TRUE,FALSE,FALSE,FALSE,"Multi-ICG:1758,1759"
1394,2025-10-31T09:46:31.978229,1676.5,2025-10-31T09:46:32.178325,200.1,1761884192.075000,470,1,1760,2025-10-31T09:46:32.179833,1.5,1761884190.986000,480,2,"1758,1759",FALSE,TRUE,FALSE,FALSE,"Multi-ECG:1758,1759"
1395,2025-10-31T09:46:33.181368,1677.7,2025-10-31T09:46:33.381237,199.9,1761884193.278000,471,1,1761,2025-10-31T09:46:33.382800,1.6,1761884192.189000,479,1,1760,FALSE,FALSE,FALSE,FALSE,
1396,2025-10-31T09:46:34.383939,1678.9,2025-10-31T09:46:34.584751,200.8,1761884194.482000,469,1,1762,2025-10-31T09:46:34.586168,1.4,1761884193.390000,478,1,1761,FALSE,FALSE,FALSE,FALSE,
1397,2025-10-31T09:46:35.587281,1680.1,2025-10-31T09:46:35.788192,200.9,1761884195.685000,471,1,1763,2025-10-31T09:46:35.790002,1.8,1761884194.592000,479,1,1762,FALSE,FALSE,FALSE,FALSE,
1398,2025-10-31T09:46:36.791153,1681.3,2025-10-31T09:46:36.991279,200.1,1761884196.889000,470,2,"1764,1765",2025-10-31T09:46:36.993000,1.7,1761884195.793000,479,1,1763,TRUE,FALSE,FALSE,FALSE,"Multi-ICG:1764,1765"
1399,2025-10-31T09:46:37.994758,1682.5,2025-10-31T09:46:38.197390,202.6,1761884198.091000,473,1,1766,2025-10-31T09:46:38.199014,1.6,1761884196.995000,481,2,"1764,1765",FALSE,TRUE,FALSE,FALSE,"Multi-ECG:1764,1765"
1400,2025-10-31T09:46:39.200411,1683.7,2025-10-31T09:46:39.397723,197.3,1761884199.294000,472,1,1767,2025-10-31T09:46:39.400220,2.5,1761884198.297000,520,1,1766,FALSE,FALSE,FALSE,FALSE,
1401,2025-10-31T09:46:40.401590,1684.9,2025-10-31T09:46:40.598905,197.3,1761884200.497000,469,1,1768,2025-10-31T09:46:40.600164,1.3,1761884199.399000,439,1,1767,FALSE,FALSE,FALSE,FALSE,
1402,2025-10-31T09:46:41.601529,1686.1,2025-10-31T09:46:41.801313,199.8,1761884201.699000,471,1,1769,2025-10-31T09:46:41.802949,1.6,1761884200.601000,479,1,1768,FALSE,FALSE,FALSE,FALSE,
1403,2025-10-31T09:46:42.804180,1687.3,2025-10-31T09:46:43.003532,199.4,1761884202.901000,472,2,"1770,1771",2025-10-31T09:46:43.005067,1.5,1761884201.804000,477,1,1769,TRUE,FALSE,FALSE,FALSE,"Multi-ICG:1770,1771"
1404,2025-10-31T09:46:44.006435,1688.5,2025-10-31T09:46:44.205794,199.4,1761884204.104000,472,1,1772,2025-10-31T09:46:44.207162,1.4,1761884203.007000,479,2,"1770,1771",FALSE,TRUE,FALSE,FALSE,"Multi-ECG:1770,1771"
1405,2025-10-31T09:46:45.208736,1689.7,2025-10-31T09:46:45.408070,199.3,1761884205.306000,470,1,1773,2025-10-31T09:46:45.409541,1.5,1761884204.208000,478,1,1772,FALSE,FALSE,FALSE,FALSE,
1406,2025-10-31T09:46:46.410814,1690.9,2025-10-31T09:46:46.610195,199.4,1761884206.508000,472,1,1774,2025-10-31T09:46:46.611682,1.5,1761884205.411000,479,1,1773,FALSE,FALSE,FALSE,FALSE,
1407,2025-10-31T09:46:47.612856,1692.1,2025-10-31T09:46:47.812809,200.0,1761884207.711000,471,1,1775,2025-10-31T09:46:47.814240,1.4,1761884206.614000,480,1,1774,FALSE,FALSE,FALSE,FALSE,
1408,2025-10-31T09:46:48.815391,1693.3,2025-10-31T09:46:49.019320,203.9,1761884208.913000,472,2,"1776,1777",2025-10-31T09:46:49.020742,1.4,1761884207.816000,480,1,1775,TRUE,FALSE,FALSE,FALSE,"Multi-ICG:1776,1777"
1409,2025-10-31T09:46:50.022352,1694.5,2025-10-31T09:46:50.217293,194.9,1761884210.115000,473,1,1778,2025-10-31T09:46:50.218977,1.7,1761884209.118000,521,2,"1776,1777",FALSE,TRUE,FALSE,FALSE,"Multi-ECG:1776,1777"
1410,2025-10-31T09:46:51.220406,1695.7,2025-10-31T09:46:51.419543,199.1,1761884211.318000,472,1,1779,2025-10-31T09:46:51.420748,1.2,1761884210.221000,440,1,1778,FALSE,FALSE,FALSE,FALSE,
1411,2025-10-31T09:46:52.421887,1696.9,2025-10-31T09:46:52.622626,200.7,1761884212.520000,472,1,1780,2025-10-31T09:46:52.624104,1.5,1761884211.423000,479,1,1779,FALSE,FALSE,FALSE,FALSE,
1412,2025-10-31T09:46:53.625243,1698.1,2025-10-31T09:46:53.825306,200.1,1761884213.723000,471,1,1781,2025-10-31T09:46:53.826909,1.6,1761884212.625000,479,1,1780,FALSE,FALSE,FALSE,FALSE,
1413,2025-10-31T09:46:54.828149,1699.3,2025-10-31T09:46:55.027259,199.1,1761884214.925000,471,2,"1782,1783",2025-10-31T09:46:55.028721,1.4,1761884213.826000,479,1,1781,TRUE,FALSE,FALSE,FALSE,"Multi-ICG:1782,1783"
1414,2025-10-31T09:46:56.030125,1700.5,2025-10-31T09:46:56.229476,199.4,1761884216.128000,472,1,1784,2025-10-31T09:46:56.231076,1.6,1761884215.030000,481,2,"1782,1783",FALSE,TRUE,FALSE,FALSE,"Multi-ECG:1782,1783"
1415,2025-10-31T09:46:57.232342,1701.7,2025-10-31T09:46:57.431958,199.6,1761884217.330000,471,1,1785,2025-10-31T09:46:57.433405,1.4,1761884216.233000,479,1,1784,FALSE,FALSE,FALSE,FALSE,
1416,2025-10-31T09:46:58.434844,1702.9,2025-10-31T09:46:58.636258,201.4,1761884218.532000,469,1,1786,2025-10-31T09:46:58.642209,5.9,1761884217.434000,480,1,1785,FALSE,FALSE,FALSE,FALSE,
1417,2025-10-31T09:46:59.643395,1704.1,2025-10-31T09:46:59.839193,195.8,1761884219.737000,471,1,1787,2025-10-31T09:46:59.840804,1.6,1761884218.637000,479,1,1786,FALSE,FALSE,FALSE,FALSE,
1418,2025-10-31T09:47:00.841956,1705.3,2025-10-31T09:47:01.042650,200.7,1761884220.940000,473,2,"1788,1789",2025-10-31T09:47:01.044330,1.7,1761884219.939000,520,2,"1787,1788",TRUE,TRUE,FALSE,FALSE,"Multi-ICG:1788,1789;Multi-ECG:1787,1788"
1419,2025-10-31T09:47:02.045662,1706.5,2025-10-31T09:47:02.245816,200.1,1761884222.144000,472,1,1790,2025-10-31T09:47:02.247877,2.0,1761884221.143000,479,1,1789,FALSE,FALSE,FALSE,FALSE,
1420,2025-10-31T09:47:03.248991,1707.7,2025-10-31T09:47:03.448640,199.6,1761884223.346000,471,1,1791,2025-10-31T09:47:03.450288,1.6,1761884222.346000,480,1,1790,FALSE,FALSE,FALSE,FALSE,
1421,2025-10-31T09:47:04.451438,1708.9,2025-10-31T09:47:04.652160,200.7,1761884224.549000,469,1,1792,2025-10-31T09:47:04.653575,1.4,1761884223.548000,479,1,1791,FALSE,FALSE,FALSE,FALSE,
1422,2025-10-31T09:47:05.654839,1710.1,2025-10-31T09:47:05.855305,200.5,1761884225.753000,472,1,1793,2025-10-31T09:47:05.856810,1.5,1761884224.750000,479,1,1792,FALSE,FALSE,FALSE,FALSE,
1423,2025-10-31T09:47:06.857985,1711.3,2025-10-31T09:47:07.058238,200.3,1761884226.956000,472,2,"1794,1795",2025-10-31T09:47:07.059849,1.6,1761884225.952000,480,2,"1793,1794",TRUE,TRUE,FALSE,FALSE,"Multi-ICG:1794,1795;Multi-ECG:1793,1794"
1424,2025-10-31T09:47:08.061472,1712.5,2025-10-31T09:47:08.260440,199.0,1761884228.159000,471,1,1796,2025-10-31T09:47:08.261880,1.4,1761884227.155000,479,1,1795,FALSE,FALSE,FALSE,FALSE,
1425,2025-10-31T09:47:09.263105,1713.7,2025-10-31T09:47:09.461838,198.7,1761884229.360000,469,1,1797,2025-10-31T09:47:09.467613,5.8,1761884228.357000,480,1,1796,FALSE,FALSE,FALSE,FALSE,
1426,2025-10-31T09:47:10.468793,1714.9,2025-10-31T09:47:10.664004,195.2,1761884230.562000,469,1,1798,2025-10-31T09:47:10.665288,1.3,1761884229.558000,478,1,1797,FALSE,FALSE,FALSE,FALSE,
1427,2025-10-31T09:47:11.666474,1716.1,2025-10-31T09:47:11.866762,200.3,1761884231.765000,471,1,1799,2025-10-31T09:47:11.868179,1.4,1761884230.760000,479,1,1798,FALSE,FALSE,FALSE,FALSE,
1428,2025-10-31T09:47:12.869333,1717.3,2025-10-31T09:47:13.070767,201.4,1761884232.969000,474,2,"1800,1801",2025-10-31T09:47:13.072226,1.4,1761884231.963000,480,2,"1799,1800",TRUE,TRUE,FALSE,FALSE,"Multi-ICG:1800,1801;Multi-ECG:1799,1800"
1429,2025-10-31T09:47:14.073559,1718.5,2025-10-31T09:47:14.273596,200.0,1761884234.171000,472,1,1802,2025-10-31T09:47:14.275401,1.8,1761884233.164000,479,1,1801,FALSE,FALSE,FALSE,FALSE,
1430,2025-10-31T09:47:15.276547,1719.7,2025-10-31T09:47:15.476122,199.6,1761884235.374000,471,1,1803,2025-10-31T09:47:15.477611,1.5,1761884234.365000,480,1,1802,FALSE,FALSE,FALSE,FALSE,
1431,2025-10-31T09:47:16.478819,1721.0,2025-10-31T09:47:16.678289,199.5,1761884236.577000,469,1,1804,2025-10-31T09:47:16.679829,1.5,1761884235.568000,478,1,1803,FALSE,FALSE,FALSE,FALSE,
1432,2025-10-31T09:47:17.680944,1722.2,2025-10-31T09:47:17.881112,200.2,1761884237.779000,470,1,1805,2025-10-31T09:47:17.882526,1.4,1761884236.770000,479,1,1804,FALSE,FALSE,FALSE,FALSE,
1433,2025-10-31T09:47:18.883675,1723.4,2025-10-31T09:47:19.083690,200.0,1761884238.981000,473,2,"1806,1807",2025-10-31T09:47:19.085508,1.8,1761884237.971000,480,2,"1805,1806",TRUE,TRUE,FALSE,FALSE,"Multi-ICG:1806,1807;Multi-ECG:1805,1806"
1434,2025-10-31T09:47:20.087190,1724.6,2025-10-31T09:47:20.284949,197.8,1761884240.183000,469,1,1808,2025-10-31T09:47:20.290975,6.0,1761884239.173000,480,1,1807,FALSE,FALSE,FALSE,FALSE,
1435,2025-10-31T09:47:21.292100,1725.8,2025-10-31T09:47:21.487906,195.8,1761884241.386000,471,1,1809,2025-10-31T09:47:21.489506,1.6,1761884240.375000,479,1,1808,FALSE,FALSE,FALSE,FALSE,
1436,2025-10-31T09:47:22.491064,1727.0,2025-10-31T09:47:22.690276,199.2,1761884242.588000,471,1,1810,2025-10-31T09:47:22.692377,2.1,1761884241.577000,479,1,1809,FALSE,FALSE,FALSE,FALSE,
1437,2025-10-31T09:47:23.693526,1728.2,2025-10-31T09:47:23.892259,198.7,1761884243.790000,471,1,1811,2025-10-31T09:47:23.893630,1.4,1761884242.779000,479,1,1810,FALSE,FALSE,FALSE,FALSE,
1438,2025-10-31T09:47:24.894951,1729.4,2025-10-31T09:47:25.094775,199.8,1761884244.993000,473,2,"1812,1813",2025-10-31T09:47:25.096213,1.4,1761884243.981000,478,2,"1811,1812",TRUE,TRUE,FALSE,FALSE,"Multi-ICG:1812,1813;Multi-ECG:1811,1812"
1439,2025-10-31T09:47:26.097602,1730.6,2025-10-31T09:47:26.296959,199.4,1761884246.195000,470,1,1814,2025-10-31T09:47:26.298579,1.6,1761884245.184000,480,1,1813,FALSE,FALSE,FALSE,FALSE,
1440,2025-10-31T09:47:27.299751,1731.8,2025-10-31T09:47:27.501590,201.8,1761884247.400000,472,1,1815,2025-10-31T09:47:27.503006,1.4,1761884246.385000,480,1,1814,FALSE,FALSE,FALSE,FALSE,
1441,2025-10-31T09:47:28.504188,1733.0,2025-10-31T09:47:28.705308,201.1,1761884248.603000,471,1,1816,2025-10-31T09:47:28.706925,1.6,1761884247.588000,480,1,1815,FALSE,FALSE,FALSE,FALSE,
1442,2025-10-31T09:47:29.708072,1734.2,2025-10-31T09:47:29.908600,200.5,1761884249.806000,472,1,1817,2025-10-31T09:47:29.910339,1.7,1761884248.790000,480,1,1816,FALSE,FALSE,FALSE,FALSE,
1443,2025-10-31T09:47:30.911482,1735.4,2025-10-31T09:47:31.116385,204.9,1761884251.009000,472,2,"1818,1819",2025-10-31T09:47:31.117728,1.3,1761884249.992000,480,2,"1817,1818",TRUE,TRUE,FALSE,FALSE,"Multi-ICG:1818,1819;Multi-ECG:1817,1818"
1444,2025-10-31T09:47:32.119064,1736.6,2025-10-31T09:47:32.314070,195.0,1761884252.213000,471,1,1820,2025-10-31T09:47:32.315531,1.4,1761884251.194000,479,1,1819,FALSE,FALSE,FALSE,FALSE,
1445,2025-10-31T09:47:33.316639,1737.8,2025-10-31T09:47:33.516922,200.3,1761884253.415000,471,1,1821,2025-10-31T09:47:33.518828,1.9,1761884252.396000,480,1,1820,FALSE,FALSE,FALSE,FALSE,
1446,2025-10-31T09:47:34.520219,1739.0,2025-10-31T09:47:34.719160,198.9,1761884254.617000,471,1,1822,2025-10-31T09:47:34.721176,2.0,1761884253.599000,480,1,1821,FALSE,FALSE,FALSE,FALSE,
1447,2025-10-31T09:47:35.722477,1740.2,2025-10-31T09:47:35.921490,199.0,1761884255.819000,472,1,1823,2025-10-31T09:47:35.923010,1.5,1761884254.801000,480,1,1822,FALSE,FALSE,FALSE,FALSE,
1448,2025-10-31T09:47:36.924328,1741.4,2025-10-31T09:47:37.124709,200.4,1761884257.023000,474,2,"1824,1825",2025-10-31T09:47:37.126320,1.6,1761884256.003000,481,2,"1823,1824",TRUE,TRUE,FALSE,FALSE,"Multi-ICG:1824,1825;Multi-ECG:1823,1824"
1449,2025-10-31T09:47:38.127720,1742.6,2025-10-31T09:47:38.326742,199.0,1761884258.225000,469,1,1826,2025-10-31T09:47:38.328253,1.5,1761884257.206000,479,1,1825,FALSE,FALSE,FALSE,FALSE,
1450,2025-10-31T09:47:39.329445,1743.8,2025-10-31T09:47:39.528329,198.9,1761884259.427000,471,1,1827,2025-10-31T09:47:39.529865,1.5,1761884258.408000,480,1,1826,FALSE,FALSE,FALSE,FALSE,
1451,2025-10-31T09:47:40.531152,1745.0,2025-10-31T09:47:40.730458,199.3,1761884260.629000,469,1,1828,2025-10-31T09:47:40.731887,1.4,1761884259.610000,480,1,1827,FALSE,FALSE,FALSE,FALSE,
1452,2025-10-31T09:47:41.733207,1746.2,2025-10-31T09:47:41.936725,203.5,1761884261.830000,469,1,1829,2025-10-31T09:47:41.938268,1.5,1761884260.812000,480,1,1828,FALSE,FALSE,FALSE,FALSE,
1453,2025-10-31T09:47:42.939424,1747.4,2025-10-31T09:47:43.134280,194.9,1761884263.032000,470,2,"1830,1831",2025-10-31T09:47:43.135760,1.5,1761884262.013000,480,2,"1829,1830",TRUE,TRUE,FALSE,FALSE,"Multi-ICG:1830,1831;Multi-ECG:1829,1830"
1454,2025-10-31T09:47:44.137154,1748.6,2025-10-31T09:47:44.336164,199.0,1761884264.234000,469,1,1832,2025-10-31T09:47:44.337500,1.3,1761884263.215000,478,1,1831,FALSE,FALSE,FALSE,FALSE,
1455,2025-10-31T09:47:45.338743,1749.8,2025-10-31T09:47:45.538537,199.8,1761884265.437000,472,1,1833,2025-10-31T09:47:45.539969,1.4,1761884264.417000,480,1,1832,FALSE,FALSE,FALSE,FALSE,
1456,2025-10-31T09:47:46.541123,1751.0,2025-10-31T09:47:46.740655,199.5,1761884266.639000,469,1,1834,2025-10-31T09:47:46.742232,1.6,1761884265.619000,480,1,1833,FALSE,FALSE,FALSE,FALSE,
1457,2025-10-31T09:47:47.743357,1752.2,2025-10-31T09:47:47.943021,199.7,1761884267.841000,471,1,1835,2025-10-31T09:47:47.944538,1.5,1761884266.821000,480,1,1834,FALSE,FALSE,FALSE,FALSE,
1458,2025-10-31T09:47:48.945681,1753.4,2025-10-31T09:47:49.146396,200.7,1761884269.044000,471,2,"1836,1837",2025-10-31T09:47:49.147927,1.5,1761884268.023000,481,2,"1835,1836",TRUE,TRUE,FALSE,FALSE,"Multi-ICG:1836,1837;Multi-ECG:1835,1836"
1459,2025-10-31T09:47:50.149295,1754.6,2025-10-31T09:47:50.348997,199.7,1761884270.247000,469,1,1838,2025-10-31T09:47:50.350380,1.4,1761884269.225000,479,1,1837,FALSE,FALSE,FALSE,FALSE,
1460,2025-10-31T09:47:51.351529,1755.8,2025-10-31T09:47:51.551337,199.8,1761884271.449000,472,1,1839,2025-10-31T09:47:51.557027,5.7,1761884270.427000,479,1,1838,FALSE,FALSE,FALSE,FALSE,
1461,2025-10-31T09:47:52.558275,1757.0,2025-10-31T09:47:52.753423,195.1,1761884272.652000,472,1,1840,2025-10-31T09:47:52.754989,1.6,1761884271.630000,479,1,1839,FALSE,FALSE,FALSE,FALSE,
1462,2025-10-31T09:47:53.756174,1758.2,2025-10-31T09:47:53.955364,199.2,1761884273.853000,469,1,1841,2025-10-31T09:47:53.956807,1.4,1761884272.831000,479,1,1840,FALSE,FALSE,FALSE,FALSE,
1463,2025-10-31T09:47:54.958281,1759.4,2025-10-31T09:47:55.157128,198.8,1761884275.055000,472,2,"1842,1843",2025-10-31T09:47:55.158700,1.6,1761884274.033000,481,2,"1841,1842",TRUE,TRUE,FALSE,FALSE,"Multi-ICG:1842,1843;Multi-ECG:1841,1842"
1464,2025-10-31T09:47:56.160049,1760.6,2025-10-31T09:47:56.358831,198.8,1761884276.257000,471,1,1844,2025-10-31T09:47:56.360353,1.5,1761884275.235000,479,1,1843,FALSE,FALSE,FALSE,FALSE,
1465,2025-10-31T09:47:57.361469,1761.8,2025-10-31T09:47:57.561779,200.3,1761884277.459000,470,1,1845,2025-10-31T09:47:57.563184,1.4,1761884276.437000,480,1,1844,FALSE,FALSE,FALSE,FALSE,
1466,2025-10-31T09:47:58.564306,1763.0,2025-10-31T09:47:58.764758,200.5,1761884278.663000,471,1,1846,2025-10-31T09:47:58.766263,1.5,1761884277.639000,479,1,1845,FALSE,FALSE,FALSE,FALSE,
1467,2025-10-31T09:47:59.767403,1764.2,2025-10-31T09:47:59.967093,199.7,1761884279.865000,472,2,"1847,1848",2025-10-31T09:47:59.968585,1.5,1761884278.843000,480,1,1846,TRUE,FALSE,FALSE,FALSE,"Multi-ICG:1847,1848"
1468,2025-10-31T09:48:00.969860,1765.4,2025-10-31T09:48:01.169095,199.2,1761884281.067000,471,1,1849,2025-10-31T09:48:01.170669,1.6,1761884280.044000,481,2,"1847,1848",FALSE,TRUE,FALSE,FALSE,"Multi-ECG:1847,1848"
1469,2025-10-31T09:48:02.171944,1766.6,2025-10-31T09:48:02.371257,199.3,1761884282.269000,473,1,1850,2025-10-31T09:48:02.377215,6.0,1761884281.247000,480,1,1849,FALSE,FALSE,FALSE,FALSE,
1470,2025-10-31T09:48:03.378388,1767.9,2025-10-31T09:48:03.573992,195.6,1761884283.471000,469,1,1851,2025-10-31T09:48:03.575359,1.4,1761884282.449000,481,1,1850,FALSE,FALSE,FALSE,FALSE,
1471,2025-10-31T09:48:04.576476,1769.0,2025-10-31T09:48:04.776590,200.1,1761884284.674000,470,1,1852,2025-10-31T09:48:04.778155,1.6,1761884283.652000,479,1,1851,FALSE,FALSE,FALSE,FALSE,
1472,2025-10-31T09:48:05.779343,1770.3,2025-10-31T09:48:05.979166,199.8,1761884285.876000,472,2,"1853,1854",2025-10-31T09:48:05.980657,1.5,1761884284.854000,480,1,1852,TRUE,FALSE,FALSE,FALSE,"Multi-ICG:1853,1854"
1473,2025-10-31T09:48:06.981997,1771.5,2025-10-31T09:48:07.181868,199.9,1761884287.079000,470,1,1855,2025-10-31T09:48:07.183295,1.4,1761884286.056000,481,2,"1853,1854",FALSE,TRUE,FALSE,FALSE,"Multi-ECG:1853,1854"
1474,2025-10-31T09:48:08.184824,1772.7,2025-10-31T09:48:08.384474,199.7,1761884288.282000,470,1,1856,2025-10-31T09:48:08.386032,1.5,1761884287.259000,480,1,1855,FALSE,FALSE,FALSE,FALSE,
1475,2025-10-31T09:48:09.387187,1773.9,2025-10-31T09:48:09.588133,200.9,1761884289.486000,469,1,1857,2025-10-31T09:48:09.589593,1.5,1761884288.461000,478,1,1856,FALSE,FALSE,FALSE,FALSE,
1476,2025-10-31T09:48:10.590793,1775.1,2025-10-31T09:48:10.790719,199.9,1761884290.688000,470,1,1858,2025-10-31T09:48:10.792076,1.3,1761884289.663000,479,1,1857,FALSE,FALSE,FALSE,FALSE,
1477,2025-10-31T09:48:11.793206,1776.3,2025-10-31T09:48:11.993286,200.1,1761884291.891000,471,2,"1859,1860",2025-10-31T09:48:11.994872,1.6,1761884290.865000,479,1,1858,TRUE,FALSE,FALSE,FALSE,"Multi-ICG:1859,1860"
1478,2025-10-31T09:48:12.996136,1777.5,2025-10-31T09:48:13.195600,199.5,1761884293.094000,472,1,1861,2025-10-31T09:48:13.201181,5.6,1761884292.067000,481,2,"1859,1860",FALSE,TRUE,FALSE,FALSE,"Multi-ECG:1859,1860"
1479,2025-10-31T09:48:14.202834,1778.7,2025-10-31T09:48:14.398315,195.5,1761884294.296000,472,1,1862,2025-10-31T09:48:14.399929,1.6,1761884293.270000,480,1,1861,FALSE,FALSE,FALSE,FALSE,
1480,2025-10-31T09:48:15.401139,1779.9,2025-10-31T09:48:15.600869,199.7,1761884295.499000,471,1,1863,2025-10-31T09:48:15.602737,1.9,1761884294.472000,480,1,1862,FALSE,FALSE,FALSE,FALSE,
1481,2025-10-31T09:48:16.604015,1781.1,2025-10-31T09:48:16.803230,199.2,1761884296.701000,471,1,1864,2025-10-31T09:48:16.804590,1.3,1761884295.674000,477,1,1863,FALSE,FALSE,FALSE,FALSE,
1482,2025-10-31T09:48:17.805754,1782.3,2025-10-31T09:48:18.005353,199.6,1761884297.903000,474,2,"1865,1866",2025-10-31T09:48:18.006908,1.5,1761884296.877000,480,2,"1864,1865",TRUE,TRUE,FALSE,FALSE,"Multi-ICG:1865,1866;Multi-ECG:1864,1865"
1483,2025-10-31T09:48:19.008309,1783.5,2025-10-31T09:48:19.207414,199.1,1761884299.105000,470,1,1867,2025-10-31T09:48:19.208956,1.5,1761884298.079000,480,1,1866,FALSE,FALSE,FALSE,FALSE,
1484,2025-10-31T09:48:20.210200,1784.7,2025-10-31T09:48:20.409513,199.3,1761884300.307000,471,1,1868,2025-10-31T09:48:20.410951,1.4,1761884299.281000,479,1,1867,FALSE,FALSE,FALSE,FALSE,
1485,2025-10-31T09:48:21.412185,1785.9,2025-10-31T09:48:21.611710,199.5,1761884301.510000,470,1,1869,2025-10-31T09:48:21.613232,1.5,1761884300.482000,478,1,1868,FALSE,FALSE,FALSE,FALSE,
1486,2025-10-31T09:48:22.614492,1787.1,2025-10-31T09:48:22.813828,199.3,1761884302.712000,471,1,1870,2025-10-31T09:48:22.815601,1.8,1761884301.685000,477,1,1869,FALSE,FALSE,FALSE,FALSE,
1487,2025-10-31T09:48:23.816885,1788.3,2025-10-31T09:48:24.020328,203.4,1761884303.914000,470,2,"1871,1872",2025-10-31T09:48:24.021700,1.4,1761884302.887000,480,2,"1870,1871",TRUE,TRUE,FALSE,FALSE,"Multi-ICG:1871,1872;Multi-ECG:1870,1871"
1488,2025-10-31T09:48:25.022989,1789.5,2025-10-31T09:48:25.217599,194.6,1761884305.116000,470,1,1873,2025-10-31T09:48:25.219153,1.5,1761884304.089000,480,1,1872,FALSE,FALSE,FALSE,FALSE,
1489,2025-10-31T09:48:26.220395,1790.7,2025-10-31T09:48:26.419660,199.3,1761884306.317000,470,1,1874,2025-10-31T09:48:26.421241,1.6,1761884305.290000,480,1,1873,FALSE,FALSE,FALSE,FALSE,
1490,2025-10-31T09:48:27.422546,1791.9,2025-10-31T09:48:27.622062,199.5,1761884307.520000,470,1,1875,2025-10-31T09:48:27.623471,1.4,1761884306.492000,479,1,1874,FALSE,FALSE,FALSE,FALSE,
1491,2025-10-31T09:48:28.624829,1793.1,2025-10-31T09:48:28.824095,199.3,1761884308.722000,471,1,1876,2025-10-31T09:48:28.825564,1.5,1761884307.694000,479,1,1875,FALSE,FALSE,FALSE,FALSE,
1492,2025-10-31T09:48:29.826891,1794.3,2025-10-31T09:48:30.026427,199.5,1761884309.924000,471,2,"1877,1878",2025-10-31T09:48:30.027783,1.3,1761884308.897000,479,2,"1876,1877",TRUE,TRUE,FALSE,FALSE,"Multi-ICG:1877,1878;Multi-ECG:1876,1877"
1493,2025-10-31T09:48:31.029632,1795.5,2025-10-31T09:48:31.229537,199.9,1761884311.127000,471,1,1879,2025-10-31T09:48:31.231057,1.5,1761884310.098000,479,1,1878,FALSE,FALSE,FALSE,FALSE,
1494,2025-10-31T09:48:32.232162,1796.7,2025-10-31T09:48:32.431563,199.4,1761884312.329000,469,1,1880,2025-10-31T09:48:32.433099,1.5,1761884311.301000,478,1,1879,FALSE,FALSE,FALSE,FALSE,
1495,2025-10-31T09:48:33.434328,1797.9,2025-10-31T09:48:33.633542,199.2,1761884313.531000,472,1,1881,2025-10-31T09:48:33.635128,1.6,1761884312.503000,479,1,1880,FALSE,FALSE,FALSE,FALSE,
1496,2025-10-31T09:48:34.636341,1799.1,2025-10-31T09:48:34.839579,203.2,1761884314.734000,469,1,1882,2025-10-31T09:48:34.841138,1.5,1761884313.705000,479,1,1881,FALSE,FALSE,FALSE,FALSE,
1497,2025-10-31T09:48:35.842326,1800.3,2025-10-31T09:48:36.037635,195.3,1761884315.935000,473,2,"1883,1884",2025-10-31T09:48:36.039193,1.5,1761884314.907000,479,2,"1882,1883",TRUE,TRUE,FALSE,FALSE,"Multi-ICG:1883,1884;Multi-ECG:1882,1883"
1498,2025-10-31T09:48:37.040564,1801.5,2025-10-31T09:48:37.240496,199.9,1761884317.139000,471,1,1885,2025-10-31T09:48:37.241880,1.4,1761884316.108000,478,1,1884,FALSE,FALSE,FALSE,FALSE,
1499,2025-10-31T09:48:38.243087,1802.7,2025-10-31T09:48:38.442568,199.5,1761884318.340000,471,1,1886,2025-10-31T09:48:38.444041,1.5,1761884317.310000,479,1,1885,FALSE,FALSE,FALSE,FALSE,
1500,2025-10-31T09:48:39.445224,1803.9,2025-10-31T09:48:39.644877,199.7,1761884319.542000,471,1,1887,2025-10-31T09:48:39.646552,1.7,1761884318.512000,478,1,1886,FALSE,FALSE,FALSE,FALSE,
1501,2025-10-31T09:48:40.647729,1805.1,2025-10-31T09:48:40.848560,200.8,1761884320.746000,470,1,1888,2025-10-31T09:48:40.849908,1.3,1761884319.714000,479,1,1887,FALSE,FALSE,FALSE,FALSE,
1502,2025-10-31T09:48:41.851210,1806.3,2025-10-31T09:48:42.050984,199.8,1761884321.948000,471,2,"1889,1890",2025-10-31T09:48:42.053052,2.1,1761884320.916000,479,2,"1888,1889",TRUE,TRUE,FALSE,FALSE,"Multi-ICG:1889,1890;Multi-ECG:1888,1889"
1503,2025-10-31T09:48:43.054613,1807.5,2025-10-31T09:48:43.253412,198.8,1761884323.151000,471,1,1891,2025-10-31T09:48:43.255389,2.0,1761884322.118000,479,1,1890,FALSE,FALSE,FALSE,FALSE,
1504,2025-10-31T09:48:44.256542,1808.7,2025-10-31T09:48:44.456754,200.2,1761884324.354000,471,1,1892,2025-10-31T09:48:44.462352,5.6,1761884323.321000,481,1,1891,FALSE,FALSE,FALSE,FALSE,
1505,2025-10-31T09:48:45.463501,1809.9,2025-10-31T09:48:45.659554,196.1,1761884325.557000,472,1,1893,2025-10-31T09:48:46.328564,669.0,1761884324.524000,481,1,1892,FALSE,FALSE,FALSE,FALSE,
1506,2025-10-31T09:48:47.329348,1811.8,2025-10-31T09:48:47.463584,134.2,1761884327.361000,710,2,"1894,1895",2025-10-31T09:48:47.464591,1.0,1761884325.726000,479,1,1893,TRUE,FALSE,FALSE,FALSE,"Multi-ICG:1894,1895"
1507,2025-10-31T09:48:48.465608,1812.9,2025-10-31T09:48:48.665409,199.8,1761884328.564000,472,1,1896,2025-10-31T09:48:48.666781,1.4,1761884327.533000,722,2,"1894,1895",FALSE,TRUE,FALSE,FALSE,"Multi-ECG:1894,1895"
1508,2025-10-31T09:48:49.667795,1814.1,2025-10-31T09:48:49.867778,200.0,1761884329.766000,474,1,1897,2025-10-31T09:48:49.868718,0.9,1761884328.735000,481,1,1896,FALSE,FALSE,FALSE,FALSE,
1509,2025-10-31T09:48:50.869540,1815.3,2025-10-31T09:48:51.070494,201.0,1761884330.969000,477,2,"1898,1899",2025-10-31T09:48:51.072027,1.5,1761884329.937000,481,2,"1897,1898",TRUE,TRUE,FALSE,FALSE,"Multi-ICG:1898,1899;Multi-ECG:1897,1898"
1510,2025-10-31T09:48:52.073381,1816.5,2025-10-31T09:48:52.272958,199.6,1761884332.171000,470,1,1900,2025-10-31T09:48:52.274549,1.6,1761884331.139000,481,1,1899,FALSE,FALSE,FALSE,FALSE,
1511,2025-10-31T09:48:53.275829,1817.7,2025-10-31T09:48:53.475066,199.2,1761884333.373000,472,1,1901,2025-10-31T09:48:53.476527,1.4,1761884332.340000,480,1,1900,FALSE,FALSE,FALSE,FALSE,
1512,2025-10-31T09:48:54.477683,1818.9,2025-10-31T09:48:54.677455,199.8,1761884334.575000,471,1,1902,2025-10-31T09:48:54.678807,1.3,1761884333.542000,480,1,1901,FALSE,FALSE,FALSE,FALSE,
1513,2025-10-31T09:48:55.679959,1820.2,2025-10-31T09:48:55.879945,200.0,1761884335.778000,471,1,1903,2025-10-31T09:48:55.885875,5.9,1761884334.744000,480,1,1902,FALSE,FALSE,FALSE,FALSE,
1514,2025-10-31T09:48:56.887095,1821.4,2025-10-31T09:48:57.082331,195.2,1761884336.980000,473,2,"1904,1905",2025-10-31T09:48:57.083873,1.5,1761884335.946000,479,2,"1903,1904",TRUE,TRUE,FALSE,FALSE,"Multi-ICG:1904,1905;Multi-ECG:1903,1904"
1515,2025-10-31T09:48:58.085262,1822.6,2025-10-31T09:48:58.284536,199.3,1761884338.183000,470,1,1906,2025-10-31T09:48:58.285872,1.3,1761884337.147000,479,1,1905,FALSE,FALSE,FALSE,FALSE,
1516,2025-10-31T09:48:59.287092,1823.8,2025-10-31T09:48:59.486578,199.5,1761884339.385000,472,1,1907,2025-10-31T09:48:59.488041,1.5,1761884338.350000,480,1,1906,FALSE,FALSE,FALSE,FALSE,
1517,2025-10-31T09:49:00.489189,1825.0,2025-10-31T09:49:00.688109,198.9,1761884340.587000,470,1,1908,2025-10-31T09:49:00.689631,1.5,1761884339.551000,477,1,1907,FALSE,FALSE,FALSE,FALSE,
1518,2025-10-31T09:49:01.690859,1826.2,2025-10-31T09:49:01.890596,199.7,1761884341.788000,471,1,1909,2025-10-31T09:49:01.891906,1.3,1761884340.753000,479,1,1908,FALSE,FALSE,FALSE,FALSE,
1519,2025-10-31T09:49:02.893026,1827.4,2025-10-31T09:49:03.092285,199.3,1761884342.990000,472,2,"1910,1911",2025-10-31T09:49:03.093823,1.5,1761884341.955000,480,2,"1909,1910",TRUE,TRUE,FALSE,FALSE,"Multi-ICG:1910,1911;Multi-ECG:1909,1910"
1520,2025-10-31T09:49:04.095225,1828.6,2025-10-31T09:49:04.294084,198.9,1761884344.192000,471,1,1912,2025-10-31T09:49:04.295636,1.5,1761884343.157000,480,1,1911,FALSE,FALSE,FALSE,FALSE,
1521,2025-10-31T09:49:05.296800,1829.8,2025-10-31T09:49:05.496427,199.6,1761884345.395000,472,1,1913,2025-10-31T09:49:05.498200,1.8,1761884344.358000,480,1,1912,FALSE,FALSE,FALSE,FALSE,
1522,2025-10-31T09:49:06.499528,1831.0,2025-10-31T09:49:06.698535,199.0,1761884346.597000,471,1,1914,2025-10-31T09:49:06.704414,5.9,1761884345.560000,480,1,1913,FALSE,FALSE,FALSE,FALSE,
1523,2025-10-31T09:49:07.705584,1832.2,2025-10-31T09:49:07.900056,194.5,1761884347.798000,471,1,1915,2025-10-31T09:49:07.901391,1.3,1761884346.762000,478,1,1914,FALSE,FALSE,FALSE,FALSE,
1524,2025-10-31T09:49:08.902593,1833.4,2025-10-31T09:49:09.102166,199.6,1761884349.000000,473,2,"1916,1917",2025-10-31T09:49:09.103674,1.5,1761884347.964000,479,2,"1915,1916",TRUE,TRUE,FALSE,FALSE,"Multi-ICG:1916,1917;Multi-ECG:1915,1916"
1525,2025-10-31T09:49:10.105214,1834.6,2025-10-31T09:49:10.303652,198.4,1761884350.202000,473,1,1918,2025-10-31T09:49:10.305105,1.4,1761884349.165000,479,1,1917,FALSE,FALSE,FALSE,FALSE,
1526,2025-10-31T09:49:11.306322,1835.8,2025-10-31T09:49:11.505714,199.4,1761884351.404000,469,1,1919,2025-10-31T09:49:11.507155,1.4,1761884350.367000,480,1,1918,FALSE,FALSE,FALSE,FALSE,
1527,2025-10-31T09:49:12.508321,1837.0,2025-10-31T09:49:12.707711,199.4,1761884352.606000,469,1,1920,2025-10-31T09:49:12.709159,1.4,1761884351.569000,479,1,1919,FALSE,FALSE,FALSE,FALSE,
1528,2025-10-31T09:49:13.710367,1838.2,2025-10-31T09:49:13.909362,199.0,1761884353.807000,472,1,1921,2025-10-31T09:49:13.911223,1.9,1761884352.772000,479,1,1920,FALSE,FALSE,FALSE,FALSE,
1529,2025-10-31T09:49:14.912407,1839.4,2025-10-31T09:49:15.111528,199.1,1761884355.010000,472,2,"1922,1923",2025-10-31T09:49:15.112936,1.4,1761884353.974000,481,2,"1921,1922",TRUE,TRUE,FALSE,FALSE,"Multi-ICG:1922,1923;Multi-ECG:1921,1922"
1530,2025-10-31T09:49:16.114457,1840.6,2025-10-31T09:49:16.313802,199.3,1761884356.212000,471,1,1924,2025-10-31T09:49:16.315553,1.7,1761884355.177000,481,1,1923,FALSE,FALSE,FALSE,FALSE,
1531,2025-10-31T09:49:17.316723,1841.8,2025-10-31T09:49:17.516115,199.4,1761884357.414000,472,1,1925,2025-10-31T09:49:17.521649,5.5,1761884356.379000,480,1,1924,FALSE,FALSE,FALSE,FALSE,
1532,2025-10-31T09:49:18.522877,1843.0,2025-10-31T09:49:18.718840,196.0,1761884358.616000,470,1,1926,2025-10-31T09:49:18.721000,2.2,1761884357.582000,480,1,1925,FALSE,FALSE,FALSE,FALSE,
1533,2025-10-31T09:49:19.722328,1844.2,2025-10-31T09:49:19.921231,198.9,1761884359.819000,470,1,1927,2025-10-31T09:49:19.923437,2.2,1761884358.783000,478,1,1926,FALSE,FALSE,FALSE,FALSE,
1534,2025-10-31T09:49:20.924725,1845.4,2025-10-31T09:49:21.123584,198.9,1761884361.021000,472,2,"1928,1929",2025-10-31T09:49:21.125172,1.6,1761884359.986000,481,2,"1927,1928",TRUE,TRUE,FALSE,FALSE,"Multi-ICG:1928,1929;Multi-ECG:1927,1928"
1535,2025-10-31T09:49:22.126696,1846.6,2025-10-31T09:49:22.326359,199.7,1761884362.224000,472,1,1930,2025-10-31T09:49:22.327895,1.5,1761884361.189000,481,1,1929,FALSE,FALSE,FALSE,FALSE,
1536,2025-10-31T09:49:23.329129,1847.8,2025-10-31T09:49:23.529202,200.1,1761884363.427000,471,1,1931,2025-10-31T09:49:23.531059,1.8,1761884362.391000,480,1,1930,FALSE,FALSE,FALSE,FALSE,
1537,2025-10-31T09:49:24.532346,1849.0,2025-10-31T09:49:24.731178,198.8,1761884364.630000,469,1,1932,2025-10-31T09:49:24.732485,1.3,1761884363.594000,479,1,1931,FALSE,FALSE,FALSE,FALSE,
1538,2025-10-31T09:49:25.733634,1850.2,2025-10-31T09:49:25.933216,199.6,1761884365.831000,471,1,1933,2025-10-31T09:49:25.934791,1.6,1761884364.797000,479,1,1932,FALSE,FALSE,FALSE,FALSE,
1539,2025-10-31T09:49:26.935968,1851.4,2025-10-31T09:49:27.135467,199.5,1761884367.034000,474,2,"1934,1935",2025-10-31T09:49:27.137002,1.5,1761884365.999000,480,2,"1933,1934",TRUE,TRUE,FALSE,FALSE,"Multi-ICG:1934,1935;Multi-ECG:1933,1934"
1540,2025-10-31T09:49:28.138450,1852.6,2025-10-31T09:49:28.341729,203.3,1761884368.236000,471,1,1936,2025-10-31T09:49:28.343187,1.4,1761884367.201000,479,1,1935,FALSE,FALSE,FALSE,FALSE,
1541,2025-10-31T09:49:29.344317,1853.8,2025-10-31T09:49:29.539230,194.9,1761884369.437000,471,1,1937,2025-10-31T09:49:29.540658,1.4,1761884368.403000,480,1,1936,FALSE,FALSE,FALSE,FALSE,
1542,2025-10-31T09:49:30.541808,1855.0,2025-10-31T09:49:30.741104,199.3,1761884370.639000,472,1,1938,2025-10-31T09:49:30.742638,1.5,1761884369.605000,479,1,1937,FALSE,FALSE,FALSE,FALSE,
1543,2025-10-31T09:49:31.743806,1856.2,2025-10-31T09:49:31.943614,199.8,1761884371.841000,470,1,1939,2025-10-31T09:49:31.944957,1.3,1761884370.807000,479,1,1938,FALSE,FALSE,FALSE,FALSE,
1544,2025-10-31T09:49:32.946116,1857.4,2025-10-31T09:49:33.146171,200.1,1761884373.044000,475,2,"1940,1941",2025-10-31T09:49:33.147621,1.4,1761884372.011000,480,2,"1939,1940",TRUE,TRUE,FALSE,FALSE,"Multi-ICG:1940,1941;Multi-ECG:1939,1940"
1545,2025-10-31T09:49:34.148964,1858.6,2025-10-31T09:49:34.348414,199.5,1761884374.246000,471,1,1942,2025-10-31T09:49:34.349823,1.4,1761884373.213000,479,1,1941,FALSE,FALSE,FALSE,FALSE,
1546,2025-10-31T09:49:35.351029,1859.8,2025-10-31T09:49:35.552041,201.0,1761884375.450000,475,1,1943,2025-10-31T09:49:35.553731,1.7,1761884374.415000,478,1,1942,FALSE,FALSE,FALSE,FALSE,
1547,2025-10-31T09:49:36.554928,1861.0,2025-10-31T09:49:36.755081,200.2,1761884376.652000,471,1,1944,2025-10-31T09:49:36.756829,1.7,1761884375.617000,480,1,1943,FALSE,FALSE,FALSE,FALSE,
1548,2025-10-31T09:49:37.758120,1862.2,2025-10-31T09:49:37.956648,198.5,1761884377.854000,472,1,1945,2025-10-31T09:49:37.958212,1.6,1761884376.818000,480,1,1944,FALSE,FALSE,FALSE,FALSE,
1549,2025-10-31T09:49:38.959367,1863.4,2025-10-31T09:49:39.163120,203.8,1761884379.056000,472,2,"1946,1947",2025-10-31T09:49:39.164843,1.7,1761884378.021000,481,2,"1945,1946",TRUE,TRUE,FALSE,FALSE,"Multi-ICG:1946,1947;Multi-ECG:1945,1946"
1550,2025-10-31T09:49:40.166669,1864.6,2025-10-31T09:49:40.360393,193.7,1761884380.259000,472,1,1948,2025-10-31T09:49:40.361901,1.5,1761884379.223000,479,1,1947,FALSE,FALSE,FALSE,FALSE,
1551,2025-10-31T09:49:41.363716,1865.8,2025-10-31T09:49:41.564076,200.4,1761884381.461000,471,1,1949,2025-10-31T09:49:41.565401,1.3,1761884380.425000,479,1,1948,FALSE,FALSE,FALSE,FALSE,
1552,2025-10-31T09:49:42.567146,1867.0,2025-10-31T09:49:42.766094,198.9,1761884382.664000,469,1,1950,2025-10-31T09:49:42.767641,1.5,1761884381.627000,479,1,1949,FALSE,FALSE,FALSE,FALSE,
1553,2025-10-31T09:49:43.768886,1868.2,2025-10-31T09:49:43.967637,198.8,1761884383.866000,473,1,1951,2025-10-31T09:49:43.969316,1.7,1761884382.830000,479,1,1950,FALSE,FALSE,FALSE,FALSE,
1554,2025-10-31T09:49:44.971014,1869.4,2025-10-31T09:49:45.170325,199.3,1761884385.068000,474,2,"1952,1953",2025-10-31T09:49:45.171656,1.3,1761884384.031000,480,2,"1951,1952",TRUE,TRUE,FALSE,FALSE,"Multi-ICG:1952,1953;Multi-ECG:1951,1952"
1555,2025-10-31T09:49:46.173348,1870.6,2025-10-31T09:49:46.373020,199.7,1761884386.270000,469,1,1954,2025-10-31T09:49:46.374734,1.7,1761884385.234000,480,1,1953,FALSE,FALSE,FALSE,FALSE,
1556,2025-10-31T09:49:47.376005,1871.8,2025-10-31T09:49:47.576516,200.5,1761884387.473000,472,1,1955,2025-10-31T09:49:47.578601,2.1,1761884386.435000,479,1,1954,FALSE,FALSE,FALSE,FALSE,
1557,2025-10-31T09:49:48.579770,1873.1,2025-10-31T09:49:48.780076,200.3,1761884388.678000,471,1,1956,2025-10-31T09:49:48.785887,5.8,1761884387.637000,479,1,1955,FALSE,FALSE,FALSE,FALSE,
1558,2025-10-31T09:49:49.787113,1874.3,2025-10-31T09:49:49.982760,195.6,1761884389.880000,472,1,1957,2025-10-31T09:49:49.984428,1.7,1761884388.839000,479,1,1956,FALSE,FALSE,FALSE,FALSE,
1559,2025-10-31T09:49:50.985592,1875.5,2025-10-31T09:49:51.185317,199.7,1761884391.083000,473,2,"1958,1959",2025-10-31T09:49:51.186763,1.4,1761884390.041000,479,2,"1957,1958",TRUE,TRUE,FALSE,FALSE,"Multi-ICG:1958,1959;Multi-ECG:1957,1958"
1560,2025-10-31T09:49:52.188124,1876.7,2025-10-31T09:49:52.387458,199.3,1761884392.285000,470,1,1960,2025-10-31T09:49:52.389000,1.5,1761884391.243000,479,1,1959,FALSE,FALSE,FALSE,FALSE,
1561,2025-10-31T09:49:53.390299,1877.9,2025-10-31T09:49:53.589266,199.0,1761884393.488000,471,1,1961,2025-10-31T09:49:53.590815,1.5,1761884392.445000,479,1,1960,FALSE,FALSE,FALSE,FALSE,
1562,2025-10-31T09:49:54.592124,1879.1,2025-10-31T09:49:54.792131,200.0,1761884394.690000,473,1,1962,2025-10-31T09:49:54.793545,1.4,1761884393.648000,479,1,1961,FALSE,FALSE,FALSE,FALSE,
1563,2025-10-31T09:49:55.794827,1880.3,2025-10-31T09:49:55.995668,200.8,1761884395.893000,471,1,1963,2025-10-31T09:49:55.997468,1.8,1761884394.849000,478,1,1962,FALSE,FALSE,FALSE,FALSE,
1564,2025-10-31T09:49:56.998825,1881.5,2025-10-31T09:49:57.198603,199.8,1761884397.096000,472,2,"1964,1965",2025-10-31T09:49:57.200155,1.6,1761884396.051000,481,2,"1963,1964",TRUE,TRUE,FALSE,FALSE,"Multi-ICG:1964,1965;Multi-ECG:1963,1964"
1565,2025-10-31T09:49:58.201538,1882.7,2025-10-31T09:49:58.401890,200.4,1761884398.299000,472,1,1966,2025-10-31T09:49:58.403415,1.5,1761884397.253000,480,1,1965,FALSE,FALSE,FALSE,FALSE,
1566,2025-10-31T09:49:59.404587,1883.9,2025-10-31T09:49:59.604577,200.0,1761884399.502000,471,1,1967,2025-10-31T09:49:59.610635,6.1,1761884398.455000,481,1,1966,FALSE,FALSE,FALSE,FALSE,
1567,2025-10-31T09:50:00.611795,1885.1,2025-10-31T09:50:00.807185,195.4,1761884400.705000,472,1,1968,2025-10-31T09:50:00.808735,1.5,1761884399.657000,479,1,1967,FALSE,FALSE,FALSE,FALSE,
1568,2025-10-31T09:50:01.810166,1886.3,2025-10-31T09:50:02.009632,199.5,1761884401.907000,472,1,1969,2025-10-31T09:50:02.011721,2.1,1761884400.859000,478,1,1968,FALSE,FALSE,FALSE,FALSE,
1569,2025-10-31T09:50:03.012872,1887.5,2025-10-31T09:50:03.211816,198.9,1761884403.110000,471,2,"1970,1971",2025-10-31T09:50:03.213358,1.5,1761884402.061000,479,2,"1969,1970",TRUE,TRUE,FALSE,FALSE,"Multi-ICG:1970,1971;Multi-ECG:1969,1970"
1570,2025-10-31T09:50:04.214710,1888.7,2025-10-31T09:50:04.414380,199.7,1761884404.312000,471,1,1972,2025-10-31T09:50:04.415739,1.3,1761884403.264000,478,1,1971,FALSE,FALSE,FALSE,FALSE,
1571,2025-10-31T09:50:05.416987,1889.9,2025-10-31T09:50:05.617294,200.3,1761884405.515000,471,1,1973,2025-10-31T09:50:05.618907,1.6,1761884404.466000,478,1,1972,FALSE,FALSE,FALSE,FALSE,
1572,2025-10-31T09:50:06.620146,1891.1,2025-10-31T09:50:06.818908,198.8,1761884406.717000,471,1,1974,2025-10-31T09:50:06.820491,1.6,1761884405.668000,479,1,1973,FALSE,FALSE,FALSE,FALSE,
1573,2025-10-31T09:50:07.821693,1892.3,2025-10-31T09:50:08.021179,199.5,1761884407.919000,473,2,"1975,1976",2025-10-31T09:50:08.022667,1.5,1761884406.873000,480,1,1974,TRUE,FALSE,FALSE,FALSE,"Multi-ICG:1975,1976"
1574,2025-10-31T09:50:09.024296,1893.5,2025-10-31T09:50:09.222913,198.6,1761884409.121000,469,1,1977,2025-10-31T09:50:09.224453,1.5,1761884408.076000,481,2,"1975,1976",FALSE,TRUE,FALSE,FALSE,"Multi-ECG:1975,1976"
1575,2025-10-31T09:50:10.226154,1894.7,2025-10-31T09:50:10.424487,198.3,1761884410.323000,470,1,1978,2025-10-31T09:50:10.430392,5.9,1761884409.279000,480,1,1977,FALSE,FALSE,FALSE,FALSE,
1576,2025-10-31T09:50:11.431563,1895.9,2025-10-31T09:50:11.626534,195.0,1761884411.524000,469,1,1979,2025-10-31T09:50:11.627935,1.4,1761884410.482000,481,1,1978,FALSE,FALSE,FALSE,FALSE,
1577,2025-10-31T09:50:12.629171,1897.1,2025-10-31T09:50:12.828645,199.5,1761884412.726000,472,1,1980,2025-10-31T09:50:12.830271,1.6,1761884411.685000,479,1,1979,FALSE,FALSE,FALSE,FALSE,
1578,2025-10-31T09:50:13.831468,1898.3,2025-10-31T09:50:14.031353,199.9,1761884413.929000,471,2,"1981,1982",2025-10-31T09:50:14.032863,1.5,1761884412.887000,479,1,1980,TRUE,FALSE,FALSE,FALSE,"Multi-ICG:1981,1982"
1579,2025-10-31T09:50:15.034224,1899.5,2025-10-31T09:50:15.236252,202.0,1761884415.132000,472,1,1983,2025-10-31T09:50:15.237732,1.5,1761884414.090000,480,2,"1981,1982",FALSE,TRUE,FALSE,FALSE,"Multi-ECG:1981,1982"
1580,2025-10-31T09:50:16.239107,1900.7,2025-10-31T09:50:16.439195,200.1,1761884416.337000,472,1,1984,2025-10-31T09:50:16.440678,1.5,1761884415.293000,478,1,1983,FALSE,FALSE,FALSE,FALSE,
1581,2025-10-31T09:50:17.441822,1901.9,2025-10-31T09:50:17.642305,200.5,1761884417.539000,470,1,1985,2025-10-31T09:50:17.643659,1.3,1761884416.495000,479,1,1984,FALSE,FALSE,FALSE,FALSE,
1582,2025-10-31T09:50:18.644797,1903.1,2025-10-31T09:50:18.844887,200.1,1761884418.743000,470,1,1986,2025-10-31T09:50:18.846648,1.8,1761884417.698000,481,1,1985,FALSE,FALSE,FALSE,FALSE,
1583,2025-10-31T09:50:19.847975,1904.3,2025-10-31T09:50:20.046710,198.7,1761884419.945000,472,2,"1987,1988",2025-10-31T09:50:20.048198,1.5,1761884418.901000,479,1,1986,TRUE,FALSE,FALSE,FALSE,"Multi-ICG:1987,1988"
1584,2025-10-31T09:50:21.049546,1905.5,2025-10-31T09:50:21.253053,203.5,1761884421.147000,471,1,1989,2025-10-31T09:50:21.254480,1.4,1761884420.103000,481,2,"1987,1988",FALSE,TRUE,FALSE,FALSE,"Multi-ECG:1987,1988"
1585,2025-10-31T09:50:22.255740,1906.7,2025-10-31T09:50:22.451440,195.7,1761884422.349000,473,1,1990,2025-10-31T09:50:22.453359,1.9,1761884421.306000,480,1,1989,FALSE,FALSE,FALSE,FALSE,
1586,2025-10-31T09:50:23.454614,1907.9,2025-10-31T09:50:23.653319,198.7,1761884423.551000,469,1,1991,2025-10-31T09:50:23.654927,1.6,1761884422.508000,480,1,1990,FALSE,FALSE,FALSE,FALSE,
1587,2025-10-31T09:50:24.656068,1909.1,2025-10-31T09:50:24.855518,199.5,1761884424.754000,471,1,1992,2025-10-31T09:50:24.856883,1.5,1761884423.711000,480,1,1991,FALSE,FALSE,FALSE,FALSE,
1588,2025-10-31T09:50:25.858784,1910.3,2025-10-31T09:50:26.057562,198.8,1761884425.955000,470,2,"1993,1994",2025-10-31T09:50:26.059131,1.6,1761884424.912000,478,1,1992,TRUE,FALSE,FALSE,FALSE,"Multi-ICG:1993,1994"
1589,2025-10-31T09:50:27.060479,1911.5,2025-10-31T09:50:27.261046,200.6,1761884427.158000,471,1,1995,2025-10-31T09:50:27.262619,1.6,1761884426.114000,480,2,"1993,1994",FALSE,TRUE,FALSE,FALSE,"Multi-ECG:1993,1994"
1590,2025-10-31T09:50:28.263873,1912.7,2025-10-31T09:50:28.464023,200.1,1761884428.362000,471,1,1996,2025-10-31T09:50:28.465469,1.4,1761884427.316000,479,1,1995,FALSE,FALSE,FALSE,FALSE,
1591,2025-10-31T09:50:29.466759,1913.9,2025-10-31T09:50:29.667146,200.4,1761884429.564000,470,1,1997,2025-10-31T09:50:29.668631,1.5,1761884428.518000,480,1,1996,FALSE,FALSE,FALSE,FALSE,
1592,2025-10-31T09:50:30.669780,1915.1,2025-10-31T09:50:30.870481,200.7,1761884430.767000,470,1,1998,2025-10-31T09:50:30.872195,1.7,1761884429.719000,480,1,1997,FALSE,FALSE,FALSE,FALSE,
1593,2025-10-31T09:50:31.873769,1916.3,2025-10-31T09:50:32.077883,204.1,1761884431.971000,473,2,"1999,2000",2025-10-31T09:50:32.079565,1.7,1761884430.921000,478,1,1998,TRUE,FALSE,FALSE,FALSE,"Multi-ICG:1999,2000"
1594,2025-10-31T09:50:33.080904,1917.6,2025-10-31T09:50:33.275594,194.7,1761884433.173000,471,1,2001,2025-10-31T09:50:33.277459,1.9,1761884432.123000,481,2,"1999,2000",FALSE,TRUE,FALSE,FALSE,"Multi-ECG:1999,2000"
1595,2025-10-31T09:50:34.279114,1918.8,2025-10-31T09:50:34.478268,199.2,1761884434.376000,471,1,2002,2025-10-31T09:50:34.479598,1.3,1761884433.325000,481,1,2001,FALSE,FALSE,FALSE,FALSE,
1596,2025-10-31T09:50:35.480813,1920.0,2025-10-31T09:50:35.680161,199.3,1761884435.578000,471,1,2003,2025-10-31T09:50:35.681614,1.4,1761884434.528000,479,1,2002,FALSE,FALSE,FALSE,FALSE,
1597,2025-10-31T09:50:36.682813,1921.2,2025-10-31T09:50:36.882015,199.2,1761884436.781000,471,1,2004,2025-10-31T09:50:36.883576,1.6,1761884435.730000,479,1,2003,FALSE,FALSE,FALSE,FALSE,
1598,2025-10-31T09:50:37.884705,1922.4,2025-10-31T09:50:38.084431,199.7,1761884437.983000,472,2,"2005,2006",2025-10-31T09:50:38.085783,1.3,1761884436.932000,481,2,"2004,2005",TRUE,TRUE,FALSE,FALSE,"Multi-ICG:2005,2006;Multi-ECG:2004,2005"
1599,2025-10-31T09:50:39.087148,1923.6,2025-10-31T09:50:39.286640,199.5,1761884439.184000,471,1,2007,2025-10-31T09:50:39.288115,1.5,1761884438.135000,481,1,2006,FALSE,FALSE,FALSE,FALSE,
1600,2025-10-31T09:50:40.289257,1924.8,2025-10-31T09:50:40.488740,199.5,1761884440.386000,470,1,2008,2025-10-31T09:50:40.490475,1.7,1761884439.337000,480,1,2007,FALSE,FALSE,FALSE,FALSE,
1601,2025-10-31T09:50:41.491766,1926.0,2025-10-31T09:50:41.691260,199.5,1761884441.589000,470,1,2009,2025-10-31T09:50:41.696659,5.4,1761884440.539000,479,1,2008,FALSE,FALSE,FALSE,FALSE,
1602,2025-10-31T09:50:42.697988,1927.2,2025-10-31T09:50:42.893393,195.4,1761884442.791000,470,1,2010,2025-10-31T09:50:42.895214,1.8,1761884441.741000,479,1,2009,FALSE,FALSE,FALSE,FALSE,
1603,2025-10-31T09:50:43.896489,1928.4,2025-10-31T09:50:44.095505,199.0,1761884443.993000,471,2,"2011,2012",2025-10-31T09:50:44.096826,1.3,1761884442.942000,479,2,"2010,2011",TRUE,TRUE,FALSE,FALSE,"Multi-ICG:2011,2012;Multi-ECG:2010,2011"
1604,2025-10-31T09:50:45.098267,1929.6,2025-10-31T09:50:45.298228,200.0,1761884445.196000,469,1,2013,2025-10-31T09:50:45.299673,1.4,1761884444.147000,480,1,2012,FALSE,FALSE,FALSE,FALSE,
1605,2025-10-31T09:50:46.300839,1930.8,2025-10-31T09:50:46.501696,200.9,1761884446.399000,472,1,2014,2025-10-31T09:50:46.503317,1.6,1761884445.349000,479,1,2013,FALSE,FALSE,FALSE,FALSE,
1606,2025-10-31T09:50:47.504469,1932.0,2025-10-31T09:50:47.703294,198.8,1761884447.601000,471,1,2015,2025-10-31T09:50:47.704687,1.4,1761884446.551000,478,1,2014,FALSE,FALSE,FALSE,FALSE,
1607,2025-10-31T09:50:48.705861,1933.2,2025-10-31T09:50:48.906237,200.4,1761884448.804000,472,1,2016,2025-10-31T09:50:48.907759,1.5,1761884447.755000,480,1,2015,FALSE,FALSE,FALSE,FALSE,
1608,2025-10-31T09:50:49.908882,1934.4,2025-10-31T09:50:50.108021,199.1,1761884450.006000,474,2,"2017,2018",2025-10-31T09:50:50.109448,1.4,1761884448.957000,479,2,"2016,2017",TRUE,TRUE,FALSE,FALSE,"Multi-ICG:2017,2018;Multi-ECG:2016,2017"
1609,2025-10-31T09:50:51.110888,1935.6,2025-10-31T09:50:51.310446,199.6,1761884451.208000,471,1,2019,2025-10-31T09:50:51.311820,1.4,1761884450.159000,479,1,2018,FALSE,FALSE,FALSE,FALSE,
1610,2025-10-31T09:50:52.312968,1936.8,2025-10-31T09:50:52.512462,199.5,1761884452.410000,471,1,2020,2025-10-31T09:50:52.518430,6.0,1761884451.361000,480,1,2019,FALSE,FALSE,FALSE,FALSE,
1611,2025-10-31T09:50:53.519623,1938.0,2025-10-31T09:50:53.715769,196.1,1761884453.613000,470,1,2021,2025-10-31T09:50:53.717482,1.7,1761884452.563000,479,1,2020,FALSE,FALSE,FALSE,FALSE,
1612,2025-10-31T09:50:54.718820,1939.2,2025-10-31T09:50:54.918887,200.1,1761884454.816000,475,1,2022,2025-10-31T09:50:54.920425,1.5,1761884453.764000,479,1,2021,FALSE,FALSE,FALSE,FALSE,
1613,2025-10-31T09:50:55.921555,1940.4,2025-10-31T09:50:56.122322,200.8,1761884456.019000,473,2,"2023,2024",2025-10-31T09:50:56.123803,1.5,1761884454.966000,480,2,"2022,2023",TRUE,TRUE,FALSE,FALSE,"Multi-ICG:2023,2024;Multi-ECG:2022,2023"
1614,2025-10-31T09:50:57.125368,1941.6,2025-10-31T09:50:57.325583,200.2,1761884457.223000,471,1,2025,2025-10-31T09:50:57.327009,1.4,1761884456.168000,479,1,2024,FALSE,FALSE,FALSE,FALSE,
1615,2025-10-31T09:50:58.328154,1942.8,2025-10-31T09:50:58.528858,200.7,1761884458.426000,472,1,2026,2025-10-31T09:50:58.530417,1.6,1761884457.370000,479,1,2025,FALSE,FALSE,FALSE,FALSE,
1616,2025-10-31T09:50:59.531591,1944.0,2025-10-31T09:50:59.731137,199.5,1761884459.629000,473,1,2027,2025-10-31T09:50:59.732654,1.5,1761884458.571000,480,1,2026,FALSE,FALSE,FALSE,FALSE,
1617,2025-10-31T09:51:00.733855,1945.2,2025-10-31T09:51:00.933708,199.9,1761884460.831000,471,1,2028,2025-10-31T09:51:00.935148,1.4,1761884459.773000,480,1,2027,FALSE,FALSE,FALSE,FALSE,
1618,2025-10-31T09:51:01.936298,1946.4,2025-10-31T09:51:02.138003,201.7,1761884462.034000,474,2,"2029,2030",2025-10-31T09:51:02.139895,1.9,1761884460.975000,481,2,"2028,2029",TRUE,TRUE,FALSE,FALSE,"Multi-ICG:2029,2030;Multi-ECG:2028,2029"
1619,2025-10-31T09:51:03.141979,1947.6,2025-10-31T09:51:03.338592,196.6,1761884463.237000,471,1,2031,2025-10-31T09:51:03.344762,6.2,1761884462.177000,480,1,2030,FALSE,FALSE,FALSE,FALSE,
1620,2025-10-31T09:51:04.345959,1948.8,2025-10-31T09:51:04.540583,194.6,1761884464.439000,470,1,2032,2025-10-31T09:51:04.541912,1.3,1761884463.380000,478,1,2031,FALSE,FALSE,FALSE,FALSE,
1621,2025-10-31T09:51:05.543118,1950.0,2025-10-31T09:51:05.742734,199.6,1761884465.641000,471,1,2033,2025-10-31T09:51:05.744189,1.4,1761884464.581000,479,1,2032,FALSE,FALSE,FALSE,FALSE,
1622,2025-10-31T09:51:06.745355,1951.2,2025-10-31T09:51:06.945218,199.9,1761884466.843000,472,1,2034,2025-10-31T09:51:06.946771,1.5,1761884465.783000,480,1,2033,FALSE,FALSE,FALSE,FALSE,
1623,2025-10-31T09:51:07.947932,1952.4,2025-10-31T09:51:08.147390,199.5,1761884468.045000,472,2,"2035,2036",2025-10-31T09:51:08.148874,1.5,1761884466.985000,481,2,"2034,2035",TRUE,TRUE,FALSE,FALSE,"Multi-ICG:2035,2036;Multi-ECG:2034,2035"
1624,2025-10-31T09:51:09.150512,1953.6,2025-10-31T09:51:09.349132,198.6,1761884469.248000,471,1,2037,2025-10-31T09:51:09.350795,1.7,1761884468.187000,480,1,2036,FALSE,FALSE,FALSE,FALSE,
1625,2025-10-31T09:51:10.351981,1954.8,2025-10-31T09:51:10.551110,199.1,1761884470.449000,471,1,2038,2025-10-31T09:51:10.552438,1.3,1761884469.388000,480,1,2037,FALSE,FALSE,FALSE,FALSE,
1626,2025-10-31T09:51:11.553592,1956.0,2025-10-31T09:51:11.753706,200.1,1761884471.651000,470,1,2039,2025-10-31T09:51:11.755269,1.6,1761884470.591000,478,1,2038,FALSE,FALSE,FALSE,FALSE,
1627,2025-10-31T09:51:12.756414,1957.2,2025-10-31T09:51:12.956148,199.7,1761884472.854000,470,1,2040,2025-10-31T09:51:12.957667,1.5,1761884471.793000,477,1,2039,FALSE,FALSE,FALSE,FALSE,
1628,2025-10-31T09:51:13.958916,1958.4,2025-10-31T09:51:14.163051,204.1,1761884474.056000,471,2,"2041,2042",2025-10-31T09:51:14.164413,1.4,1761884472.995000,479,2,"2040,2041",TRUE,TRUE,FALSE,FALSE,"Multi-ICG:2041,2042;Multi-ECG:2040,2041"
1629,2025-10-31T09:51:15.165703,1959.6,2025-10-31T09:51:15.361735,196.0,1761884475.259000,470,1,2043,2025-10-31T09:51:15.363280,1.5,1761884474.197000,479,1,2042,FALSE,FALSE,FALSE,FALSE,
1630,2025-10-31T09:51:16.364412,1960.8,2025-10-31T09:51:16.563741,199.3,1761884476.462000,472,1,2044,2025-10-31T09:51:16.565408,1.7,1761884475.399000,480,1,2043,FALSE,FALSE,FALSE,FALSE,
1631,2025-10-31T09:51:17.566762,1962.0,2025-10-31T09:51:17.765607,198.8,1761884477.664000,471,1,2045,2025-10-31T09:51:17.767821,2.2,1761884476.601000,481,1,2044,FALSE,FALSE,FALSE,FALSE,
1632,2025-10-31T09:51:18.768970,1963.2,2025-10-31T09:51:18.967812,198.8,1761884478.865000,470,1,2046,2025-10-31T09:51:18.969335,1.5,1761884477.805000,480,1,2045,FALSE,FALSE,FALSE,FALSE,
1633,2025-10-31T09:51:19.970645,1964.4,2025-10-31T09:51:20.170281,199.6,1761884480.069000,474,2,"2047,2048",2025-10-31T09:51:20.171776,1.5,1761884479.008000,481,2,"2046,2047",TRUE,TRUE,FALSE,FALSE,"Multi-ICG:2047,2048;Multi-ECG:2046,2047"
1634,2025-10-31T09:51:21.173159,1965.6,2025-10-31T09:51:21.372402,199.2,1761884481.270000,471,1,2049,2025-10-31T09:51:21.373874,1.5,1761884480.210000,479,1,2048,FALSE,FALSE,FALSE,FALSE,
1635,2025-10-31T09:51:22.375157,1966.8,2025-10-31T09:51:22.575182,200.0,1761884482.473000,470,1,2050,2025-10-31T09:51:22.576719,1.5,1761884481.412000,480,1,2049,FALSE,FALSE,FALSE,FALSE,
1636,2025-10-31T09:51:23.577882,1968.0,2025-10-31T09:51:23.777407,199.5,1761884483.675000,470,1,2051,2025-10-31T09:51:23.778818,1.4,1761884482.614000,479,1,2050,FALSE,FALSE,FALSE,FALSE,
1637,2025-10-31T09:51:24.779967,1969.3,2025-10-31T09:51:24.984010,204.0,1761884484.878000,472,1,2052,2025-10-31T09:51:24.985525,1.5,1761884483.815000,479,1,2051,FALSE,FALSE,FALSE,FALSE,
1638,2025-10-31T09:51:25.986779,1970.5,2025-10-31T09:51:26.182005,195.2,1761884486.080000,472,2,"2053,2054",2025-10-31T09:51:26.183478,1.5,1761884485.017000,480,2,"2052,2053",TRUE,TRUE,FALSE,FALSE,"Multi-ICG:2053,2054;Multi-ECG:2052,2053"
1639,2025-10-31T09:51:27.185155,1971.7,2025-10-31T09:51:27.384117,199.0,1761884487.282000,471,1,2055,2025-10-31T09:51:27.385431,1.3,1761884486.219000,480,1,2054,FALSE,FALSE,FALSE,FALSE,
1640,2025-10-31T09:51:28.386667,1972.9,2025-10-31T09:51:28.588759,202.1,1761884488.485000,470,1,2056,2025-10-31T09:51:28.590363,1.6,1761884487.421000,480,1,2055,FALSE,FALSE,FALSE,FALSE,
1641,2025-10-31T09:51:29.591620,1974.1,2025-10-31T09:51:29.790582,199.0,1761884489.688000,472,1,2057,2025-10-31T09:51:29.792094,1.5,1761884488.623000,481,1,2056,FALSE,FALSE,FALSE,FALSE,
1642,2025-10-31T09:51:30.793343,1975.3,2025-10-31T09:51:30.992632,199.3,1761884490.891000,471,1,2058,2025-10-31T09:51:30.994051,1.4,1761884489.826000,480,1,2057,FALSE,FALSE,FALSE,FALSE,
1643,2025-10-31T09:51:31.995314,1976.5,2025-10-31T09:51:32.194922,199.6,1761884492.093000,471,2,"2059,2060",2025-10-31T09:51:32.196560,1.6,1761884491.028000,481,2,"2058,2059",TRUE,TRUE,FALSE,FALSE,"Multi-ICG:2059,2060;Multi-ECG:2058,2059"
1644,2025-10-31T09:51:33.198384,1977.7,2025-10-31T09:51:33.396769,198.4,1761884493.295000,474,1,2061,2025-10-31T09:51:33.399123,2.3,1761884492.230000,479,1,2060,FALSE,FALSE,FALSE,FALSE,
1645,2025-10-31T09:51:34.400628,1978.9,2025-10-31T09:51:34.599324,198.7,1761884494.497000,475,1,2062,2025-10-31T09:51:34.605122,5.8,1761884493.433000,480,1,2061,FALSE,FALSE,FALSE,FALSE,
1646,2025-10-31T09:51:35.606336,1980.1,2025-10-31T09:51:35.801215,194.9,1761884495.699000,472,1,2063,2025-10-31T09:51:35.802895,1.7,1761884494.635000,479,1,2062,FALSE,FALSE,FALSE,FALSE,
1647,2025-10-31T09:51:36.804100,1981.3,2025-10-31T09:51:37.003663,199.6,1761884496.902000,469,1,2064,2025-10-31T09:51:37.005047,1.4,1761884495.838000,479,1,2063,FALSE,FALSE,FALSE,FALSE,
1648,2025-10-31T09:51:38.006433,1982.5,2025-10-31T09:51:38.206075,199.6,1761884498.104000,472,2,"2065,2066",2025-10-31T09:51:38.207539,1.5,1761884497.042000,481,2,"2064,2065",TRUE,TRUE,FALSE,FALSE,"Multi-ICG:2065,2066;Multi-ECG:2064,2065"
1649,2025-10-31T09:51:39.209229,1983.7,2025-10-31T09:51:39.408179,199.0,1761884499.307000,469,1,2067,2025-10-31T09:51:39.409776,1.6,1761884498.244000,480,1,2066,FALSE,FALSE,FALSE,FALSE,
1650,2025-10-31T09:51:40.411095,1984.9,2025-10-31T09:51:40.611096,200.0,1761884500.509000,470,1,2068,2025-10-31T09:51:40.612454,1.3,1761884499.446000,479,1,2067,FALSE,FALSE,FALSE,FALSE,
1651,2025-10-31T09:51:41.613667,1986.1,2025-10-31T09:51:41.813102,199.4,1761884501.711000,469,1,2069,2025-10-31T09:51:41.814825,1.7,1761884500.649000,480,1,2068,FALSE,FALSE,FALSE,FALSE,
1652,2025-10-31T09:51:42.816534,1987.3,2025-10-31T09:51:43.015448,198.9,1761884502.914000,470,1,2070,2025-10-31T09:51:43.016931,1.5,1761884501.851000,478,1,2069,FALSE,FALSE,FALSE,FALSE,
1653,2025-10-31T09:51:44.018060,1988.5,2025-10-31T09:51:44.217831,199.8,1761884504.116000,474,2,"2071,2072",2025-10-31T09:51:44.219281,1.4,1761884503.053000,480,2,"2070,2071",TRUE,TRUE,FALSE,FALSE,"Multi-ICG:2071,2072;Multi-ECG:2070,2071"
1654,2025-10-31T09:51:45.220618,1989.7,2025-10-31T09:51:45.420299,199.7,1761884505.318000,470,1,2073,2025-10-31T09:51:45.426313,6.0,1761884504.256000,478,1,2072,FALSE,FALSE,FALSE,FALSE,
1655,2025-10-31T09:51:46.427459,1990.9,2025-10-31T09:51:46.622624,195.2,1761884506.521000,472,1,2074,2025-10-31T09:51:46.624110,1.5,1761884505.458000,479,1,2073,FALSE,FALSE,FALSE,FALSE,
1656,2025-10-31T09:51:47.625302,1992.1,2025-10-31T09:51:47.824938,199.6,1761884507.723000,471,1,2075,2025-10-31T09:51:47.826504,1.6,1761884506.660000,480,1,2074,FALSE,FALSE,FALSE,FALSE,
1657,2025-10-31T09:51:48.827658,1993.3,2025-10-31T09:51:49.027817,200.2,1761884508.926000,473,1,2076,2025-10-31T09:51:49.029661,1.8,1761884507.863000,480,1,2075,FALSE,FALSE,FALSE,FALSE,
1658,2025-10-31T09:51:50.030873,1994.5,2025-10-31T09:51:50.230388,199.5,1761884510.128000,471,2,"2077,2078",2025-10-31T09:51:50.231768,1.4,1761884509.065000,481,2,"2076,2077",TRUE,TRUE,FALSE,FALSE,"Multi-ICG:2077,2078;Multi-ECG:2076,2077"
1659,2025-10-31T09:51:51.233123,1995.7,2025-10-31T09:51:51.432308,199.2,1761884511.331000,471,1,2079,2025-10-31T09:51:51.433785,1.5,1761884510.268000,480,1,2078,FALSE,FALSE,FALSE,FALSE,
1660,2025-10-31T09:51:52.435022,1996.9,2025-10-31T09:51:52.634682,199.7,1761884512.533000,470,1,2080,2025-10-31T09:51:52.636174,1.5,1761884511.470000,477,1,2079,FALSE,FALSE,FALSE,FALSE,
1661,2025-10-31T09:51:53.637304,1998.1,2025-10-31T09:51:53.836731,199.4,1761884513.735000,472,1,2081,2025-10-31T09:51:53.838207,1.5,1761884512.672000,480,1,2080,FALSE,FALSE,FALSE,FALSE,
1662,2025-10-31T09:51:54.839370,1999.3,2025-10-31T09:51:55.038737,199.4,1761884514.937000,471,1,2082,2025-10-31T09:51:55.040187,1.4,1761884513.874000,480,1,2081,FALSE,FALSE,FALSE,FALSE,
1663,2025-10-31T09:51:56.041347,2000.5,2025-10-31T09:51:56.240299,199.0,1761884516.139000,473,2,"2083,2084",2025-10-31T09:51:56.246134,5.8,1761884515.076000,480,2,"2082,2083",TRUE,TRUE,FALSE,FALSE,"Multi-ICG:2083,2084;Multi-ECG:2082,2083"
1664,2025-10-31T09:51:57.247694,2001.7,2025-10-31T09:51:57.442292,194.6,1761884517.341000,470,1,2085,2025-10-31T09:51:57.443610,1.3,1761884516.277000,478,1,2084,FALSE,FALSE,FALSE,FALSE,
1665,2025-10-31T09:51:58.444744,2002.9,2025-10-31T09:51:58.644146,199.4,1761884518.543000,470,1,2086,2025-10-31T09:51:58.645620,1.5,1761884517.479000,479,1,2085,FALSE,FALSE,FALSE,FALSE,
1666,2025-10-31T09:51:59.646876,2004.1,2025-10-31T09:51:59.845825,198.9,1761884519.744000,471,1,2087,2025-10-31T09:51:59.847422,1.6,1761884518.681000,479,1,2086,FALSE,FALSE,FALSE,FALSE,
1667,2025-10-31T09:52:00.848587,2005.3,2025-10-31T09:52:01.047694,199.1,1761884520.946000,471,1,2088,2025-10-31T09:52:01.049016,1.3,1761884519.882000,480,1,2087,FALSE,FALSE,FALSE,FALSE,
1668,2025-10-31T09:52:02.050354,2006.5,2025-10-31T09:52:02.249565,199.2,1761884522.148000,472,2,"2089,2090",2025-10-31T09:52:02.251118,1.5,1761884521.084000,480,2,"2088,2089",TRUE,TRUE,FALSE,FALSE,"Multi-ICG:2089,2090;Multi-ECG:2088,2089"
1669,2025-10-31T09:52:03.252573,2007.7,2025-10-31T09:52:03.452580,200.0,1761884523.350000,470,1,2091,2025-10-31T09:52:03.454120,1.5,1761884522.286000,477,1,2090,FALSE,FALSE,FALSE,FALSE,
1670,2025-10-31T09:52:04.455368,2008.9,2025-10-31T09:52:04.654871,199.5,1761884524.552000,472,1,2092,2025-10-31T09:52:04.656488,1.6,1761884523.488000,479,1,2091,FALSE,FALSE,FALSE,FALSE,
1671,2025-10-31T09:52:05.657651,2010.1,2025-10-31T09:52:05.856684,199.0,1761884525.754000,471,1,2093,2025-10-31T09:52:05.858415,1.7,1761884524.689000,478,1,2092,FALSE,FALSE,FALSE,FALSE,
1672,2025-10-31T09:52:06.859835,2011.3,2025-10-31T09:52:07.065123,205.3,1761884526.957000,470,1,2094,2025-10-31T09:52:07.067319,2.2,1761884525.891000,480,1,2093,FALSE,FALSE,FALSE,FALSE,
1673,2025-10-31T09:52:08.069039,2012.5,2025-10-31T09:52:08.260424,191.4,1761884528.159000,471,2,"2095,2096",2025-10-31T09:52:08.261908,1.5,1761884527.093000,480,2,"2094,2095",TRUE,TRUE,FALSE,FALSE,"Multi-ICG:2095,2096;Multi-ECG:2094,2095"
1674,2025-10-31T09:52:09.263306,2013.7,2025-10-31T09:52:09.463071,199.8,1761884529.361000,471,1,2097,2025-10-31T09:52:09.464642,1.6,1761884528.295000,480,1,2096,FALSE,FALSE,FALSE,FALSE,
1675,2025-10-31T09:52:10.465747,2014.9,2025-10-31T09:52:10.666919,201.2,1761884530.564000,473,1,2098,2025-10-31T09:52:10.668439,1.5,1761884529.498000,480,1,2097,FALSE,FALSE,FALSE,FALSE,
1676,2025-10-31T09:52:11.669632,2016.1,2025-10-31T09:52:11.868876,199.2,1761884531.767000,472,1,2099,2025-10-31T09:52:11.870362,1.5,1761884530.699000,478,1,2098,FALSE,FALSE,FALSE,FALSE,
1677,2025-10-31T09:52:12.871481,2017.3,2025-10-31T09:52:13.070887,199.4,1761884532.969000,471,2,"2100,2101",2025-10-31T09:52:13.072364,1.5,1761884531.902000,480,1,2099,TRUE,FALSE,FALSE,FALSE,"Multi-ICG:2100,2101"
1678,2025-10-31T09:52:14.073665,2018.5,2025-10-31T09:52:14.272867,199.2,1761884534.171000,473,1,2102,2025-10-31T09:52:14.274275,1.4,1761884533.104000,480,2,"2100,2101",FALSE,TRUE,FALSE,FALSE,"Multi-ECG:2100,2101"
1679,2025-10-31T09:52:15.275772,2019.7,2025-10-31T09:52:15.474835,199.1,1761884535.373000,468,1,2103,2025-10-31T09:52:15.476299,1.5,1761884534.306000,479,1,2102,FALSE,FALSE,FALSE,FALSE,
1680,2025-10-31T09:52:16.477450,2020.9,2025-10-31T09:52:16.677343,199.9,1761884536.576000,469,1,2104,2025-10-31T09:52:16.678728,1.4,1761884535.510000,480,1,2103,FALSE,FALSE,FALSE,FALSE,
1681,2025-10-31T09:52:17.679840,2022.2,2025-10-31T09:52:17.884913,205.1,1761884537.778000,472,1,2105,2025-10-31T09:52:17.886479,1.6,1761884536.712000,480,1,2104,FALSE,FALSE,FALSE,FALSE,
1682,2025-10-31T09:52:18.887587,2023.4,2025-10-31T09:52:19.081755,194.2,1761884538.980000,472,2,"2106,2107",2025-10-31T09:52:19.083290,1.5,1761884537.915000,480,1,2105,TRUE,FALSE,FALSE,FALSE,"Multi-ICG:2106,2107"
1683,2025-10-31T09:52:20.084571,2024.6,2025-10-31T09:52:20.284785,200.2,1761884540.182000,472,1,2108,2025-10-31T09:52:20.286565,1.8,1761884539.117000,480,2,"2106,2107",FALSE,TRUE,FALSE,FALSE,"Multi-ECG:2106,2107"
1684,2025-10-31T09:52:21.288114,2025.8,2025-10-31T09:52:21.487020,198.9,1761884541.385000,469,1,2109,2025-10-31T09:52:21.488831,1.8,1761884540.319000,479,1,2108,FALSE,FALSE,FALSE,FALSE,
1685,2025-10-31T09:52:22.490280,2027.0,2025-10-31T09:52:22.688197,197.9,1761884542.587000,471,1,2110,2025-10-31T09:52:22.689850,1.6,1761884541.522000,479,1,2109,FALSE,FALSE,FALSE,FALSE,
1686,2025-10-31T09:52:23.691469,2028.2,2025-10-31T09:52:23.890531,199.1,1761884543.788000,471,1,2111,2025-10-31T09:52:23.891894,1.4,1761884542.724000,479,1,2110,FALSE,FALSE,FALSE,FALSE,
1687,2025-10-31T09:52:24.893043,2029.4,2025-10-31T09:52:25.093003,200.0,1761884544.991000,471,2,"2112,2113",2025-10-31T09:52:25.094521,1.5,1761884543.925000,479,1,2111,TRUE,FALSE,FALSE,FALSE,"Multi-ICG:2112,2113"
1688,2025-10-31T09:52:26.095768,2030.6,2025-10-31T09:52:26.295073,199.3,1761884546.193000,472,1,2114,2025-10-31T09:52:26.296572,1.5,1761884545.128000,480,2,"2112,2113",FALSE,TRUE,FALSE,FALSE,"Multi-ECG:2112,2113"
1689,2025-10-31T09:52:27.297855,2031.8,2025-10-31T09:52:27.497113,199.3,1761884547.395000,471,1,2115,2025-10-31T09:52:27.498568,1.4,1761884546.331000,477,1,2114,FALSE,FALSE,FALSE,FALSE,
1690,2025-10-31T09:52:28.499710,2033.0,2025-10-31T09:52:28.703434,203.7,1761884548.597000,470,1,2116,2025-10-31T09:52:28.704938,1.5,1761884547.534000,481,1,2115,FALSE,FALSE,FALSE,FALSE,
1691,2025-10-31T09:52:29.706122,2034.2,2025-10-31T09:52:29.901065,194.9,1761884549.800000,469,1,2117,2025-10-31T09:52:29.902490,1.4,1761884548.736000,480,1,2116,FALSE,FALSE,FALSE,FALSE,
1692,2025-10-31T09:52:30.903646,2035.4,2025-10-31T09:52:31.104284,200.6,1761884551.002000,472,2,"2118,2119",2025-10-31T09:52:31.105907,1.6,1761884549.938000,480,1,2117,TRUE,FALSE,FALSE,FALSE,"Multi-ICG:2118,2119"
1693,2025-10-31T09:52:32.107249,2036.6,2025-10-31T09:52:32.306465,199.2,1761884552.204000,472,1,2120,2025-10-31T09:52:32.307943,1.5,1761884551.140000,481,2,"2118,2119",FALSE,TRUE,FALSE,FALSE,"Multi-ECG:2118,2119"
1694,2025-10-31T09:52:33.309944,2037.8,2025-10-31T09:52:33.509423,199.5,1761884553.407000,471,1,2121,2025-10-31T09:52:33.511212,1.8,1761884552.343000,481,1,2120,FALSE,FALSE,FALSE,FALSE,
1695,2025-10-31T09:52:34.512673,2039.0,2025-10-31T09:52:34.710595,197.9,1761884554.608000,469,1,2122,2025-10-31T09:52:34.712157,1.6,1761884553.546000,481,1,2121,FALSE,FALSE,FALSE,FALSE,
1696,2025-10-31T09:52:35.713347,2040.2,2025-10-31T09:52:35.912867,199.5,1761884555.811000,472,1,2123,2025-10-31T09:52:35.914440,1.6,1761884554.750000,480,1,2122,FALSE,FALSE,FALSE,FALSE,
1697,2025-10-31T09:52:36.915598,2041.4,2025-10-31T09:52:37.115417,199.8,1761884557.013000,473,2,"2124,2125",2025-10-31T09:52:37.116729,1.3,1761884555.953000,479,1,2123,TRUE,FALSE,FALSE,FALSE,"Multi-ICG:2124,2125"
1698,2025-10-31T09:52:38.118359,2042.6,2025-10-31T09:52:38.317734,199.4,1761884558.215000,472,1,2126,2025-10-31T09:52:38.323457,5.7,1761884557.156000,481,2,"2124,2125",FALSE,TRUE,FALSE,FALSE,"Multi-ECG:2124,2125"
1699,2025-10-31T09:52:39.325051,2043.8,2025-10-31T09:52:39.519563,194.5,1761884559.418000,471,1,2127,2025-10-31T09:52:39.521039,1.5,1761884558.357000,477,1,2126,FALSE,FALSE,FALSE,FALSE,
1700,2025-10-31T09:52:40.522264,2045.0,2025-10-31T09:52:40.721821,199.6,1761884560.620000,470,1,2128,2025-10-31T09:52:40.723367,1.5,1761884559.559000,479,1,2127,FALSE,FALSE,FALSE,FALSE,
1701,2025-10-31T09:52:41.724613,2046.2,2025-10-31T09:52:41.924292,199.7,1761884561.822000,469,1,2129,2025-10-31T09:52:41.926341,2.0,1761884560.761000,479,1,2128,FALSE,FALSE,FALSE,FALSE,
1702,2025-10-31T09:52:42.927674,2047.4,2025-10-31T09:52:43.126601,198.9,1761884563.024000,469,2,"2130,2131",2025-10-31T09:52:43.127946,1.3,1761884561.963000,479,1,2129,TRUE,FALSE,FALSE,FALSE,"Multi-ICG:2130,2131"
1703,2025-10-31T09:52:44.129277,2048.6,2025-10-31T09:52:44.328696,199.4,1761884564.227000,472,1,2132,2025-10-31T09:52:44.330450,1.7,1761884563.165000,480,2,"2130,2131",FALSE,TRUE,FALSE,FALSE,"Multi-ECG:2130,2131"
1704,2025-10-31T09:52:45.331942,2049.8,2025-10-31T09:52:45.531383,199.4,1761884565.429000,470,1,2133,2025-10-31T09:52:45.532907,1.5,1761884564.366000,478,1,2132,FALSE,FALSE,FALSE,FALSE,
1705,2025-10-31T09:52:46.534164,2051.0,2025-10-31T09:52:46.734217,200.1,1761884566.632000,472,1,2134,2025-10-31T09:52:46.735788,1.6,1761884565.569000,478,1,2133,FALSE,FALSE,FALSE,FALSE,
1706,2025-10-31T09:52:47.736950,2052.2,2025-10-31T09:52:47.936873,199.9,1761884567.834000,468,1,2135,2025-10-31T09:52:47.938401,1.5,1761884566.771000,479,1,2134,FALSE,FALSE,FALSE,FALSE,
1707,2025-10-31T09:52:48.939526,2053.4,2025-10-31T09:52:49.138971,199.4,1761884569.037000,472,2,"2136,2137",2025-10-31T09:52:49.145101,6.1,1761884567.975000,480,1,2135,TRUE,FALSE,FALSE,FALSE,"Multi-ICG:2136,2137"
1708,2025-10-31T09:52:50.146688,2054.6,2025-10-31T09:52:50.342043,195.4,1761884570.240000,471,1,2138,2025-10-31T09:52:50.343964,1.9,1761884569.177000,479,2,"2136,2137",FALSE,TRUE,FALSE,FALSE,"Multi-ECG:2136,2137"
1709,2025-10-31T09:52:51.345896,2055.8,2025-10-31T09:52:51.544216,198.3,1761884571.442000,470,1,2139,2025-10-31T09:52:51.546381,2.2,1761884570.380000,479,1,2138,FALSE,FALSE,FALSE,FALSE,
1710,2025-10-31T09:52:52.547542,2057.0,2025-10-31T09:52:52.746922,199.4,1761884572.644000,473,1,2140,2025-10-31T09:52:52.748812,1.9,1761884571.582000,480,1,2139,FALSE,FALSE,FALSE,FALSE,
1711,2025-10-31T09:52:53.750168,2058.2,2025-10-31T09:52:53.948970,198.8,1761884573.847000,472,1,2141,2025-10-31T09:52:53.950376,1.4,1761884572.784000,479,1,2140,FALSE,FALSE,FALSE,FALSE,
1712,2025-10-31T09:52:54.951608,2059.4,2025-10-31T09:52:55.151007,199.4,1761884575.049000,470,2,"2142,2143",2025-10-31T09:52:55.152500,1.5,1761884573.986000,480,2,"2141,2142",TRUE,TRUE,FALSE,FALSE,"Multi-ICG:2142,2143;Multi-ECG:2141,2142"
1713,2025-10-31T09:52:56.154315,2060.6,2025-10-31T09:52:56.352658,198.3,1761884576.251000,470,1,2144,2025-10-31T09:52:56.354260,1.6,1761884575.188000,479,1,2143,FALSE,FALSE,FALSE,FALSE,
1714,2025-10-31T09:52:57.355485,2061.8,2025-10-31T09:52:57.554899,199.4,1761884577.453000,470,1,2145,2025-10-31T09:52:57.556474,1.6,1761884576.389000,480,1,2144,FALSE,FALSE,FALSE,FALSE,
1715,2025-10-31T09:52:58.557700,2063.0,2025-10-31T09:52:58.756527,198.8,1761884578.655000,470,1,2146,2025-10-31T09:52:58.758221,1.7,1761884577.592000,480,1,2145,FALSE,FALSE,FALSE,FALSE,
1716,2025-10-31T09:52:59.759511,2064.2,2025-10-31T09:52:59.962594,203.1,1761884579.856000,470,1,2147,2025-10-31T09:52:59.963992,1.4,1761884578.793000,480,1,2146,FALSE,FALSE,FALSE,FALSE,
1717,2025-10-31T09:53:00.965098,2065.4,2025-10-31T09:53:01.162107,197.0,1761884581.059000,472,2,"2148,2149",2025-10-31T09:53:01.164384,2.3,1761884579.995000,480,2,"2147,2148",TRUE,TRUE,FALSE,FALSE,"Multi-ICG:2148,2149;Multi-ECG:2147,2148"
1718,2025-10-31T09:53:02.166349,2066.6,2025-10-31T09:53:02.364640,198.3,1761884582.262000,472,1,2150,2025-10-31T09:53:02.366226,1.6,1761884581.196000,478,1,2149,FALSE,FALSE,FALSE,FALSE,
1719,2025-10-31T09:53:03.367382,2067.8,2025-10-31T09:53:03.568029,200.6,1761884583.465000,469,1,2151,2025-10-31T09:53:03.569385,1.3,1761884582.398000,480,1,2150,FALSE,FALSE,FALSE,FALSE,
1720,2025-10-31T09:53:04.570644,2069.0,2025-10-31T09:53:04.770785,200.1,1761884584.668000,470,1,2152,2025-10-31T09:53:04.772260,1.5,1761884583.600000,478,1,2151,FALSE,FALSE,FALSE,FALSE,
1721,2025-10-31T09:53:05.773446,2070.2,2025-10-31T09:53:05.972618,199.2,1761884585.870000,471,1,2153,2025-10-31T09:53:05.974222,1.6,1761884584.801000,479,1,2152,FALSE,FALSE,FALSE,FALSE,
1722,2025-10-31T09:53:06.975389,2071.4,2025-10-31T09:53:07.175604,200.2,1761884587.073000,471,2,"2154,2155",2025-10-31T09:53:07.177094,1.5,1761884586.004000,480,2,"2153,2154",TRUE,TRUE,FALSE,FALSE,"Multi-ICG:2154,2155;Multi-ECG:2153,2154"
1723,2025-10-31T09:53:08.178556,2072.7,2025-10-31T09:53:08.377690,199.1,1761884588.276000,469,1,2156,2025-10-31T09:53:08.379217,1.5,1761884587.207000,479,1,2155,FALSE,FALSE,FALSE,FALSE,
1724,2025-10-31T09:53:09.380389,2073.9,2025-10-31T09:53:09.580470,200.1,1761884589.478000,469,1,2157,2025-10-31T09:53:09.582741,2.3,1761884588.410000,480,1,2156,FALSE,FALSE,FALSE,FALSE,
1725,2025-10-31T09:53:10.584198,2075.1,2025-10-31T09:53:10.787452,203.3,1761884590.680000,471,1,2158,2025-10-31T09:53:10.788939,1.5,1761884589.613000,480,1,2157,FALSE,FALSE,FALSE,FALSE,
1726,2025-10-31T09:53:11.790142,2076.3,2025-10-31T09:53:11.984868,194.7,1761884591.883000,472,1,2159,2025-10-31T09:53:11.986708,2.1,1761884590.815000,480,1,2158,FALSE,FALSE,FALSE,FALSE,
1727,2025-10-31T09:53:12.988494,2077.5,2025-10-31T09:53:13.187600,199.1,1761884593.086000,473,2,"2160,2161",2025-10-31T09:53:13.189329,1.7,1761884592.017000,480,2,"2159,2160",TRUE,TRUE,FALSE,FALSE,"Multi-ICG:2160,2161;Multi-ECG:2159,2160"
1728,2025-10-31T09:53:14.190767,2078.7,2025-10-31T09:53:14.389782,199.0,1761884594.288000,472,1,2162,2025-10-31T09:53:14.391302,1.5,1761884593.219000,479,1,2161,FALSE,FALSE,FALSE,FALSE,
1729,2025-10-31T09:53:15.392479,2079.9,2025-10-31T09:53:15.591393,198.9,1761884595.490000,470,1,2163,2025-10-31T09:53:15.592875,1.5,1761884594.420000,478,1,2162,FALSE,FALSE,FALSE,FALSE,
1730,2025-10-31T09:53:16.593995,2081.1,2025-10-31T09:53:16.793499,199.5,1761884596.692000,470,1,2164,2025-10-31T09:53:16.794892,1.4,1761884595.623000,480,1,2163,FALSE,FALSE,FALSE,FALSE,
1731,2025-10-31T09:53:17.796055,2082.3,2025-10-31T09:53:17.995483,199.4,1761884597.894000,472,1,2165,2025-10-31T09:53:17.996954,1.5,1761884596.824000,478,1,2164,FALSE,FALSE,FALSE,FALSE,
1732,2025-10-31T09:53:18.998205,2083.5,2025-10-31T09:53:19.197078,198.9,1761884599.095000,470,2,"2166,2167",2025-10-31T09:53:19.198644,1.6,1761884598.026000,481,2,"2165,2166",TRUE,TRUE,FALSE,FALSE,"Multi-ICG:2166,2167;Multi-ECG:2165,2166"
1733,2025-10-31T09:53:20.200010,2084.7,2025-10-31T09:53:20.399081,199.1,1761884600.297000,470,1,2168,2025-10-31T09:53:20.400523,1.4,1761884599.228000,480,1,2167,FALSE,FALSE,FALSE,FALSE,
1734,2025-10-31T09:53:21.401690,2085.9,2025-10-31T09:53:21.605615,203.9,1761884601.499000,471,1,2169,2025-10-31T09:53:21.607200,1.6,1761884600.429000,479,1,2168,FALSE,FALSE,FALSE,FALSE,
1735,2025-10-31T09:53:22.608335,2087.1,2025-10-31T09:53:22.804476,196.1,1761884602.702000,468,1,2170,2025-10-31T09:53:22.806042,1.6,1761884601.632000,478,1,2169,FALSE,FALSE,FALSE,FALSE,
1736,2025-10-31T09:53:23.807213,2088.3,2025-10-31T09:53:24.007158,199.9,1761884603.905000,472,1,2171,2025-10-31T09:53:24.008613,1.4,1761884602.833000,478,1,2170,FALSE,FALSE,FALSE,FALSE,
1737,2025-10-31T09:53:25.009782,2089.5,2025-10-31T09:53:25.208804,199.0,1761884605.107000,474,2,"2172,2173",2025-10-31T09:53:25.210356,1.5,1761884604.035000,480,2,"2171,2172",TRUE,TRUE,FALSE,FALSE,"Multi-ICG:2172,2173;Multi-ECG:2171,2172"
1738,2025-10-31T09:53:26.212041,2090.7,2025-10-31T09:53:26.410928,198.9,1761884606.309000,472,1,2174,2025-10-31T09:53:26.412429,1.5,1761884605.238000,480,1,2173,FALSE,FALSE,FALSE,FALSE,
1739,2025-10-31T09:53:27.413687,2091.9,2025-10-31T09:53:27.612617,198.9,1761884607.511000,472,1,2175,2025-10-31T09:53:27.614260,1.6,1761884606.439000,479,1,2174,FALSE,FALSE,FALSE,FALSE,
1740,2025-10-31T09:53:28.615431,2093.1,2025-10-31T09:53:28.814389,199.0,1761884608.713000,470,1,2176,2025-10-31T09:53:28.815972,1.6,1761884607.641000,478,1,2175,FALSE,FALSE,FALSE,FALSE,
1741,2025-10-31T09:53:29.817203,2094.3,2025-10-31T09:53:30.016678,199.5,1761884609.914000,472,1,2177,2025-10-31T09:53:30.018138,1.4,1761884608.843000,480,1,2176,FALSE,FALSE,FALSE,FALSE,
1742,2025-10-31T09:53:31.019294,2095.5,2025-10-31T09:53:31.219038,199.7,1761884611.117000,473,2,"2178,2179",2025-10-31T09:53:31.225023,6.0,1761884610.045000,479,2,"2177,2178",TRUE,TRUE,FALSE,FALSE,"Multi-ICG:2178,2179;Multi-ECG:2177,2178"
1743,2025-10-31T09:53:32.226415,2096.7,2025-10-31T09:53:32.421339,194.9,1761884612.319000,470,1,2180,2025-10-31T09:53:32.422905,1.6,1761884611.247000,478,1,2179,FALSE,FALSE,FALSE,FALSE,
1744,2025-10-31T09:53:33.424096,2097.9,2025-10-31T09:53:33.623678,199.6,1761884613.522000,473,1,2181,2025-10-31T09:53:33.625140,1.5,1761884612.449000,480,1,2180,FALSE,FALSE,FALSE,FALSE,
1745,2025-10-31T09:53:34.626412,2099.1,2025-10-31T09:53:34.826875,200.5,1761884614.724000,470,1,2182,2025-10-31T09:53:34.828375,1.5,1761884613.650000,480,1,2181,FALSE,FALSE,FALSE,FALSE,
1746,2025-10-31T09:53:35.829516,2100.3,2025-10-31T09:53:36.029080,199.6,1761884615.927000,468,1,2183,2025-10-31T09:53:36.031143,2.1,1761884614.852000,479,1,2182,FALSE,FALSE,FALSE,FALSE,
1747,2025-10-31T09:53:37.032305,2101.5,2025-10-31T09:53:37.232054,199.7,1761884617.130000,473,2,"2184,2185",2025-10-31T09:53:37.233521,1.5,1761884616.054000,480,2,"2183,2184",TRUE,TRUE,FALSE,FALSE,"Multi-ICG:2184,2185;Multi-ECG:2183,2184"
1748,2025-10-31T09:53:38.235220,2102.7,2025-10-31T09:53:38.434014,198.8,1761884618.332000,469,1,2186,2025-10-31T09:53:38.435499,1.5,1761884617.255000,477,1,2185,FALSE,FALSE,FALSE,FALSE,
1749,2025-10-31T09:53:39.436610,2103.9,2025-10-31T09:53:39.637337,200.7,1761884619.535000,470,1,2187,2025-10-31T09:53:39.638920,1.6,1761884618.457000,478,1,2186,FALSE,FALSE,FALSE,FALSE,
1750,2025-10-31T09:53:40.640184,2105.1,2025-10-31T09:53:40.839522,199.3,1761884620.738000,469,1,2188,2025-10-31T09:53:40.841015,1.5,1761884619.659000,479,1,2187,FALSE,FALSE,FALSE,FALSE,
1751,2025-10-31T09:53:41.842303,2106.3,2025-10-31T09:53:42.041610,199.3,1761884621.940000,471,1,2189,2025-10-31T09:53:42.047321,5.7,1761884620.861000,478,1,2188,FALSE,FALSE,FALSE,FALSE,
1752,2025-10-31T09:53:43.048617,2107.5,2025-10-31T09:53:43.244014,195.4,1761884623.142000,472,2,"2190,2191",2025-10-31T09:53:43.245358,1.3,1761884622.063000,481,2,"2189,2190",TRUE,TRUE,FALSE,FALSE,"Multi-ICG:2190,2191;Multi-ECG:2189,2190"
1753,2025-10-31T09:53:44.246972,2108.7,2025-10-31T09:53:44.446774,199.8,1761884624.344000,469,1,2192,2025-10-31T09:53:44.448758,2.0,1761884623.264000,479,1,2191,FALSE,FALSE,FALSE,FALSE,
1754,2025-10-31T09:53:45.450225,2109.9,2025-10-31T09:53:45.648159,197.9,1761884625.546000,469,1,2193,2025-10-31T09:53:45.649737,1.6,1761884624.467000,480,1,2192,FALSE,FALSE,FALSE,FALSE,
1755,2025-10-31T09:53:46.651033,2111.1,2025-10-31T09:53:46.850650,199.6,1761884626.749000,471,1,2194,2025-10-31T09:53:46.851964,1.3,1761884625.669000,478,1,2193,FALSE,FALSE,FALSE,FALSE,
1756,2025-10-31T09:53:47.853249,2112.3,2025-10-31T09:53:48.053831,200.6,1761884627.951000,470,1,2195,2025-10-31T09:53:48.055462,1.6,1761884626.870000,480,1,2194,FALSE,FALSE,FALSE,FALSE,
1757,2025-10-31T09:53:49.056598,2113.5,2025-10-31T09:53:49.256201,199.6,1761884629.154000,474,2,"2196,2197",2025-10-31T09:53:49.257734,1.5,1761884628.072000,480,2,"2195,2196",TRUE,TRUE,FALSE,FALSE,"Multi-ICG:2196,2197;Multi-ECG:2195,2196"
1758,2025-10-31T09:53:50.259251,2114.7,2025-10-31T09:53:50.458714,199.5,1761884630.356000,470,1,2198,2025-10-31T09:53:50.460110,1.4,1761884629.274000,478,1,2197,FALSE,FALSE,FALSE,FALSE,
1759,2025-10-31T09:53:51.461387,2115.9,2025-10-31T09:53:51.661292,199.9,1761884631.559000,470,1,2199,2025-10-31T09:53:51.662972,1.7,1761884630.476000,480,1,2198,FALSE,FALSE,FALSE,FALSE,
1760,2025-10-31T09:53:52.664145,2117.1,2025-10-31T09:53:52.868486,204.3,1761884632.762000,472,1,2200,2025-10-31T09:53:52.869902,1.4,1761884631.677000,479,1,2199,FALSE,FALSE,FALSE,FALSE,
1761,2025-10-31T09:53:53.871103,2118.3,2025-10-31T09:53:54.066751,195.6,1761884633.964000,471,1,2201,2025-10-31T09:53:54.068250,1.5,1761884632.879000,479,1,2200,FALSE,FALSE,FALSE,FALSE,
1762,2025-10-31T09:53:55.069523,2119.5,2025-10-31T09:53:55.268781,199.3,1761884635.167000,473,2,"2202,2203",2025-10-31T09:53:55.270415,1.6,1761884634.081000,480,2,"2201,2202",TRUE,TRUE,FALSE,FALSE,"Multi-ICG:2202,2203;Multi-ECG:2201,2202"
1763,2025-10-31T09:53:56.271727,2120.7,2025-10-31T09:53:56.471194,199.5,1761884636.369000,469,1,2204,2025-10-31T09:53:56.472596,1.4,1761884635.282000,479,1,2203,FALSE,FALSE,FALSE,FALSE,
1764,2025-10-31T09:53:57.473807,2121.9,2025-10-31T09:53:57.673630,199.8,1761884637.571000,470,1,2205,2025-10-31T09:53:57.675393,1.8,1761884636.484000,479,1,2204,FALSE,FALSE,FALSE,FALSE,
1765,2025-10-31T09:53:58.676820,2123.1,2025-10-31T09:53:58.876202,199.4,1761884638.774000,472,1,2206,2025-10-31T09:53:58.877887,1.7,1761884637.686000,480,1,2205,FALSE,FALSE,FALSE,FALSE,
1766,2025-10-31T09:53:59.879215,2124.4,2025-10-31T09:54:00.079126,199.9,1761884639.976000,471,1,2207,2025-10-31T09:54:00.080515,1.4,1761884638.888000,478,1,2206,FALSE,FALSE,FALSE,FALSE,
1767,2025-10-31T09:54:01.081736,2125.6,2025-10-31T09:54:01.281783,200.0,1761884641.179000,472,2,"2208,2209",2025-10-31T09:54:01.283396,1.6,1761884640.090000,480,2,"2207,2208",TRUE,TRUE,FALSE,FALSE,"Multi-ICG:2208,2209;Multi-ECG:2207,2208"
1768,2025-10-31T09:54:02.284799,2126.8,2025-10-31T09:54:02.484945,200.1,1761884642.383000,469,1,2210,2025-10-31T09:54:02.486702,1.8,1761884641.292000,479,1,2209,FALSE,FALSE,FALSE,FALSE,
1769,2025-10-31T09:54:03.487956,2128.0,2025-10-31T09:54:03.691413,203.5,1761884643.585000,469,1,2211,2025-10-31T09:54:03.692856,1.4,1761884642.494000,480,1,2210,FALSE,FALSE,FALSE,FALSE,
1770,2025-10-31T09:54:04.694245,2129.2,2025-10-31T09:54:04.889655,195.4,1761884644.787000,469,1,2212,2025-10-31T09:54:04.891239,1.6,1761884643.697000,481,1,2211,FALSE,FALSE,FALSE,FALSE,
1771,2025-10-31T09:54:05.892379,2130.4,2025-10-31T09:54:06.092334,200.0,1761884645.990000,471,1,2213,2025-10-31T09:54:06.093723,1.4,1761884644.899000,479,1,2212,FALSE,FALSE,FALSE,FALSE,
1772,2025-10-31T09:54:07.094955,2131.6,2025-10-31T09:54:07.294954,200.0,1761884647.192000,473,2,"2214,2215",2025-10-31T09:54:07.296413,1.4,1761884646.101000,480,2,"2213,2214",TRUE,TRUE,FALSE,FALSE,"Multi-ICG:2214,2215;Multi-ECG:2213,2214"
1773,2025-10-31T09:54:08.297746,2132.8,2025-10-31T09:54:08.496863,199.1,1761884648.395000,470,1,2216,2025-10-31T09:54:08.498427,1.6,1761884647.305000,480,1,2215,FALSE,FALSE,FALSE,FALSE,
1774,2025-10-31T09:54:09.499531,2134.0,2025-10-31T09:54:09.699293,199.8,1761884649.597000,472,1,2217,2025-10-31T09:54:09.700659,1.4,1761884648.507000,480,1,2216,FALSE,FALSE,FALSE,FALSE,
1775,2025-10-31T09:54:10.701807,2135.2,2025-10-31T09:54:10.901463,199.7,1761884650.799000,472,1,2218,2025-10-31T09:54:10.903464,2.0,1761884649.709000,479,1,2217,FALSE,FALSE,FALSE,FALSE,
1776,2025-10-31T09:54:11.904592,2136.4,2025-10-31T09:54:12.103850,199.3,1761884652.002000,471,1,2219,2025-10-31T09:54:12.105657,1.8,1761884650.912000,480,1,2218,FALSE,FALSE,FALSE,FALSE,
1777,2025-10-31T09:54:13.107019,2137.6,2025-10-31T09:54:13.306301,199.3,1761884653.204000,472,2,"2220,2221",2025-10-31T09:54:13.307934,1.6,1761884652.114000,479,2,"2219,2220",TRUE,TRUE,FALSE,FALSE,"Multi-ICG:2220,2221;Multi-ECG:2219,2220"
1778,2025-10-31T09:54:14.309545,2138.8,2025-10-31T09:54:14.512456,202.9,1761884654.407000,471,1,2222,2025-10-31T09:54:14.513986,1.5,1761884653.315000,480,1,2221,FALSE,FALSE,FALSE,FALSE,
1779,2025-10-31T09:54:15.515100,2140.0,2025-10-31T09:54:15.709686,194.6,1761884655.608000,471,1,2223,2025-10-31T09:54:15.711246,1.5,1761884654.517000,479,1,2222,FALSE,FALSE,FALSE,FALSE,
1780,2025-10-31T09:54:16.712367,2141.2,2025-10-31T09:54:16.911740,199.4,1761884656.810000,473,1,2224,2025-10-31T09:54:16.913050,1.3,1761884655.719000,478,1,2223,FALSE,FALSE,FALSE,FALSE,
1781,2025-10-31T09:54:17.914216,2142.4,2025-10-31T09:54:18.114442,200.2,1761884658.012000,473,1,2225,2025-10-31T09:54:18.115924,1.5,1761884656.921000,478,1,2224,FALSE,FALSE,FALSE,FALSE,
1782,2025-10-31T09:54:19.117077,2143.6,2025-10-31T09:54:19.316696,199.6,1761884659.215000,473,2,"2226,2227",2025-10-31T09:54:19.318129,1.4,1761884658.123000,480,2,"2225,2226",TRUE,TRUE,FALSE,FALSE,"Multi-ICG:2226,2227;Multi-ECG:2225,2226"
1783,2025-10-31T09:54:20.319543,2144.8,2025-10-31T09:54:20.519202,199.7,1761884660.417000,469,1,2228,2025-10-31T09:54:20.520678,1.5,1761884659.326000,480,1,2227,FALSE,FALSE,FALSE,FALSE,
1784,2025-10-31T09:54:21.521806,2146.0,2025-10-31T09:54:21.720301,198.5,1761884661.619000,471,1,2229,2025-10-31T09:54:21.722014,1.7,1761884660.528000,478,1,2228,FALSE,FALSE,FALSE,FALSE,
1785,2025-10-31T09:54:22.723753,2147.2,2025-10-31T09:54:22.924106,200.4,1761884662.822000,473,1,2230,2025-10-31T09:54:22.925616,1.5,1761884661.729000,480,1,2229,FALSE,FALSE,FALSE,FALSE,
1786,2025-10-31T09:54:23.927205,2148.4,2025-10-31T09:54:24.126556,199.4,1761884664.025000,472,2,"2231,2232",2025-10-31T09:54:24.132282,5.7,1761884662.931000,479,1,2230,TRUE,FALSE,FALSE,FALSE,"Multi-ICG:2231,2232"
1787,2025-10-31T09:54:25.133575,2149.6,2025-10-31T09:54:25.328186,194.6,1761884665.227000,471,1,2233,2025-10-31T09:54:25.329730,1.5,1761884664.134000,480,2,"2231,2232",FALSE,TRUE,FALSE,FALSE,"Multi-ECG:2231,2232"
1788,2025-10-31T09:54:26.331361,2150.8,2025-10-31T09:54:26.530328,199.0,1761884666.428000,470,1,2234,2025-10-31T09:54:26.531685,1.3,1761884665.335000,479,1,2233,FALSE,FALSE,FALSE,FALSE,
1789,2025-10-31T09:54:27.532846,2152.0,2025-10-31T09:54:27.732948,200.1,1761884667.631000,471,1,2235,2025-10-31T09:54:27.734534,1.6,1761884666.537000,481,1,2234,FALSE,FALSE,FALSE,FALSE,
1790,2025-10-31T09:54:28.735728,2153.2,2025-10-31T09:54:28.934880,199.2,1761884668.833000,472,1,2236,2025-10-31T09:54:28.936397,1.5,1761884667.739000,481,1,2235,FALSE,FALSE,FALSE,FALSE,
1791,2025-10-31T09:54:29.937594,2154.4,2025-10-31T09:54:30.137004,199.4,1761884670.035000,470,2,"2237,2238",2025-10-31T09:54:30.138396,1.4,1761884668.941000,480,1,2236,TRUE,FALSE,FALSE,FALSE,"Multi-ICG:2237,2238"
1792,2025-10-31T09:54:31.139627,2155.6,2025-10-31T09:54:31.339010,199.4,1761884671.237000,471,1,2239,2025-10-31T09:54:31.340446,1.4,1761884670.142000,480,2,"2237,2238",FALSE,TRUE,FALSE,FALSE,"Multi-ECG:2237,2238"
1793,2025-10-31T09:54:32.342017,2156.8,2025-10-31T09:54:32.540726,198.7,1761884672.439000,469,1,2240,2025-10-31T09:54:32.542406,1.7,1761884671.344000,477,1,2239,FALSE,FALSE,FALSE,FALSE,
1794,2025-10-31T09:54:33.543659,2158.0,2025-10-31T09:54:33.744178,200.5,1761884673.642000,469,1,2241,2025-10-31T09:54:33.745656,1.5,1761884672.546000,479,1,2240,FALSE,FALSE,FALSE,FALSE,
1795,2025-10-31T09:54:34.746964,2159.2,2025-10-31T09:54:34.947092,200.1,1761884674.844000,469,1,2242,2025-10-31T09:54:34.953251,6.2,1761884673.748000,479,1,2241,FALSE,FALSE,FALSE,FALSE,
1796,2025-10-31T09:54:35.954567,2160.4,2025-10-31T09:54:36.149329,194.8,1761884676.047000,473,2,"2243,2244",2025-10-31T09:54:36.150757,1.4,1761884674.951000,479,1,2242,TRUE,FALSE,FALSE,FALSE,"Multi-ICG:2243,2244"
1797,2025-10-31T09:54:37.152003,2161.6,2025-10-31T09:54:37.352508,200.5,1761884677.250000,470,1,2245,2025-10-31T09:54:37.354146,1.6,1761884676.152000,481,2,"2243,2244",FALSE,TRUE,FALSE,FALSE,"Multi-ECG:2243,2244"
1798,2025-10-31T09:54:38.355500,2162.8,2025-10-31T09:54:38.554512,199.0,1761884678.452000,470,1,2246,2025-10-31T09:54:38.556040,1.5,1761884677.355000,480,1,2245,FALSE,FALSE,FALSE,FALSE,
1799,2025-10-31T09:54:39.557224,2164.0,2025-10-31T09:54:39.756969,199.7,1761884679.655000,471,1,2247,2025-10-31T09:54:39.758432,1.5,1761884678.557000,478,1,2246,FALSE,FALSE,FALSE,FALSE,
1800,2025-10-31T09:54:40.759574,2165.2,2025-10-31T09:54:40.959482,199.9,1761884680.858000,470,1,2248,2025-10-31T09:54:40.961078,1.6,1761884679.759000,480,1,2247,FALSE,FALSE,FALSE,FALSE,
1801,2025-10-31T09:54:41.962378,2166.4,2025-10-31T09:54:42.162076,199.7,1761884682.060000,472,2,"2249,2250",2025-10-31T09:54:42.163940,1.9,1761884680.961000,481,1,2248,TRUE,FALSE,FALSE,FALSE,"Multi-ICG:2249,2250"
1802,2025-10-31T09:54:43.165584,2167.6,2025-10-31T09:54:43.364056,198.5,1761884683.262000,471,1,2251,2025-10-31T09:54:43.365383,1.3,1761884682.164000,482,2,"2249,2250",FALSE,TRUE,FALSE,FALSE,"Multi-ECG:2249,2250"
1803,2025-10-31T09:54:44.366842,2168.8,2025-10-31T09:54:44.566194,199.4,1761884684.464000,470,1,2252,2025-10-31T09:54:44.567725,1.5,1761884683.367000,481,1,2251,FALSE,FALSE,FALSE,FALSE,
1804,2025-10-31T09:54:45.568845,2170.0,2025-10-31T09:54:45.767948,199.1,1761884685.666000,471,1,2253,2025-10-31T09:54:45.774581,6.6,1761884684.570000,480,1,2252,FALSE,FALSE,FALSE,FALSE,
1805,2025-10-31T09:54:46.775833,2171.2,2025-10-31T09:54:46.969884,194.1,1761884686.868000,473,1,2254,2025-10-31T09:54:46.971410,1.5,1761884685.773000,480,1,2253,FALSE,FALSE,FALSE,FALSE,
1806,2025-10-31T09:54:47.972561,2172.4,2025-10-31T09:54:48.172127,199.6,1761884688.070000,471,2,"2255,2256",2025-10-31T09:54:48.173638,1.5,1761884686.974000,479,1,2254,TRUE,FALSE,FALSE,FALSE,"Multi-ICG:2255,2256"
1807,2025-10-31T09:54:49.175281,2173.6,2025-10-31T09:54:49.373807,198.5,1761884689.272000,468,1,2257,2025-10-31T09:54:49.375200,1.4,1761884688.177000,480,2,"2255,2256",FALSE,TRUE,FALSE,FALSE,"Multi-ECG:2255,2256"
1808,2025-10-31T09:54:50.376452,2174.8,2025-10-31T09:54:50.575654,199.2,1761884690.474000,469,1,2258,2025-10-31T09:54:50.577205,1.5,1761884689.379000,479,1,2257,FALSE,FALSE,FALSE,FALSE,
1809,2025-10-31T09:54:51.578398,2176.1,2025-10-31T09:54:51.777244,198.8,1761884691.675000,468,1,2259,2025-10-31T09:54:51.778780,1.5,1761884690.581000,479,1,2258,FALSE,FALSE,FALSE,FALSE,
1810,2025-10-31T09:54:52.779918,2177.3,2025-10-31T09:54:52.979362,199.4,1761884692.878000,470,1,2260,2025-10-31T09:54:52.980743,1.4,1761884691.784000,479,1,2259,FALSE,FALSE,FALSE,FALSE,
1811,2025-10-31T09:54:53.981912,2178.5,2025-10-31T09:54:54.181359,199.4,1761884694.079000,471,2,"2261,2262",2025-10-31T09:54:54.182898,1.5,1761884692.986000,478,1,2260,TRUE,FALSE,FALSE,FALSE,"Multi-ICG:2261,2262"
1812,2025-10-31T09:54:55.184449,2179.7,2025-10-31T09:54:55.383233,198.8,1761884695.281000,469,1,2263,2025-10-31T09:54:55.384731,1.5,1761884694.188000,479,2,"2261,2262",FALSE,TRUE,FALSE,FALSE,"Multi-ECG:2261,2262"
1813,2025-10-31T09:54:56.386359,2180.9,2025-10-31T09:54:56.589896,203.5,1761884696.483000,470,1,2264,2025-10-31T09:54:56.591336,1.4,1761884695.391000,480,1,2263,FALSE,FALSE,FALSE,FALSE,
1814,2025-10-31T09:54:57.592477,2182.1,2025-10-31T09:54:57.787614,195.1,1761884697.686000,469,1,2265,2025-10-31T09:54:57.789108,1.5,1761884696.593000,480,1,2264,FALSE,FALSE,FALSE,FALSE,
1815,2025-10-31T09:54:58.790283,2183.3,2025-10-31T09:54:58.989628,199.3,1761884698.887000,471,1,2266,2025-10-31T09:54:58.991214,1.6,1761884697.794000,480,1,2265,FALSE,FALSE,FALSE,FALSE,
1816,2025-10-31T09:54:59.992450,2184.5,2025-10-31T09:55:00.192087,199.6,1761884700.090000,471,2,"2267,2268",2025-10-31T09:55:00.193571,1.5,1761884698.996000,479,1,2266,TRUE,FALSE,FALSE,FALSE,"Multi-ICG:2267,2268"
1817,2025-10-31T09:55:01.195174,2185.7,2025-10-31T09:55:01.394195,199.0,1761884701.292000,472,1,2269,2025-10-31T09:55:01.395675,1.5,1761884700.198000,480,2,"2267,2268",FALSE,TRUE,FALSE,FALSE,"Multi-ECG:2267,2268"
1818,2025-10-31T09:55:02.397224,2186.9,2025-10-31T09:55:02.596539,199.3,1761884702.494000,470,1,2270,2025-10-31T09:55:02.598136,1.6,1761884701.400000,478,1,2269,FALSE,FALSE,FALSE,FALSE,
1819,2025-10-31T09:55:03.599376,2188.1,2025-10-31T09:55:03.798085,198.7,1761884703.697000,471,1,2271,2025-10-31T09:55:03.799532,1.4,1761884702.602000,478,1,2270,FALSE,FALSE,FALSE,FALSE,
1820,2025-10-31T09:55:04.800669,2189.3,2025-10-31T09:55:04.999708,199.0,1761884704.898000,469,1,2272,2025-10-31T09:55:05.001270,1.5,1761884703.804000,480,1,2271,FALSE,FALSE,FALSE,FALSE,
1821,2025-10-31T09:55:06.002474,2190.5,2025-10-31T09:55:06.202317,199.8,1761884706.100000,474,2,"2273,2274",2025-10-31T09:55:06.203641,1.3,1761884705.006000,480,1,2272,TRUE,FALSE,FALSE,FALSE,"Multi-ICG:2273,2274"
1822,2025-10-31T09:55:07.204907,2191.7,2025-10-31T09:55:07.409039,204.1,1761884707.302000,472,1,2275,2025-10-31T09:55:07.410703,1.7,1761884706.207000,481,2,"2273,2274",FALSE,TRUE,FALSE,FALSE,"Multi-ECG:2273,2274"
1823,2025-10-31T09:55:08.412312,2192.9,2025-10-31T09:55:08.607202,194.9,1761884708.506000,470,1,2276,2025-10-31T09:55:08.609072,1.9,1761884707.410000,480,1,2275,FALSE,FALSE,FALSE,FALSE,
1824,2025-10-31T09:55:09.610562,2194.1,2025-10-31T09:55:09.809189,198.6,1761884709.707000,470,1,2277,2025-10-31T09:55:09.810648,1.4,1761884708.612000,480,1,2276,FALSE,FALSE,FALSE,FALSE,
1825,2025-10-31T09:55:10.811943,2195.3,2025-10-31T09:55:11.012400,200.5,1761884710.910000,471,1,2278,2025-10-31T09:55:11.014109,1.9,1761884709.814000,480,1,2277,FALSE,FALSE,FALSE,FALSE,
1826,2025-10-31T09:55:12.015596,2196.5,2025-10-31T09:55:12.215200,199.6,1761884712.113000,473,2,"2279,2280",2025-10-31T09:55:12.217155,1.9,1761884711.017000,480,1,2278,TRUE,FALSE,FALSE,FALSE,"Multi-ICG:2279,2280"
1827,2025-10-31T09:55:13.218891,2197.7,2025-10-31T09:55:13.416710,197.8,1761884713.315000,471,1,2281,2025-10-31T09:55:13.418326,1.6,1761884712.219000,481,2,"2279,2280",FALSE,TRUE,FALSE,FALSE,"Multi-ECG:2279,2280"
1828,2025-10-31T09:55:14.419743,2198.9,2025-10-31T09:55:14.618679,198.9,1761884714.517000,471,1,2282,2025-10-31T09:55:14.620146,1.5,1761884713.421000,480,1,2281,FALSE,FALSE,FALSE,FALSE,
1829,2025-10-31T09:55:15.621377,2200.1,2025-10-31T09:55:15.820612,199.2,1761884715.719000,470,1,2283,2025-10-31T09:55:15.822039,1.4,1761884714.623000,481,1,2282,FALSE,FALSE,FALSE,FALSE,
1830,2025-10-31T09:55:16.823305,2201.3,2025-10-31T09:55:17.022603,199.3,1761884716.920000,472,1,2284,2025-10-31T09:55:17.028958,6.4,1761884715.825000,479,1,2283,FALSE,FALSE,FALSE,FALSE,
1831,2025-10-31T09:55:18.030163,2202.5,2025-10-31T09:55:18.224618,194.5,1761884718.122000,472,2,"2285,2286",2025-10-31T09:55:18.226347,1.7,1761884717.027000,478,1,2284,TRUE,FALSE,FALSE,FALSE,"Multi-ICG:2285,2286"
1832,2025-10-31T09:55:19.227836,2203.7,2025-10-31T09:55:19.427094,199.3,1761884719.325000,473,1,2287,2025-10-31T09:55:19.428503,1.4,1761884718.229000,480,2,"2285,2286",FALSE,TRUE,FALSE,FALSE,"Multi-ECG:2285,2286"
1833,2025-10-31T09:55:20.429986,2204.9,2025-10-31T09:55:20.629461,199.5,1761884720.527000,470,1,2288,2025-10-31T09:55:20.631582,2.1,1761884719.431000,480,1,2287,FALSE,FALSE,FALSE,FALSE,
1834,2025-10-31T09:55:21.632686,2206.1,2025-10-31T09:55:21.831725,199.0,1761884721.730000,472,1,2289,2025-10-31T09:55:21.833682,1.9,1761884720.633000,480,1,2288,FALSE,FALSE,FALSE,FALSE,
1835,2025-10-31T09:55:22.835074,2207.3,2025-10-31T09:55:23.034520,199.4,1761884722.932000,471,1,2290,2025-10-31T09:55:23.036292,1.8,1761884721.836000,480,1,2289,FALSE,FALSE,FALSE,FALSE,
1836,2025-10-31T09:55:24.037441,2208.5,2025-10-31T09:55:24.237454,200.0,1761884724.135000,470,2,"2291,2292",2025-10-31T09:55:24.239752,2.3,1761884723.038000,481,1,2290,TRUE,FALSE,FALSE,FALSE,"Multi-ICG:2291,2292"
1837,2025-10-31T09:55:25.241187,2209.7,2025-10-31T09:55:25.439144,198.0,1761884725.337000,472,1,2293,2025-10-31T09:55:25.440795,1.6,1761884724.241000,481,2,"2291,2292",FALSE,TRUE,FALSE,FALSE,"Multi-ECG:2291,2292"
1838,2025-10-31T09:55:26.442158,2210.9,2025-10-31T09:55:26.640949,198.8,1761884726.539000,469,1,2294,2025-10-31T09:55:26.642571,1.6,1761884725.443000,478,1,2293,FALSE,FALSE,FALSE,FALSE,
1839,2025-10-31T09:55:27.643854,2212.1,2025-10-31T09:55:27.842809,199.0,1761884727.741000,469,1,2295,2025-10-31T09:55:27.849310,6.5,1761884726.645000,478,1,2294,FALSE,FALSE,FALSE,FALSE,
1840,2025-10-31T09:55:28.850534,2213.3,2025-10-31T09:55:29.045240,194.7,1761884728.943000,470,1,2296,2025-10-31T09:55:29.047246,2.0,1761884727.847000,481,1,2295,FALSE,FALSE,FALSE,FALSE,
1841,2025-10-31T09:55:30.048563,2214.5,2025-10-31T09:55:30.248265,199.7,1761884730.146000,471,2,"2297,2298",2025-10-31T09:55:30.249739,1.5,1761884729.049000,481,2,"2296,2297",TRUE,TRUE,FALSE,FALSE,"Multi-ICG:2297,2298;Multi-ECG:2296,2297"
1842,2025-10-31T09:55:31.251192,2215.7,2025-10-31T09:55:31.450216,199.0,1761884731.349000,470,1,2299,2025-10-31T09:55:31.451792,1.6,1761884730.251000,480,1,2298,FALSE,FALSE,FALSE,FALSE,
1843,2025-10-31T09:55:32.452995,2216.9,2025-10-31T09:55:32.652319,199.3,1761884732.550000,470,1,2300,2025-10-31T09:55:32.653672,1.3,1761884731.453000,477,1,2299,FALSE,FALSE,FALSE,FALSE,
1844,2025-10-31T09:55:33.655021,2218.1,2025-10-31T09:55:33.855621,200.6,1761884733.753000,470,1,2301,2025-10-31T09:55:33.857128,1.5,1761884732.655000,480,1,2300,FALSE,FALSE,FALSE,FALSE,
1845,2025-10-31T09:55:34.858459,2219.3,2025-10-31T09:55:35.059022,200.6,1761884734.956000,472,1,2302,2025-10-31T09:55:35.060542,1.5,1761884733.857000,481,1,2301,FALSE,FALSE,FALSE,FALSE,
1846,2025-10-31T09:55:36.061711,2220.5,2025-10-31T09:55:36.261864,200.2,1761884736.159000,474,2,"2303,2304",2025-10-31T09:55:36.263371,1.5,1761884735.159000,520,2,"2302,2303",TRUE,TRUE,FALSE,FALSE,"Multi-ICG:2303,2304;Multi-ECG:2302,2303"
1847,2025-10-31T09:55:37.264799,2221.7,2025-10-31T09:55:37.463963,199.2,1761884737.361000,473,1,2305,2025-10-31T09:55:37.465544,1.6,1761884736.360000,478,1,2304,FALSE,FALSE,FALSE,FALSE,
1848,2025-10-31T09:55:38.466812,2222.9,2025-10-31T09:55:38.671145,204.3,1761884738.564000,472,1,2306,2025-10-31T09:55:38.672567,1.4,1761884737.562000,479,1,2305,FALSE,FALSE,FALSE,FALSE,
1849,2025-10-31T09:55:39.673665,2224.1,2025-10-31T09:55:39.868431,194.8,1761884739.767000,472,1,2307,2025-10-31T09:55:39.870011,1.6,1761884738.764000,479,1,2306,FALSE,FALSE,FALSE,FALSE,
1850,2025-10-31T09:55:40.871216,2225.3,2025-10-31T09:55:41.070941,199.7,1761884740.969000,470,1,2308,2025-10-31T09:55:41.072387,1.4,1761884739.966000,478,1,2307,FALSE,FALSE,FALSE,FALSE,
1851,2025-10-31T09:55:42.073524,2226.5,2025-10-31T09:55:42.273244,199.7,1761884742.171000,472,2,"2309,2310",2025-10-31T09:55:42.274679,1.4,1761884741.168000,479,2,"2308,2309",TRUE,TRUE,FALSE,FALSE,"Multi-ICG:2309,2310;Multi-ECG:2308,2309"
1852,2025-10-31T09:55:43.276032,2227.7,2025-10-31T09:55:43.475137,199.1,1761884743.373000,470,1,2311,2025-10-31T09:55:43.477111,2.0,1761884742.370000,478,1,2310,FALSE,FALSE,FALSE,FALSE,
1853,2025-10-31T09:55:44.478678,2229.0,2025-10-31T09:55:44.678759,200.1,1761884744.576000,473,1,2312,2025-10-31T09:55:44.680278,1.5,1761884743.572000,480,1,2311,FALSE,FALSE,FALSE,FALSE,
1854,2025-10-31T09:55:45.681428,2230.2,2025-10-31T09:55:45.881476,200.0,1761884745.779000,470,1,2313,2025-10-31T09:55:45.883141,1.7,1761884744.774000,478,1,2312,FALSE,FALSE,FALSE,FALSE,
1855,2025-10-31T09:55:46.884385,2231.4,2025-10-31T09:55:47.083778,199.4,1761884746.982000,470,1,2314,2025-10-31T09:55:47.085789,2.0,1761884745.976000,479,1,2313,FALSE,FALSE,FALSE,FALSE,
1856,2025-10-31T09:55:48.086981,2232.6,2025-10-31T09:55:48.286224,199.2,1761884748.184000,471,2,"2315,2316",2025-10-31T09:55:48.287785,1.6,1761884747.178000,481,2,"2314,2315",TRUE,TRUE,FALSE,FALSE,"Multi-ICG:2315,2316;Multi-ECG:2314,2315"
1857,2025-10-31T09:55:49.289210,2233.8,2025-10-31T09:55:49.493646,204.4,1761884749.387000,471,1,2317,2025-10-31T09:55:49.495238,1.6,1761884748.379000,479,1,2316,FALSE,FALSE,FALSE,FALSE,
1858,2025-10-31T09:55:50.496398,2235.0,2025-10-31T09:55:50.691788,195.4,1761884750.590000,470,1,2318,2025-10-31T09:55:50.693384,1.6,1761884749.581000,479,1,2317,FALSE,FALSE,FALSE,FALSE,
1859,2025-10-31T09:55:51.694618,2236.2,2025-10-31T09:55:51.895021,200.4,1761884751.792000,472,1,2319,2025-10-31T09:55:51.896559,1.5,1761884750.783000,479,1,2318,FALSE,FALSE,FALSE,FALSE,
1860,2025-10-31T09:55:52.897702,2237.4,2025-10-31T09:55:53.098075,200.4,1761884752.996000,471,1,2320,2025-10-31T09:55:53.099539,1.5,1761884751.985000,480,1,2319,FALSE,FALSE,FALSE,FALSE,
1861,2025-10-31T09:55:54.100721,2238.6,2025-10-31T09:55:54.300033,199.3,1761884754.198000,469,2,"2321,2322",2025-10-31T09:55:54.301476,1.4,1761884753.186000,480,2,"2320,2321",TRUE,TRUE,FALSE,FALSE,"Multi-ICG:2321,2322;Multi-ECG:2320,2321"
1862,2025-10-31T09:55:55.302917,2239.8,2025-10-31T09:55:55.503532,200.6,1761884755.401000,473,1,2323,2025-10-31T09:55:55.504866,1.3,1761884754.388000,480,1,2322,FALSE,FALSE,FALSE,FALSE,
1863,2025-10-31T09:55:56.506053,2241.0,2025-10-31T09:55:56.706657,200.6,1761884756.604000,469,1,2324,2025-10-31T09:55:56.708136,1.5,1761884755.590000,481,1,2323,FALSE,FALSE,FALSE,FALSE,
1864,2025-10-31T09:55:57.709266,2242.2,2025-10-31T09:55:57.909639,200.4,1761884757.807000,473,1,2325,2025-10-31T09:55:57.911197,1.5,1761884756.792000,480,1,2324,FALSE,FALSE,FALSE,FALSE,
1865,2025-10-31T09:55:58.912397,2243.4,2025-10-31T09:55:59.113192,200.8,1761884759.011000,471,1,2326,2025-10-31T09:55:59.114639,1.4,1761884757.993000,479,1,2325,FALSE,FALSE,FALSE,FALSE,
1866,2025-10-31T09:56:00.115748,2244.6,2025-10-31T09:56:00.320450,204.7,1761884760.214000,473,2,"2327,2328",2025-10-31T09:56:00.322155,1.7,1761884759.195000,480,2,"2326,2327",TRUE,TRUE,FALSE,FALSE,"Multi-ICG:2327,2328;Multi-ECG:2326,2327"
1867,2025-10-31T09:56:01.323646,2245.8,2025-10-31T09:56:01.517287,193.6,1761884761.415000,468,1,2329,2025-10-31T09:56:01.518893,1.6,1761884760.397000,481,1,2328,FALSE,FALSE,FALSE,FALSE,
1868,2025-10-31T09:56:02.520081,2247.0,2025-10-31T09:56:02.719341,199.3,1761884762.618000,469,1,2330,2025-10-31T09:56:02.720700,1.3,1761884761.601000,480,1,2329,FALSE,FALSE,FALSE,FALSE,
1869,2025-10-31T09:56:03.721975,2248.2,2025-10-31T09:56:03.921228,199.3,1761884763.819000,469,1,2331,2025-10-31T09:56:03.922838,1.6,1761884762.803000,479,1,2330,FALSE,FALSE,FALSE,FALSE,
1870,2025-10-31T09:56:04.923971,2249.4,2025-10-31T09:56:05.124181,200.2,1761884765.021000,468,1,2332,2025-10-31T09:56:05.125815,1.6,1761884764.006000,479,1,2331,FALSE,FALSE,FALSE,FALSE,
1871,2025-10-31T09:56:06.127056,2250.6,2025-10-31T09:56:06.327380,200.3,1761884766.225000,474,2,"2333,2334",2025-10-31T09:56:06.329015,1.6,1761884765.208000,481,2,"2332,2333",TRUE,TRUE,FALSE,FALSE,"Multi-ICG:2333,2334;Multi-ECG:2332,2333"
1872,2025-10-31T09:56:07.330604,2251.8,2025-10-31T09:56:07.530399,199.8,1761884767.427000,469,1,2335,2025-10-31T09:56:07.532056,1.6,1761884766.410000,479,1,2334,FALSE,FALSE,FALSE,FALSE,
1873,2025-10-31T09:56:08.533263,2253.0,2025-10-31T09:56:08.732951,199.7,1761884768.631000,471,1,2336,2025-10-31T09:56:08.734469,1.5,1761884767.612000,479,1,2335,FALSE,FALSE,FALSE,FALSE,
1874,2025-10-31T09:56:09.735627,2254.2,2025-10-31T09:56:09.935021,199.4,1761884769.834000,472,1,2337,2025-10-31T09:56:09.940952,5.9,1761884768.814000,479,1,2336,FALSE,FALSE,FALSE,FALSE,
1875,2025-10-31T09:56:10.942117,2255.4,2025-10-31T09:56:11.136492,194.4,1761884771.035000,469,1,2338,2025-10-31T09:56:11.138117,1.6,1761884770.016000,478,1,2337,FALSE,FALSE,FALSE,FALSE,
1876,2025-10-31T09:56:12.139361,2256.6,2025-10-31T09:56:12.338765,199.4,1761884772.237000,470,2,"2339,2340",2025-10-31T09:56:12.340231,1.5,1761884771.218000,481,2,"2338,2339",TRUE,TRUE,FALSE,FALSE,"Multi-ICG:2339,2340;Multi-ECG:2338,2339"
1877,2025-10-31T09:56:13.341985,2257.8,2025-10-31T09:56:13.541217,199.2,1761884773.439000,472,1,2341,2025-10-31T09:56:13.542808,1.6,1761884772.420000,479,1,2340,FALSE,FALSE,FALSE,FALSE,
1878,2025-10-31T09:56:14.544167,2259.0,2025-10-31T09:56:14.744444,200.3,1761884774.641000,471,1,2342,2025-10-31T09:56:14.746748,2.3,1761884773.622000,479,1,2341,FALSE,FALSE,FALSE,FALSE,
1879,2025-10-31T09:56:15.748244,2260.2,2025-10-31T09:56:15.946043,197.8,1761884775.844000,472,1,2343,2025-10-31T09:56:15.947447,1.4,1761884774.825000,479,1,2342,FALSE,FALSE,FALSE,FALSE,
1880,2025-10-31T09:56:16.948690,2261.4,2025-10-31T09:56:17.148121,199.4,1761884777.046000,471,1,2344,2025-10-31T09:56:17.149699,1.6,1761884776.027000,479,1,2343,FALSE,FALSE,FALSE,FALSE,
1881,2025-10-31T09:56:18.150961,2262.6,2025-10-31T09:56:18.350091,199.1,1761884778.248000,472,2,"2345,2346",2025-10-31T09:56:18.351642,1.5,1761884777.229000,480,2,"2344,2345",TRUE,TRUE,FALSE,FALSE,"Multi-ICG:2345,2346;Multi-ECG:2344,2345"
1882,2025-10-31T09:56:19.353069,2263.8,2025-10-31T09:56:19.552184,199.1,1761884779.450000,469,1,2347,2025-10-31T09:56:19.553901,1.7,1761884778.430000,479,1,2346,FALSE,FALSE,FALSE,FALSE,
1883,2025-10-31T09:56:20.555191,2265.0,2025-10-31T09:56:20.754233,199.0,1761884780.652000,469,1,2348,2025-10-31T09:56:20.760279,6.0,1761884779.632000,480,1,2347,FALSE,FALSE,FALSE,FALSE,
1884,2025-10-31T09:56:21.761413,2266.2,2025-10-31T09:56:21.956328,194.9,1761884781.854000,470,1,2349,2025-10-31T09:56:21.958035,1.7,1761884780.834000,480,1,2348,FALSE,FALSE,FALSE,FALSE,
1885,2025-10-31T09:56:22.959360,2267.4,2025-10-31T09:56:23.158110,198.8,1761884783.056000,472,1,2350,2025-10-31T09:56:23.159653,1.5,1761884782.036000,481,1,2349,FALSE,FALSE,FALSE,FALSE,
1886,2025-10-31T09:56:24.160928,2268.6,2025-10-31T09:56:24.359961,199.0,1761884784.258000,474,2,"2351,2352",2025-10-31T09:56:24.361526,1.6,1761884783.237000,479,2,"2350,2351",TRUE,TRUE,FALSE,FALSE,"Multi-ICG:2351,2352;Multi-ECG:2350,2351"
1887,2025-10-31T09:56:25.363303,2269.8,2025-10-31T09:56:25.563991,200.7,1761884785.460000,470,1,2353,2025-10-31T09:56:25.565663,1.7,1761884784.440000,479,1,2352,FALSE,FALSE,FALSE,FALSE,
1888,2025-10-31T09:56:26.567248,2271.0,2025-10-31T09:56:26.766655,199.4,1761884786.664000,471,1,2354,2025-10-31T09:56:26.768071,1.4,1761884785.641000,479,1,2353,FALSE,FALSE,FALSE,FALSE,
1889,2025-10-31T09:56:27.769184,2272.2,2025-10-31T09:56:27.968860,199.7,1761884787.867000,471,1,2355,2025-10-31T09:56:27.970412,1.5,1761884786.844000,480,1,2354,FALSE,FALSE,FALSE,FALSE,
1890,2025-10-31T09:56:28.971579,2273.4,2025-10-31T09:56:29.171089,199.5,1761884789.069000,471,2,"2356,2357",2025-10-31T09:56:29.172442,1.3,1761884788.046000,479,1,2355,TRUE,FALSE,FALSE,FALSE,"Multi-ICG:2356,2357"
1891,2025-10-31T09:56:30.173746,2274.6,2025-10-31T09:56:30.373282,199.5,1761884790.271000,469,1,2358,2025-10-31T09:56:30.374905,1.6,1761884789.248000,481,2,"2356,2357",FALSE,TRUE,FALSE,FALSE,"Multi-ECG:2356,2357"
1892,2025-10-31T09:56:31.376219,2275.8,2025-10-31T09:56:31.575635,199.4,1761884791.474000,469,1,2359,2025-10-31T09:56:31.581178,5.5,1761884790.450000,479,1,2358,FALSE,FALSE,FALSE,FALSE,
1893,2025-10-31T09:56:32.582422,2277.1,2025-10-31T09:56:33.644446,1062.0,1761884792.676000,472,1,2360,2025-10-31T09:56:33.645413,1.0,1761884791.652000,481,1,2359,FALSE,FALSE,FALSE,FALSE,
1894,2025-10-31T09:56:34.646184,2279.1,2025-10-31T09:56:34.781832,135.7,1761884794.680000,794,2,"2361,2362",2025-10-31T09:56:34.783270,1.4,1761884793.657000,802,2,"2360,2361",TRUE,TRUE,FALSE,FALSE,"Multi-ICG:2361,2362;Multi-ECG:2360,2361"
1895,2025-10-31T09:56:35.784414,2280.3,2025-10-31T09:56:35.982880,198.5,1761884795.881000,474,1,2363,2025-10-31T09:56:35.983859,1.0,1761884794.858000,479,1,2362,FALSE,FALSE,FALSE,FALSE,
1896,2025-10-31T09:56:36.984633,2281.5,2025-10-31T09:56:37.184807,200.2,1761884797.083000,477,2,"2364,2365",2025-10-31T09:56:37.185788,1.0,1761884796.061000,480,1,2363,TRUE,FALSE,FALSE,FALSE,"Multi-ICG:2364,2365"
1897,2025-10-31T09:56:38.186966,2282.7,2025-10-31T09:56:38.387996,201.0,1761884798.286000,473,1,2366,2025-10-31T09:56:38.389480,1.5,1761884797.262000,483,2,"2364,2365",FALSE,TRUE,FALSE,FALSE,"Multi-ECG:2364,2365"
1898,2025-10-31T09:56:39.391047,2283.9,2025-10-31T09:56:39.591343,200.3,1761884799.489000,470,1,2367,2025-10-31T09:56:39.592682,1.3,1761884798.464000,479,1,2366,FALSE,FALSE,FALSE,FALSE,
1899,2025-10-31T09:56:40.593774,2285.1,2025-10-31T09:56:40.794430,200.7,1761884800.692000,472,1,2368,2025-10-31T09:56:40.795831,1.4,1761884799.667000,479,1,2367,FALSE,FALSE,FALSE,FALSE,
1900,2025-10-31T09:56:41.796907,2286.3,2025-10-31T09:56:41.996584,199.7,1761884801.895000,471,1,2369,2025-10-31T09:56:41.998287,1.7,1761884800.870000,478,1,2368,FALSE,FALSE,FALSE,FALSE,
1901,2025-10-31T09:56:42.999374,2287.5,2025-10-31T09:56:43.203585,204.2,1761884803.098000,470,2,"2370,2371",2025-10-31T09:56:43.204970,1.4,1761884802.073000,480,2,"2369,2370",TRUE,TRUE,FALSE,FALSE,"Multi-ICG:2370,2371;Multi-ECG:2369,2370"
1902,2025-10-31T09:56:44.206571,2288.7,2025-10-31T09:56:44.401779,195.2,1761884804.299000,469,1,2372,2025-10-31T09:56:44.403401,1.6,1761884803.275000,480,1,2371,FALSE,FALSE,FALSE,FALSE,
1903,2025-10-31T09:56:45.404605,2289.9,2025-10-31T09:56:45.604885,200.3,1761884805.503000,472,1,2373,2025-10-31T09:56:45.606510,1.6,1761884804.477000,479,1,2372,FALSE,FALSE,FALSE,FALSE,
1904,2025-10-31T09:56:46.607678,2291.1,2025-10-31T09:56:46.807644,200.0,1761884806.706000,471,1,2374,2025-10-31T09:56:46.809039,1.4,1761884805.680000,479,1,2373,FALSE,FALSE,FALSE,FALSE,
1905,2025-10-31T09:56:47.810294,2292.3,2025-10-31T09:56:48.010069,199.8,1761884807.908000,470,1,2375,2025-10-31T09:56:48.011637,1.6,1761884806.882000,479,1,2374,FALSE,FALSE,FALSE,FALSE,
1906,2025-10-31T09:56:49.012794,2293.5,2025-10-31T09:56:49.212251,199.5,1761884809.110000,472,2,"2376,2377",2025-10-31T09:56:49.213740,1.5,1761884808.084000,481,2,"2375,2376",TRUE,TRUE,FALSE,FALSE,"Multi-ICG:2376,2377;Multi-ECG:2375,2376"
1907,2025-10-31T09:56:50.215353,2294.7,2025-10-31T09:56:50.415156,199.8,1761884810.312000,472,1,2378,2025-10-31T09:56:50.416623,1.5,1761884809.285000,479,1,2377,FALSE,FALSE,FALSE,FALSE,
1908,2025-10-31T09:56:51.417763,2295.9,2025-10-31T09:56:51.615964,198.2,1761884811.514000,472,1,2379,2025-10-31T09:56:51.617637,1.7,1761884810.487000,480,1,2378,FALSE,FALSE,FALSE,FALSE,
1909,2025-10-31T09:56:52.619111,2297.1,2025-10-31T09:56:52.818341,199.2,1761884812.716000,470,1,2380,2025-10-31T09:56:52.819719,1.4,1761884811.689000,479,1,2379,FALSE,FALSE,FALSE,FALSE,
1910,2025-10-31T09:56:53.820977,2298.3,2025-10-31T09:56:54.025362,204.4,1761884813.919000,472,1,2381,2025-10-31T09:56:54.026981,1.6,1761884812.892000,479,1,2380,FALSE,FALSE,FALSE,FALSE,
1911,2025-10-31T09:56:55.028107,2299.5,2025-10-31T09:56:55.223294,195.2,1761884815.121000,472,2,"2382,2383",2025-10-31T09:56:55.224786,1.5,1761884814.094000,478,2,"2381,2382",TRUE,TRUE,FALSE,FALSE,"Multi-ICG:2382,2383;Multi-ECG:2381,2382"
1912,2025-10-31T09:56:56.226374,2300.7,2025-10-31T09:56:56.425489,199.1,1761884816.323000,470,1,2384,2025-10-31T09:56:56.426985,1.5,1761884815.296000,479,1,2383,FALSE,FALSE,FALSE,FALSE,
1913,2025-10-31T09:56:57.428215,2301.9,2025-10-31T09:56:57.627959,199.7,1761884817.525000,471,1,2385,2025-10-31T09:56:57.629525,1.6,1761884816.498000,479,1,2384,FALSE,FALSE,FALSE,FALSE,
1914,2025-10-31T09:56:58.630860,2303.1,2025-10-31T09:56:58.829674,198.8,1761884818.728000,472,1,2386,2025-10-31T09:56:58.831311,1.6,1761884817.701000,480,1,2385,FALSE,FALSE,FALSE,FALSE,
1915,2025-10-31T09:56:59.832520,2304.3,2025-10-31T09:57:00.032111,199.6,1761884819.930000,471,1,2387,2025-10-31T09:57:00.033505,1.4,1761884818.904000,479,1,2386,FALSE,FALSE,FALSE,FALSE,
1916,2025-10-31T09:57:01.034766,2305.5,2025-10-31T09:57:01.233248,198.5,1761884821.132000,471,2,"2388,2389",2025-10-31T09:57:01.234804,1.5,1761884820.105000,477,2,"2387,2388",TRUE,TRUE,FALSE,FALSE,"Multi-ICG:2388,2389;Multi-ECG:2387,2388"
1917,2025-10-31T09:57:02.236232,2306.7,2025-10-31T09:57:02.435004,198.8,1761884822.334000,471,1,2390,2025-10-31T09:57:02.436530,1.5,1761884821.308000,481,1,2389,FALSE,FALSE,FALSE,FALSE,
1918,2025-10-31T09:57:03.437697,2307.9,2025-10-31T09:57:03.636771,199.1,1761884823.535000,470,1,2391,2025-10-31T09:57:03.642844,6.1,1761884822.510000,480,1,2390,FALSE,FALSE,FALSE,FALSE,
1919,2025-10-31T09:57:04.643998,2309.1,2025-10-31T09:57:04.839356,195.4,1761884824.737000,473,1,2392,2025-10-31T09:57:04.841532,2.2,1761884823.711000,479,1,2391,FALSE,FALSE,FALSE,FALSE,
1920,2025-10-31T09:57:05.842895,2310.3,2025-10-31T09:57:06.040908,198.0,1761884825.939000,471,1,2393,2025-10-31T09:57:06.042489,1.6,1761884824.913000,479,1,2392,FALSE,FALSE,FALSE,FALSE,
1921,2025-10-31T09:57:07.043748,2311.5,2025-10-31T09:57:07.242457,198.7,1761884827.141000,472,2,"2394,2395",2025-10-31T09:57:07.244272,1.8,1761884826.116000,478,2,"2393,2394",TRUE,TRUE,FALSE,FALSE,"Multi-ICG:2394,2395;Multi-ECG:2393,2394"
1922,2025-10-31T09:57:08.245905,2312.7,2025-10-31T09:57:08.444605,198.7,1761884828.343000,470,1,2396,2025-10-31T09:57:08.446309,1.7,1761884827.317000,479,1,2395,FALSE,FALSE,FALSE,FALSE,
1923,2025-10-31T09:57:09.447796,2313.9,2025-10-31T09:57:09.647178,199.4,1761884829.544000,471,1,2397,2025-10-31T09:57:09.648850,1.7,1761884828.519000,478,1,2396,FALSE,FALSE,FALSE,FALSE,
1924,2025-10-31T09:57:10.650111,2315.1,2025-10-31T09:57:10.849711,199.6,1761884830.748000,471,1,2398,2025-10-31T09:57:10.851325,1.6,1761884829.721000,478,1,2397,FALSE,FALSE,FALSE,FALSE,
1925,2025-10-31T09:57:11.852497,2316.3,2025-10-31T09:57:12.052173,199.7,1761884831.951000,469,1,2399,2025-10-31T09:57:12.053721,1.5,1761884830.923000,479,1,2398,FALSE,FALSE,FALSE,FALSE,
1926,2025-10-31T09:57:13.055021,2317.5,2025-10-31T09:57:13.254852,199.8,1761884833.153000,473,2,"2400,2401",2025-10-31T09:57:13.256183,1.3,1761884832.126000,480,2,"2399,2400",TRUE,TRUE,FALSE,FALSE,"Multi-ICG:2400,2401;Multi-ECG:2399,2400"
1927,2025-10-31T09:57:14.257642,2318.7,2025-10-31T09:57:14.457622,200.0,1761884834.356000,471,1,2402,2025-10-31T09:57:14.463923,6.3,1761884833.328000,480,1,2401,FALSE,FALSE,FALSE,FALSE,
1928,2025-10-31T09:57:15.465189,2319.9,2025-10-31T09:57:15.660725,195.5,1761884835.559000,471,1,2403,2025-10-31T09:57:15.662750,2.0,1761884834.530000,481,1,2402,FALSE,FALSE,FALSE,FALSE,
1929,2025-10-31T09:57:16.664118,2321.1,2025-10-31T09:57:16.863480,199.4,1761884836.761000,470,1,2404,2025-10-31T09:57:16.865163,1.7,1761884835.732000,480,1,2403,FALSE,FALSE,FALSE,FALSE,
1930,2025-10-31T09:57:17.866355,2322.3,2025-10-31T09:57:18.066694,200.3,1761884837.964000,470,1,2405,2025-10-31T09:57:18.068248,1.5,1761884836.934000,481,1,2404,FALSE,FALSE,FALSE,FALSE,
1931,2025-10-31T09:57:19.069398,2323.5,2025-10-31T09:57:19.270522,201.1,1761884839.168000,473,2,"2406,2407",2025-10-31T09:57:19.271884,1.4,1761884838.136000,479,2,"2405,2406",TRUE,TRUE,FALSE,FALSE,"Multi-ICG:2406,2407;Multi-ECG:2405,2406"
1932,2025-10-31T09:57:20.273223,2324.7,2025-10-31T09:57:20.473609,200.4,1761884840.371000,472,1,2408,2025-10-31T09:57:20.475198,1.6,1761884839.338000,480,1,2407,FALSE,FALSE,FALSE,FALSE,
1933,2025-10-31T09:57:21.476304,2325.9,2025-10-31T09:57:21.676370,200.1,1761884841.575000,472,1,2409,2025-10-31T09:57:21.678062,1.7,1761884840.540000,479,1,2408,FALSE,FALSE,FALSE,FALSE,
1934,2025-10-31T09:57:22.679345,2327.2,2025-10-31T09:57:22.878765,199.4,1761884842.777000,470,1,2410,2025-10-31T09:57:22.880096,1.3,1761884841.742000,480,1,2409,FALSE,FALSE,FALSE,FALSE,
1935,2025-10-31T09:57:23.881210,2328.4,2025-10-31T09:57:24.080841,199.6,1761884843.979000,470,1,2411,2025-10-31T09:57:24.082539,1.7,1761884842.944000,481,1,2410,FALSE,FALSE,FALSE,FALSE,
1936,2025-10-31T09:57:25.083796,2329.6,2025-10-31T09:57:25.282257,198.5,1761884845.181000,473,2,"2412,2413",2025-10-31T09:57:25.288226,6.0,1761884844.145000,480,2,"2411,2412",TRUE,TRUE,FALSE,FALSE,"Multi-ICG:2412,2413;Multi-ECG:2411,2412"
1937,2025-10-31T09:57:26.289571,2330.8,2025-10-31T09:57:26.485528,196.0,1761884846.382000,472,1,2414,2025-10-31T09:57:26.486968,1.4,1761884845.348000,478,1,2413,FALSE,FALSE,FALSE,FALSE,
1938,2025-10-31T09:57:27.488090,2332.0,2025-10-31T09:57:27.688211,200.1,1761884847.586000,473,1,2415,2025-10-31T09:57:27.689663,1.4,1761884846.550000,479,1,2414,FALSE,FALSE,FALSE,FALSE,
1939,2025-10-31T09:57:28.690838,2333.2,2025-10-31T09:57:28.890038,199.2,1761884848.788000,469,1,2416,2025-10-31T09:57:28.891588,1.5,1761884847.753000,479,1,2415,FALSE,FALSE,FALSE,FALSE,
1940,2025-10-31T09:57:29.892719,2334.4,2025-10-31T09:57:30.093016,200.3,1761884849.991000,470,1,2417,2025-10-31T09:57:30.094551,1.5,1761884848.956000,479,1,2416,FALSE,FALSE,FALSE,FALSE,
1941,2025-10-31T09:57:31.095719,2335.6,2025-10-31T09:57:31.295375,199.7,1761884851.193000,471,2,"2418,2419",2025-10-31T09:57:31.296935,1.5,1761884850.158000,481,2,"2417,2418",TRUE,TRUE,FALSE,FALSE,"Multi-ICG:2418,2419;Multi-ECG:2417,2418"
1942,2025-10-31T09:57:32.298415,2336.8,2025-10-31T09:57:32.497546,199.1,1761884852.395000,472,1,2420,2025-10-31T09:57:32.498962,1.4,1761884851.361000,480,1,2419,FALSE,FALSE,FALSE,FALSE,
1943,2025-10-31T09:57:33.500067,2338.0,2025-10-31T09:57:33.699801,199.7,1761884853.598000,471,1,2421,2025-10-31T09:57:33.701258,1.4,1761884852.563000,478,1,2420,FALSE,FALSE,FALSE,FALSE,
1944,2025-10-31T09:57:34.702383,2339.2,2025-10-31T09:57:34.901878,199.5,1761884854.800000,470,1,2422,2025-10-31T09:57:34.903466,1.6,1761884853.766000,480,1,2421,FALSE,FALSE,FALSE,FALSE,
1945,2025-10-31T09:57:35.904556,2340.4,2025-10-31T09:57:36.108747,204.2,1761884856.002000,471,1,2423,2025-10-31T09:57:36.110179,1.4,1761884854.969000,479,1,2422,FALSE,FALSE,FALSE,FALSE,
1946,2025-10-31T09:57:37.111292,2341.6,2025-10-31T09:57:37.307129,195.8,1761884857.205000,473,2,"2424,2425",2025-10-31T09:57:37.309280,2.1,1761884856.172000,479,2,"2423,2424",TRUE,TRUE,FALSE,FALSE,"Multi-ICG:2424,2425;Multi-ECG:2423,2424"
1947,2025-10-31T09:57:38.311041,2342.8,2025-10-31T09:57:38.508007,197.0,1761884858.407000,469,1,2426,2025-10-31T09:57:38.509560,1.5,1761884857.377000,479,1,2425,FALSE,FALSE,FALSE,FALSE,
1948,2025-10-31T09:57:39.510831,2344.0,2025-10-31T09:57:39.710513,199.7,1761884859.608000,469,1,2427,2025-10-31T09:57:39.712013,1.5,1761884858.580000,480,1,2426,FALSE,FALSE,FALSE,FALSE,
1949,2025-10-31T09:57:40.713239,2345.2,2025-10-31T09:57:40.912736,199.5,1761884860.811000,474,1,2428,2025-10-31T09:57:40.914438,1.7,1761884859.783000,480,1,2427,FALSE,FALSE,FALSE,FALSE,
1950,2025-10-31T09:57:41.915538,2346.4,2025-10-31T09:57:42.114559,199.0,1761884862.013000,469,1,2429,2025-10-31T09:57:42.116042,1.5,1761884860.986000,480,1,2428,FALSE,FALSE,FALSE,FALSE,
1951,2025-10-31T09:57:43.117142,2347.6,2025-10-31T09:57:43.317459,200.3,1761884863.215000,472,2,"2430,2431",2025-10-31T09:57:43.318853,1.4,1761884862.189000,480,2,"2429,2430",TRUE,TRUE,FALSE,FALSE,"Multi-ICG:2430,2431;Multi-ECG:2429,2430"
1952,2025-10-31T09:57:44.320453,2348.8,2025-10-31T09:57:44.519574,199.1,1761884864.418000,472,1,2432,2025-10-31T09:57:44.521127,1.5,1761884863.392000,481,1,2431,FALSE,FALSE,FALSE,FALSE,
1953,2025-10-31T09:57:45.522281,2350.0,2025-10-31T09:57:45.722173,199.9,1761884865.620000,470,1,2433,2025-10-31T09:57:45.723486,1.3,1761884864.595000,480,1,2432,FALSE,FALSE,FALSE,FALSE,
1954,2025-10-31T09:57:46.724609,2351.2,2025-10-31T09:57:46.928885,204.3,1761884866.822000,471,1,2434,2025-10-31T09:57:46.930471,1.6,1761884865.796000,480,1,2433,FALSE,FALSE,FALSE,FALSE,
1955,2025-10-31T09:57:47.931559,2352.4,2025-10-31T09:57:48.127104,195.5,1761884868.024000,470,1,2435,2025-10-31T09:57:48.128586,1.5,1761884866.999000,479,1,2434,FALSE,FALSE,FALSE,FALSE,
1956,2025-10-31T09:57:49.129699,2353.6,2025-10-31T09:57:49.329826,200.1,1761884869.227000,471,2,"2436,2437",2025-10-31T09:57:49.331169,1.3,1761884868.201000,480,2,"2435,2436",TRUE,TRUE,FALSE,FALSE,"Multi-ICG:2436,2437;Multi-ECG:2435,2436"
1957,2025-10-31T09:57:50.332799,2354.8,2025-10-31T09:57:50.532017,199.2,1761884870.430000,470,1,2438,2025-10-31T09:57:50.533483,1.5,1761884869.403000,480,1,2437,FALSE,FALSE,FALSE,FALSE,
1958,2025-10-31T09:57:51.534715,2356.0,2025-10-31T09:57:51.734420,199.7,1761884871.632000,471,1,2439,2025-10-31T09:57:51.735858,1.4,1761884870.604000,480,1,2438,FALSE,FALSE,FALSE,FALSE,
1959,2025-10-31T09:57:52.737002,2357.2,2025-10-31T09:57:52.936753,199.8,1761884872.834000,473,1,2440,2025-10-31T09:57:52.938175,1.4,1761884871.807000,479,1,2439,FALSE,FALSE,FALSE,FALSE,
1960,2025-10-31T09:57:53.939325,2358.4,2025-10-31T09:57:54.138997,199.7,1761884874.037000,471,1,2441,2025-10-31T09:57:54.140556,1.5,1761884873.010000,479,1,2440,FALSE,FALSE,FALSE,FALSE,
1961,2025-10-31T09:57:55.141722,2359.6,2025-10-31T09:57:55.342584,200.9,1761884875.240000,473,2,"2442,2443",2025-10-31T09:57:55.344080,1.5,1761884874.212000,480,2,"2441,2442",TRUE,TRUE,FALSE,FALSE,"Multi-ICG:2442,2443;Multi-ECG:2441,2442"
1962,2025-10-31T09:57:56.345738,2360.8,2025-10-31T09:57:56.545820,200.1,1761884876.444000,470,1,2444,2025-10-31T09:57:56.547191,1.4,1761884875.414000,480,1,2443,FALSE,FALSE,FALSE,FALSE,
1963,2025-10-31T09:57:57.552733,2362.0,2025-10-31T09:57:57.748937,196.2,1761884877.646000,470,1,2445,2025-10-31T09:57:57.750543,1.6,1761884876.617000,479,1,2444,FALSE,FALSE,FALSE,FALSE,
1964,2025-10-31T09:57:58.751654,2363.2,2025-10-31T09:57:58.951902,200.2,1761884878.849000,471,1,2446,2025-10-31T09:57:58.953240,1.3,1761884877.819000,477,1,2445,FALSE,FALSE,FALSE,FALSE,
1965,2025-10-31T09:57:59.954470,2364.4,2025-10-31T09:58:00.154893,200.4,1761884880.052000,472,1,2447,2025-10-31T09:58:00.156352,1.4,1761884879.021000,480,1,2446,FALSE,FALSE,FALSE,FALSE,
1966,2025-10-31T09:58:01.157468,2365.6,2025-10-31T09:58:01.357452,200.0,1761884881.255000,472,2,"2448,2449",2025-10-31T09:58:01.359047,1.6,1761884880.224000,480,2,"2447,2448",TRUE,TRUE,FALSE,FALSE,"Multi-ICG:2448,2449;Multi-ECG:2447,2448"
1967,2025-10-31T09:58:02.360655,2366.8,2025-10-31T09:58:02.560393,199.7,1761884882.458000,472,1,2450,2025-10-31T09:58:02.561714,1.3,1761884881.427000,479,1,2449,FALSE,FALSE,FALSE,FALSE,
1968,2025-10-31T09:58:03.562922,2368.0,2025-10-31T09:58:03.763192,200.3,1761884883.661000,471,1,2451,2025-10-31T09:58:03.764647,1.4,1761884882.630000,478,1,2450,FALSE,FALSE,FALSE,FALSE,
1969,2025-10-31T09:58:04.765812,2369.2,2025-10-31T09:58:04.965742,199.9,1761884884.863000,470,1,2452,2025-10-31T09:58:04.967283,1.5,1761884883.833000,479,1,2451,FALSE,FALSE,FALSE,FALSE,
1970,2025-10-31T09:58:05.968394,2370.4,2025-10-31T09:58:06.168634,200.2,1761884886.066000,471,1,2453,2025-10-31T09:58:06.170080,1.4,1761884885.035000,479,1,2452,FALSE,FALSE,FALSE,FALSE,
1971,2025-10-31T09:58:07.171204,2371.6,2025-10-31T09:58:07.370650,199.4,1761884887.269000,472,2,"2454,2455",2025-10-31T09:58:07.376504,5.8,1761884886.238000,477,2,"2453,2454",TRUE,TRUE,FALSE,FALSE,"Multi-ICG:2454,2455;Multi-ECG:2453,2454"
1972,2025-10-31T09:58:08.377889,2372.8,2025-10-31T09:58:08.572781,194.9,1761884888.470000,471,1,2456,2025-10-31T09:58:08.574635,1.8,1761884887.439000,479,1,2455,FALSE,FALSE,FALSE,FALSE,
1973,2025-10-31T09:58:09.576194,2374.0,2025-10-31T09:58:09.775850,199.7,1761884889.673000,472,1,2457,2025-10-31T09:58:09.777173,1.3,1761884888.642000,478,1,2456,FALSE,FALSE,FALSE,FALSE,
1974,2025-10-31T09:58:10.778353,2375.3,2025-10-31T09:58:10.976974,198.6,1761884890.875000,470,1,2458,2025-10-31T09:58:10.978797,1.8,1761884889.844000,480,1,2457,FALSE,FALSE,FALSE,FALSE,
1975,2025-10-31T09:58:11.979939,2376.5,2025-10-31T09:58:12.179527,199.6,1761884892.077000,471,1,2459,2025-10-31T09:58:12.180893,1.4,1761884891.046000,479,1,2458,FALSE,FALSE,FALSE,FALSE,
1976,2025-10-31T09:58:13.182008,2377.7,2025-10-31T09:58:13.381218,199.2,1761884893.279000,472,2,"2460,2461",2025-10-31T09:58:13.382797,1.6,1761884892.248000,479,2,"2459,2460",TRUE,TRUE,FALSE,FALSE,"Multi-ICG:2460,2461;Multi-ECG:2459,2460"
1977,2025-10-31T09:58:14.384172,2378.9,2025-10-31T09:58:14.583428,199.3,1761884894.481000,472,1,2462,2025-10-31T09:58:14.584929,1.5,1761884893.450000,479,1,2461,FALSE,FALSE,FALSE,FALSE,
1978,2025-10-31T09:58:15.586152,2380.1,2025-10-31T09:58:15.785916,199.9,1761884895.684000,470,1,2463,2025-10-31T09:58:15.787835,1.7,1761884894.652000,480,1,2462,FALSE,FALSE,FALSE,FALSE,
1979,2025-10-31T09:58:16.789010,2381.3,2025-10-31T09:58:16.988514,199.5,1761884896.886000,471,1,2464,2025-10-31T09:58:16.990490,2.0,1761884895.853000,480,1,2463,FALSE,FALSE,FALSE,FALSE,
1980,2025-10-31T09:58:17.991684,2382.5,2025-10-31T09:58:18.190926,199.2,1761884898.089000,471,1,2465,2025-10-31T09:58:18.196631,5.7,1761884897.056000,480,1,2464,FALSE,FALSE,FALSE,FALSE,
1981,2025-10-31T09:58:19.197822,2383.7,2025-10-31T09:58:19.393218,195.4,1761884899.291000,470,2,"2466,2467",2025-10-31T09:58:19.394991,1.8,1761884898.257000,480,2,"2465,2466",TRUE,TRUE,FALSE,FALSE,"Multi-ICG:2466,2467;Multi-ECG:2465,2466"
1982,2025-10-31T09:58:20.396533,2384.9,2025-10-31T09:58:20.595578,199.0,1761884900.494000,470,1,2468,2025-10-31T09:58:20.597034,1.4,1761884899.459000,480,1,2467,FALSE,FALSE,FALSE,FALSE,
1983,2025-10-31T09:58:21.598240,2386.1,2025-10-31T09:58:21.797678,199.4,1761884901.696000,471,1,2469,2025-10-31T09:58:21.799237,1.6,1761884900.661000,479,1,2468,FALSE,FALSE,FALSE,FALSE,
1984,2025-10-31T09:58:22.800398,2387.3,2025-10-31T09:58:22.999972,199.6,1761884902.898000,471,1,2470,2025-10-31T09:58:23.001297,1.3,1761884901.864000,479,1,2469,FALSE,FALSE,FALSE,FALSE,
1985,2025-10-31T09:58:24.002590,2388.5,2025-10-31T09:58:24.202283,199.7,1761884904.100000,472,1,2471,2025-10-31T09:58:24.203712,1.4,1761884903.066000,480,1,2470,FALSE,FALSE,FALSE,FALSE,
1986,2025-10-31T09:58:25.204919,2389.7,2025-10-31T09:58:25.405010,200.1,1761884905.302000,472,2,"2472,2473",2025-10-31T09:58:25.406427,1.4,1761884904.268000,481,2,"2471,2472",TRUE,TRUE,FALSE,FALSE,"Multi-ICG:2472,2473;Multi-ECG:2471,2472"
1987,2025-10-31T09:58:26.407799,2390.9,2025-10-31T09:58:26.607485,199.7,1761884906.506000,470,1,2474,2025-10-31T09:58:26.608965,1.5,1761884905.470000,480,1,2473,FALSE,FALSE,FALSE,FALSE,
1988,2025-10-31T09:58:27.610151,2392.1,2025-10-31T09:58:27.810610,200.5,1761884907.708000,470,1,2475,2025-10-31T09:58:27.812142,1.5,1761884906.672000,479,1,2474,FALSE,FALSE,FALSE,FALSE,
1989,2025-10-31T09:58:28.813349,2393.3,2025-10-31T09:58:29.018313,205.0,1761884908.911000,473,1,2476,2025-10-31T09:58:29.019682,1.4,1761884907.874000,478,1,2475,FALSE,FALSE,FALSE,FALSE,
1990,2025-10-31T09:58:30.020799,2394.5,2025-10-31T09:58:30.216427,195.6,1761884910.114000,472,2,"2477,2478",2025-10-31T09:58:30.217857,1.4,1761884909.075000,479,1,2476,TRUE,FALSE,FALSE,FALSE,"Multi-ICG:2477,2478"
1991,2025-10-31T09:58:31.219235,2395.7,2025-10-31T09:58:31.418185,198.9,1761884911.317000,470,1,2479,2025-10-31T09:58:31.419756,1.6,1761884910.278000,480,2,"2477,2478",FALSE,TRUE,FALSE,FALSE,"Multi-ECG:2477,2478"
1992,2025-10-31T09:58:32.421080,2396.9,2025-10-31T09:58:32.619989,198.9,1761884912.518000,471,1,2480,2025-10-31T09:58:32.621378,1.4,1761884911.480000,480,1,2479,FALSE,FALSE,FALSE,FALSE,
1993,2025-10-31T09:58:33.622565,2398.1,2025-10-31T09:58:33.822969,200.4,1761884913.721000,471,1,2481,2025-10-31T09:58:33.824564,1.6,1761884912.683000,479,1,2480,FALSE,FALSE,FALSE,FALSE,
1994,2025-10-31T09:58:34.825670,2399.3,2025-10-31T09:58:35.026368,200.7,1761884914.924000,473,1,2482,2025-10-31T09:58:35.027910,1.5,1761884913.885000,477,1,2481,FALSE,FALSE,FALSE,FALSE,
1995,2025-10-31T09:58:36.029033,2400.5,2025-10-31T09:58:36.229412,200.4,1761884916.127000,472,2,"2483,2484",2025-10-31T09:58:36.230931,1.5,1761884915.087000,479,1,2482,TRUE,FALSE,FALSE,FALSE,"Multi-ICG:2483,2484"
1996,2025-10-31T09:58:37.232652,2401.7,2025-10-31T09:58:37.432290,199.6,1761884917.330000,472,1,2485,2025-10-31T09:58:37.433724,1.4,1761884916.290000,479,2,"2483,2484",FALSE,TRUE,FALSE,FALSE,"Multi-ECG:2483,2484"
1997,2025-10-31T09:58:38.435049,2402.9,2025-10-31T09:58:38.634520,199.5,1761884918.532000,472,1,2486,2025-10-31T09:58:38.635847,1.3,1761884917.492000,479,1,2485,FALSE,FALSE,FALSE,FALSE,
1998,2025-10-31T09:58:39.636985,2404.1,2025-10-31T09:58:39.841233,204.2,1761884919.735000,472,1,2487,2025-10-31T09:58:39.842891,1.6,1761884918.694000,479,1,2486,FALSE,FALSE,FALSE,FALSE,
1999,2025-10-31T09:58:40.844013,2405.3,2025-10-31T09:58:41.039286,195.3,1761884920.937000,472,1,2488,2025-10-31T09:58:41.040767,1.5,1761884919.897000,478,1,2487,FALSE,FALSE,FALSE,FALSE,
2000,2025-10-31T09:58:42.041979,2406.5,2025-10-31T09:58:42.241813,199.8,1761884922.139000,474,2,"2489,2490",2025-10-31T09:58:42.243194,1.4,1761884921.099000,479,1,2488,TRUE,FALSE,FALSE,FALSE,"Multi-ICG:2489,2490"
2001,2025-10-31T09:58:43.244501,2407.7,2025-10-31T09:58:43.444070,199.6,1761884923.342000,471,1,2491,2025-10-31T09:58:43.445513,1.4,1761884922.301000,481,2,"2489,2490",FALSE,TRUE,FALSE,FALSE,"Multi-ECG:2489,2490"
2002,2025-10-31T09:58:44.447187,2408.9,2025-10-31T09:58:44.646753,199.6,1761884924.545000,471,1,2492,2025-10-31T09:58:44.648227,1.5,1761884923.504000,479,1,2491,FALSE,FALSE,FALSE,FALSE,
2003,2025-10-31T09:58:45.649394,2410.1,2025-10-31T09:58:45.850057,200.7,1761884925.747000,470,1,2493,2025-10-31T09:58:45.851473,1.4,1761884924.707000,479,1,2492,FALSE,FALSE,FALSE,FALSE,
2004,2025-10-31T09:58:46.852573,2411.3,2025-10-31T09:58:47.053019,200.4,1761884926.951000,470,1,2494,2025-10-31T09:58:47.054586,1.6,1761884925.908000,479,1,2493,FALSE,FALSE,FALSE,FALSE,
2005,2025-10-31T09:58:48.055712,2412.5,2025-10-31T09:58:48.255303,199.6,1761884928.153000,471,2,"2495,2496",2025-10-31T09:58:48.256912,1.6,1761884927.110000,480,1,2494,TRUE,FALSE,FALSE,FALSE,"Multi-ICG:2495,2496"
2006,2025-10-31T09:58:49.258559,2413.7,2025-10-31T09:58:49.458009,199.5,1761884929.356000,471,1,2497,2025-10-31T09:58:49.459359,1.3,1761884928.312000,481,2,"2495,2496",FALSE,TRUE,FALSE,FALSE,"Multi-ECG:2495,2496"
2007,2025-10-31T09:58:50.461001,2414.9,2025-10-31T09:58:50.666903,205.9,1761884930.559000,470,1,2498,2025-10-31T09:58:50.668751,1.8,1761884929.514000,478,1,2497,FALSE,FALSE,FALSE,FALSE,
2008,2025-10-31T09:58:51.670178,2416.1,2025-10-31T09:58:51.863292,193.1,1761884931.761000,471,1,2499,2025-10-31T09:58:51.865263,2.0,1761884930.716000,480,1,2498,FALSE,FALSE,FALSE,FALSE,
2009,2025-10-31T09:58:52.866460,2417.3,2025-10-31T09:58:53.065902,199.4,1761884932.964000,472,1,2500,2025-10-31T09:58:53.067419,1.4,1761884931.918000,480,1,2499,FALSE,FALSE,FALSE,FALSE,
2010,2025-10-31T09:58:54.068617,2418.5,2025-10-31T09:58:54.268073,199.5,1761884934.166000,472,2,"2501,2502",2025-10-31T09:58:54.269539,1.5,1761884933.120000,480,2,"2500,2501",TRUE,TRUE,FALSE,FALSE,"Multi-ICG:2501,2502;Multi-ECG:2500,2501"
2011,2025-10-31T09:58:55.271216,2419.7,2025-10-31T09:58:55.470802,199.6,1761884935.369000,470,1,2503,2025-10-31T09:58:55.472191,1.4,1761884934.323000,479,1,2502,FALSE,FALSE,FALSE,FALSE,
2012,2025-10-31T09:58:56.473355,2420.9,2025-10-31T09:58:56.673020,199.7,1761884936.571000,471,1,2504,2025-10-31T09:58:56.674547,1.5,1761884935.525000,479,1,2503,FALSE,FALSE,FALSE,FALSE,
2013,2025-10-31T09:58:57.675713,2422.1,2025-10-31T09:58:57.875349,199.6,1761884937.773000,472,1,2505,2025-10-31T09:58:57.876904,1.5,1761884936.727000,480,1,2504,FALSE,FALSE,FALSE,FALSE,
2014,2025-10-31T09:58:58.878094,2423.3,2025-10-31T09:58:59.077852,199.8,1761884938.976000,468,1,2506,2025-10-31T09:58:59.079378,1.5,1761884937.930000,479,1,2505,FALSE,FALSE,FALSE,FALSE,
2015,2025-10-31T09:59:00.080595,2424.6,2025-10-31T09:59:00.281122,200.5,1761884940.178000,471,2,"2507,2508",2025-10-31T09:59:00.289299,8.2,1761884939.132000,479,2,"2506,2507",TRUE,TRUE,FALSE,FALSE,"Multi-ICG:2507,2508;Multi-ECG:2506,2507"
2016,2025-10-31T09:59:01.291651,2425.8,2025-10-31T09:59:01.484424,192.8,1761884941.381000,471,1,2509,2025-10-31T09:59:01.486624,2.2,1761884940.335000,478,1,2508,FALSE,FALSE,FALSE,FALSE,
2017,2025-10-31T09:59:02.488143,2427.0,2025-10-31T09:59:02.685861,197.7,1761884942.584000,471,1,2510,2025-10-31T09:59:02.687296,1.4,1761884941.537000,478,1,2509,FALSE,FALSE,FALSE,FALSE,
2018,2025-10-31T09:59:03.688442,2428.2,2025-10-31T09:59:03.887738,199.3,1761884943.786000,470,1,2511,2025-10-31T09:59:03.889231,1.5,1761884942.739000,480,1,2510,FALSE,FALSE,FALSE,FALSE,
2019,2025-10-31T09:59:04.890520,2429.4,2025-10-31T09:59:05.089598,199.1,1761884944.988000,471,1,2512,2025-10-31T09:59:05.091199,1.6,1761884943.941000,478,1,2511,FALSE,FALSE,FALSE,FALSE,
2020,2025-10-31T09:59:06.092376,2430.6,2025-10-31T09:59:06.292099,199.7,1761884946.190000,474,2,"2513,2514",2025-10-31T09:59:06.293504,1.4,1761884945.143000,481,2,"2512,2513",TRUE,TRUE,FALSE,FALSE,"Multi-ICG:2513,2514;Multi-ECG:2512,2513"
2021,2025-10-31T09:59:07.295006,2431.8,2025-10-31T09:59:07.493994,199.0,1761884947.392000,470,1,2515,2025-10-31T09:59:07.495506,1.5,1761884946.345000,480,1,2514,FALSE,FALSE,FALSE,FALSE,
2022,2025-10-31T09:59:08.496695,2433.0,2025-10-31T09:59:08.696636,199.9,1761884948.594000,470,1,2516,2025-10-31T09:59:08.698083,1.4,1761884947.547000,480,1,2515,FALSE,FALSE,FALSE,FALSE,
2023,2025-10-31T09:59:09.699241,2434.2,2025-10-31T09:59:09.899095,199.9,1761884949.797000,469,1,2517,2025-10-31T09:59:09.900557,1.4,1761884948.748000,479,1,2516,FALSE,FALSE,FALSE,FALSE,
2024,2025-10-31T09:59:10.901711,2435.4,2025-10-31T09:59:11.101258,199.5,1761884950.999000,472,1,2518,2025-10-31T09:59:11.107363,6.1,1761884949.951000,479,1,2517,FALSE,FALSE,FALSE,FALSE,
2025,2025-10-31T09:59:12.108570,2436.6,2025-10-31T09:59:12.303699,195.1,1761884952.202000,473,2,"2519,2520",2025-10-31T09:59:12.305037,1.3,1761884951.152000,480,2,"2518,2519",TRUE,TRUE,FALSE,FALSE,"Multi-ICG:2519,2520;Multi-ECG:2518,2519"
2026,2025-10-31T09:59:13.306441,2437.8,2025-10-31T09:59:13.506185,199.7,1761884953.403000,469,1,2521,2025-10-31T09:59:13.507994,1.8,1761884952.354000,479,1,2520,FALSE,FALSE,FALSE,FALSE,
2027,2025-10-31T09:59:14.509154,2439.0,2025-10-31T09:59:14.708184,199.0,1761884954.606000,473,1,2522,2025-10-31T09:59:14.709765,1.6,1761884953.556000,478,1,2521,FALSE,FALSE,FALSE,FALSE,
2028,2025-10-31T09:59:15.710951,2440.2,2025-10-31T09:59:15.911061,200.1,1761884955.809000,470,1,2523,2025-10-31T09:59:15.912461,1.4,1761884954.758000,480,1,2522,FALSE,FALSE,FALSE,FALSE,
2029,2025-10-31T09:59:16.913661,2441.4,2025-10-31T09:59:17.113262,199.6,1761884957.011000,469,1,2524,2025-10-31T09:59:17.114812,1.5,1761884955.961000,481,1,2523,FALSE,FALSE,FALSE,FALSE,
2030,2025-10-31T09:59:18.116078,2442.6,2025-10-31T09:59:18.315686,199.6,1761884958.214000,472,2,"2525,2526",2025-10-31T09:59:18.317299,1.6,1761884957.164000,481,2,"2524,2525",TRUE,TRUE,FALSE,FALSE,"Multi-ICG:2525,2526;Multi-ECG:2524,2525"
2031,2025-10-31T09:59:19.318811,2443.8,2025-10-31T09:59:19.518789,200.0,1761884959.417000,469,1,2527,2025-10-31T09:59:19.520219,1.4,1761884958.367000,481,1,2526,FALSE,FALSE,FALSE,FALSE,
2032,2025-10-31T09:59:20.521319,2445.0,2025-10-31T09:59:20.720726,199.4,1761884960.618000,468,1,2528,2025-10-31T09:59:20.722521,1.8,1761884959.570000,480,1,2527,FALSE,FALSE,FALSE,FALSE,
2033,2025-10-31T09:59:21.723893,2446.2,2025-10-31T09:59:21.928172,204.3,1761884961.821000,470,1,2529,2025-10-31T09:59:21.929622,1.4,1761884960.773000,481,1,2528,FALSE,FALSE,FALSE,FALSE,
2034,2025-10-31T09:59:22.930779,2447.4,2025-10-31T09:59:23.126583,195.8,1761884963.024000,470,1,2530,2025-10-31T09:59:23.128538,1.9,1761884961.975000,480,1,2529,FALSE,FALSE,FALSE,FALSE,
2035,2025-10-31T09:59:24.129858,2448.6,2025-10-31T09:59:24.328516,198.7,1761884964.227000,470,2,"2531,2532",2025-10-31T09:59:24.330095,1.6,1761884963.177000,480,2,"2530,2531",TRUE,TRUE,FALSE,FALSE,"Multi-ICG:2531,2532;Multi-ECG:2530,2531"
2036,2025-10-31T09:59:25.331466,2449.8,2025-10-31T09:59:25.530751,199.3,1761884965.429000,471,1,2533,2025-10-31T09:59:25.532083,1.3,1761884964.380000,479,1,2532,FALSE,FALSE,FALSE,FALSE,
2037,2025-10-31T09:59:26.533226,2451.0,2025-10-31T09:59:26.734197,201.0,1761884966.632000,470,1,2534,2025-10-31T09:59:26.735710,1.5,1761884965.583000,480,1,2533,FALSE,FALSE,FALSE,FALSE,
2038,2025-10-31T09:59:27.736863,2452.2,2025-10-31T09:59:27.937121,200.3,1761884967.834000,473,1,2535,2025-10-31T09:59:27.938702,1.6,1761884966.785000,480,1,2534,FALSE,FALSE,FALSE,FALSE,
2039,2025-10-31T09:59:28.939860,2453.4,2025-10-31T09:59:29.140751,200.9,1761884969.039000,470,1,2536,2025-10-31T09:59:29.142156,1.4,1761884967.987000,480,1,2535,FALSE,FALSE,FALSE,FALSE,
2040,2025-10-31T09:59:30.143303,2454.6,2025-10-31T09:59:30.343501,200.2,1761884970.241000,471,2,"2537,2538",2025-10-31T09:59:30.344937,1.4,1761884969.188000,480,2,"2536,2537",TRUE,TRUE,FALSE,FALSE,"Multi-ICG:2537,2538;Multi-ECG:2536,2537"
2041,2025-10-31T09:59:31.346624,2455.8,2025-10-31T09:59:31.545450,198.8,1761884971.444000,469,1,2539,2025-10-31T09:59:31.547116,1.7,1761884970.391000,478,1,2538,FALSE,FALSE,FALSE,FALSE,
2042,2025-10-31T09:59:32.548312,2457.0,2025-10-31T09:59:32.752610,204.3,1761884972.646000,472,1,2540,2025-10-31T09:59:32.754200,1.6,1761884971.593000,479,1,2539,FALSE,FALSE,FALSE,FALSE,
2043,2025-10-31T09:59:33.755315,2458.2,2025-10-31T09:59:33.950286,195.0,1761884973.849000,473,1,2541,2025-10-31T09:59:33.951754,1.5,1761884972.796000,479,1,2540,FALSE,FALSE,FALSE,FALSE,
2044,2025-10-31T09:59:34.952891,2459.4,2025-10-31T09:59:35.152486,199.6,1761884975.050000,468,1,2542,2025-10-31T09:59:35.153832,1.3,1761884973.998000,479,1,2541,FALSE,FALSE,FALSE,FALSE,
2045,2025-10-31T09:59:36.155038,2460.6,2025-10-31T09:59:36.354956,199.9,1761884976.253000,471,2,"2543,2544",2025-10-31T09:59:36.356413,1.4,1761884975.201000,481,2,"2542,2543",TRUE,TRUE,FALSE,FALSE,"Multi-ICG:2543,2544;Multi-ECG:2542,2543"
2046,2025-10-31T09:59:37.357749,2461.8,2025-10-31T09:59:37.557242,199.5,1761884977.456000,471,1,2545,2025-10-31T09:59:37.558913,1.7,1761884976.403000,479,1,2544,FALSE,FALSE,FALSE,FALSE,
2047,2025-10-31T09:59:38.560074,2463.0,2025-10-31T09:59:38.760083,200.0,1761884978.658000,470,1,2546,2025-10-31T09:59:38.761452,1.4,1761884977.606000,480,1,2545,FALSE,FALSE,FALSE,FALSE,
2048,2025-10-31T09:59:39.762657,2464.2,2025-10-31T09:59:39.962148,199.5,1761884979.860000,470,1,2547,2025-10-31T09:59:39.963641,1.5,1761884978.809000,480,1,2546,FALSE,FALSE,FALSE,FALSE,
2049,2025-10-31T09:59:40.964787,2465.4,2025-10-31T09:59:41.164288,199.5,1761884981.062000,470,1,2548,2025-10-31T09:59:41.165796,1.5,1761884980.011000,480,1,2547,FALSE,FALSE,FALSE,FALSE,
2050,2025-10-31T09:59:42.167025,2466.6,2025-10-31T09:59:42.366516,199.5,1761884982.265000,473,2,"2549,2550",2025-10-31T09:59:42.367853,1.3,1761884981.213000,480,2,"2548,2549",TRUE,TRUE,FALSE,FALSE,"Multi-ICG:2549,2550;Multi-ECG:2548,2549"
2051,2025-10-31T09:59:43.369485,2467.8,2025-10-31T09:59:43.572594,203.1,1761884983.466000,471,1,2551,2025-10-31T09:59:43.574194,1.6,1761884982.415000,479,1,2550,FALSE,FALSE,FALSE,FALSE,
2052,2025-10-31T09:59:44.575711,2469.0,2025-10-31T09:59:44.770212,194.5,1761884984.669000,473,1,2552,2025-10-31T09:59:44.771754,1.5,1761884983.618000,480,1,2551,FALSE,FALSE,FALSE,FALSE,
2053,2025-10-31T09:59:45.772901,2470.2,2025-10-31T09:59:45.972843,199.9,1761884985.871000,471,1,2553,2025-10-31T09:59:45.974483,1.6,1761884984.821000,481,1,2552,FALSE,FALSE,FALSE,FALSE,
2054,2025-10-31T09:59:46.975617,2471.4,2025-10-31T09:59:47.175126,199.5,1761884987.073000,472,1,2554,2025-10-31T09:59:47.176609,1.5,1761884986.023000,480,1,2553,FALSE,FALSE,FALSE,FALSE,
2055,2025-10-31T09:59:48.177748,2472.6,2025-10-31T09:59:48.377864,200.1,1761884988.275000,473,2,"2555,2556",2025-10-31T09:59:48.379716,1.8,1761884987.226000,480,2,"2554,2555",TRUE,TRUE,FALSE,FALSE,"Multi-ICG:2555,2556;Multi-ECG:2554,2555"
2056,2025-10-31T09:59:49.381568,2473.9,2025-10-31T09:59:49.580496,198.9,1761884989.478000,471,1,2557,2025-10-31T09:59:49.582059,1.6,1761884988.428000,480,1,2556,FALSE,FALSE,FALSE,FALSE,
2057,2025-10-31T09:59:50.583222,2475.1,2025-10-31T09:59:50.782910,199.7,1761884990.681000,471,1,2558,2025-10-31T09:59:50.784454,1.5,1761884989.629000,478,1,2557,FALSE,FALSE,FALSE,FALSE,
2058,2025-10-31T09:59:51.785572,2476.3,2025-10-31T09:59:51.985530,200.0,1761884991.884000,473,1,2559,2025-10-31T09:59:51.986984,1.4,1761884990.832000,479,1,2558,FALSE,FALSE,FALSE,FALSE,
2059,2025-10-31T09:59:52.988098,2477.5,2025-10-31T09:59:53.188065,200.0,1761884993.086000,471,1,2560,2025-10-31T09:59:53.193622,5.6,1761884992.034000,480,1,2559,FALSE,FALSE,FALSE,FALSE,
2060,2025-10-31T09:59:54.194844,2478.7,2025-10-31T09:59:54.390147,195.3,1761884994.289000,473,2,"2561,2562",2025-10-31T09:59:54.391640,1.5,1761884993.236000,481,2,"2560,2561",TRUE,TRUE,FALSE,FALSE,"Multi-ICG:2561,2562;Multi-ECG:2560,2561"
2061,2025-10-31T09:59:55.393300,2479.9,2025-10-31T09:59:55.592108,198.8,1761884995.490000,470,1,2563,2025-10-31T09:59:55.593489,1.4,1761884994.439000,478,1,2562,FALSE,FALSE,FALSE,FALSE,
2062,2025-10-31T09:59:56.594710,2481.1,2025-10-31T09:59:56.795000,200.3,1761884996.693000,471,1,2564,2025-10-31T09:59:56.796520,1.5,1761884995.641000,479,1,2563,FALSE,FALSE,FALSE,FALSE,
2063,2025-10-31T09:59:57.797671,2482.3,2025-10-31T09:59:57.997088,199.4,1761884997.895000,469,1,2565,2025-10-31T09:59:57.998768,1.7,1761884996.844000,480,1,2564,FALSE,FALSE,FALSE,FALSE,
2064,2025-10-31T09:59:58.999936,2483.5,2025-10-31T09:59:59.199636,199.7,1761884999.097000,472,1,2566,2025-10-31T09:59:59.201060,1.4,1761884998.046000,480,1,2565,FALSE,FALSE,FALSE,FALSE,
2065,2025-10-31T10:00:00.202255,2484.7,2025-10-31T10:00:00.401685,199.4,1761885000.300000,473,2,"2567,2568",2025-10-31T10:00:00.403183,1.5,1761884999.248000,479,2,"2566,2567",TRUE,TRUE,FALSE,FALSE,"Multi-ICG:2567,2568;Multi-ECG:2566,2567"
2066,2025-10-31T10:00:01.404835,2485.9,2025-10-31T10:00:01.604142,199.3,1761885001.502000,472,1,2569,2025-10-31T10:00:01.605413,1.3,1761885000.450000,478,1,2568,FALSE,FALSE,FALSE,FALSE,
2067,2025-10-31T10:00:02.606648,2487.1,2025-10-31T10:00:02.806876,200.2,1761885002.704000,470,1,2570,2025-10-31T10:00:02.808533,1.6,1761885001.653000,479,1,2569,FALSE,FALSE,FALSE,FALSE,
2068,2025-10-31T10:00:03.809808,2488.3,2025-10-31T10:00:04.008578,198.8,1761885003.907000,472,1,2571,2025-10-31T10:00:04.014626,6.0,1761885002.855000,479,1,2570,FALSE,FALSE,FALSE,FALSE,
2069,2025-10-31T10:00:05.015782,2489.5,2025-10-31T10:00:05.210954,195.2,1761885005.109000,471,1,2572,2025-10-31T10:00:05.212433,1.5,1761885004.056000,478,1,2571,FALSE,FALSE,FALSE,FALSE,
2070,2025-10-31T10:00:06.214172,2490.7,2025-10-31T10:00:06.413110,198.9,1761885006.311000,472,2,"2573,2574",2025-10-31T10:00:06.414961,1.8,1761885005.258000,480,2,"2572,2573",TRUE,TRUE,FALSE,FALSE,"Multi-ICG:2573,2574;Multi-ECG:2572,2573"
2071,2025-10-31T10:00:07.416486,2491.9,2025-10-31T10:00:07.615973,199.5,1761885007.514000,473,1,2575,2025-10-31T10:00:07.617512,1.5,1761885006.459000,480,1,2574,FALSE,FALSE,FALSE,FALSE,
2072,2025-10-31T10:00:08.618817,2493.1,2025-10-31T10:00:08.818958,200.1,1761885008.716000,469,1,2576,2025-10-31T10:00:08.820853,1.9,1761885007.661000,478,1,2575,FALSE,FALSE,FALSE,FALSE,
2073,2025-10-31T10:00:09.822479,2494.3,2025-10-31T10:00:10.019890,197.4,1761885009.918000,470,1,2577,2025-10-31T10:00:10.021360,1.5,1761885008.863000,478,1,2576,FALSE,FALSE,FALSE,FALSE,
2074,2025-10-31T10:00:11.022672,2495.5,2025-10-31T10:00:11.221745,199.1,1761885011.120000,470,1,2578,2025-10-31T10:00:11.223555,1.8,1761885010.065000,479,1,2577,FALSE,FALSE,FALSE,FALSE,
2075,2025-10-31T10:00:12.224867,2496.7,2025-10-31T10:00:12.423577,198.7,1761885012.322000,473,2,"2579,2580",2025-10-31T10:00:12.424891,1.3,1761885011.269000,482,2,"2578,2579",TRUE,TRUE,FALSE,FALSE,"Multi-ICG:2579,2580;Multi-ECG:2578,2579"
2076,2025-10-31T10:00:13.426345,2497.9,2025-10-31T10:00:13.625232,198.9,1761885013.524000,470,1,2581,2025-10-31T10:00:13.626859,1.6,1761885012.471000,480,1,2580,FALSE,FALSE,FALSE,FALSE,
2077,2025-10-31T10:00:14.628004,2499.1,2025-10-31T10:00:14.831463,203.5,1761885014.725000,471,1,2582,2025-10-31T10:00:14.832939,1.5,1761885013.674000,480,1,2581,FALSE,FALSE,FALSE,FALSE,
2078,2025-10-31T10:00:15.834164,2500.3,2025-10-31T10:00:16.028836,194.7,1761885015.927000,469,1,2583,2025-10-31T10:00:16.030445,1.6,1761885014.876000,479,1,2582,FALSE,FALSE,FALSE,FALSE,
2079,2025-10-31T10:00:17.031611,2501.5,2025-10-31T10:00:17.230788,199.2,1761885017.128000,471,1,2584,2025-10-31T10:00:17.232289,1.5,1761885016.079000,480,1,2583,FALSE,FALSE,FALSE,FALSE,
2080,2025-10-31T10:00:18.233462,2502.7,2025-10-31T10:00:18.433338,199.9,1761885018.332000,470,2,"2585,2586",2025-10-31T10:00:18.434793,1.4,1761885017.282000,480,2,"2584,2585",TRUE,TRUE,FALSE,FALSE,"Multi-ICG:2585,2586;Multi-ECG:2584,2585"
2081,2025-10-31T10:00:19.436260,2503.9,2025-10-31T10:00:19.636113,199.9,1761885019.534000,472,1,2587,2025-10-31T10:00:19.637647,1.5,1761885018.484000,480,1,2586,FALSE,FALSE,FALSE,FALSE,
2082,2025-10-31T10:00:20.638941,2505.1,2025-10-31T10:00:20.839396,200.5,1761885020.738000,472,1,2588,2025-10-31T10:00:20.840902,1.5,1761885019.686000,479,1,2587,FALSE,FALSE,FALSE,FALSE,
2083,2025-10-31T10:00:21.842000,2506.3,2025-10-31T10:00:22.044059,202.1,1761885021.939000,472,1,2589,2025-10-31T10:00:22.045473,1.4,1761885020.888000,479,1,2588,FALSE,FALSE,FALSE,FALSE,
2084,2025-10-31T10:00:23.046737,2507.5,2025-10-31T10:00:23.247645,200.9,1761885023.145000,474,1,2590,2025-10-31T10:00:23.249091,1.4,1761885022.090000,478,1,2589,FALSE,FALSE,FALSE,FALSE,
2085,2025-10-31T10:00:24.250369,2508.7,2025-10-31T10:00:24.449514,199.1,1761885024.348000,473,2,"2591,2592",2025-10-31T10:00:24.451088,1.6,1761885023.292000,480,2,"2590,2591",TRUE,TRUE,FALSE,FALSE,"Multi-ICG:2591,2592;Multi-ECG:2590,2591"
2086,2025-10-31T10:00:25.452396,2509.9,2025-10-31T10:00:25.656333,203.9,1761885025.550000,472,1,2593,2025-10-31T10:00:25.657785,1.4,1761885024.494000,478,1,2592,FALSE,FALSE,FALSE,FALSE,
2087,2025-10-31T10:00:26.658941,2511.1,2025-10-31T10:00:26.856007,197.1,1761885026.754000,473,1,2594,2025-10-31T10:00:26.857904,2.1,1761885025.697000,479,1,2593,FALSE,FALSE,FALSE,FALSE,
2088,2025-10-31T10:00:27.859518,2512.3,2025-10-31T10:00:28.059109,199.6,1761885027.956000,470,1,2595,2025-10-31T10:00:28.060467,1.3,1761885026.899000,480,1,2594,FALSE,FALSE,FALSE,FALSE,
2089,2025-10-31T10:00:29.061600,2513.5,2025-10-31T10:00:29.261531,199.9,1761885029.159000,471,2,"2596,2597",2025-10-31T10:00:29.263105,1.6,1761885028.101000,480,1,2595,TRUE,FALSE,FALSE,FALSE,"Multi-ICG:2596,2597"
2090,2025-10-31T10:00:30.264461,2514.7,2025-10-31T10:00:30.464651,200.2,1761885030.363000,472,1,2598,2025-10-31T10:00:30.466307,1.6,1761885029.302000,481,2,"2596,2597",FALSE,TRUE,FALSE,FALSE,"Multi-ECG:2596,2597"
2091,2025-10-31T10:00:31.467662,2515.9,2025-10-31T10:00:31.667041,199.4,1761885031.565000,471,1,2599,2025-10-31T10:00:31.668647,1.6,1761885030.505000,481,1,2598,FALSE,FALSE,FALSE,FALSE,
2092,2025-10-31T10:00:32.669815,2517.1,2025-10-31T10:00:32.869644,199.8,1761885032.767000,469,1,2600,2025-10-31T10:00:32.871748,2.1,1761885031.708000,480,1,2599,FALSE,FALSE,FALSE,FALSE,
2093,2025-10-31T10:00:33.872945,2518.3,2025-10-31T10:00:34.071922,199.0,1761885033.969000,473,1,2601,2025-10-31T10:00:34.073956,2.0,1761885032.909000,479,1,2600,FALSE,FALSE,FALSE,FALSE,
2094,2025-10-31T10:00:35.075126,2519.5,2025-10-31T10:00:35.274468,199.3,1761885035.172000,470,2,"2602,2603",2025-10-31T10:00:35.275827,1.3,1761885034.112000,480,1,2601,TRUE,FALSE,FALSE,FALSE,"Multi-ICG:2602,2603"
2095,2025-10-31T10:00:36.277136,2520.7,2025-10-31T10:00:36.481243,204.1,1761885036.375000,471,1,2604,2025-10-31T10:00:36.482844,1.6,1761885035.316000,481,2,"2602,2603",FALSE,TRUE,FALSE,FALSE,"Multi-ECG:2602,2603"
2096,2025-10-31T10:00:37.484129,2522.0,2025-10-31T10:00:37.678966,194.8,1761885037.577000,471,1,2605,2025-10-31T10:00:37.680524,1.5,1761885036.518000,478,1,2604,FALSE,FALSE,FALSE,FALSE,
2097,2025-10-31T10:00:38.681687,2523.2,2025-10-31T10:00:38.881036,199.3,1761885038.779000,471,1,2606,2025-10-31T10:00:38.882472,1.4,1761885037.721000,480,1,2605,FALSE,FALSE,FALSE,FALSE,
2098,2025-10-31T10:00:39.883600,2524.4,2025-10-31T10:00:40.083426,199.8,1761885039.982000,469,1,2607,2025-10-31T10:00:40.084925,1.5,1761885038.924000,480,1,2606,FALSE,FALSE,FALSE,FALSE,
2099,2025-10-31T10:00:41.086148,2525.6,2025-10-31T10:00:41.286004,199.9,1761885041.184000,472,2,"2608,2609",2025-10-31T10:00:41.287313,1.3,1761885040.127000,480,1,2607,TRUE,FALSE,FALSE,FALSE,"Multi-ICG:2608,2609"
2100,2025-10-31T10:00:42.288621,2526.8,2025-10-31T10:00:42.488029,199.4,1761885042.386000,470,1,2610,2025-10-31T10:00:42.489488,1.4,1761885041.331000,480,2,"2608,2609",FALSE,TRUE,FALSE,FALSE,"Multi-ECG:2608,2609"
2101,2025-10-31T10:00:43.490874,2528.0,2025-10-31T10:00:43.689700,198.8,1761885043.588000,471,1,2611,2025-10-31T10:00:43.691318,1.6,1761885042.533000,478,1,2610,FALSE,FALSE,FALSE,FALSE,
2102,2025-10-31T10:00:44.692630,2529.2,2025-10-31T10:00:44.891724,199.1,1761885044.790000,471,1,2612,2025-10-31T10:00:44.893049,1.3,1761885043.735000,479,1,2611,FALSE,FALSE,FALSE,FALSE,
2103,2025-10-31T10:00:45.894259,2530.4,2025-10-31T10:00:46.094207,199.9,1761885045.992000,470,1,2613,2025-10-31T10:00:46.099918,5.7,1761885044.938000,479,1,2612,FALSE,FALSE,FALSE,FALSE,
2104,2025-10-31T10:00:47.101093,2531.6,2025-10-31T10:00:47.296722,195.6,1761885047.195000,470,2,"2614,2615",2025-10-31T10:00:47.298269,1.5,1761885046.140000,480,1,2613,TRUE,FALSE,FALSE,FALSE,"Multi-ICG:2614,2615"
2105,2025-10-31T10:00:48.299619,2532.8,2025-10-31T10:00:48.498825,199.2,1761885048.397000,470,1,2616,2025-10-31T10:00:48.500181,1.3,1761885047.342000,481,2,"2614,2615",FALSE,TRUE,FALSE,FALSE,"Multi-ECG:2614,2615"
2106,2025-10-31T10:00:49.501481,2534.0,2025-10-31T10:00:49.700550,199.1,1761885049.599000,473,1,2617,2025-10-31T10:00:49.702094,1.5,1761885048.544000,478,1,2616,FALSE,FALSE,FALSE,FALSE,
2107,2025-10-31T10:00:50.703233,2535.2,2025-10-31T10:00:50.902211,199.0,1761885050.800000,472,1,2618,2025-10-31T10:00:50.903765,1.5,1761885049.746000,480,1,2617,FALSE,FALSE,FALSE,FALSE,
2108,2025-10-31T10:00:51.904925,2536.4,2025-10-31T10:00:52.104645,199.7,1761885052.002000,470,1,2619,2025-10-31T10:00:52.106128,1.5,1761885050.948000,476,1,2618,FALSE,FALSE,FALSE,FALSE,
2109,2025-10-31T10:00:53.107266,2537.6,2025-10-31T10:00:53.307189,199.9,1761885053.205000,472,2,"2620,2621",2025-10-31T10:00:53.308639,1.4,1761885052.150000,478,1,2619,TRUE,FALSE,FALSE,FALSE,"Multi-ICG:2620,2621"
2110,2025-10-31T10:00:54.309969,2538.8,2025-10-31T10:00:54.509325,199.4,1761885054.407000,470,1,2622,2025-10-31T10:00:54.510738,1.4,1761885053.352000,480,2,"2620,2621",FALSE,TRUE,FALSE,FALSE,"Multi-ECG:2620,2621"
2111,2025-10-31T10:00:55.512058,2540.0,2025-10-31T10:00:55.712710,200.7,1761885055.609000,471,1,2623,2025-10-31T10:00:55.714238,1.5,1761885054.554000,477,1,2622,FALSE,FALSE,FALSE,FALSE,
2112,2025-10-31T10:00:56.715367,2541.2,2025-10-31T10:00:56.915663,200.3,1761885056.814000,472,1,2624,2025-10-31T10:00:56.921559,5.9,1761885055.756000,478,1,2623,FALSE,FALSE,FALSE,FALSE,
2113,2025-10-31T10:00:57.922798,2542.4,2025-10-31T10:00:58.119469,196.7,1761885058.016000,472,1,2625,2025-10-31T10:00:58.120834,1.4,1761885056.957000,480,1,2624,FALSE,FALSE,FALSE,FALSE,
2114,2025-10-31T10:00:59.122018,2543.6,2025-10-31T10:00:59.322464,200.4,1761885059.220000,473,2,"2626,2627",2025-10-31T10:00:59.324009,1.5,1761885058.159000,479,1,2625,TRUE,FALSE,FALSE,FALSE,"Multi-ICG:2626,2627"
2115,2025-10-31T10:01:00.325322,2544.8,2025-10-31T10:01:00.524732,199.4,1761885060.423000,472,1,2628,2025-10-31T10:01:00.526602,1.9,1761885059.362000,481,2,"2626,2627",FALSE,TRUE,FALSE,FALSE,"Multi-ECG:2626,2627"
2116,2025-10-31T10:01:01.527969,2546.0,2025-10-31T10:01:01.727846,199.9,1761885061.625000,472,1,2629,2025-10-31T10:01:01.729267,1.4,1761885060.564000,480,1,2628,FALSE,FALSE,FALSE,FALSE,
2117,2025-10-31T10:01:02.730461,2547.2,2025-10-31T10:01:02.930410,199.9,1761885062.828000,472,1,2630,2025-10-31T10:01:02.931950,1.5,1761885061.768000,480,1,2629,FALSE,FALSE,FALSE,FALSE,
2118,2025-10-31T10:01:03.933083,2548.4,2025-10-31T10:01:04.132774,199.7,1761885064.030000,472,1,2631,2025-10-31T10:01:04.134549,1.8,1761885062.971000,480,1,2630,FALSE,FALSE,FALSE,FALSE,
2119,2025-10-31T10:01:05.135850,2549.6,2025-10-31T10:01:05.335029,199.2,1761885065.233000,472,2,"2632,2633",2025-10-31T10:01:05.336372,1.3,1761885064.173000,480,2,"2631,2632",TRUE,TRUE,FALSE,FALSE,"Multi-ICG:2632,2633;Multi-ECG:2631,2632"
2120,2025-10-31T10:01:06.337712,2550.8,2025-10-31T10:01:06.538387,200.7,1761885066.435000,472,1,2634,2025-10-31T10:01:06.539905,1.5,1761885065.376000,480,1,2633,FALSE,FALSE,FALSE,FALSE,
2121,2025-10-31T10:01:07.541050,2552.0,2025-10-31T10:01:07.746727,205.7,1761885067.639000,471,1,2635,2025-10-31T10:01:07.748183,1.4,1761885066.578000,479,1,2634,FALSE,FALSE,FALSE,FALSE,
2122,2025-10-31T10:01:08.749301,2553.2,2025-10-31T10:01:08.944747,195.4,1761885068.843000,471,1,2636,2025-10-31T10:01:08.946344,1.6,1761885067.781000,479,1,2635,FALSE,FALSE,FALSE,FALSE,
2123,2025-10-31T10:01:09.947485,2554.4,2025-10-31T10:01:10.147156,199.7,1761885070.045000,471,1,2637,2025-10-31T10:01:10.148666,1.5,1761885068.984000,480,1,2636,FALSE,FALSE,FALSE,FALSE,
2124,2025-10-31T10:01:11.149820,2555.6,2025-10-31T10:01:11.349781,200.0,1761885071.248000,473,2,"2638,2639",2025-10-31T10:01:11.351221,1.4,1761885070.187000,480,2,"2637,2638",TRUE,TRUE,FALSE,FALSE,"Multi-ICG:2638,2639;Multi-ECG:2637,2638"
2125,2025-10-31T10:01:12.352572,2556.8,2025-10-31T10:01:12.551745,199.2,1761885072.450000,472,1,2640,2025-10-31T10:01:12.553219,1.5,1761885071.390000,480,1,2639,FALSE,FALSE,FALSE,FALSE,
2126,2025-10-31T10:01:13.554422,2558.0,2025-10-31T10:01:13.753544,199.1,1761885073.652000,469,1,2641,2025-10-31T10:01:13.755112,1.6,1761885072.592000,480,1,2640,FALSE,FALSE,FALSE,FALSE,
2127,2025-10-31T10:01:14.756279,2559.2,2025-10-31T10:01:14.955419,199.1,1761885074.854000,471,1,2642,2025-10-31T10:01:14.956748,1.3,1761885073.795000,479,1,2641,FALSE,FALSE,FALSE,FALSE,
2128,2025-10-31T10:01:15.957903,2560.4,2025-10-31T10:01:16.157226,199.3,1761885076.056000,471,1,2643,2025-10-31T10:01:16.158787,1.5,1761885074.997000,479,1,2642,FALSE,FALSE,FALSE,FALSE,
2129,2025-10-31T10:01:17.160029,2561.6,2025-10-31T10:01:17.358921,198.9,1761885077.257000,473,2,"2644,2645",2025-10-31T10:01:17.360640,1.7,1761885076.199000,480,2,"2643,2644",TRUE,TRUE,FALSE,FALSE,"Multi-ICG:2644,2645;Multi-ECG:2643,2644"
2130,2025-10-31T10:01:18.362009,2562.8,2025-10-31T10:01:18.565804,203.8,1761885078.459000,470,1,2646,2025-10-31T10:01:18.567316,1.5,1761885077.401000,479,1,2645,FALSE,FALSE,FALSE,FALSE,
2131,2025-10-31T10:01:19.568446,2564.0,2025-10-31T10:01:19.763151,194.7,1761885079.661000,470,1,2647,2025-10-31T10:01:19.764559,1.4,1761885078.603000,479,1,2646,FALSE,FALSE,FALSE,FALSE,
2132,2025-10-31T10:01:20.765684,2565.2,2025-10-31T10:01:20.965333,199.7,1761885080.863000,469,1,2648,2025-10-31T10:01:20.966807,1.5,1761885079.804000,478,1,2647,FALSE,FALSE,FALSE,FALSE,
2133,2025-10-31T10:01:21.967939,2566.4,2025-10-31T10:01:22.167248,199.3,1761885082.065000,470,1,2649,2025-10-31T10:01:22.169195,1.9,1761885081.006000,478,1,2648,FALSE,FALSE,FALSE,FALSE,
2134,2025-10-31T10:01:23.170771,2567.6,2025-10-31T10:01:23.368815,198.0,1761885083.267000,472,2,"2650,2651",2025-10-31T10:01:23.370373,1.5,1761885082.208000,480,2,"2649,2650",TRUE,TRUE,FALSE,FALSE,"Multi-ICG:2650,2651;Multi-ECG:2649,2650"
2135,2025-10-31T10:01:24.371707,2568.8,2025-10-31T10:01:24.571693,200.0,1761885084.469000,473,1,2652,2025-10-31T10:01:24.573067,1.4,1761885083.410000,480,1,2651,FALSE,FALSE,FALSE,FALSE,
2136,2025-10-31T10:01:25.574270,2570.0,2025-10-31T10:01:25.774063,199.8,1761885085.672000,471,1,2653,2025-10-31T10:01:25.775505,1.4,1761885084.612000,478,1,2652,FALSE,FALSE,FALSE,FALSE,
2137,2025-10-31T10:01:26.776613,2571.2,2025-10-31T10:01:26.975838,199.2,1761885086.874000,469,1,2654,2025-10-31T10:01:26.977354,1.5,1761885085.814000,478,1,2653,FALSE,FALSE,FALSE,FALSE,
2138,2025-10-31T10:01:27.978524,2572.5,2025-10-31T10:01:28.178402,199.9,1761885088.076000,470,1,2655,2025-10-31T10:01:28.179722,1.3,1761885087.016000,480,1,2654,FALSE,FALSE,FALSE,FALSE,
2139,2025-10-31T10:01:29.180808,2573.7,2025-10-31T10:01:29.385150,204.3,1761885089.279000,471,2,"2656,2657",2025-10-31T10:01:29.386719,1.6,1761885088.218000,481,2,"2655,2656",TRUE,TRUE,FALSE,FALSE,"Multi-ICG:2656,2657;Multi-ECG:2655,2656"
2140,2025-10-31T10:01:30.387957,2574.9,2025-10-31T10:01:30.583697,195.7,1761885090.481000,472,1,2658,2025-10-31T10:01:30.585222,1.5,1761885089.421000,480,1,2657,FALSE,FALSE,FALSE,FALSE,
2141,2025-10-31T10:01:31.586353,2576.1,2025-10-31T10:01:31.786484,200.1,1761885091.684000,470,1,2659,2025-10-31T10:01:31.787804,1.3,1761885090.623000,480,1,2658,FALSE,FALSE,FALSE,FALSE,
2142,2025-10-31T10:01:32.788895,2577.3,2025-10-31T10:01:32.989017,200.1,1761885092.887000,471,1,2660,2025-10-31T10:01:32.990636,1.6,1761885091.824000,479,1,2659,FALSE,FALSE,FALSE,FALSE,
2143,2025-10-31T10:01:33.991710,2578.5,2025-10-31T10:01:34.191508,199.8,1761885094.089000,469,1,2661,2025-10-31T10:01:34.192990,1.5,1761885093.026000,479,1,2660,FALSE,FALSE,FALSE,FALSE,
2144,2025-10-31T10:01:35.194218,2579.7,2025-10-31T10:01:35.394093,199.9,1761885095.292000,472,2,"2662,2663",2025-10-31T10:01:35.395542,1.4,1761885094.229000,479,2,"2661,2662",TRUE,TRUE,FALSE,FALSE,"Multi-ICG:2662,2663;Multi-ECG:2661,2662"
2145,2025-10-31T10:01:36.396920,2580.9,2025-10-31T10:01:36.595805,198.9,1761885096.494000,470,1,2664,2025-10-31T10:01:36.597382,1.6,1761885095.431000,479,1,2663,FALSE,FALSE,FALSE,FALSE,
2146,2025-10-31T10:01:37.598599,2582.1,2025-10-31T10:01:37.798071,199.5,1761885097.696000,470,1,2665,2025-10-31T10:01:37.799387,1.3,1761885096.634000,479,1,2664,FALSE,FALSE,FALSE,FALSE,
2147,2025-10-31T10:01:38.800552,2583.3,2025-10-31T10:01:38.999879,199.3,1761885098.898000,470,1,2666,2025-10-31T10:01:39.005612,5.7,1761885097.836000,478,1,2665,FALSE,FALSE,FALSE,FALSE,
2148,2025-10-31T10:01:40.006809,2584.5,2025-10-31T10:01:40.202372,195.6,1761885100.100000,471,1,2667,2025-10-31T10:01:40.203868,1.5,1761885099.039000,479,1,2666,FALSE,FALSE,FALSE,FALSE,
2149,2025-10-31T10:01:41.205001,2585.7,2025-10-31T10:01:41.406201,201.2,1761885101.304000,473,2,"2668,2669",2025-10-31T10:01:41.407512,1.3,1761885100.241000,478,2,"2667,2668",TRUE,TRUE,FALSE,FALSE,"Multi-ICG:2668,2669;Multi-ECG:2667,2668"
2150,2025-10-31T10:01:42.408874,2586.9,2025-10-31T10:01:42.609036,200.2,1761885102.507000,473,1,2670,2025-10-31T10:01:42.610879,1.8,1761885101.444000,479,1,2669,FALSE,FALSE,FALSE,FALSE,
2151,2025-10-31T10:01:43.612044,2588.1,2025-10-31T10:01:43.811192,199.1,1761885103.709000,470,1,2671,2025-10-31T10:01:43.812690,1.5,1761885102.646000,480,1,2670,FALSE,FALSE,FALSE,FALSE,
2152,2025-10-31T10:01:44.813990,2589.3,2025-10-31T10:01:45.013789,199.8,1761885104.912000,471,1,2672,2025-10-31T10:01:45.015213,1.4,1761885103.847000,478,1,2671,FALSE,FALSE,FALSE,FALSE,
2153,2025-10-31T10:01:46.016332,2590.5,2025-10-31T10:01:46.216022,199.7,1761885106.114000,471,1,2673,2025-10-31T10:01:46.217532,1.5,1761885105.049000,481,1,2672,FALSE,FALSE,FALSE,FALSE,
2154,2025-10-31T10:01:47.218697,2591.7,2025-10-31T10:01:47.417643,198.9,1761885107.316000,473,2,"2674,2675",2025-10-31T10:01:47.419210,1.6,1761885106.251000,479,2,"2673,2674",TRUE,TRUE,FALSE,FALSE,"Multi-ICG:2674,2675;Multi-ECG:2673,2674"
2155,2025-10-31T10:01:48.420620,2592.9,2025-10-31T10:01:48.619810,199.2,1761885108.518000,470,1,2676,2025-10-31T10:01:48.621652,1.8,1761885107.453000,479,1,2675,FALSE,FALSE,FALSE,FALSE,
2156,2025-10-31T10:01:49.623320,2594.1,2025-10-31T10:01:49.821708,198.4,1761885109.720000,470,1,2677,2025-10-31T10:01:49.827919,6.2,1761885108.654000,478,1,2676,FALSE,FALSE,FALSE,FALSE,
2157,2025-10-31T10:01:50.829093,2595.3,2025-10-31T10:01:51.025162,196.1,1761885110.923000,470,1,2678,2025-10-31T10:01:51.026752,1.7,1761885109.855000,479,1,2677,FALSE,FALSE,FALSE,FALSE,
2158,2025-10-31T10:01:52.027968,2596.5,2025-10-31T10:01:52.228685,200.7,1761885112.126000,471,1,2679,2025-10-31T10:01:52.230308,1.6,1761885111.057000,479,1,2678,FALSE,FALSE,FALSE,FALSE,
2159,2025-10-31T10:01:53.231635,2597.7,2025-10-31T10:01:53.431275,199.6,1761885113.329000,474,2,"2680,2681",2025-10-31T10:01:53.432853,1.6,1761885112.259000,479,2,"2679,2680",TRUE,TRUE,FALSE,FALSE,"Multi-ICG:2680,2681;Multi-ECG:2679,2680"
2160,2025-10-31T10:01:54.434422,2598.9,2025-10-31T10:01:54.634129,199.7,1761885114.532000,472,1,2682,2025-10-31T10:01:54.635689,1.5,1761885113.461000,480,1,2681,FALSE,FALSE,FALSE,FALSE,
2161,2025-10-31T10:01:55.636817,2600.1,2025-10-31T10:01:55.836350,199.5,1761885115.734000,470,1,2683,2025-10-31T10:01:55.837894,1.5,1761885114.664000,479,1,2682,FALSE,FALSE,FALSE,FALSE,
2162,2025-10-31T10:01:56.839168,2601.3,2025-10-31T10:01:57.038347,199.2,1761885116.936000,469,1,2684,2025-10-31T10:01:57.039918,1.6,1761885115.866000,480,1,2683,FALSE,FALSE,FALSE,FALSE,
2163,2025-10-31T10:01:58.041155,2602.5,2025-10-31T10:01:58.240762,199.6,1761885118.139000,470,1,2685,2025-10-31T10:01:58.242181,1.4,1761885117.069000,481,1,2684,FALSE,FALSE,FALSE,FALSE,
2164,2025-10-31T10:01:59.243432,2603.7,2025-10-31T10:01:59.443404,200.0,1761885119.341000,472,2,"2686,2687",2025-10-31T10:01:59.444931,1.5,1761885118.271000,482,2,"2685,2686",TRUE,TRUE,FALSE,FALSE,"Multi-ICG:2686,2687;Multi-ECG:2685,2686"
2165,2025-10-31T10:02:00.446386,2604.9,2025-10-31T10:02:00.645480,199.1,1761885120.544000,471,1,2688,2025-10-31T10:02:00.651479,6.0,1761885119.473000,480,1,2687,FALSE,FALSE,FALSE,FALSE,
2166,2025-10-31T10:02:01.652670,2606.1,2025-10-31T10:02:01.847500,194.8,1761885121.746000,469,1,2689,2025-10-31T10:02:01.849070,1.6,1761885120.675000,480,1,2688,FALSE,FALSE,FALSE,FALSE,
2167,2025-10-31T10:02:02.850356,2607.3,2025-10-31T10:02:03.050144,199.8,1761885122.948000,470,1,2690,2025-10-31T10:02:03.051673,1.5,1761885121.877000,480,1,2689,FALSE,FALSE,FALSE,FALSE,
2168,2025-10-31T10:02:04.052931,2608.5,2025-10-31T10:02:04.252916,200.0,1761885124.151000,472,1,2691,2025-10-31T10:02:04.254427,1.5,1761885123.079000,479,1,2690,FALSE,FALSE,FALSE,FALSE,
2169,2025-10-31T10:02:05.255571,2609.7,2025-10-31T10:02:05.455261,199.7,1761885125.353000,470,2,"2692,2693",2025-10-31T10:02:05.456824,1.6,1761885124.282000,481,2,"2691,2692",TRUE,TRUE,FALSE,FALSE,"Multi-ICG:2692,2693;Multi-ECG:2691,2692"
2170,2025-10-31T10:02:06.458286,2610.9,2025-10-31T10:02:06.658714,200.4,1761885126.555000,470,1,2694,2025-10-31T10:02:06.660465,1.7,1761885125.484000,478,1,2693,FALSE,FALSE,FALSE,FALSE,
2171,2025-10-31T10:02:07.661593,2612.1,2025-10-31T10:02:07.861160,199.6,1761885127.759000,470,1,2695,2025-10-31T10:02:07.862785,1.6,1761885126.687000,479,1,2694,FALSE,FALSE,FALSE,FALSE,
2172,2025-10-31T10:02:08.864149,2613.3,2025-10-31T10:02:09.063338,199.2,1761885128.961000,472,1,2696,2025-10-31T10:02:09.065412,2.1,1761885127.889000,479,1,2695,FALSE,FALSE,FALSE,FALSE,
2173,2025-10-31T10:02:10.066593,2614.5,2025-10-31T10:02:10.265738,199.1,1761885130.163000,470,1,2697,2025-10-31T10:02:10.267822,2.1,1761885129.091000,480,1,2696,FALSE,FALSE,FALSE,FALSE,
2174,2025-10-31T10:02:11.268954,2615.7,2025-10-31T10:02:11.473781,204.8,1761885131.366000,471,2,"2698,2699",2025-10-31T10:02:11.475224,1.4,1761885130.293000,479,2,"2697,2698",TRUE,TRUE,FALSE,FALSE,"Multi-ICG:2698,2699;Multi-ECG:2697,2698"
2175,2025-10-31T10:02:12.476591,2616.9,2025-10-31T10:02:12.672440,195.8,1761885132.570000,471,1,2700,2025-10-31T10:02:12.674094,1.6,1761885131.495000,478,1,2699,FALSE,FALSE,FALSE,FALSE,
2176,2025-10-31T10:02:13.675355,2618.1,2025-10-31T10:02:13.874920,199.6,1761885133.773000,472,1,2701,2025-10-31T10:02:13.876579,1.6,1761885132.697000,477,1,2700,FALSE,FALSE,FALSE,FALSE,
2177,2025-10-31T10:02:14.877713,2619.3,2025-10-31T10:02:15.076924,199.2,1761885134.975000,469,1,2702,2025-10-31T10:02:15.078704,1.8,1761885133.898000,480,1,2701,FALSE,FALSE,FALSE,FALSE,
2178,2025-10-31T10:02:16.080041,2620.6,2025-10-31T10:02:16.279108,199.1,1761885136.177000,470,1,2703,2025-10-31T10:02:16.280617,1.5,1761885135.100000,480,1,2702,FALSE,FALSE,FALSE,FALSE,
2179,2025-10-31T10:02:17.281766,2621.8,2025-10-31T10:02:17.482721,201.0,1761885137.380000,472,2,"2704,2705",2025-10-31T10:02:17.484056,1.3,1761885136.302000,481,2,"2703,2704",TRUE,TRUE,FALSE,FALSE,"Multi-ICG:2704,2705;Multi-ECG:2703,2704"
2180,2025-10-31T10:02:18.485742,2623.0,2025-10-31T10:02:18.686231,200.5,1761885138.584000,473,1,2706,2025-10-31T10:02:18.687678,1.4,1761885137.504000,480,1,2705,FALSE,FALSE,FALSE,FALSE,
2181,2025-10-31T10:02:19.688844,2624.2,2025-10-31T10:02:19.889186,200.3,1761885139.787000,472,1,2707,2025-10-31T10:02:19.890716,1.5,1761885138.707000,480,1,2706,FALSE,FALSE,FALSE,FALSE,
2182,2025-10-31T10:02:20.891964,2625.4,2025-10-31T10:02:21.092629,200.7,1761885140.990000,473,1,2708,2025-10-31T10:02:21.093989,1.4,1761885139.910000,480,1,2707,FALSE,FALSE,FALSE,FALSE,
2183,2025-10-31T10:02:22.095136,2626.6,2025-10-31T10:02:22.299044,203.9,1761885142.193000,471,1,2709,2025-10-31T10:02:22.300568,1.5,1761885141.113000,480,1,2708,FALSE,FALSE,FALSE,FALSE,
2184,2025-10-31T10:02:23.301693,2627.8,2025-10-31T10:02:23.497588,195.9,1761885143.396000,471,2,"2710,2711",2025-10-31T10:02:23.499215,1.6,1761885142.315000,480,2,"2709,2710",TRUE,TRUE,FALSE,FALSE,"Multi-ICG:2710,2711;Multi-ECG:2709,2710"
2185,2025-10-31T10:02:24.500637,2629.0,2025-10-31T10:02:24.699935,199.3,1761885144.598000,472,1,2712,2025-10-31T10:02:24.701415,1.5,1761885143.517000,479,1,2711,FALSE,FALSE,FALSE,FALSE,
2186,2025-10-31T10:02:25.702672,2630.2,2025-10-31T10:02:25.902808,200.1,1761885145.800000,469,1,2713,2025-10-31T10:02:25.904823,2.0,1761885144.720000,478,1,2712,FALSE,FALSE,FALSE,FALSE,
2187,2025-10-31T10:02:26.906209,2631.4,2025-10-31T10:02:27.104962,198.8,1761885147.003000,472,1,2714,2025-10-31T10:02:27.106651,1.7,1761885145.921000,480,1,2713,FALSE,FALSE,FALSE,FALSE,
2188,2025-10-31T10:02:28.107798,2632.6,2025-10-31T10:02:28.307814,200.0,1761885148.205000,473,2,"2715,2716",2025-10-31T10:02:28.309258,1.4,1761885147.123000,480,1,2714,TRUE,FALSE,FALSE,FALSE,"Multi-ICG:2715,2716"
2189,2025-10-31T10:02:29.310746,2633.8,2025-10-31T10:02:29.509718,199.0,1761885149.408000,469,1,2717,2025-10-31T10:02:29.511389,1.7,1761885148.325000,480,2,"2715,2716",FALSE,TRUE,FALSE,FALSE,"Multi-ECG:2715,2716"
2190,2025-10-31T10:02:30.512982,2635.0,2025-10-31T10:02:30.712043,199.1,1761885150.610000,471,1,2718,2025-10-31T10:02:30.713533,1.5,1761885149.527000,478,1,2717,FALSE,FALSE,FALSE,FALSE,
2191,2025-10-31T10:02:31.714986,2636.2,2025-10-31T10:02:31.913968,199.0,1761885151.812000,470,1,2719,2025-10-31T10:02:31.919551,5.6,1761885150.729000,477,1,2718,FALSE,FALSE,FALSE,FALSE,
2192,2025-10-31T10:02:32.920743,2637.4,2025-10-31T10:02:33.116339,195.6,1761885153.014000,472,1,2720,2025-10-31T10:02:33.117763,1.4,1761885151.931000,480,1,2719,FALSE,FALSE,FALSE,FALSE,
2193,2025-10-31T10:02:34.119017,2638.6,2025-10-31T10:02:34.319283,200.3,1761885154.217000,471,2,"2721,2722",2025-10-31T10:02:34.320615,1.3,1761885153.133000,480,1,2720,TRUE,FALSE,FALSE,FALSE,"Multi-ICG:2721,2722"
2194,2025-10-31T10:02:35.322211,2639.8,2025-10-31T10:02:35.521279,199.1,1761885155.419000,473,1,2723,2025-10-31T10:02:35.522863,1.6,1761885154.335000,480,2,"2721,2722",FALSE,TRUE,FALSE,FALSE,"Multi-ECG:2721,2722"
2195,2025-10-31T10:02:36.524160,2641.0,2025-10-31T10:02:36.722839,198.7,1761885156.621000,470,1,2724,2025-10-31T10:02:36.724366,1.5,1761885155.537000,479,1,2723,FALSE,FALSE,FALSE,FALSE,
2196,2025-10-31T10:02:37.725584,2642.2,2025-10-31T10:02:37.924752,199.2,1761885157.823000,471,1,2725,2025-10-31T10:02:37.926170,1.4,1761885156.739000,480,1,2724,FALSE,FALSE,FALSE,FALSE,
2197,2025-10-31T10:02:38.927309,2643.4,2025-10-31T10:02:39.126481,199.2,1761885159.025000,471,1,2726,2025-10-31T10:02:39.127909,1.4,1761885157.941000,478,1,2725,FALSE,FALSE,FALSE,FALSE,
2198,2025-10-31T10:02:40.129039,2644.6,2025-10-31T10:02:40.328007,199.0,1761885160.227000,473,2,"2727,2728",2025-10-31T10:02:40.329552,1.5,1761885159.143000,479,1,2726,TRUE,FALSE,FALSE,FALSE,"Multi-ICG:2727,2728"
2199,2025-10-31T10:02:41.330917,2645.8,2025-10-31T10:02:41.530129,199.2,1761885161.428000,470,1,2729,2025-10-31T10:02:41.531481,1.3,1761885160.345000,480,2,"2727,2728",FALSE,TRUE,FALSE,FALSE,"Multi-ECG:2727,2728"
2200,2025-10-31T10:02:42.532797,2647.0,2025-10-31T10:02:42.731909,199.1,1761885162.630000,470,1,2730,2025-10-31T10:02:42.737863,5.9,1761885161.546000,480,1,2729,FALSE,FALSE,FALSE,FALSE,
2201,2025-10-31T10:02:43.739121,2648.2,2025-10-31T10:02:43.934131,195.0,1761885163.832000,473,1,2731,2025-10-31T10:02:43.935507,1.4,1761885162.750000,480,1,2730,FALSE,FALSE,FALSE,FALSE,
2202,2025-10-31T10:02:44.937178,2649.4,2025-10-31T10:02:45.135964,198.8,1761885165.034000,472,1,2732,2025-10-31T10:02:45.137398,1.4,1761885163.954000,479,1,2731,FALSE,FALSE,FALSE,FALSE,
2203,2025-10-31T10:02:46.138715,2650.6,2025-10-31T10:02:46.338185,199.5,1761885166.236000,472,2,"2733,2734",2025-10-31T10:02:46.339703,1.5,1761885165.156000,479,1,2732,TRUE,FALSE,FALSE,FALSE,"Multi-ICG:2733,2734"
2204,2025-10-31T10:02:47.340992,2651.8,2025-10-31T10:02:47.540285,199.3,1761885167.438000,469,1,2735,2025-10-31T10:02:47.541579,1.3,1761885166.358000,479,2,"2733,2734",FALSE,TRUE,FALSE,FALSE,"Multi-ECG:2733,2734"
2205,2025-10-31T10:02:48.542997,2653.0,2025-10-31T10:02:48.742579,199.6,1761885168.640000,471,1,2736,2025-10-31T10:02:48.744120,1.5,1761885167.560000,480,1,2735,FALSE,FALSE,FALSE,FALSE,
2206,2025-10-31T10:02:49.745429,2654.2,2025-10-31T10:02:49.944759,199.3,1761885169.842000,472,1,2737,2025-10-31T10:02:49.946294,1.5,1761885168.762000,480,1,2736,FALSE,FALSE,FALSE,FALSE,
2207,2025-10-31T10:02:50.947436,2655.4,2025-10-31T10:02:51.148495,201.1,1761885171.046000,470,1,2738,2025-10-31T10:02:51.150254,1.7,1761885169.964000,481,1,2737,FALSE,FALSE,FALSE,FALSE,
2208,2025-10-31T10:02:52.151415,2656.6,2025-10-31T10:02:52.351797,200.4,1761885172.250000,473,2,"2739,2740",2025-10-31T10:02:52.353263,1.5,1761885171.166000,478,1,2738,TRUE,FALSE,FALSE,FALSE,"Multi-ICG:2739,2740"
2209,2025-10-31T10:02:53.354703,2657.8,2025-10-31T10:02:53.554053,199.4,1761885173.452000,470,1,2741,2025-10-31T10:02:53.560187,6.1,1761885172.367000,479,2,"2739,2740",FALSE,TRUE,FALSE,FALSE,"Multi-ECG:2739,2740"
2210,2025-10-31T10:02:54.561516,2659.0,2025-10-31T10:02:54.756460,194.9,1761885174.654000,470,1,2742,2025-10-31T10:02:54.757838,1.4,1761885173.569000,480,1,2741,FALSE,FALSE,FALSE,FALSE,
2211,2025-10-31T10:02:55.759346,2660.2,2025-10-31T10:02:55.958938,199.6,1761885175.857000,470,1,2743,2025-10-31T10:02:55.960599,1.6,1761885174.771000,480,1,2742,FALSE,FALSE,FALSE,FALSE,
2212,2025-10-31T10:02:56.961756,2661.4,2025-10-31T10:02:57.160845,199.1,1761885177.059000,471,1,2744,2025-10-31T10:02:57.162267,1.4,1761885175.974000,481,1,2743,FALSE,FALSE,FALSE,FALSE,
2213,2025-10-31T10:02:58.163537,2662.6,2025-10-31T10:02:58.363134,199.6,1761885178.262000,473,2,"2745,2746",2025-10-31T10:02:58.364572,1.4,1761885177.175000,479,1,2744,TRUE,FALSE,FALSE,FALSE,"Multi-ICG:2745,2746"
2214,2025-10-31T10:02:59.365901,2663.8,2025-10-31T10:02:59.564843,198.9,1761885179.463000,471,1,2747,2025-10-31T10:02:59.566460,1.6,1761885178.377000,481,2,"2745,2746",FALSE,TRUE,FALSE,FALSE,"Multi-ECG:2745,2746"
2215,2025-10-31T10:03:00.567763,2665.0,2025-10-31T10:03:00.768842,201.1,1761885180.666000,471,1,2748,2025-10-31T10:03:00.770295,1.4,1761885179.579000,479,1,2747,FALSE,FALSE,FALSE,FALSE,
2216,2025-10-31T10:03:01.771453,2666.2,2025-10-31T10:03:01.972282,200.8,1761885181.869000,471,1,2749,2025-10-31T10:03:01.973769,1.5,1761885180.781000,479,1,2748,FALSE,FALSE,FALSE,FALSE,
2217,2025-10-31T10:03:02.975076,2667.4,2025-10-31T10:03:03.175141,200.1,1761885183.072000,471,1,2750,2025-10-31T10:03:03.176653,1.5,1761885181.982000,480,1,2749,FALSE,FALSE,FALSE,FALSE,
2218,2025-10-31T10:03:04.177832,2668.6,2025-10-31T10:03:04.382277,204.4,1761885184.275000,472,2,"2751,2752",2025-10-31T10:03:04.383588,1.3,1761885183.184000,479,1,2750,TRUE,FALSE,FALSE,FALSE,"Multi-ICG:2751,2752"
2219,2025-10-31T10:03:05.384921,2669.9,2025-10-31T10:03:05.580347,195.4,1761885185.478000,472,1,2753,2025-10-31T10:03:05.581833,1.5,1761885184.386000,479,2,"2751,2752",FALSE,TRUE,FALSE,FALSE,"Multi-ECG:2751,2752"
2220,2025-10-31T10:03:06.583220,2671.1,2025-10-31T10:03:06.782656,199.4,1761885186.681000,469,1,2754,2025-10-31T10:03:06.784180,1.5,1761885185.588000,479,1,2753,FALSE,FALSE,FALSE,FALSE,
2221,2025-10-31T10:03:07.785327,2672.3,2025-10-31T10:03:07.985850,200.5,1761885187.883000,470,1,2755,2025-10-31T10:03:07.987606,1.7,1761885186.789000,480,1,2754,FALSE,FALSE,FALSE,FALSE,
2222,2025-10-31T10:03:08.989086,2673.5,2025-10-31T10:03:09.187769,198.7,1761885189.086000,468,1,2756,2025-10-31T10:03:09.189315,1.5,1761885187.992000,480,1,2755,FALSE,FALSE,FALSE,FALSE,
2223,2025-10-31T10:03:10.190523,2674.7,2025-10-31T10:03:10.390145,199.6,1761885190.288000,473,2,"2757,2758",2025-10-31T10:03:10.391461,1.3,1761885189.194000,480,1,2756,TRUE,FALSE,FALSE,FALSE,"Multi-ICG:2757,2758"
2224,2025-10-31T10:03:11.392776,2675.9,2025-10-31T10:03:11.592863,200.1,1761885191.490000,470,1,2759,2025-10-31T10:03:11.594992,2.1,1761885190.397000,481,2,"2757,2758",FALSE,TRUE,FALSE,FALSE,"Multi-ECG:2757,2758"
2225,2025-10-31T10:03:12.597265,2677.1,2025-10-31T10:03:12.794791,197.5,1761885192.693000,470,1,2760,2025-10-31T10:03:12.796863,2.1,1761885191.599000,479,1,2759,FALSE,FALSE,FALSE,FALSE,
2226,2025-10-31T10:03:13.798425,2678.3,2025-10-31T10:03:13.996003,197.6,1761885193.894000,469,1,2761,2025-10-31T10:03:13.997354,1.3,1761885192.801000,479,1,2760,FALSE,FALSE,FALSE,FALSE,
2227,2025-10-31T10:03:14.998605,2679.5,2025-10-31T10:03:15.203891,205.3,1761885195.096000,470,1,2762,2025-10-31T10:03:15.205404,1.5,1761885194.002000,479,1,2761,FALSE,FALSE,FALSE,FALSE,
2228,2025-10-31T10:03:16.206601,2680.7,2025-10-31T10:03:16.400424,193.8,1761885196.299000,471,2,"2763,2764",2025-10-31T10:03:16.402067,1.6,1761885195.304000,520,2,"2762,2763",TRUE,TRUE,FALSE,FALSE,"Multi-ICG:2763,2764;Multi-ECG:2762,2763"
2229,2025-10-31T10:03:17.403502,2681.9,2025-10-31T10:03:17.602285,198.8,1761885197.501000,469,1,2765,2025-10-31T10:03:17.603476,1.2,1761885196.406000,437,1,2764,FALSE,FALSE,FALSE,FALSE,
2230,2025-10-31T10:03:18.604591,2683.1,2025-10-31T10:03:18.804219,199.6,1761885198.702000,469,1,2766,2025-10-31T10:03:18.805658,1.4,1761885197.608000,480,1,2765,FALSE,FALSE,FALSE,FALSE,
2231,2025-10-31T10:03:19.806909,2684.3,2025-10-31T10:03:20.005785,198.9,1761885199.904000,471,1,2767,2025-10-31T10:03:20.007345,1.5,1761885198.810000,479,1,2766,FALSE,FALSE,FALSE,FALSE,
2232,2025-10-31T10:03:21.008669,2685.5,2025-10-31T10:03:21.207870,199.2,1761885201.106000,471,1,2768,2025-10-31T10:03:21.209232,1.3,1761885200.012000,479,1,2767,FALSE,FALSE,FALSE,FALSE,
2233,2025-10-31T10:03:22.210441,2686.7,2025-10-31T10:03:22.409807,199.4,1761885202.308000,471,2,"2769,2770",2025-10-31T10:03:22.411419,1.6,1761885201.216000,479,1,2768,TRUE,FALSE,FALSE,FALSE,"Multi-ICG:2769,2770"
2234,2025-10-31T10:03:23.412747,2687.9,2025-10-31T10:03:23.612046,199.3,1761885203.510000,472,1,2771,2025-10-31T10:03:23.613576,1.5,1761885202.417000,478,2,"2769,2770",FALSE,TRUE,FALSE,FALSE,"Multi-ECG:2769,2770"
2235,2025-10-31T10:03:24.614912,2689.1,2025-10-31T10:03:24.815138,200.2,1761885204.712000,470,1,2772,2025-10-31T10:03:24.820699,5.6,1761885203.620000,480,1,2771,FALSE,FALSE,FALSE,FALSE,
2236,2025-10-31T10:03:25.822130,2690.3,2025-10-31T10:03:26.016785,194.7,1761885205.915000,472,1,2773,2025-10-31T10:03:26.018463,1.7,1761885204.822000,480,1,2772,FALSE,FALSE,FALSE,FALSE,
2237,2025-10-31T10:03:27.019646,2691.5,2025-10-31T10:03:27.219978,200.3,1761885207.117000,472,1,2774,2025-10-31T10:03:27.221423,1.4,1761885206.024000,479,1,2773,FALSE,FALSE,FALSE,FALSE,
2238,2025-10-31T10:03:28.222948,2692.7,2025-10-31T10:03:28.423205,200.3,1761885208.321000,471,2,"2775,2776",2025-10-31T10:03:28.424930,1.7,1761885207.225000,480,2,"2774,2775",TRUE,TRUE,FALSE,FALSE,"Multi-ICG:2775,2776;Multi-ECG:2774,2775"
2239,2025-10-31T10:03:29.426467,2693.9,2025-10-31T10:03:29.625886,199.4,1761885209.524000,470,1,2777,2025-10-31T10:03:29.627502,1.6,1761885208.427000,479,1,2776,FALSE,FALSE,FALSE,FALSE,
2240,2025-10-31T10:03:30.628669,2695.1,2025-10-31T10:03:30.828391,199.7,1761885210.726000,472,1,2778,2025-10-31T10:03:30.829683,1.3,1761885209.629000,479,1,2777,FALSE,FALSE,FALSE,FALSE,
2241,2025-10-31T10:03:31.831035,2696.3,2025-10-31T10:03:32.031154,200.1,1761885211.929000,471,1,2779,2025-10-31T10:03:32.032729,1.6,1761885210.832000,479,1,2778,FALSE,FALSE,FALSE,FALSE,
2242,2025-10-31T10:03:33.033994,2697.5,2025-10-31T10:03:33.233789,199.8,1761885213.132000,470,1,2780,2025-10-31T10:03:33.235304,1.5,1761885212.035000,480,1,2779,FALSE,FALSE,FALSE,FALSE,
2243,2025-10-31T10:03:34.236427,2698.7,2025-10-31T10:03:34.436407,200.0,1761885214.334000,471,2,"2781,2782",2025-10-31T10:03:34.438565,2.1,1761885213.237000,480,2,"2780,2781",TRUE,TRUE,FALSE,FALSE,"Multi-ICG:2781,2782;Multi-ECG:2780,2781"
2244,2025-10-31T10:03:35.440320,2699.9,2025-10-31T10:03:35.638257,197.9,1761885215.537000,470,1,2783,2025-10-31T10:03:35.644527,6.3,1761885214.440000,479,1,2782,FALSE,FALSE,FALSE,FALSE,
2245,2025-10-31T10:03:36.645692,2701.1,2025-10-31T10:03:36.839977,194.3,1761885216.738000,471,1,2784,2025-10-31T10:03:36.841469,1.5,1761885215.642000,479,1,2783,FALSE,FALSE,FALSE,FALSE,
2246,2025-10-31T10:03:37.842733,2702.3,2025-10-31T10:03:38.042495,199.8,1761885217.941000,471,1,2785,2025-10-31T10:03:38.043957,1.5,1761885216.844000,478,1,2784,FALSE,FALSE,FALSE,FALSE,
2247,2025-10-31T10:03:39.045110,2703.5,2025-10-31T10:03:39.244485,199.4,1761885219.143000,470,1,2786,2025-10-31T10:03:39.246043,1.5,1761885218.046000,479,1,2785,FALSE,FALSE,FALSE,FALSE,
2248,2025-10-31T10:03:40.247195,2704.7,2025-10-31T10:03:40.447167,200.0,1761885220.345000,471,2,"2787,2788",2025-10-31T10:03:40.448454,1.3,1761885219.248000,480,2,"2786,2787",TRUE,TRUE,FALSE,FALSE,"Multi-ICG:2787,2788;Multi-ECG:2786,2787"
2249,2025-10-31T10:03:41.449791,2705.9,2025-10-31T10:03:41.649853,200.1,1761885221.547000,473,1,2789,2025-10-31T10:03:41.651467,1.6,1761885220.450000,480,1,2788,FALSE,FALSE,FALSE,FALSE,
2250,2025-10-31T10:03:42.652622,2707.1,2025-10-31T10:03:42.852478,199.9,1761885222.751000,470,1,2790,2025-10-31T10:03:42.854053,1.6,1761885221.653000,479,1,2789,FALSE,FALSE,FALSE,FALSE,
2251,2025-10-31T10:03:43.855172,2708.3,2025-10-31T10:03:44.056354,201.2,1761885223.953000,469,1,2791,2025-10-31T10:03:44.057681,1.3,1761885222.856000,481,1,2790,FALSE,FALSE,FALSE,FALSE,
2252,2025-10-31T10:03:45.059018,2709.5,2025-10-31T10:03:45.259278,200.3,1761885225.157000,470,1,2792,2025-10-31T10:03:45.260684,1.4,1761885224.059000,479,1,2791,FALSE,FALSE,FALSE,FALSE,
2253,2025-10-31T10:03:46.261811,2710.7,2025-10-31T10:03:46.462399,200.6,1761885226.359000,473,2,"2793,2794",2025-10-31T10:03:46.468490,6.1,1761885225.261000,480,2,"2792,2793",TRUE,TRUE,FALSE,FALSE,"Multi-ICG:2793,2794;Multi-ECG:2792,2793"
2254,2025-10-31T10:03:47.469881,2711.9,2025-10-31T10:03:47.665643,195.8,1761885227.563000,473,1,2795,2025-10-31T10:03:47.667059,1.4,1761885226.465000,480,1,2794,FALSE,FALSE,FALSE,FALSE,
2255,2025-10-31T10:03:48.668162,2713.1,2025-10-31T10:03:48.868799,200.6,1761885228.767000,471,1,2796,2025-10-31T10:03:48.870341,1.5,1761885227.669000,479,1,2795,FALSE,FALSE,FALSE,FALSE,
2256,2025-10-31T10:03:49.871479,2714.3,2025-10-31T10:03:50.071814,200.3,1761885229.970000,471,1,2797,2025-10-31T10:03:50.073234,1.4,1761885228.871000,479,1,2796,FALSE,FALSE,FALSE,FALSE,
2257,2025-10-31T10:03:51.074476,2715.5,2025-10-31T10:03:51.274492,200.0,1761885231.172000,469,1,2798,2025-10-31T10:03:51.275847,1.3,1761885230.074000,478,1,2797,FALSE,FALSE,FALSE,FALSE,
2258,2025-10-31T10:03:52.276962,2716.7,2025-10-31T10:03:52.477007,200.0,1761885232.375000,471,2,"2799,2800",2025-10-31T10:03:52.478502,1.5,1761885231.277000,479,2,"2798,2799",TRUE,TRUE,FALSE,FALSE,"Multi-ICG:2799,2800;Multi-ECG:2798,2799"
2259,2025-10-31T10:03:53.479931,2718.0,2025-10-31T10:03:53.679736,199.8,1761885233.578000,471,1,2801,2025-10-31T10:03:53.681023,1.3,1761885232.479000,481,1,2800,FALSE,FALSE,FALSE,FALSE,
2260,2025-10-31T10:03:54.682226,2719.2,2025-10-31T10:03:54.882509,200.3,1761885234.780000,469,1,2802,2025-10-31T10:03:54.883950,1.4,1761885233.681000,479,1,2801,FALSE,FALSE,FALSE,FALSE,
2261,2025-10-31T10:03:55.885129,2720.4,2025-10-31T10:03:56.084552,199.4,1761885235.983000,471,1,2803,2025-10-31T10:03:56.086077,1.5,1761885234.884000,480,1,2802,FALSE,FALSE,FALSE,FALSE,
2262,2025-10-31T10:03:57.087226,2721.6,2025-10-31T10:03:57.291403,204.2,1761885237.185000,471,1,2804,2025-10-31T10:03:57.292950,1.5,1761885236.085000,480,1,2803,FALSE,FALSE,FALSE,FALSE,
2263,2025-10-31T10:03:58.294248,2722.8,2025-10-31T10:03:58.489004,194.8,1761885238.388000,470,2,"2805,2806",2025-10-31T10:03:58.490662,1.6,1761885237.391000,521,2,"2804,2805",TRUE,TRUE,FALSE,FALSE,"Multi-ICG:2805,2806;Multi-ECG:2804,2805"
2264,2025-10-31T10:03:59.491934,2724.0,2025-10-31T10:03:59.690655,198.7,1761885239.590000,473,1,2807,2025-10-31T10:03:59.692034,1.4,1761885238.492000,437,1,2806,FALSE,FALSE,FALSE,FALSE,
2265,2025-10-31T10:04:00.693139,2725.2,2025-10-31T10:04:00.892585,199.4,1761885240.791000,471,1,2808,2025-10-31T10:04:00.894034,1.4,1761885239.694000,480,1,2807,FALSE,FALSE,FALSE,FALSE,
2266,2025-10-31T10:04:01.895174,2726.4,2025-10-31T10:04:02.094606,199.4,1761885241.993000,470,1,2809,2025-10-31T10:04:02.096098,1.5,1761885240.896000,480,1,2808,FALSE,FALSE,FALSE,FALSE,
2267,2025-10-31T10:04:03.097224,2727.6,2025-10-31T10:04:03.297210,200.0,1761885243.194000,467,1,2810,2025-10-31T10:04:03.298762,1.5,1761885242.098000,479,1,2809,FALSE,FALSE,FALSE,FALSE,
2268,2025-10-31T10:04:04.299881,2728.8,2025-10-31T10:04:04.500835,201.0,1761885244.398000,473,2,"2811,2812",2025-10-31T10:04:04.502325,1.5,1761885243.301000,482,2,"2810,2811",TRUE,TRUE,FALSE,FALSE,"Multi-ICG:2811,2812;Multi-ECG:2810,2811"
2269,2025-10-31T10:04:05.503560,2730.0,2025-10-31T10:04:05.703876,200.3,1761885245.601000,469,1,2813,2025-10-31T10:04:05.705323,1.4,1761885244.504000,480,1,2812,FALSE,FALSE,FALSE,FALSE,
2270,2025-10-31T10:04:06.706547,2731.2,2025-10-31T10:04:06.907013,200.5,1761885246.805000,471,1,2814,2025-10-31T10:04:06.908323,1.3,1761885245.705000,480,1,2813,FALSE,FALSE,FALSE,FALSE,
2271,2025-10-31T10:04:07.909468,2732.4,2025-10-31T10:04:08.114394,204.9,1761885248.008000,469,1,2815,2025-10-31T10:04:08.115885,1.5,1761885246.908000,477,1,2814,FALSE,FALSE,FALSE,FALSE,
2272,2025-10-31T10:04:09.116984,2733.6,2025-10-31T10:04:09.313180,196.2,1761885249.211000,473,1,2816,2025-10-31T10:04:09.314760,1.6,1761885248.210000,519,1,2815,FALSE,FALSE,FALSE,FALSE,
2273,2025-10-31T10:04:10.315879,2734.8,2025-10-31T10:04:10.516773,200.9,1761885250.414000,474,2,"2817,2818",2025-10-31T10:04:10.518118,1.3,1761885249.413000,480,2,"2816,2817",TRUE,TRUE,FALSE,FALSE,"Multi-ICG:2817,2818;Multi-ECG:2816,2817"
2274,2025-10-31T10:04:11.519358,2736.0,2025-10-31T10:04:11.719387,200.0,1761885251.618000,472,1,2819,2025-10-31T10:04:11.720822,1.4,1761885250.615000,480,1,2818,FALSE,FALSE,FALSE,FALSE,
2275,2025-10-31T10:04:12.721983,2737.2,2025-10-31T10:04:12.922012,200.0,1761885252.820000,472,1,2820,2025-10-31T10:04:12.923449,1.4,1761885251.817000,479,1,2819,FALSE,FALSE,FALSE,FALSE,
2276,2025-10-31T10:04:13.924583,2738.4,2025-10-31T10:04:14.125001,200.4,1761885254.023000,470,1,2821,2025-10-31T10:04:14.126522,1.5,1761885253.019000,478,1,2820,FALSE,FALSE,FALSE,FALSE,
2277,2025-10-31T10:04:15.127744,2739.6,2025-10-31T10:04:15.327267,199.5,1761885255.225000,471,1,2822,2025-10-31T10:04:15.328708,1.4,1761885254.221000,479,1,2821,FALSE,FALSE,FALSE,FALSE,
2278,2025-10-31T10:04:16.329839,2740.8,2025-10-31T10:04:16.529726,199.9,1761885256.428000,473,2,"2823,2824",2025-10-31T10:04:16.531136,1.4,1761885255.423000,480,2,"2822,2823",TRUE,TRUE,FALSE,FALSE,"Multi-ICG:2823,2824;Multi-ECG:2822,2823"
2279,2025-10-31T10:04:17.532463,2742.0,2025-10-31T10:04:17.732554,200.1,1761885257.631000,469,1,2825,2025-10-31T10:04:17.738198,5.6,1761885256.624000,477,1,2824,FALSE,FALSE,FALSE,FALSE,
2280,2025-10-31T10:04:18.739360,2743.2,2025-10-31T10:04:18.935088,195.7,1761885258.833000,470,1,2826,2025-10-31T10:04:18.936637,1.5,1761885257.826000,480,1,2825,FALSE,FALSE,FALSE,FALSE,
2281,2025-10-31T10:04:19.937783,2744.4,2025-10-31T10:04:20.138491,200.7,1761885260.036000,469,1,2827,2025-10-31T10:04:20.139993,1.5,1761885259.028000,479,1,2826,FALSE,FALSE,FALSE,FALSE,
2282,2025-10-31T10:04:21.141379,2745.6,2025-10-31T10:04:21.341502,200.1,1761885261.239000,470,1,2828,2025-10-31T10:04:21.343097,1.6,1761885260.229000,480,1,2827,FALSE,FALSE,FALSE,FALSE,
2283,2025-10-31T10:04:22.344210,2746.8,2025-10-31T10:04:22.543583,199.4,1761885262.442000,472,2,"2829,2830",2025-10-31T10:04:22.545041,1.4,1761885261.433000,481,2,"2828,2829",TRUE,TRUE,FALSE,FALSE,"Multi-ICG:2829,2830;Multi-ECG:2828,2829"
2284,2025-10-31T10:04:23.546399,2748.0,2025-10-31T10:04:23.745459,199.1,1761885263.644000,472,1,2831,2025-10-31T10:04:23.746866,1.4,1761885262.635000,479,1,2830,FALSE,FALSE,FALSE,FALSE,
2285,2025-10-31T10:04:24.748033,2749.2,2025-10-31T10:04:24.947662,199.6,1761885264.846000,470,1,2832,2025-10-31T10:04:24.949142,1.5,1761885263.838000,479,1,2831,FALSE,FALSE,FALSE,FALSE,
2286,2025-10-31T10:04:25.950382,2750.4,2025-10-31T10:04:26.150392,200.0,1761885266.048000,470,1,2833,2025-10-31T10:04:26.151922,1.5,1761885265.040000,480,1,2832,FALSE,FALSE,FALSE,FALSE,
2287,2025-10-31T10:04:27.153085,2751.6,2025-10-31T10:04:27.353509,200.4,1761885267.252000,471,2,"2834,2835",2025-10-31T10:04:27.355042,1.5,1761885266.242000,480,1,2833,TRUE,FALSE,FALSE,FALSE,"Multi-ICG:2834,2835"
2288,2025-10-31T10:04:28.356346,2752.8,2025-10-31T10:04:28.555996,199.6,1761885268.454000,472,1,2836,2025-10-31T10:04:28.562037,6.0,1761885267.445000,480,2,"2834,2835",FALSE,TRUE,FALSE,FALSE,"Multi-ECG:2834,2835"
2289,2025-10-31T10:04:29.563363,2754.0,2025-10-31T10:04:29.758504,195.1,1761885269.657000,470,1,2837,2025-10-31T10:04:29.760009,1.5,1761885268.647000,478,1,2836,FALSE,FALSE,FALSE,FALSE,
2290,2025-10-31T10:04:30.761161,2755.2,2025-10-31T10:04:30.961916,200.8,1761885270.859000,468,1,2838,2025-10-31T10:04:30.963401,1.4,1761885269.848000,476,1,2837,FALSE,FALSE,FALSE,FALSE,
2291,2025-10-31T10:04:31.964601,2756.4,2025-10-31T10:04:32.164827,200.2,1761885272.062000,471,1,2839,2025-10-31T10:04:32.166391,1.6,1761885271.050000,479,1,2838,FALSE,FALSE,FALSE,FALSE,
2292,2025-10-31T10:04:33.167550,2757.6,2025-10-31T10:04:33.368245,200.7,1761885273.266000,470,2,"2840,2841",2025-10-31T10:04:33.369662,1.4,1761885272.253000,481,2,"2839,2840",TRUE,TRUE,FALSE,FALSE,"Multi-ICG:2840,2841;Multi-ECG:2839,2840"
2293,2025-10-31T10:04:34.371030,2758.8,2025-10-31T10:04:34.571453,200.4,1761885274.469000,470,1,2842,2025-10-31T10:04:34.572965,1.5,1761885273.454000,479,1,2841,FALSE,FALSE,FALSE,FALSE,
2294,2025-10-31T10:04:35.574135,2760.0,2025-10-31T10:04:35.773739,199.6,1761885275.672000,470,1,2843,2025-10-31T10:04:35.775382,1.6,1761885274.656000,479,1,2842,FALSE,FALSE,FALSE,FALSE,
2295,2025-10-31T10:04:36.776553,2761.2,2025-10-31T10:04:36.976578,200.0,1761885276.874000,471,1,2844,2025-10-31T10:04:36.978058,1.5,1761885275.858000,480,1,2843,FALSE,FALSE,FALSE,FALSE,
2296,2025-10-31T10:04:37.979233,2762.5,2025-10-31T10:04:38.179143,199.9,1761885278.077000,473,1,2845,2025-10-31T10:04:38.180612,1.5,1761885277.060000,480,1,2844,FALSE,FALSE,FALSE,FALSE,
2297,2025-10-31T10:04:39.181756,2763.7,2025-10-31T10:04:39.381087,199.3,1761885279.279000,471,2,"2846,2847",2025-10-31T10:04:39.387417,6.3,1761885278.262000,480,2,"2845,2846",TRUE,TRUE,FALSE,FALSE,"Multi-ICG:2846,2847;Multi-ECG:2845,2846"
2298,2025-10-31T10:04:40.388923,2764.9,2025-10-31T10:04:40.583549,194.6,1761885280.481000,472,1,2848,2025-10-31T10:04:40.585015,1.5,1761885279.464000,480,1,2847,FALSE,FALSE,FALSE,FALSE,
2299,2025-10-31T10:04:41.586318,2766.1,2025-10-31T10:04:41.785470,199.2,1761885281.683000,472,1,2849,2025-10-31T10:04:41.787013,1.5,1761885280.666000,478,1,2848,FALSE,FALSE,FALSE,FALSE,
2300,2025-10-31T10:04:42.788181,2767.3,2025-10-31T10:04:42.988534,200.4,1761885282.887000,471,1,2850,2025-10-31T10:04:42.990058,1.5,1761885281.868000,479,1,2849,FALSE,FALSE,FALSE,FALSE,
2301,2025-10-31T10:04:43.991224,2768.5,2025-10-31T10:04:44.190933,199.7,1761885284.089000,471,1,2851,2025-10-31T10:04:44.192357,1.4,1761885283.071000,479,1,2850,FALSE,FALSE,FALSE,FALSE,
2302,2025-10-31T10:04:45.193702,2769.7,2025-10-31T10:04:45.393607,199.9,1761885285.292000,472,2,"2852,2853",2025-10-31T10:04:45.395205,1.6,1761885284.273000,481,2,"2851,2852",TRUE,TRUE,FALSE,FALSE,"Multi-ICG:2852,2853;Multi-ECG:2851,2852"
2303,2025-10-31T10:04:46.396934,2770.9,2025-10-31T10:04:46.595980,199.0,1761885286.494000,471,1,2854,2025-10-31T10:04:46.597348,1.4,1761885285.475000,480,1,2853,FALSE,FALSE,FALSE,FALSE,
2304,2025-10-31T10:04:47.598637,2772.1,2025-10-31T10:04:47.798236,199.6,1761885287.696000,470,1,2855,2025-10-31T10:04:47.799732,1.5,1761885286.678000,480,1,2854,FALSE,FALSE,FALSE,FALSE,
2305,2025-10-31T10:04:48.800872,2773.3,2025-10-31T10:04:49.000309,199.4,1761885288.899000,472,1,2856,2025-10-31T10:04:49.001830,1.5,1761885287.881000,479,1,2855,FALSE,FALSE,FALSE,FALSE,
2306,2025-10-31T10:04:50.003106,2774.5,2025-10-31T10:04:50.207203,204.1,1761885290.101000,472,1,2857,2025-10-31T10:04:50.208704,1.5,1761885289.083000,479,1,2856,FALSE,FALSE,FALSE,FALSE,
2307,2025-10-31T10:04:51.209844,2775.7,2025-10-31T10:04:51.405356,195.5,1761885291.303000,471,2,"2858,2859",2025-10-31T10:04:51.406897,1.5,1761885290.286000,481,2,"2857,2858",TRUE,TRUE,FALSE,FALSE,"Multi-ICG:2858,2859;Multi-ECG:2857,2858"
2308,2025-10-31T10:04:52.408458,2776.9,2025-10-31T10:04:52.607886,199.4,1761885292.506000,471,1,2860,2025-10-31T10:04:52.609468,1.6,1761885291.488000,480,1,2859,FALSE,FALSE,FALSE,FALSE,
2309,2025-10-31T10:04:53.610736,2778.1,2025-10-31T10:04:53.811144,200.4,1761885293.709000,472,1,2861,2025-10-31T10:04:53.812504,1.4,1761885292.691000,480,1,2860,FALSE,FALSE,FALSE,FALSE,
2310,2025-10-31T10:04:54.813652,2779.3,2025-10-31T10:04:55.014110,200.5,1761885294.911000,472,1,2862,2025-10-31T10:04:55.015572,1.5,1761885293.894000,480,1,2861,FALSE,FALSE,FALSE,FALSE,
2311,2025-10-31T10:04:56.016907,2780.5,2025-10-31T10:04:56.216567,199.7,1761885296.115000,472,1,2863,2025-10-31T10:04:56.218176,1.6,1761885295.096000,480,1,2862,FALSE,FALSE,FALSE,FALSE,
2312,2025-10-31T10:04:57.219355,2781.7,2025-10-31T10:04:57.418909,199.6,1761885297.317000,472,2,"2864,2865",2025-10-31T10:04:57.420348,1.4,1761885296.298000,480,2,"2863,2864",TRUE,TRUE,FALSE,FALSE,"Multi-ICG:2864,2865;Multi-ECG:2863,2864"
2313,2025-10-31T10:04:58.422008,2782.9,2025-10-31T10:04:58.620769,198.8,1761885298.519000,472,1,2866,2025-10-31T10:04:58.622797,2.0,1761885297.502000,480,1,2865,FALSE,FALSE,FALSE,FALSE,
2314,2025-10-31T10:04:59.624372,2784.1,2025-10-31T10:04:59.822899,198.5,1761885299.721000,468,1,2867,2025-10-31T10:04:59.824311,1.4,1761885298.703000,478,1,2866,FALSE,FALSE,FALSE,FALSE,
2315,2025-10-31T10:05:00.825444,2785.3,2025-10-31T10:05:01.030831,205.4,1761885300.924000,471,1,2868,2025-10-31T10:05:01.032318,1.5,1761885299.905000,479,1,2867,FALSE,FALSE,FALSE,FALSE,
2316,2025-10-31T10:05:02.033455,2786.5,2025-10-31T10:05:02.229074,195.6,1761885302.126000,471,1,2869,2025-10-31T10:05:02.230968,1.9,1761885301.107000,478,1,2868,FALSE,FALSE,FALSE,FALSE,
2317,2025-10-31T10:05:03.232247,2787.7,2025-10-31T10:05:03.432152,199.9,1761885303.329000,471,2,"2870,2871",2025-10-31T10:05:03.433660,1.5,1761885302.309000,480,2,"2869,2870",TRUE,TRUE,FALSE,FALSE,"Multi-ICG:2870,2871;Multi-ECG:2869,2870"
2318,2025-10-31T10:05:04.435121,2788.9,2025-10-31T10:05:04.635772,200.7,1761885304.533000,472,1,2872,2025-10-31T10:05:04.637409,1.6,1761885303.511000,479,1,2871,FALSE,FALSE,FALSE,FALSE,
2319,2025-10-31T10:05:05.638719,2790.1,2025-10-31T10:05:05.838724,200.0,1761885305.736000,470,1,2873,2025-10-31T10:05:05.840532,1.8,1761885304.712000,480,1,2872,FALSE,FALSE,FALSE,FALSE,
2320,2025-10-31T10:05:06.841739,2791.3,2025-10-31T10:05:07.041678,199.9,1761885306.940000,469,1,2874,2025-10-31T10:05:07.043153,1.5,1761885305.914000,479,1,2873,FALSE,FALSE,FALSE,FALSE,
2321,2025-10-31T10:05:08.044312,2792.5,2025-10-31T10:05:08.243835,199.5,1761885308.142000,470,1,2875,2025-10-31T10:05:08.245331,1.5,1761885307.116000,480,1,2874,FALSE,FALSE,FALSE,FALSE,
2322,2025-10-31T10:05:09.246537,2793.7,2025-10-31T10:05:09.445997,199.5,1761885309.344000,472,2,"2876,2877",2025-10-31T10:05:09.447533,1.5,1761885308.318000,482,2,"2875,2876",TRUE,TRUE,FALSE,FALSE,"Multi-ICG:2876,2877;Multi-ECG:2875,2876"
2323,2025-10-31T10:05:10.448841,2794.9,2025-10-31T10:05:10.648933,200.1,1761885310.546000,469,1,2878,2025-10-31T10:05:10.654595,5.7,1761885309.521000,480,1,2877,FALSE,FALSE,FALSE,FALSE,
2324,2025-10-31T10:05:11.655763,2796.1,2025-10-31T10:05:11.850912,195.2,1761885311.749000,471,1,2879,2025-10-31T10:05:11.852501,1.6,1761885310.723000,478,1,2878,FALSE,FALSE,FALSE,FALSE,
2325,2025-10-31T10:05:12.853628,2797.3,2025-10-31T10:05:13.052987,199.4,1761885312.951000,468,1,2880,2025-10-31T10:05:13.054451,1.5,1761885311.924000,480,1,2879,FALSE,FALSE,FALSE,FALSE,
2326,2025-10-31T10:05:14.055702,2798.5,2025-10-31T10:05:14.255165,199.5,1761885314.154000,473,1,2881,2025-10-31T10:05:14.256821,1.6,1761885313.127000,479,1,2880,FALSE,FALSE,FALSE,FALSE,
2327,2025-10-31T10:05:15.258223,2799.7,2025-10-31T10:05:15.457121,198.9,1761885315.355000,473,2,"2882,2883",2025-10-31T10:05:15.458721,1.6,1761885314.328000,479,2,"2881,2882",TRUE,TRUE,FALSE,FALSE,"Multi-ICG:2882,2883;Multi-ECG:2881,2882"
2328,2025-10-31T10:05:16.460400,2800.9,2025-10-31T10:05:16.660395,200.0,1761885316.558000,473,1,2884,2025-10-31T10:05:16.661724,1.3,1761885315.530000,479,1,2883,FALSE,FALSE,FALSE,FALSE,
2329,2025-10-31T10:05:17.663126,2802.1,2025-10-31T10:05:17.863316,200.2,1761885317.761000,471,1,2885,2025-10-31T10:05:17.864827,1.5,1761885316.732000,479,1,2884,FALSE,FALSE,FALSE,FALSE,
2330,2025-10-31T10:05:18.865997,2803.3,2025-10-31T10:05:19.065412,199.4,1761885318.964000,471,1,2886,2025-10-31T10:05:19.066902,1.5,1761885317.934000,480,1,2885,FALSE,FALSE,FALSE,FALSE,
2331,2025-10-31T10:05:20.068032,2804.5,2025-10-31T10:05:20.268239,200.2,1761885320.166000,468,1,2887,2025-10-31T10:05:20.270261,1.8,1761885319.136000,480,1,2886,FALSE,FALSE,FALSE,FALSE,
2332,2025-10-31T10:05:21.271741,2805.7,2025-10-31T10:05:21.471257,199.5,1761885321.369000,474,2,"2888,2889",2025-10-31T10:05:21.479814,8.6,1761885320.338000,480,2,"2887,2888",TRUE,TRUE,FALSE,FALSE,"Multi-ICG:2888,2889;Multi-ECG:2887,2888"
2333,2025-10-31T10:05:22.481562,2807.0,2025-10-31T10:05:22.673012,191.5,1761885322.572000,472,1,2890,2025-10-31T10:05:22.674641,1.6,1761885321.540000,479,1,2889,FALSE,FALSE,FALSE,FALSE,
2334,2025-10-31T10:05:23.675794,2808.1,2025-10-31T10:05:23.875931,200.1,1761885323.774000,471,1,2891,2025-10-31T10:05:23.877413,1.5,1761885322.742000,478,1,2890,FALSE,FALSE,FALSE,FALSE,
2335,2025-10-31T10:05:24.878646,2809.4,2025-10-31T10:05:25.078083,199.4,1761885324.976000,472,1,2892,2025-10-31T10:05:25.079599,1.5,1761885323.944000,479,1,2891,FALSE,FALSE,FALSE,FALSE,
2336,2025-10-31T10:05:26.080756,2810.6,2025-10-31T10:05:26.281899,201.1,1761885326.179000,471,1,2893,2025-10-31T10:05:26.283824,1.9,1761885325.147000,478,1,2892,FALSE,FALSE,FALSE,FALSE,
2337,2025-10-31T10:05:27.285442,2811.8,2025-10-31T10:05:27.485049,199.6,1761885327.382000,472,2,"2894,2895",2025-10-31T10:05:27.487182,2.1,1761885326.350000,481,2,"2893,2894",TRUE,TRUE,FALSE,FALSE,"Multi-ICG:2894,2895;Multi-ECG:2893,2894"
2338,2025-10-31T10:05:28.488929,2813.0,2025-10-31T10:05:28.687653,198.7,1761885328.586000,472,1,2896,2025-10-31T10:05:28.689158,1.5,1761885327.552000,479,1,2895,FALSE,FALSE,FALSE,FALSE,
2339,2025-10-31T10:05:29.690357,2814.2,2025-10-31T10:05:29.890280,199.9,1761885329.789000,470,1,2897,2025-10-31T10:05:29.891581,1.3,1761885328.754000,480,1,2896,FALSE,FALSE,FALSE,FALSE,
2340,2025-10-31T10:05:30.892733,2815.4,2025-10-31T10:05:31.092901,200.2,1761885330.991000,470,1,2898,2025-10-31T10:05:31.094454,1.5,1761885329.957000,480,1,2897,FALSE,FALSE,FALSE,FALSE,
2341,2025-10-31T10:05:32.095646,2816.6,2025-10-31T10:05:32.294912,199.3,1761885332.193000,471,1,2899,2025-10-31T10:05:32.300956,6.0,1761885331.160000,480,1,2898,FALSE,FALSE,FALSE,FALSE,
2342,2025-10-31T10:05:33.302159,2817.8,2025-10-31T10:05:33.497106,194.9,1761885333.395000,473,2,"2900,2901",2025-10-31T10:05:33.498508,1.4,1761885332.362000,481,2,"2899,2900",TRUE,TRUE,FALSE,FALSE,"Multi-ICG:2900,2901;Multi-ECG:2899,2900"
2343,2025-10-31T10:05:34.499769,2819.0,2025-10-31T10:05:34.699407,199.6,1761885334.598000,472,1,2902,2025-10-31T10:05:34.700925,1.5,1761885333.566000,480,1,2901,FALSE,FALSE,FALSE,FALSE,
2344,2025-10-31T10:05:35.702161,2820.2,2025-10-31T10:05:35.901031,198.9,1761885335.800000,470,1,2903,2025-10-31T10:05:35.902593,1.6,1761885334.768000,479,1,2902,FALSE,FALSE,FALSE,FALSE,
2345,2025-10-31T10:05:36.903772,2821.4,2025-10-31T10:05:37.103614,199.8,1761885337.002000,470,1,2904,2025-10-31T10:05:37.105081,1.5,1761885335.970000,480,1,2903,FALSE,FALSE,FALSE,FALSE,
2346,2025-10-31T10:05:38.106276,2822.6,2025-10-31T10:05:38.305545,199.3,1761885338.204000,472,1,2905,2025-10-31T10:05:38.307105,1.5,1761885337.173000,479,1,2904,FALSE,FALSE,FALSE,FALSE,
2347,2025-10-31T10:05:39.308261,2823.8,2025-10-31T10:05:39.507762,199.5,1761885339.406000,473,2,"2906,2907",2025-10-31T10:05:39.509042,1.3,1761885338.375000,481,2,"2905,2906",TRUE,TRUE,FALSE,FALSE,"Multi-ICG:2906,2907;Multi-ECG:2905,2906"
2348,2025-10-31T10:05:40.510359,2825.0,2025-10-31T10:05:40.709616,199.3,1761885340.608000,469,1,2908,2025-10-31T10:05:40.711147,1.5,1761885339.577000,479,1,2907,FALSE,FALSE,FALSE,FALSE,
2349,2025-10-31T10:05:41.712269,2826.2,2025-10-31T10:05:41.912014,199.7,1761885341.810000,470,1,2909,2025-10-31T10:05:41.913472,1.4,1761885340.779000,479,1,2908,FALSE,FALSE,FALSE,FALSE,
2350,2025-10-31T10:05:42.914644,2827.4,2025-10-31T10:05:43.118500,203.9,1761885343.013000,469,1,2910,2025-10-31T10:05:43.119912,1.4,1761885341.981000,481,1,2909,FALSE,FALSE,FALSE,FALSE,
2351,2025-10-31T10:05:44.121015,2828.6,2025-10-31T10:05:44.315912,194.9,1761885344.214000,471,1,2911,2025-10-31T10:05:44.317387,1.5,1761885343.183000,479,1,2910,FALSE,FALSE,FALSE,FALSE,
2352,2025-10-31T10:05:45.318706,2829.8,2025-10-31T10:05:45.517708,199.0,1761885345.416000,472,2,"2912,2913",2025-10-31T10:05:45.519303,1.6,1761885344.385000,480,2,"2911,2912",TRUE,TRUE,FALSE,FALSE,"Multi-ICG:2912,2913;Multi-ECG:2911,2912"
2353,2025-10-31T10:05:46.521429,2831.0,2025-10-31T10:05:46.719944,198.5,1761885346.618000,469,1,2914,2025-10-31T10:05:46.721321,1.4,1761885345.587000,479,1,2913,FALSE,FALSE,FALSE,FALSE,
2354,2025-10-31T10:05:47.722478,2832.2,2025-10-31T10:05:47.923963,201.5,1761885347.821000,473,1,2915,2025-10-31T10:05:47.925409,1.4,1761885346.789000,478,1,2914,FALSE,FALSE,FALSE,FALSE,
2355,2025-10-31T10:05:48.926626,2833.4,2025-10-31T10:05:49.126295,199.7,1761885349.025000,472,1,2916,2025-10-31T10:05:49.127757,1.4,1761885347.991000,478,1,2915,FALSE,FALSE,FALSE,FALSE,
2356,2025-10-31T10:05:50.128930,2834.6,2025-10-31T10:05:50.328920,200.0,1761885350.227000,470,1,2917,2025-10-31T10:05:50.330282,1.3,1761885349.194000,479,1,2916,FALSE,FALSE,FALSE,FALSE,
2357,2025-10-31T10:05:51.331435,2835.8,2025-10-31T10:05:51.531423,200.0,1761885351.429000,473,2,"2918,2919",2025-10-31T10:05:51.532936,1.5,1761885350.396000,481,2,"2917,2918",TRUE,TRUE,FALSE,FALSE,"Multi-ICG:2918,2919;Multi-ECG:2917,2918"
2358,2025-10-31T10:05:52.534486,2837.0,2025-10-31T10:05:52.733864,199.4,1761885352.632000,472,1,2920,2025-10-31T10:05:52.736155,2.3,1761885351.598000,480,1,2919,FALSE,FALSE,FALSE,FALSE,
2359,2025-10-31T10:05:53.737287,2838.2,2025-10-31T10:05:53.940917,203.6,1761885353.834000,470,1,2921,2025-10-31T10:05:53.942474,1.5,1761885352.800000,481,1,2920,FALSE,FALSE,FALSE,FALSE,
2360,2025-10-31T10:05:54.943589,2839.4,2025-10-31T10:05:55.138184,194.6,1761885355.036000,471,1,2922,2025-10-31T10:05:55.140228,2.0,1761885354.002000,479,1,2921,FALSE,FALSE,FALSE,FALSE,
2361,2025-10-31T10:05:56.141835,2840.6,2025-10-31T10:05:56.340892,199.1,1761885356.239000,471,1,2923,2025-10-31T10:05:56.342264,1.4,1761885355.203000,480,1,2922,FALSE,FALSE,FALSE,FALSE,
2362,2025-10-31T10:05:57.343620,2841.8,2025-10-31T10:05:57.543675,200.1,1761885357.441000,471,2,"2924,2925",2025-10-31T10:05:57.545159,1.5,1761885356.406000,481,2,"2923,2924",TRUE,TRUE,FALSE,FALSE,"Multi-ICG:2924,2925;Multi-ECG:2923,2924"
2363,2025-10-31T10:05:58.546870,2843.0,2025-10-31T10:05:58.746333,199.5,1761885358.644000,472,1,2926,2025-10-31T10:05:58.747834,1.5,1761885357.607000,480,1,2925,FALSE,FALSE,FALSE,FALSE,
2364,2025-10-31T10:05:59.748999,2844.2,2025-10-31T10:05:59.948905,199.9,1761885359.847000,470,1,2927,2025-10-31T10:05:59.950321,1.4,1761885358.810000,480,1,2926,FALSE,FALSE,FALSE,FALSE,
2365,2025-10-31T10:06:00.951439,2845.4,2025-10-31T10:06:01.151558,200.1,1761885361.049000,471,1,2928,2025-10-31T10:06:01.153075,1.5,1761885360.012000,480,1,2927,FALSE,FALSE,FALSE,FALSE,
2366,2025-10-31T10:06:02.154379,2846.6,2025-10-31T10:06:02.354300,199.9,1761885362.252000,471,1,2929,2025-10-31T10:06:02.355766,1.5,1761885361.213000,479,1,2928,FALSE,FALSE,FALSE,FALSE,
2367,2025-10-31T10:06:03.356955,2847.8,2025-10-31T10:06:03.556290,199.3,1761885363.455000,474,2,"2930,2931",2025-10-31T10:06:03.557610,1.3,1761885362.416000,479,2,"2929,2930",TRUE,TRUE,FALSE,FALSE,"Multi-ICG:2930,2931;Multi-ECG:2929,2930"
2368,2025-10-31T10:06:04.559075,2849.0,2025-10-31T10:06:04.759003,199.9,1761885364.657000,471,1,2932,2025-10-31T10:06:04.760519,1.5,1761885363.617000,479,1,2931,FALSE,FALSE,FALSE,FALSE,
2369,2025-10-31T10:06:05.761681,2850.2,2025-10-31T10:06:05.961211,199.5,1761885365.859000,470,1,2933,2025-10-31T10:06:05.962693,1.5,1761885364.820000,477,1,2932,FALSE,FALSE,FALSE,FALSE,
2370,2025-10-31T10:06:06.963836,2851.4,2025-10-31T10:06:07.163654,199.8,1761885367.061000,470,1,2934,2025-10-31T10:06:07.165189,1.5,1761885366.021000,480,1,2933,FALSE,FALSE,FALSE,FALSE,
2371,2025-10-31T10:06:08.166467,2852.6,2025-10-31T10:06:08.366619,200.2,1761885368.264000,472,1,2935,2025-10-31T10:06:08.368721,2.1,1761885367.224000,478,1,2934,FALSE,FALSE,FALSE,FALSE,
2372,2025-10-31T10:06:09.369998,2853.8,2025-10-31T10:06:09.568664,198.7,1761885369.466000,473,2,"2936,2937",2025-10-31T10:06:09.570067,1.4,1761885368.426000,480,2,"2935,2936",TRUE,TRUE,FALSE,FALSE,"Multi-ICG:2936,2937;Multi-ECG:2935,2936"
2373,2025-10-31T10:06:10.571702,2855.0,2025-10-31T10:06:10.770714,199.0,1761885370.668000,471,1,2938,2025-10-31T10:06:10.772398,1.7,1761885369.627000,479,1,2937,FALSE,FALSE,FALSE,FALSE,
2374,2025-10-31T10:06:11.773699,2856.2,2025-10-31T10:06:11.972178,198.5,1761885371.870000,470,1,2939,2025-10-31T10:06:11.973700,1.5,1761885370.829000,479,1,2938,FALSE,FALSE,FALSE,FALSE,
2375,2025-10-31T10:06:12.974943,2857.4,2025-10-31T10:06:13.174496,199.6,1761885373.073000,470,1,2940,2025-10-31T10:06:13.175935,1.4,1761885372.031000,478,1,2939,FALSE,FALSE,FALSE,FALSE,
2376,2025-10-31T10:06:14.177057,2858.6,2025-10-31T10:06:14.376935,199.9,1761885374.275000,470,1,2941,2025-10-31T10:06:14.382717,5.8,1761885373.234000,479,1,2940,FALSE,FALSE,FALSE,FALSE,
2377,2025-10-31T10:06:15.383894,2859.9,2025-10-31T10:06:15.579122,195.2,1761885375.477000,471,2,"2942,2943",2025-10-31T10:06:16.657248,1078.1,1761885374.436000,482,2,"2941,2942",TRUE,TRUE,FALSE,FALSE,"Multi-ICG:2942,2943;Multi-ECG:2941,2942"
2378,2025-10-31T10:06:17.658193,2862.1,2025-10-31T10:06:17.784932,126.7,1761885377.683000,872,2,"2944,2945",2025-10-31T10:06:17.785999,1.1,1761885375.640000,481,1,2943,TRUE,FALSE,FALSE,FALSE,"Multi-ICG:2944,2945"
2379,2025-10-31T10:06:18.787064,2863.3,2025-10-31T10:06:18.985764,198.7,1761885378.885000,474,1,2946,2025-10-31T10:06:18.987343,1.6,1761885377.843000,880,2,"2944,2945",FALSE,TRUE,FALSE,FALSE,"Multi-ECG:2944,2945"
2380,2025-10-31T10:06:19.988386,2864.5,2025-10-31T10:06:20.187187,198.8,1761885380.086000,473,1,2947,2025-10-31T10:06:20.188049,0.9,1761885379.044000,480,1,2946,FALSE,FALSE,FALSE,FALSE,
2381,2025-10-31T10:06:21.188884,2865.7,2025-10-31T10:06:21.389803,200.9,1761885381.288000,473,1,2948,2025-10-31T10:06:21.391329,1.5,1761885380.246000,481,1,2947,FALSE,FALSE,FALSE,FALSE,
2382,2025-10-31T10:06:22.392664,2866.9,2025-10-31T10:06:22.592100,199.4,1761885382.490000,472,2,"2949,2950",2025-10-31T10:06:22.594307,2.2,1761885381.448000,480,2,"2948,2949",TRUE,TRUE,FALSE,FALSE,"Multi-ICG:2949,2950;Multi-ECG:2948,2949"
2383,2025-10-31T10:06:23.596140,2868.1,2025-10-31T10:06:23.793796,197.7,1761885383.692000,470,1,2951,2025-10-31T10:06:23.795600,1.8,1761885382.649000,479,1,2950,FALSE,FALSE,FALSE,FALSE,
2384,2025-10-31T10:06:24.796734,2869.3,2025-10-31T10:06:24.996135,199.4,1761885384.894000,470,1,2952,2025-10-31T10:06:24.997734,1.6,1761885383.851000,480,1,2951,FALSE,FALSE,FALSE,FALSE,
2385,2025-10-31T10:06:25.998961,2870.5,2025-10-31T10:06:26.203030,204.1,1761885386.096000,471,1,2953,2025-10-31T10:06:26.204437,1.4,1761885385.053000,480,1,2952,FALSE,FALSE,FALSE,FALSE,
2386,2025-10-31T10:06:27.205564,2871.7,2025-10-31T10:06:27.399720,194.2,1761885387.298000,471,2,"2954,2955",2025-10-31T10:06:27.401208,1.5,1761885386.255000,480,1,2953,TRUE,FALSE,FALSE,FALSE,"Multi-ICG:2954,2955"
2387,2025-10-31T10:06:28.403004,2872.9,2025-10-31T10:06:28.601383,198.4,1761885388.500000,473,1,2956,2025-10-31T10:06:28.602991,1.6,1761885387.457000,479,2,"2954,2955",FALSE,TRUE,FALSE,FALSE,"Multi-ECG:2954,2955"
2388,2025-10-31T10:06:29.604414,2874.1,2025-10-31T10:06:29.803726,199.3,1761885389.702000,471,1,2957,2025-10-31T10:06:29.805171,1.4,1761885388.658000,479,1,2956,FALSE,FALSE,FALSE,FALSE,
2389,2025-10-31T10:06:30.806467,2875.3,2025-10-31T10:06:31.006057,199.6,1761885390.904000,472,1,2958,2025-10-31T10:06:31.007753,1.7,1761885389.861000,479,1,2957,FALSE,FALSE,FALSE,FALSE,
2390,2025-10-31T10:06:32.008980,2876.5,2025-10-31T10:06:32.208370,199.4,1761885392.106000,469,1,2959,2025-10-31T10:06:32.209995,1.6,1761885391.063000,479,1,2958,FALSE,FALSE,FALSE,FALSE,
2391,2025-10-31T10:06:33.211288,2877.7,2025-10-31T10:06:33.410925,199.6,1761885393.309000,471,2,"2960,2961",2025-10-31T10:06:33.412341,1.4,1761885392.265000,479,1,2959,TRUE,FALSE,FALSE,FALSE,"Multi-ICG:2960,2961"
2392,2025-10-31T10:06:34.414104,2878.9,2025-10-31T10:06:34.613043,198.9,1761885394.511000,471,1,2962,2025-10-31T10:06:34.614708,1.7,1761885393.467000,481,2,"2960,2961",FALSE,TRUE,FALSE,FALSE,"Multi-ECG:2960,2961"
2393,2025-10-31T10:06:35.616058,2880.1,2025-10-31T10:06:35.815371,199.3,1761885395.714000,473,1,2963,2025-10-31T10:06:35.817387,2.0,1761885394.669000,479,1,2962,FALSE,FALSE,FALSE,FALSE,
2394,2025-10-31T10:06:36.818761,2881.3,2025-10-31T10:06:37.022341,203.6,1761885396.916000,471,1,2964,2025-10-31T10:06:37.023767,1.4,1761885395.871000,479,1,2963,FALSE,FALSE,FALSE,FALSE,
2395,2025-10-31T10:06:38.024867,2882.5,2025-10-31T10:06:38.220883,196.0,1761885398.118000,471,1,2965,2025-10-31T10:06:38.223070,2.2,1761885397.074000,479,1,2964,FALSE,FALSE,FALSE,FALSE,
2396,2025-10-31T10:06:39.224598,2883.7,2025-10-31T10:06:39.422432,197.8,1761885399.321000,474,2,"2966,2967",2025-10-31T10:06:39.423743,1.3,1761885398.276000,479,1,2965,TRUE,FALSE,FALSE,FALSE,"Multi-ICG:2966,2967"
2397,2025-10-31T10:06:40.425401,2884.9,2025-10-31T10:06:40.624931,199.5,1761885400.523000,473,1,2968,2025-10-31T10:06:40.626598,1.7,1761885399.478000,480,2,"2966,2967",FALSE,TRUE,FALSE,FALSE,"Multi-ECG:2966,2967"
2398,2025-10-31T10:06:41.629274,2886.1,2025-10-31T10:06:41.826585,197.3,1761885401.725000,469,1,2969,2025-10-31T10:06:41.828551,1.9,1761885400.680000,479,1,2968,FALSE,FALSE,FALSE,FALSE,
2399,2025-10-31T10:06:42.829894,2887.3,2025-10-31T10:06:43.028758,198.9,1761885402.927000,471,1,2970,2025-10-31T10:06:43.030253,1.5,1761885401.882000,480,1,2969,FALSE,FALSE,FALSE,FALSE,
2400,2025-10-31T10:06:44.031521,2888.5,2025-10-31T10:06:44.230780,199.3,1761885404.129000,471,1,2971,2025-10-31T10:06:44.232336,1.5,1761885403.084000,479,1,2970,FALSE,FALSE,FALSE,FALSE,
2401,2025-10-31T10:06:45.233618,2889.7,2025-10-31T10:06:45.432582,199.0,1761885405.331000,474,2,"2972,2973",2025-10-31T10:06:45.434174,1.6,1761885404.286000,479,1,2971,TRUE,FALSE,FALSE,FALSE,"Multi-ICG:2972,2973"
2402,2025-10-31T10:06:46.435964,2890.9,2025-10-31T10:06:46.635437,199.5,1761885406.533000,471,1,2974,2025-10-31T10:06:46.636851,1.4,1761885405.488000,480,2,"2972,2973",FALSE,TRUE,FALSE,FALSE,"Multi-ECG:2972,2973"
2403,2025-10-31T10:06:47.638389,2892.1,2025-10-31T10:06:47.842479,204.1,1761885407.735000,471,1,2975,2025-10-31T10:06:47.844046,1.6,1761885406.690000,479,1,2974,FALSE,FALSE,FALSE,FALSE,
2404,2025-10-31T10:06:48.845196,2893.3,2025-10-31T10:06:49.040895,195.7,1761885408.939000,472,1,2976,2025-10-31T10:06:49.042476,1.6,1761885407.892000,479,1,2975,FALSE,FALSE,FALSE,FALSE,
2405,2025-10-31T10:06:50.043623,2894.5,2025-10-31T10:06:50.243873,200.2,1761885410.142000,472,1,2977,2025-10-31T10:06:50.245160,1.3,1761885409.093000,478,1,2976,FALSE,FALSE,FALSE,FALSE,
2406,2025-10-31T10:06:51.246522,2895.7,2025-10-31T10:06:51.446309,199.8,1761885411.344000,471,2,"2978,2979",2025-10-31T10:06:51.447771,1.5,1761885410.296000,481,1,2977,TRUE,FALSE,FALSE,FALSE,"Multi-ICG:2978,2979"
2407,2025-10-31T10:06:52.449067,2896.9,2025-10-31T10:06:52.649176,200.1,1761885412.548000,471,1,2980,2025-10-31T10:06:52.650765,1.6,1761885411.499000,481,2,"2978,2979",FALSE,TRUE,FALSE,FALSE,"Multi-ECG:2978,2979"
2408,2025-10-31T10:06:53.652052,2898.1,2025-10-31T10:06:53.852282,200.2,1761885413.750000,471,1,2981,2025-10-31T10:06:53.853779,1.5,1761885412.701000,479,1,2980,FALSE,FALSE,FALSE,FALSE,
2409,2025-10-31T10:06:54.854998,2899.3,2025-10-31T10:06:55.054611,199.6,1761885414.952000,475,1,2982,2025-10-31T10:06:55.056088,1.5,1761885413.904000,479,1,2981,FALSE,FALSE,FALSE,FALSE,
2410,2025-10-31T10:06:56.057237,2900.5,2025-10-31T10:06:56.256804,199.6,1761885416.155000,472,1,2983,2025-10-31T10:06:56.258169,1.4,1761885415.106000,478,1,2982,FALSE,FALSE,FALSE,FALSE,
2411,2025-10-31T10:06:57.259352,2901.7,2025-10-31T10:06:57.459071,199.7,1761885417.357000,472,2,"2984,2985",2025-10-31T10:06:57.464936,5.9,1761885416.308000,479,2,"2983,2984",TRUE,TRUE,FALSE,FALSE,"Multi-ICG:2984,2985;Multi-ECG:2983,2984"
2412,2025-10-31T10:06:58.466356,2902.9,2025-10-31T10:06:58.661537,195.2,1761885418.559000,469,1,2986,2025-10-31T10:06:58.663196,1.7,1761885417.510000,480,1,2985,FALSE,FALSE,FALSE,FALSE,
2413,2025-10-31T10:06:59.664427,2904.1,2025-10-31T10:06:59.864033,199.6,1761885419.762000,470,1,2987,2025-10-31T10:06:59.865405,1.4,1761885418.713000,481,1,2986,FALSE,FALSE,FALSE,FALSE,
2414,2025-10-31T10:07:00.866627,2905.3,2025-10-31T10:07:01.067651,201.0,1761885420.965000,470,1,2988,2025-10-31T10:07:01.069158,1.5,1761885419.914000,479,1,2987,FALSE,FALSE,FALSE,FALSE,
2415,2025-10-31T10:07:02.070390,2906.5,2025-10-31T10:07:02.270507,200.1,1761885422.168000,471,1,2989,2025-10-31T10:07:02.272005,1.5,1761885421.117000,479,1,2988,FALSE,FALSE,FALSE,FALSE,
2416,2025-10-31T10:07:03.273159,2907.7,2025-10-31T10:07:03.473186,200.0,1761885423.371000,472,2,"2990,2991",2025-10-31T10:07:03.474544,1.3,1761885422.318000,481,2,"2989,2990",TRUE,TRUE,FALSE,FALSE,"Multi-ICG:2990,2991;Multi-ECG:2989,2990"
2417,2025-10-31T10:07:04.475839,2908.9,2025-10-31T10:07:04.676196,200.4,1761885424.574000,469,1,2992,2025-10-31T10:07:04.677708,1.5,1761885423.520000,479,1,2991,FALSE,FALSE,FALSE,FALSE,
2418,2025-10-31T10:07:05.678938,2910.2,2025-10-31T10:07:05.878629,199.7,1761885425.776000,470,1,2993,2025-10-31T10:07:05.880102,1.5,1761885424.722000,480,1,2992,FALSE,FALSE,FALSE,FALSE,
2419,2025-10-31T10:07:06.881259,2911.4,2025-10-31T10:07:07.081314,200.1,1761885426.979000,472,1,2994,2025-10-31T10:07:07.082905,1.6,1761885425.923000,479,1,2993,FALSE,FALSE,FALSE,FALSE,
2420,2025-10-31T10:07:08.084052,2912.6,2025-10-31T10:07:08.283560,199.5,1761885428.182000,469,1,2995,2025-10-31T10:07:08.289471,5.9,1761885427.126000,479,1,2994,FALSE,FALSE,FALSE,FALSE,
2421,2025-10-31T10:07:09.290714,2913.8,2025-10-31T10:07:09.486365,195.7,1761885429.384000,472,2,"2996,2997",2025-10-31T10:07:09.487672,1.3,1761885428.329000,479,2,"2995,2996",TRUE,TRUE,FALSE,FALSE,"Multi-ICG:2996,2997;Multi-ECG:2995,2996"
2422,2025-10-31T10:07:10.489020,2915.0,2025-10-31T10:07:10.689174,200.2,1761885430.587000,469,1,2998,2025-10-31T10:07:10.690745,1.6,1761885429.531000,478,1,2997,FALSE,FALSE,FALSE,FALSE,
2423,2025-10-31T10:07:11.691892,2916.2,2025-10-31T10:07:11.891383,199.5,1761885431.789000,472,1,2999,2025-10-31T10:07:11.892940,1.5,1761885430.733000,478,1,2998,FALSE,FALSE,FALSE,FALSE,
2424,2025-10-31T10:07:12.894216,2917.4,2025-10-31T10:07:13.095327,201.1,1761885432.993000,473,1,3000,2025-10-31T10:07:13.096825,1.5,1761885431.936000,479,1,2999,FALSE,FALSE,FALSE,FALSE,
2425,2025-10-31T10:07:14.098101,2918.6,2025-10-31T10:07:14.298866,200.8,1761885434.196000,470,1,3001,2025-10-31T10:07:14.300493,1.6,1761885433.138000,480,1,3000,FALSE,FALSE,FALSE,FALSE,
2426,2025-10-31T10:07:15.301663,2919.8,2025-10-31T10:07:15.500403,198.7,1761885435.399000,473,2,"3002,3003",2025-10-31T10:07:15.501902,1.5,1761885434.340000,480,2,"3001,3002",TRUE,TRUE,FALSE,FALSE,"Multi-ICG:3002,3003;Multi-ECG:3001,3002"
2427,2025-10-31T10:07:16.503413,2921.0,2025-10-31T10:07:16.703337,199.9,1761885436.601000,470,1,3004,2025-10-31T10:07:16.704687,1.3,1761885435.543000,479,1,3003,FALSE,FALSE,FALSE,FALSE,
2428,2025-10-31T10:07:17.705835,2922.2,2025-10-31T10:07:17.906256,200.4,1761885437.804000,471,1,3005,2025-10-31T10:07:17.907807,1.5,1761885436.745000,479,1,3004,FALSE,FALSE,FALSE,FALSE,
2429,2025-10-31T10:07:18.908950,2923.4,2025-10-31T10:07:19.109260,200.3,1761885439.006000,470,1,3006,2025-10-31T10:07:19.115122,5.9,1761885437.947000,479,1,3005,FALSE,FALSE,FALSE,FALSE,
2430,2025-10-31T10:07:20.116266,2924.6,2025-10-31T10:07:20.312577,196.3,1761885440.209000,469,1,3007,2025-10-31T10:07:20.314134,1.5,1761885439.149000,478,1,3006,FALSE,FALSE,FALSE,FALSE,
2431,2025-10-31T10:07:21.315265,2925.8,2025-10-31T10:07:21.515719,200.5,1761885441.413000,472,2,"3008,3009",2025-10-31T10:07:21.517187,1.5,1761885440.350000,480,2,"3007,3008",TRUE,TRUE,FALSE,FALSE,"Multi-ICG:3008,3009;Multi-ECG:3007,3008"
2432,2025-10-31T10:07:22.518572,2927.0,2025-10-31T10:07:22.718865,200.3,1761885442.616000,471,1,3010,2025-10-31T10:07:22.720192,1.3,1761885441.552000,479,1,3009,FALSE,FALSE,FALSE,FALSE,
2433,2025-10-31T10:07:23.721293,2928.2,2025-10-31T10:07:23.922238,200.9,1761885443.819000,473,1,3011,2025-10-31T10:07:23.923747,1.5,1761885442.754000,479,1,3010,FALSE,FALSE,FALSE,FALSE,
2434,2025-10-31T10:07:24.924909,2929.4,2025-10-31T10:07:25.124917,200.0,1761885445.022000,472,1,3012,2025-10-31T10:07:25.126533,1.6,1761885443.955000,479,1,3011,FALSE,FALSE,FALSE,FALSE,
2435,2025-10-31T10:07:26.127667,2930.6,2025-10-31T10:07:26.328646,201.0,1761885446.226000,471,1,3013,2025-10-31T10:07:26.330075,1.4,1761885445.157000,478,1,3012,FALSE,FALSE,FALSE,FALSE,
2436,2025-10-31T10:07:27.331205,2931.8,2025-10-31T10:07:27.531536,200.3,1761885447.430000,474,2,"3014,3015",2025-10-31T10:07:27.532978,1.4,1761885446.360000,480,2,"3013,3014",TRUE,TRUE,FALSE,FALSE,"Multi-ICG:3014,3015;Multi-ECG:3013,3014"
2437,2025-10-31T10:07:28.534348,2933.0,2025-10-31T10:07:28.733571,199.2,1761885448.632000,472,1,3016,2025-10-31T10:07:28.735127,1.5,1761885447.562000,480,1,3015,FALSE,FALSE,FALSE,FALSE,
2438,2025-10-31T10:07:29.736276,2934.2,2025-10-31T10:07:29.939913,203.6,1761885449.834000,469,1,3017,2025-10-31T10:07:29.941276,1.4,1761885448.765000,480,1,3016,FALSE,FALSE,FALSE,FALSE,
2439,2025-10-31T10:07:30.942495,2935.4,2025-10-31T10:07:31.137561,195.1,1761885451.036000,470,1,3018,2025-10-31T10:07:31.139163,1.6,1761885449.968000,480,1,3017,FALSE,FALSE,FALSE,FALSE,
2440,2025-10-31T10:07:32.140273,2936.6,2025-10-31T10:07:32.339446,199.2,1761885452.238000,469,1,3019,2025-10-31T10:07:32.340909,1.5,1761885451.171000,478,1,3018,FALSE,FALSE,FALSE,FALSE,
2441,2025-10-31T10:07:33.342110,2937.8,2025-10-31T10:07:33.542562,200.5,1761885453.440000,473,2,"3020,3021",2025-10-31T10:07:33.544360,1.8,1761885452.373000,480,2,"3019,3020",TRUE,TRUE,FALSE,FALSE,"Multi-ICG:3020,3021;Multi-ECG:3019,3020"
2442,2025-10-31T10:07:34.546062,2939.0,2025-10-31T10:07:34.744333,198.3,1761885454.642000,470,1,3022,2025-10-31T10:07:34.745781,1.4,1761885453.575000,479,1,3021,FALSE,FALSE,FALSE,FALSE,
2443,2025-10-31T10:07:35.747021,2940.2,2025-10-31T10:07:35.947446,200.4,1761885455.845000,472,1,3023,2025-10-31T10:07:35.948787,1.3,1761885454.778000,479,1,3022,FALSE,FALSE,FALSE,FALSE,
2444,2025-10-31T10:07:36.950018,2941.4,2025-10-31T10:07:37.149501,199.5,1761885457.048000,472,1,3024,2025-10-31T10:07:37.151039,1.5,1761885455.980000,480,1,3023,FALSE,FALSE,FALSE,FALSE,
2445,2025-10-31T10:07:38.152224,2942.6,2025-10-31T10:07:38.351988,199.8,1761885458.250000,471,1,3025,2025-10-31T10:07:38.353482,1.5,1761885457.182000,481,1,3024,FALSE,FALSE,FALSE,FALSE,
2446,2025-10-31T10:07:39.354676,2943.8,2025-10-31T10:07:39.554430,199.8,1761885459.453000,472,2,"3026,3027",2025-10-31T10:07:39.555782,1.3,1761885458.385000,480,2,"3025,3026",TRUE,TRUE,FALSE,FALSE,"Multi-ICG:3026,3027;Multi-ECG:3025,3026"
2447,2025-10-31T10:07:40.557135,2945.0,2025-10-31T10:07:40.760649,203.5,1761885460.655000,471,1,3028,2025-10-31T10:07:40.762240,1.6,1761885459.587000,481,1,3027,FALSE,FALSE,FALSE,FALSE,
2448,2025-10-31T10:07:41.763378,2946.2,2025-10-31T10:07:41.958874,195.5,1761885461.857000,469,1,3029,2025-10-31T10:07:41.960387,1.5,1761885460.790000,480,1,3028,FALSE,FALSE,FALSE,FALSE,
2449,2025-10-31T10:07:42.961555,2947.4,2025-10-31T10:07:43.160924,199.4,1761885463.059000,472,1,3030,2025-10-31T10:07:43.162333,1.4,1761885461.993000,480,1,3029,FALSE,FALSE,FALSE,FALSE,
2450,2025-10-31T10:07:44.163507,2948.6,2025-10-31T10:07:44.362956,199.5,1761885464.261000,471,1,3031,2025-10-31T10:07:44.364413,1.4,1761885463.195000,478,1,3030,FALSE,FALSE,FALSE,FALSE,
2451,2025-10-31T10:07:45.365584,2949.8,2025-10-31T10:07:45.565251,199.7,1761885465.463000,472,2,"3032,3033",2025-10-31T10:07:45.566814,1.6,1761885464.396000,480,2,"3031,3032",TRUE,TRUE,FALSE,FALSE,"Multi-ICG:3032,3033;Multi-ECG:3031,3032"
2452,2025-10-31T10:07:46.568268,2951.0,2025-10-31T10:07:46.768151,199.9,1761885466.666000,471,1,3034,2025-10-31T10:07:46.769602,1.4,1761885465.598000,480,1,3033,FALSE,FALSE,FALSE,FALSE,
2453,2025-10-31T10:07:47.770823,2952.2,2025-10-31T10:07:47.970457,199.6,1761885467.869000,472,1,3035,2025-10-31T10:07:47.971930,1.5,1761885466.801000,479,1,3034,FALSE,FALSE,FALSE,FALSE,
2454,2025-10-31T10:07:48.973076,2953.4,2025-10-31T10:07:49.172540,199.5,1761885469.071000,470,1,3036,2025-10-31T10:07:49.173831,1.3,1761885468.003000,479,1,3035,FALSE,FALSE,FALSE,FALSE,
2455,2025-10-31T10:07:50.175044,2954.6,2025-10-31T10:07:50.375064,200.0,1761885470.273000,470,1,3037,2025-10-31T10:07:50.383146,8.1,1761885469.205000,479,1,3036,FALSE,FALSE,FALSE,FALSE,
2456,2025-10-31T10:07:51.384785,2955.9,2025-10-31T10:07:51.576136,191.4,1761885471.474000,470,2,"3038,3039",2025-10-31T10:07:51.577635,1.5,1761885470.408000,481,2,"3037,3038",TRUE,TRUE,FALSE,FALSE,"Multi-ICG:3038,3039;Multi-ECG:3037,3038"
2457,2025-10-31T10:07:52.579401,2957.1,2025-10-31T10:07:52.779105,199.7,1761885472.678000,473,1,3040,2025-10-31T10:07:52.780394,1.3,1761885471.609000,480,1,3039,FALSE,FALSE,FALSE,FALSE,
2458,2025-10-31T10:07:53.781529,2958.3,2025-10-31T10:07:53.981133,199.6,1761885473.879000,470,1,3041,2025-10-31T10:07:53.982714,1.6,1761885472.812000,479,1,3040,FALSE,FALSE,FALSE,FALSE,
2459,2025-10-31T10:07:54.983881,2959.5,2025-10-31T10:07:55.183491,199.6,1761885475.081000,469,1,3042,2025-10-31T10:07:55.184933,1.4,1761885474.014000,480,1,3041,FALSE,FALSE,FALSE,FALSE,
2460,2025-10-31T10:07:56.186187,2960.7,2025-10-31T10:07:56.386250,200.1,1761885476.284000,472,1,3043,2025-10-31T10:07:56.387531,1.3,1761885475.217000,479,1,3042,FALSE,FALSE,FALSE,FALSE,
2461,2025-10-31T10:07:57.388751,2961.9,2025-10-31T10:07:57.588502,199.8,1761885477.487000,471,2,"3044,3045",2025-10-31T10:07:57.590402,1.9,1761885476.418000,480,2,"3043,3044",TRUE,TRUE,FALSE,FALSE,"Multi-ICG:3044,3045;Multi-ECG:3043,3044"
2462,2025-10-31T10:07:58.592286,2963.1,2025-10-31T10:07:58.790381,198.1,1761885478.689000,470,1,3046,2025-10-31T10:07:58.792049,1.7,1761885477.620000,479,1,3045,FALSE,FALSE,FALSE,FALSE,
2463,2025-10-31T10:07:59.793456,2964.3,2025-10-31T10:07:59.993022,199.6,1761885479.891000,470,1,3047,2025-10-31T10:07:59.994700,1.7,1761885478.822000,479,1,3046,FALSE,FALSE,FALSE,FALSE,
2464,2025-10-31T10:08:00.996117,2965.5,2025-10-31T10:08:01.194778,198.7,1761885481.093000,470,1,3048,2025-10-31T10:08:01.200840,6.1,1761885480.023000,478,1,3047,FALSE,FALSE,FALSE,FALSE,
2465,2025-10-31T10:08:02.202182,2966.7,2025-10-31T10:08:02.397525,195.3,1761885482.295000,471,1,3049,2025-10-31T10:08:02.398971,1.4,1761885481.225000,479,1,3048,FALSE,FALSE,FALSE,FALSE,
2466,2025-10-31T10:08:03.400130,2967.9,2025-10-31T10:08:03.599320,199.2,1761885483.498000,472,2,"3050,3051",2025-10-31T10:08:03.600832,1.5,1761885482.427000,480,2,"3049,3050",TRUE,TRUE,FALSE,FALSE,"Multi-ICG:3050,3051;Multi-ECG:3049,3050"
2467,2025-10-31T10:08:04.602219,2969.1,2025-10-31T10:08:04.802227,200.0,1761885484.699000,471,1,3052,2025-10-31T10:08:04.803719,1.5,1761885483.629000,479,1,3051,FALSE,FALSE,FALSE,FALSE,
2468,2025-10-31T10:08:05.804871,2970.3,2025-10-31T10:08:06.004392,199.5,1761885485.903000,471,1,3053,2025-10-31T10:08:06.005665,1.3,1761885484.830000,480,1,3052,FALSE,FALSE,FALSE,FALSE,
2469,2025-10-31T10:08:07.006916,2971.5,2025-10-31T10:08:07.206326,199.4,1761885487.104000,471,1,3054,2025-10-31T10:08:07.207737,1.4,1761885486.032000,480,1,3053,FALSE,FALSE,FALSE,FALSE,
2470,2025-10-31T10:08:08.208958,2972.7,2025-10-31T10:08:08.407799,198.8,1761885488.306000,470,1,3055,2025-10-31T10:08:08.409267,1.5,1761885487.235000,479,1,3054,FALSE,FALSE,FALSE,FALSE,
2471,2025-10-31T10:08:09.410487,2973.9,2025-10-31T10:08:09.609785,199.3,1761885489.508000,471,2,"3056,3057",2025-10-31T10:08:09.611222,1.4,1761885488.438000,482,2,"3055,3056",TRUE,TRUE,FALSE,FALSE,"Multi-ICG:3056,3057;Multi-ECG:3055,3056"
2472,2025-10-31T10:08:10.612549,2975.1,2025-10-31T10:08:10.813330,200.8,1761885490.711000,471,1,3058,2025-10-31T10:08:10.814965,1.6,1761885489.640000,481,1,3057,FALSE,FALSE,FALSE,FALSE,
2473,2025-10-31T10:08:11.816107,2976.3,2025-10-31T10:08:12.015879,199.8,1761885491.914000,472,1,3059,2025-10-31T10:08:12.021613,5.7,1761885490.843000,480,1,3058,FALSE,FALSE,FALSE,FALSE,
2474,2025-10-31T10:08:13.022843,2977.5,2025-10-31T10:08:13.218298,195.5,1761885493.116000,472,1,3060,2025-10-31T10:08:13.219583,1.3,1761885492.044000,480,1,3059,FALSE,FALSE,FALSE,FALSE,
2475,2025-10-31T10:08:14.220849,2978.7,2025-10-31T10:08:14.421038,200.2,1761885494.319000,471,1,3061,2025-10-31T10:08:14.422650,1.6,1761885493.246000,479,1,3060,FALSE,FALSE,FALSE,FALSE,
2476,2025-10-31T10:08:15.423791,2979.9,2025-10-31T10:08:15.624905,201.1,1761885495.522000,471,2,"3062,3063",2025-10-31T10:08:15.626314,1.4,1761885494.448000,479,2,"3061,3062",TRUE,TRUE,FALSE,FALSE,"Multi-ICG:3062,3063;Multi-ECG:3061,3062"
2477,2025-10-31T10:08:16.627684,2981.1,2025-10-31T10:08:16.827031,199.3,1761885496.725000,471,1,3064,2025-10-31T10:08:16.828572,1.5,1761885495.650000,479,1,3063,FALSE,FALSE,FALSE,FALSE,
2478,2025-10-31T10:08:17.829735,2982.3,2025-10-31T10:08:18.030131,200.4,1761885497.928000,471,1,3065,2025-10-31T10:08:18.031598,1.5,1761885496.852000,480,1,3064,FALSE,FALSE,FALSE,FALSE,
2479,2025-10-31T10:08:19.032761,2983.5,2025-10-31T10:08:19.232336,199.6,1761885499.130000,470,1,3066,2025-10-31T10:08:19.233635,1.3,1761885498.053000,480,1,3065,FALSE,FALSE,FALSE,FALSE,
2480,2025-10-31T10:08:20.234929,2984.7,2025-10-31T10:08:20.434746,199.8,1761885500.333000,469,1,3067,2025-10-31T10:08:20.436360,1.6,1761885499.256000,481,1,3066,FALSE,FALSE,FALSE,FALSE,
2481,2025-10-31T10:08:21.437784,2985.9,2025-10-31T10:08:21.636974,199.2,1761885501.535000,472,2,"3068,3069",2025-10-31T10:08:21.638696,1.9,1761885500.458000,478,2,"3067,3068",TRUE,TRUE,FALSE,FALSE,"Multi-ICG:3068,3069;Multi-ECG:3067,3068"
2482,2025-10-31T10:08:22.640165,2987.1,2025-10-31T10:08:22.843540,203.4,1761885502.737000,470,1,3070,2025-10-31T10:08:22.844965,1.4,1761885501.660000,478,1,3069,FALSE,FALSE,FALSE,FALSE,
2483,2025-10-31T10:08:23.846132,2988.3,2025-10-31T10:08:24.041706,195.6,1761885503.939000,469,1,3071,2025-10-31T10:08:24.043363,1.6,1761885502.863000,480,1,3070,FALSE,FALSE,FALSE,FALSE,
2484,2025-10-31T10:08:25.044501,2989.5,2025-10-31T10:08:25.244170,199.7,1761885505.143000,471,1,3072,2025-10-31T10:08:25.245815,1.6,1761885504.064000,480,1,3071,FALSE,FALSE,FALSE,FALSE,
2485,2025-10-31T10:08:26.247293,2990.7,2025-10-31T10:08:26.447062,199.8,1761885506.345000,473,2,"3073,3074",2025-10-31T10:08:26.448599,1.5,1761885505.267000,480,1,3072,TRUE,FALSE,FALSE,FALSE,"Multi-ICG:3073,3074"
2486,2025-10-31T10:08:27.450197,2991.9,2025-10-31T10:08:27.649327,199.1,1761885507.548000,470,1,3075,2025-10-31T10:08:27.651130,1.8,1761885506.470000,481,2,"3073,3074",FALSE,TRUE,FALSE,FALSE,"Multi-ECG:3073,3074"
2487,2025-10-31T10:08:28.652563,2993.1,2025-10-31T10:08:28.850999,198.4,1761885508.749000,472,1,3076,2025-10-31T10:08:28.852451,1.4,1761885507.672000,480,1,3075,FALSE,FALSE,FALSE,FALSE,
2488,2025-10-31T10:08:29.853605,2994.3,2025-10-31T10:08:30.053351,199.7,1761885509.951000,470,1,3077,2025-10-31T10:08:30.054930,1.6,1761885508.874000,480,1,3076,FALSE,FALSE,FALSE,FALSE,
2489,2025-10-31T10:08:31.056062,2995.5,2025-10-31T10:08:31.255383,199.3,1761885511.154000,471,1,3078,2025-10-31T10:08:31.256876,1.5,1761885510.077000,478,1,3077,FALSE,FALSE,FALSE,FALSE,
2490,2025-10-31T10:08:32.258090,2996.7,2025-10-31T10:08:32.457828,199.7,1761885512.356000,471,2,"3079,3080",2025-10-31T10:08:32.459391,1.6,1761885511.280000,479,1,3078,TRUE,FALSE,FALSE,FALSE,"Multi-ICG:3079,3080"
2491,2025-10-31T10:08:33.461093,2997.9,2025-10-31T10:08:33.663834,202.7,1761885513.558000,472,1,3081,2025-10-31T10:08:33.665349,1.5,1761885512.482000,480,2,"3079,3080",FALSE,TRUE,FALSE,FALSE,"Multi-ECG:3079,3080"
2492,2025-10-31T10:08:34.667047,2999.1,2025-10-31T10:08:34.861906,194.9,1761885514.760000,470,1,3082,2025-10-31T10:08:34.863455,1.5,1761885513.685000,478,1,3081,FALSE,FALSE,FALSE,FALSE,
2493,2025-10-31T10:08:35.864605,3000.3,2025-10-31T10:08:36.067432,202.8,1761885515.962000,472,1,3083,2025-10-31T10:08:36.068744,1.3,1761885514.887000,479,1,3082,FALSE,FALSE,FALSE,FALSE,
2494,2025-10-31T10:08:37.069977,3001.5,2025-10-31T10:08:37.269676,199.7,1761885517.167000,472,1,3084,2025-10-31T10:08:37.271179,1.5,1761885516.089000,478,1,3083,FALSE,FALSE,FALSE,FALSE,
2495,2025-10-31T10:08:38.272345,3002.7,2025-10-31T10:08:38.471853,199.5,1761885518.370000,474,2,"3085,3086",2025-10-31T10:08:38.473301,1.4,1761885517.291000,478,1,3084,TRUE,FALSE,FALSE,FALSE,"Multi-ICG:3085,3086"
2496,2025-10-31T10:08:39.474858,3003.9,2025-10-31T10:08:39.674483,199.6,1761885519.572000,468,1,3087,2025-10-31T10:08:39.675762,1.3,1761885518.493000,480,2,"3085,3086",FALSE,TRUE,FALSE,FALSE,"Multi-ECG:3085,3086"
2497,2025-10-31T10:08:40.677331,3005.1,2025-10-31T10:08:40.876411,199.1,1761885520.774000,470,1,3088,2025-10-31T10:08:40.877876,1.5,1761885519.694000,479,1,3087,FALSE,FALSE,FALSE,FALSE,
2498,2025-10-31T10:08:41.879109,3006.4,2025-10-31T10:08:42.078286,199.2,1761885521.976000,472,1,3089,2025-10-31T10:08:42.079574,1.3,1761885520.896000,479,1,3088,FALSE,FALSE,FALSE,FALSE,
2499,2025-10-31T10:08:43.081077,3007.6,2025-10-31T10:08:43.279825,198.7,1761885523.179000,469,1,3090,2025-10-31T10:08:43.285734,5.9,1761885522.099000,479,1,3089,FALSE,FALSE,FALSE,FALSE,
2500,2025-10-31T10:08:44.286967,3008.8,2025-10-31T10:08:44.482244,195.3,1761885524.380000,470,2,"3091,3092",2025-10-31T10:08:44.484026,1.8,1761885523.301000,480,1,3090,TRUE,FALSE,FALSE,FALSE,"Multi-ICG:3091,3092"
2501,2025-10-31T10:08:45.485684,3010.0,2025-10-31T10:08:45.684766,199.1,1761885525.582000,468,1,3093,2025-10-31T10:08:45.686521,1.7,1761885524.503000,479,2,"3091,3092",FALSE,TRUE,FALSE,FALSE,"Multi-ECG:3091,3092"
2502,2025-10-31T10:08:46.688414,3011.2,2025-10-31T10:08:46.886779,198.4,1761885526.785000,472,1,3094,2025-10-31T10:08:46.888209,1.4,1761885525.705000,479,1,3093,FALSE,FALSE,FALSE,FALSE,
2503,2025-10-31T10:08:47.889329,3012.4,2025-10-31T10:08:48.088248,198.9,1761885527.987000,472,1,3095,2025-10-31T10:08:48.089741,1.5,1761885526.907000,479,1,3094,FALSE,FALSE,FALSE,FALSE,
2504,2025-10-31T10:08:49.090985,3013.6,2025-10-31T10:08:49.290161,199.2,1761885529.188000,470,1,3096,2025-10-31T10:08:49.291477,1.3,1761885528.110000,480,1,3095,FALSE,FALSE,FALSE,FALSE,
2505,2025-10-31T10:08:50.292638,3014.8,2025-10-31T10:08:50.492688,200.0,1761885530.390000,471,2,"3097,3098",2025-10-31T10:08:50.494801,2.1,1761885529.312000,480,1,3096,TRUE,FALSE,FALSE,FALSE,"Multi-ICG:3097,3098"
2506,2025-10-31T10:08:51.496950,3016.0,2025-10-31T10:08:51.694140,197.2,1761885531.592000,471,1,3099,2025-10-31T10:08:51.695779,1.6,1761885530.514000,481,2,"3097,3098",FALSE,TRUE,FALSE,FALSE,"Multi-ECG:3097,3098"
2507,2025-10-31T10:08:52.697561,3017.2,2025-10-31T10:08:52.896579,199.0,1761885532.794000,470,1,3100,2025-10-31T10:08:52.898115,1.5,1761885531.716000,479,1,3099,FALSE,FALSE,FALSE,FALSE,
2508,2025-10-31T10:08:53.899363,3018.4,2025-10-31T10:08:54.099809,200.4,1761885533.997000,472,1,3101,2025-10-31T10:08:54.105804,6.0,1761885532.918000,479,1,3100,FALSE,FALSE,FALSE,FALSE,
2509,2025-10-31T10:08:55.107046,3019.6,2025-10-31T10:08:55.303335,196.3,1761885535.201000,472,1,3102,2025-10-31T10:08:55.304849,1.5,1761885534.120000,478,1,3101,FALSE,FALSE,FALSE,FALSE,
2510,2025-10-31T10:08:56.305986,3020.8,2025-10-31T10:08:56.506362,200.4,1761885536.404000,471,2,"3103,3104",2025-10-31T10:08:56.507768,1.4,1761885535.322000,479,1,3102,TRUE,FALSE,FALSE,FALSE,"Multi-ICG:3103,3104"
2511,2025-10-31T10:08:57.509339,3022.0,2025-10-31T10:08:57.708381,199.0,1761885537.606000,470,1,3105,2025-10-31T10:08:57.709874,1.5,1761885536.523000,480,2,"3103,3104",FALSE,TRUE,FALSE,FALSE,"Multi-ECG:3103,3104"
2512,2025-10-31T10:08:58.711482,3023.2,2025-10-31T10:08:58.911145,199.7,1761885538.809000,472,1,3106,2025-10-31T10:08:58.912478,1.3,1761885537.726000,479,1,3105,FALSE,FALSE,FALSE,FALSE,
2513,2025-10-31T10:08:59.913657,3024.4,2025-10-31T10:09:00.113703,200.0,1761885540.011000,470,1,3107,2025-10-31T10:09:00.115140,1.4,1761885538.928000,479,1,3106,FALSE,FALSE,FALSE,FALSE,
2514,2025-10-31T10:09:01.116246,3025.6,2025-10-31T10:09:01.316526,200.3,1761885541.215000,471,1,3108,2025-10-31T10:09:01.318042,1.5,1761885540.129000,479,1,3107,FALSE,FALSE,FALSE,FALSE,
2515,2025-10-31T10:09:02.319184,3026.8,2025-10-31T10:09:02.519026,199.8,1761885542.416000,471,2,"3109,3110",2025-10-31T10:09:02.520278,1.2,1761885541.331000,478,1,3108,TRUE,FALSE,FALSE,FALSE,"Multi-ICG:3109,3110"
2516,2025-10-31T10:09:03.521854,3028.0,2025-10-31T10:09:03.721172,199.3,1761885543.619000,469,1,3111,2025-10-31T10:09:03.722796,1.6,1761885542.533000,481,2,"3109,3110",FALSE,TRUE,FALSE,FALSE,"Multi-ECG:3109,3110"
2517,2025-10-31T10:09:04.724030,3029.2,2025-10-31T10:09:04.923401,199.4,1761885544.822000,468,1,3112,2025-10-31T10:09:04.929228,5.8,1761885543.735000,480,1,3111,FALSE,FALSE,FALSE,FALSE,
2518,2025-10-31T10:09:05.930480,3030.4,2025-10-31T10:09:06.125507,195.0,1761885546.024000,469,1,3113,2025-10-31T10:09:06.126935,1.4,1761885544.937000,480,1,3112,FALSE,FALSE,FALSE,FALSE,
2519,2025-10-31T10:09:07.128354,3031.6,2025-10-31T10:09:07.329022,200.7,1761885547.227000,471,1,3114,2025-10-31T10:09:07.330551,1.5,1761885546.138000,479,1,3113,FALSE,FALSE,FALSE,FALSE,
2520,2025-10-31T10:09:08.331760,3032.8,2025-10-31T10:09:08.531409,199.6,1761885548.429000,470,2,"3115,3116",2025-10-31T10:09:08.533041,1.6,1761885547.340000,481,1,3114,TRUE,FALSE,FALSE,FALSE,"Multi-ICG:3115,3116"
2521,2025-10-31T10:09:09.534412,3034.0,2025-10-31T10:09:09.733662,199.2,1761885549.632000,471,1,3117,2025-10-31T10:09:09.735231,1.6,1761885548.541000,479,2,"3115,3116",FALSE,TRUE,FALSE,FALSE,"Multi-ECG:3115,3116"
2522,2025-10-31T10:09:10.736592,3035.2,2025-10-31T10:09:10.935646,199.1,1761885550.834000,470,1,3118,2025-10-31T10:09:10.937118,1.5,1761885549.744000,479,1,3117,FALSE,FALSE,FALSE,FALSE,
2523,2025-10-31T10:09:11.938363,3036.4,2025-10-31T10:09:12.138506,200.1,1761885552.036000,471,1,3119,2025-10-31T10:09:12.139827,1.3,1761885550.945000,480,1,3118,FALSE,FALSE,FALSE,FALSE,
2524,2025-10-31T10:09:13.140983,3037.6,2025-10-31T10:09:13.340808,199.8,1761885553.239000,470,1,3120,2025-10-31T10:09:13.342771,2.0,1761885552.147000,480,1,3119,FALSE,FALSE,FALSE,FALSE,
2525,2025-10-31T10:09:14.343927,3038.8,2025-10-31T10:09:14.542957,199.0,1761885554.441000,472,2,"3121,3122",2025-10-31T10:09:14.544454,1.5,1761885553.349000,479,1,3120,TRUE,FALSE,FALSE,FALSE,"Multi-ICG:3121,3122"
2526,2025-10-31T10:09:15.545706,3040.0,2025-10-31T10:09:15.749472,203.8,1761885555.643000,470,1,3123,2025-10-31T10:09:15.751005,1.5,1761885554.551000,479,2,"3121,3122",FALSE,TRUE,FALSE,FALSE,"Multi-ECG:3121,3122"
2527,2025-10-31T10:09:16.752663,3041.2,2025-10-31T10:09:16.947424,194.8,1761885556.846000,469,1,3124,2025-10-31T10:09:16.948889,1.5,1761885555.752000,480,1,3123,FALSE,FALSE,FALSE,FALSE,
2528,2025-10-31T10:09:17.950166,3042.4,2025-10-31T10:09:18.149613,199.4,1761885558.048000,469,1,3125,2025-10-31T10:09:18.151242,1.6,1761885556.955000,481,1,3124,FALSE,FALSE,FALSE,FALSE,
2529,2025-10-31T10:09:19.152466,3043.6,2025-10-31T10:09:19.352365,199.9,1761885559.250000,472,1,3126,2025-10-31T10:09:19.353734,1.4,1761885558.157000,481,1,3125,FALSE,FALSE,FALSE,FALSE,
2530,2025-10-31T10:09:20.355005,3044.8,2025-10-31T10:09:20.555204,200.2,1761885560.453000,473,2,"3127,3128",2025-10-31T10:09:20.556688,1.5,1761885559.359000,481,1,3126,TRUE,FALSE,FALSE,FALSE,"Multi-ICG:3127,3128"
2531,2025-10-31T10:09:21.558311,3046.0,2025-10-31T10:09:21.757551,199.2,1761885561.656000,470,1,3129,2025-10-31T10:09:21.759213,1.7,1761885560.561000,480,2,"3127,3128",FALSE,TRUE,FALSE,FALSE,"Multi-ECG:3127,3128"
2532,2025-10-31T10:09:22.760806,3047.2,2025-10-31T10:09:22.960519,199.7,1761885562.857000,472,1,3130,2025-10-31T10:09:22.962101,1.6,1761885561.762000,478,1,3129,FALSE,FALSE,FALSE,FALSE,
2533,2025-10-31T10:09:23.963240,3048.4,2025-10-31T10:09:24.163869,200.6,1761885564.061000,471,1,3131,2025-10-31T10:09:24.166191,2.3,1761885562.964000,481,1,3130,FALSE,FALSE,FALSE,FALSE,
2534,2025-10-31T10:09:25.167471,3049.6,2025-10-31T10:09:25.368670,201.2,1761885565.264000,473,1,3132,2025-10-31T10:09:25.370384,1.7,1761885564.166000,479,1,3131,FALSE,FALSE,FALSE,FALSE,
2535,2025-10-31T10:09:26.371690,3050.8,2025-10-31T10:09:26.576916,205.2,1761885566.471000,473,2,"3133,3134",2025-10-31T10:09:26.578574,1.6,1761885565.469000,521,2,"3132,3133",TRUE,TRUE,FALSE,FALSE,"Multi-ICG:3133,3134;Multi-ECG:3132,3133"
2536,2025-10-31T10:09:27.579920,3052.1,2025-10-31T10:09:27.774542,194.6,1761885567.673000,470,1,3135,2025-10-31T10:09:27.776086,1.5,1761885566.672000,478,1,3134,FALSE,FALSE,FALSE,FALSE,
2537,2025-10-31T10:09:28.777292,3053.2,2025-10-31T10:09:28.977497,200.2,1761885568.875000,472,1,3136,2025-10-31T10:09:28.978845,1.3,1761885567.776000,440,1,3135,FALSE,FALSE,FALSE,FALSE,
2538,2025-10-31T10:09:29.979953,3054.5,2025-10-31T10:09:30.179379,199.4,1761885570.077000,470,1,3137,2025-10-31T10:09:30.181051,1.7,1761885569.077000,520,1,3136,FALSE,FALSE,FALSE,FALSE,
2539,2025-10-31T10:09:31.182348,3055.7,2025-10-31T10:09:31.381597,199.2,1761885571.280000,471,1,3138,2025-10-31T10:09:31.383053,1.4,1761885570.181000,439,1,3137,FALSE,FALSE,FALSE,FALSE,
2540,2025-10-31T10:09:32.384190,3056.9,2025-10-31T10:09:32.583789,199.6,1761885572.482000,469,2,"3139,3140",2025-10-31T10:09:32.585263,1.5,1761885571.384000,479,2,"3138,3139",TRUE,TRUE,FALSE,FALSE,"Multi-ICG:3139,3140;Multi-ECG:3138,3139"
2541,2025-10-31T10:09:33.586853,3058.1,2025-10-31T10:09:33.786236,199.4,1761885573.684000,470,1,3141,2025-10-31T10:09:33.787724,1.5,1761885572.587000,481,1,3140,FALSE,FALSE,FALSE,FALSE,
2542,2025-10-31T10:09:34.788997,3059.3,2025-10-31T10:09:34.988680,199.7,1761885574.887000,471,1,3142,2025-10-31T10:09:34.990279,1.6,1761885573.790000,479,1,3141,FALSE,FALSE,FALSE,FALSE,
2543,2025-10-31T10:09:35.991403,3060.5,2025-10-31T10:09:36.192164,200.8,1761885576.090000,472,1,3143,2025-10-31T10:09:36.198335,6.2,1761885574.991000,480,1,3142,FALSE,FALSE,FALSE,FALSE,
2544,2025-10-31T10:09:37.199551,3061.7,2025-10-31T10:09:37.393970,194.4,1761885577.292000,471,1,3144,2025-10-31T10:09:37.395484,1.5,1761885576.194000,479,1,3143,FALSE,FALSE,FALSE,FALSE,
2545,2025-10-31T10:09:38.396625,3062.9,2025-10-31T10:09:38.596486,199.9,1761885578.494000,471,2,"3145,3146",2025-10-31T10:09:38.598249,1.8,1761885577.401000,481,2,"3144,3145",TRUE,TRUE,FALSE,FALSE,"Multi-ICG:3145,3146;Multi-ECG:3144,3145"
2546,2025-10-31T10:09:39.599597,3064.1,2025-10-31T10:09:39.799113,199.5,1761885579.696000,471,1,3147,2025-10-31T10:09:39.800618,1.5,1761885578.603000,480,1,3146,FALSE,FALSE,FALSE,FALSE,
2547,2025-10-31T10:09:40.801740,3065.3,2025-10-31T10:09:41.001187,199.4,1761885580.899000,473,1,3148,2025-10-31T10:09:41.002843,1.6,1761885579.806000,480,1,3147,FALSE,FALSE,FALSE,FALSE,
2548,2025-10-31T10:09:42.004004,3066.5,2025-10-31T10:09:42.204819,200.8,1761885582.102000,471,1,3149,2025-10-31T10:09:42.206228,1.4,1761885581.008000,481,1,3148,FALSE,FALSE,FALSE,FALSE,
2549,2025-10-31T10:09:43.207358,3067.7,2025-10-31T10:09:43.407365,200.0,1761885583.305000,471,1,3150,2025-10-31T10:09:43.408797,1.4,1761885582.210000,480,1,3149,FALSE,FALSE,FALSE,FALSE,
2550,2025-10-31T10:09:44.409971,3068.9,2025-10-31T10:09:44.609553,199.6,1761885584.508000,472,2,"3151,3152",2025-10-31T10:09:44.611131,1.6,1761885583.412000,480,2,"3150,3151",TRUE,TRUE,FALSE,FALSE,"Multi-ICG:3151,3152;Multi-ECG:3150,3151"
2551,2025-10-31T10:09:45.612456,3070.1,2025-10-31T10:09:45.812178,199.7,1761885585.710000,470,1,3153,2025-10-31T10:09:45.813854,1.7,1761885584.614000,479,1,3152,FALSE,FALSE,FALSE,FALSE,
2552,2025-10-31T10:09:46.815196,3071.3,2025-10-31T10:09:47.014729,199.5,1761885586.912000,472,1,3154,2025-10-31T10:09:47.020565,5.8,1761885585.816000,479,1,3153,FALSE,FALSE,FALSE,FALSE,
2553,2025-10-31T10:09:48.021717,3072.5,2025-10-31T10:09:48.217654,195.9,1761885588.115000,469,1,3155,2025-10-31T10:09:48.219264,1.6,1761885587.019000,479,1,3154,FALSE,FALSE,FALSE,FALSE,
2554,2025-10-31T10:09:49.220378,3073.7,2025-10-31T10:09:49.420436,200.1,1761885589.318000,472,1,3156,2025-10-31T10:09:49.421875,1.4,1761885588.221000,477,1,3155,FALSE,FALSE,FALSE,FALSE,
2555,2025-10-31T10:09:50.423085,3074.9,2025-10-31T10:09:50.622613,199.5,1761885590.521000,472,2,"3157,3158",2025-10-31T10:09:50.624132,1.5,1761885589.424000,481,2,"3156,3157",TRUE,TRUE,FALSE,FALSE,"Multi-ICG:3157,3158;Multi-ECG:3156,3157"
2556,2025-10-31T10:09:51.625477,3076.1,2025-10-31T10:09:51.825468,200.0,1761885591.723000,470,1,3159,2025-10-31T10:09:51.826865,1.4,1761885590.626000,480,1,3158,FALSE,FALSE,FALSE,FALSE,
2557,2025-10-31T10:09:52.827986,3077.3,2025-10-31T10:09:53.027933,199.9,1761885592.926000,472,1,3160,2025-10-31T10:09:53.029411,1.5,1761885591.828000,480,1,3159,FALSE,FALSE,FALSE,FALSE,
2558,2025-10-31T10:09:54.030624,3078.5,2025-10-31T10:09:54.230476,199.9,1761885594.128000,470,1,3161,2025-10-31T10:09:54.232002,1.5,1761885593.031000,480,1,3160,FALSE,FALSE,FALSE,FALSE,
2559,2025-10-31T10:09:55.233168,3079.7,2025-10-31T10:09:55.433156,200.0,1761885595.331000,471,1,3162,2025-10-31T10:09:55.434571,1.4,1761885594.233000,478,1,3161,FALSE,FALSE,FALSE,FALSE,
2560,2025-10-31T10:09:56.435715,3080.9,2025-10-31T10:09:56.635778,200.1,1761885596.534000,471,2,"3163,3164",2025-10-31T10:09:56.637340,1.6,1761885595.436000,480,2,"3162,3163",TRUE,TRUE,FALSE,FALSE,"Multi-ICG:3163,3164;Multi-ECG:3162,3163"
2561,2025-10-31T10:09:57.638717,3082.1,2025-10-31T10:09:57.837762,199.0,1761885597.736000,470,1,3165,2025-10-31T10:09:57.844138,6.4,1761885596.638000,479,1,3164,FALSE,FALSE,FALSE,FALSE,
2562,2025-10-31T10:09:58.845419,3083.3,2025-10-31T10:09:59.040158,194.7,1761885598.938000,470,1,3166,2025-10-31T10:09:59.041526,1.4,1761885597.842000,481,1,3165,FALSE,FALSE,FALSE,FALSE,
2563,2025-10-31T10:10:00.042893,3084.5,2025-10-31T10:10:00.244419,201.5,1761885600.141000,470,1,3167,2025-10-31T10:10:00.246271,1.8,1761885599.044000,478,1,3166,FALSE,FALSE,FALSE,FALSE,
2564,2025-10-31T10:10:01.247576,3085.7,2025-10-31T10:10:01.447296,199.7,1761885601.345000,473,1,3168,2025-10-31T10:10:01.448833,1.5,1761885600.246000,479,1,3167,FALSE,FALSE,FALSE,FALSE,
2565,2025-10-31T10:10:02.450018,3086.9,2025-10-31T10:10:02.649966,200.0,1761885602.548000,473,2,"3169,3170",2025-10-31T10:10:02.651468,1.5,1761885601.449000,481,2,"3168,3169",TRUE,TRUE,FALSE,FALSE,"Multi-ICG:3169,3170;Multi-ECG:3168,3169"
2566,2025-10-31T10:10:03.653027,3088.1,2025-10-31T10:10:03.852140,199.1,1761885603.750000,471,1,3171,2025-10-31T10:10:03.853681,1.5,1761885602.650000,480,1,3170,FALSE,FALSE,FALSE,FALSE,
2567,2025-10-31T10:10:04.855019,3089.3,2025-10-31T10:10:05.055504,200.5,1761885604.953000,471,1,3172,2025-10-31T10:10:05.057562,2.0,1761885603.853000,480,1,3171,FALSE,FALSE,FALSE,FALSE,
2568,2025-10-31T10:10:06.059165,3090.5,2025-10-31T10:10:06.257089,197.9,1761885606.155000,473,1,3173,2025-10-31T10:10:06.258787,1.7,1761885605.156000,520,1,3172,FALSE,FALSE,FALSE,FALSE,
2569,2025-10-31T10:10:07.260128,3091.7,2025-10-31T10:10:07.459472,199.3,1761885607.358000,470,1,3174,2025-10-31T10:10:07.461006,1.5,1761885606.258000,440,1,3173,FALSE,FALSE,FALSE,FALSE,
2570,2025-10-31T10:10:08.462267,3092.9,2025-10-31T10:10:08.666339,204.1,1761885608.560000,474,2,"3175,3176",2025-10-31T10:10:08.667772,1.4,1761885607.461000,480,2,"3174,3175",TRUE,TRUE,FALSE,FALSE,"Multi-ICG:3175,3176;Multi-ECG:3174,3175"
2571,2025-10-31T10:10:09.669044,3094.1,2025-10-31T10:10:09.864168,195.1,1761885609.762000,471,1,3177,2025-10-31T10:10:09.865816,1.6,1761885608.763000,519,1,3176,FALSE,FALSE,FALSE,FALSE,
2572,2025-10-31T10:10:10.867050,3095.3,2025-10-31T10:10:11.066451,199.4,1761885610.964000,470,1,3178,2025-10-31T10:10:11.067917,1.5,1761885609.865000,439,1,3177,FALSE,FALSE,FALSE,FALSE,
2573,2025-10-31T10:10:12.069258,3096.5,2025-10-31T10:10:12.269435,200.2,1761885612.167000,470,1,3179,2025-10-31T10:10:12.270938,1.5,1761885611.068000,479,1,3178,FALSE,FALSE,FALSE,FALSE,
2574,2025-10-31T10:10:13.272145,3097.7,2025-10-31T10:10:13.472644,200.5,1761885613.370000,471,1,3180,2025-10-31T10:10:13.474355,1.7,1761885612.369000,520,1,3179,FALSE,FALSE,FALSE,FALSE,
2575,2025-10-31T10:10:14.475541,3098.9,2025-10-31T10:10:14.675710,200.2,1761885614.573000,471,2,"3181,3182",2025-10-31T10:10:14.677193,1.5,1761885613.572000,480,2,"3180,3181",TRUE,TRUE,FALSE,FALSE,"Multi-ICG:3181,3182;Multi-ECG:3180,3181"
2576,2025-10-31T10:10:15.678507,3100.2,2025-10-31T10:10:15.878385,199.9,1761885615.776000,471,1,3183,2025-10-31T10:10:15.879869,1.5,1761885614.773000,479,1,3182,FALSE,FALSE,FALSE,FALSE,
2577,2025-10-31T10:10:16.880941,3101.4,2025-10-31T10:10:17.080135,199.2,1761885616.978000,470,1,3184,2025-10-31T10:10:17.081597,1.5,1761885615.975000,481,1,3183,FALSE,FALSE,FALSE,FALSE,
2578,2025-10-31T10:10:18.082830,3102.6,2025-10-31T10:10:18.282902,200.1,1761885618.181000,471,1,3185,2025-10-31T10:10:18.284460,1.5,1761885617.178000,481,1,3184,FALSE,FALSE,FALSE,FALSE,
2579,2025-10-31T10:10:19.285599,3103.8,2025-10-31T10:10:19.490809,205.2,1761885619.384000,473,1,3186,2025-10-31T10:10:19.492314,1.5,1761885618.380000,476,1,3185,FALSE,FALSE,FALSE,FALSE,
2580,2025-10-31T10:10:20.493460,3105.0,2025-10-31T10:10:20.689635,196.2,1761885620.587000,472,2,"3187,3188",2025-10-31T10:10:20.691500,1.9,1761885619.581000,481,2,"3186,3187",TRUE,TRUE,FALSE,FALSE,"Multi-ICG:3187,3188;Multi-ECG:3186,3187"
2581,2025-10-31T10:10:21.692949,3106.2,2025-10-31T10:10:21.890363,197.4,1761885621.789000,473,1,3189,2025-10-31T10:10:21.891729,1.4,1761885620.783000,477,1,3188,FALSE,FALSE,FALSE,FALSE,
2582,2025-10-31T10:10:22.892861,3107.4,2025-10-31T10:10:23.092854,200.0,1761885622.991000,471,1,3190,2025-10-31T10:10:23.094934,2.1,1761885621.984000,478,1,3189,FALSE,FALSE,FALSE,FALSE,
2583,2025-10-31T10:10:24.096451,3108.6,2025-10-31T10:10:24.293968,197.5,1761885624.192000,470,1,3191,2025-10-31T10:10:24.295516,1.5,1761885623.186000,479,1,3190,FALSE,FALSE,FALSE,FALSE,
2584,2025-10-31T10:10:25.296678,3109.8,2025-10-31T10:10:25.496424,199.7,1761885625.394000,469,1,3192,2025-10-31T10:10:25.498151,1.7,1761885624.389000,479,1,3191,FALSE,FALSE,FALSE,FALSE,
2585,2025-10-31T10:10:26.499352,3111.0,2025-10-31T10:10:26.699341,200.0,1761885626.597000,471,2,"3193,3194",2025-10-31T10:10:26.700838,1.5,1761885625.591000,479,2,"3192,3193",TRUE,TRUE,FALSE,FALSE,"Multi-ICG:3193,3194;Multi-ECG:3192,3193"
2586,2025-10-31T10:10:27.702205,3112.2,2025-10-31T10:10:27.901436,199.2,1761885627.800000,471,1,3195,2025-10-31T10:10:27.903083,1.6,1761885626.792000,479,1,3194,FALSE,FALSE,FALSE,FALSE,
2587,2025-10-31T10:10:28.904246,3113.4,2025-10-31T10:10:29.103518,199.3,1761885629.002000,471,1,3196,2025-10-31T10:10:29.109111,5.6,1761885627.994000,479,1,3195,FALSE,FALSE,FALSE,FALSE,
2588,2025-10-31T10:10:30.110296,3114.6,2025-10-31T10:10:30.305649,195.4,1761885630.204000,471,1,3197,2025-10-31T10:10:30.307232,1.6,1761885629.195000,477,1,3196,FALSE,FALSE,FALSE,FALSE,
2589,2025-10-31T10:10:31.308349,3115.8,2025-10-31T10:10:31.508070,199.7,1761885631.406000,472,2,"3198,3199",2025-10-31T10:10:31.509528,1.5,1761885630.397000,480,2,"3197,3198",TRUE,TRUE,FALSE,FALSE,"Multi-ICG:3198,3199;Multi-ECG:3197,3198"
2590,2025-10-31T10:10:32.510998,3117.0,2025-10-31T10:10:32.711588,200.6,1761885632.608000,471,1,3200,2025-10-31T10:10:32.713058,1.5,1761885631.600000,477,1,3199,FALSE,FALSE,FALSE,FALSE,
2591,2025-10-31T10:10:33.714212,3118.2,2025-10-31T10:10:33.915450,201.2,1761885633.812000,474,1,3201,2025-10-31T10:10:33.916973,1.5,1761885632.802000,479,1,3200,FALSE,FALSE,FALSE,FALSE,
2592,2025-10-31T10:10:34.918185,3119.4,2025-10-31T10:10:35.118309,200.1,1761885635.016000,472,1,3202,2025-10-31T10:10:35.119872,1.6,1761885634.006000,480,1,3201,FALSE,FALSE,FALSE,FALSE,
2593,2025-10-31T10:10:36.121196,3120.6,2025-10-31T10:10:36.320288,199.1,1761885636.218000,470,1,3203,2025-10-31T10:10:36.321767,1.5,1761885635.207000,479,1,3202,FALSE,FALSE,FALSE,FALSE,
2594,2025-10-31T10:10:37.323015,3121.8,2025-10-31T10:10:37.522825,199.8,1761885637.420000,470,2,"3204,3205",2025-10-31T10:10:37.524577,1.7,1761885636.409000,480,2,"3203,3204",TRUE,TRUE,FALSE,FALSE,"Multi-ICG:3204,3205;Multi-ECG:3203,3204"
2595,2025-10-31T10:10:38.526446,3123.0,2025-10-31T10:10:38.725175,198.7,1761885638.623000,472,1,3206,2025-10-31T10:10:38.726762,1.6,1761885637.611000,478,1,3205,FALSE,FALSE,FALSE,FALSE,
2596,2025-10-31T10:10:39.728015,3124.2,2025-10-31T10:10:39.926716,198.7,1761885639.825000,470,1,3207,2025-10-31T10:10:39.932660,5.9,1761885638.813000,478,1,3206,FALSE,FALSE,FALSE,FALSE,
2597,2025-10-31T10:10:40.933818,3125.4,2025-10-31T10:10:41.128862,195.0,1761885641.027000,471,1,3208,2025-10-31T10:10:41.130500,1.6,1761885640.015000,479,1,3207,FALSE,FALSE,FALSE,FALSE,
2598,2025-10-31T10:10:42.131649,3126.6,2025-10-31T10:10:42.332701,201.1,1761885642.229000,472,1,3209,2025-10-31T10:10:42.334523,1.8,1761885641.218000,480,1,3208,FALSE,FALSE,FALSE,FALSE,
2599,2025-10-31T10:10:43.335753,3127.8,2025-10-31T10:10:43.535748,200.0,1761885643.433000,474,2,"3210,3211",2025-10-31T10:10:43.537262,1.5,1761885642.419000,481,2,"3209,3210",TRUE,TRUE,FALSE,FALSE,"Multi-ICG:3210,3211;Multi-ECG:3209,3210"
2600,2025-10-31T10:10:44.538724,3129.0,2025-10-31T10:10:44.739317,200.6,1761885644.636000,472,1,3212,2025-10-31T10:10:44.740745,1.4,1761885643.622000,479,1,3211,FALSE,FALSE,FALSE,FALSE,
2601,2025-10-31T10:10:45.741883,3130.2,2025-10-31T10:10:45.941542,199.7,1761885645.840000,471,1,3213,2025-10-31T10:10:45.943188,1.6,1761885644.823000,478,1,3212,FALSE,FALSE,FALSE,FALSE,
2602,2025-10-31T10:10:46.944467,3131.4,2025-10-31T10:10:47.143605,199.1,1761885647.041000,470,1,3214,2025-10-31T10:10:47.145155,1.5,1761885646.027000,479,1,3213,FALSE,FALSE,FALSE,FALSE,
2603,2025-10-31T10:10:48.146357,3132.6,2025-10-31T10:10:48.346185,199.8,1761885648.244000,471,1,3215,2025-10-31T10:10:48.347520,1.3,1761885647.230000,479,1,3214,FALSE,FALSE,FALSE,FALSE,
2604,2025-10-31T10:10:49.348621,3133.8,2025-10-31T10:10:49.548416,199.8,1761885649.446000,471,2,"3216,3217",2025-10-31T10:10:49.549881,1.5,1761885648.432000,480,2,"3215,3216",TRUE,TRUE,FALSE,FALSE,"Multi-ICG:3216,3217;Multi-ECG:3215,3216"
2605,2025-10-31T10:10:50.551331,3135.0,2025-10-31T10:10:50.750808,199.5,1761885650.649000,470,1,3218,2025-10-31T10:10:50.756697,5.9,1761885649.634000,479,1,3217,FALSE,FALSE,FALSE,FALSE,
2606,2025-10-31T10:10:51.757842,3136.2,2025-10-31T10:10:51.952912,195.1,1761885651.851000,472,1,3219,2025-10-31T10:10:51.954341,1.4,1761885650.837000,480,1,3218,FALSE,FALSE,FALSE,FALSE,
2607,2025-10-31T10:10:52.955487,3137.4,2025-10-31T10:10:53.155188,199.7,1761885653.053000,472,1,3220,2025-10-31T10:10:53.156707,1.5,1761885652.039000,480,1,3219,FALSE,FALSE,FALSE,FALSE,
2608,2025-10-31T10:10:54.157856,3138.6,2025-10-31T10:10:54.357428,199.6,1761885654.256000,473,1,3221,2025-10-31T10:10:54.359007,1.6,1761885653.241000,479,1,3220,FALSE,FALSE,FALSE,FALSE,
2609,2025-10-31T10:10:55.360171,3139.8,2025-10-31T10:10:55.559839,199.7,1761885655.458000,472,2,"3222,3223",2025-10-31T10:10:55.561281,1.4,1761885654.444000,479,2,"3221,3222",TRUE,TRUE,FALSE,FALSE,"Multi-ICG:3222,3223;Multi-ECG:3221,3222"
2610,2025-10-31T10:10:56.562737,3141.0,2025-10-31T10:10:56.762506,199.8,1761885656.660000,469,1,3224,2025-10-31T10:10:56.764046,1.5,1761885655.645000,480,1,3223,FALSE,FALSE,FALSE,FALSE,
2611,2025-10-31T10:10:57.765190,3142.2,2025-10-31T10:10:57.964822,199.6,1761885657.863000,470,1,3225,2025-10-31T10:10:57.966305,1.5,1761885656.847000,478,1,3224,FALSE,FALSE,FALSE,FALSE,
2612,2025-10-31T10:10:58.967456,3143.4,2025-10-31T10:10:59.167388,199.9,1761885659.065000,472,1,3226,2025-10-31T10:10:59.168882,1.5,1761885658.050000,480,1,3225,FALSE,FALSE,FALSE,FALSE,
2613,2025-10-31T10:11:00.170036,3144.6,2025-10-31T10:11:00.369778,199.7,1761885660.268000,470,1,3227,2025-10-31T10:11:00.371425,1.6,1761885659.252000,478,1,3226,FALSE,FALSE,FALSE,FALSE,
2614,2025-10-31T10:11:01.372579,3145.8,2025-10-31T10:11:01.576676,204.1,1761885661.470000,473,2,"3228,3229",2025-10-31T10:11:01.578241,1.6,1761885660.455000,481,2,"3227,3228",TRUE,TRUE,FALSE,FALSE,"Multi-ICG:3228,3229;Multi-ECG:3227,3228"
2615,2025-10-31T10:11:02.579783,3147.1,2025-10-31T10:11:02.774555,194.8,1761885662.673000,469,1,3230,2025-10-31T10:11:02.776074,1.5,1761885661.657000,480,1,3229,FALSE,FALSE,FALSE,FALSE,
2616,2025-10-31T10:11:03.777239,3148.2,2025-10-31T10:11:03.976221,199.0,1761885663.874000,471,1,3231,2025-10-31T10:11:03.977740,1.5,1761885662.859000,478,1,3230,FALSE,FALSE,FALSE,FALSE,
2617,2025-10-31T10:11:04.979054,3149.5,2025-10-31T10:11:05.180007,201.0,1761885665.076000,470,1,3232,2025-10-31T10:11:05.181445,1.4,1761885664.061000,479,1,3231,FALSE,FALSE,FALSE,FALSE,
2618,2025-10-31T10:11:06.182693,3150.7,2025-10-31T10:11:06.383759,201.1,1761885666.281000,473,1,3233,2025-10-31T10:11:06.385459,1.7,1761885665.262000,479,1,3232,FALSE,FALSE,FALSE,FALSE,
2619,2025-10-31T10:11:07.386791,3151.9,2025-10-31T10:11:07.586621,199.8,1761885667.484000,473,2,"3234,3235",2025-10-31T10:11:07.588185,1.6,1761885666.464000,480,2,"3233,3234",TRUE,TRUE,FALSE,FALSE,"Multi-ICG:3234,3235;Multi-ECG:3233,3234"
2620,2025-10-31T10:11:08.589858,3153.1,2025-10-31T10:11:08.790061,200.2,1761885668.687000,470,1,3236,2025-10-31T10:11:08.791563,1.5,1761885667.667000,479,1,3235,FALSE,FALSE,FALSE,FALSE,
2621,2025-10-31T10:11:09.792729,3154.3,2025-10-31T10:11:09.992914,200.2,1761885669.890000,472,1,3237,2025-10-31T10:11:09.994499,1.6,1761885668.869000,478,1,3236,FALSE,FALSE,FALSE,FALSE,
2622,2025-10-31T10:11:10.995672,3155.5,2025-10-31T10:11:11.195956,200.3,1761885671.094000,470,1,3238,2025-10-31T10:11:11.197518,1.5,1761885670.071000,480,1,3237,FALSE,FALSE,FALSE,FALSE,
2623,2025-10-31T10:11:12.198904,3156.7,2025-10-31T10:11:12.402703,203.8,1761885672.296000,470,1,3239,2025-10-31T10:11:12.404249,1.5,1761885671.272000,479,1,3238,FALSE,FALSE,FALSE,FALSE,
2624,2025-10-31T10:11:13.405391,3157.9,2025-10-31T10:11:13.599927,194.5,1761885673.498000,471,2,"3240,3241",2025-10-31T10:11:13.601474,1.5,1761885672.474000,479,2,"3239,3240",TRUE,TRUE,FALSE,FALSE,"Multi-ICG:3240,3241;Multi-ECG:3239,3240"
2625,2025-10-31T10:11:14.603132,3159.1,2025-10-31T10:11:14.802495,199.4,1761885674.700000,472,1,3242,2025-10-31T10:11:14.804137,1.6,1761885673.677000,477,1,3241,FALSE,FALSE,FALSE,FALSE,
2626,2025-10-31T10:11:15.805275,3160.3,2025-10-31T10:11:16.005554,200.3,1761885675.903000,471,1,3243,2025-10-31T10:11:16.007524,2.0,1761885674.880000,477,1,3242,FALSE,FALSE,FALSE,FALSE,
2627,2025-10-31T10:11:17.008752,3161.5,2025-10-31T10:11:17.208620,199.9,1761885677.106000,471,1,3244,2025-10-31T10:11:17.210548,1.9,1761885676.082000,479,1,3243,FALSE,FALSE,FALSE,FALSE,
2628,2025-10-31T10:11:18.211782,3162.7,2025-10-31T10:11:18.410757,199.0,1761885678.309000,472,1,3245,2025-10-31T10:11:18.412123,1.4,1761885677.284000,479,1,3244,FALSE,FALSE,FALSE,FALSE,
2629,2025-10-31T10:11:19.413268,3163.9,2025-10-31T10:11:19.612653,199.4,1761885679.511000,471,2,"3246,3247",2025-10-31T10:11:19.614315,1.7,1761885678.486000,481,2,"3245,3246",TRUE,TRUE,FALSE,FALSE,"Multi-ICG:3246,3247;Multi-ECG:3245,3246"
2630,2025-10-31T10:11:20.615653,3165.1,2025-10-31T10:11:20.816594,200.9,1761885680.714000,471,1,3248,2025-10-31T10:11:20.818207,1.6,1761885679.690000,480,1,3247,FALSE,FALSE,FALSE,FALSE,
2631,2025-10-31T10:11:21.819393,3166.3,2025-10-31T10:11:22.019681,200.3,1761885681.918000,472,1,3249,2025-10-31T10:11:22.021048,1.4,1761885680.893000,481,1,3248,FALSE,FALSE,FALSE,FALSE,
2632,2025-10-31T10:11:23.026714,3167.5,2025-10-31T10:11:23.221765,195.1,1761885683.120000,470,1,3250,2025-10-31T10:11:23.223324,1.5,1761885682.095000,478,1,3249,FALSE,FALSE,FALSE,FALSE,
2633,2025-10-31T10:11:24.224693,3168.7,2025-10-31T10:11:24.423880,199.2,1761885684.322000,472,1,3251,2025-10-31T10:11:24.425186,1.3,1761885683.297000,479,1,3250,FALSE,FALSE,FALSE,FALSE,
2634,2025-10-31T10:11:25.426416,3169.9,2025-10-31T10:11:25.625815,199.4,1761885685.524000,471,2,"3252,3253",2025-10-31T10:11:25.627395,1.6,1761885684.499000,480,2,"3251,3252",TRUE,TRUE,FALSE,FALSE,"Multi-ICG:3252,3253;Multi-ECG:3251,3252"
2635,2025-10-31T10:11:26.628733,3171.1,2025-10-31T10:11:26.827408,198.7,1761885686.726000,471,1,3254,2025-10-31T10:11:26.828932,1.5,1761885685.701000,477,1,3253,FALSE,FALSE,FALSE,FALSE,
2636,2025-10-31T10:11:27.830102,3172.3,2025-10-31T10:11:28.029398,199.3,1761885687.928000,470,1,3255,2025-10-31T10:11:28.030817,1.4,1761885686.903000,479,1,3254,FALSE,FALSE,FALSE,FALSE,
2637,2025-10-31T10:11:29.031967,3173.5,2025-10-31T10:11:29.232080,200.1,1761885689.130000,472,1,3256,2025-10-31T10:11:29.233528,1.4,1761885688.105000,479,1,3255,FALSE,FALSE,FALSE,FALSE,
2638,2025-10-31T10:11:30.234746,3174.7,2025-10-31T10:11:30.434782,200.0,1761885690.333000,470,1,3257,2025-10-31T10:11:30.436248,1.5,1761885689.307000,478,1,3256,FALSE,FALSE,FALSE,FALSE,
2639,2025-10-31T10:11:31.437376,3175.9,2025-10-31T10:11:31.638229,200.9,1761885691.536000,472,2,"3258,3259",2025-10-31T10:11:31.639598,1.4,1761885690.509000,480,2,"3257,3258",TRUE,TRUE,FALSE,FALSE,"Multi-ICG:3258,3259;Multi-ECG:3257,3258"
2640,2025-10-31T10:11:32.641003,3177.1,2025-10-31T10:11:32.841618,200.6,1761885692.738000,470,1,3260,2025-10-31T10:11:32.847345,5.7,1761885691.713000,481,1,3259,FALSE,FALSE,FALSE,FALSE,
2641,2025-10-31T10:11:33.848521,3178.3,2025-10-31T10:11:34.044350,195.8,1761885693.942000,473,1,3261,2025-10-31T10:11:34.046265,1.9,1761885692.916000,479,1,3260,FALSE,FALSE,FALSE,FALSE,
2642,2025-10-31T10:11:35.047407,3179.5,2025-10-31T10:11:35.247413,200.0,1761885695.145000,472,1,3262,2025-10-31T10:11:35.249155,1.7,1761885694.119000,479,1,3261,FALSE,FALSE,FALSE,FALSE,
2643,2025-10-31T10:11:36.250416,3180.7,2025-10-31T10:11:36.449513,199.1,1761885696.348000,469,1,3263,2025-10-31T10:11:36.451438,1.9,1761885695.321000,480,1,3262,FALSE,FALSE,FALSE,FALSE,
2644,2025-10-31T10:11:37.452767,3181.9,2025-10-31T10:11:37.651679,198.9,1761885697.550000,473,2,"3264,3265",2025-10-31T10:11:37.653294,1.6,1761885696.523000,481,2,"3263,3264",TRUE,TRUE,FALSE,FALSE,"Multi-ICG:3264,3265;Multi-ECG:3263,3264"
2645,2025-10-31T10:11:38.655187,3183.1,2025-10-31T10:11:38.853753,198.6,1761885698.751000,469,1,3266,2025-10-31T10:11:38.855299,1.5,1761885697.725000,480,1,3265,FALSE,FALSE,FALSE,FALSE,
2646,2025-10-31T10:11:39.856478,3184.3,2025-10-31T10:11:40.056083,199.6,1761885699.954000,471,1,3267,2025-10-31T10:11:40.057547,1.4,1761885698.928000,479,1,3266,FALSE,FALSE,FALSE,FALSE,
2647,2025-10-31T10:11:41.058787,3185.5,2025-10-31T10:11:41.258702,199.9,1761885701.156000,470,1,3268,2025-10-31T10:11:41.260028,1.3,1761885700.130000,479,1,3267,FALSE,FALSE,FALSE,FALSE,
2648,2025-10-31T10:11:42.261176,3186.7,2025-10-31T10:11:42.461218,200.0,1761885702.359000,471,1,3269,2025-10-31T10:11:42.462754,1.5,1761885701.332000,477,1,3268,FALSE,FALSE,FALSE,FALSE,
2649,2025-10-31T10:11:43.463888,3187.9,2025-10-31T10:11:43.663180,199.3,1761885703.562000,472,2,"3270,3271",2025-10-31T10:11:43.669132,5.9,1761885702.535000,478,2,"3269,3270",TRUE,TRUE,FALSE,FALSE,"Multi-ICG:3270,3271;Multi-ECG:3269,3270"
2650,2025-10-31T10:11:44.670923,3189.1,2025-10-31T10:11:44.865527,194.6,1761885704.763000,470,1,3272,2025-10-31T10:11:44.866988,1.5,1761885703.737000,480,1,3271,FALSE,FALSE,FALSE,FALSE,
2651,2025-10-31T10:11:45.868138,3190.3,2025-10-31T10:11:46.067547,199.4,1761885705.966000,472,1,3273,2025-10-31T10:11:46.069058,1.5,1761885704.940000,479,1,3272,FALSE,FALSE,FALSE,FALSE,
2652,2025-10-31T10:11:47.070759,3191.5,2025-10-31T10:11:47.269156,198.4,1761885707.168000,472,1,3274,2025-10-31T10:11:47.271079,1.9,1761885706.142000,478,1,3273,FALSE,FALSE,FALSE,FALSE,
2653,2025-10-31T10:11:48.272292,3192.7,2025-10-31T10:11:48.471157,198.9,1761885708.369000,472,1,3275,2025-10-31T10:11:48.472564,1.4,1761885707.343000,479,1,3274,FALSE,FALSE,FALSE,FALSE,
2654,2025-10-31T10:11:49.473701,3193.9,2025-10-31T10:11:49.672945,199.2,1761885709.571000,472,2,"3276,3277",2025-10-31T10:11:49.674527,1.6,1761885708.545000,481,2,"3275,3276",TRUE,TRUE,FALSE,FALSE,"Multi-ICG:3276,3277;Multi-ECG:3275,3276"
2655,2025-10-31T10:11:50.676255,3195.1,2025-10-31T10:11:50.874814,198.6,1761885710.773000,472,1,3278,2025-10-31T10:11:50.876260,1.4,1761885709.747000,480,1,3277,FALSE,FALSE,FALSE,FALSE,
2656,2025-10-31T10:11:51.877434,3196.3,2025-10-31T10:11:52.076673,199.2,1761885711.975000,469,1,3279,2025-10-31T10:11:52.078313,1.6,1761885710.949000,479,1,3278,FALSE,FALSE,FALSE,FALSE,
2657,2025-10-31T10:11:53.079455,3197.6,2025-10-31T10:11:53.279216,199.8,1761885713.177000,471,1,3280,2025-10-31T10:11:53.280716,1.5,1761885712.151000,479,1,3279,FALSE,FALSE,FALSE,FALSE,
2658,2025-10-31T10:11:54.281892,3198.8,2025-10-31T10:11:54.485751,203.9,1761885714.379000,473,1,3281,2025-10-31T10:11:54.487378,1.6,1761885713.353000,480,1,3280,FALSE,FALSE,FALSE,FALSE,
2659,2025-10-31T10:11:55.488563,3200.0,2025-10-31T10:11:55.683351,194.8,1761885715.581000,471,2,"3282,3283",2025-10-31T10:11:55.684781,1.4,1761885714.555000,480,2,"3281,3282",TRUE,TRUE,FALSE,FALSE,"Multi-ICG:3282,3283;Multi-ECG:3281,3282"
2660,2025-10-31T10:11:56.686522,3201.2,2025-10-31T10:11:56.885056,198.5,1761885716.784000,473,1,3284,2025-10-31T10:11:56.886619,1.6,1761885715.758000,480,1,3283,FALSE,FALSE,FALSE,FALSE,
2661,2025-10-31T10:11:57.887811,3202.4,2025-10-31T10:11:58.088155,200.3,1761885717.985000,471,1,3285,2025-10-31T10:11:58.089499,1.3,1761885716.959000,478,1,3284,FALSE,FALSE,FALSE,FALSE,
2662,2025-10-31T10:11:59.090722,3203.6,2025-10-31T10:11:59.290985,200.3,1761885719.188000,474,1,3286,2025-10-31T10:11:59.292457,1.5,1761885718.161000,479,1,3285,FALSE,FALSE,FALSE,FALSE,
2663,2025-10-31T10:12:00.293622,3204.8,2025-10-31T10:12:00.492736,199.1,1761885720.391000,472,1,3287,2025-10-31T10:12:00.494469,1.7,1761885719.363000,480,1,3286,FALSE,FALSE,FALSE,FALSE,
2664,2025-10-31T10:12:01.495647,3206.0,2025-10-31T10:12:01.695805,200.2,1761885721.593000,472,2,"3288,3289",2025-10-31T10:12:01.697196,1.4,1761885720.565000,481,2,"3287,3288",TRUE,TRUE,FALSE,FALSE,"Multi-ICG:3288,3289;Multi-ECG:3287,3288"
2665,2025-10-31T10:12:02.698556,3207.2,2025-10-31T10:12:02.898947,200.4,1761885722.796000,471,1,3290,2025-10-31T10:12:02.900803,1.8,1761885721.767000,480,1,3289,FALSE,FALSE,FALSE,FALSE,
2666,2025-10-31T10:12:03.901975,3208.4,2025-10-31T10:12:04.102389,200.4,1761885723.999000,469,1,3291,2025-10-31T10:12:04.103869,1.5,1761885722.969000,479,1,3290,FALSE,FALSE,FALSE,FALSE,
2667,2025-10-31T10:12:05.105012,3209.6,2025-10-31T10:12:05.309627,204.6,1761885725.203000,469,1,3292,2025-10-31T10:12:05.311243,1.6,1761885724.171000,479,1,3291,FALSE,FALSE,FALSE,FALSE,
2668,2025-10-31T10:12:06.312345,3210.8,2025-10-31T10:12:06.507182,194.8,1761885726.405000,472,1,3293,2025-10-31T10:12:06.508750,1.6,1761885725.372000,480,1,3292,FALSE,FALSE,FALSE,FALSE,
2669,2025-10-31T10:12:07.509963,3212.0,2025-10-31T10:12:07.709894,199.9,1761885727.607000,472,2,"3294,3295",2025-10-31T10:12:07.711281,1.4,1761885726.574000,480,2,"3293,3294",TRUE,TRUE,FALSE,FALSE,"Multi-ICG:3294,3295;Multi-ECG:3293,3294"
2670,2025-10-31T10:12:08.712679,3213.2,2025-10-31T10:12:08.913683,201.0,1761885728.811000,470,1,3296,2025-10-31T10:12:08.915253,1.6,1761885727.776000,479,1,3295,FALSE,FALSE,FALSE,FALSE,
2671,2025-10-31T10:12:09.916461,3214.4,2025-10-31T10:12:10.114629,198.2,1761885730.013000,471,1,3297,2025-10-31T10:12:10.116212,1.6,1761885728.978000,478,1,3296,FALSE,FALSE,FALSE,FALSE,
2672,2025-10-31T10:12:11.117356,3215.6,2025-10-31T10:12:11.316431,199.1,1761885731.214000,472,1,3298,2025-10-31T10:12:11.317779,1.3,1761885730.179000,480,1,3297,FALSE,FALSE,FALSE,FALSE,
2673,2025-10-31T10:12:12.319125,3216.8,2025-10-31T10:12:12.518492,199.4,1761885732.416000,470,1,3299,2025-10-31T10:12:12.519977,1.5,1761885731.382000,479,1,3298,FALSE,FALSE,FALSE,FALSE,
2674,2025-10-31T10:12:13.521201,3218.0,2025-10-31T10:12:13.720951,199.8,1761885733.619000,472,2,"3300,3301",2025-10-31T10:12:13.722527,1.6,1761885732.585000,480,2,"3299,3300",TRUE,TRUE,FALSE,FALSE,"Multi-ICG:3300,3301;Multi-ECG:3299,3300"
2675,2025-10-31T10:12:14.723884,3219.2,2025-10-31T10:12:14.923307,199.4,1761885734.821000,472,1,3302,2025-10-31T10:12:14.924611,1.3,1761885733.787000,479,1,3301,FALSE,FALSE,FALSE,FALSE,
2676,2025-10-31T10:12:15.925744,3220.4,2025-10-31T10:12:16.129890,204.1,1761885736.024000,469,1,3303,2025-10-31T10:12:16.131505,1.6,1761885734.990000,479,1,3302,FALSE,FALSE,FALSE,FALSE,
2677,2025-10-31T10:12:17.132696,3221.6,2025-10-31T10:12:17.327612,194.9,1761885737.226000,471,1,3304,2025-10-31T10:12:17.329161,1.5,1761885736.192000,477,1,3303,FALSE,FALSE,FALSE,FALSE,
2678,2025-10-31T10:12:18.330404,3222.8,2025-10-31T10:12:18.529621,199.2,1761885738.428000,470,1,3305,2025-10-31T10:12:18.531221,1.6,1761885737.395000,479,1,3304,FALSE,FALSE,FALSE,FALSE,
2679,2025-10-31T10:12:19.532431,3224.0,2025-10-31T10:12:19.731260,198.8,1761885739.630000,473,2,"3306,3307",2025-10-31T10:12:19.732745,1.5,1761885738.597000,480,2,"3305,3306",TRUE,TRUE,FALSE,FALSE,"Multi-ICG:3306,3307;Multi-ECG:3305,3306"
2680,2025-10-31T10:12:20.734220,3225.2,2025-10-31T10:12:20.933077,198.9,1761885740.831000,469,1,3308,2025-10-31T10:12:20.934546,1.5,1761885739.801000,480,1,3307,FALSE,FALSE,FALSE,FALSE,
2681,2025-10-31T10:12:21.935704,3226.4,2025-10-31T10:12:22.135156,199.5,1761885742.033000,473,1,3309,2025-10-31T10:12:22.136631,1.5,1761885741.003000,480,1,3308,FALSE,FALSE,FALSE,FALSE,
2682,2025-10-31T10:12:23.137748,3227.6,2025-10-31T10:12:23.337568,199.8,1761885743.236000,472,1,3310,2025-10-31T10:12:23.339190,1.6,1761885742.207000,478,1,3309,FALSE,FALSE,FALSE,FALSE,
2683,2025-10-31T10:12:24.340400,3228.8,2025-10-31T10:12:24.539870,199.5,1761885744.438000,471,2,"3311,3312",2025-10-31T10:12:24.541239,1.4,1761885743.410000,479,1,3310,TRUE,FALSE,FALSE,FALSE,"Multi-ICG:3311,3312"
2684,2025-10-31T10:12:25.542562,3230.0,2025-10-31T10:12:25.742461,199.9,1761885745.640000,469,1,3313,2025-10-31T10:12:25.748514,6.0,1761885744.613000,481,2,"3311,3312",FALSE,TRUE,FALSE,FALSE,"Multi-ECG:3311,3312"
2685,2025-10-31T10:12:26.749867,3231.2,2025-10-31T10:12:26.944336,194.5,1761885746.842000,469,1,3314,2025-10-31T10:12:26.945833,1.5,1761885745.814000,479,1,3313,FALSE,FALSE,FALSE,FALSE,
2686,2025-10-31T10:12:27.947076,3232.4,2025-10-31T10:12:28.147367,200.3,1761885748.045000,471,1,3315,2025-10-31T10:12:28.149379,2.0,1761885747.016000,479,1,3314,FALSE,FALSE,FALSE,FALSE,
2687,2025-10-31T10:12:29.150971,3233.6,2025-10-31T10:12:29.349307,198.3,1761885749.247000,474,1,3316,2025-10-31T10:12:29.350889,1.6,1761885748.217000,480,1,3315,FALSE,FALSE,FALSE,FALSE,
2688,2025-10-31T10:12:30.352028,3234.8,2025-10-31T10:12:30.551377,199.3,1761885750.449000,473,2,"3317,3318",2025-10-31T10:12:30.552882,1.5,1761885749.420000,480,1,3316,TRUE,FALSE,FALSE,FALSE,"Multi-ICG:3317,3318"
2689,2025-10-31T10:12:31.554322,3236.0,2025-10-31T10:12:31.753672,199.3,1761885751.651000,471,1,3319,2025-10-31T10:12:31.755240,1.6,1761885750.622000,481,2,"3317,3318",FALSE,TRUE,FALSE,FALSE,"Multi-ECG:3317,3318"
2690,2025-10-31T10:12:32.756564,3237.2,2025-10-31T10:12:32.956034,199.5,1761885752.854000,470,1,3320,2025-10-31T10:12:32.957541,1.5,1761885751.825000,480,1,3319,FALSE,FALSE,FALSE,FALSE,
2691,2025-10-31T10:12:33.958776,3238.4,2025-10-31T10:12:34.158719,199.9,1761885754.056000,471,1,3321,2025-10-31T10:12:34.160080,1.3,1761885753.027000,481,1,3320,FALSE,FALSE,FALSE,FALSE,
2692,2025-10-31T10:12:35.161225,3239.6,2025-10-31T10:12:35.361257,200.0,1761885755.259000,472,1,3322,2025-10-31T10:12:35.362815,1.5,1761885754.230000,479,1,3321,FALSE,FALSE,FALSE,FALSE,
2693,2025-10-31T10:12:36.363994,3240.8,2025-10-31T10:12:36.563299,199.3,1761885756.462000,472,2,"3323,3324",2025-10-31T10:12:36.569190,5.9,1761885755.432000,480,1,3322,TRUE,FALSE,FALSE,FALSE,"Multi-ICG:3323,3324"
2694,2025-10-31T10:12:37.570722,3242.0,2025-10-31T10:12:37.765981,195.3,1761885757.663000,471,1,3325,2025-10-31T10:12:37.767275,1.3,1761885756.634000,478,2,"3323,3324",FALSE,TRUE,FALSE,FALSE,"Multi-ECG:3323,3324"
2695,2025-10-31T10:12:38.768808,3243.2,2025-10-31T10:12:38.968435,199.6,1761885758.866000,472,1,3326,2025-10-31T10:12:38.969904,1.5,1761885757.836000,480,1,3325,FALSE,FALSE,FALSE,FALSE,
2696,2025-10-31T10:12:39.971111,3244.4,2025-10-31T10:12:40.172558,201.4,1761885760.070000,472,1,3327,2025-10-31T10:12:40.174106,1.5,1761885759.039000,479,1,3326,FALSE,FALSE,FALSE,FALSE,
2697,2025-10-31T10:12:41.175257,3245.6,2025-10-31T10:12:41.375595,200.3,1761885761.273000,473,1,3328,2025-10-31T10:12:41.376977,1.4,1761885760.241000,480,1,3327,FALSE,FALSE,FALSE,FALSE,
2698,2025-10-31T10:12:42.378134,3246.8,2025-10-31T10:12:42.578606,200.5,1761885762.476000,473,2,"3329,3330",2025-10-31T10:12:42.580163,1.5,1761885761.443000,481,2,"3328,3329",TRUE,TRUE,FALSE,FALSE,"Multi-ICG:3329,3330;Multi-ECG:3328,3329"
2699,2025-10-31T10:12:43.581476,3248.1,2025-10-31T10:12:43.780870,199.4,1761885763.679000,471,1,3331,2025-10-31T10:12:43.782742,1.9,1761885762.646000,479,1,3330,FALSE,FALSE,FALSE,FALSE,
2700,2025-10-31T10:12:44.784029,3249.3,2025-10-31T10:12:44.983315,199.3,1761885764.881000,470,1,3332,2025-10-31T10:12:44.984783,1.5,1761885763.848000,479,1,3331,FALSE,FALSE,FALSE,FALSE,
2701,2025-10-31T10:12:45.985904,3250.5,2025-10-31T10:12:46.185854,199.9,1761885766.084000,469,1,3333,2025-10-31T10:12:46.187452,1.6,1761885765.050000,479,1,3332,FALSE,FALSE,FALSE,FALSE,
2702,2025-10-31T10:12:47.188984,3251.7,2025-10-31T10:12:47.393608,204.6,1761885767.287000,472,1,3334,2025-10-31T10:12:47.395062,1.4,1761885766.252000,478,1,3333,FALSE,FALSE,FALSE,FALSE,
2703,2025-10-31T10:12:48.396172,3252.9,2025-10-31T10:12:48.591966,195.8,1761885768.490000,472,2,"3335,3336",2025-10-31T10:12:48.593487,1.5,1761885767.453000,480,2,"3334,3335",TRUE,TRUE,FALSE,FALSE,"Multi-ICG:3335,3336;Multi-ECG:3334,3335"
2704,2025-10-31T10:12:49.594884,3254.1,2025-10-31T10:12:49.793749,198.9,1761885769.692000,471,1,3337,2025-10-31T10:12:49.795404,1.6,1761885768.655000,479,1,3336,FALSE,FALSE,FALSE,FALSE,
2705,2025-10-31T10:12:50.796578,3255.3,2025-10-31T10:12:50.995791,199.2,1761885770.894000,473,1,3338,2025-10-31T10:12:50.997176,1.4,1761885769.857000,480,1,3337,FALSE,FALSE,FALSE,FALSE,
2706,2025-10-31T10:12:51.998369,3256.5,2025-10-31T10:12:52.197727,199.4,1761885772.096000,470,1,3339,2025-10-31T10:12:52.199354,1.6,1761885771.058000,478,1,3338,FALSE,FALSE,FALSE,FALSE,
2707,2025-10-31T10:12:53.200570,3257.7,2025-10-31T10:12:53.399229,198.7,1761885773.298000,470,1,3340,2025-10-31T10:12:53.400807,1.6,1761885772.260000,479,1,3339,FALSE,FALSE,FALSE,FALSE,
2708,2025-10-31T10:12:54.401998,3258.9,2025-10-31T10:12:54.601272,199.3,1761885774.499000,473,2,"3341,3342",2025-10-31T10:12:54.602692,1.4,1761885773.462000,479,2,"3340,3341",TRUE,TRUE,FALSE,FALSE,"Multi-ICG:3341,3342;Multi-ECG:3340,3341"
2709,2025-10-31T10:12:55.604054,3260.1,2025-10-31T10:12:55.803388,199.3,1761885775.701000,470,1,3343,2025-10-31T10:12:55.804864,1.5,1761885774.664000,479,1,3342,FALSE,FALSE,FALSE,FALSE,
2710,2025-10-31T10:12:56.806163,3261.3,2025-10-31T10:12:57.007912,201.7,1761885776.904000,471,1,3344,2025-10-31T10:12:57.009420,1.5,1761885775.865000,479,1,3343,FALSE,FALSE,FALSE,FALSE,
2711,2025-10-31T10:12:58.010668,3262.5,2025-10-31T10:12:58.215399,204.7,1761885778.108000,473,1,3345,2025-10-31T10:12:58.216961,1.6,1761885777.067000,479,1,3344,FALSE,FALSE,FALSE,FALSE,
2712,2025-10-31T10:12:59.218211,3263.7,2025-10-31T10:12:59.414632,196.4,1761885779.312000,470,1,3346,2025-10-31T10:12:59.416150,1.5,1761885778.268000,479,1,3345,FALSE,FALSE,FALSE,FALSE,
2713,2025-10-31T10:13:00.417327,3264.9,2025-10-31T10:13:00.617320,200.0,1761885780.515000,472,2,"3347,3348",2025-10-31T10:13:00.619219,1.9,1761885779.471000,480,2,"3346,3347",TRUE,TRUE,FALSE,FALSE,"Multi-ICG:3347,3348;Multi-ECG:3346,3347"
2714,2025-10-31T10:13:01.620504,3266.1,2025-10-31T10:13:01.820409,199.9,1761885781.718000,473,1,3349,2025-10-31T10:13:01.821888,1.5,1761885780.672000,479,1,3348,FALSE,FALSE,FALSE,FALSE,
2715,2025-10-31T10:13:02.823161,3267.3,2025-10-31T10:13:03.022900,199.7,1761885782.921000,469,1,3350,2025-10-31T10:13:03.024441,1.5,1761885781.875000,480,1,3349,FALSE,FALSE,FALSE,FALSE,
2716,2025-10-31T10:13:04.025656,3268.5,2025-10-31T10:13:04.225799,200.1,1761885784.123000,469,1,3351,2025-10-31T10:13:04.227227,1.4,1761885783.078000,480,1,3350,FALSE,FALSE,FALSE,FALSE,
2717,2025-10-31T10:13:05.228367,3269.7,2025-10-31T10:13:05.427929,199.6,1761885785.326000,473,1,3352,2025-10-31T10:13:05.429565,1.6,1761885784.280000,481,1,3351,FALSE,FALSE,FALSE,FALSE,
2718,2025-10-31T10:13:06.430848,3270.9,2025-10-31T10:13:06.630410,199.6,1761885786.528000,470,2,"3353,3354",2025-10-31T10:13:06.632306,1.9,1761885785.482000,481,2,"3352,3353",TRUE,TRUE,FALSE,FALSE,"Multi-ICG:3353,3354;Multi-ECG:3352,3353"
2719,2025-10-31T10:13:07.633636,3272.1,2025-10-31T10:13:07.832569,198.9,1761885787.730000,471,1,3355,2025-10-31T10:13:07.833907,1.3,1761885786.685000,481,1,3354,FALSE,FALSE,FALSE,FALSE,
2720,2025-10-31T10:13:08.835134,3273.3,2025-10-31T10:13:09.039278,204.1,1761885788.932000,467,1,3356,2025-10-31T10:13:09.040815,1.5,1761885787.887000,481,1,3355,FALSE,FALSE,FALSE,FALSE,
2721,2025-10-31T10:13:10.041977,3274.5,2025-10-31T10:13:10.236815,194.8,1761885790.135000,473,1,3357,2025-10-31T10:13:10.238440,1.6,1761885789.090000,480,1,3356,FALSE,FALSE,FALSE,FALSE,
2722,2025-10-31T10:13:11.239669,3275.7,2025-10-31T10:13:11.439310,199.6,1761885791.337000,469,1,3358,2025-10-31T10:13:11.440879,1.6,1761885790.292000,478,1,3357,FALSE,FALSE,FALSE,FALSE,
2723,2025-10-31T10:13:12.442139,3276.9,2025-10-31T10:13:12.641786,199.6,1761885792.540000,472,2,"3359,3360",2025-10-31T10:13:12.643499,1.7,1761885791.494000,481,2,"3358,3359",TRUE,TRUE,FALSE,FALSE,"Multi-ICG:3359,3360;Multi-ECG:3358,3359"
2724,2025-10-31T10:13:13.645213,3278.1,2025-10-31T10:13:13.844057,198.8,1761885793.742000,469,1,3361,2025-10-31T10:13:13.845415,1.3,1761885792.697000,481,1,3360,FALSE,FALSE,FALSE,FALSE,
2725,2025-10-31T10:13:14.846605,3279.3,2025-10-31T10:13:15.046663,200.1,1761885794.944000,470,1,3362,2025-10-31T10:13:15.048202,1.5,1761885793.898000,478,1,3361,FALSE,FALSE,FALSE,FALSE,
2726,2025-10-31T10:13:16.049331,3280.5,2025-10-31T10:13:16.248435,199.1,1761885796.147000,469,1,3363,2025-10-31T10:13:16.249981,1.5,1761885795.101000,476,1,3362,FALSE,FALSE,FALSE,FALSE,
2727,2025-10-31T10:13:17.251201,3281.7,2025-10-31T10:13:17.451977,200.8,1761885797.349000,472,1,3364,2025-10-31T10:13:17.453648,1.7,1761885796.304000,478,1,3363,FALSE,FALSE,FALSE,FALSE,
2728,2025-10-31T10:13:18.455239,3282.9,2025-10-31T10:13:18.657436,202.2,1761885798.551000,473,2,"3365,3366",2025-10-31T10:13:18.663338,5.9,1761885797.506000,480,2,"3364,3365",TRUE,TRUE,FALSE,FALSE,"Multi-ICG:3365,3366;Multi-ECG:3364,3365"
2729,2025-10-31T10:13:19.664829,3284.1,2025-10-31T10:13:19.859895,195.1,1761885799.758000,473,1,3367,2025-10-31T10:13:19.861422,1.5,1761885798.708000,479,1,3366,FALSE,FALSE,FALSE,FALSE,
2730,2025-10-31T10:13:20.862656,3285.3,2025-10-31T10:13:21.061814,199.2,1761885800.961000,472,1,3368,2025-10-31T10:13:21.063268,1.4,1761885799.910000,480,1,3367,FALSE,FALSE,FALSE,FALSE,
2731,2025-10-31T10:13:22.064430,3286.5,2025-10-31T10:13:22.263849,199.4,1761885802.162000,472,1,3369,2025-10-31T10:13:22.265310,1.4,1761885801.112000,479,1,3368,FALSE,FALSE,FALSE,FALSE,
2732,2025-10-31T10:13:23.266500,3287.7,2025-10-31T10:13:23.465541,199.0,1761885803.364000,471,1,3370,2025-10-31T10:13:23.467158,1.6,1761885802.314000,480,1,3369,FALSE,FALSE,FALSE,FALSE,
2733,2025-10-31T10:13:24.468312,3288.9,2025-10-31T10:13:24.667467,199.2,1761885804.566000,472,2,"3371,3372",2025-10-31T10:13:24.668905,1.4,1761885803.516000,478,2,"3370,3371",TRUE,TRUE,FALSE,FALSE,"Multi-ICG:3371,3372;Multi-ECG:3370,3371"
2734,2025-10-31T10:13:25.670594,3290.1,2025-10-31T10:13:25.869109,198.5,1761885805.768000,471,1,3373,2025-10-31T10:13:25.870675,1.6,1761885804.717000,479,1,3372,FALSE,FALSE,FALSE,FALSE,
2735,2025-10-31T10:13:26.871930,3291.3,2025-10-31T10:13:27.071737,199.8,1761885806.970000,471,1,3374,2025-10-31T10:13:27.073072,1.3,1761885805.919000,479,1,3373,FALSE,FALSE,FALSE,FALSE,
2736,2025-10-31T10:13:28.074234,3292.5,2025-10-31T10:13:28.274123,199.9,1761885808.171000,468,1,3375,2025-10-31T10:13:28.275832,1.7,1761885807.121000,480,1,3374,FALSE,FALSE,FALSE,FALSE,
2737,2025-10-31T10:13:29.277169,3293.7,2025-10-31T10:13:29.475590,198.4,1761885809.374000,469,1,3376,2025-10-31T10:13:29.481509,5.9,1761885808.324000,480,1,3375,FALSE,FALSE,FALSE,FALSE,
2738,2025-10-31T10:13:30.482731,3295.0,2025-10-31T10:13:30.677643,194.9,1761885810.576000,472,2,"3377,3378",2025-10-31T10:13:30.679101,1.4,1761885809.526000,480,2,"3376,3377",TRUE,TRUE,FALSE,FALSE,"Multi-ICG:3377,3378;Multi-ECG:3376,3377"
2739,2025-10-31T10:13:31.680488,3296.2,2025-10-31T10:13:31.880251,199.8,1761885811.778000,470,1,3379,2025-10-31T10:13:31.881685,1.4,1761885810.728000,479,1,3378,FALSE,FALSE,FALSE,FALSE,
2740,2025-10-31T10:13:32.882907,3297.4,2025-10-31T10:13:33.082574,199.7,1761885812.980000,471,1,3380,2025-10-31T10:13:33.084158,1.6,1761885811.930000,480,1,3379,FALSE,FALSE,FALSE,FALSE,
2741,2025-10-31T10:13:34.085359,3298.6,2025-10-31T10:13:34.284936,199.6,1761885814.183000,471,1,3381,2025-10-31T10:13:34.286453,1.5,1761885813.133000,479,1,3380,FALSE,FALSE,FALSE,FALSE,
2742,2025-10-31T10:13:35.287830,3299.8,2025-10-31T10:13:35.489312,201.5,1761885815.385000,468,1,3382,2025-10-31T10:13:35.490894,1.6,1761885814.335000,479,1,3381,FALSE,FALSE,FALSE,FALSE,
2743,2025-10-31T10:13:36.492108,3301.0,2025-10-31T10:13:36.691995,199.9,1761885816.590000,473,2,"3383,3384",2025-10-31T10:13:36.693907,1.9,1761885815.536000,480,2,"3382,3383",TRUE,TRUE,FALSE,FALSE,"Multi-ICG:3383,3384;Multi-ECG:3382,3383"
2744,2025-10-31T10:13:37.695326,3302.2,2025-10-31T10:13:37.896504,201.2,1761885817.794000,472,1,3385,2025-10-31T10:13:37.897916,1.5,1761885816.738000,479,1,3384,FALSE,FALSE,FALSE,FALSE,
2745,2025-10-31T10:13:38.899326,3303.4,2025-10-31T10:13:39.099131,199.8,1761885818.998000,472,1,3386,2025-10-31T10:13:39.100753,1.6,1761885817.940000,479,1,3385,FALSE,FALSE,FALSE,FALSE,
2746,2025-10-31T10:13:40.101883,3304.6,2025-10-31T10:13:40.307184,205.3,1761885820.201000,472,1,3387,2025-10-31T10:13:40.308887,1.7,1761885819.142000,479,1,3386,FALSE,FALSE,FALSE,FALSE,
2747,2025-10-31T10:13:41.310243,3305.8,2025-10-31T10:13:41.504524,194.3,1761885821.403000,473,1,3388,2025-10-31T10:13:41.506051,1.5,1761885820.344000,480,1,3387,FALSE,FALSE,FALSE,FALSE,
2748,2025-10-31T10:13:42.507222,3307.0,2025-10-31T10:13:42.707584,200.4,1761885822.606000,471,2,"3389,3390",2025-10-31T10:13:42.709051,1.5,1761885821.546000,481,2,"3388,3389",TRUE,TRUE,FALSE,FALSE,"Multi-ICG:3389,3390;Multi-ECG:3388,3389"
2749,2025-10-31T10:13:43.710420,3308.2,2025-10-31T10:13:43.909777,199.4,1761885823.808000,472,1,3391,2025-10-31T10:13:43.911200,1.4,1761885822.748000,480,1,3390,FALSE,FALSE,FALSE,FALSE,
2750,2025-10-31T10:13:44.912340,3309.4,2025-10-31T10:13:45.113352,201.0,1761885825.011000,471,1,3392,2025-10-31T10:13:45.114903,1.5,1761885823.950000,480,1,3391,FALSE,FALSE,FALSE,FALSE,
2751,2025-10-31T10:13:46.116037,3310.6,2025-10-31T10:13:46.315789,199.8,1761885826.214000,471,1,3393,2025-10-31T10:13:46.317345,1.5,1761885825.151000,480,1,3392,FALSE,FALSE,FALSE,FALSE,
2752,2025-10-31T10:13:47.318676,3311.8,2025-10-31T10:13:47.519250,200.6,1761885827.416000,470,1,3394,2025-10-31T10:13:47.520586,1.3,1761885826.353000,479,1,3393,FALSE,FALSE,FALSE,FALSE,
2753,2025-10-31T10:13:48.521731,3313.0,2025-10-31T10:13:48.722127,200.4,1761885828.619000,472,2,"3395,3396",2025-10-31T10:13:48.723598,1.5,1761885827.555000,479,2,"3394,3395",TRUE,TRUE,FALSE,FALSE,"Multi-ICG:3395,3396;Multi-ECG:3394,3395"
2754,2025-10-31T10:13:49.725063,3314.2,2025-10-31T10:13:49.925286,200.2,1761885829.823000,470,1,3397,2025-10-31T10:13:49.926936,1.6,1761885828.757000,478,1,3396,FALSE,FALSE,FALSE,FALSE,
2755,2025-10-31T10:13:50.928139,3315.4,2025-10-31T10:13:51.132726,204.6,1761885831.026000,470,1,3398,2025-10-31T10:13:51.134160,1.4,1761885829.959000,481,1,3397,FALSE,FALSE,FALSE,FALSE,
2756,2025-10-31T10:13:52.135400,3316.6,2025-10-31T10:13:52.330881,195.5,1761885832.229000,470,1,3399,2025-10-31T10:13:52.332499,1.6,1761885831.160000,479,1,3398,FALSE,FALSE,FALSE,FALSE,
2757,2025-10-31T10:13:53.333626,3317.8,2025-10-31T10:13:53.533716,200.1,1761885833.431000,471,1,3400,2025-10-31T10:13:53.535092,1.4,1761885832.363000,479,1,3399,FALSE,FALSE,FALSE,FALSE,
2758,2025-10-31T10:13:54.536214,3319.0,2025-10-31T10:13:54.737070,200.9,1761885834.635000,472,2,"3401,3402",2025-10-31T10:13:54.739106,2.1,1761885833.565000,480,2,"3400,3401",TRUE,TRUE,FALSE,FALSE,"Multi-ICG:3401,3402;Multi-ECG:3400,3401"
2759,2025-10-31T10:13:55.740493,3320.2,2025-10-31T10:13:55.940543,200.1,1761885835.838000,471,1,3403,2025-10-31T10:13:55.942167,1.6,1761885834.766000,480,1,3402,FALSE,FALSE,FALSE,FALSE,
2760,2025-10-31T10:13:56.943308,3321.4,2025-10-31T10:13:57.143414,200.1,1761885837.042000,471,1,3404,2025-10-31T10:13:57.144731,1.3,1761885835.968000,479,1,3403,FALSE,FALSE,FALSE,FALSE,
2761,2025-10-31T10:13:58.145864,3322.6,2025-10-31T10:13:58.346495,200.6,1761885838.244000,471,1,3405,2025-10-31T10:13:58.348079,1.6,1761885837.171000,478,1,3404,FALSE,FALSE,FALSE,FALSE,
2762,2025-10-31T10:13:59.349209,3323.8,2025-10-31T10:13:59.549843,200.6,1761885839.447000,469,1,3406,2025-10-31T10:13:59.551436,1.6,1761885838.372000,480,1,3405,FALSE,FALSE,FALSE,FALSE,
2763,2025-10-31T10:14:00.552583,3325.0,2025-10-31T10:14:00.752684,200.1,1761885840.651000,472,2,"3407,3408",2025-10-31T10:14:00.754057,1.4,1761885839.574000,481,2,"3406,3407",TRUE,TRUE,FALSE,FALSE,"Multi-ICG:3407,3408;Multi-ECG:3406,3407"
2764,2025-10-31T10:14:01.755340,3326.2,2025-10-31T10:14:01.958894,203.6,1761885841.853000,470,1,3409,2025-10-31T10:14:01.960370,1.5,1761885840.775000,477,1,3408,FALSE,FALSE,FALSE,FALSE,
2765,2025-10-31T10:14:02.961519,3327.4,2025-10-31T10:14:03.156917,195.4,1761885843.055000,469,1,3410,2025-10-31T10:14:03.158537,1.6,1761885841.978000,478,1,3409,FALSE,FALSE,FALSE,FALSE,
2766,2025-10-31T10:14:04.159680,3328.6,2025-10-31T10:14:04.359594,199.9,1761885844.257000,471,1,3411,2025-10-31T10:14:04.360992,1.4,1761885843.179000,479,1,3410,FALSE,FALSE,FALSE,FALSE,
2767,2025-10-31T10:14:05.362157,3329.8,2025-10-31T10:14:05.562344,200.2,1761885845.460000,471,1,3412,2025-10-31T10:14:05.563774,1.4,1761885844.382000,479,1,3411,FALSE,FALSE,FALSE,FALSE,
2768,2025-10-31T10:14:06.564942,3331.0,2025-10-31T10:14:06.765193,200.3,1761885846.662000,473,2,"3413,3414",2025-10-31T10:14:06.766590,1.4,1761885845.585000,480,2,"3412,3413",TRUE,TRUE,FALSE,FALSE,"Multi-ICG:3413,3414;Multi-ECG:3412,3413"
2769,2025-10-31T10:14:07.767855,3332.2,2025-10-31T10:14:07.967973,200.1,1761885847.866000,470,1,3415,2025-10-31T10:14:07.969575,1.6,1761885846.787000,479,1,3414,FALSE,FALSE,FALSE,FALSE,
2770,2025-10-31T10:14:08.970811,3333.4,2025-10-31T10:14:09.170998,200.2,1761885849.068000,472,1,3416,2025-10-31T10:14:09.172695,1.7,1761885847.990000,479,1,3415,FALSE,FALSE,FALSE,FALSE,
2771,2025-10-31T10:14:10.173987,3334.6,2025-10-31T10:14:10.373101,199.1,1761885850.271000,470,1,3417,2025-10-31T10:14:10.374772,1.7,1761885849.191000,479,1,3416,FALSE,FALSE,FALSE,FALSE,
2772,2025-10-31T10:14:11.376032,3335.8,2025-10-31T10:14:11.575453,199.4,1761885851.474000,470,1,3418,2025-10-31T10:14:11.581218,5.8,1761885850.394000,478,1,3417,FALSE,FALSE,FALSE,FALSE,
2773,2025-10-31T10:14:12.582547,3337.1,2025-10-31T10:14:12.777181,194.6,1761885852.675000,474,2,"3419,3420",2025-10-31T10:14:12.778710,1.5,1761885851.596000,480,2,"3418,3419",TRUE,TRUE,FALSE,FALSE,"Multi-ICG:3419,3420;Multi-ECG:3418,3419"
2774,2025-10-31T10:14:13.780377,3338.3,2025-10-31T10:14:13.979198,198.8,1761885853.877000,470,1,3421,2025-10-31T10:14:13.980553,1.3,1761885852.799000,480,1,3420,FALSE,FALSE,FALSE,FALSE,
2775,2025-10-31T10:14:14.981804,3339.5,2025-10-31T10:14:15.181029,199.2,1761885855.079000,469,1,3422,2025-10-31T10:14:15.182913,1.9,1761885854.000000,479,1,3421,FALSE,FALSE,FALSE,FALSE,
2776,2025-10-31T10:14:16.184181,3340.7,2025-10-31T10:14:16.382534,198.4,1761885856.281000,470,1,3423,2025-10-31T10:14:16.384278,1.7,1761885855.203000,479,1,3422,FALSE,FALSE,FALSE,FALSE,
2777,2025-10-31T10:14:17.385687,3341.9,2025-10-31T10:14:17.584908,199.2,1761885857.483000,470,1,3424,2025-10-31T10:14:17.586400,1.5,1761885856.404000,478,1,3423,FALSE,FALSE,FALSE,FALSE,
2778,2025-10-31T10:14:18.587604,3343.1,2025-10-31T10:14:18.787376,199.8,1761885858.685000,472,1,3426,2025-10-31T10:14:18.788863,1.5,1761885857.606000,481,2,"3424,3425",FALSE,TRUE,FALSE,FALSE,"Multi-ECG:3424,3425"
2779,2025-10-31T10:14:19.790284,3344.3,2025-10-31T10:14:19.989174,198.9,1761885859.888000,470,1,3427,2025-10-31T10:14:19.991022,1.8,1761885858.808000,480,1,3426,FALSE,FALSE,FALSE,FALSE,
2780,2025-10-31T10:14:20.992263,3345.5,2025-10-31T10:14:21.191425,199.2,1761885861.089000,470,1,3428,2025-10-31T10:14:21.192948,1.5,1761885860.010000,480,1,3427,FALSE,FALSE,FALSE,FALSE,
2781,2025-10-31T10:14:22.194173,3346.7,2025-10-31T10:14:22.394071,199.9,1761885862.291000,471,1,3429,2025-10-31T10:14:22.399824,5.7,1761885861.212000,479,1,3428,FALSE,FALSE,FALSE,FALSE,
2782,2025-10-31T10:14:23.401078,3347.9,2025-10-31T10:14:23.596834,195.8,1761885863.495000,473,2,"3430,3431",2025-10-31T10:14:23.598294,1.5,1761885862.414000,479,1,3429,TRUE,FALSE,FALSE,FALSE,"Multi-ICG:3430,3431"
2783,2025-10-31T10:14:24.599636,3349.1,2025-10-31T10:14:24.799044,199.4,1761885864.697000,472,1,3432,2025-10-31T10:14:24.800625,1.6,1761885863.617000,482,2,"3430,3431",FALSE,TRUE,FALSE,FALSE,"Multi-ECG:3430,3431"
2784,2025-10-31T10:14:25.801971,3350.3,2025-10-31T10:14:26.001164,199.2,1761885865.899000,472,1,3433,2025-10-31T10:14:26.002877,1.7,1761885864.820000,480,1,3432,FALSE,FALSE,FALSE,FALSE,
2785,2025-10-31T10:14:27.004028,3351.5,2025-10-31T10:14:27.203099,199.1,1761885867.102000,472,1,3434,2025-10-31T10:14:27.204520,1.4,1761885866.022000,479,1,3433,FALSE,FALSE,FALSE,FALSE,
2786,2025-10-31T10:14:28.205754,3352.7,2025-10-31T10:14:28.405133,199.4,1761885868.303000,470,1,3435,2025-10-31T10:14:28.406749,1.6,1761885867.224000,480,1,3434,FALSE,FALSE,FALSE,FALSE,
2787,2025-10-31T10:14:29.407961,3353.9,2025-10-31T10:14:29.607156,199.2,1761885869.505000,470,2,"3436,3437",2025-10-31T10:14:29.609111,1.9,1761885868.426000,479,1,3435,TRUE,FALSE,FALSE,FALSE,"Multi-ICG:3436,3437"
2788,2025-10-31T10:14:30.610418,3355.1,2025-10-31T10:14:30.810044,199.6,1761885870.707000,471,1,3438,2025-10-31T10:14:30.811505,1.5,1761885869.627000,480,2,"3436,3437",FALSE,TRUE,FALSE,FALSE,"Multi-ECG:3436,3437"
2789,2025-10-31T10:14:31.812790,3356.3,2025-10-31T10:14:32.011847,199.1,1761885871.910000,471,1,3439,2025-10-31T10:14:32.013415,1.6,1761885870.830000,480,1,3438,FALSE,FALSE,FALSE,FALSE,
2790,2025-10-31T10:14:33.014667,3357.5,2025-10-31T10:14:33.213437,198.8,1761885873.111000,470,1,3440,2025-10-31T10:14:33.219706,6.3,1761885872.031000,479,1,3439,FALSE,FALSE,FALSE,FALSE,
2791,2025-10-31T10:14:34.220913,3358.7,2025-10-31T10:14:34.415624,194.7,1761885874.314000,471,1,3441,2025-10-31T10:14:34.417142,1.5,1761885873.233000,480,1,3440,FALSE,FALSE,FALSE,FALSE,
2792,2025-10-31T10:14:35.418392,3359.9,2025-10-31T10:14:35.618435,200.0,1761885875.517000,471,2,"3442,3443",2025-10-31T10:14:35.619938,1.5,1761885874.435000,478,1,3441,TRUE,FALSE,FALSE,FALSE,"Multi-ICG:3442,3443"
2793,2025-10-31T10:14:36.621294,3361.1,2025-10-31T10:14:36.820716,199.4,1761885876.719000,470,1,3444,2025-10-31T10:14:36.822158,1.4,1761885875.637000,481,2,"3442,3443",FALSE,TRUE,FALSE,FALSE,"Multi-ECG:3442,3443"
2794,2025-10-31T10:14:37.823471,3362.3,2025-10-31T10:14:38.023104,199.6,1761885877.921000,470,1,3445,2025-10-31T10:14:38.024635,1.5,1761885876.839000,480,1,3444,FALSE,FALSE,FALSE,FALSE,
2795,2025-10-31T10:14:39.025800,3363.5,2025-10-31T10:14:39.226190,200.4,1761885879.124000,471,1,3446,2025-10-31T10:14:39.227725,1.5,1761885878.041000,480,1,3445,FALSE,FALSE,FALSE,FALSE,
2796,2025-10-31T10:14:40.228909,3364.7,2025-10-31T10:14:40.428931,200.0,1761885880.327000,472,1,3447,2025-10-31T10:14:40.430443,1.5,1761885879.242000,479,1,3446,FALSE,FALSE,FALSE,FALSE,
2797,2025-10-31T10:14:41.431658,3365.9,2025-10-31T10:14:41.631533,199.9,1761885881.530000,473,2,"3448,3449",2025-10-31T10:14:41.633004,1.5,1761885880.444000,477,1,3447,TRUE,FALSE,FALSE,FALSE,"Multi-ICG:3448,3449"
2798,2025-10-31T10:14:42.634344,3367.1,2025-10-31T10:14:42.833383,199.0,1761885882.731000,469,1,3450,2025-10-31T10:14:42.834981,1.6,1761885881.647000,480,2,"3448,3449",FALSE,TRUE,FALSE,FALSE,"Multi-ECG:3448,3449"
2799,2025-10-31T10:14:43.836350,3368.3,2025-10-31T10:14:44.040578,204.2,1761885883.934000,471,1,3451,2025-10-31T10:14:44.042072,1.5,1761885882.848000,479,1,3450,FALSE,FALSE,FALSE,FALSE,
2800,2025-10-31T10:14:45.043240,3369.5,2025-10-31T10:14:45.238593,195.4,1761885885.136000,471,1,3452,2025-10-31T10:14:45.240173,1.6,1761885884.050000,478,1,3451,FALSE,FALSE,FALSE,FALSE,
2801,2025-10-31T10:14:46.241376,3370.7,2025-10-31T10:14:46.440916,199.5,1761885886.339000,469,1,3453,2025-10-31T10:14:46.442557,1.6,1761885885.252000,480,1,3452,FALSE,FALSE,FALSE,FALSE,
2802,2025-10-31T10:14:47.443853,3371.9,2025-10-31T10:14:47.643395,199.5,1761885887.541000,470,2,"3454,3455",2025-10-31T10:14:47.644871,1.5,1761885886.454000,478,1,3453,TRUE,FALSE,FALSE,FALSE,"Multi-ICG:3454,3455"
2803,2025-10-31T10:14:48.646270,3373.1,2025-10-31T10:14:48.845072,198.8,1761885888.744000,469,1,3456,2025-10-31T10:14:48.846705,1.6,1761885887.656000,481,2,"3454,3455",FALSE,TRUE,FALSE,FALSE,"Multi-ECG:3454,3455"
2804,2025-10-31T10:14:49.848016,3374.3,2025-10-31T10:14:50.047570,199.6,1761885889.945000,470,1,3457,2025-10-31T10:14:50.049081,1.5,1761885888.858000,480,1,3456,FALSE,FALSE,FALSE,FALSE,
2805,2025-10-31T10:14:51.050514,3375.5,2025-10-31T10:14:51.249568,199.1,1761885891.148000,470,1,3458,2025-10-31T10:14:51.251176,1.6,1761885890.060000,481,1,3457,FALSE,FALSE,FALSE,FALSE,
2806,2025-10-31T10:14:52.252381,3376.7,2025-10-31T10:14:52.451482,199.1,1761885892.349000,470,1,3459,2025-10-31T10:14:52.452952,1.5,1761885891.261000,479,1,3458,FALSE,FALSE,FALSE,FALSE,
2807,2025-10-31T10:14:53.454195,3377.9,2025-10-31T10:14:53.653816,199.6,1761885893.552000,472,2,"3460,3461",2025-10-31T10:14:53.655571,1.7,1761885892.464000,479,1,3459,TRUE,FALSE,FALSE,FALSE,"Multi-ICG:3460,3461"
2808,2025-10-31T10:14:54.656848,3379.1,2025-10-31T10:14:54.860965,204.1,1761885894.754000,470,1,3462,2025-10-31T10:14:54.862622,1.6,1761885893.665000,480,2,"3460,3461",FALSE,TRUE,FALSE,FALSE,"Multi-ECG:3460,3461"
2809,2025-10-31T10:14:55.863907,3380.3,2025-10-31T10:14:56.058643,194.7,1761885895.957000,471,1,3463,2025-10-31T10:14:56.060281,1.6,1761885894.867000,479,1,3462,FALSE,FALSE,FALSE,FALSE,
2810,2025-10-31T10:14:57.061791,3381.5,2025-10-31T10:14:57.260854,199.1,1761885897.159000,472,1,3464,2025-10-31T10:14:57.262310,1.4,1761885896.068000,479,1,3463,FALSE,FALSE,FALSE,FALSE,
2811,2025-10-31T10:14:58.263450,3382.7,2025-10-31T10:14:58.463181,199.7,1761885898.361000,471,1,3465,2025-10-31T10:14:58.464663,1.5,1761885897.270000,479,1,3464,FALSE,FALSE,FALSE,FALSE,
2812,2025-10-31T10:14:59.465797,3383.9,2025-10-31T10:14:59.664560,198.8,1761885899.563000,470,2,"3466,3467",2025-10-31T10:14:59.666137,1.6,1761885898.473000,479,1,3465,TRUE,FALSE,FALSE,FALSE,"Multi-ICG:3466,3467"
2813,2025-10-31T10:15:00.667468,3385.1,2025-10-31T10:15:00.866683,199.2,1761885900.765000,470,1,3468,2025-10-31T10:15:00.868131,1.4,1761885899.675000,479,2,"3466,3467",FALSE,TRUE,FALSE,FALSE,"Multi-ECG:3466,3467"
2814,2025-10-31T10:15:01.869427,3386.3,2025-10-31T10:15:02.068364,198.9,1761885901.967000,469,1,3469,2025-10-31T10:15:02.069862,1.5,1761885900.877000,477,1,3468,FALSE,FALSE,FALSE,FALSE,
2815,2025-10-31T10:15:03.071091,3387.5,2025-10-31T10:15:03.270611,199.5,1761885903.169000,468,1,3470,2025-10-31T10:15:03.272152,1.5,1761885902.080000,480,1,3469,FALSE,FALSE,FALSE,FALSE,
2816,2025-10-31T10:15:04.273438,3388.7,2025-10-31T10:15:04.472765,199.3,1761885904.371000,471,1,3471,2025-10-31T10:15:04.478427,5.7,1761885903.283000,477,1,3470,FALSE,FALSE,FALSE,FALSE,
2817,2025-10-31T10:15:05.479564,3390.0,2025-10-31T10:15:05.674550,195.0,1761885905.573000,472,2,"3472,3473",2025-10-31T10:15:05.676237,1.7,1761885904.486000,479,1,3471,TRUE,FALSE,FALSE,FALSE,"Multi-ICG:3472,3473"
2818,2025-10-31T10:15:06.677743,3391.1,2025-10-31T10:15:06.878614,200.9,1761885906.775000,470,1,3474,2025-10-31T10:15:06.879942,1.3,1761885905.690000,479,2,"3472,3473",FALSE,TRUE,FALSE,FALSE,"Multi-ECG:3472,3473"
2819,2025-10-31T10:15:07.881223,3392.4,2025-10-31T10:15:08.081130,199.9,1761885907.979000,472,1,3475,2025-10-31T10:15:08.082838,1.7,1761885906.894000,480,1,3474,FALSE,FALSE,FALSE,FALSE,
2820,2025-10-31T10:15:09.084001,3393.6,2025-10-31T10:15:09.284210,200.2,1761885909.182000,469,1,3476,2025-10-31T10:15:09.285883,1.7,1761885908.097000,480,1,3475,FALSE,FALSE,FALSE,FALSE,
2821,2025-10-31T10:15:10.287084,3394.8,2025-10-31T10:15:10.486734,199.7,1761885910.384000,472,1,3477,2025-10-31T10:15:10.488181,1.4,1761885909.300000,479,1,3476,FALSE,FALSE,FALSE,FALSE,
2822,2025-10-31T10:15:11.489392,3396.0,2025-10-31T10:15:11.690846,201.5,1761885911.587000,473,2,"3478,3479",2025-10-31T10:15:11.692480,1.6,1761885910.502000,480,2,"3477,3478",TRUE,TRUE,FALSE,FALSE,"Multi-ICG:3478,3479;Multi-ECG:3477,3478"
2823,2025-10-31T10:15:12.695068,3397.2,2025-10-31T10:15:12.892188,197.1,1761885912.790000,471,1,3480,2025-10-31T10:15:12.893702,1.5,1761885911.704000,477,1,3479,FALSE,FALSE,FALSE,FALSE,
2824,2025-10-31T10:15:13.894931,3398.4,2025-10-31T10:15:14.095727,200.8,1761885913.994000,473,1,3481,2025-10-31T10:15:14.097094,1.4,1761885912.905000,478,1,3480,FALSE,FALSE,FALSE,FALSE,
2825,2025-10-31T10:15:15.098332,3399.6,2025-10-31T10:15:15.297645,199.3,1761885915.195000,470,1,3482,2025-10-31T10:15:15.303773,6.1,1761885914.108000,480,1,3481,FALSE,FALSE,FALSE,FALSE,
2826,2025-10-31T10:15:16.305193,3400.8,2025-10-31T10:15:16.499628,194.4,1761885916.398000,469,1,3483,2025-10-31T10:15:16.501019,1.4,1761885915.309000,479,1,3482,FALSE,FALSE,FALSE,FALSE,
2827,2025-10-31T10:15:17.502292,3402.0,2025-10-31T10:15:17.701389,199.1,1761885917.600000,471,2,"3484,3485",2025-10-31T10:15:17.702957,1.6,1761885916.511000,480,2,"3483,3484",TRUE,TRUE,FALSE,FALSE,"Multi-ICG:3484,3485;Multi-ECG:3483,3484"
2828,2025-10-31T10:15:18.704365,3403.2,2025-10-31T10:15:18.903893,199.5,1761885918.802000,470,1,3486,2025-10-31T10:15:18.905373,1.5,1761885917.713000,479,1,3485,FALSE,FALSE,FALSE,FALSE,
2829,2025-10-31T10:15:19.906614,3404.4,2025-10-31T10:15:20.105888,199.3,1761885920.004000,471,1,3487,2025-10-31T10:15:20.107272,1.4,1761885918.915000,478,1,3486,FALSE,FALSE,FALSE,FALSE,
2830,2025-10-31T10:15:21.108415,3405.6,2025-10-31T10:15:21.307798,199.4,1761885921.206000,470,1,3488,2025-10-31T10:15:21.309280,1.5,1761885920.117000,480,1,3487,FALSE,FALSE,FALSE,FALSE,
2831,2025-10-31T10:15:22.310581,3406.8,2025-10-31T10:15:22.509450,198.9,1761885922.408000,472,1,3489,2025-10-31T10:15:22.511105,1.6,1761885921.319000,479,1,3488,FALSE,FALSE,FALSE,FALSE,
2832,2025-10-31T10:15:23.512277,3408.0,2025-10-31T10:15:23.712337,200.1,1761885923.610000,471,2,"3490,3491",2025-10-31T10:15:23.713645,1.3,1761885922.521000,481,2,"3489,3490",TRUE,TRUE,FALSE,FALSE,"Multi-ICG:3490,3491;Multi-ECG:3489,3490"
2833,2025-10-31T10:15:24.715096,3409.2,2025-10-31T10:15:24.914696,199.6,1761885924.813000,473,1,3492,2025-10-31T10:15:24.916164,1.5,1761885923.722000,480,1,3491,FALSE,FALSE,FALSE,FALSE,
2834,2025-10-31T10:15:25.917328,3410.4,2025-10-31T10:15:26.116528,199.2,1761885926.014000,471,1,3493,2025-10-31T10:15:26.122290,5.8,1761885924.924000,481,1,3492,FALSE,FALSE,FALSE,FALSE,
2835,2025-10-31T10:15:27.123475,3411.6,2025-10-31T10:15:27.318579,195.1,1761885927.217000,470,1,3494,2025-10-31T10:15:27.319904,1.3,1761885926.126000,479,1,3493,FALSE,FALSE,FALSE,FALSE,
2836,2025-10-31T10:15:28.321048,3412.8,2025-10-31T10:15:28.520392,199.3,1761885928.419000,471,1,3495,2025-10-31T10:15:28.521848,1.4,1761885927.328000,479,1,3494,FALSE,FALSE,FALSE,FALSE,
2837,2025-10-31T10:15:29.523093,3414.0,2025-10-31T10:15:29.722824,199.7,1761885929.621000,470,2,"3496,3497",2025-10-31T10:15:29.724122,1.3,1761885928.530000,480,2,"3495,3496",TRUE,TRUE,FALSE,FALSE,"Multi-ICG:3496,3497;Multi-ECG:3495,3496"
2838,2025-10-31T10:15:30.725848,3415.2,2025-10-31T10:15:30.925290,199.4,1761885930.823000,469,1,3498,2025-10-31T10:15:30.926822,1.5,1761885929.733000,479,1,3497,FALSE,FALSE,FALSE,FALSE,
2839,2025-10-31T10:15:31.927955,3416.4,2025-10-31T10:15:32.127534,199.6,1761885932.026000,471,1,3499,2025-10-31T10:15:32.129012,1.5,1761885930.935000,479,1,3498,FALSE,FALSE,FALSE,FALSE,
2840,2025-10-31T10:15:33.130240,3417.6,2025-10-31T10:15:33.329707,199.5,1761885933.228000,470,1,3500,2025-10-31T10:15:33.331127,1.4,1761885932.138000,479,1,3499,FALSE,FALSE,FALSE,FALSE,
2841,2025-10-31T10:15:34.332259,3418.8,2025-10-31T10:15:34.532428,200.2,1761885934.430000,468,1,3501,2025-10-31T10:15:34.533853,1.4,1761885933.340000,478,1,3500,FALSE,FALSE,FALSE,FALSE,
2842,2025-10-31T10:15:35.535145,3420.0,2025-10-31T10:15:35.734410,199.3,1761885935.633000,469,2,"3502,3503",2025-10-31T10:15:35.735924,1.5,1761885934.543000,479,2,"3501,3502",TRUE,TRUE,FALSE,FALSE,"Multi-ICG:3502,3503;Multi-ECG:3501,3502"
2843,2025-10-31T10:15:36.737600,3421.2,2025-10-31T10:15:36.941039,203.4,1761885936.835000,472,1,3504,2025-10-31T10:15:36.942500,1.4,1761885935.745000,479,1,3503,FALSE,FALSE,FALSE,FALSE,
2844,2025-10-31T10:15:37.943662,3422.4,2025-10-31T10:15:38.139226,195.6,1761885938.037000,470,1,3505,2025-10-31T10:15:38.140706,1.5,1761885936.947000,479,1,3504,FALSE,FALSE,FALSE,FALSE,
2845,2025-10-31T10:15:39.141851,3423.6,2025-10-31T10:15:39.340859,199.0,1761885939.239000,471,1,3506,2025-10-31T10:15:39.342461,1.6,1761885938.148000,479,1,3505,FALSE,FALSE,FALSE,FALSE,
2846,2025-10-31T10:15:40.343705,3424.8,2025-10-31T10:15:40.543006,199.3,1761885940.441000,471,1,3507,2025-10-31T10:15:40.544441,1.4,1761885939.350000,479,1,3506,FALSE,FALSE,FALSE,FALSE,
2847,2025-10-31T10:15:41.545607,3426.0,2025-10-31T10:15:41.744788,199.2,1761885941.643000,470,2,"3508,3509",2025-10-31T10:15:41.746372,1.6,1761885940.551000,480,2,"3507,3508",TRUE,TRUE,FALSE,FALSE,"Multi-ICG:3508,3509;Multi-ECG:3507,3508"
2848,2025-10-31T10:15:42.747759,3427.2,2025-10-31T10:15:42.946501,198.7,1761885942.845000,470,1,3510,2025-10-31T10:15:42.948123,1.6,1761885941.754000,479,1,3509,FALSE,FALSE,FALSE,FALSE,
2849,2025-10-31T10:15:43.949254,3428.4,2025-10-31T10:15:44.148700,199.4,1761885944.047000,469,1,3511,2025-10-31T10:15:44.150679,2.0,1761885942.955000,479,1,3510,FALSE,FALSE,FALSE,FALSE,
2850,2025-10-31T10:15:45.151885,3429.6,2025-10-31T10:15:45.350751,198.9,1761885945.249000,470,1,3512,2025-10-31T10:15:45.352362,1.6,1761885944.157000,479,1,3511,FALSE,FALSE,FALSE,FALSE,
2851,2025-10-31T10:15:46.353533,3430.8,2025-10-31T10:15:46.554103,200.6,1761885946.452000,471,1,3513,2025-10-31T10:15:46.555466,1.4,1761885945.359000,479,1,3512,FALSE,FALSE,FALSE,FALSE,
2852,2025-10-31T10:15:47.556713,3432.0,2025-10-31T10:15:47.761367,204.7,1761885947.655000,473,2,"3514,3515",2025-10-31T10:15:47.762961,1.6,1761885946.562000,480,2,"3513,3514",TRUE,TRUE,FALSE,FALSE,"Multi-ICG:3514,3515;Multi-ECG:3513,3514"
2853,2025-10-31T10:15:48.764226,3433.2,2025-10-31T10:15:48.960489,196.3,1761885948.858000,473,1,3516,2025-10-31T10:15:48.962100,1.6,1761885947.765000,479,1,3515,FALSE,FALSE,FALSE,FALSE,
2854,2025-10-31T10:15:49.963223,3434.4,2025-10-31T10:15:50.164162,200.9,1761885950.061000,472,1,3517,2025-10-31T10:15:50.165564,1.4,1761885948.966000,479,1,3516,FALSE,FALSE,FALSE,FALSE,
2855,2025-10-31T10:15:51.166778,3435.6,2025-10-31T10:15:51.367646,200.9,1761885951.265000,472,1,3518,2025-10-31T10:15:51.369141,1.5,1761885950.169000,479,1,3517,FALSE,FALSE,FALSE,FALSE,
2856,2025-10-31T10:15:52.370322,3436.8,2025-10-31T10:15:52.570333,200.0,1761885952.468000,472,1,3519,2025-10-31T10:15:52.572459,2.1,1761885951.371000,478,1,3518,FALSE,FALSE,FALSE,FALSE,
2857,2025-10-31T10:15:53.574950,3438.0,2025-10-31T10:15:53.771895,196.9,1761885953.670000,471,2,"3520,3521",2025-10-31T10:15:53.773409,1.5,1761885952.573000,481,2,"3519,3520",TRUE,TRUE,FALSE,FALSE,"Multi-ICG:3520,3521;Multi-ECG:3519,3520"
2858,2025-10-31T10:15:54.774893,3439.2,2025-10-31T10:15:54.973892,199.0,1761885954.872000,470,1,3522,2025-10-31T10:15:54.975562,1.7,1761885953.775000,479,1,3521,FALSE,FALSE,FALSE,FALSE,
2859,2025-10-31T10:15:55.976804,3440.4,2025-10-31T10:15:56.175638,198.8,1761885956.074000,470,1,3523,2025-10-31T10:15:56.177348,1.7,1761885954.977000,479,1,3522,FALSE,FALSE,FALSE,FALSE,
2860,2025-10-31T10:15:57.178607,3441.7,2025-10-31T10:15:57.378253,199.6,1761885957.276000,472,1,3524,2025-10-31T10:15:57.384518,6.3,1761885956.179000,479,1,3523,FALSE,FALSE,FALSE,FALSE,
2861,2025-10-31T10:15:58.385705,3442.9,2025-10-31T10:15:58.580129,194.4,1761885958.478000,471,1,3525,2025-10-31T10:15:58.581892,1.8,1761885957.382000,479,1,3524,FALSE,FALSE,FALSE,FALSE,
2862,2025-10-31T10:15:59.583249,3444.1,2025-10-31T10:15:59.781864,198.6,1761885959.680000,471,2,"3526,3527",2025-10-31T10:15:59.783335,1.5,1761885958.583000,481,2,"3525,3526",TRUE,TRUE,FALSE,FALSE,"Multi-ICG:3526,3527;Multi-ECG:3525,3526"
2863,2025-10-31T10:16:00.784711,3445.3,2025-10-31T10:16:00.983893,199.2,1761885960.882000,471,1,3528,2025-10-31T10:16:00.985379,1.5,1761885959.785000,480,1,3527,FALSE,FALSE,FALSE,FALSE,
2864,2025-10-31T10:16:01.986714,3446.5,2025-10-31T10:16:02.187048,200.3,1761885962.085000,473,1,3529,2025-10-31T10:16:02.188790,1.7,1761885960.987000,479,1,3528,FALSE,FALSE,FALSE,FALSE,
2865,2025-10-31T10:16:03.189998,3447.7,2025-10-31T10:16:03.389386,199.4,1761885963.288000,474,1,3530,2025-10-31T10:16:03.391074,1.7,1761885962.189000,481,1,3529,FALSE,FALSE,FALSE,FALSE,
2866,2025-10-31T10:16:04.392368,3448.9,2025-10-31T10:16:04.592449,200.1,1761885964.490000,471,1,3531,2025-10-31T10:16:04.594050,1.6,1761885963.392000,480,1,3530,FALSE,FALSE,FALSE,FALSE,
2867,2025-10-31T10:16:05.595295,3450.1,2025-10-31T10:16:05.794767,199.5,1761885965.693000,473,2,"3532,3533",2025-10-31T10:16:05.796531,1.8,1761885964.596000,483,2,"3531,3532",TRUE,TRUE,FALSE,FALSE,"Multi-ICG:3532,3533;Multi-ECG:3531,3532"
2868,2025-10-31T10:16:06.798128,3451.3,2025-10-31T10:16:06.998168,200.0,1761885966.895000,470,1,3534,2025-10-31T10:16:07.000161,2.0,1761885965.798000,479,1,3533,FALSE,FALSE,FALSE,FALSE,
2869,2025-10-31T10:16:08.001750,3452.5,2025-10-31T10:16:08.200670,198.9,1761885968.099000,472,1,3535,2025-10-31T10:16:08.206918,6.2,1761885967.004000,481,1,3534,FALSE,FALSE,FALSE,FALSE,
2870,2025-10-31T10:16:09.208090,3453.7,2025-10-31T10:16:09.403001,194.9,1761885969.301000,472,1,3536,2025-10-31T10:16:09.404716,1.7,1761885968.206000,479,1,3535,FALSE,FALSE,FALSE,FALSE,
2871,2025-10-31T10:16:10.405894,3454.9,2025-10-31T10:16:10.605883,200.0,1761885970.504000,473,1,3537,2025-10-31T10:16:10.607403,1.5,1761885969.407000,479,1,3536,FALSE,FALSE,FALSE,FALSE,
2872,2025-10-31T10:16:11.608571,3456.1,2025-10-31T10:16:11.807988,199.4,1761885971.706000,473,2,"3538,3539",2025-10-31T10:16:11.809493,1.5,1761885970.610000,480,2,"3537,3538",TRUE,TRUE,FALSE,FALSE,"Multi-ICG:3538,3539;Multi-ECG:3537,3538"
2873,2025-10-31T10:16:12.810955,3457.3,2025-10-31T10:16:13.010476,199.5,1761885972.909000,470,1,3540,2025-10-31T10:16:13.011777,1.3,1761885971.812000,478,1,3539,FALSE,FALSE,FALSE,FALSE,
2874,2025-10-31T10:16:14.012912,3458.5,2025-10-31T10:16:14.213224,200.3,1761885974.111000,472,1,3541,2025-10-31T10:16:14.214850,1.6,1761885973.014000,479,1,3540,FALSE,FALSE,FALSE,FALSE,
2875,2025-10-31T10:16:15.216033,3459.7,2025-10-31T10:16:15.415494,199.5,1761885975.313000,470,1,3542,2025-10-31T10:16:15.417016,1.5,1761885974.216000,479,1,3541,FALSE,FALSE,FALSE,FALSE,
2876,2025-10-31T10:16:16.418501,3460.9,2025-10-31T10:16:16.618216,199.7,1761885976.516000,472,1,3543,2025-10-31T10:16:16.619573,1.3,1761885975.418000,479,1,3542,FALSE,FALSE,FALSE,FALSE,
2877,2025-10-31T10:16:17.620857,3462.1,2025-10-31T10:16:17.823261,202.4,1761885977.720000,475,2,"3544,3545",2025-10-31T10:16:17.824839,1.6,1761885976.620000,479,2,"3543,3544",TRUE,TRUE,FALSE,FALSE,"Multi-ICG:3544,3545;Multi-ECG:3543,3544"
2878,2025-10-31T10:16:18.826409,3463.3,2025-10-31T10:16:19.024226,197.8,1761885978.922000,473,1,3546,2025-10-31T10:16:19.030296,6.1,1761885977.921000,519,1,3545,FALSE,FALSE,FALSE,FALSE,
2879,2025-10-31T10:16:20.031477,3464.5,2025-10-31T10:16:20.226166,194.7,1761885980.124000,470,1,3547,2025-10-31T10:16:20.227484,1.3,1761885979.123000,479,1,3546,FALSE,FALSE,FALSE,FALSE,
2880,2025-10-31T10:16:21.228831,3465.7,2025-10-31T10:16:21.428651,199.8,1761885981.327000,472,1,3548,2025-10-31T10:16:21.430212,1.6,1761885980.326000,480,1,3547,FALSE,FALSE,FALSE,FALSE,
2881,2025-10-31T10:16:22.431378,3466.9,2025-10-31T10:16:22.631097,199.7,1761885982.529000,474,2,"3549,3550",2025-10-31T10:16:22.632395,1.3,1761885981.528000,480,2,"3548,3549",TRUE,TRUE,FALSE,FALSE,"Multi-ICG:3549,3550;Multi-ECG:3548,3549"
2882,2025-10-31T10:16:23.633673,3468.1,2025-10-31T10:16:23.832825,199.2,1761885983.731000,471,1,3551,2025-10-31T10:16:23.834370,1.5,1761885982.730000,480,1,3550,FALSE,FALSE,FALSE,FALSE,
2883,2025-10-31T10:16:24.835491,3469.3,2025-10-31T10:16:25.034449,199.0,1761885984.933000,471,1,3552,2025-10-31T10:16:25.036022,1.6,1761885983.932000,481,1,3551,FALSE,FALSE,FALSE,FALSE,
2884,2025-10-31T10:16:26.037136,3470.5,2025-10-31T10:16:26.236637,199.5,1761885986.135000,471,1,3553,2025-10-31T10:16:26.238024,1.4,1761885985.134000,479,1,3552,FALSE,FALSE,FALSE,FALSE,
2885,2025-10-31T10:16:27.239136,3471.7,2025-10-31T10:16:27.439046,199.9,1761885987.337000,468,1,3554,2025-10-31T10:16:27.440654,1.6,1761885986.336000,479,1,3553,FALSE,FALSE,FALSE,FALSE,
2886,2025-10-31T10:16:28.441909,3472.9,2025-10-31T10:16:28.640616,198.7,1761885988.539000,473,2,"3555,3556",2025-10-31T10:16:28.642157,1.5,1761885987.537000,480,2,"3554,3555",TRUE,TRUE,FALSE,FALSE,"Multi-ICG:3555,3556;Multi-ECG:3554,3555"
2887,2025-10-31T10:16:29.643517,3474.1,2025-10-31T10:16:29.846983,203.5,1761885989.741000,472,1,3557,2025-10-31T10:16:29.848383,1.4,1761885988.739000,479,1,3556,FALSE,FALSE,FALSE,FALSE,
2888,2025-10-31T10:16:30.849464,3475.3,2025-10-31T10:16:31.044867,195.4,1761885990.943000,471,1,3558,2025-10-31T10:16:31.046436,1.6,1761885989.941000,479,1,3557,FALSE,FALSE,FALSE,FALSE,
2889,2025-10-31T10:16:32.047538,3476.5,2025-10-31T10:16:32.247373,199.8,1761885992.145000,471,1,3559,2025-10-31T10:16:32.248850,1.5,1761885991.142000,479,1,3558,FALSE,FALSE,FALSE,FALSE,
2890,2025-10-31T10:16:33.249990,3477.7,2025-10-31T10:16:33.449558,199.6,1761885993.348000,472,1,3560,2025-10-31T10:16:33.451269,1.7,1761885992.345000,479,1,3559,FALSE,FALSE,FALSE,FALSE,
2891,2025-10-31T10:16:34.452583,3478.9,2025-10-31T10:16:34.651836,199.3,1761885994.550000,472,2,"3561,3562",2025-10-31T10:16:34.653327,1.5,1761885993.548000,481,2,"3560,3561",TRUE,TRUE,FALSE,FALSE,"Multi-ICG:3561,3562;Multi-ECG:3560,3561"
2892,2025-10-31T10:16:35.655064,3480.1,2025-10-31T10:16:35.853993,198.9,1761885995.753000,472,1,3563,2025-10-31T10:16:35.855353,1.3,1761885994.750000,480,1,3562,FALSE,FALSE,FALSE,FALSE,
2893,2025-10-31T10:16:36.856475,3481.3,2025-10-31T10:16:37.056106,199.6,1761885996.954000,472,1,3564,2025-10-31T10:16:37.057655,1.5,1761885995.952000,480,1,3563,FALSE,FALSE,FALSE,FALSE,
2894,2025-10-31T10:16:38.058875,3482.5,2025-10-31T10:16:38.257573,198.7,1761885998.156000,470,1,3565,2025-10-31T10:16:38.259801,2.2,1761885997.153000,479,1,3564,FALSE,FALSE,FALSE,FALSE,
2895,2025-10-31T10:16:39.260947,3483.7,2025-10-31T10:16:39.461620,200.7,1761885999.358000,471,1,3566,2025-10-31T10:16:39.463697,2.1,1761885998.356000,480,1,3565,FALSE,FALSE,FALSE,FALSE,
2896,2025-10-31T10:16:40.465213,3484.9,2025-10-31T10:16:40.668218,203.0,1761886000.562000,474,2,"3567,3568",2025-10-31T10:16:40.669679,1.4,1761885999.558000,480,2,"3566,3567",TRUE,TRUE,FALSE,FALSE,"Multi-ICG:3567,3568;Multi-ECG:3566,3567"
2897,2025-10-31T10:16:41.671088,3486.1,2025-10-31T10:16:41.866407,195.3,1761886001.764000,471,1,3569,2025-10-31T10:16:41.867901,1.5,1761886000.759000,479,1,3568,FALSE,FALSE,FALSE,FALSE,
2898,2025-10-31T10:16:42.869059,3487.3,2025-10-31T10:16:43.068967,199.9,1761886002.967000,471,1,3570,2025-10-31T10:16:43.070397,1.4,1761886001.961000,479,1,3569,FALSE,FALSE,FALSE,FALSE,
2899,2025-10-31T10:16:44.071559,3488.5,2025-10-31T10:16:44.271317,199.8,1761886004.169000,470,1,3571,2025-10-31T10:16:44.272775,1.4,1761886003.163000,479,1,3570,FALSE,FALSE,FALSE,FALSE,
2900,2025-10-31T10:16:45.273906,3489.7,2025-10-31T10:16:45.473472,199.6,1761886005.372000,471,1,3572,2025-10-31T10:16:45.475154,1.7,1761886004.365000,479,1,3571,FALSE,FALSE,FALSE,FALSE,
2901,2025-10-31T10:16:46.476364,3490.9,2025-10-31T10:16:46.675757,199.4,1761886006.574000,469,2,"3573,3574",2025-10-31T10:16:46.677102,1.3,1761886005.568000,481,2,"3572,3573",TRUE,TRUE,FALSE,FALSE,"Multi-ICG:3573,3574;Multi-ECG:3572,3573"
2902,2025-10-31T10:16:47.678671,3492.2,2025-10-31T10:16:47.877718,199.0,1761886007.776000,469,1,3575,2025-10-31T10:16:47.879317,1.6,1761886006.771000,480,1,3574,FALSE,FALSE,FALSE,FALSE,
2903,2025-10-31T10:16:48.880431,3493.4,2025-10-31T10:16:49.079977,199.5,1761886008.978000,469,1,3576,2025-10-31T10:16:49.081487,1.5,1761886007.974000,478,1,3575,FALSE,FALSE,FALSE,FALSE,
2904,2025-10-31T10:16:50.082809,3494.6,2025-10-31T10:16:50.281711,198.9,1761886010.180000,468,1,3577,2025-10-31T10:16:50.287790,6.1,1761886009.177000,479,1,3576,FALSE,FALSE,FALSE,FALSE,
2905,2025-10-31T10:16:51.288993,3495.8,2025-10-31T10:16:51.484051,195.1,1761886011.382000,473,1,3578,2025-10-31T10:16:51.485539,1.5,1761886010.380000,478,1,3577,FALSE,FALSE,FALSE,FALSE,
2906,2025-10-31T10:16:52.486793,3497.0,2025-10-31T10:16:52.686934,200.1,1761886012.584000,471,2,"3579,3580",2025-10-31T10:16:52.688250,1.3,1761886011.583000,481,2,"3578,3579",TRUE,TRUE,FALSE,FALSE,"Multi-ICG:3579,3580;Multi-ECG:3578,3579"
2907,2025-10-31T10:16:53.689586,3498.2,2025-10-31T10:16:53.889328,199.7,1761886013.787000,471,1,3581,2025-10-31T10:16:53.891290,2.0,1761886012.785000,479,1,3580,FALSE,FALSE,FALSE,FALSE,
2908,2025-10-31T10:16:54.892471,3499.4,2025-10-31T10:16:55.091337,198.9,1761886014.990000,469,1,3582,2025-10-31T10:16:55.093052,1.7,1761886013.988000,479,1,3581,FALSE,FALSE,FALSE,FALSE,
2909,2025-10-31T10:16:56.094477,3500.6,2025-10-31T10:16:56.293648,199.2,1761886016.192000,467,1,3583,2025-10-31T10:16:56.295471,1.8,1761886015.190000,480,1,3582,FALSE,FALSE,FALSE,FALSE,
2910,2025-10-31T10:16:57.296614,3501.8,2025-10-31T10:16:57.497705,201.1,1761886017.395000,471,1,3584,2025-10-31T10:16:57.499414,1.7,1761886016.392000,480,1,3583,FALSE,FALSE,FALSE,FALSE,
2911,2025-10-31T10:16:58.500560,3503.0,2025-10-31T10:16:58.701105,200.5,1761886018.599000,472,2,"3585,3586",2025-10-31T10:16:58.703085,2.0,1761886017.595000,481,2,"3584,3585",TRUE,TRUE,FALSE,FALSE,"Multi-ICG:3585,3586;Multi-ECG:3584,3585"
2912,2025-10-31T10:16:59.704643,3504.2,2025-10-31T10:16:59.904441,199.8,1761886019.802000,469,1,3587,2025-10-31T10:16:59.905746,1.3,1761886018.797000,480,1,3586,FALSE,FALSE,FALSE,FALSE,
2913,2025-10-31T10:17:00.907001,3505.4,2025-10-31T10:17:01.107198,200.2,1761886021.005000,471,1,3588,2025-10-31T10:17:01.113058,5.9,1761886020.000000,479,1,3587,FALSE,FALSE,FALSE,FALSE,
2914,2025-10-31T10:17:02.114272,3506.6,2025-10-31T10:17:02.309651,195.4,1761886022.208000,471,1,3589,2025-10-31T10:17:02.311079,1.4,1761886021.201000,480,1,3588,FALSE,FALSE,FALSE,FALSE,
2915,2025-10-31T10:17:03.312298,3507.8,2025-10-31T10:17:03.511794,199.5,1761886023.410000,471,1,3590,2025-10-31T10:17:03.513303,1.5,1761886022.403000,480,1,3589,FALSE,FALSE,FALSE,FALSE,
2916,2025-10-31T10:17:04.514563,3509.0,2025-10-31T10:17:04.714001,199.4,1761886024.612000,472,2,"3591,3592",2025-10-31T10:17:04.715506,1.5,1761886023.605000,480,2,"3590,3591",TRUE,TRUE,FALSE,FALSE,"Multi-ICG:3591,3592;Multi-ECG:3590,3591"
2917,2025-10-31T10:17:05.716932,3510.2,2025-10-31T10:17:05.916554,199.6,1761886025.814000,471,1,3593,2025-10-31T10:17:05.917974,1.4,1761886024.807000,478,1,3592,FALSE,FALSE,FALSE,FALSE,
2918,2025-10-31T10:17:06.919164,3511.4,2025-10-31T10:17:07.119102,199.9,1761886027.017000,471,1,3594,2025-10-31T10:17:07.120919,1.8,1761886026.009000,479,1,3593,FALSE,FALSE,FALSE,FALSE,
2919,2025-10-31T10:17:08.122113,3512.6,2025-10-31T10:17:08.321268,199.2,1761886028.219000,470,1,3595,2025-10-31T10:17:08.323252,2.0,1761886027.212000,480,1,3594,FALSE,FALSE,FALSE,FALSE,
2920,2025-10-31T10:17:09.324417,3513.8,2025-10-31T10:17:09.523837,199.4,1761886029.422000,473,1,3596,2025-10-31T10:17:09.525201,1.4,1761886028.414000,479,1,3595,FALSE,FALSE,FALSE,FALSE,
2921,2025-10-31T10:17:10.526456,3515.0,2025-10-31T10:17:10.726188,199.7,1761886030.624000,471,2,"3597,3598",2025-10-31T10:17:10.727729,1.5,1761886029.617000,481,2,"3596,3597",TRUE,TRUE,FALSE,FALSE,"Multi-ICG:3597,3598;Multi-ECG:3596,3597"
2922,2025-10-31T10:17:11.729062,3516.2,2025-10-31T10:17:11.928232,199.2,1761886031.826000,472,1,3599,2025-10-31T10:17:11.934061,5.8,1761886030.819000,479,1,3598,FALSE,FALSE,FALSE,FALSE,
2923,2025-10-31T10:17:12.935212,3517.4,2025-10-31T10:17:13.131265,196.1,1761886033.029000,472,1,3600,2025-10-31T10:17:13.132813,1.5,1761886032.021000,478,1,3599,FALSE,FALSE,FALSE,FALSE,
2924,2025-10-31T10:17:14.134104,3518.6,2025-10-31T10:17:14.333354,199.2,1761886034.231000,469,1,3601,2025-10-31T10:17:14.334895,1.5,1761886033.224000,478,1,3600,FALSE,FALSE,FALSE,FALSE,
2925,2025-10-31T10:17:15.336020,3519.8,2025-10-31T10:17:15.535802,199.8,1761886035.433000,471,1,3602,2025-10-31T10:17:15.537213,1.4,1761886034.426000,479,1,3601,FALSE,FALSE,FALSE,FALSE,
2926,2025-10-31T10:17:16.538427,3521.0,2025-10-31T10:17:16.738294,199.9,1761886036.636000,473,2,"3603,3604",2025-10-31T10:17:16.739725,1.4,1761886035.628000,481,2,"3602,3603",TRUE,TRUE,FALSE,FALSE,"Multi-ICG:3603,3604;Multi-ECG:3602,3603"
2927,2025-10-31T10:17:17.741365,3522.2,2025-10-31T10:17:17.940072,198.7,1761886037.838000,472,1,3605,2025-10-31T10:17:17.941659,1.6,1761886036.830000,478,1,3604,FALSE,FALSE,FALSE,FALSE,
2928,2025-10-31T10:17:18.942930,3523.4,2025-10-31T10:17:19.143193,200.3,1761886039.041000,469,1,3606,2025-10-31T10:17:19.144937,1.7,1761886038.033000,480,1,3605,FALSE,FALSE,FALSE,FALSE,
2929,2025-10-31T10:17:20.146085,3524.6,2025-10-31T10:17:20.345530,199.4,1761886040.243000,472,1,3607,2025-10-31T10:17:20.347434,1.9,1761886039.235000,480,1,3606,FALSE,FALSE,FALSE,FALSE,
2930,2025-10-31T10:17:21.348570,3525.8,2025-10-31T10:17:21.547786,199.2,1761886041.445000,469,1,3608,2025-10-31T10:17:21.549301,1.5,1761886040.438000,480,1,3607,FALSE,FALSE,FALSE,FALSE,
2931,2025-10-31T10:17:22.550612,3527.0,2025-10-31T10:17:22.754923,204.3,1761886042.648000,472,2,"3609,3610",2025-10-31T10:17:22.756467,1.5,1761886041.640000,480,2,"3608,3609",TRUE,TRUE,FALSE,FALSE,"Multi-ICG:3609,3610;Multi-ECG:3608,3609"
2932,2025-10-31T10:17:23.758410,3528.2,2025-10-31T10:17:23.951803,193.4,1761886043.850000,471,1,3611,2025-10-31T10:17:23.953258,1.4,1761886042.842000,479,1,3610,FALSE,FALSE,FALSE,FALSE,
2933,2025-10-31T10:17:24.954494,3529.4,2025-10-31T10:17:25.153388,198.9,1761886045.052000,470,1,3612,2025-10-31T10:17:25.155090,1.7,1761886044.044000,479,1,3611,FALSE,FALSE,FALSE,FALSE,
2934,2025-10-31T10:17:26.156319,3530.6,2025-10-31T10:17:26.355734,199.4,1761886046.254000,471,1,3613,2025-10-31T10:17:26.357141,1.4,1761886045.246000,480,1,3612,FALSE,FALSE,FALSE,FALSE,
2935,2025-10-31T10:17:27.358350,3531.8,2025-10-31T10:17:27.559292,200.9,1761886047.456000,470,1,3614,2025-10-31T10:17:27.561129,1.8,1761886046.447000,479,1,3613,FALSE,FALSE,FALSE,FALSE,
2936,2025-10-31T10:17:28.562661,3533.0,2025-10-31T10:17:28.761809,199.1,1761886048.659000,472,2,"3615,3616",2025-10-31T10:17:28.763388,1.6,1761886047.650000,482,2,"3614,3615",TRUE,TRUE,FALSE,FALSE,"Multi-ICG:3615,3616;Multi-ECG:3614,3615"
2937,2025-10-31T10:17:29.765150,3534.2,2025-10-31T10:17:29.964117,199.0,1761886049.862000,470,1,3617,2025-10-31T10:17:29.965739,1.6,1761886048.853000,480,1,3616,FALSE,FALSE,FALSE,FALSE,
2938,2025-10-31T10:17:30.967067,3535.4,2025-10-31T10:17:31.166693,199.6,1761886051.065000,471,1,3618,2025-10-31T10:17:31.168311,1.6,1761886050.055000,479,1,3617,FALSE,FALSE,FALSE,FALSE,
2939,2025-10-31T10:17:32.169460,3536.6,2025-10-31T10:17:32.369300,199.8,1761886052.267000,469,1,3619,2025-10-31T10:17:32.371067,1.8,1761886051.258000,479,1,3618,FALSE,FALSE,FALSE,FALSE,
2940,2025-10-31T10:17:33.372257,3537.8,2025-10-31T10:17:33.576204,203.9,1761886053.470000,472,1,3620,2025-10-31T10:17:33.577704,1.5,1761886052.460000,478,1,3619,FALSE,FALSE,FALSE,FALSE,
2941,2025-10-31T10:17:34.578917,3539.1,2025-10-31T10:17:34.774275,195.4,1761886054.672000,471,2,"3621,3622",2025-10-31T10:17:34.775994,1.7,1761886053.662000,480,2,"3620,3621",TRUE,TRUE,FALSE,FALSE,"Multi-ICG:3621,3622;Multi-ECG:3620,3621"
2942,2025-10-31T10:17:35.777782,3540.2,2025-10-31T10:17:35.976980,199.2,1761886055.875000,471,1,3623,2025-10-31T10:17:35.978493,1.5,1761886054.864000,479,1,3622,FALSE,FALSE,FALSE,FALSE,
2943,2025-10-31T10:17:36.979657,3541.5,2025-10-31T10:17:37.179565,199.9,1761886057.078000,471,1,3624,2025-10-31T10:17:37.181222,1.6,1761886056.066000,480,1,3623,FALSE,FALSE,FALSE,FALSE,
2944,2025-10-31T10:17:38.182545,3542.7,2025-10-31T10:17:38.382645,200.1,1761886058.281000,471,1,3625,2025-10-31T10:17:38.384206,1.6,1761886057.268000,480,1,3624,FALSE,FALSE,FALSE,FALSE,
2945,2025-10-31T10:17:39.385419,3543.9,2025-10-31T10:17:39.584354,198.9,1761886059.482000,470,1,3626,2025-10-31T10:17:39.585779,1.4,1761886058.470000,480,1,3625,FALSE,FALSE,FALSE,FALSE,
2946,2025-10-31T10:17:40.587074,3545.1,2025-10-31T10:17:40.786893,199.8,1761886060.684000,472,2,"3627,3628",2025-10-31T10:17:40.788293,1.4,1761886059.673000,481,2,"3626,3627",TRUE,TRUE,FALSE,FALSE,"Multi-ICG:3627,3628;Multi-ECG:3626,3627"
2947,2025-10-31T10:17:41.789826,3546.3,2025-10-31T10:17:41.989039,199.2,1761886061.887000,472,1,3629,2025-10-31T10:17:41.990635,1.6,1761886060.875000,479,1,3628,FALSE,FALSE,FALSE,FALSE,
2948,2025-10-31T10:17:42.991804,3547.5,2025-10-31T10:17:43.192338,200.5,1761886063.089000,471,1,3630,2025-10-31T10:17:43.197823,5.5,1761886062.077000,480,1,3629,FALSE,FALSE,FALSE,FALSE,
2949,2025-10-31T10:17:44.199052,3548.7,2025-10-31T10:17:44.394935,195.9,1761886064.293000,471,1,3631,2025-10-31T10:17:44.396415,1.5,1761886063.279000,478,1,3630,FALSE,FALSE,FALSE,FALSE,
2950,2025-10-31T10:17:45.397565,3549.9,2025-10-31T10:17:45.597645,200.1,1761886065.496000,472,1,3632,2025-10-31T10:17:45.599043,1.4,1761886064.480000,479,1,3631,FALSE,FALSE,FALSE,FALSE,
2951,2025-10-31T10:17:46.600198,3551.1,2025-10-31T10:17:46.799870,199.7,1761886066.698000,473,2,"3633,3634",2025-10-31T10:17:46.801310,1.4,1761886065.682000,479,2,"3632,3633",TRUE,TRUE,FALSE,FALSE,"Multi-ICG:3633,3634;Multi-ECG:3632,3633"
2952,2025-10-31T10:17:47.802697,3552.3,2025-10-31T10:17:48.001912,199.3,1761886067.900000,471,1,3635,2025-10-31T10:17:48.003551,1.6,1761886066.884000,479,1,3634,FALSE,FALSE,FALSE,FALSE,
2953,2025-10-31T10:17:49.004715,3553.5,2025-10-31T10:17:49.204410,199.7,1761886069.103000,472,1,3636,2025-10-31T10:17:49.205728,1.3,1761886068.085000,479,1,3635,FALSE,FALSE,FALSE,FALSE,
2954,2025-10-31T10:17:50.206965,3554.7,2025-10-31T10:17:50.406810,199.8,1761886070.305000,470,1,3637,2025-10-31T10:17:50.408240,1.4,1761886069.288000,477,1,3636,FALSE,FALSE,FALSE,FALSE,
2955,2025-10-31T10:17:51.409370,3555.9,2025-10-31T10:17:51.608973,199.6,1761886071.507000,470,1,3638,2025-10-31T10:17:51.610558,1.6,1761886070.490000,480,1,3637,FALSE,FALSE,FALSE,FALSE,
2956,2025-10-31T10:17:52.611726,3557.1,2025-10-31T10:17:52.812097,200.4,1761886072.710000,471,2,"3639,3640",2025-10-31T10:17:52.813473,1.4,1761886071.692000,479,2,"3638,3639",TRUE,TRUE,FALSE,FALSE,"Multi-ICG:3639,3640;Multi-ECG:3638,3639"
2957,2025-10-31T10:17:53.815174,3558.3,2025-10-31T10:17:54.014860,199.7,1761886073.913000,470,1,3641,2025-10-31T10:17:54.020719,5.9,1761886072.894000,480,1,3640,FALSE,FALSE,FALSE,FALSE,
2958,2025-10-31T10:17:55.021883,3559.5,2025-10-31T10:17:55.216779,194.9,1761886075.115000,471,1,3642,2025-10-31T10:17:55.218332,1.5,1761886074.097000,479,1,3641,FALSE,FALSE,FALSE,FALSE,
2959,2025-10-31T10:17:56.219482,3560.7,2025-10-31T10:17:56.419000,199.5,1761886076.317000,469,1,3643,2025-10-31T10:17:56.420431,1.4,1761886075.299000,478,1,3642,FALSE,FALSE,FALSE,FALSE,
2960,2025-10-31T10:17:57.421591,3561.9,2025-10-31T10:17:57.621273,199.7,1761886077.519000,471,1,3644,2025-10-31T10:17:57.622837,1.6,1761886076.501000,480,1,3643,FALSE,FALSE,FALSE,FALSE,
2961,2025-10-31T10:17:58.624018,3563.1,2025-10-31T10:17:58.824142,200.1,1761886078.722000,472,2,"3645,3646",2025-10-31T10:17:58.825502,1.3,1761886077.703000,481,2,"3644,3645",TRUE,TRUE,FALSE,FALSE,"Multi-ICG:3645,3646;Multi-ECG:3644,3645"
2962,2025-10-31T10:17:59.827233,3564.3,2025-10-31T10:18:00.026418,199.2,1761886079.925000,469,1,3647,2025-10-31T10:18:00.027912,1.5,1761886078.906000,479,1,3646,FALSE,FALSE,FALSE,FALSE,
2963,2025-10-31T10:18:01.029091,3565.5,2025-10-31T10:18:01.228782,199.7,1761886081.127000,472,1,3648,2025-10-31T10:18:01.230376,1.6,1761886080.108000,479,1,3647,FALSE,FALSE,FALSE,FALSE,
2964,2025-10-31T10:18:02.231530,3566.7,2025-10-31T10:18:02.432645,201.1,1761886082.331000,471,1,3649,2025-10-31T10:18:02.433999,1.3,1761886081.310000,479,1,3648,FALSE,FALSE,FALSE,FALSE,
2965,2025-10-31T10:18:03.435159,3567.9,2025-10-31T10:18:03.635301,200.1,1761886083.533000,471,1,3650,2025-10-31T10:18:03.636759,1.4,1761886082.513000,481,1,3649,FALSE,FALSE,FALSE,FALSE,
2966,2025-10-31T10:18:04.637954,3569.1,2025-10-31T10:18:04.837043,199.1,1761886084.736000,473,2,"3651,3652",2025-10-31T10:18:04.843431,6.4,1761886083.715000,479,2,"3650,3651",TRUE,TRUE,FALSE,FALSE,"Multi-ICG:3651,3652;Multi-ECG:3650,3651"
2967,2025-10-31T10:18:05.844748,3570.3,2025-10-31T10:18:06.039241,194.5,1761886085.937000,472,1,3653,2025-10-31T10:18:06.040726,1.5,1761886084.917000,480,1,3652,FALSE,FALSE,FALSE,FALSE,
2968,2025-10-31T10:18:07.042126,3571.5,2025-10-31T10:18:07.240866,198.7,1761886087.139000,469,1,3654,2025-10-31T10:18:07.242390,1.5,1761886086.120000,480,1,3653,FALSE,FALSE,FALSE,FALSE,
2969,2025-10-31T10:18:08.243522,3572.7,2025-10-31T10:18:08.442511,199.0,1761886088.341000,471,1,3655,2025-10-31T10:18:08.444032,1.5,1761886087.323000,480,1,3654,FALSE,FALSE,FALSE,FALSE,
2970,2025-10-31T10:18:09.445184,3573.9,2025-10-31T10:18:09.644393,199.2,1761886089.543000,470,1,3656,2025-10-31T10:18:09.645849,1.4,1761886088.526000,480,1,3655,FALSE,FALSE,FALSE,FALSE,
2971,2025-10-31T10:18:10.647086,3575.1,2025-10-31T10:18:10.846999,199.9,1761886090.745000,473,2,"3657,3658",2025-10-31T10:18:10.848510,1.5,1761886089.729000,481,2,"3656,3657",TRUE,TRUE,FALSE,FALSE,"Multi-ICG:3657,3658;Multi-ECG:3656,3657"
2972,2025-10-31T10:18:11.849818,3576.3,2025-10-31T10:18:12.050390,200.6,1761886091.947000,471,1,3659,2025-10-31T10:18:12.051762,1.4,1761886090.931000,480,1,3658,FALSE,FALSE,FALSE,FALSE,
2973,2025-10-31T10:18:13.052936,3577.5,2025-10-31T10:18:13.253610,200.7,1761886093.151000,473,1,3660,2025-10-31T10:18:13.255181,1.6,1761886092.132000,479,1,3659,FALSE,FALSE,FALSE,FALSE,
2974,2025-10-31T10:18:14.256258,3578.7,2025-10-31T10:18:14.456613,200.4,1761886094.354000,470,1,3661,2025-10-31T10:18:14.458290,1.7,1761886093.335000,479,1,3660,FALSE,FALSE,FALSE,FALSE,
2975,2025-10-31T10:18:15.459404,3579.9,2025-10-31T10:18:15.663539,204.1,1761886095.557000,471,1,3662,2025-10-31T10:18:15.664889,1.3,1761886094.537000,480,1,3661,FALSE,FALSE,FALSE,FALSE,
2976,2025-10-31T10:18:16.666007,3581.1,2025-10-31T10:18:18.188141,1522.1,1761886096.759000,471,2,"3663,3664",2025-10-31T10:18:18.189083,0.9,1761886095.738000,479,2,"3662,3663",TRUE,TRUE,FALSE,FALSE,"Multi-ICG:3663,3664;Multi-ECG:3662,3663"
2977,2025-10-31T10:18:19.190032,3583.7,2025-10-31T10:18:19.366707,176.7,1761886099.264000,990,2,"3665,3666",2025-10-31T10:18:19.368412,1.7,1761886098.243000,1001,2,"3664,3665",TRUE,TRUE,FALSE,FALSE,"Multi-ICG:3665,3666;Multi-ECG:3664,3665"
2978,2025-10-31T10:18:20.369721,3584.8,2025-10-31T10:18:20.567224,197.5,1761886100.465000,473,1,3667,2025-10-31T10:18:20.568161,0.9,1761886099.445000,479,1,3666,FALSE,FALSE,FALSE,FALSE,
2979,2025-10-31T10:18:21.568904,3586.0,2025-10-31T10:18:21.769030,200.1,1761886101.667000,474,2,"3668,3669",2025-10-31T10:18:21.769854,0.8,1761886100.647000,482,2,"3667,3668",TRUE,TRUE,FALSE,FALSE,"Multi-ICG:3668,3669;Multi-ECG:3667,3668"
2980,2025-10-31T10:18:22.770842,3587.2,2025-10-31T10:18:22.972214,201.4,1761886102.870000,471,1,3670,2025-10-31T10:18:22.973737,1.5,1761886101.848000,481,1,3669,FALSE,FALSE,FALSE,FALSE,
2981,2025-10-31T10:18:23.974931,3588.4,2025-10-31T10:18:24.174252,199.3,1761886104.073000,472,1,3671,2025-10-31T10:18:24.175746,1.5,1761886103.050000,480,1,3670,FALSE,FALSE,FALSE,FALSE,
2982,2025-10-31T10:18:25.176881,3589.6,2025-10-31T10:18:25.377557,200.7,1761886105.275000,471,1,3672,2025-10-31T10:18:25.379623,2.1,1761886104.253000,480,1,3671,FALSE,FALSE,FALSE,FALSE,
2983,2025-10-31T10:18:26.381201,3590.9,2025-10-31T10:18:26.579571,198.4,1761886106.477000,470,1,3673,2025-10-31T10:18:26.585294,5.7,1761886105.456000,481,1,3672,FALSE,FALSE,FALSE,FALSE,
2984,2025-10-31T10:18:27.586519,3592.1,2025-10-31T10:18:27.782603,196.1,1761886107.680000,471,2,"3674,3675",2025-10-31T10:18:27.784220,1.6,1761886106.657000,478,2,"3673,3674",TRUE,TRUE,FALSE,FALSE,"Multi-ICG:3674,3675;Multi-ECG:3673,3674"
2985,2025-10-31T10:18:28.785640,3593.3,2025-10-31T10:18:28.985893,200.3,1761886108.883000,470,1,3676,2025-10-31T10:18:28.987437,1.5,1761886107.859000,478,1,3675,FALSE,FALSE,FALSE,FALSE,
2986,2025-10-31T10:18:29.988541,3594.5,2025-10-31T10:18:30.188326,199.8,1761886110.087000,471,1,3677,2025-10-31T10:18:30.189854,1.5,1761886109.060000,479,1,3676,FALSE,FALSE,FALSE,FALSE,
2987,2025-10-31T10:18:31.191013,3595.7,2025-10-31T10:18:31.390617,199.6,1761886111.289000,471,1,3678,2025-10-31T10:18:31.391959,1.3,1761886110.263000,481,1,3677,FALSE,FALSE,FALSE,FALSE,
2988,2025-10-31T10:18:32.393103,3596.9,2025-10-31T10:18:32.593238,200.1,1761886112.491000,469,1,3679,2025-10-31T10:18:32.594769,1.5,1761886111.465000,480,1,3678,FALSE,FALSE,FALSE,FALSE,
2989,2025-10-31T10:18:33.595882,3598.1,2025-10-31T10:18:33.795939,200.1,1761886113.694000,474,2,"3680,3681",2025-10-31T10:18:33.797396,1.4,1761886112.667000,482,2,"3679,3680",TRUE,TRUE,FALSE,FALSE,"Multi-ICG:3680,3681;Multi-ECG:3679,3680"
2990,2025-10-31T10:18:34.798804,3599.3,2025-10-31T10:18:34.999466,200.7,1761886114.896000,471,1,3682,2025-10-31T10:18:35.000908,1.4,1761886113.869000,480,1,3681,FALSE,FALSE,FALSE,FALSE,
