sync_num,elapsed_time_s,icg_found,icg_request_id,icg_request_time_utc,icg_firmware_timestamp,icg_position_in_packet,icg_total_samples_in_packet,icg_samples_before_sync,icg_samples_after_sync,icg_calculated_timestamp,icg_samples_since_last_sync,icg_sample_deviation,icg_time_since_last_sync,ecg_found,ecg_request_id,ecg_request_time_utc,ecg_firmware_timestamp,ecg_position_in_packet,ecg_total_samples_in_packet,ecg_samples_before_sync,ecg_samples_after_sync,ecg_calculated_timestamp,ecg_samples_since_last_sync,ecg_sample_deviation,ecg_time_since_last_sync,paired,time_diff_ms,drift_cumulative_ms,anomaly_icg_missing,anomaly_ecg_missing,anomaly_icg_sample_count,anomaly_ecg_sample_count,anomaly_time_interval,anomaly_description
18,-19800.3,FALSE,,,,,,,,,,,,TRUE,1,2025-11-03T09:24:50.629484,1762142090.628000,15,26,15,10,1762142090.315500,25,-25,,FALSE,,0.000,TRUE,FALSE,FALSE,TRUE,FALSE,ICG missing;ECG samples:25
19,-19799.4,TRUE,2,2025-11-03T09:24:51.629578,1762142091.729000,24,50,24,25,1762142091.229000,49,-1,,TRUE,3,2025-11-03T09:24:52.629585,1762142091.830000,7,23,7,15,1762142091.361250,25,-25,1.046,TRUE,132.250,132.250,FALSE,FALSE,FALSE,TRUE,FALSE,ECG samples:25
20,-19798.4,TRUE,3,2025-11-03T09:24:52.629585,1762142092.730000,24,49,24,24,1762142092.250000,48,-2,1.021,TRUE,4,2025-11-03T09:24:53.629575,1762142092.832000,10,27,10,16,1762142092.332000,25,-25,0.971,TRUE,82.000,214.250,FALSE,FALSE,FALSE,TRUE,FALSE,ECG samples:25
21,-19797.4,TRUE,4,2025-11-03T09:24:53.629575,1762142093.631000,24,44,24,19,1762142093.251000,47,-3,1.001,TRUE,5,2025-11-03T09:24:54.629573,1762142093.733000,9,23,9,13,1762142093.326750,25,-25,0.995,TRUE,75.750,290.000,FALSE,FALSE,FALSE,TRUE,FALSE,ECG samples:25
22,-19796.4,TRUE,5,2025-11-03T09:24:54.629573,1762142094.632000,28,48,28,19,1762142094.252000,47,-3,1.001,TRUE,6,2025-11-03T09:24:55.629574,1762142094.736000,12,26,12,13,1762142094.329750,25,-25,1.003,TRUE,77.750,367.750,FALSE,FALSE,FALSE,TRUE,FALSE,ECG samples:25
23,-19795.4,TRUE,6,2025-11-03T09:24:55.629574,1762142095.633000,28,49,28,20,1762142095.233000,48,-2,0.981,TRUE,7,2025-11-03T09:24:56.629624,1762142095.737000,12,26,12,13,1762142095.330750,25,-25,1.001,TRUE,97.750,465.500,FALSE,FALSE,FALSE,TRUE,FALSE,ECG samples:25
24,-19794.4,TRUE,7,2025-11-03T09:24:56.629624,1762142096.635000,28,49,28,20,1762142096.235000,48,-2,1.002,TRUE,8,2025-11-03T09:24:57.629569,1762142096.739000,12,26,12,13,1762142096.332750,25,-25,1.002,TRUE,97.750,563.251,FALSE,FALSE,FALSE,TRUE,FALSE,ECG samples:25
25,-19793.4,TRUE,8,2025-11-03T09:24:57.629569,1762142097.636000,28,49,28,20,1762142097.236000,49,-1,1.001,TRUE,9,2025-11-03T09:24:58.629574,1762142097.740000,12,26,12,13,1762142097.333750,25,-25,1.001,TRUE,97.750,661.001,FALSE,FALSE,FALSE,TRUE,FALSE,ECG samples:25
26,-19792.4,TRUE,9,2025-11-03T09:24:58.629574,1762142098.638000,29,49,29,19,1762142098.258000,47,-3,1.022,TRUE,10,2025-11-03T09:24:59.629568,1762142098.742000,12,26,12,13,1762142098.335750,25,-25,1.002,TRUE,77.750,738.751,FALSE,FALSE,FALSE,TRUE,FALSE,ECG samples:25
27,-19791.4,TRUE,10,2025-11-03T09:24:59.629568,1762142099.639000,28,49,28,20,1762142099.239000,48,-2,0.981,TRUE,11,2025-11-03T09:25:00.629567,1762142099.744000,12,26,12,13,1762142099.337750,25,-25,1.002,TRUE,98.750,837.501,FALSE,FALSE,FALSE,TRUE,FALSE,ECG samples:25
28,-19790.4,TRUE,11,2025-11-03T09:25:00.629567,1762142100.640000,28,49,28,20,1762142100.240000,50,+0,1.001,TRUE,12,2025-11-03T09:25:01.629576,1762142100.746000,12,26,12,13,1762142100.339750,25,-25,1.002,TRUE,99.750,937.251,FALSE,FALSE,FALSE,TRUE,FALSE,ECG samples:25
29,-19789.4,TRUE,12,2025-11-03T09:25:01.629576,1762142101.642000,30,51,30,20,1762142101.242000,48,-2,1.002,TRUE,13,2025-11-03T09:25:02.629579,1762142101.848000,12,29,12,16,1762142101.348000,25,-25,1.008,TRUE,106.000,1043.251,FALSE,FALSE,FALSE,TRUE,FALSE,ECG samples:25
30,-19788.4,TRUE,13,2025-11-03T09:25:02.629579,1762142102.643000,28,49,28,20,1762142102.243000,48,-2,1.001,TRUE,14,2025-11-03T09:25:03.629573,1762142102.749000,9,23,9,13,1762142102.342750,25,-25,0.995,TRUE,99.750,1143.002,FALSE,FALSE,FALSE,TRUE,FALSE,ECG samples:25
31,-19787.4,TRUE,14,2025-11-03T09:25:03.629573,1762142103.645000,28,49,28,20,1762142103.245000,49,-1,1.002,TRUE,15,2025-11-03T09:25:04.629574,1762142103.751000,12,27,12,14,1762142103.313500,25,-25,0.971,TRUE,68.500,1211.502,FALSE,FALSE,FALSE,TRUE,FALSE,ECG samples:25
32,-19786.4,TRUE,15,2025-11-03T09:25:04.629574,1762142104.646000,29,49,29,19,1762142104.266000,47,-3,1.021,TRUE,16,2025-11-03T09:25:05.629568,1762142104.753000,11,26,11,14,1762142104.315500,25,-25,1.002,TRUE,49.500,1261.002,FALSE,FALSE,FALSE,TRUE,FALSE,ECG samples:25
33,-19785.4,TRUE,16,2025-11-03T09:25:05.629568,1762142105.647000,28,49,28,20,1762142105.247000,48,-2,0.981,TRUE,17,2025-11-03T09:25:06.629576,1762142105.754000,11,26,11,14,1762142105.316500,25,-25,1.001,TRUE,69.500,1330.502,FALSE,FALSE,FALSE,TRUE,FALSE,ECG samples:25
34,-19784.4,TRUE,17,2025-11-03T09:25:06.629576,1762142106.649000,28,50,28,21,1762142106.229000,49,-1,0.982,TRUE,18,2025-11-03T09:25:07.629581,1762142106.756000,11,26,11,14,1762142106.318500,25,-25,1.002,TRUE,89.500,1420.002,FALSE,FALSE,FALSE,TRUE,FALSE,ECG samples:25
35,-19783.4,TRUE,18,2025-11-03T09:25:07.629581,1762142107.650000,28,49,28,20,1762142107.250000,48,-2,1.021,TRUE,19,2025-11-03T09:25:08.629576,1762142107.757000,11,25,11,13,1762142107.350750,24,-26,1.032,TRUE,100.750,1520.752,FALSE,FALSE,FALSE,TRUE,FALSE,ECG samples:24
36,-19782.4,TRUE,19,2025-11-03T09:25:08.629576,1762142108.652000,28,49,28,20,1762142108.252000,48,-2,1.002,TRUE,20,2025-11-03T09:25:09.629567,1762142108.758000,11,26,11,14,1762142108.320500,25,-25,0.970,TRUE,68.500,1589.252,FALSE,FALSE,FALSE,TRUE,FALSE,ECG samples:25
37,-19781.4,TRUE,20,2025-11-03T09:25:09.629567,1762142109.654000,28,49,28,20,1762142109.254000,48,-2,1.002,TRUE,21,2025-11-03T09:25:10.629582,1762142109.759000,11,26,11,14,1762142109.321500,25,-25,1.001,TRUE,67.500,1656.752,FALSE,FALSE,FALSE,TRUE,FALSE,ECG samples:25
38,-19780.4,TRUE,21,2025-11-03T09:25:10.629582,1762142110.656000,28,49,28,20,1762142110.256000,48,-2,1.002,TRUE,22,2025-11-03T09:25:11.629575,1762142110.761000,11,26,11,14,1762142110.323500,25,-25,1.002,TRUE,67.500,1724.252,FALSE,FALSE,FALSE,TRUE,FALSE,ECG samples:25
39,-19779.4,TRUE,22,2025-11-03T09:25:11.629575,1762142111.658000,28,49,28,20,1762142111.258000,47,-3,1.002,TRUE,23,2025-11-03T09:25:12.629576,1762142111.762000,11,26,11,14,1762142111.324500,25,-25,1.001,TRUE,66.500,1790.752,FALSE,FALSE,FALSE,TRUE,FALSE,ECG samples:25
40,-19778.4,TRUE,23,2025-11-03T09:25:12.629576,1762142112.660000,27,49,27,21,1762142112.240000,48,-2,0.982,TRUE,24,2025-11-03T09:25:13.629588,1762142112.763000,11,26,11,14,1762142112.325500,25,-25,1.001,TRUE,85.500,1876.252,FALSE,FALSE,FALSE,TRUE,FALSE,ECG samples:25
41,-19777.4,TRUE,24,2025-11-03T09:25:13.629588,1762142113.663000,27,48,27,20,1762142113.263000,48,-2,1.023,TRUE,25,2025-11-03T09:25:14.629571,1762142113.765000,11,26,11,14,1762142113.327500,25,-25,1.002,TRUE,64.500,1940.753,FALSE,FALSE,FALSE,TRUE,FALSE,ECG samples:25
42,-19776.4,TRUE,25,2025-11-03T09:25:14.629571,1762142114.664000,28,50,28,21,1762142114.244000,49,-1,0.981,TRUE,26,2025-11-03T09:25:15.629585,1762142114.767000,11,26,11,14,1762142114.329500,25,-25,1.002,TRUE,85.500,2026.253,FALSE,FALSE,FALSE,TRUE,FALSE,ECG samples:25
43,-19775.4,TRUE,26,2025-11-03T09:25:15.629585,1762142115.666000,28,49,28,20,1762142115.266000,47,-3,1.022,TRUE,27,2025-11-03T09:25:16.629570,1762142115.767000,11,26,11,14,1762142115.329500,25,-25,1.000,TRUE,63.500,2089.753,FALSE,FALSE,FALSE,TRUE,FALSE,ECG samples:25
44,-19774.4,TRUE,27,2025-11-03T09:25:16.629570,1762142116.668000,27,49,27,21,1762142116.248000,49,-1,0.982,TRUE,28,2025-11-03T09:25:17.629574,1762142116.769000,11,26,11,14,1762142116.331500,25,-25,1.002,TRUE,83.500,2173.253,FALSE,FALSE,FALSE,TRUE,FALSE,ECG samples:25
45,-19773.4,TRUE,28,2025-11-03T09:25:17.629574,1762142117.670000,28,50,28,21,1762142117.250000,48,-2,1.002,TRUE,29,2025-11-03T09:25:18.629572,1762142117.770000,11,26,11,14,1762142117.332500,25,-25,1.001,TRUE,82.500,2255.753,FALSE,FALSE,FALSE,TRUE,FALSE,ECG samples:25
46,-19772.4,TRUE,29,2025-11-03T09:25:18.629572,1762142118.671000,27,48,27,20,1762142118.271000,48,-2,1.021,TRUE,30,2025-11-03T09:25:19.629578,1762142118.872000,11,29,11,17,1762142118.340750,25,-25,1.008,TRUE,69.750,2325.503,FALSE,FALSE,FALSE,TRUE,FALSE,ECG samples:25
47,-19771.4,TRUE,30,2025-11-03T09:25:19.629578,1762142119.672000,28,50,28,21,1762142119.252000,48,-2,0.981,TRUE,31,2025-11-03T09:25:20.629575,1762142119.774000,8,23,8,14,1762142119.336500,25,-25,0.996,TRUE,84.500,2410.003,FALSE,FALSE,FALSE,TRUE,FALSE,ECG samples:25
48,-19770.4,TRUE,31,2025-11-03T09:25:20.629575,1762142120.674000,27,49,27,21,1762142120.254000,48,-2,1.002,TRUE,32,2025-11-03T09:25:21.629571,1762142120.776000,11,26,11,14,1762142120.338500,25,-25,1.002,TRUE,84.500,2494.503,FALSE,FALSE,FALSE,TRUE,FALSE,ECG samples:25
49,-19769.4,TRUE,32,2025-11-03T09:25:21.629571,1762142121.675000,27,50,27,22,1762142121.235000,48,-2,0.981,TRUE,33,2025-11-03T09:25:22.629577,1762142121.777000,11,26,11,14,1762142121.339500,25,-25,1.001,TRUE,104.500,2599.003,FALSE,FALSE,FALSE,TRUE,FALSE,ECG samples:25
50,-19768.4,TRUE,33,2025-11-03T09:25:22.629577,1762142122.677000,26,48,26,21,1762142122.257000,48,-2,1.022,TRUE,34,2025-11-03T09:25:23.629572,1762142122.779000,11,26,11,14,1762142122.341500,25,-25,1.002,TRUE,84.500,2683.503,FALSE,FALSE,FALSE,TRUE,FALSE,ECG samples:25
51,-19767.4,TRUE,34,2025-11-03T09:25:23.629572,1762142123.678000,27,50,27,22,1762142123.238000,49,-1,0.981,TRUE,35,2025-11-03T09:25:24.629580,1762142123.780000,11,26,11,14,1762142123.342500,25,-25,1.001,TRUE,104.500,2788.003,FALSE,FALSE,FALSE,TRUE,FALSE,ECG samples:25
52,-19766.4,TRUE,35,2025-11-03T09:25:24.629580,1762142124.679000,27,50,27,22,1762142124.239000,49,-1,1.001,TRUE,36,2025-11-03T09:25:25.629572,1762142124.782000,11,26,11,14,1762142124.344500,25,-25,1.002,TRUE,105.500,2893.503,FALSE,FALSE,FALSE,TRUE,FALSE,ECG samples:25
53,-19765.4,TRUE,36,2025-11-03T09:25:25.629572,1762142125.680000,27,50,27,22,1762142125.240000,48,-2,1.001,TRUE,37,2025-11-03T09:25:26.629579,1762142125.783000,11,26,11,14,1762142125.345500,25,-25,1.001,TRUE,105.500,2999.003,FALSE,FALSE,FALSE,TRUE,FALSE,ECG samples:25
54,-19764.4,TRUE,37,2025-11-03T09:25:26.629579,1762142126.682000,26,49,26,22,1762142126.242000,48,-2,1.002,TRUE,38,2025-11-03T09:25:27.629575,1762142126.784000,11,26,11,14,1762142126.346500,25,-25,1.001,TRUE,104.500,3103.503,FALSE,FALSE,FALSE,TRUE,FALSE,ECG samples:25
55,-19763.4,TRUE,38,2025-11-03T09:25:27.629575,1762142127.683000,26,48,26,21,1762142127.263000,48,-2,1.021,TRUE,39,2025-11-03T09:25:28.629573,1762142127.786000,11,26,11,14,1762142127.348500,25,-25,1.002,TRUE,85.500,3189.003,FALSE,FALSE,FALSE,TRUE,FALSE,ECG samples:25
56,-19762.4,TRUE,39,2025-11-03T09:25:28.629573,1762142128.684000,27,49,27,21,1762142128.264000,49,-1,1.001,TRUE,40,2025-11-03T09:25:29.629574,1762142128.787000,11,26,11,14,1762142128.349500,25,-25,1.001,TRUE,85.500,3274.503,FALSE,FALSE,FALSE,TRUE,FALSE,ECG samples:25
57,-19761.4,TRUE,40,2025-11-03T09:25:29.629574,1762142129.687000,28,50,28,21,1762142129.267000,49,-1,1.003,TRUE,41,2025-11-03T09:25:30.629572,1762142129.788000,11,26,11,14,1762142129.350500,25,-25,1.001,TRUE,83.500,3358.004,FALSE,FALSE,FALSE,TRUE,FALSE,ECG samples:25
58,-19760.4,TRUE,41,2025-11-03T09:25:30.629572,1762142130.688000,28,50,28,21,1762142130.268000,48,-2,1.001,TRUE,42,2025-11-03T09:25:31.629572,1762142130.790000,11,27,11,15,1762142130.321250,25,-25,0.971,TRUE,53.250,3411.254,FALSE,FALSE,FALSE,TRUE,FALSE,ECG samples:25
59,-19759.4,TRUE,42,2025-11-03T09:25:31.629572,1762142131.690000,27,50,27,22,1762142131.250000,48,-2,0.982,TRUE,43,2025-11-03T09:25:32.629564,1762142131.791000,10,26,10,15,1762142131.322250,25,-25,1.001,TRUE,72.250,3483.504,FALSE,FALSE,FALSE,TRUE,FALSE,ECG samples:25
60,-19758.4,TRUE,43,2025-11-03T09:25:32.629564,1762142132.692000,26,49,26,22,1762142132.252000,49,-1,1.002,TRUE,44,2025-11-03T09:25:33.629566,1762142132.793000,10,26,10,15,1762142132.324250,25,-25,1.002,TRUE,72.250,3555.754,FALSE,FALSE,FALSE,TRUE,FALSE,ECG samples:25
61,-19757.4,TRUE,44,2025-11-03T09:25:33.629566,1762142133.693000,27,49,27,21,1762142133.273000,47,-3,1.021,TRUE,45,2025-11-03T09:25:34.629565,1762142133.795000,10,26,10,15,1762142133.326250,25,-25,1.002,TRUE,53.250,3609.004,FALSE,FALSE,FALSE,TRUE,FALSE,ECG samples:25
62,-19756.4,TRUE,45,2025-11-03T09:25:34.629565,1762142134.695000,26,49,26,22,1762142134.255000,48,-2,0.982,TRUE,46,2025-11-03T09:25:35.629576,1762142134.796000,10,26,10,15,1762142134.327250,25,-25,1.001,TRUE,72.250,3681.254,FALSE,FALSE,FALSE,TRUE,FALSE,ECG samples:25
63,-19755.4,TRUE,46,2025-11-03T09:25:35.629576,1762142135.696000,26,49,26,22,1762142135.256000,49,-1,1.001,TRUE,47,2025-11-03T09:25:36.629566,1762142135.897000,10,28,10,17,1762142135.365750,25,-25,1.039,TRUE,109.750,3791.004,FALSE,FALSE,FALSE,TRUE,FALSE,ECG samples:25
64,-19754.4,TRUE,47,2025-11-03T09:25:36.629566,1762142136.698000,27,50,27,22,1762142136.258000,48,-2,1.002,TRUE,48,2025-11-03T09:25:37.629568,1762142136.898000,8,25,8,16,1762142136.398000,24,-26,1.032,TRUE,140.000,3931.004,FALSE,FALSE,FALSE,TRUE,FALSE,ECG samples:24
65,-19753.4,TRUE,48,2025-11-03T09:25:37.629568,1762142137.700000,26,50,26,23,1762142137.240000,49,-1,0.982,TRUE,49,2025-11-03T09:25:38.629567,1762142137.900000,8,26,8,17,1762142137.368750,25,-25,0.971,TRUE,128.750,4059.754,FALSE,FALSE,FALSE,TRUE,FALSE,ECG samples:25
66,-19752.4,TRUE,49,2025-11-03T09:25:38.629567,1762142138.703000,26,49,26,22,1762142138.263000,48,-2,1.023,TRUE,50,2025-11-03T09:25:39.629569,1762142138.901000,8,26,8,17,1762142138.369750,25,-25,1.001,TRUE,106.750,4166.504,FALSE,FALSE,FALSE,TRUE,FALSE,ECG samples:25
67,-19751.4,TRUE,50,2025-11-03T09:25:39.629569,1762142139.705000,26,50,26,23,1762142139.245000,49,-1,0.982,TRUE,51,2025-11-03T09:25:40.629567,1762142139.902000,8,26,8,17,1762142139.370750,25,-25,1.001,TRUE,125.750,4292.254,FALSE,FALSE,FALSE,TRUE,FALSE,ECG samples:25
68,-19750.3,TRUE,51,2025-11-03T09:25:40.629567,1762142140.707000,26,48,26,21,1762142140.287000,47,-3,1.042,TRUE,52,2025-11-03T09:25:41.629568,1762142140.904000,8,26,8,17,1762142140.372750,25,-25,1.002,TRUE,85.750,4378.004,FALSE,FALSE,FALSE,TRUE,FALSE,ECG samples:25
69,-19749.4,TRUE,52,2025-11-03T09:25:41.629568,1762142141.710000,26,49,26,22,1762142141.270000,48,-2,0.983,TRUE,53,2025-11-03T09:25:42.629567,1762142141.905000,8,26,8,17,1762142141.373750,25,-25,1.001,TRUE,103.750,4481.754,FALSE,FALSE,FALSE,TRUE,FALSE,ECG samples:25
70,-19748.3,TRUE,53,2025-11-03T09:25:42.629567,1762142142.711000,26,48,26,21,1762142142.291000,47,-3,1.021,TRUE,54,2025-11-03T09:25:43.629573,1762142142.907000,8,26,8,17,1762142142.375750,25,-25,1.002,TRUE,84.750,4566.504,FALSE,FALSE,FALSE,TRUE,FALSE,ECG samples:25
71,-19747.4,TRUE,54,2025-11-03T09:25:43.629573,1762142143.713000,26,49,26,22,1762142143.273000,48,-2,0.982,TRUE,55,2025-11-03T09:25:44.629544,1762142143.908000,8,26,8,17,1762142143.376750,25,-25,1.001,TRUE,103.750,4670.254,FALSE,FALSE,FALSE,TRUE,FALSE,ECG samples:25
72,-19746.4,TRUE,55,2025-11-03T09:25:44.629544,1762142144.715000,26,50,26,23,1762142144.255000,49,-1,0.982,TRUE,56,2025-11-03T09:25:45.629577,1762142144.909000,8,27,8,18,1762142144.346500,25,-25,0.970,TRUE,91.500,4761.755,FALSE,FALSE,FALSE,TRUE,FALSE,ECG samples:25
73,-19745.4,TRUE,56,2025-11-03T09:25:45.629577,1762142145.717000,26,49,26,22,1762142145.277000,48,-2,1.022,TRUE,57,2025-11-03T09:25:46.629571,1762142145.911000,7,26,7,18,1762142145.348500,25,-25,1.002,TRUE,71.500,4833.255,FALSE,FALSE,FALSE,TRUE,FALSE,ECG samples:25
74,-19744.4,TRUE,57,2025-11-03T09:25:46.629571,1762142146.718000,26,49,26,22,1762142146.278000,47,-3,1.001,TRUE,58,2025-11-03T09:25:47.629575,1762142146.913000,7,26,7,18,1762142146.350500,25,-25,1.002,TRUE,72.500,4905.755,FALSE,FALSE,FALSE,TRUE,FALSE,ECG samples:25
75,-19743.4,TRUE,58,2025-11-03T09:25:47.629575,1762142147.720000,25,49,25,23,1762142147.260000,48,-2,0.982,TRUE,59,2025-11-03T09:25:48.629577,1762142147.916000,7,26,7,18,1762142147.353500,25,-25,1.003,TRUE,93.500,4999.255,FALSE,FALSE,FALSE,TRUE,FALSE,ECG samples:25
76,-19742.4,TRUE,59,2025-11-03T09:25:48.629577,1762142148.722000,25,49,25,23,1762142148.262000,49,-1,1.002,TRUE,60,2025-11-03T09:25:49.629576,1762142148.917000,7,26,7,18,1762142148.354500,25,-25,1.001,TRUE,92.500,5091.755,FALSE,FALSE,FALSE,TRUE,FALSE,ECG samples:25
77,-19741.4,TRUE,60,2025-11-03T09:25:49.629576,1762142149.723000,26,50,26,23,1762142149.263000,48,-2,1.001,TRUE,61,2025-11-03T09:25:50.629575,1762142149.919000,7,26,7,18,1762142149.356500,25,-25,1.002,TRUE,93.500,5185.255,FALSE,FALSE,FALSE,TRUE,FALSE,ECG samples:25
78,-19740.4,TRUE,61,2025-11-03T09:25:50.629575,1762142150.724000,25,49,25,23,1762142150.264000,49,-1,1.001,TRUE,62,2025-11-03T09:25:51.629576,1762142150.921000,7,26,7,18,1762142150.358500,25,-25,1.002,TRUE,94.500,5279.755,FALSE,FALSE,FALSE,TRUE,FALSE,ECG samples:25
79,-19739.4,TRUE,62,2025-11-03T09:25:51.629576,1762142151.726000,26,50,26,23,1762142151.266000,48,-2,1.002,TRUE,63,2025-11-03T09:25:52.629568,1762142151.922000,7,26,7,18,1762142151.359500,25,-25,1.001,TRUE,93.500,5373.255,FALSE,FALSE,FALSE,TRUE,FALSE,ECG samples:25
80,-19738.4,TRUE,63,2025-11-03T09:25:52.629568,1762142152.727000,25,49,25,23,1762142152.267000,49,-1,1.001,TRUE,64,2025-11-03T09:25:53.629569,1762142152.923000,7,25,7,17,1762142152.391750,24,-26,1.032,TRUE,124.750,5498.005,FALSE,FALSE,FALSE,TRUE,FALSE,ECG samples:24
81,-19737.4,TRUE,64,2025-11-03T09:25:53.629569,1762142153.728000,26,50,26,23,1762142153.268000,49,-1,1.001,TRUE,65,2025-11-03T09:25:54.629578,1762142153.925000,7,26,7,18,1762142153.362500,25,-25,0.971,TRUE,94.500,5592.505,FALSE,FALSE,FALSE,TRUE,FALSE,ECG samples:25
82,-19736.3,TRUE,65,2025-11-03T09:25:54.629578,1762142154.730000,26,49,26,22,1762142154.290000,48,-2,1.022,TRUE,66,2025-11-03T09:25:55.629573,1762142154.927000,7,26,7,18,1762142154.364500,25,-25,1.002,TRUE,74.500,5667.005,FALSE,FALSE,FALSE,TRUE,FALSE,ECG samples:25
83,-19735.4,TRUE,66,2025-11-03T09:25:55.629573,1762142155.631000,26,45,26,18,1762142155.271000,47,-3,0.981,TRUE,67,2025-11-03T09:25:56.629576,1762142155.828000,7,23,7,15,1762142155.359250,25,-25,0.995,TRUE,88.250,5755.255,FALSE,FALSE,FALSE,TRUE,FALSE,ECG samples:25
84,-19734.4,TRUE,67,2025-11-03T09:25:56.629576,1762142156.633000,29,49,29,19,1762142156.253000,48,-2,0.982,TRUE,68,2025-11-03T09:25:57.629575,1762142156.829000,10,27,10,16,1762142156.329000,25,-25,0.970,TRUE,76.000,5831.255,FALSE,FALSE,FALSE,TRUE,FALSE,ECG samples:25
85,-19733.4,TRUE,68,2025-11-03T09:25:57.629575,1762142157.634000,29,49,29,19,1762142157.254000,48,-2,1.001,TRUE,69,2025-11-03T09:25:58.629577,1762142157.831000,9,26,9,16,1762142157.331000,25,-25,1.002,TRUE,77.000,5908.255,FALSE,FALSE,FALSE,TRUE,FALSE,ECG samples:25
86,-19732.4,TRUE,69,2025-11-03T09:25:58.629577,1762142158.636000,29,48,29,18,1762142158.276000,47,-3,1.022,TRUE,70,2025-11-03T09:25:59.629575,1762142158.832000,9,26,9,16,1762142158.332000,25,-25,1.001,TRUE,56.000,5964.255,FALSE,FALSE,FALSE,TRUE,FALSE,ECG samples:25
87,-19731.4,TRUE,70,2025-11-03T09:25:59.629575,1762142159.637000,29,48,29,18,1762142159.277000,47,-3,1.001,TRUE,71,2025-11-03T09:26:00.629571,1762142159.834000,9,26,9,16,1762142159.334000,25,-25,1.002,TRUE,57.000,6021.255,FALSE,FALSE,FALSE,TRUE,FALSE,ECG samples:25
88,-19730.4,TRUE,71,2025-11-03T09:26:00.629571,1762142160.639000,29,49,29,19,1762142160.259000,49,-1,0.982,TRUE,72,2025-11-03T09:26:01.629573,1762142160.835000,9,26,9,16,1762142160.335000,25,-25,1.001,TRUE,76.000,6097.255,FALSE,FALSE,FALSE,TRUE,FALSE,ECG samples:25
89,-19729.4,TRUE,72,2025-11-03T09:26:01.629573,1762142161.640000,30,50,30,19,1762142161.260000,49,-1,1.001,TRUE,73,2025-11-03T09:26:02.629577,1762142161.837000,9,26,9,16,1762142161.337000,26,-24,1.002,TRUE,77.000,6174.255,FALSE,FALSE,FALSE,TRUE,FALSE,ECG samples:26
90,-19728.4,TRUE,73,2025-11-03T09:26:02.629577,1762142162.641000,30,50,30,19,1762142162.261000,49,-1,1.001,TRUE,74,2025-11-03T09:26:03.629570,1762142162.839000,10,26,10,15,1762142162.370250,25,-25,1.033,TRUE,109.250,6283.505,FALSE,FALSE,FALSE,TRUE,FALSE,ECG samples:25
91,-19727.4,TRUE,74,2025-11-03T09:26:03.629570,1762142163.643000,30,50,30,19,1762142163.263000,48,-2,1.002,TRUE,75,2025-11-03T09:26:04.629574,1762142163.840000,10,26,10,15,1762142163.371250,25,-25,1.001,TRUE,108.250,6391.756,FALSE,FALSE,FALSE,TRUE,FALSE,ECG samples:25
92,-19726.4,TRUE,75,2025-11-03T09:26:04.629574,1762142164.645000,29,49,29,19,1762142164.265000,48,-2,1.002,TRUE,76,2025-11-03T09:26:05.629575,1762142164.841000,10,26,10,15,1762142164.372250,25,-25,1.001,TRUE,107.250,6499.006,FALSE,FALSE,FALSE,TRUE,FALSE,ECG samples:25
93,-19725.4,TRUE,76,2025-11-03T09:26:05.629575,1762142165.646000,29,49,29,19,1762142165.266000,48,-2,1.001,TRUE,77,2025-11-03T09:26:06.629568,1762142165.843000,10,26,10,15,1762142165.374250,25,-25,1.002,TRUE,108.250,6607.256,FALSE,FALSE,FALSE,TRUE,FALSE,ECG samples:25
94,-19724.4,TRUE,77,2025-11-03T09:26:06.629568,1762142166.649000,29,49,29,19,1762142166.269000,48,-2,1.003,TRUE,78,2025-11-03T09:26:07.629636,1762142166.845000,10,26,10,15,1762142166.376250,25,-25,1.002,TRUE,107.250,6714.506,FALSE,FALSE,FALSE,TRUE,FALSE,ECG samples:25
95,-19723.4,TRUE,78,2025-11-03T09:26:07.629636,1762142167.650000,29,50,29,20,1762142167.250000,49,-1,0.981,TRUE,79,2025-11-03T09:26:08.629577,1762142167.845000,10,26,10,15,1762142167.376250,25,-25,1.000,TRUE,126.250,6840.756,FALSE,FALSE,FALSE,TRUE,FALSE,ECG samples:25
96,-19722.3,TRUE,79,2025-11-03T09:26:08.629577,1762142168.651000,29,48,29,18,1762142168.291000,48,-2,1.041,TRUE,80,2025-11-03T09:26:09.629569,1762142168.847000,10,26,10,15,1762142168.378250,25,-25,1.002,TRUE,87.250,6928.006,FALSE,FALSE,FALSE,TRUE,FALSE,ECG samples:25
97,-19721.4,TRUE,80,2025-11-03T09:26:09.629569,1762142169.652000,30,50,30,19,1762142169.272000,48,-2,0.981,TRUE,81,2025-11-03T09:26:10.629574,1762142169.849000,10,26,10,15,1762142169.380250,25,-25,1.002,TRUE,108.250,7036.256,FALSE,FALSE,FALSE,TRUE,FALSE,ECG samples:25
98,-19720.4,TRUE,81,2025-11-03T09:26:10.629574,1762142170.656000,29,49,29,19,1762142170.276000,48,-2,1.004,TRUE,82,2025-11-03T09:26:11.629568,1762142170.849000,10,26,10,15,1762142170.380250,25,-25,1.000,TRUE,104.250,7140.506,FALSE,FALSE,FALSE,TRUE,FALSE,ECG samples:25
99,-19719.4,TRUE,82,2025-11-03T09:26:11.629568,1762142171.658000,29,49,29,19,1762142171.278000,47,-3,1.002,TRUE,83,2025-11-03T09:26:12.629570,1762142171.851000,10,26,10,15,1762142171.382250,25,-25,1.002,TRUE,104.250,7244.756,FALSE,FALSE,FALSE,TRUE,FALSE,ECG samples:25
100,-19718.4,TRUE,83,2025-11-03T09:26:12.629570,1762142172.660000,28,49,28,20,1762142172.260000,49,-1,0.982,TRUE,84,2025-11-03T09:26:13.629575,1762142172.852000,10,26,10,15,1762142172.383250,25,-25,1.001,TRUE,123.250,7368.006,FALSE,FALSE,FALSE,TRUE,FALSE,ECG samples:25
101,-19717.4,TRUE,84,2025-11-03T09:26:13.629575,1762142173.662000,29,50,29,20,1762142173.262000,49,-1,1.002,TRUE,85,2025-11-03T09:26:14.629570,1762142173.854000,10,26,10,15,1762142173.385250,25,-25,1.002,TRUE,123.250,7491.257,FALSE,FALSE,FALSE,TRUE,FALSE,ECG samples:25
102,-19716.3,TRUE,85,2025-11-03T09:26:14.629570,1762142174.664000,29,49,29,19,1762142174.284000,47,-3,1.022,TRUE,86,2025-11-03T09:26:15.629567,1762142174.855000,10,26,10,15,1762142174.386250,25,-25,1.001,TRUE,102.250,7593.507,FALSE,FALSE,FALSE,TRUE,FALSE,ECG samples:25
103,-19715.4,TRUE,86,2025-11-03T09:26:15.629567,1762142175.665000,28,49,28,20,1762142175.265000,49,-1,0.981,TRUE,87,2025-11-03T09:26:16.629571,1762142175.856000,10,26,10,15,1762142175.387250,25,-25,1.001,TRUE,122.250,7715.757,FALSE,FALSE,FALSE,TRUE,FALSE,ECG samples:25
104,-19714.3,TRUE,87,2025-11-03T09:26:16.629571,1762142176.666000,29,49,29,19,1762142176.286000,48,-2,1.021,TRUE,88,2025-11-03T09:26:17.629566,1762142176.858000,10,26,10,15,1762142176.389250,25,-25,1.002,TRUE,103.250,7819.007,FALSE,FALSE,FALSE,TRUE,FALSE,ECG samples:25
105,-19713.3,TRUE,88,2025-11-03T09:26:17.629566,1762142177.668000,29,49,29,19,1762142177.288000,48,-2,1.002,TRUE,89,2025-11-03T09:26:18.629569,1762142177.859000,10,26,10,15,1762142177.390250,25,-25,1.001,TRUE,102.250,7921.257,FALSE,FALSE,FALSE,TRUE,FALSE,ECG samples:25
106,-19712.3,TRUE,89,2025-11-03T09:26:18.629569,1762142178.669000,29,49,29,19,1762142178.289000,46,-4,1.001,TRUE,90,2025-11-03T09:26:19.629567,1762142178.861000,10,26,10,15,1762142178.392250,25,-25,1.002,TRUE,103.250,8024.508,FALSE,FALSE,FALSE,TRUE,FALSE,ECG samples:25
107,-19711.4,TRUE,90,2025-11-03T09:26:19.629567,1762142179.671000,27,48,27,20,1762142179.271000,48,-2,0.982,TRUE,91,2025-11-03T09:26:20.629563,1762142179.862000,10,26,10,15,1762142179.393250,25,-25,1.001,TRUE,122.250,8146.758,FALSE,FALSE,FALSE,TRUE,FALSE,ECG samples:25
108,-19710.4,TRUE,91,2025-11-03T09:26:20.629563,1762142180.672000,28,49,28,20,1762142180.272000,49,-1,1.001,TRUE,92,2025-11-03T09:26:21.629570,1762142180.863000,10,26,10,15,1762142180.394250,25,-25,1.001,TRUE,122.250,8269.008,FALSE,FALSE,FALSE,TRUE,FALSE,ECG samples:25
109,-19709.4,TRUE,92,2025-11-03T09:26:21.629570,1762142181.674000,29,50,29,20,1762142181.274000,48,-2,1.002,TRUE,93,2025-11-03T09:26:22.629570,1762142181.864000,10,26,10,15,1762142181.395250,25,-25,1.001,TRUE,121.250,8390.258,FALSE,FALSE,FALSE,TRUE,FALSE,ECG samples:25
110,-19708.3,TRUE,93,2025-11-03T09:26:22.629570,1762142182.677000,28,48,28,19,1762142182.297000,47,-3,1.023,TRUE,94,2025-11-03T09:26:23.629570,1762142182.865000,10,26,10,15,1762142182.396250,25,-25,1.001,TRUE,99.250,8489.508,FALSE,FALSE,FALSE,TRUE,FALSE,ECG samples:25
111,-19707.4,TRUE,94,2025-11-03T09:26:23.629570,1762142183.679000,28,49,28,20,1762142183.279000,48,-2,0.982,TRUE,95,2025-11-03T09:26:24.629566,1762142183.867000,10,26,10,15,1762142183.398250,25,-25,1.002,TRUE,119.250,8608.758,FALSE,FALSE,FALSE,TRUE,FALSE,ECG samples:25
112,-19706.4,TRUE,95,2025-11-03T09:26:24.629566,1762142184.681000,28,50,28,21,1762142184.261000,49,-1,0.982,TRUE,96,2025-11-03T09:26:25.629568,1762142184.868000,10,27,10,16,1762142184.368000,25,-25,0.970,TRUE,107.000,8715.758,FALSE,FALSE,FALSE,TRUE,FALSE,ECG samples:25
113,-19705.4,TRUE,96,2025-11-03T09:26:25.629568,1762142185.683000,28,50,28,21,1762142185.263000,48,-2,1.002,TRUE,97,2025-11-03T09:26:26.629566,1762142185.870000,9,26,9,16,1762142185.370000,25,-25,1.002,TRUE,107.000,8822.758,FALSE,FALSE,FALSE,TRUE,FALSE,ECG samples:25
114,-19704.3,TRUE,97,2025-11-03T09:26:26.629566,1762142186.684000,27,48,27,20,1762142186.284000,48,-2,1.021,TRUE,98,2025-11-03T09:26:27.629570,1762142186.871000,9,26,9,16,1762142186.371000,25,-25,1.001,TRUE,87.000,8909.758,FALSE,FALSE,FALSE,TRUE,FALSE,ECG samples:25
115,-19703.4,TRUE,98,2025-11-03T09:26:27.629570,1762142187.686000,28,50,28,21,1762142187.266000,48,-2,0.982,TRUE,99,2025-11-03T09:26:28.629565,1762142187.872000,9,26,9,16,1762142187.372000,25,-25,1.001,TRUE,106.000,9015.758,FALSE,FALSE,FALSE,TRUE,FALSE,ECG samples:25
116,-19702.4,TRUE,99,2025-11-03T09:26:28.629565,1762142188.687000,27,49,27,21,1762142188.267000,49,-1,1.001,TRUE,100,2025-11-03T09:26:29.629567,1762142188.874000,9,26,9,16,1762142188.374000,25,-25,1.002,TRUE,107.000,9122.758,FALSE,FALSE,FALSE,TRUE,FALSE,ECG samples:25
117,-19701.4,TRUE,100,2025-11-03T09:26:29.629567,1762142189.688000,28,50,28,21,1762142189.268000,48,-2,1.001,TRUE,101,2025-11-03T09:26:30.629567,1762142189.876000,9,26,9,16,1762142189.376000,25,-25,1.002,TRUE,108.000,9230.758,FALSE,FALSE,FALSE,TRUE,FALSE,ECG samples:25
118,-19700.3,TRUE,101,2025-11-03T09:26:30.629567,1762142190.691000,27,48,27,20,1762142190.291000,48,-2,1.023,TRUE,102,2025-11-03T09:26:31.629578,1762142190.877000,9,26,9,16,1762142190.377000,25,-25,1.001,TRUE,86.000,9316.759,FALSE,FALSE,FALSE,TRUE,FALSE,ECG samples:25
119,-19699.4,TRUE,102,2025-11-03T09:26:31.629578,1762142191.693000,28,51,28,22,1762142191.253000,50,+0,0.962,TRUE,103,2025-11-03T09:26:32.629568,1762142191.879000,9,26,9,16,1762142191.379000,25,-25,1.002,TRUE,126.000,9442.759,FALSE,FALSE,FALSE,TRUE,FALSE,ECG samples:25
120,-19698.3,TRUE,103,2025-11-03T09:26:32.629568,1762142192.694000,28,49,28,20,1762142192.294000,48,-2,1.041,TRUE,104,2025-11-03T09:26:33.629567,1762142192.880000,9,26,9,16,1762142192.380000,25,-25,1.001,TRUE,86.000,9528.759,FALSE,FALSE,FALSE,TRUE,FALSE,ECG samples:25
121,-19697.4,TRUE,104,2025-11-03T09:26:33.629567,1762142193.696000,28,50,28,21,1762142193.276000,47,-3,0.982,TRUE,105,2025-11-03T09:26:34.629569,1762142193.882000,9,26,9,16,1762142193.382000,25,-25,1.002,TRUE,106.000,9634.759,FALSE,FALSE,FALSE,TRUE,FALSE,ECG samples:25
122,-19696.4,TRUE,105,2025-11-03T09:26:34.629569,1762142194.697000,26,49,26,22,1762142194.257000,49,-1,0.981,TRUE,106,2025-11-03T09:26:35.629578,1762142194.883000,9,26,9,16,1762142194.383000,25,-25,1.001,TRUE,126.000,9760.759,FALSE,FALSE,FALSE,TRUE,FALSE,ECG samples:25
123,-19695.4,TRUE,106,2025-11-03T09:26:35.629578,1762142195.699000,27,49,27,21,1762142195.279000,49,-1,1.022,TRUE,107,2025-11-03T09:26:36.629575,1762142195.885000,9,26,9,16,1762142195.385000,25,-25,1.002,TRUE,106.000,9866.759,FALSE,FALSE,FALSE,TRUE,FALSE,ECG samples:25
124,-19694.3,TRUE,107,2025-11-03T09:26:36.629575,1762142196.700000,28,50,28,21,1762142196.280000,49,-1,1.001,TRUE,108,2025-11-03T09:26:37.629570,1762142196.886000,9,26,9,16,1762142196.386000,25,-25,1.001,TRUE,106.000,9972.759,FALSE,FALSE,FALSE,TRUE,FALSE,ECG samples:25
125,-19693.3,TRUE,108,2025-11-03T09:26:37.629570,1762142197.702000,28,50,28,21,1762142197.282000,48,-2,1.002,TRUE,109,2025-11-03T09:26:38.629569,1762142197.887000,9,26,9,16,1762142197.387000,25,-25,1.001,TRUE,105.000,10077.759,FALSE,FALSE,FALSE,TRUE,FALSE,ECG samples:25
126,-19692.4,TRUE,109,2025-11-03T09:26:38.629569,1762142198.704000,27,50,27,22,1762142198.264000,49,-1,0.982,TRUE,110,2025-11-03T09:26:39.629579,1762142198.889000,9,26,9,16,1762142198.389000,25,-25,1.002,TRUE,125.000,10202.759,FALSE,FALSE,FALSE,TRUE,FALSE,ECG samples:25
127,-19691.3,TRUE,110,2025-11-03T09:26:39.629579,1762142199.706000,27,49,27,21,1762142199.286000,48,-2,1.022,TRUE,111,2025-11-03T09:26:40.629572,1762142199.890000,9,26,9,16,1762142199.390000,25,-25,1.001,TRUE,104.000,10306.759,FALSE,FALSE,FALSE,TRUE,FALSE,ECG samples:25
128,-19690.3,TRUE,111,2025-11-03T09:26:40.629572,1762142200.707000,27,49,27,21,1762142200.287000,47,-3,1.001,TRUE,112,2025-11-03T09:26:41.629573,1762142200.892000,9,26,9,16,1762142200.392000,25,-25,1.002,TRUE,105.000,10411.759,FALSE,FALSE,FALSE,TRUE,FALSE,ECG samples:25
129,-19689.4,TRUE,112,2025-11-03T09:26:41.629573,1762142201.708000,26,49,26,22,1762142201.268000,48,-2,0.981,TRUE,113,2025-11-03T09:26:42.629574,1762142201.893000,9,26,9,16,1762142201.393000,25,-25,1.001,TRUE,125.000,10536.759,FALSE,FALSE,FALSE,TRUE,FALSE,ECG samples:25
130,-19688.4,TRUE,113,2025-11-03T09:26:42.629574,1762142202.710000,26,49,26,22,1762142202.270000,48,-2,1.002,TRUE,114,2025-11-03T09:26:43.629580,1762142202.894000,9,26,9,16,1762142202.394000,25,-25,1.001,TRUE,124.000,10660.759,FALSE,FALSE,FALSE,TRUE,FALSE,ECG samples:25
131,-19687.4,TRUE,114,2025-11-03T09:26:43.629580,1762142203.712000,26,49,26,22,1762142203.272000,48,-2,1.002,TRUE,115,2025-11-03T09:26:44.629575,1762142203.895000,9,26,9,16,1762142203.395000,25,-25,1.001,TRUE,123.000,10783.759,FALSE,FALSE,FALSE,TRUE,FALSE,ECG samples:25
132,-19686.4,TRUE,115,2025-11-03T09:26:44.629575,1762142204.713000,26,49,26,22,1762142204.273000,48,-2,1.001,TRUE,116,2025-11-03T09:26:45.629574,1762142204.897000,9,26,9,16,1762142204.397000,25,-25,1.002,TRUE,124.000,10907.759,FALSE,FALSE,FALSE,TRUE,FALSE,ECG samples:25
133,-19685.4,TRUE,116,2025-11-03T09:26:45.629574,1762142205.714000,26,49,26,22,1762142205.274000,48,-2,1.001,TRUE,117,2025-11-03T09:26:46.629571,1762142205.898000,9,26,9,16,1762142205.398000,25,-25,1.001,TRUE,124.000,11031.760,FALSE,FALSE,FALSE,TRUE,FALSE,ECG samples:25
134,-19684.4,TRUE,117,2025-11-03T09:26:46.629571,1762142206.715000,26,49,26,22,1762142206.275000,47,-3,1.001,TRUE,118,2025-11-03T09:26:47.629575,1762142206.899000,9,26,9,16,1762142206.399000,25,-25,1.001,TRUE,124.000,11155.760,FALSE,FALSE,FALSE,TRUE,FALSE,ECG samples:25
135,-19683.4,TRUE,118,2025-11-03T09:26:47.629575,1762142207.717000,25,48,25,22,1762142207.277000,48,-2,1.002,TRUE,119,2025-11-03T09:26:48.629569,1762142207.901000,9,26,9,16,1762142207.401000,25,-25,1.002,TRUE,124.000,11279.760,FALSE,FALSE,FALSE,TRUE,FALSE,ECG samples:25
136,-19682.3,TRUE,119,2025-11-03T09:26:48.629569,1762142208.720000,26,49,26,22,1762142208.280000,48,-2,1.003,TRUE,120,2025-11-03T09:26:49.629576,1762142208.902000,9,26,9,16,1762142208.402000,25,-25,1.001,TRUE,122.000,11401.760,FALSE,FALSE,FALSE,TRUE,FALSE,ECG samples:25
137,-19681.3,TRUE,120,2025-11-03T09:26:49.629576,1762142209.721000,26,49,26,22,1762142209.281000,49,-1,1.001,TRUE,121,2025-11-03T09:26:50.629640,1762142209.904000,9,26,9,16,1762142209.404000,25,-25,1.002,TRUE,123.000,11524.760,FALSE,FALSE,FALSE,TRUE,FALSE,ECG samples:25
138,-19680.3,TRUE,121,2025-11-03T09:26:50.629640,1762142210.723000,27,50,27,22,1762142210.283000,48,-2,1.002,TRUE,122,2025-11-03T09:26:51.629619,1762142210.906000,9,26,9,16,1762142210.406000,25,-25,1.002,TRUE,123.000,11647.760,FALSE,FALSE,FALSE,TRUE,FALSE,ECG samples:25
139,-19679.3,TRUE,122,2025-11-03T09:26:51.629619,1762142211.724000,26,49,26,22,1762142211.284000,48,-2,1.001,TRUE,123,2025-11-03T09:26:52.629577,1762142211.907000,9,27,9,17,1762142211.375750,25,-25,0.970,TRUE,91.750,11739.510,FALSE,FALSE,FALSE,TRUE,FALSE,ECG samples:25
140,-19678.3,TRUE,123,2025-11-03T09:26:52.629577,1762142212.726000,26,49,26,22,1762142212.286000,48,-2,1.002,TRUE,124,2025-11-03T09:26:53.629573,1762142212.909000,8,26,8,17,1762142212.377750,25,-25,1.002,TRUE,91.750,11831.260,FALSE,FALSE,FALSE,TRUE,FALSE,ECG samples:25
141,-19677.3,TRUE,124,2025-11-03T09:26:53.629573,1762142213.727000,26,48,26,21,1762142213.307000,47,-3,1.021,TRUE,125,2025-11-03T09:26:54.629571,1762142213.910000,8,26,8,17,1762142213.378750,25,-25,1.001,TRUE,71.750,11903.010,FALSE,FALSE,FALSE,TRUE,FALSE,ECG samples:25
142,-19676.4,TRUE,125,2025-11-03T09:26:54.629571,1762142214.729000,26,50,26,23,1762142214.269000,49,-1,0.962,TRUE,126,2025-11-03T09:26:55.629574,1762142214.911000,8,26,8,17,1762142214.379750,25,-25,1.001,TRUE,110.750,12013.760,FALSE,FALSE,FALSE,TRUE,FALSE,ECG samples:25
143,-19675.4,TRUE,126,2025-11-03T09:26:55.629574,1762142215.631000,26,45,26,18,1762142215.271000,47,-3,1.002,TRUE,127,2025-11-03T09:26:56.629572,1762142215.812000,8,23,8,14,1762142215.374500,25,-25,0.995,TRUE,103.500,12117.260,FALSE,FALSE,FALSE,TRUE,FALSE,ECG samples:25
144,-19674.4,TRUE,127,2025-11-03T09:26:56.629572,1762142216.632000,29,48,29,18,1762142216.272000,48,-2,1.001,TRUE,128,2025-11-03T09:26:57.629568,1762142216.814000,11,26,11,14,1762142216.376500,25,-25,1.002,TRUE,104.500,12221.760,FALSE,FALSE,FALSE,TRUE,FALSE,ECG samples:25
145,-19673.4,TRUE,128,2025-11-03T09:26:57.629568,1762142217.634000,30,49,30,18,1762142217.274000,48,-2,1.002,TRUE,129,2025-11-03T09:26:58.629569,1762142217.816000,11,26,11,14,1762142217.378500,25,-25,1.002,TRUE,104.500,12326.259,FALSE,FALSE,FALSE,TRUE,FALSE,ECG samples:25
146,-19672.4,TRUE,129,2025-11-03T09:26:58.629569,1762142218.636000,30,49,30,18,1762142218.276000,49,-1,1.002,TRUE,130,2025-11-03T09:26:59.629569,1762142218.817000,11,26,11,14,1762142218.379500,25,-25,1.001,TRUE,103.500,12429.759,FALSE,FALSE,FALSE,TRUE,FALSE,ECG samples:25
147,-19671.4,TRUE,130,2025-11-03T09:26:59.629569,1762142219.637000,31,50,31,18,1762142219.277000,49,-1,1.001,TRUE,131,2025-11-03T09:27:00.629578,1762142219.819000,11,26,11,14,1762142219.381500,25,-25,1.002,TRUE,104.500,12534.259,FALSE,FALSE,FALSE,TRUE,FALSE,ECG samples:25
148,-19670.3,TRUE,131,2025-11-03T09:27:00.629578,1762142220.638000,31,49,31,17,1762142220.298000,48,-2,1.021,TRUE,132,2025-11-03T09:27:01.629578,1762142220.820000,11,26,11,14,1762142220.382500,25,-25,1.001,TRUE,84.500,12618.759,FALSE,FALSE,FALSE,TRUE,FALSE,ECG samples:25
149,-19669.3,TRUE,132,2025-11-03T09:27:01.629578,1762142221.640000,31,50,31,18,1762142221.280000,48,-2,0.982,TRUE,133,2025-11-03T09:27:02.629569,1762142221.821000,11,26,11,14,1762142221.383500,25,-25,1.001,TRUE,103.500,12722.259,FALSE,FALSE,FALSE,TRUE,FALSE,ECG samples:25
150,-19668.3,TRUE,133,2025-11-03T09:27:02.629569,1762142222.641000,30,48,30,17,1762142222.301000,47,-3,1.021,TRUE,134,2025-11-03T09:27:03.629577,1762142222.823000,11,26,11,14,1762142222.385500,25,-25,1.002,TRUE,84.500,12806.759,FALSE,FALSE,FALSE,TRUE,FALSE,ECG samples:25
151,-19667.3,TRUE,134,2025-11-03T09:27:03.629577,1762142223.643000,30,49,30,18,1762142223.283000,49,-1,0.982,TRUE,135,2025-11-03T09:27:04.629569,1762142223.824000,11,26,11,14,1762142223.386500,25,-25,1.001,TRUE,103.500,12910.259,FALSE,FALSE,FALSE,TRUE,FALSE,ECG samples:25
152,-19666.3,TRUE,135,2025-11-03T09:27:04.629569,1762142224.646000,31,50,31,18,1762142224.286000,48,-2,1.003,TRUE,136,2025-11-03T09:27:05.629577,1762142224.825000,11,26,11,14,1762142224.387500,25,-25,1.001,TRUE,101.500,13011.759,FALSE,FALSE,FALSE,TRUE,FALSE,ECG samples:25
153,-19665.4,TRUE,136,2025-11-03T09:27:05.629577,1762142225.648000,30,50,30,19,1762142225.268000,49,-1,0.982,TRUE,137,2025-11-03T09:27:06.629569,1762142225.827000,11,27,11,15,1762142225.358250,25,-25,0.971,TRUE,90.250,13102.009,FALSE,FALSE,FALSE,TRUE,FALSE,ECG samples:25
154,-19664.3,TRUE,137,2025-11-03T09:27:06.629569,1762142226.649000,30,49,30,18,1762142226.289000,47,-3,1.021,TRUE,138,2025-11-03T09:27:07.629579,1762142226.828000,10,26,10,15,1762142226.359250,25,-25,1.001,TRUE,70.250,13172.259,FALSE,FALSE,FALSE,TRUE,FALSE,ECG samples:25
155,-19663.3,TRUE,138,2025-11-03T09:27:07.629579,1762142227.650000,29,48,29,18,1762142227.290000,48,-2,1.001,TRUE,139,2025-11-03T09:27:08.629590,1762142227.830000,10,26,10,15,1762142227.361250,25,-25,1.002,TRUE,71.250,13243.508,FALSE,FALSE,FALSE,TRUE,FALSE,ECG samples:25
156,-19662.3,TRUE,139,2025-11-03T09:27:08.629590,1762142228.652000,30,49,30,18,1762142228.292000,48,-2,1.002,TRUE,140,2025-11-03T09:27:09.629572,1762142228.831000,10,26,10,15,1762142228.362250,25,-25,1.001,TRUE,70.250,13313.758,FALSE,FALSE,FALSE,TRUE,FALSE,ECG samples:25
157,-19661.4,TRUE,140,2025-11-03T09:27:09.629572,1762142229.654000,30,50,30,19,1762142229.274000,49,-1,0.982,TRUE,141,2025-11-03T09:27:10.629576,1762142229.833000,10,25,10,14,1762142229.395500,24,-26,1.033,TRUE,121.500,13435.258,FALSE,FALSE,FALSE,TRUE,FALSE,ECG samples:24
158,-19660.3,TRUE,141,2025-11-03T09:27:10.629576,1762142230.655000,30,49,30,18,1762142230.295000,48,-2,1.021,TRUE,142,2025-11-03T09:27:11.629572,1762142230.834000,10,26,10,15,1762142230.365250,25,-25,0.970,TRUE,70.250,13505.508,FALSE,FALSE,FALSE,TRUE,FALSE,ECG samples:25
159,-19659.3,TRUE,142,2025-11-03T09:27:11.629572,1762142231.656000,30,49,30,18,1762142231.296000,48,-2,1.001,TRUE,143,2025-11-03T09:27:12.629571,1762142231.836000,10,26,10,15,1762142231.367250,25,-25,1.002,TRUE,71.250,13576.758,FALSE,FALSE,FALSE,TRUE,FALSE,ECG samples:25
160,-19658.3,TRUE,143,2025-11-03T09:27:12.629571,1762142232.657000,30,49,30,18,1762142232.297000,48,-2,1.001,TRUE,144,2025-11-03T09:27:13.629572,1762142232.837000,10,26,10,15,1762142232.368250,24,-26,1.001,TRUE,71.250,13648.008,FALSE,FALSE,FALSE,TRUE,FALSE,ECG samples:24
161,-19657.3,TRUE,144,2025-11-03T09:27:13.629572,1762142233.659000,30,48,30,17,1762142233.319000,47,-3,1.022,TRUE,145,2025-11-03T09:27:14.629570,1762142233.839000,9,25,9,15,1762142233.370250,25,-25,1.002,TRUE,51.250,13699.258,FALSE,FALSE,FALSE,TRUE,FALSE,ECG samples:25
162,-19656.3,TRUE,145,2025-11-03T09:27:14.629570,1762142234.661000,30,50,30,19,1762142234.281000,49,-1,0.962,TRUE,146,2025-11-03T09:27:15.629568,1762142234.840000,10,26,10,15,1762142234.371250,25,-25,1.001,TRUE,90.250,13789.508,FALSE,FALSE,FALSE,TRUE,FALSE,ECG samples:25
163,-19655.3,TRUE,146,2025-11-03T09:27:15.629568,1762142235.663000,30,49,30,18,1762142235.303000,48,-2,1.022,TRUE,147,2025-11-03T09:27:16.629580,1762142235.842000,10,26,10,15,1762142235.373250,25,-25,1.002,TRUE,70.250,13859.758,FALSE,FALSE,FALSE,TRUE,FALSE,ECG samples:25
164,-19654.3,TRUE,147,2025-11-03T09:27:16.629580,1762142236.664000,30,50,30,19,1762142236.284000,48,-2,0.981,TRUE,148,2025-11-03T09:27:17.629573,1762142236.843000,10,26,10,15,1762142236.374250,25,-25,1.001,TRUE,90.250,13950.008,FALSE,FALSE,FALSE,TRUE,FALSE,ECG samples:25
165,-19653.3,TRUE,148,2025-11-03T09:27:17.629573,1762142237.666000,29,49,29,19,1762142237.286000,48,-2,1.002,TRUE,149,2025-11-03T09:27:18.629579,1762142237.845000,10,26,10,15,1762142237.376250,25,-25,1.002,TRUE,90.250,14040.258,FALSE,FALSE,FALSE,TRUE,FALSE,ECG samples:25
166,-19652.3,TRUE,149,2025-11-03T09:27:18.629579,1762142238.667000,29,49,29,19,1762142238.287000,48,-2,1.001,TRUE,150,2025-11-03T09:27:19.629580,1762142238.846000,10,26,10,15,1762142238.377250,25,-25,1.001,TRUE,90.250,14130.508,FALSE,FALSE,FALSE,TRUE,FALSE,ECG samples:25
167,-19651.3,TRUE,150,2025-11-03T09:27:19.629580,1762142239.669000,29,49,29,19,1762142239.289000,48,-2,1.002,TRUE,151,2025-11-03T09:27:20.629575,1762142239.848000,10,26,10,15,1762142239.379250,25,-25,1.002,TRUE,90.250,14220.758,FALSE,FALSE,FALSE,TRUE,FALSE,ECG samples:25
168,-19650.4,TRUE,151,2025-11-03T09:27:20.629575,1762142240.670000,29,50,29,20,1762142240.270000,49,-1,0.981,TRUE,152,2025-11-03T09:27:21.629570,1762142240.850000,10,26,10,15,1762142240.381250,25,-25,1.002,TRUE,111.250,14332.008,FALSE,FALSE,FALSE,TRUE,FALSE,ECG samples:25
169,-19649.3,TRUE,152,2025-11-03T09:27:21.629570,1762142241.672000,29,49,29,19,1762142241.292000,49,-1,1.022,TRUE,153,2025-11-03T09:27:22.629579,1762142241.851000,10,26,10,15,1762142241.382250,25,-25,1.001,TRUE,90.250,14422.259,FALSE,FALSE,FALSE,TRUE,FALSE,ECG samples:25
170,-19648.3,TRUE,153,2025-11-03T09:27:22.629579,1762142242.673000,30,49,30,18,1762142242.313000,47,-3,1.021,TRUE,154,2025-11-03T09:27:23.629572,1762142242.853000,10,26,10,15,1762142242.384250,25,-25,1.002,TRUE,71.250,14493.508,FALSE,FALSE,FALSE,TRUE,FALSE,ECG samples:25
171,-19647.3,TRUE,154,2025-11-03T09:27:23.629572,1762142243.676000,29,49,29,19,1762142243.296000,49,-1,0.983,TRUE,155,2025-11-03T09:27:24.629575,1762142243.854000,10,26,10,15,1762142243.385250,25,-25,1.001,TRUE,89.250,14582.758,FALSE,FALSE,FALSE,TRUE,FALSE,ECG samples:25
172,-19646.3,TRUE,155,2025-11-03T09:27:24.629575,1762142244.677000,30,50,30,19,1762142244.297000,49,-1,1.001,TRUE,156,2025-11-03T09:27:25.629593,1762142244.855000,10,26,10,15,1762142244.386250,25,-25,1.001,TRUE,89.250,14672.009,FALSE,FALSE,FALSE,TRUE,FALSE,ECG samples:25
173,-19645.3,TRUE,156,2025-11-03T09:27:25.629593,1762142245.678000,30,50,30,19,1762142245.298000,48,-2,1.001,TRUE,157,2025-11-03T09:27:26.629572,1762142245.857000,10,26,10,15,1762142245.388250,25,-25,1.002,TRUE,90.250,14762.259,FALSE,FALSE,FALSE,TRUE,FALSE,ECG samples:25
174,-19644.3,TRUE,157,2025-11-03T09:27:26.629572,1762142246.680000,29,49,29,19,1762142246.300000,48,-2,1.002,TRUE,158,2025-11-03T09:27:27.629575,1762142246.858000,10,26,10,15,1762142246.389250,25,-25,1.001,TRUE,89.250,14851.509,FALSE,FALSE,FALSE,TRUE,FALSE,ECG samples:25
175,-19643.3,TRUE,158,2025-11-03T09:27:27.629575,1762142247.681000,29,49,29,19,1762142247.301000,48,-2,1.001,TRUE,159,2025-11-03T09:27:28.629575,1762142247.859000,10,26,10,15,1762142247.390250,25,-25,1.001,TRUE,89.250,14940.759,FALSE,FALSE,FALSE,TRUE,FALSE,ECG samples:25
176,-19642.3,TRUE,159,2025-11-03T09:27:28.629575,1762142248.683000,29,49,29,19,1762142248.303000,48,-2,1.002,TRUE,160,2025-11-03T09:27:29.629573,1762142248.860000,10,26,10,15,1762142248.391250,25,-25,1.001,TRUE,88.250,15029.009,FALSE,FALSE,FALSE,TRUE,FALSE,ECG samples:25
177,-19641.3,TRUE,160,2025-11-03T09:27:29.629573,1762142249.684000,29,49,29,19,1762142249.304000,48,-2,1.001,TRUE,161,2025-11-03T09:27:30.629577,1762142249.861000,10,26,10,15,1762142249.392250,25,-25,1.001,TRUE,88.250,15117.259,FALSE,FALSE,FALSE,TRUE,FALSE,ECG samples:25
178,-19640.3,TRUE,161,2025-11-03T09:27:30.629577,1762142250.686000,29,49,29,19,1762142250.306000,48,-2,1.002,TRUE,162,2025-11-03T09:27:31.629573,1762142250.863000,10,26,10,15,1762142250.394250,25,-25,1.002,TRUE,88.250,15205.509,FALSE,FALSE,FALSE,TRUE,FALSE,ECG samples:25
179,-19639.3,TRUE,162,2025-11-03T09:27:31.629573,1762142251.687000,29,50,29,20,1762142251.287000,49,-1,0.981,TRUE,163,2025-11-03T09:27:32.629573,1762142251.865000,10,26,10,15,1762142251.396250,25,-25,1.002,TRUE,109.250,15314.759,FALSE,FALSE,FALSE,TRUE,FALSE,ECG samples:25
180,-19638.3,TRUE,163,2025-11-03T09:27:32.629573,1762142252.689000,29,49,29,19,1762142252.309000,47,-3,1.022,TRUE,164,2025-11-03T09:27:33.629573,1762142252.866000,10,27,10,16,1762142252.366000,25,-25,0.970,TRUE,57.000,15371.759,FALSE,FALSE,FALSE,TRUE,FALSE,ECG samples:25
181,-19637.3,TRUE,164,2025-11-03T09:27:33.629573,1762142253.690000,28,48,28,19,1762142253.310000,47,-3,1.001,TRUE,165,2025-11-03T09:27:34.629573,1762142253.868000,9,26,9,16,1762142253.368000,25,-25,1.002,TRUE,58.000,15429.759,FALSE,FALSE,FALSE,TRUE,FALSE,ECG samples:25
182,-19636.3,TRUE,165,2025-11-03T09:27:34.629573,1762142254.692000,28,49,28,20,1762142254.292000,48,-2,0.982,TRUE,166,2025-11-03T09:27:35.629570,1762142254.870000,9,26,9,16,1762142254.370000,25,-25,1.002,TRUE,78.000,15507.759,FALSE,FALSE,FALSE,TRUE,FALSE,ECG samples:25
183,-19635.3,TRUE,166,2025-11-03T09:27:35.629570,1762142255.694000,28,49,28,20,1762142255.294000,48,-2,1.002,TRUE,167,2025-11-03T09:27:36.629571,1762142255.871000,9,26,9,16,1762142255.371000,25,-25,1.001,TRUE,77.000,15584.759,FALSE,FALSE,FALSE,TRUE,FALSE,ECG samples:25
184,-19634.3,TRUE,167,2025-11-03T09:27:36.629571,1762142256.695000,28,49,28,20,1762142256.295000,48,-2,1.001,TRUE,168,2025-11-03T09:27:37.629570,1762142256.873000,9,26,9,16,1762142256.373000,25,-25,1.002,TRUE,78.000,15662.760,FALSE,FALSE,FALSE,TRUE,FALSE,ECG samples:25
185,-19633.3,TRUE,168,2025-11-03T09:27:37.629570,1762142257.697000,28,49,28,20,1762142257.297000,49,-1,1.002,TRUE,169,2025-11-03T09:27:38.629565,1762142257.874000,9,26,9,16,1762142257.374000,25,-25,1.001,TRUE,77.000,15739.760,FALSE,FALSE,FALSE,TRUE,FALSE,ECG samples:25
186,-19632.3,TRUE,169,2025-11-03T09:27:38.629565,1762142258.698000,29,50,29,20,1762142258.298000,48,-2,1.001,TRUE,170,2025-11-03T09:27:39.629565,1762142258.876000,9,26,9,16,1762142258.376000,25,-25,1.002,TRUE,78.000,15817.760,FALSE,FALSE,FALSE,TRUE,FALSE,ECG samples:25
187,-19631.3,TRUE,170,2025-11-03T09:27:39.629565,1762142259.700000,28,50,28,21,1762142259.280000,49,-1,0.982,TRUE,171,2025-11-03T09:27:40.629571,1762142259.877000,9,26,9,16,1762142259.377000,25,-25,1.001,TRUE,97.000,15914.760,FALSE,FALSE,FALSE,TRUE,FALSE,ECG samples:25
188,-19630.3,TRUE,171,2025-11-03T09:27:40.629571,1762142260.701000,28,48,28,19,1762142260.321000,45,-5,1.041,TRUE,172,2025-11-03T09:27:41.629568,1762142260.878000,9,26,9,16,1762142260.378000,25,-25,1.001,TRUE,57.000,15971.760,FALSE,FALSE,FALSE,TRUE,FALSE,ECG samples:25
189,-19629.3,TRUE,172,2025-11-03T09:27:41.629568,1762142261.703000,26,48,26,21,1762142261.283000,49,-1,0.962,TRUE,173,2025-11-03T09:27:42.629564,1762142261.880000,9,26,9,16,1762142261.380000,25,-25,1.002,TRUE,97.000,16068.760,FALSE,FALSE,FALSE,TRUE,FALSE,ECG samples:25
190,-19628.3,TRUE,173,2025-11-03T09:27:42.629564,1762142262.705000,28,49,28,20,1762142262.305000,47,-3,1.022,TRUE,174,2025-11-03T09:27:43.629568,1762142262.881000,9,26,9,16,1762142262.381000,25,-25,1.001,TRUE,76.000,16144.760,FALSE,FALSE,FALSE,TRUE,FALSE,ECG samples:25
191,-19627.3,TRUE,174,2025-11-03T09:27:43.629568,1762142263.706000,27,49,27,21,1762142263.286000,49,-1,0.981,TRUE,175,2025-11-03T09:27:44.629570,1762142263.882000,9,26,9,16,1762142263.382000,25,-25,1.001,TRUE,96.000,16240.760,FALSE,FALSE,FALSE,TRUE,FALSE,ECG samples:25
192,-19626.3,TRUE,175,2025-11-03T09:27:44.629570,1762142264.709000,28,49,28,20,1762142264.309000,48,-2,1.023,TRUE,176,2025-11-03T09:27:45.629568,1762142264.884000,9,26,9,16,1762142264.384000,25,-25,1.002,TRUE,75.000,16315.760,FALSE,FALSE,FALSE,TRUE,FALSE,ECG samples:25
193,-19625.3,TRUE,176,2025-11-03T09:27:45.629568,1762142265.711000,28,48,28,19,1762142265.331000,47,-3,1.022,TRUE,177,2025-11-03T09:27:46.629574,1762142265.885000,9,26,9,16,1762142265.385000,25,-25,1.001,TRUE,54.000,16369.761,FALSE,FALSE,FALSE,TRUE,FALSE,ECG samples:25
194,-19624.3,TRUE,177,2025-11-03T09:27:46.629574,1762142266.713000,28,50,28,21,1762142266.293000,48,-2,0.962,TRUE,178,2025-11-03T09:27:47.629585,1762142266.886000,9,26,9,16,1762142266.386000,25,-25,1.001,TRUE,93.000,16462.760,FALSE,FALSE,FALSE,TRUE,FALSE,ECG samples:25
195,-19623.3,TRUE,178,2025-11-03T09:27:47.629585,1762142267.715000,27,48,27,20,1762142267.315000,47,-3,1.022,TRUE,179,2025-11-03T09:27:48.629575,1762142267.887000,9,26,9,16,1762142267.387000,25,-25,1.001,TRUE,72.000,16534.761,FALSE,FALSE,FALSE,TRUE,FALSE,ECG samples:25
196,-19622.4,TRUE,179,2025-11-03T09:27:48.629575,1762142268.717000,27,50,27,22,1762142268.277000,48,-2,0.962,TRUE,180,2025-11-03T09:27:49.629567,1762142268.889000,9,26,9,16,1762142268.389000,26,-24,1.002,TRUE,112.000,16646.761,FALSE,FALSE,FALSE,TRUE,FALSE,ECG samples:26
197,-19621.3,TRUE,180,2025-11-03T09:27:49.629567,1762142269.721000,26,49,26,22,1762142269.281000,49,-1,1.004,TRUE,181,2025-11-03T09:27:50.629570,1762142269.890000,10,26,10,15,1762142269.421250,25,-25,1.032,TRUE,140.250,16787.011,FALSE,FALSE,FALSE,TRUE,FALSE,ECG samples:25
198,-19620.3,TRUE,181,2025-11-03T09:27:50.629570,1762142270.723000,27,49,27,21,1762142270.303000,49,-1,1.022,TRUE,182,2025-11-03T09:27:51.629574,1762142270.892000,10,26,10,15,1762142270.423250,25,-25,1.002,TRUE,120.250,16907.261,FALSE,FALSE,FALSE,TRUE,FALSE,ECG samples:25
199,-19619.3,TRUE,182,2025-11-03T09:27:51.629574,1762142271.725000,28,49,28,20,1762142271.325000,47,-3,1.022,TRUE,183,2025-11-03T09:27:52.629577,1762142271.893000,10,26,10,15,1762142271.424250,25,-25,1.001,TRUE,99.250,17006.511,FALSE,FALSE,FALSE,TRUE,FALSE,ECG samples:25
200,-19618.3,TRUE,183,2025-11-03T09:27:52.629577,1762142272.728000,27,49,27,21,1762142272.308000,48,-2,0.983,TRUE,184,2025-11-03T09:27:53.629574,1762142272.895000,10,26,10,15,1762142272.426250,25,-25,1.002,TRUE,118.250,17124.761,FALSE,FALSE,FALSE,TRUE,FALSE,ECG samples:25
201,-19617.3,TRUE,184,2025-11-03T09:27:53.629574,1762142273.630000,27,44,27,16,1762142273.310000,47,-3,1.002,TRUE,185,2025-11-03T09:27:54.629580,1762142273.797000,10,24,10,13,1762142273.390750,25,-25,0.964,TRUE,80.750,17205.511,FALSE,FALSE,FALSE,TRUE,FALSE,ECG samples:25
202,-19616.3,TRUE,185,2025-11-03T09:27:54.629580,1762142274.632000,31,49,31,17,1762142274.292000,48,-2,0.982,TRUE,186,2025-11-03T09:27:55.629573,1762142274.798000,12,26,12,13,1762142274.391750,25,-25,1.001,TRUE,99.750,17305.261,FALSE,FALSE,FALSE,TRUE,FALSE,ECG samples:25
203,-19615.3,TRUE,186,2025-11-03T09:27:55.629573,1762142275.633000,31,47,31,15,1762142275.333000,46,-4,1.041,TRUE,187,2025-11-03T09:27:56.629572,1762142275.799000,12,26,12,13,1762142275.392750,25,-25,1.001,TRUE,59.750,17365.011,FALSE,FALSE,FALSE,TRUE,FALSE,ECG samples:25
204,-19614.3,TRUE,187,2025-11-03T09:27:56.629572,1762142276.635000,31,49,31,17,1762142276.295000,48,-2,0.962,TRUE,188,2025-11-03T09:27:57.629574,1762142276.801000,12,26,12,13,1762142276.394750,25,-25,1.002,TRUE,99.750,17464.761,FALSE,FALSE,FALSE,TRUE,FALSE,ECG samples:25
205,-19613.3,TRUE,188,2025-11-03T09:27:57.629574,1762142277.636000,31,49,31,17,1762142277.296000,48,-2,1.001,TRUE,189,2025-11-03T09:27:58.629569,1762142277.803000,12,26,12,13,1762142277.396750,25,-25,1.002,TRUE,100.750,17565.511,FALSE,FALSE,FALSE,TRUE,FALSE,ECG samples:25
206,-19612.3,TRUE,189,2025-11-03T09:27:58.629569,1762142278.638000,31,49,31,17,1762142278.298000,49,-1,1.002,TRUE,190,2025-11-03T09:27:59.629569,1762142278.805000,12,26,12,13,1762142278.398750,25,-25,1.002,TRUE,100.750,17666.261,FALSE,FALSE,FALSE,TRUE,FALSE,ECG samples:25
207,-19611.3,TRUE,190,2025-11-03T09:27:59.629569,1762142279.640000,32,50,32,17,1762142279.300000,48,-2,1.002,TRUE,191,2025-11-03T09:28:00.629574,1762142279.806000,12,26,12,13,1762142279.399750,25,-25,1.001,TRUE,99.750,17766.011,FALSE,FALSE,FALSE,TRUE,FALSE,ECG samples:25
208,-19610.3,TRUE,191,2025-11-03T09:28:00.629574,1762142280.642000,31,49,31,17,1762142280.302000,48,-2,1.002,TRUE,192,2025-11-03T09:28:01.629583,1762142280.807000,12,26,12,13,1762142280.400750,25,-25,1.001,TRUE,98.750,17864.761,FALSE,FALSE,FALSE,TRUE,FALSE,ECG samples:25
209,-19609.3,TRUE,192,2025-11-03T09:28:01.629583,1762142281.644000,31,48,31,16,1762142281.324000,47,-3,1.022,TRUE,193,2025-11-03T09:28:02.629569,1762142281.809000,12,26,12,13,1762142281.402750,25,-25,1.002,TRUE,78.750,17943.511,FALSE,FALSE,FALSE,TRUE,FALSE,ECG samples:25
210,-19608.3,TRUE,193,2025-11-03T09:28:02.629569,1762142282.645000,31,50,31,18,1762142282.285000,49,-1,0.961,TRUE,194,2025-11-03T09:28:03.629633,1762142282.810000,12,26,12,13,1762142282.403750,25,-25,1.001,TRUE,118.750,18062.260,FALSE,FALSE,FALSE,TRUE,FALSE,ECG samples:25
211,-19607.3,TRUE,194,2025-11-03T09:28:03.629633,1762142283.648000,31,49,31,17,1762142283.308000,48,-2,1.023,TRUE,195,2025-11-03T09:28:04.629586,1762142283.811000,12,26,12,13,1762142283.404750,25,-25,1.001,TRUE,96.750,18159.010,FALSE,FALSE,FALSE,TRUE,FALSE,ECG samples:25
212,-19606.3,TRUE,195,2025-11-03T09:28:04.629586,1762142284.650000,31,49,31,17,1762142284.310000,48,-2,1.002,TRUE,196,2025-11-03T09:28:05.629570,1762142284.812000,12,26,12,13,1762142284.405750,25,-25,1.001,TRUE,95.750,18254.760,FALSE,FALSE,FALSE,TRUE,FALSE,ECG samples:25
213,-19605.3,TRUE,196,2025-11-03T09:28:05.629570,1762142285.651000,31,49,31,17,1762142285.311000,49,-1,1.001,TRUE,197,2025-11-03T09:28:06.629569,1762142285.815000,12,26,12,13,1762142285.408750,25,-25,1.003,TRUE,97.750,18352.510,FALSE,FALSE,FALSE,TRUE,FALSE,ECG samples:25
214,-19604.3,TRUE,197,2025-11-03T09:28:06.629569,1762142286.653000,32,49,32,16,1762142286.333000,47,-3,1.022,TRUE,198,2025-11-03T09:28:07.629575,1762142286.817000,12,26,12,13,1762142286.410750,25,-25,1.002,TRUE,77.750,18430.260,FALSE,FALSE,FALSE,TRUE,FALSE,ECG samples:25
215,-19603.3,TRUE,198,2025-11-03T09:28:07.629575,1762142287.654000,31,49,31,17,1762142287.314000,48,-2,0.981,TRUE,199,2025-11-03T09:28:08.629570,1762142287.819000,12,26,12,13,1762142287.412750,25,-25,1.002,TRUE,98.750,18529.010,FALSE,FALSE,FALSE,TRUE,FALSE,ECG samples:25
216,-19602.3,TRUE,199,2025-11-03T09:28:08.629570,1762142288.655000,31,49,31,17,1762142288.315000,48,-2,1.001,TRUE,200,2025-11-03T09:28:09.629574,1762142288.821000,12,26,12,13,1762142288.414750,25,-25,1.002,TRUE,99.750,18628.760,FALSE,FALSE,FALSE,TRUE,FALSE,ECG samples:25
217,-19601.3,TRUE,200,2025-11-03T09:28:09.629574,1762142289.657000,31,49,31,17,1762142289.317000,48,-2,1.002,TRUE,201,2025-11-03T09:28:10.629575,1762142289.823000,12,26,12,13,1762142289.416750,25,-25,1.002,TRUE,99.750,18728.510,FALSE,FALSE,FALSE,TRUE,FALSE,ECG samples:25
218,-19600.3,TRUE,201,2025-11-03T09:28:10.629575,1762142290.658000,31,50,31,18,1762142290.298000,49,-1,0.981,TRUE,202,2025-11-03T09:28:11.629587,1762142290.825000,12,27,12,14,1762142290.387500,25,-25,0.971,TRUE,89.500,18818.010,FALSE,FALSE,FALSE,TRUE,FALSE,ECG samples:25
219,-19599.3,TRUE,202,2025-11-03T09:28:11.629587,1762142291.661000,31,50,31,18,1762142291.301000,49,-1,1.003,TRUE,203,2025-11-03T09:28:12.629569,1762142291.827000,11,26,11,14,1762142291.389500,25,-25,1.002,TRUE,88.500,18906.509,FALSE,FALSE,FALSE,TRUE,FALSE,ECG samples:25
220,-19598.3,TRUE,203,2025-11-03T09:28:12.629569,1762142292.663000,31,50,31,18,1762142292.303000,48,-2,1.002,TRUE,204,2025-11-03T09:28:13.629573,1762142292.828000,11,26,11,14,1762142292.390500,25,-25,1.001,TRUE,87.500,18994.009,FALSE,FALSE,FALSE,TRUE,FALSE,ECG samples:25
221,-19597.3,TRUE,204,2025-11-03T09:28:13.629573,1762142293.664000,30,49,30,18,1762142293.304000,48,-2,1.001,TRUE,205,2025-11-03T09:28:14.629571,1762142293.829000,11,26,11,14,1762142293.391500,25,-25,1.001,TRUE,87.500,19081.509,FALSE,FALSE,FALSE,TRUE,FALSE,ECG samples:25
222,-19596.3,TRUE,205,2025-11-03T09:28:14.629571,1762142294.666000,30,49,30,18,1762142294.306000,48,-2,1.002,TRUE,206,2025-11-03T09:28:15.629572,1762142294.831000,11,26,11,14,1762142294.393500,25,-25,1.002,TRUE,87.500,19169.009,FALSE,FALSE,FALSE,TRUE,FALSE,ECG samples:25
223,-19595.3,TRUE,206,2025-11-03T09:28:15.629572,1762142295.667000,30,50,30,19,1762142295.287000,49,-1,0.981,TRUE,207,2025-11-03T09:28:16.629571,1762142295.832000,11,26,11,14,1762142295.394500,25,-25,1.001,TRUE,107.500,19276.509,FALSE,FALSE,FALSE,TRUE,FALSE,ECG samples:25
224,-19594.3,TRUE,207,2025-11-03T09:28:16.629571,1762142296.669000,30,48,30,17,1762142296.329000,48,-2,1.042,TRUE,208,2025-11-03T09:28:17.629564,1762142296.834000,11,26,11,14,1762142296.396500,25,-25,1.002,TRUE,67.500,19344.009,FALSE,FALSE,FALSE,TRUE,FALSE,ECG samples:25
225,-19593.3,TRUE,208,2025-11-03T09:28:17.629564,1762142297.671000,31,49,31,17,1762142297.331000,47,-3,1.002,TRUE,209,2025-11-03T09:28:18.629569,1762142297.835000,11,26,11,14,1762142297.397500,25,-25,1.001,TRUE,66.500,19410.509,FALSE,FALSE,FALSE,TRUE,FALSE,ECG samples:25
226,-19592.3,TRUE,209,2025-11-03T09:28:18.629569,1762142298.672000,30,49,30,18,1762142298.312000,48,-2,0.981,TRUE,210,2025-11-03T09:28:19.629576,1762142298.836000,11,26,11,14,1762142298.398500,25,-25,1.001,TRUE,86.500,19497.009,FALSE,FALSE,FALSE,TRUE,FALSE,ECG samples:25
227,-19591.3,TRUE,210,2025-11-03T09:28:19.629576,1762142299.674000,30,49,30,18,1762142299.314000,48,-2,1.002,TRUE,211,2025-11-03T09:28:20.629575,1762142299.838000,11,26,11,14,1762142299.400500,25,-25,1.002,TRUE,86.500,19583.509,FALSE,FALSE,FALSE,TRUE,FALSE,ECG samples:25
228,-19590.3,TRUE,211,2025-11-03T09:28:20.629575,1762142300.675000,30,50,30,19,1762142300.295000,48,-2,0.981,TRUE,212,2025-11-03T09:28:21.629573,1762142300.839000,11,26,11,14,1762142300.401500,25,-25,1.001,TRUE,106.500,19690.009,FALSE,FALSE,FALSE,TRUE,FALSE,ECG samples:25
229,-19589.3,TRUE,212,2025-11-03T09:28:21.629573,1762142301.677000,29,49,29,19,1762142301.297000,49,-1,1.002,TRUE,213,2025-11-03T09:28:22.629570,1762142301.840000,11,26,11,14,1762142301.402500,25,-25,1.001,TRUE,105.500,19795.509,FALSE,FALSE,FALSE,TRUE,FALSE,ECG samples:25
230,-19588.3,TRUE,213,2025-11-03T09:28:22.629570,1762142302.678000,30,50,30,19,1762142302.298000,49,-1,1.001,TRUE,214,2025-11-03T09:28:23.629572,1762142302.842000,11,26,11,14,1762142302.404500,25,-25,1.002,TRUE,106.500,19902.009,FALSE,FALSE,FALSE,TRUE,FALSE,ECG samples:25
231,-19587.3,TRUE,214,2025-11-03T09:28:23.629572,1762142303.681000,30,49,30,18,1762142303.321000,48,-2,1.023,TRUE,215,2025-11-03T09:28:24.629570,1762142303.843000,11,26,11,14,1762142303.405500,25,-25,1.001,TRUE,84.500,19986.509,FALSE,FALSE,FALSE,TRUE,FALSE,ECG samples:25
232,-19586.3,TRUE,215,2025-11-03T09:28:24.629570,1762142304.683000,30,49,30,18,1762142304.323000,47,-3,1.002,TRUE,216,2025-11-03T09:28:25.629572,1762142304.844000,11,26,11,14,1762142304.406500,25,-25,1.001,TRUE,83.500,20070.009,FALSE,FALSE,FALSE,TRUE,FALSE,ECG samples:25
233,-19585.3,TRUE,216,2025-11-03T09:28:25.629572,1762142305.684000,29,48,29,18,1762142305.324000,47,-3,1.001,TRUE,217,2025-11-03T09:28:26.629573,1762142305.845000,11,26,11,14,1762142305.407500,25,-25,1.001,TRUE,83.500,20153.509,FALSE,FALSE,FALSE,TRUE,FALSE,ECG samples:25
234,-19584.3,TRUE,217,2025-11-03T09:28:26.629573,1762142306.686000,29,49,29,19,1762142306.306000,49,-1,0.982,TRUE,218,2025-11-03T09:28:27.629570,1762142306.847000,11,26,11,14,1762142306.409500,25,-25,1.002,TRUE,103.500,20257.009,FALSE,FALSE,FALSE,TRUE,FALSE,ECG samples:25
235,-19583.3,TRUE,218,2025-11-03T09:28:27.629570,1762142307.687000,30,48,30,17,1762142307.347000,47,-3,1.041,TRUE,219,2025-11-03T09:28:28.629576,1762142307.848000,11,26,11,14,1762142307.410500,25,-25,1.001,TRUE,63.500,20320.509,FALSE,FALSE,FALSE,TRUE,FALSE,ECG samples:25
236,-19582.3,TRUE,219,2025-11-03T09:28:28.629576,1762142308.689000,30,50,30,19,1762142308.309000,49,-1,0.962,TRUE,220,2025-11-03T09:28:29.629577,1762142308.850000,11,26,11,14,1762142308.412500,25,-25,1.002,TRUE,103.500,20424.009,FALSE,FALSE,FALSE,TRUE,FALSE,ECG samples:25
237,-19581.3,TRUE,220,2025-11-03T09:28:29.629577,1762142309.689000,30,49,30,18,1762142309.329000,48,-2,1.020,TRUE,221,2025-11-03T09:28:30.629570,1762142309.851000,11,26,11,14,1762142309.413500,25,-25,1.001,TRUE,84.500,20508.509,FALSE,FALSE,FALSE,TRUE,FALSE,ECG samples:25
238,-19580.3,TRUE,221,2025-11-03T09:28:30.629570,1762142310.691000,30,49,30,18,1762142310.331000,47,-3,1.002,TRUE,222,2025-11-03T09:28:31.629572,1762142310.852000,11,26,11,14,1762142310.414500,25,-25,1.001,TRUE,83.500,20592.009,FALSE,FALSE,FALSE,TRUE,FALSE,ECG samples:25
239,-19579.3,TRUE,222,2025-11-03T09:28:31.629572,1762142311.693000,29,49,29,19,1762142311.313000,49,-1,0.982,TRUE,223,2025-11-03T09:28:32.629568,1762142311.854000,11,26,11,14,1762142311.416500,25,-25,1.002,TRUE,103.500,20695.509,FALSE,FALSE,FALSE,TRUE,FALSE,ECG samples:25
240,-19578.3,TRUE,223,2025-11-03T09:28:32.629568,1762142312.694000,30,50,30,19,1762142312.314000,49,-1,1.001,TRUE,224,2025-11-03T09:28:33.629566,1762142312.855000,11,26,11,14,1762142312.417500,25,-25,1.001,TRUE,103.500,20799.009,FALSE,FALSE,FALSE,TRUE,FALSE,ECG samples:25
241,-19577.3,TRUE,224,2025-11-03T09:28:33.629566,1762142313.697000,30,51,30,20,1762142313.297000,49,-1,0.983,TRUE,225,2025-11-03T09:28:34.629566,1762142313.856000,11,26,11,14,1762142313.418500,25,-25,1.001,TRUE,121.500,20920.509,FALSE,FALSE,FALSE,TRUE,FALSE,ECG samples:25
242,-19576.3,TRUE,225,2025-11-03T09:28:34.629566,1762142314.699000,29,49,29,19,1762142314.319000,48,-2,1.022,TRUE,226,2025-11-03T09:28:35.629574,1762142314.857000,11,26,11,14,1762142314.419500,25,-25,1.001,TRUE,100.500,21021.010,FALSE,FALSE,FALSE,TRUE,FALSE,ECG samples:25
243,-19575.3,TRUE,226,2025-11-03T09:28:35.629574,1762142315.700000,29,49,29,19,1762142315.320000,48,-2,1.001,TRUE,227,2025-11-03T09:28:36.629571,1762142315.859000,11,26,11,14,1762142315.421500,25,-25,1.002,TRUE,101.500,21122.510,FALSE,FALSE,FALSE,TRUE,FALSE,ECG samples:25
244,-19574.3,TRUE,227,2025-11-03T09:28:36.629571,1762142316.702000,29,49,29,19,1762142316.322000,47,-3,1.002,TRUE,228,2025-11-03T09:28:37.629569,1762142316.861000,11,26,11,14,1762142316.423500,25,-25,1.002,TRUE,101.500,21224.010,FALSE,FALSE,FALSE,TRUE,FALSE,ECG samples:25
245,-19573.3,TRUE,228,2025-11-03T09:28:37.629569,1762142317.703000,28,48,28,19,1762142317.323000,47,-3,1.001,TRUE,229,2025-11-03T09:28:38.629570,1762142317.863000,11,26,11,14,1762142317.425500,25,-25,1.002,TRUE,102.500,21326.510,FALSE,FALSE,FALSE,TRUE,FALSE,ECG samples:25
246,-19572.3,TRUE,229,2025-11-03T09:28:38.629570,1762142318.704000,28,48,28,19,1762142318.324000,47,-3,1.001,TRUE,230,2025-11-03T09:28:39.629569,1762142318.864000,11,27,11,15,1762142318.395250,25,-25,0.970,TRUE,71.250,21397.760,FALSE,FALSE,FALSE,TRUE,FALSE,ECG samples:25
247,-19571.3,TRUE,230,2025-11-03T09:28:39.629569,1762142319.706000,28,48,28,19,1762142319.326000,48,-2,1.002,TRUE,231,2025-11-03T09:28:40.629566,1762142319.865000,10,26,10,15,1762142319.396250,25,-25,1.001,TRUE,70.250,21468.010,FALSE,FALSE,FALSE,TRUE,FALSE,ECG samples:25
248,-19570.3,TRUE,231,2025-11-03T09:28:40.629566,1762142320.707000,29,49,29,19,1762142320.327000,48,-2,1.001,TRUE,232,2025-11-03T09:28:41.629572,1762142320.867000,10,26,10,15,1762142320.398250,25,-25,1.002,TRUE,71.250,21539.260,FALSE,FALSE,FALSE,TRUE,FALSE,ECG samples:25
249,-19569.3,TRUE,232,2025-11-03T09:28:41.629572,1762142321.708000,29,50,29,20,1762142321.308000,48,-2,0.981,TRUE,233,2025-11-03T09:28:42.629571,1762142321.868000,10,26,10,15,1762142321.399250,25,-25,1.001,TRUE,91.250,21630.511,FALSE,FALSE,FALSE,TRUE,FALSE,ECG samples:25
250,-19568.3,TRUE,233,2025-11-03T09:28:42.629571,1762142322.710000,28,49,28,20,1762142322.310000,49,-1,1.002,TRUE,234,2025-11-03T09:28:43.629575,1762142322.870000,10,26,10,15,1762142322.401250,25,-25,1.002,TRUE,91.250,21721.761,FALSE,FALSE,FALSE,TRUE,FALSE,ECG samples:25
251,-19567.3,TRUE,234,2025-11-03T09:28:43.629575,1762142323.711000,29,50,29,20,1762142323.311000,48,-2,1.001,TRUE,235,2025-11-03T09:28:44.629572,1762142323.871000,10,26,10,15,1762142323.402250,25,-25,1.001,TRUE,91.250,21813.011,FALSE,FALSE,FALSE,TRUE,FALSE,ECG samples:25
252,-19566.3,TRUE,235,2025-11-03T09:28:44.629572,1762142324.713000,28,49,28,20,1762142324.313000,48,-2,1.002,TRUE,236,2025-11-03T09:28:45.629571,1762142324.872000,10,26,10,15,1762142324.403250,25,-25,1.001,TRUE,90.250,21903.261,FALSE,FALSE,FALSE,TRUE,FALSE,ECG samples:25
253,-19565.3,TRUE,236,2025-11-03T09:28:45.629571,1762142325.714000,28,48,28,19,1762142325.334000,48,-2,1.021,TRUE,237,2025-11-03T09:28:46.629563,1762142325.873000,10,26,10,15,1762142325.404250,25,-25,1.001,TRUE,70.250,21973.511,FALSE,FALSE,FALSE,TRUE,FALSE,ECG samples:25
254,-19564.3,TRUE,237,2025-11-03T09:28:46.629563,1762142326.715000,29,50,29,20,1762142326.315000,48,-2,0.981,TRUE,238,2025-11-03T09:28:47.629569,1762142326.875000,10,26,10,15,1762142326.406250,25,-25,1.002,TRUE,91.250,22064.761,FALSE,FALSE,FALSE,TRUE,FALSE,ECG samples:25
255,-19563.3,TRUE,238,2025-11-03T09:28:47.629569,1762142327.717000,28,49,28,20,1762142327.317000,48,-2,1.002,TRUE,239,2025-11-03T09:28:48.629571,1762142327.877000,10,26,10,15,1762142327.408250,25,-25,1.002,TRUE,91.250,22156.011,FALSE,FALSE,FALSE,TRUE,FALSE,ECG samples:25
256,-19562.3,TRUE,239,2025-11-03T09:28:48.629571,1762142328.718000,28,49,28,20,1762142328.318000,48,-2,1.001,TRUE,240,2025-11-03T09:28:49.629576,1762142328.878000,10,26,10,15,1762142328.409250,25,-25,1.001,TRUE,91.250,22247.261,FALSE,FALSE,FALSE,TRUE,FALSE,ECG samples:25
257,-19561.3,TRUE,240,2025-11-03T09:28:49.629576,1762142329.719000,28,49,28,20,1762142329.319000,49,-1,1.001,TRUE,241,2025-11-03T09:28:50.629571,1762142329.879000,10,26,10,15,1762142329.410250,25,-25,1.001,TRUE,91.250,22338.511,FALSE,FALSE,FALSE,TRUE,FALSE,ECG samples:25
258,-19560.3,TRUE,241,2025-11-03T09:28:50.629571,1762142330.721000,29,49,29,19,1762142330.341000,47,-3,1.022,TRUE,242,2025-11-03T09:28:51.629567,1762142330.881000,10,26,10,15,1762142330.412250,25,-25,1.002,TRUE,71.250,22409.761,FALSE,FALSE,FALSE,TRUE,FALSE,ECG samples:25
259,-19559.3,TRUE,242,2025-11-03T09:28:51.629567,1762142331.722000,28,48,28,19,1762142331.342000,48,-2,1.001,TRUE,243,2025-11-03T09:28:52.629568,1762142331.882000,10,26,10,15,1762142331.413250,25,-25,1.001,TRUE,71.250,22481.012,FALSE,FALSE,FALSE,TRUE,FALSE,ECG samples:25
260,-19558.3,TRUE,243,2025-11-03T09:28:52.629568,1762142332.724000,29,50,29,20,1762142332.324000,48,-2,0.982,TRUE,244,2025-11-03T09:28:53.629576,1762142332.883000,10,26,10,15,1762142332.414250,25,-25,1.001,TRUE,90.250,22571.262,FALSE,FALSE,FALSE,TRUE,FALSE,ECG samples:25
261,-19557.3,TRUE,244,2025-11-03T09:28:53.629576,1762142333.725000,28,49,28,20,1762142333.325000,49,-1,1.001,TRUE,245,2025-11-03T09:28:54.629565,1762142333.884000,10,26,10,15,1762142333.415250,25,-25,1.001,TRUE,90.250,22661.512,FALSE,FALSE,FALSE,TRUE,FALSE,ECG samples:25
262,-19556.3,TRUE,245,2025-11-03T09:28:54.629565,1762142334.727000,29,50,29,20,1762142334.327000,48,-2,1.002,TRUE,246,2025-11-03T09:28:55.629574,1762142334.886000,10,26,10,15,1762142334.417250,25,-25,1.002,TRUE,90.250,22751.762,FALSE,FALSE,FALSE,TRUE,FALSE,ECG samples:25
263,-19555.3,TRUE,246,2025-11-03T09:28:55.629574,1762142335.728000,28,50,28,21,1762142335.308000,48,-2,0.981,TRUE,247,2025-11-03T09:28:56.629569,1762142335.887000,10,26,10,15,1762142335.418250,25,-25,1.001,TRUE,110.250,22862.012,FALSE,FALSE,FALSE,TRUE,FALSE,ECG samples:25
264,-19554.3,TRUE,247,2025-11-03T09:28:56.629569,1762142336.630000,27,43,27,15,1762142336.330000,48,-2,1.022,TRUE,248,2025-11-03T09:28:57.629568,1762142336.788000,10,24,10,13,1762142336.381750,25,-25,0.964,TRUE,51.750,22913.762,FALSE,FALSE,FALSE,TRUE,FALSE,ECG samples:25
265,-19553.3,TRUE,248,2025-11-03T09:28:57.629568,1762142337.632000,33,50,33,16,1762142337.312000,49,-1,0.982,TRUE,249,2025-11-03T09:28:58.629565,1762142337.789000,12,26,12,13,1762142337.382750,25,-25,1.001,TRUE,70.750,22984.512,FALSE,FALSE,FALSE,TRUE,FALSE,ECG samples:25
266,-19552.3,TRUE,249,2025-11-03T09:28:58.629565,1762142338.633000,33,49,33,15,1762142338.333000,48,-2,1.021,TRUE,250,2025-11-03T09:28:59.629586,1762142338.791000,12,26,12,13,1762142338.384750,25,-25,1.002,TRUE,51.750,23036.262,FALSE,FALSE,FALSE,TRUE,FALSE,ECG samples:25
267,-19551.3,TRUE,250,2025-11-03T09:28:59.629586,1762142339.635000,33,50,33,16,1762142339.315000,49,-1,0.982,TRUE,251,2025-11-03T09:29:00.629578,1762142339.792000,12,26,12,13,1762142339.385750,25,-25,1.001,TRUE,70.750,23107.012,FALSE,FALSE,FALSE,TRUE,FALSE,ECG samples:25
268,-19550.3,TRUE,251,2025-11-03T09:29:00.629578,1762142340.637000,33,49,33,15,1762142340.337000,46,-4,1.022,TRUE,252,2025-11-03T09:29:01.629578,1762142340.794000,12,26,12,13,1762142340.387750,25,-25,1.002,TRUE,50.750,23157.762,FALSE,FALSE,FALSE,TRUE,FALSE,ECG samples:25
269,-19549.3,TRUE,252,2025-11-03T09:29:01.629578,1762142341.639000,31,48,31,16,1762142341.319000,48,-2,0.982,TRUE,253,2025-11-03T09:29:02.629576,1762142341.795000,12,26,12,13,1762142341.388750,25,-25,1.001,TRUE,69.750,23227.512,FALSE,FALSE,FALSE,TRUE,FALSE,ECG samples:25
270,-19548.3,TRUE,253,2025-11-03T09:29:02.629576,1762142342.640000,32,49,32,16,1762142342.320000,49,-1,1.001,TRUE,254,2025-11-03T09:29:03.629579,1762142342.797000,12,26,12,13,1762142342.390750,25,-25,1.002,TRUE,70.750,23298.262,FALSE,FALSE,FALSE,TRUE,FALSE,ECG samples:25
271,-19547.3,TRUE,254,2025-11-03T09:29:03.629579,1762142343.642000,33,50,33,16,1762142343.322000,48,-2,1.002,TRUE,255,2025-11-03T09:29:04.629575,1762142343.797000,12,26,12,13,1762142343.390750,25,-25,1.000,TRUE,68.750,23367.012,FALSE,FALSE,FALSE,TRUE,FALSE,ECG samples:25
272,-19546.3,TRUE,255,2025-11-03T09:29:04.629575,1762142344.644000,32,48,32,15,1762142344.344000,47,-3,1.022,TRUE,256,2025-11-03T09:29:05.629572,1762142344.799000,12,26,12,13,1762142344.392750,25,-25,1.002,TRUE,48.750,23415.761,FALSE,FALSE,FALSE,TRUE,FALSE,ECG samples:25
273,-19545.3,TRUE,256,2025-11-03T09:29:05.629572,1762142345.645000,32,49,32,16,1762142345.325000,49,-1,0.981,TRUE,257,2025-11-03T09:29:06.629571,1762142345.801000,12,26,12,13,1762142345.394750,25,-25,1.002,TRUE,69.750,23485.512,FALSE,FALSE,FALSE,TRUE,FALSE,ECG samples:25
274,-19544.3,TRUE,257,2025-11-03T09:29:06.629571,1762142346.647000,33,50,33,16,1762142346.327000,49,-1,1.002,TRUE,258,2025-11-03T09:29:07.629581,1762142346.802000,12,26,12,13,1762142346.395750,25,-25,1.001,TRUE,68.750,23554.261,FALSE,FALSE,FALSE,TRUE,FALSE,ECG samples:25
275,-19543.3,TRUE,258,2025-11-03T09:29:07.629581,1762142347.649000,33,50,33,16,1762142347.329000,48,-2,1.002,TRUE,259,2025-11-03T09:29:08.629574,1762142347.804000,12,26,12,13,1762142347.397750,25,-25,1.002,TRUE,68.750,23623.011,FALSE,FALSE,FALSE,TRUE,FALSE,ECG samples:25
276,-19542.3,TRUE,259,2025-11-03T09:29:08.629574,1762142348.651000,32,50,32,17,1762142348.311000,48,-2,0.982,TRUE,260,2025-11-03T09:29:09.629579,1762142348.805000,12,26,12,13,1762142348.398750,25,-25,1.001,TRUE,87.750,23710.761,FALSE,FALSE,FALSE,TRUE,FALSE,ECG samples:25
277,-19541.3,TRUE,260,2025-11-03T09:29:09.629579,1762142349.652000,31,49,31,17,1762142349.312000,49,-1,1.001,TRUE,261,2025-11-03T09:29:10.629574,1762142349.806000,12,26,12,13,1762142349.399750,25,-25,1.001,TRUE,87.750,23798.511,FALSE,FALSE,FALSE,TRUE,FALSE,ECG samples:25
278,-19540.3,TRUE,261,2025-11-03T09:29:10.629574,1762142350.653000,32,49,32,16,1762142350.333000,49,-1,1.021,TRUE,262,2025-11-03T09:29:11.629577,1762142350.808000,12,26,12,13,1762142350.401750,25,-25,1.002,TRUE,68.750,23867.261,FALSE,FALSE,FALSE,TRUE,FALSE,ECG samples:25
279,-19539.3,TRUE,262,2025-11-03T09:29:11.629577,1762142351.655000,33,50,33,16,1762142351.335000,47,-3,1.002,TRUE,263,2025-11-03T09:29:12.629574,1762142351.809000,12,26,12,13,1762142351.402750,25,-25,1.001,TRUE,67.750,23935.011,FALSE,FALSE,FALSE,TRUE,FALSE,ECG samples:25
280,-19538.3,TRUE,263,2025-11-03T09:29:12.629574,1762142352.656000,31,49,31,17,1762142352.316000,49,-1,0.981,TRUE,264,2025-11-03T09:29:13.629575,1762142352.811000,12,26,12,13,1762142352.404750,25,-25,1.002,TRUE,88.750,24023.761,FALSE,FALSE,FALSE,TRUE,FALSE,ECG samples:25
281,-19537.3,TRUE,264,2025-11-03T09:29:13.629575,1762142353.658000,32,49,32,16,1762142353.338000,47,-3,1.022,TRUE,265,2025-11-03T09:29:14.629608,1762142353.812000,12,26,12,13,1762142353.405750,25,-25,1.001,TRUE,67.750,24091.511,FALSE,FALSE,FALSE,TRUE,FALSE,ECG samples:25
282,-19536.3,TRUE,265,2025-11-03T09:29:14.629608,1762142354.659000,31,48,31,16,1762142354.339000,48,-2,1.001,TRUE,266,2025-11-03T09:29:15.629565,1762142354.813000,12,26,12,13,1762142354.406750,25,-25,1.001,TRUE,67.750,24159.261,FALSE,FALSE,FALSE,TRUE,FALSE,ECG samples:25
283,-19535.3,TRUE,266,2025-11-03T09:29:15.629565,1762142355.661000,32,49,32,16,1762142355.341000,48,-2,1.002,TRUE,267,2025-11-03T09:29:16.629576,1762142355.815000,12,26,12,13,1762142355.408750,25,-25,1.002,TRUE,67.750,24227.011,FALSE,FALSE,FALSE,TRUE,FALSE,ECG samples:25
284,-19534.3,TRUE,267,2025-11-03T09:29:16.629576,1762142356.662000,32,50,32,17,1762142356.322000,48,-2,0.981,TRUE,268,2025-11-03T09:29:17.629573,1762142356.816000,12,26,12,13,1762142356.409750,25,-25,1.001,TRUE,87.750,24314.761,FALSE,FALSE,FALSE,TRUE,FALSE,ECG samples:25
285,-19533.3,TRUE,268,2025-11-03T09:29:17.629573,1762142357.664000,31,49,31,17,1762142357.324000,48,-2,1.002,TRUE,269,2025-11-03T09:29:18.629570,1762142357.818000,12,26,12,13,1762142357.411750,25,-25,1.002,TRUE,87.750,24402.511,FALSE,FALSE,FALSE,TRUE,FALSE,ECG samples:25
286,-19532.3,TRUE,269,2025-11-03T09:29:18.629570,1762142358.665000,31,49,31,17,1762142358.325000,49,-1,1.001,TRUE,270,2025-11-03T09:29:19.629570,1762142358.819000,12,26,12,13,1762142358.412750,25,-25,1.001,TRUE,87.750,24490.261,FALSE,FALSE,FALSE,TRUE,FALSE,ECG samples:25
287,-19531.3,TRUE,270,2025-11-03T09:29:19.629570,1762142359.667000,32,50,32,17,1762142359.327000,47,-3,1.002,TRUE,271,2025-11-03T09:29:20.629575,1762142359.820000,12,26,12,13,1762142359.413750,25,-25,1.001,TRUE,86.750,24577.011,FALSE,FALSE,FALSE,TRUE,FALSE,ECG samples:25
288,-19530.3,TRUE,271,2025-11-03T09:29:20.629575,1762142360.668000,30,48,30,17,1762142360.328000,48,-2,1.001,TRUE,272,2025-11-03T09:29:21.629569,1762142360.821000,12,26,12,13,1762142360.414750,25,-25,1.001,TRUE,86.750,24663.761,FALSE,FALSE,FALSE,TRUE,FALSE,ECG samples:25
289,-19529.3,TRUE,272,2025-11-03T09:29:21.629569,1762142361.670000,31,49,31,17,1762142361.330000,48,-2,1.002,TRUE,273,2025-11-03T09:29:22.629576,1762142361.823000,12,27,12,14,1762142361.385500,25,-25,0.971,TRUE,55.500,24719.261,FALSE,FALSE,FALSE,TRUE,FALSE,ECG samples:25
290,-19528.3,TRUE,273,2025-11-03T09:29:22.629576,1762142362.673000,31,50,31,18,1762142362.313000,49,-1,0.983,TRUE,274,2025-11-03T09:29:23.629570,1762142362.824000,11,26,11,14,1762142362.386500,25,-25,1.001,TRUE,73.500,24792.760,FALSE,FALSE,FALSE,TRUE,FALSE,ECG samples:25
291,-19527.3,TRUE,274,2025-11-03T09:29:23.629570,1762142363.675000,31,49,31,17,1762142363.335000,48,-2,1.022,TRUE,275,2025-11-03T09:29:24.629565,1762142363.826000,11,26,11,14,1762142363.388500,25,-25,1.002,TRUE,53.500,24846.260,FALSE,FALSE,FALSE,TRUE,FALSE,ECG samples:25
292,-19526.3,TRUE,275,2025-11-03T09:29:24.629565,1762142364.677000,31,49,31,17,1762142364.337000,47,-3,1.002,TRUE,276,2025-11-03T09:29:25.629573,1762142364.827000,11,26,11,14,1762142364.389500,25,-25,1.001,TRUE,52.500,24898.760,FALSE,FALSE,FALSE,TRUE,FALSE,ECG samples:25
293,-19525.3,TRUE,276,2025-11-03T09:29:25.629573,1762142365.678000,30,48,30,17,1762142365.338000,48,-2,1.001,TRUE,277,2025-11-03T09:29:26.629570,1762142365.828000,11,26,11,14,1762142365.390500,25,-25,1.001,TRUE,52.500,24951.260,FALSE,FALSE,FALSE,TRUE,FALSE,ECG samples:25
294,-19524.3,TRUE,277,2025-11-03T09:29:26.629570,1762142366.680000,31,49,31,17,1762142366.340000,48,-2,1.002,TRUE,278,2025-11-03T09:29:27.629571,1762142366.829000,11,26,11,14,1762142366.391500,25,-25,1.001,TRUE,51.500,25002.760,FALSE,FALSE,FALSE,TRUE,FALSE,ECG samples:25
295,-19523.3,TRUE,278,2025-11-03T09:29:27.629571,1762142367.683000,31,49,31,17,1762142367.343000,48,-2,1.003,TRUE,279,2025-11-03T09:29:28.629580,1762142367.831000,11,26,11,14,1762142367.393500,25,-25,1.002,TRUE,50.500,25053.260,FALSE,FALSE,FALSE,TRUE,FALSE,ECG samples:25
296,-19522.3,TRUE,279,2025-11-03T09:29:28.629580,1762142368.684000,31,50,31,18,1762142368.324000,49,-1,0.981,TRUE,280,2025-11-03T09:29:29.629575,1762142368.832000,11,26,11,14,1762142368.394500,25,-25,1.001,TRUE,70.500,25123.760,FALSE,FALSE,FALSE,TRUE,FALSE,ECG samples:25
297,-19521.3,TRUE,280,2025-11-03T09:29:29.629575,1762142369.686000,31,49,31,17,1762142369.346000,48,-2,1.022,TRUE,281,2025-11-03T09:29:30.629571,1762142369.833000,11,26,11,14,1762142369.395500,25,-25,1.001,TRUE,49.500,25173.259,FALSE,FALSE,FALSE,TRUE,FALSE,ECG samples:25
298,-19520.3,TRUE,281,2025-11-03T09:29:30.629571,1762142370.688000,31,50,31,18,1762142370.328000,48,-2,0.982,TRUE,282,2025-11-03T09:29:31.629569,1762142370.834000,11,26,11,14,1762142370.396500,25,-25,1.001,TRUE,68.500,25241.760,FALSE,FALSE,FALSE,TRUE,FALSE,ECG samples:25
299,-19519.3,TRUE,282,2025-11-03T09:29:31.629569,1762142371.690000,30,49,30,18,1762142371.330000,49,-1,1.002,TRUE,283,2025-11-03T09:29:32.629576,1762142371.835000,11,26,11,14,1762142371.397500,25,-25,1.001,TRUE,67.500,25309.259,FALSE,FALSE,FALSE,TRUE,FALSE,ECG samples:25
300,-19518.3,TRUE,283,2025-11-03T09:29:32.629576,1762142372.693000,31,50,31,18,1762142372.333000,47,-3,1.003,TRUE,284,2025-11-03T09:29:33.629567,1762142372.836000,11,26,11,14,1762142372.398500,25,-25,1.001,TRUE,65.500,25374.759,FALSE,FALSE,FALSE,TRUE,FALSE,ECG samples:25
301,-19517.3,TRUE,284,2025-11-03T09:29:33.629567,1762142373.695000,29,48,29,18,1762142373.335000,48,-2,1.002,TRUE,285,2025-11-03T09:29:34.629577,1762142373.837000,11,26,11,14,1762142373.399500,25,-25,1.001,TRUE,64.500,25439.259,FALSE,FALSE,FALSE,TRUE,FALSE,ECG samples:25
302,-19516.3,TRUE,285,2025-11-03T09:29:34.629577,1762142374.696000,30,49,30,18,1762142374.336000,48,-2,1.001,TRUE,286,2025-11-03T09:29:35.629577,1762142374.839000,11,26,11,14,1762142374.401500,25,-25,1.002,TRUE,65.500,25504.759,FALSE,FALSE,FALSE,TRUE,FALSE,ECG samples:25
303,-19515.3,TRUE,286,2025-11-03T09:29:35.629577,1762142375.697000,30,49,30,18,1762142375.337000,48,-2,1.001,TRUE,287,2025-11-03T09:29:36.629576,1762142375.840000,11,26,11,14,1762142375.402500,25,-25,1.001,TRUE,65.500,25570.259,FALSE,FALSE,FALSE,TRUE,FALSE,ECG samples:25
304,-19514.3,TRUE,287,2025-11-03T09:29:36.629576,1762142376.699000,30,50,30,19,1762142376.319000,49,-1,0.982,TRUE,288,2025-11-03T09:29:37.629566,1762142376.842000,11,26,11,14,1762142376.404500,25,-25,1.002,TRUE,85.500,25655.759,FALSE,FALSE,FALSE,TRUE,FALSE,ECG samples:25
305,-19513.3,TRUE,288,2025-11-03T09:29:37.629566,1762142377.700000,30,50,30,19,1762142377.320000,48,-2,1.001,TRUE,289,2025-11-03T09:29:38.629574,1762142377.843000,11,26,11,14,1762142377.405500,25,-25,1.001,TRUE,85.500,25741.259,FALSE,FALSE,FALSE,TRUE,FALSE,ECG samples:25
306,-19512.3,TRUE,289,2025-11-03T09:29:38.629574,1762142378.702000,29,48,29,18,1762142378.342000,47,-3,1.022,TRUE,290,2025-11-03T09:29:39.629570,1762142378.845000,11,26,11,14,1762142378.407500,25,-25,1.002,TRUE,65.500,25806.759,FALSE,FALSE,FALSE,TRUE,FALSE,ECG samples:25
307,-19511.3,TRUE,290,2025-11-03T09:29:39.629570,1762142379.704000,29,49,29,19,1762142379.324000,49,-1,0.982,TRUE,291,2025-11-03T09:29:40.629572,1762142379.846000,11,26,11,14,1762142379.408500,25,-25,1.001,TRUE,84.500,25891.259,FALSE,FALSE,FALSE,TRUE,FALSE,ECG samples:25
308,-19510.3,TRUE,291,2025-11-03T09:29:40.629572,1762142380.705000,30,49,30,18,1762142380.345000,48,-2,1.021,TRUE,292,2025-11-03T09:29:41.629573,1762142380.848000,11,26,11,14,1762142380.410500,25,-25,1.002,TRUE,65.500,25956.759,FALSE,FALSE,FALSE,TRUE,FALSE,ECG samples:25
309,-19509.3,TRUE,292,2025-11-03T09:29:41.629573,1762142381.706000,30,50,30,19,1762142381.326000,49,-1,0.981,TRUE,293,2025-11-03T09:29:42.629579,1762142381.849000,11,26,11,14,1762142381.411500,25,-25,1.001,TRUE,85.500,26042.259,FALSE,FALSE,FALSE,TRUE,FALSE,ECG samples:25
310,-19508.3,TRUE,293,2025-11-03T09:29:42.629579,1762142382.707000,30,50,30,19,1762142382.327000,48,-2,1.001,TRUE,294,2025-11-03T09:29:43.629580,1762142382.850000,11,26,11,14,1762142382.412500,25,-25,1.001,TRUE,85.500,26127.759,FALSE,FALSE,FALSE,TRUE,FALSE,ECG samples:25
311,-19507.3,TRUE,294,2025-11-03T09:29:43.629580,1762142383.709000,29,49,29,19,1762142383.329000,49,-1,1.002,TRUE,295,2025-11-03T09:29:44.629575,1762142383.851000,11,26,11,14,1762142383.413500,25,-25,1.001,TRUE,84.500,26212.259,FALSE,FALSE,FALSE,TRUE,FALSE,ECG samples:25
312,-19506.3,TRUE,295,2025-11-03T09:29:44.629575,1762142384.710000,30,49,30,18,1762142384.350000,48,-2,1.021,TRUE,296,2025-11-03T09:29:45.629577,1762142384.853000,11,26,11,14,1762142384.415500,25,-25,1.002,TRUE,65.500,26277.759,FALSE,FALSE,FALSE,TRUE,FALSE,ECG samples:25
313,-19505.3,TRUE,296,2025-11-03T09:29:45.629577,1762142385.712000,30,49,30,18,1762142385.352000,47,-3,1.002,TRUE,297,2025-11-03T09:29:46.629575,1762142385.854000,11,26,11,14,1762142385.416500,25,-25,1.001,TRUE,64.500,26342.259,FALSE,FALSE,FALSE,TRUE,FALSE,ECG samples:25
314,-19504.3,TRUE,297,2025-11-03T09:29:46.629575,1762142386.713000,29,48,29,18,1762142386.353000,48,-2,1.001,TRUE,298,2025-11-03T09:29:47.629576,1762142386.856000,11,26,11,14,1762142386.418500,26,-24,1.002,TRUE,65.500,26407.759,FALSE,FALSE,FALSE,TRUE,FALSE,ECG samples:26
315,-19503.3,TRUE,298,2025-11-03T09:29:47.629576,1762142387.714000,30,49,30,18,1762142387.354000,48,-2,1.001,TRUE,299,2025-11-03T09:29:48.629583,1762142387.857000,12,26,12,13,1762142387.450750,25,-25,1.032,TRUE,96.750,26504.509,FALSE,FALSE,FALSE,TRUE,FALSE,ECG samples:25
316,-19502.3,TRUE,299,2025-11-03T09:29:48.629583,1762142388.716000,30,50,30,19,1762142388.336000,48,-2,0.982,TRUE,300,2025-11-03T09:29:49.629572,1762142388.858000,12,26,12,13,1762142388.451750,25,-25,1.001,TRUE,115.750,26620.259,FALSE,FALSE,FALSE,TRUE,FALSE,ECG samples:25
317,-19501.3,TRUE,300,2025-11-03T09:29:49.629572,1762142389.717000,29,49,29,19,1762142389.337000,49,-1,1.001,TRUE,301,2025-11-03T09:29:50.629570,1762142389.859000,12,26,12,13,1762142389.452750,25,-25,1.001,TRUE,115.750,26736.009,FALSE,FALSE,FALSE,TRUE,FALSE,ECG samples:25
318,-19500.3,TRUE,301,2025-11-03T09:29:50.629570,1762142390.718000,30,49,30,18,1762142390.358000,48,-2,1.021,TRUE,302,2025-11-03T09:29:51.629576,1762142390.860000,12,26,12,13,1762142390.453750,25,-25,1.001,TRUE,95.750,26831.759,FALSE,FALSE,FALSE,TRUE,FALSE,ECG samples:25
319,-19499.3,TRUE,302,2025-11-03T09:29:51.629576,1762142391.720000,30,50,30,19,1762142391.340000,48,-2,0.982,TRUE,303,2025-11-03T09:29:52.629572,1762142391.862000,12,27,12,14,1762142391.424500,25,-25,0.971,TRUE,84.500,26916.259,FALSE,FALSE,FALSE,TRUE,FALSE,ECG samples:25
320,-19498.3,TRUE,303,2025-11-03T09:29:52.629572,1762142392.721000,29,49,29,19,1762142392.341000,48,-2,1.001,TRUE,304,2025-11-03T09:29:53.629569,1762142392.863000,11,26,11,14,1762142392.425500,25,-25,1.001,TRUE,84.500,27000.759,FALSE,FALSE,FALSE,TRUE,FALSE,ECG samples:25
321,-19497.3,TRUE,304,2025-11-03T09:29:53.629569,1762142393.722000,29,49,29,19,1762142393.342000,49,-1,1.001,TRUE,305,2025-11-03T09:29:54.629582,1762142393.864000,11,26,11,14,1762142393.426500,25,-25,1.001,TRUE,84.500,27085.259,FALSE,FALSE,FALSE,TRUE,FALSE,ECG samples:25
322,-19496.3,TRUE,305,2025-11-03T09:29:54.629582,1762142394.723000,30,50,30,19,1762142394.343000,48,-2,1.001,TRUE,306,2025-11-03T09:29:55.629572,1762142394.865000,11,26,11,14,1762142394.427500,25,-25,1.001,TRUE,84.500,27169.759,FALSE,FALSE,FALSE,TRUE,FALSE,ECG samples:25
323,-19495.3,TRUE,306,2025-11-03T09:29:55.629572,1762142395.725000,29,49,29,19,1762142395.345000,48,-2,1.002,TRUE,307,2025-11-03T09:29:56.629577,1762142395.866000,11,26,11,14,1762142395.428500,25,-25,1.001,TRUE,83.500,27253.259,FALSE,FALSE,FALSE,TRUE,FALSE,ECG samples:25
324,-19494.3,TRUE,307,2025-11-03T09:29:56.629577,1762142396.726000,29,49,29,19,1762142396.346000,47,-3,1.001,TRUE,308,2025-11-03T09:29:57.629576,1762142396.868000,11,26,11,14,1762142396.430500,25,-25,1.002,TRUE,84.500,27337.759,FALSE,FALSE,FALSE,TRUE,FALSE,ECG samples:25
325,-19493.3,TRUE,308,2025-11-03T09:29:57.629576,1762142397.728000,28,48,28,19,1762142397.348000,48,-2,1.002,TRUE,309,2025-11-03T09:29:58.629576,1762142397.869000,11,26,11,14,1762142397.431500,25,-25,1.001,TRUE,83.500,27421.260,FALSE,FALSE,FALSE,TRUE,FALSE,ECG samples:25
326,-19492.3,TRUE,309,2025-11-03T09:29:58.629576,1762142398.729000,29,50,29,20,1762142398.329000,49,-1,0.981,TRUE,310,2025-11-03T09:29:59.629577,1762142398.870000,11,26,11,14,1762142398.432500,25,-25,1.001,TRUE,103.500,27524.760,FALSE,FALSE,FALSE,TRUE,FALSE,ECG samples:25
327,-19491.3,TRUE,310,2025-11-03T09:29:59.629577,1762142399.631000,29,44,29,14,1762142399.351000,47,-3,1.022,TRUE,311,2025-11-03T09:30:00.629578,1762142399.772000,11,23,11,11,1762142399.428250,25,-25,0.996,TRUE,77.250,27602.010,FALSE,FALSE,FALSE,TRUE,FALSE,ECG samples:25
328,-19490.3,TRUE,311,2025-11-03T09:30:00.629578,1762142400.632000,33,49,33,15,1762142400.332000,48,-2,0.981,TRUE,312,2025-11-03T09:30:01.629583,1762142400.773000,14,26,14,11,1762142400.429250,25,-25,1.001,TRUE,97.250,27699.260,FALSE,FALSE,FALSE,TRUE,FALSE,ECG samples:25
329,-19489.3,TRUE,312,2025-11-03T09:30:01.629583,1762142401.634000,33,48,33,14,1762142401.354000,48,-2,1.022,TRUE,313,2025-11-03T09:30:02.629591,1762142401.774000,14,26,14,11,1762142401.430250,25,-25,1.001,TRUE,76.250,27775.509,FALSE,FALSE,FALSE,TRUE,FALSE,ECG samples:25
330,-19488.3,TRUE,313,2025-11-03T09:30:02.629591,1762142402.638000,34,50,34,15,1762142402.338000,48,-2,0.984,TRUE,314,2025-11-03T09:30:03.629575,1762142402.776000,14,26,14,11,1762142402.432250,25,-25,1.002,TRUE,94.250,27869.759,FALSE,FALSE,FALSE,TRUE,FALSE,ECG samples:25
331,-19487.3,TRUE,314,2025-11-03T09:30:03.629575,1762142403.640000,33,49,33,15,1762142403.340000,47,-3,1.002,TRUE,315,2025-11-03T09:30:04.629574,1762142403.777000,14,26,14,11,1762142403.433250,25,-25,1.001,TRUE,93.250,27963.009,FALSE,FALSE,FALSE,TRUE,FALSE,ECG samples:25
332,-19486.3,TRUE,315,2025-11-03T09:30:04.629574,1762142404.641000,32,48,32,15,1762142404.341000,49,-1,1.001,TRUE,316,2025-11-03T09:30:05.629567,1762142404.779000,14,26,14,11,1762142404.435250,25,-25,1.002,TRUE,94.250,28057.259,FALSE,FALSE,FALSE,TRUE,FALSE,ECG samples:25
333,-19485.3,TRUE,316,2025-11-03T09:30:05.629567,1762142405.643000,34,50,34,15,1762142405.343000,48,-2,1.002,TRUE,317,2025-11-03T09:30:06.629574,1762142405.780000,14,26,14,11,1762142405.436250,24,-26,1.001,TRUE,93.250,28150.509,FALSE,FALSE,FALSE,TRUE,FALSE,ECG samples:24
334,-19484.3,TRUE,317,2025-11-03T09:30:06.629574,1762142406.644000,33,49,33,15,1762142406.344000,48,-2,1.001,TRUE,318,2025-11-03T09:30:07.629570,1762142406.782000,13,26,13,12,1762142406.407000,25,-25,0.971,TRUE,63.000,28213.509,FALSE,FALSE,FALSE,TRUE,FALSE,ECG samples:25
335,-19483.3,TRUE,318,2025-11-03T09:30:07.629570,1762142407.645000,33,49,33,15,1762142407.345000,48,-2,1.001,TRUE,319,2025-11-03T09:30:08.629573,1762142407.783000,13,26,13,12,1762142407.408000,25,-25,1.001,TRUE,63.000,28276.509,FALSE,FALSE,FALSE,TRUE,FALSE,ECG samples:25
336,-19482.3,TRUE,319,2025-11-03T09:30:08.629573,1762142408.646000,33,50,33,16,1762142408.326000,49,-1,0.981,TRUE,320,2025-11-03T09:30:09.629571,1762142408.784000,13,26,13,12,1762142408.409000,25,-25,1.001,TRUE,83.000,28359.509,FALSE,FALSE,FALSE,TRUE,FALSE,ECG samples:25
337,-19481.3,TRUE,320,2025-11-03T09:30:09.629571,1762142409.648000,33,49,33,15,1762142409.348000,48,-2,1.022,TRUE,321,2025-11-03T09:30:10.629568,1762142409.785000,13,26,13,12,1762142409.410000,25,-25,1.001,TRUE,62.000,28421.509,FALSE,FALSE,FALSE,TRUE,FALSE,ECG samples:25
338,-19480.3,TRUE,321,2025-11-03T09:30:10.629568,1762142410.650000,33,49,33,15,1762142410.350000,48,-2,1.002,TRUE,322,2025-11-03T09:30:11.629573,1762142410.787000,13,26,13,12,1762142410.412000,25,-25,1.002,TRUE,62.000,28483.509,FALSE,FALSE,FALSE,TRUE,FALSE,ECG samples:25
339,-19479.3,TRUE,322,2025-11-03T09:30:11.629573,1762142411.651000,33,49,33,15,1762142411.351000,46,-4,1.001,TRUE,323,2025-11-03T09:30:12.629567,1762142411.788000,13,26,13,12,1762142411.413000,25,-25,1.001,TRUE,62.000,28545.509,FALSE,FALSE,FALSE,TRUE,FALSE,ECG samples:25
340,-19478.3,TRUE,323,2025-11-03T09:30:12.629567,1762142412.652000,31,47,31,15,1762142412.352000,48,-2,1.001,TRUE,324,2025-11-03T09:30:13.629570,1762142412.789000,13,26,13,12,1762142412.414000,25,-25,1.001,TRUE,62.000,28607.509,FALSE,FALSE,FALSE,TRUE,FALSE,ECG samples:25
341,-19477.3,TRUE,324,2025-11-03T09:30:13.629570,1762142413.654000,33,49,33,15,1762142413.354000,48,-2,1.002,TRUE,325,2025-11-03T09:30:14.629570,1762142413.790000,13,26,13,12,1762142413.415000,25,-25,1.001,TRUE,61.000,28668.509,FALSE,FALSE,FALSE,TRUE,FALSE,ECG samples:25
342,-19476.3,TRUE,325,2025-11-03T09:30:14.629570,1762142414.655000,33,50,33,16,1762142414.335000,49,-1,0.981,TRUE,326,2025-11-03T09:30:15.629574,1762142414.792000,13,26,13,12,1762142414.417000,25,-25,1.002,TRUE,82.000,28750.509,FALSE,FALSE,FALSE,TRUE,FALSE,ECG samples:25
343,-19475.3,TRUE,326,2025-11-03T09:30:15.629574,1762142415.657000,33,49,33,15,1762142415.357000,48,-2,1.022,TRUE,327,2025-11-03T09:30:16.629567,1762142415.793000,13,26,13,12,1762142415.418000,25,-25,1.001,TRUE,61.000,28811.509,FALSE,FALSE,FALSE,TRUE,FALSE,ECG samples:25
344,-19474.3,TRUE,327,2025-11-03T09:30:16.629567,1762142416.658000,33,49,33,15,1762142416.358000,47,-3,1.001,TRUE,328,2025-11-03T09:30:17.629568,1762142416.794000,13,26,13,12,1762142416.419000,25,-25,1.001,TRUE,61.000,28872.509,FALSE,FALSE,FALSE,TRUE,FALSE,ECG samples:25
345,-19473.3,TRUE,328,2025-11-03T09:30:17.629568,1762142417.660000,32,49,32,16,1762142417.340000,49,-1,0.982,TRUE,329,2025-11-03T09:30:18.629566,1762142417.796000,13,26,13,12,1762142417.421000,25,-25,1.002,TRUE,81.000,28953.508,FALSE,FALSE,FALSE,TRUE,FALSE,ECG samples:25
346,-19472.3,TRUE,329,2025-11-03T09:30:18.629566,1762142418.661000,33,50,33,16,1762142418.341000,48,-2,1.001,TRUE,330,2025-11-03T09:30:19.629574,1762142418.797000,13,26,13,12,1762142418.422000,25,-25,1.001,TRUE,81.000,29034.508,FALSE,FALSE,FALSE,TRUE,FALSE,ECG samples:25
347,-19471.3,TRUE,330,2025-11-03T09:30:19.629574,1762142419.662000,32,48,32,15,1762142419.362000,47,-3,1.021,TRUE,331,2025-11-03T09:30:20.629570,1762142419.798000,13,26,13,12,1762142419.423000,25,-25,1.001,TRUE,61.000,29095.508,FALSE,FALSE,FALSE,TRUE,FALSE,ECG samples:25
348,-19470.3,TRUE,331,2025-11-03T09:30:20.629570,1762142420.664000,32,50,32,17,1762142420.324000,49,-1,0.962,TRUE,332,2025-11-03T09:30:21.629569,1762142420.799000,13,26,13,12,1762142420.424000,25,-25,1.001,TRUE,100.000,29195.508,FALSE,FALSE,FALSE,TRUE,FALSE,ECG samples:25
349,-19469.3,TRUE,332,2025-11-03T09:30:21.629569,1762142421.664000,32,49,32,16,1762142421.344000,47,-3,1.020,TRUE,333,2025-11-03T09:30:22.629568,1762142421.801000,13,26,13,12,1762142421.426000,25,-25,1.002,TRUE,82.000,29277.508,FALSE,FALSE,FALSE,TRUE,FALSE,ECG samples:25
350,-19468.3,TRUE,333,2025-11-03T09:30:22.629568,1762142422.666000,31,48,31,16,1762142422.346000,48,-2,1.002,TRUE,334,2025-11-03T09:30:23.629579,1762142422.802000,13,26,13,12,1762142422.427000,25,-25,1.001,TRUE,81.000,29358.508,FALSE,FALSE,FALSE,TRUE,FALSE,ECG samples:25
351,-19467.3,TRUE,334,2025-11-03T09:30:23.629579,1762142423.667000,32,49,32,16,1762142423.347000,48,-2,1.001,TRUE,335,2025-11-03T09:30:24.629571,1762142423.803000,13,26,13,12,1762142423.428000,25,-25,1.001,TRUE,81.000,29439.508,FALSE,FALSE,FALSE,TRUE,FALSE,ECG samples:25
352,-19466.3,TRUE,335,2025-11-03T09:30:24.629571,1762142424.668000,32,50,32,17,1762142424.328000,49,-1,0.981,TRUE,336,2025-11-03T09:30:25.629578,1762142424.804000,13,26,13,12,1762142424.429000,25,-25,1.001,TRUE,101.000,29540.508,FALSE,FALSE,FALSE,TRUE,FALSE,ECG samples:25
353,-19465.3,TRUE,336,2025-11-03T09:30:25.629578,1762142425.670000,32,49,32,16,1762142425.350000,47,-3,1.022,TRUE,337,2025-11-03T09:30:26.629581,1762142425.805000,13,26,13,12,1762142425.430000,25,-25,1.001,TRUE,80.000,29620.508,FALSE,FALSE,FALSE,TRUE,FALSE,ECG samples:25
354,-19464.3,TRUE,337,2025-11-03T09:30:26.629581,1762142426.672000,31,49,31,17,1762142426.332000,48,-2,0.982,TRUE,338,2025-11-03T09:30:27.629587,1762142426.807000,13,26,13,12,1762142426.432000,25,-25,1.002,TRUE,100.000,29720.508,FALSE,FALSE,FALSE,TRUE,FALSE,ECG samples:25
355,-19463.3,TRUE,338,2025-11-03T09:30:27.629587,1762142427.674000,31,49,31,17,1762142427.334000,49,-1,1.002,TRUE,339,2025-11-03T09:30:28.629578,1762142427.808000,13,26,13,12,1762142427.433000,25,-25,1.001,TRUE,99.000,29819.508,FALSE,FALSE,FALSE,TRUE,FALSE,ECG samples:25
356,-19462.3,TRUE,339,2025-11-03T09:30:28.629578,1762142428.675000,32,49,32,16,1762142428.355000,48,-2,1.021,TRUE,340,2025-11-03T09:30:29.629573,1762142428.809000,13,26,13,12,1762142428.434000,25,-25,1.001,TRUE,79.000,29898.508,FALSE,FALSE,FALSE,TRUE,FALSE,ECG samples:25
357,-19461.3,TRUE,340,2025-11-03T09:30:29.629573,1762142429.676000,32,49,32,16,1762142429.356000,48,-2,1.001,TRUE,341,2025-11-03T09:30:30.629577,1762142429.810000,13,26,13,12,1762142429.435000,25,-25,1.001,TRUE,79.000,29977.508,FALSE,FALSE,FALSE,TRUE,FALSE,ECG samples:25
358,-19460.3,TRUE,341,2025-11-03T09:30:30.629577,1762142430.678000,32,49,32,16,1762142430.358000,48,-2,1.002,TRUE,342,2025-11-03T09:30:31.629592,1762142430.812000,13,26,13,12,1762142430.437000,25,-25,1.002,TRUE,79.000,30056.508,FALSE,FALSE,FALSE,TRUE,FALSE,ECG samples:25
359,-19459.3,TRUE,342,2025-11-03T09:30:31.629592,1762142431.680000,32,50,32,17,1762142431.340000,48,-2,0.982,TRUE,343,2025-11-03T09:30:32.629568,1762142431.813000,13,26,13,12,1762142431.438000,25,-25,1.001,TRUE,98.000,30154.507,FALSE,FALSE,FALSE,TRUE,FALSE,ECG samples:25
360,-19458.3,TRUE,343,2025-11-03T09:30:32.629568,1762142432.681000,31,48,31,16,1762142432.361000,48,-2,1.021,TRUE,344,2025-11-03T09:30:33.629575,1762142432.815000,13,26,13,12,1762142432.440000,25,-25,1.002,TRUE,79.000,30233.507,FALSE,FALSE,FALSE,TRUE,FALSE,ECG samples:25
361,-19457.3,TRUE,344,2025-11-03T09:30:33.629575,1762142433.683000,32,49,32,16,1762142433.363000,48,-2,1.002,TRUE,345,2025-11-03T09:30:34.629575,1762142433.816000,13,26,13,12,1762142433.441000,25,-25,1.001,TRUE,78.000,30311.507,FALSE,FALSE,FALSE,TRUE,FALSE,ECG samples:25
362,-19456.3,TRUE,345,2025-11-03T09:30:34.629575,1762142434.684000,32,49,32,16,1762142434.364000,48,-2,1.001,TRUE,346,2025-11-03T09:30:35.629577,1762142434.817000,13,26,13,12,1762142434.442000,25,-25,1.001,TRUE,78.000,30389.507,FALSE,FALSE,FALSE,TRUE,FALSE,ECG samples:25
363,-19455.3,TRUE,346,2025-11-03T09:30:35.629577,1762142435.686000,32,49,32,16,1762142435.366000,47,-3,1.002,TRUE,347,2025-11-03T09:30:36.629568,1762142435.819000,13,26,13,12,1762142435.444000,25,-25,1.002,TRUE,78.000,30467.507,FALSE,FALSE,FALSE,TRUE,FALSE,ECG samples:25
364,-19454.3,TRUE,347,2025-11-03T09:30:36.629568,1762142436.688000,31,49,31,17,1762142436.348000,48,-2,0.982,TRUE,348,2025-11-03T09:30:37.629575,1762142436.820000,13,27,13,13,1762142436.413750,25,-25,0.970,TRUE,65.750,30533.257,FALSE,FALSE,FALSE,TRUE,FALSE,ECG samples:25
365,-19453.3,TRUE,348,2025-11-03T09:30:37.629575,1762142437.689000,31,50,31,18,1762142437.329000,49,-1,0.981,TRUE,349,2025-11-03T09:30:38.629567,1762142437.822000,12,26,12,13,1762142437.415750,25,-25,1.002,TRUE,86.750,30620.007,FALSE,FALSE,FALSE,TRUE,FALSE,ECG samples:25
366,-19452.3,TRUE,349,2025-11-03T09:30:38.629567,1762142438.691000,31,48,31,16,1762142438.371000,47,-3,1.042,TRUE,350,2025-11-03T09:30:39.629575,1762142438.823000,12,26,12,13,1762142438.416750,25,-25,1.001,TRUE,45.750,30665.757,FALSE,FALSE,FALSE,TRUE,FALSE,ECG samples:25
367,-19451.3,TRUE,350,2025-11-03T09:30:39.629575,1762142439.692000,31,49,31,17,1762142439.352000,48,-2,0.981,TRUE,351,2025-11-03T09:30:40.629571,1762142439.824000,12,26,12,13,1762142439.417750,25,-25,1.001,TRUE,65.750,30731.507,FALSE,FALSE,FALSE,TRUE,FALSE,ECG samples:25
368,-19450.3,TRUE,351,2025-11-03T09:30:40.629571,1762142440.694000,31,49,31,17,1762142440.354000,48,-2,1.002,TRUE,352,2025-11-03T09:30:41.629564,1762142440.825000,12,26,12,13,1762142440.418750,25,-25,1.001,TRUE,64.750,30796.257,FALSE,FALSE,FALSE,TRUE,FALSE,ECG samples:25
369,-19449.3,TRUE,352,2025-11-03T09:30:41.629564,1762142441.695000,31,48,31,16,1762142441.375000,47,-3,1.021,TRUE,353,2025-11-03T09:30:42.629567,1762142441.826000,12,26,12,13,1762142441.419750,25,-25,1.001,TRUE,44.750,30841.007,FALSE,FALSE,FALSE,TRUE,FALSE,ECG samples:25
370,-19448.3,TRUE,353,2025-11-03T09:30:42.629567,1762142442.696000,31,49,31,17,1762142442.356000,48,-2,0.981,TRUE,354,2025-11-03T09:30:43.629590,1762142442.828000,12,26,12,13,1762142442.421750,25,-25,1.002,TRUE,65.750,30906.756,FALSE,FALSE,FALSE,TRUE,FALSE,ECG samples:25
371,-19447.3,TRUE,354,2025-11-03T09:30:43.629590,1762142443.698000,31,50,31,18,1762142443.338000,48,-2,0.982,TRUE,355,2025-11-03T09:30:44.629566,1762142443.829000,12,26,12,13,1762142443.422750,25,-25,1.001,TRUE,84.750,30991.506,FALSE,FALSE,FALSE,TRUE,FALSE,ECG samples:25
372,-19446.3,TRUE,355,2025-11-03T09:30:44.629566,1762142444.699000,30,49,30,18,1762142444.339000,49,-1,1.001,TRUE,356,2025-11-03T09:30:45.629567,1762142444.831000,12,26,12,13,1762142444.424750,25,-25,1.002,TRUE,85.750,31077.256,FALSE,FALSE,FALSE,TRUE,FALSE,ECG samples:25
373,-19445.3,TRUE,356,2025-11-03T09:30:45.629567,1762142445.701000,31,49,31,17,1762142445.361000,47,-3,1.022,TRUE,357,2025-11-03T09:30:46.629569,1762142445.832000,12,26,12,13,1762142445.425750,25,-25,1.001,TRUE,64.750,31142.006,FALSE,FALSE,FALSE,TRUE,FALSE,ECG samples:25
374,-19444.3,TRUE,357,2025-11-03T09:30:46.629569,1762142446.703000,30,49,30,18,1762142446.343000,49,-1,0.982,TRUE,358,2025-11-03T09:30:47.629573,1762142446.834000,12,26,12,13,1762142446.427750,25,-25,1.002,TRUE,84.750,31226.756,FALSE,FALSE,FALSE,TRUE,FALSE,ECG samples:25
375,-19443.3,TRUE,358,2025-11-03T09:30:47.629573,1762142447.704000,31,49,31,17,1762142447.364000,47,-3,1.021,TRUE,359,2025-11-03T09:30:48.629573,1762142447.835000,12,26,12,13,1762142447.428750,25,-25,1.001,TRUE,64.750,31291.506,FALSE,FALSE,FALSE,TRUE,FALSE,ECG samples:25
376,-19442.3,TRUE,359,2025-11-03T09:30:48.629573,1762142448.707000,30,49,30,18,1762142448.347000,49,-1,0.983,TRUE,360,2025-11-03T09:30:49.629577,1762142448.836000,12,26,12,13,1762142448.429750,25,-25,1.001,TRUE,82.750,31374.256,FALSE,FALSE,FALSE,TRUE,FALSE,ECG samples:25
377,-19441.3,TRUE,360,2025-11-03T09:30:49.629577,1762142449.708000,31,49,31,17,1762142449.368000,47,-3,1.021,TRUE,361,2025-11-03T09:30:50.629575,1762142449.838000,12,26,12,13,1762142449.431750,25,-25,1.002,TRUE,63.750,31438.006,FALSE,FALSE,FALSE,TRUE,FALSE,ECG samples:25
378,-19440.3,TRUE,361,2025-11-03T09:30:50.629575,1762142450.710000,30,49,30,18,1762142450.350000,48,-2,0.982,TRUE,362,2025-11-03T09:30:51.629576,1762142450.839000,12,26,12,13,1762142450.432750,24,-26,1.001,TRUE,82.750,31520.756,FALSE,FALSE,FALSE,TRUE,FALSE,ECG samples:24
379,-19439.3,TRUE,362,2025-11-03T09:30:51.629576,1762142451.711000,30,49,30,18,1762142451.351000,48,-2,1.001,TRUE,363,2025-11-03T09:30:52.629569,1762142451.840000,11,25,11,13,1762142451.433750,25,-25,1.001,TRUE,82.750,31603.506,FALSE,FALSE,FALSE,TRUE,FALSE,ECG samples:25
380,-19438.3,TRUE,363,2025-11-03T09:30:52.629569,1762142452.712000,30,49,30,18,1762142452.352000,48,-2,1.001,TRUE,364,2025-11-03T09:30:53.629567,1762142452.841000,12,26,12,13,1762142452.434750,25,-25,1.001,TRUE,82.750,31686.256,FALSE,FALSE,FALSE,TRUE,FALSE,ECG samples:25
381,-19437.3,TRUE,364,2025-11-03T09:30:53.629567,1762142453.714000,30,48,30,17,1762142453.374000,48,-2,1.022,TRUE,365,2025-11-03T09:30:54.629566,1762142453.843000,12,26,12,13,1762142453.436750,25,-25,1.002,TRUE,62.750,31749.006,FALSE,FALSE,FALSE,TRUE,FALSE,ECG samples:25
382,-19436.3,TRUE,365,2025-11-03T09:30:54.629566,1762142454.716000,31,50,31,18,1762142454.356000,48,-2,0.982,TRUE,366,2025-11-03T09:30:55.629574,1762142454.845000,12,26,12,13,1762142454.438750,25,-25,1.002,TRUE,82.750,31831.756,FALSE,FALSE,FALSE,TRUE,FALSE,ECG samples:25
383,-19435.3,TRUE,366,2025-11-03T09:30:55.629574,1762142455.717000,30,49,30,18,1762142455.357000,48,-2,1.001,TRUE,367,2025-11-03T09:30:56.629569,1762142455.846000,12,26,12,13,1762142455.439750,25,-25,1.001,TRUE,82.750,31914.505,FALSE,FALSE,FALSE,TRUE,FALSE,ECG samples:25
384,-19434.3,TRUE,367,2025-11-03T09:30:56.629569,1762142456.718000,30,49,30,18,1762142456.358000,48,-2,1.001,TRUE,368,2025-11-03T09:30:57.629564,1762142456.848000,12,26,12,13,1762142456.441750,25,-25,1.002,TRUE,83.750,31998.255,FALSE,FALSE,FALSE,TRUE,FALSE,ECG samples:25
385,-19433.3,TRUE,368,2025-11-03T09:30:57.629564,1762142457.720000,30,49,30,18,1762142457.360000,49,-1,1.002,TRUE,369,2025-11-03T09:30:58.629566,1762142457.849000,12,26,12,13,1762142457.442750,25,-25,1.001,TRUE,82.750,32081.005,FALSE,FALSE,FALSE,TRUE,FALSE,ECG samples:25
386,-19432.3,TRUE,369,2025-11-03T09:30:58.629566,1762142458.722000,31,50,31,18,1762142458.362000,49,-1,1.002,TRUE,370,2025-11-03T09:30:59.629570,1762142458.851000,12,26,12,13,1762142458.444750,25,-25,1.002,TRUE,82.750,32163.755,FALSE,FALSE,FALSE,TRUE,FALSE,ECG samples:25
387,-19431.3,TRUE,370,2025-11-03T09:30:59.629570,1762142459.723000,31,50,31,18,1762142459.363000,46,-4,1.001,TRUE,371,2025-11-03T09:31:00.629573,1762142459.852000,12,26,12,13,1762142459.445750,25,-25,1.001,TRUE,82.750,32246.505,FALSE,FALSE,FALSE,TRUE,FALSE,ECG samples:25
388,-19430.3,TRUE,371,2025-11-03T09:31:00.629573,1762142460.725000,28,47,28,18,1762142460.365000,48,-2,1.002,TRUE,372,2025-11-03T09:31:01.629567,1762142460.854000,12,25,12,12,1762142460.479000,23,-27,1.033,TRUE,114.000,32360.505,FALSE,FALSE,FALSE,TRUE,FALSE,ECG samples:23
389,-19429.3,TRUE,372,2025-11-03T09:31:01.629567,1762142461.726000,30,50,30,19,1762142461.346000,48,-2,0.981,TRUE,373,2025-11-03T09:31:02.629575,1762142461.857000,11,25,11,13,1762142461.450750,25,-25,0.972,TRUE,104.750,32465.255,FALSE,FALSE,FALSE,TRUE,FALSE,ECG samples:25
390,-19428.3,TRUE,373,2025-11-03T09:31:02.629575,1762142462.728000,29,48,29,18,1762142462.368000,48,-2,1.022,TRUE,374,2025-11-03T09:31:03.629583,1762142462.859000,12,27,12,14,1762142462.421500,25,-25,0.971,TRUE,53.500,32518.755,FALSE,FALSE,FALSE,TRUE,FALSE,ECG samples:25
391,-19427.3,TRUE,374,2025-11-03T09:31:03.629583,1762142463.729000,30,49,30,18,1762142463.369000,49,-1,1.001,TRUE,375,2025-11-03T09:31:04.629566,1762142463.860000,11,26,11,14,1762142463.422500,25,-25,1.001,TRUE,53.500,32572.255,FALSE,FALSE,FALSE,TRUE,FALSE,ECG samples:25
392,-19426.3,TRUE,375,2025-11-03T09:31:04.629566,1762142464.631000,31,45,31,13,1762142464.371000,48,-2,1.002,TRUE,376,2025-11-03T09:31:05.629576,1762142464.761000,11,23,11,11,1762142464.417250,25,-25,0.995,TRUE,46.250,32618.505,FALSE,FALSE,FALSE,TRUE,FALSE,ECG samples:25
393,-19425.3,TRUE,376,2025-11-03T09:31:05.629576,1762142465.632000,35,50,35,14,1762142465.352000,48,-2,0.981,TRUE,377,2025-11-03T09:31:06.629579,1762142465.762000,14,26,14,11,1762142465.418250,25,-25,1.001,TRUE,66.250,32684.755,FALSE,FALSE,FALSE,TRUE,FALSE,ECG samples:25
394,-19424.3,TRUE,377,2025-11-03T09:31:06.629579,1762142466.633000,34,48,34,13,1762142466.373000,48,-2,1.021,TRUE,378,2025-11-03T09:31:07.629575,1762142466.764000,14,26,14,11,1762142466.420250,25,-25,1.002,TRUE,47.250,32732.005,FALSE,FALSE,FALSE,TRUE,FALSE,ECG samples:25
395,-19423.3,TRUE,378,2025-11-03T09:31:07.629575,1762142467.634000,35,49,35,13,1762142467.374000,48,-2,1.001,TRUE,379,2025-11-03T09:31:08.629567,1762142467.765000,14,26,14,11,1762142467.421250,25,-25,1.001,TRUE,47.250,32779.255,FALSE,FALSE,FALSE,TRUE,FALSE,ECG samples:25
396,-19422.3,TRUE,379,2025-11-03T09:31:08.629567,1762142468.636000,35,50,35,14,1762142468.356000,49,-1,0.982,TRUE,380,2025-11-03T09:31:09.629603,1762142468.766000,14,26,14,11,1762142468.422250,25,-25,1.001,TRUE,66.250,32845.505,FALSE,FALSE,FALSE,TRUE,FALSE,ECG samples:25
397,-19421.3,TRUE,380,2025-11-03T09:31:09.629603,1762142469.638000,35,50,35,14,1762142469.358000,48,-2,1.002,TRUE,381,2025-11-03T09:31:10.629572,1762142469.768000,14,26,14,11,1762142469.424250,25,-25,1.002,TRUE,66.250,32911.755,FALSE,FALSE,FALSE,TRUE,FALSE,ECG samples:25
398,-19420.3,TRUE,381,2025-11-03T09:31:10.629572,1762142470.639000,34,49,34,14,1762142470.359000,47,-3,1.001,TRUE,382,2025-11-03T09:31:11.629574,1762142470.770000,14,26,14,11,1762142470.426250,25,-25,1.002,TRUE,67.250,32979.005,FALSE,FALSE,FALSE,TRUE,FALSE,ECG samples:25
399,-19419.3,TRUE,382,2025-11-03T09:31:11.629574,1762142471.640000,33,48,33,14,1762142471.360000,48,-2,1.001,TRUE,383,2025-11-03T09:31:12.629566,1762142471.772000,14,26,14,11,1762142471.428250,25,-25,1.002,TRUE,68.250,33047.255,FALSE,FALSE,FALSE,TRUE,FALSE,ECG samples:25
400,-19418.3,TRUE,383,2025-11-03T09:31:12.629566,1762142472.642000,34,49,34,14,1762142472.362000,47,-3,1.002,TRUE,384,2025-11-03T09:31:13.629568,1762142472.774000,14,26,14,11,1762142472.430250,25,-25,1.002,TRUE,68.250,33115.505,FALSE,FALSE,FALSE,TRUE,FALSE,ECG samples:25
401,-19417.3,TRUE,384,2025-11-03T09:31:13.629568,1762142473.643000,33,49,33,15,1762142473.343000,49,-1,0.981,TRUE,385,2025-11-03T09:31:14.629568,1762142473.775000,14,26,14,11,1762142473.431250,25,-25,1.001,TRUE,88.250,33203.755,FALSE,FALSE,FALSE,TRUE,FALSE,ECG samples:25
402,-19416.3,TRUE,385,2025-11-03T09:31:14.629568,1762142474.644000,34,49,34,14,1762142474.364000,49,-1,1.021,TRUE,386,2025-11-03T09:31:15.629573,1762142474.776000,14,26,14,11,1762142474.432250,25,-25,1.001,TRUE,68.250,33272.005,FALSE,FALSE,FALSE,TRUE,FALSE,ECG samples:25
403,-19415.3,TRUE,386,2025-11-03T09:31:15.629573,1762142475.646000,35,50,35,14,1762142475.366000,48,-2,1.002,TRUE,387,2025-11-03T09:31:16.629568,1762142475.777000,14,26,14,11,1762142475.433250,25,-25,1.001,TRUE,67.250,33339.255,FALSE,FALSE,FALSE,TRUE,FALSE,ECG samples:25
404,-19414.3,TRUE,387,2025-11-03T09:31:16.629568,1762142476.647000,34,49,34,14,1762142476.367000,48,-2,1.001,TRUE,388,2025-11-03T09:31:17.629588,1762142476.779000,14,27,14,12,1762142476.404000,25,-25,0.971,TRUE,37.000,33376.255,FALSE,FALSE,FALSE,TRUE,FALSE,ECG samples:25
405,-19413.3,TRUE,388,2025-11-03T09:31:17.629588,1762142477.648000,34,49,34,14,1762142477.368000,48,-2,1.001,TRUE,389,2025-11-03T09:31:18.629577,1762142477.780000,13,26,13,12,1762142477.405000,25,-25,1.001,TRUE,37.000,33413.255,FALSE,FALSE,FALSE,TRUE,FALSE,ECG samples:25
406,-19412.3,TRUE,389,2025-11-03T09:31:18.629577,1762142478.650000,34,49,34,14,1762142478.370000,46,-4,1.002,TRUE,390,2025-11-03T09:31:19.629579,1762142478.781000,13,26,13,12,1762142478.406000,25,-25,1.001,TRUE,36.000,33449.255,FALSE,FALSE,FALSE,TRUE,FALSE,ECG samples:25
407,-19411.3,TRUE,390,2025-11-03T09:31:19.629579,1762142479.652000,32,48,32,15,1762142479.352000,48,-2,0.982,TRUE,391,2025-11-03T09:31:20.629575,1762142479.782000,13,26,13,12,1762142479.407000,25,-25,1.001,TRUE,55.000,33504.255,FALSE,FALSE,FALSE,TRUE,FALSE,ECG samples:25
408,-19410.3,TRUE,391,2025-11-03T09:31:20.629575,1762142480.653000,33,48,33,14,1762142480.373000,47,-3,1.021,TRUE,392,2025-11-03T09:31:21.629582,1762142480.784000,13,26,13,12,1762142480.409000,25,-25,1.002,TRUE,36.000,33540.255,FALSE,FALSE,FALSE,TRUE,FALSE,ECG samples:25
409,-19409.3,TRUE,392,2025-11-03T09:31:21.629582,1762142481.654000,33,48,33,14,1762142481.374000,48,-2,1.001,TRUE,393,2025-11-03T09:31:22.629579,1762142481.785000,13,26,13,12,1762142481.410000,25,-25,1.001,TRUE,36.000,33576.255,FALSE,FALSE,FALSE,TRUE,FALSE,ECG samples:25
410,-19408.3,TRUE,393,2025-11-03T09:31:22.629579,1762142482.655000,34,49,34,14,1762142482.375000,49,-1,1.001,TRUE,394,2025-11-03T09:31:23.629580,1762142482.787000,13,26,13,12,1762142482.412000,25,-25,1.002,TRUE,37.000,33613.255,FALSE,FALSE,FALSE,TRUE,FALSE,ECG samples:25
411,-19407.3,TRUE,394,2025-11-03T09:31:23.629580,1762142483.657000,35,50,35,14,1762142483.377000,47,-3,1.002,TRUE,395,2025-11-03T09:31:24.629575,1762142483.788000,13,26,13,12,1762142483.413000,25,-25,1.001,TRUE,36.000,33649.255,FALSE,FALSE,FALSE,TRUE,FALSE,ECG samples:25
412,-19406.3,TRUE,395,2025-11-03T09:31:24.629575,1762142484.658000,33,49,33,15,1762142484.358000,49,-1,0.981,TRUE,396,2025-11-03T09:31:25.629579,1762142484.790000,13,26,13,12,1762142484.415000,25,-25,1.002,TRUE,57.000,33706.254,FALSE,FALSE,FALSE,TRUE,FALSE,ECG samples:25
413,-19405.2,TRUE,396,2025-11-03T09:31:25.629579,1762142485.660000,34,49,34,14,1762142485.380000,48,-2,1.022,TRUE,397,2025-11-03T09:31:26.629580,1762142485.792000,13,26,13,12,1762142485.417000,25,-25,1.002,TRUE,37.000,33743.254,FALSE,FALSE,FALSE,TRUE,FALSE,ECG samples:25
414,-19404.2,TRUE,397,2025-11-03T09:31:26.629580,1762142486.663000,34,49,34,14,1762142486.383000,48,-2,1.003,TRUE,398,2025-11-03T09:31:27.629568,1762142486.793000,13,26,13,12,1762142486.418000,25,-25,1.001,TRUE,35.000,33778.254,FALSE,FALSE,FALSE,TRUE,FALSE,ECG samples:25
415,-19403.2,TRUE,398,2025-11-03T09:31:27.629568,1762142487.664000,34,49,34,14,1762142487.384000,48,-2,1.001,TRUE,399,2025-11-03T09:31:28.629569,1762142487.794000,13,26,13,12,1762142487.419000,25,-25,1.001,TRUE,35.000,33813.254,FALSE,FALSE,FALSE,TRUE,FALSE,ECG samples:25
416,-19402.3,TRUE,399,2025-11-03T09:31:28.629569,1762142488.667000,34,50,34,15,1762142488.367000,49,-1,0.983,TRUE,400,2025-11-03T09:31:29.629572,1762142488.796000,13,25,13,11,1762142488.452250,24,-26,1.033,TRUE,85.250,33898.504,FALSE,FALSE,FALSE,TRUE,FALSE,ECG samples:24
417,-19401.3,TRUE,400,2025-11-03T09:31:29.629572,1762142489.668000,34,50,34,15,1762142489.368000,48,-2,1.001,TRUE,401,2025-11-03T09:31:30.629566,1762142489.797000,13,26,13,12,1762142489.422000,25,-25,0.970,TRUE,54.000,33952.504,FALSE,FALSE,FALSE,TRUE,FALSE,ECG samples:25
418,-19400.3,TRUE,401,2025-11-03T09:31:30.629566,1762142490.670000,33,49,33,15,1762142490.370000,47,-3,1.002,TRUE,402,2025-11-03T09:31:31.629571,1762142490.798000,13,26,13,12,1762142490.423000,25,-25,1.001,TRUE,53.000,34005.504,FALSE,FALSE,FALSE,TRUE,FALSE,ECG samples:25
419,-19399.3,TRUE,402,2025-11-03T09:31:31.629571,1762142491.671000,32,48,32,15,1762142491.371000,48,-2,1.001,TRUE,403,2025-11-03T09:31:32.629563,1762142491.799000,13,26,13,12,1762142491.424000,25,-25,1.001,TRUE,53.000,34058.504,FALSE,FALSE,FALSE,TRUE,FALSE,ECG samples:25
420,-19398.3,TRUE,403,2025-11-03T09:31:32.629563,1762142492.673000,33,49,33,15,1762142492.373000,48,-2,1.002,TRUE,404,2025-11-03T09:31:33.629570,1762142492.801000,13,26,13,12,1762142492.426000,25,-25,1.002,TRUE,53.000,34111.504,FALSE,FALSE,FALSE,TRUE,FALSE,ECG samples:25
421,-19397.3,TRUE,404,2025-11-03T09:31:33.629570,1762142493.674000,33,50,33,16,1762142493.354000,47,-3,0.981,TRUE,405,2025-11-03T09:31:34.629570,1762142493.802000,13,26,13,12,1762142493.427000,25,-25,1.001,TRUE,73.000,34184.504,FALSE,FALSE,FALSE,TRUE,FALSE,ECG samples:25
422,-19396.3,TRUE,405,2025-11-03T09:31:34.629570,1762142494.675000,31,48,31,16,1762142494.355000,49,-1,1.001,TRUE,406,2025-11-03T09:31:35.629570,1762142494.804000,13,26,13,12,1762142494.429000,25,-25,1.002,TRUE,74.000,34258.504,FALSE,FALSE,FALSE,TRUE,FALSE,ECG samples:25
423,-19395.3,TRUE,406,2025-11-03T09:31:35.629570,1762142495.676000,33,50,33,16,1762142495.356000,48,-2,1.001,TRUE,407,2025-11-03T09:31:36.629570,1762142495.805000,13,26,13,12,1762142495.430000,25,-25,1.001,TRUE,74.000,34332.504,FALSE,FALSE,FALSE,TRUE,FALSE,ECG samples:25
424,-19394.3,TRUE,407,2025-11-03T09:31:36.629570,1762142496.678000,32,48,32,15,1762142496.378000,48,-2,1.022,TRUE,408,2025-11-03T09:31:37.629581,1762142496.806000,13,26,13,12,1762142496.431000,25,-25,1.001,TRUE,53.000,34385.504,FALSE,FALSE,FALSE,TRUE,FALSE,ECG samples:25
425,-19393.3,TRUE,408,2025-11-03T09:31:37.629581,1762142497.679000,33,49,33,15,1762142497.379000,47,-3,1.001,TRUE,409,2025-11-03T09:31:38.629572,1762142497.808000,13,26,13,12,1762142497.433000,25,-25,1.002,TRUE,54.000,34439.504,FALSE,FALSE,FALSE,TRUE,FALSE,ECG samples:25
426,-19392.3,TRUE,409,2025-11-03T09:31:38.629572,1762142498.681000,32,49,32,16,1762142498.361000,47,-3,0.982,TRUE,410,2025-11-03T09:31:39.629574,1762142498.809000,13,26,13,12,1762142498.434000,25,-25,1.001,TRUE,73.000,34512.504,FALSE,FALSE,FALSE,TRUE,FALSE,ECG samples:25
427,-19391.2,TRUE,410,2025-11-03T09:31:39.629574,1762142499.682000,31,47,31,15,1762142499.382000,47,-3,1.021,TRUE,411,2025-11-03T09:31:40.629573,1762142499.810000,13,26,13,12,1762142499.435000,25,-25,1.001,TRUE,53.000,34565.504,FALSE,FALSE,FALSE,TRUE,FALSE,ECG samples:25
428,-19390.2,TRUE,411,2025-11-03T09:31:40.629573,1762142500.684000,32,48,32,15,1762142500.384000,47,-3,1.002,TRUE,412,2025-11-03T09:31:41.629575,1762142500.811000,13,26,13,12,1762142500.436000,25,-25,1.001,TRUE,52.000,34617.504,FALSE,FALSE,FALSE,TRUE,FALSE,ECG samples:25
429,-19389.3,TRUE,412,2025-11-03T09:31:41.629575,1762142501.685000,32,49,32,16,1762142501.365000,49,-1,0.981,TRUE,413,2025-11-03T09:31:42.629573,1762142501.812000,13,26,13,12,1762142501.437000,26,-24,1.001,TRUE,72.000,34689.504,FALSE,FALSE,FALSE,TRUE,FALSE,ECG samples:26
430,-19388.2,TRUE,413,2025-11-03T09:31:42.629573,1762142502.686000,33,49,33,15,1762142502.386000,47,-3,1.021,TRUE,414,2025-11-03T09:31:43.629579,1762142502.814000,14,26,14,11,1762142502.470250,25,-25,1.033,TRUE,84.250,34773.753,FALSE,FALSE,FALSE,TRUE,FALSE,ECG samples:25
431,-19387.3,TRUE,414,2025-11-03T09:31:43.629579,1762142503.689000,32,49,32,16,1762142503.369000,49,-1,0.983,TRUE,415,2025-11-03T09:31:44.629569,1762142503.815000,14,26,14,11,1762142503.471250,25,-25,1.001,TRUE,102.250,34876.004,FALSE,FALSE,FALSE,TRUE,FALSE,ECG samples:25
432,-19386.3,TRUE,415,2025-11-03T09:31:44.629569,1762142504.691000,33,50,33,16,1762142504.371000,49,-1,1.002,TRUE,416,2025-11-03T09:31:45.629572,1762142504.817000,14,27,14,12,1762142504.442000,24,-26,0.971,TRUE,71.000,34947.003,FALSE,FALSE,FALSE,TRUE,FALSE,ECG samples:24
433,-19385.2,TRUE,416,2025-11-03T09:31:45.629572,1762142505.692000,33,49,33,15,1762142505.392000,48,-2,1.021,TRUE,417,2025-11-03T09:31:46.629569,1762142505.818000,12,25,12,12,1762142505.443000,25,-25,1.001,TRUE,51.000,34998.003,FALSE,FALSE,FALSE,TRUE,FALSE,ECG samples:25
434,-19384.3,TRUE,417,2025-11-03T09:31:46.629569,1762142506.693000,33,50,33,16,1762142506.373000,49,-1,0.981,TRUE,418,2025-11-03T09:31:47.629580,1762142506.819000,13,26,13,12,1762142506.444000,25,-25,1.001,TRUE,71.000,35069.003,FALSE,FALSE,FALSE,TRUE,FALSE,ECG samples:25
435,-19383.3,TRUE,418,2025-11-03T09:31:47.629580,1762142507.694000,33,50,33,16,1762142507.374000,46,-4,1.001,TRUE,419,2025-11-03T09:31:48.629566,1762142507.820000,13,26,13,12,1762142507.445000,25,-25,1.001,TRUE,71.000,35140.003,FALSE,FALSE,FALSE,TRUE,FALSE,ECG samples:25
436,-19382.3,TRUE,419,2025-11-03T09:31:48.629566,1762142508.696000,30,47,30,16,1762142508.376000,49,-1,1.002,TRUE,420,2025-11-03T09:31:49.629572,1762142508.821000,13,26,13,12,1762142508.446000,25,-25,1.001,TRUE,70.000,35210.003,FALSE,FALSE,FALSE,TRUE,FALSE,ECG samples:25
437,-19381.3,TRUE,420,2025-11-03T09:31:49.629572,1762142509.697000,33,51,33,17,1762142509.357000,49,-1,0.981,TRUE,421,2025-11-03T09:31:50.629577,1762142509.823000,13,26,13,12,1762142509.448000,25,-25,1.002,TRUE,91.000,35301.003,FALSE,FALSE,FALSE,TRUE,FALSE,ECG samples:25
438,-19380.3,TRUE,421,2025-11-03T09:31:50.629577,1762142510.698000,32,49,32,16,1762142510.378000,47,-3,1.021,TRUE,422,2025-11-03T09:31:51.629573,1762142510.824000,13,26,13,12,1762142510.449000,25,-25,1.001,TRUE,71.000,35372.003,FALSE,FALSE,FALSE,TRUE,FALSE,ECG samples:25
439,-19379.3,TRUE,422,2025-11-03T09:31:51.629573,1762142511.700000,31,49,31,17,1762142511.360000,48,-2,0.982,TRUE,423,2025-11-03T09:31:52.629561,1762142511.825000,13,26,13,12,1762142511.450000,25,-25,1.001,TRUE,90.000,35462.003,FALSE,FALSE,FALSE,TRUE,FALSE,ECG samples:25
440,-19378.2,TRUE,423,2025-11-03T09:31:52.629561,1762142512.701000,31,48,31,16,1762142512.381000,48,-2,1.021,TRUE,424,2025-11-03T09:31:53.629570,1762142512.827000,13,26,13,12,1762142512.452000,25,-25,1.002,TRUE,71.000,35533.003,FALSE,FALSE,FALSE,TRUE,FALSE,ECG samples:25
441,-19377.2,TRUE,424,2025-11-03T09:31:53.629570,1762142513.702000,32,49,32,16,1762142513.382000,48,-2,1.001,TRUE,425,2025-11-03T09:31:54.629568,1762142513.828000,13,26,13,12,1762142513.453000,25,-25,1.001,TRUE,71.000,35604.003,FALSE,FALSE,FALSE,TRUE,FALSE,ECG samples:25
442,-19376.2,TRUE,425,2025-11-03T09:31:54.629568,1762142514.704000,32,49,32,16,1762142514.384000,47,-3,1.002,TRUE,426,2025-11-03T09:31:55.629580,1762142514.829000,13,26,13,12,1762142514.454000,25,-25,1.001,TRUE,70.000,35674.003,FALSE,FALSE,FALSE,TRUE,FALSE,ECG samples:25
443,-19375.3,TRUE,426,2025-11-03T09:31:55.629580,1762142515.705000,31,49,31,17,1762142515.365000,50,+0,0.981,TRUE,427,2025-11-03T09:31:56.629575,1762142515.830000,13,26,13,12,1762142515.455000,25,-25,1.001,TRUE,90.000,35764.003,FALSE,FALSE,FALSE,TRUE,FALSE,ECG samples:25
444,-19374.2,TRUE,427,2025-11-03T09:31:56.629575,1762142516.706000,33,50,33,16,1762142516.386000,48,-2,1.021,TRUE,428,2025-11-03T09:31:57.629574,1762142516.832000,13,26,13,12,1762142516.457000,25,-25,1.002,TRUE,71.000,35835.002,FALSE,FALSE,FALSE,TRUE,FALSE,ECG samples:25
445,-19373.2,TRUE,428,2025-11-03T09:31:57.629574,1762142517.708000,32,49,32,16,1762142517.388000,48,-2,1.002,TRUE,429,2025-11-03T09:31:58.629571,1762142517.833000,13,26,13,12,1762142517.458000,25,-25,1.001,TRUE,70.000,35905.002,FALSE,FALSE,FALSE,TRUE,FALSE,ECG samples:25
446,-19372.3,TRUE,429,2025-11-03T09:31:58.629571,1762142518.709000,32,50,32,17,1762142518.369000,48,-2,0.981,TRUE,430,2025-11-03T09:31:59.629572,1762142518.834000,13,26,13,12,1762142518.459000,25,-25,1.001,TRUE,90.000,35995.002,FALSE,FALSE,FALSE,TRUE,FALSE,ECG samples:25
447,-19371.3,TRUE,430,2025-11-03T09:31:59.629572,1762142519.711000,31,49,31,17,1762142519.371000,47,-3,1.002,TRUE,431,2025-11-03T09:32:00.629576,1762142519.835000,13,26,13,12,1762142519.460000,25,-25,1.001,TRUE,89.000,36084.002,FALSE,FALSE,FALSE,TRUE,FALSE,ECG samples:25
448,-19370.3,TRUE,431,2025-11-03T09:32:00.629576,1762142520.713000,30,48,30,17,1762142520.373000,48,-2,1.002,TRUE,432,2025-11-03T09:32:01.629600,1762142520.837000,13,26,13,12,1762142520.462000,25,-25,1.002,TRUE,89.000,36173.002,FALSE,FALSE,FALSE,TRUE,FALSE,ECG samples:25
449,-19369.2,TRUE,432,2025-11-03T09:32:01.629600,1762142521.715000,31,48,31,16,1762142521.395000,47,-3,1.022,TRUE,433,2025-11-03T09:32:02.629555,1762142521.838000,13,26,13,12,1762142521.463000,25,-25,1.001,TRUE,68.000,36241.002,FALSE,FALSE,FALSE,TRUE,FALSE,ECG samples:25
450,-19368.3,TRUE,433,2025-11-03T09:32:02.629555,1762142522.716000,31,49,31,17,1762142522.376000,48,-2,0.981,TRUE,434,2025-11-03T09:32:03.629534,1762142522.840000,13,26,13,12,1762142522.465000,25,-25,1.002,TRUE,89.000,36330.002,FALSE,FALSE,FALSE,TRUE,FALSE,ECG samples:25
451,-19367.3,TRUE,434,2025-11-03T09:32:03.629534,1762142523.718000,31,49,31,17,1762142523.378000,47,-3,1.002,TRUE,435,2025-11-03T09:32:04.629630,1762142523.841000,13,26,13,12,1762142523.466000,25,-25,1.001,TRUE,88.000,36418.002,FALSE,FALSE,FALSE,TRUE,FALSE,ECG samples:25
452,-19366.3,TRUE,435,2025-11-03T09:32:04.629630,1762142524.720000,30,49,30,18,1762142524.360000,48,-2,0.982,TRUE,436,2025-11-03T09:32:05.629564,1762142524.843000,13,26,13,12,1762142524.468000,25,-25,1.002,TRUE,108.000,36526.002,FALSE,FALSE,FALSE,TRUE,FALSE,ECG samples:25
453,-19365.3,TRUE,436,2025-11-03T09:32:05.629564,1762142525.722000,30,49,30,18,1762142525.362000,49,-1,1.002,TRUE,437,2025-11-03T09:32:06.629576,1762142525.845000,13,26,13,12,1762142525.470000,25,-25,1.002,TRUE,108.000,36634.002,FALSE,FALSE,FALSE,TRUE,FALSE,ECG samples:25
454,-19364.2,TRUE,437,2025-11-03T09:32:06.629576,1762142526.723000,31,49,31,17,1762142526.383000,48,-2,1.021,TRUE,438,2025-11-03T09:32:07.629574,1762142526.847000,13,26,13,12,1762142526.472000,25,-25,1.002,TRUE,89.000,36723.001,FALSE,FALSE,FALSE,TRUE,FALSE,ECG samples:25
455,-19363.2,TRUE,438,2025-11-03T09:32:07.629574,1762142527.725000,31,49,31,17,1762142527.385000,49,-1,1.002,TRUE,439,2025-11-03T09:32:08.629570,1762142527.849000,13,26,13,12,1762142527.474000,25,-25,1.002,TRUE,89.000,36812.001,FALSE,FALSE,FALSE,TRUE,FALSE,ECG samples:25
456,-19362.2,TRUE,439,2025-11-03T09:32:08.629570,1762142528.728000,32,50,32,17,1762142528.388000,48,-2,1.003,TRUE,440,2025-11-03T09:32:09.629568,1762142528.851000,13,26,13,12,1762142528.476000,25,-25,1.002,TRUE,88.000,36900.002,FALSE,FALSE,FALSE,TRUE,FALSE,ECG samples:25
457,-19361.3,TRUE,440,2025-11-03T09:32:09.629568,1762142529.730000,31,50,31,18,1762142529.370000,48,-2,0.982,TRUE,441,2025-11-03T09:32:10.629555,1762142529.853000,13,26,13,12,1762142529.478000,25,-25,1.002,TRUE,108.000,37008.001,FALSE,FALSE,FALSE,TRUE,FALSE,ECG samples:25
458,-19360.3,TRUE,441,2025-11-03T09:32:10.629555,1762142530.632000,30,44,30,13,1762142530.372000,48,-2,1.002,TRUE,442,2025-11-03T09:32:11.629550,1762142530.755000,13,24,13,10,1762142530.442500,25,-25,0.965,TRUE,70.500,37078.501,FALSE,FALSE,FALSE,TRUE,FALSE,ECG samples:25
459,-19359.3,TRUE,442,2025-11-03T09:32:11.629550,1762142531.635000,35,49,35,13,1762142531.375000,48,-2,1.003,TRUE,443,2025-11-03T09:32:12.629573,1762142531.756000,15,26,15,10,1762142531.443500,25,-25,1.001,TRUE,68.500,37147.002,FALSE,FALSE,FALSE,TRUE,FALSE,ECG samples:25
460,-19358.3,TRUE,443,2025-11-03T09:32:12.629573,1762142532.636000,35,49,35,13,1762142532.376000,48,-2,1.001,TRUE,444,2025-11-03T09:32:13.629577,1762142532.758000,15,26,15,10,1762142532.445500,25,-25,1.002,TRUE,69.500,37216.501,FALSE,FALSE,FALSE,TRUE,FALSE,ECG samples:25
461,-19357.3,TRUE,444,2025-11-03T09:32:13.629577,1762142533.638000,35,50,35,14,1762142533.358000,49,-1,0.982,TRUE,445,2025-11-03T09:32:14.629568,1762142533.759000,15,26,15,10,1762142533.446500,25,-25,1.001,TRUE,88.500,37305.001,FALSE,FALSE,FALSE,TRUE,FALSE,ECG samples:25
462,-19356.2,TRUE,445,2025-11-03T09:32:14.629568,1762142534.640000,35,49,35,13,1762142534.380000,48,-2,1.022,TRUE,446,2025-11-03T09:32:15.629553,1762142534.761000,15,26,15,10,1762142534.448500,25,-25,1.002,TRUE,68.500,37373.501,FALSE,FALSE,FALSE,TRUE,FALSE,ECG samples:25
463,-19355.2,TRUE,446,2025-11-03T09:32:15.629553,1762142535.641000,35,49,35,13,1762142535.381000,49,-1,1.001,TRUE,447,2025-11-03T09:32:16.629570,1762142535.763000,15,26,15,10,1762142535.450500,24,-26,1.002,TRUE,69.500,37443.001,FALSE,FALSE,FALSE,TRUE,FALSE,ECG samples:24
464,-19354.2,TRUE,447,2025-11-03T09:32:16.629570,1762142536.643000,36,49,36,12,1762142536.403000,48,-2,1.022,TRUE,448,2025-11-03T09:32:17.629567,1762142536.765000,14,25,14,10,1762142536.452500,25,-25,1.002,TRUE,49.500,37492.501,FALSE,FALSE,FALSE,TRUE,FALSE,ECG samples:25
465,-19353.2,TRUE,448,2025-11-03T09:32:17.629567,1762142537.645000,36,50,36,13,1762142537.385000,47,-3,0.982,TRUE,449,2025-11-03T09:32:18.629574,1762142537.766000,15,26,15,10,1762142537.453500,25,-25,1.001,TRUE,68.500,37561.002,FALSE,FALSE,FALSE,TRUE,FALSE,ECG samples:25
466,-19352.3,TRUE,449,2025-11-03T09:32:18.629574,1762142538.647000,34,49,34,14,1762142538.367000,49,-1,0.982,TRUE,450,2025-11-03T09:32:19.629573,1762142538.767000,15,26,15,10,1762142538.454500,25,-25,1.001,TRUE,87.500,37648.501,FALSE,FALSE,FALSE,TRUE,FALSE,ECG samples:25
467,-19351.3,TRUE,450,2025-11-03T09:32:19.629573,1762142539.649000,35,50,35,14,1762142539.369000,48,-2,1.002,TRUE,451,2025-11-03T09:32:20.629572,1762142539.768000,15,26,15,10,1762142539.455500,25,-25,1.001,TRUE,86.500,37735.001,FALSE,FALSE,FALSE,TRUE,FALSE,ECG samples:25
468,-19350.3,TRUE,451,2025-11-03T09:32:20.629572,1762142540.651000,34,49,34,14,1762142540.371000,48,-2,1.002,TRUE,452,2025-11-03T09:32:21.629569,1762142540.770000,15,26,15,10,1762142540.457500,25,-25,1.002,TRUE,86.500,37821.501,FALSE,FALSE,FALSE,TRUE,FALSE,ECG samples:25
469,-19349.3,TRUE,452,2025-11-03T09:32:21.629569,1762142541.654000,34,49,34,14,1762142541.374000,50,+0,1.003,TRUE,453,2025-11-03T09:32:22.629569,1762142541.771000,15,26,15,10,1762142541.458500,25,-25,1.001,TRUE,84.500,37906.001,FALSE,FALSE,FALSE,TRUE,FALSE,ECG samples:25
470,-19348.2,TRUE,453,2025-11-03T09:32:22.629569,1762142542.656000,36,50,36,13,1762142542.396000,47,-3,1.022,TRUE,454,2025-11-03T09:32:23.629570,1762142542.772000,15,26,15,10,1762142542.459500,25,-25,1.001,TRUE,63.500,37969.501,FALSE,FALSE,FALSE,TRUE,FALSE,ECG samples:25
471,-19347.3,TRUE,454,2025-11-03T09:32:23.629570,1762142543.657000,34,49,34,14,1762142543.377000,49,-1,0.981,TRUE,455,2025-11-03T09:32:24.629573,1762142543.774000,15,27,15,11,1762142543.430250,25,-25,0.971,TRUE,53.250,38022.751,FALSE,FALSE,FALSE,TRUE,FALSE,ECG samples:25
472,-19346.2,TRUE,455,2025-11-03T09:32:24.629573,1762142544.659000,35,49,35,13,1762142544.399000,48,-2,1.022,TRUE,456,2025-11-03T09:32:25.629571,1762142544.775000,14,26,14,11,1762142544.431250,25,-25,1.001,TRUE,32.250,38055.001,FALSE,FALSE,FALSE,TRUE,FALSE,ECG samples:25
473,-19345.2,TRUE,456,2025-11-03T09:32:25.629571,1762142545.661000,35,49,35,13,1762142545.401000,47,-3,1.002,TRUE,457,2025-11-03T09:32:26.629567,1762142545.776000,14,26,14,11,1762142545.432250,25,-25,1.001,TRUE,31.250,38086.251,FALSE,FALSE,FALSE,TRUE,FALSE,ECG samples:25
474,-19344.2,TRUE,457,2025-11-03T09:32:26.629567,1762142546.663000,34,49,34,14,1762142546.383000,48,-2,0.982,TRUE,458,2025-11-03T09:32:27.629558,1762142546.777000,14,26,14,11,1762142546.433250,25,-25,1.001,TRUE,50.250,38136.501,FALSE,FALSE,FALSE,TRUE,FALSE,ECG samples:25
475,-19343.2,TRUE,458,2025-11-03T09:32:27.629558,1762142547.665000,34,49,34,14,1762142547.385000,48,-2,1.002,TRUE,459,2025-11-03T09:32:28.629557,1762142547.779000,14,26,14,11,1762142547.435250,25,-25,1.002,TRUE,50.250,38186.751,FALSE,FALSE,FALSE,TRUE,FALSE,ECG samples:25
476,-19342.2,TRUE,459,2025-11-03T09:32:28.629557,1762142548.667000,34,49,34,14,1762142548.387000,47,-3,1.002,TRUE,460,2025-11-03T09:32:29.629564,1762142548.780000,14,26,14,11,1762142548.436250,25,-25,1.001,TRUE,49.250,38236.001,FALSE,FALSE,FALSE,TRUE,FALSE,ECG samples:25
477,-19341.2,TRUE,460,2025-11-03T09:32:29.629564,1762142549.668000,33,48,33,14,1762142549.388000,47,-3,1.001,TRUE,461,2025-11-03T09:32:30.629559,1762142549.782000,14,26,14,11,1762142549.438250,24,-26,1.002,TRUE,50.250,38286.251,FALSE,FALSE,FALSE,TRUE,FALSE,ECG samples:24
478,-19340.2,TRUE,461,2025-11-03T09:32:30.629559,1762142550.670000,33,48,33,14,1762142550.390000,48,-2,1.002,TRUE,462,2025-11-03T09:32:31.629569,1762142550.783000,13,25,13,11,1762142550.439250,25,-25,1.001,TRUE,49.250,38335.501,FALSE,FALSE,FALSE,TRUE,FALSE,ECG samples:25
479,-19339.2,TRUE,462,2025-11-03T09:32:31.629569,1762142551.671000,34,49,34,14,1762142551.391000,48,-2,1.001,TRUE,463,2025-11-03T09:32:32.629571,1762142551.785000,14,26,14,11,1762142551.441250,25,-25,1.002,TRUE,50.250,38385.751,FALSE,FALSE,FALSE,TRUE,FALSE,ECG samples:25
480,-19338.2,TRUE,463,2025-11-03T09:32:32.629571,1762142552.673000,34,49,34,14,1762142552.393000,48,-2,1.002,TRUE,464,2025-11-03T09:32:33.629574,1762142552.786000,14,26,14,11,1762142552.442250,25,-25,1.001,TRUE,49.250,38435.001,FALSE,FALSE,FALSE,TRUE,FALSE,ECG samples:25
481,-19337.2,TRUE,464,2025-11-03T09:32:33.629574,1762142553.674000,34,49,34,14,1762142553.394000,48,-2,1.001,TRUE,465,2025-11-03T09:32:34.629578,1762142553.788000,14,26,14,11,1762142553.444250,25,-25,1.002,TRUE,50.250,38485.251,FALSE,FALSE,FALSE,TRUE,FALSE,ECG samples:25
482,-19336.3,TRUE,465,2025-11-03T09:32:34.629578,1762142554.676000,34,50,34,15,1762142554.376000,48,-2,0.982,TRUE,466,2025-11-03T09:32:35.629558,1762142554.789000,14,26,14,11,1762142554.445250,25,-25,1.001,TRUE,69.250,38554.501,FALSE,FALSE,FALSE,TRUE,FALSE,ECG samples:25
483,-19335.3,TRUE,466,2025-11-03T09:32:35.629558,1762142555.678000,33,49,33,15,1762142555.378000,48,-2,1.002,TRUE,467,2025-11-03T09:32:36.629568,1762142555.792000,14,26,14,11,1762142555.448250,25,-25,1.003,TRUE,70.250,38624.751,FALSE,FALSE,FALSE,TRUE,FALSE,ECG samples:25
484,-19334.2,TRUE,467,2025-11-03T09:32:36.629568,1762142556.680000,33,49,33,15,1762142556.380000,49,-1,1.002,TRUE,468,2025-11-03T09:32:37.629587,1762142556.793000,14,26,14,11,1762142556.449250,25,-25,1.001,TRUE,69.250,38694.001,FALSE,FALSE,FALSE,TRUE,FALSE,ECG samples:25
485,-19333.2,TRUE,468,2025-11-03T09:32:37.629587,1762142557.682000,34,50,34,15,1762142557.382000,48,-2,1.002,TRUE,469,2025-11-03T09:32:38.629572,1762142557.795000,14,26,14,11,1762142557.451250,25,-25,1.002,TRUE,69.250,38763.251,FALSE,FALSE,FALSE,TRUE,FALSE,ECG samples:25
486,-19332.2,TRUE,469,2025-11-03T09:32:38.629572,1762142558.682000,33,48,33,14,1762142558.402000,48,-2,1.020,TRUE,470,2025-11-03T09:32:39.629563,1762142558.797000,14,26,14,11,1762142558.453250,25,-25,1.002,TRUE,51.250,38814.501,FALSE,FALSE,FALSE,TRUE,FALSE,ECG samples:25
487,-19331.2,TRUE,470,2025-11-03T09:32:39.629563,1762142559.684000,34,50,34,15,1762142559.384000,49,-1,0.982,TRUE,471,2025-11-03T09:32:40.629565,1762142559.799000,14,26,14,11,1762142559.455250,25,-25,1.002,TRUE,71.250,38885.751,FALSE,FALSE,FALSE,TRUE,FALSE,ECG samples:25
488,-19330.2,TRUE,471,2025-11-03T09:32:40.629565,1762142560.686000,34,49,34,14,1762142560.406000,48,-2,1.022,TRUE,472,2025-11-03T09:32:41.629560,1762142560.801000,14,26,14,11,1762142560.457250,25,-25,1.002,TRUE,51.250,38937.001,FALSE,FALSE,FALSE,TRUE,FALSE,ECG samples:25
489,-19329.2,TRUE,472,2025-11-03T09:32:41.629560,1762142561.687000,34,49,34,14,1762142561.407000,48,-2,1.001,TRUE,473,2025-11-03T09:32:42.629565,1762142561.802000,14,26,14,11,1762142561.458250,25,-25,1.001,TRUE,51.250,38988.251,FALSE,FALSE,FALSE,TRUE,FALSE,ECG samples:25
490,-19328.2,TRUE,473,2025-11-03T09:32:42.629565,1762142562.688000,34,50,34,15,1762142562.388000,48,-2,0.981,TRUE,474,2025-11-03T09:32:43.629567,1762142562.803000,14,26,14,11,1762142562.459250,25,-25,1.001,TRUE,71.250,39059.501,FALSE,FALSE,FALSE,TRUE,FALSE,ECG samples:25
491,-19327.2,TRUE,474,2025-11-03T09:32:43.629567,1762142563.689000,33,48,33,14,1762142563.409000,47,-3,1.021,TRUE,475,2025-11-03T09:32:44.629564,1762142563.805000,14,26,14,11,1762142563.461250,25,-25,1.002,TRUE,52.250,39111.751,FALSE,FALSE,FALSE,TRUE,FALSE,ECG samples:25
492,-19326.2,TRUE,475,2025-11-03T09:32:44.629564,1762142564.691000,33,48,33,14,1762142564.411000,47,-3,1.002,TRUE,476,2025-11-03T09:32:45.629564,1762142564.806000,14,26,14,11,1762142564.462250,25,-25,1.001,TRUE,51.250,39163.001,FALSE,FALSE,FALSE,TRUE,FALSE,ECG samples:25
493,-19325.2,TRUE,476,2025-11-03T09:32:45.629564,1762142565.693000,33,49,33,15,1762142565.393000,48,-2,0.982,TRUE,477,2025-11-03T09:32:46.629569,1762142565.808000,14,26,14,11,1762142565.464250,25,-25,1.002,TRUE,71.250,39234.251,FALSE,FALSE,FALSE,TRUE,FALSE,ECG samples:25
494,-19324.2,TRUE,477,2025-11-03T09:32:46.629569,1762142566.694000,33,49,33,15,1762142566.394000,47,-3,1.001,TRUE,478,2025-11-03T09:32:47.629560,1762142566.810000,14,26,14,11,1762142566.466250,25,-25,1.002,TRUE,72.250,39306.501,FALSE,FALSE,FALSE,TRUE,FALSE,ECG samples:25
495,-19323.2,TRUE,478,2025-11-03T09:32:47.629560,1762142567.695000,32,48,32,15,1762142567.395000,48,-2,1.001,TRUE,479,2025-11-03T09:32:48.629581,1762142567.811000,14,26,14,11,1762142567.467250,25,-25,1.001,TRUE,72.250,39378.751,FALSE,FALSE,FALSE,TRUE,FALSE,ECG samples:25
496,-19322.2,TRUE,479,2025-11-03T09:32:48.629581,1762142568.697000,33,48,33,14,1762142568.417000,47,-3,1.022,TRUE,480,2025-11-03T09:32:49.629566,1762142568.812000,14,27,14,12,1762142568.437000,25,-25,0.970,TRUE,20.000,39398.751,FALSE,FALSE,FALSE,TRUE,FALSE,ECG samples:25
497,-19321.3,TRUE,480,2025-11-03T09:32:49.629566,1762142569.698000,33,50,33,16,1762142569.378000,49,-1,0.961,TRUE,481,2025-11-03T09:32:50.629566,1762142569.813000,13,26,13,12,1762142569.438000,25,-25,1.001,TRUE,60.000,39458.751,FALSE,FALSE,FALSE,TRUE,FALSE,ECG samples:25
498,-19320.2,TRUE,481,2025-11-03T09:32:50.629566,1762142570.699000,33,49,33,15,1762142570.399000,48,-2,1.021,TRUE,482,2025-11-03T09:32:51.629559,1762142570.815000,13,26,13,12,1762142570.440000,25,-25,1.002,TRUE,41.000,39499.751,FALSE,FALSE,FALSE,TRUE,FALSE,ECG samples:25
499,-19319.2,TRUE,482,2025-11-03T09:32:51.629559,1762142571.700000,33,49,33,15,1762142571.400000,46,-4,1.001,TRUE,483,2025-11-03T09:32:52.629558,1762142571.816000,13,26,13,12,1762142571.441000,25,-25,1.001,TRUE,41.000,39540.751,FALSE,FALSE,FALSE,TRUE,FALSE,ECG samples:25
500,-19318.2,TRUE,483,2025-11-03T09:32:52.629558,1762142572.702000,31,47,31,15,1762142572.402000,48,-2,1.002,TRUE,484,2025-11-03T09:32:53.629567,1762142572.817000,13,26,13,12,1762142572.442000,25,-25,1.001,TRUE,40.000,39580.751,FALSE,FALSE,FALSE,TRUE,FALSE,ECG samples:25
501,-19317.2,TRUE,484,2025-11-03T09:32:53.629567,1762142573.703000,33,50,33,16,1762142573.383000,49,-1,0.981,TRUE,485,2025-11-03T09:32:54.629569,1762142573.819000,13,26,13,12,1762142573.444000,25,-25,1.002,TRUE,61.000,39641.751,FALSE,FALSE,FALSE,TRUE,FALSE,ECG samples:25
502,-19316.2,TRUE,485,2025-11-03T09:32:54.629569,1762142574.705000,33,49,33,15,1762142574.405000,48,-2,1.022,TRUE,486,2025-11-03T09:32:55.629579,1762142574.820000,13,26,13,12,1762142574.445000,25,-25,1.001,TRUE,40.000,39681.751,FALSE,FALSE,FALSE,TRUE,FALSE,ECG samples:25
503,-19315.2,TRUE,486,2025-11-03T09:32:55.629579,1762142575.706000,33,48,33,14,1762142575.426000,47,-3,1.021,TRUE,487,2025-11-03T09:32:56.629571,1762142575.822000,13,26,13,12,1762142575.447000,25,-25,1.002,TRUE,21.000,39702.750,FALSE,FALSE,FALSE,TRUE,FALSE,ECG samples:25
504,-19314.2,TRUE,487,2025-11-03T09:32:56.629571,1762142576.707000,33,49,33,15,1762142576.407000,48,-2,0.981,TRUE,488,2025-11-03T09:32:57.629562,1762142576.823000,13,26,13,12,1762142576.448000,24,-26,1.001,TRUE,41.000,39743.750,FALSE,FALSE,FALSE,TRUE,FALSE,ECG samples:24
505,-19313.2,TRUE,488,2025-11-03T09:32:57.629562,1762142577.708000,33,50,33,16,1762142577.388000,48,-2,0.981,TRUE,489,2025-11-03T09:32:58.629558,1762142577.824000,12,25,12,12,1762142577.449000,25,-25,1.001,TRUE,61.000,39804.750,FALSE,FALSE,FALSE,TRUE,FALSE,ECG samples:25
506,-19312.2,TRUE,489,2025-11-03T09:32:58.629558,1762142578.710000,32,48,32,15,1762142578.410000,47,-3,1.022,TRUE,490,2025-11-03T09:32:59.629565,1762142578.827000,13,26,13,12,1762142578.452000,25,-25,1.003,TRUE,42.000,39846.750,FALSE,FALSE,FALSE,TRUE,FALSE,ECG samples:25
507,-19311.2,TRUE,490,2025-11-03T09:32:59.629565,1762142579.712000,32,49,32,16,1762142579.392000,49,-1,0.982,TRUE,491,2025-11-03T09:33:00.629580,1762142579.828000,13,26,13,12,1762142579.453000,25,-25,1.001,TRUE,61.000,39907.750,FALSE,FALSE,FALSE,TRUE,FALSE,ECG samples:25
508,-19310.2,TRUE,491,2025-11-03T09:33:00.629580,1762142580.713000,33,50,33,16,1762142580.393000,49,-1,1.001,TRUE,492,2025-11-03T09:33:01.629577,1762142580.830000,13,26,13,12,1762142580.455000,25,-25,1.002,TRUE,62.000,39969.750,FALSE,FALSE,FALSE,TRUE,FALSE,ECG samples:25
509,-19309.2,TRUE,492,2025-11-03T09:33:01.629577,1762142581.715000,33,50,33,16,1762142581.395000,48,-2,1.002,TRUE,493,2025-11-03T09:33:02.629565,1762142581.831000,13,26,13,12,1762142581.456000,25,-25,1.001,TRUE,61.000,40030.750,FALSE,FALSE,FALSE,TRUE,FALSE,ECG samples:25
510,-19308.2,TRUE,493,2025-11-03T09:33:02.629565,1762142582.718000,32,49,32,16,1762142582.398000,48,-2,1.003,TRUE,494,2025-11-03T09:33:03.629565,1762142582.833000,13,26,13,12,1762142582.458000,25,-25,1.002,TRUE,60.000,40090.750,FALSE,FALSE,FALSE,TRUE,FALSE,ECG samples:25
511,-19307.2,TRUE,494,2025-11-03T09:33:03.629565,1762142583.721000,32,49,32,16,1762142583.401000,49,-1,1.003,TRUE,495,2025-11-03T09:33:04.629567,1762142583.834000,13,26,13,12,1762142583.459000,25,-25,1.001,TRUE,58.000,40148.750,FALSE,FALSE,FALSE,TRUE,FALSE,ECG samples:25
512,-19306.2,TRUE,495,2025-11-03T09:33:04.629567,1762142584.724000,33,50,33,16,1762142584.404000,47,-3,1.003,TRUE,496,2025-11-03T09:33:05.629574,1762142584.836000,13,26,13,12,1762142584.461000,25,-25,1.002,TRUE,57.000,40205.750,FALSE,FALSE,FALSE,TRUE,FALSE,ECG samples:25
513,-19305.2,TRUE,496,2025-11-03T09:33:05.629574,1762142585.726000,31,48,31,16,1762142585.406000,48,-2,1.002,TRUE,497,2025-11-03T09:33:06.629567,1762142585.837000,13,25,13,11,1762142585.493250,24,-26,1.032,TRUE,87.250,40293.000,FALSE,FALSE,FALSE,TRUE,FALSE,ECG samples:24
514,-19304.2,TRUE,497,2025-11-03T09:33:06.629567,1762142586.728000,32,49,32,16,1762142586.408000,48,-2,1.002,TRUE,498,2025-11-03T09:33:07.629577,1762142586.839000,13,26,13,12,1762142586.464000,25,-25,0.971,TRUE,56.000,40349.000,FALSE,FALSE,FALSE,TRUE,FALSE,ECG samples:25
515,-19303.2,TRUE,498,2025-11-03T09:33:07.629577,1762142587.631000,32,45,32,12,1762142587.391000,48,-2,0.983,TRUE,499,2025-11-03T09:33:08.629575,1762142587.740000,13,24,13,10,1762142587.427500,25,-25,0.964,TRUE,36.500,40385.500,FALSE,FALSE,FALSE,TRUE,FALSE,ECG samples:25
516,-19302.2,TRUE,499,2025-11-03T09:33:08.629575,1762142588.632000,36,48,36,11,1762142588.412000,48,-2,1.021,TRUE,500,2025-11-03T09:33:09.629575,1762142588.741000,15,26,15,10,1762142588.428500,25,-25,1.001,TRUE,16.500,40402.000,FALSE,FALSE,FALSE,TRUE,FALSE,ECG samples:25
517,-19301.2,TRUE,500,2025-11-03T09:33:09.629575,1762142589.634000,37,50,37,12,1762142589.394000,49,-1,0.982,TRUE,501,2025-11-03T09:33:10.629569,1762142589.742000,15,26,15,10,1762142589.429500,25,-25,1.001,TRUE,35.500,40437.500,FALSE,FALSE,FALSE,TRUE,FALSE,ECG samples:25
518,-19300.2,TRUE,501,2025-11-03T09:33:10.629569,1762142590.637000,37,50,37,12,1762142590.397000,48,-2,1.003,TRUE,502,2025-11-03T09:33:11.629588,1762142590.744000,15,26,15,10,1762142590.431500,25,-25,1.002,TRUE,34.500,40472.000,FALSE,FALSE,FALSE,TRUE,FALSE,ECG samples:25
519,-19299.2,TRUE,502,2025-11-03T09:33:11.629588,1762142591.638000,36,49,36,12,1762142591.398000,49,-1,1.001,TRUE,503,2025-11-03T09:33:12.629566,1762142591.745000,15,26,15,10,1762142591.432500,25,-25,1.001,TRUE,34.500,40506.500,FALSE,FALSE,FALSE,TRUE,FALSE,ECG samples:25
520,-19298.2,TRUE,503,2025-11-03T09:33:12.629566,1762142592.641000,37,50,37,12,1762142592.401000,48,-2,1.003,TRUE,504,2025-11-03T09:33:13.629574,1762142592.746000,15,26,15,10,1762142592.433500,25,-25,1.001,TRUE,32.500,40539.000,FALSE,FALSE,FALSE,TRUE,FALSE,ECG samples:25
521,-19297.2,TRUE,504,2025-11-03T09:33:13.629574,1762142593.643000,36,49,36,12,1762142593.403000,49,-1,1.002,TRUE,505,2025-11-03T09:33:14.629572,1762142593.748000,15,26,15,10,1762142593.435500,25,-25,1.002,TRUE,32.500,40571.500,FALSE,FALSE,FALSE,TRUE,FALSE,ECG samples:25
522,-19296.2,TRUE,505,2025-11-03T09:33:14.629572,1762142594.644000,37,49,37,11,1762142594.424000,48,-2,1.021,TRUE,506,2025-11-03T09:33:15.629566,1762142594.749000,15,26,15,10,1762142594.436500,25,-25,1.001,TRUE,12.500,40584.000,FALSE,FALSE,FALSE,TRUE,FALSE,ECG samples:25
523,-19295.2,TRUE,506,2025-11-03T09:33:15.629566,1762142595.646000,37,49,37,11,1762142595.426000,48,-2,1.002,TRUE,507,2025-11-03T09:33:16.629565,1762142595.750000,15,26,15,10,1762142595.437500,25,-25,1.001,TRUE,11.500,40595.500,FALSE,FALSE,FALSE,TRUE,FALSE,ECG samples:25
524,-19294.2,TRUE,507,2025-11-03T09:33:16.629565,1762142596.647000,37,50,37,12,1762142596.407000,47,-3,0.981,TRUE,508,2025-11-03T09:33:17.629563,1762142596.751000,15,26,15,10,1762142596.438500,26,-24,1.001,TRUE,31.500,40627.000,FALSE,FALSE,FALSE,TRUE,FALSE,ECG samples:26
525,-19293.2,TRUE,508,2025-11-03T09:33:17.629563,1762142597.648000,35,49,35,13,1762142597.388000,49,-1,0.981,TRUE,509,2025-11-03T09:33:18.629574,1762142597.752000,16,26,16,9,1762142597.470750,25,-25,1.032,TRUE,82.750,40709.750,FALSE,FALSE,FALSE,TRUE,FALSE,ECG samples:25
526,-19292.2,TRUE,509,2025-11-03T09:33:18.629574,1762142598.650000,36,50,36,13,1762142598.390000,48,-2,1.002,TRUE,510,2025-11-03T09:33:19.629569,1762142598.754000,16,26,16,9,1762142598.472750,25,-25,1.002,TRUE,82.750,40792.500,FALSE,FALSE,FALSE,TRUE,FALSE,ECG samples:25
527,-19291.2,TRUE,510,2025-11-03T09:33:19.629569,1762142599.651000,35,48,35,12,1762142599.411000,47,-3,1.021,TRUE,511,2025-11-03T09:33:20.629561,1762142599.755000,16,26,16,9,1762142599.473750,25,-25,1.001,TRUE,62.750,40855.250,FALSE,FALSE,FALSE,TRUE,FALSE,ECG samples:25
528,-19290.2,TRUE,511,2025-11-03T09:33:20.629561,1762142600.653000,35,49,35,13,1762142600.393000,48,-2,0.982,TRUE,512,2025-11-03T09:33:21.629563,1762142600.756000,16,26,16,9,1762142600.474750,25,-25,1.001,TRUE,81.750,40937.000,FALSE,FALSE,FALSE,TRUE,FALSE,ECG samples:25
529,-19289.2,TRUE,512,2025-11-03T09:33:21.629563,1762142601.655000,35,49,35,13,1762142601.395000,49,-1,1.002,TRUE,513,2025-11-03T09:33:22.629562,1762142601.758000,16,26,16,9,1762142601.476750,25,-25,1.002,TRUE,81.750,41018.749,FALSE,FALSE,FALSE,TRUE,FALSE,ECG samples:25
530,-19288.2,TRUE,513,2025-11-03T09:33:22.629562,1762142602.657000,36,49,36,12,1762142602.417000,48,-2,1.022,TRUE,514,2025-11-03T09:33:23.629562,1762142602.759000,16,26,16,9,1762142602.477750,25,-25,1.001,TRUE,60.750,41079.499,FALSE,FALSE,FALSE,TRUE,FALSE,ECG samples:25
531,-19287.2,TRUE,514,2025-11-03T09:33:23.629562,1762142603.658000,36,49,36,12,1762142603.418000,47,-3,1.001,TRUE,515,2025-11-03T09:33:24.629565,1762142603.760000,16,26,16,9,1762142603.478750,25,-25,1.001,TRUE,60.750,41140.249,FALSE,FALSE,FALSE,TRUE,FALSE,ECG samples:25
532,-19286.2,TRUE,515,2025-11-03T09:33:24.629565,1762142604.659000,35,49,35,13,1762142604.399000,48,-2,0.981,TRUE,516,2025-11-03T09:33:25.629568,1762142604.762000,16,26,16,9,1762142604.480750,25,-25,1.002,TRUE,81.750,41222.000,FALSE,FALSE,FALSE,TRUE,FALSE,ECG samples:25
533,-19285.2,TRUE,516,2025-11-03T09:33:25.629568,1762142605.661000,35,49,35,13,1762142605.401000,49,-1,1.002,TRUE,517,2025-11-03T09:33:26.629567,1762142605.763000,16,26,16,9,1762142605.481750,25,-25,1.001,TRUE,80.750,41302.750,FALSE,FALSE,FALSE,TRUE,FALSE,ECG samples:25
534,-19284.2,TRUE,517,2025-11-03T09:33:26.629567,1762142606.662000,36,50,36,13,1762142606.402000,48,-2,1.001,TRUE,518,2025-11-03T09:33:27.629565,1762142606.765000,16,26,16,9,1762142606.483750,25,-25,1.002,TRUE,81.750,41384.500,FALSE,FALSE,FALSE,TRUE,FALSE,ECG samples:25
535,-19283.2,TRUE,518,2025-11-03T09:33:27.629565,1762142607.663000,35,49,35,13,1762142607.403000,48,-2,1.001,TRUE,519,2025-11-03T09:33:28.629563,1762142607.766000,16,26,16,9,1762142607.484750,25,-25,1.001,TRUE,81.750,41466.250,FALSE,FALSE,FALSE,TRUE,FALSE,ECG samples:25
536,-19282.2,TRUE,519,2025-11-03T09:33:28.629563,1762142608.665000,35,49,35,13,1762142608.405000,49,-1,1.002,TRUE,520,2025-11-03T09:33:29.629570,1762142608.767000,16,26,16,9,1762142608.485750,25,-25,1.001,TRUE,80.750,41547.000,FALSE,FALSE,FALSE,TRUE,FALSE,ECG samples:25
537,-19281.2,TRUE,520,2025-11-03T09:33:29.629570,1762142609.667000,36,50,36,13,1762142609.407000,48,-2,1.002,TRUE,521,2025-11-03T09:33:30.629567,1762142609.768000,16,27,16,10,1762142609.455500,25,-25,0.970,TRUE,48.500,41595.500,FALSE,FALSE,FALSE,TRUE,FALSE,ECG samples:25
538,-19280.2,TRUE,521,2025-11-03T09:33:30.629567,1762142610.668000,35,49,35,13,1762142610.408000,48,-2,1.001,TRUE,522,2025-11-03T09:33:31.629567,1762142610.769000,15,26,15,10,1762142610.456500,25,-25,1.001,TRUE,48.500,41644.000,FALSE,FALSE,FALSE,TRUE,FALSE,ECG samples:25
539,-19279.2,TRUE,522,2025-11-03T09:33:31.629567,1762142611.669000,35,50,35,14,1762142611.389000,49,-1,0.981,TRUE,523,2025-11-03T09:33:32.629574,1762142611.771000,15,26,15,10,1762142611.458500,25,-25,1.002,TRUE,69.500,41713.500,FALSE,FALSE,FALSE,TRUE,FALSE,ECG samples:25
540,-19278.2,TRUE,523,2025-11-03T09:33:32.629574,1762142612.671000,35,49,35,13,1762142612.411000,49,-1,1.022,TRUE,524,2025-11-03T09:33:33.629566,1762142612.872000,15,28,15,12,1762142612.497000,25,-25,1.039,TRUE,86.000,41799.500,FALSE,FALSE,FALSE,TRUE,FALSE,ECG samples:25
541,-19277.2,TRUE,524,2025-11-03T09:33:33.629566,1762142613.674000,36,50,36,13,1762142613.414000,48,-2,1.003,TRUE,525,2025-11-03T09:33:34.629570,1762142613.873000,13,26,13,12,1762142613.498000,25,-25,1.001,TRUE,84.000,41883.499,FALSE,FALSE,FALSE,TRUE,FALSE,ECG samples:25
542,-19276.2,TRUE,525,2025-11-03T09:33:34.629570,1762142614.675000,35,50,35,14,1762142614.395000,48,-2,0.981,TRUE,526,2025-11-03T09:33:35.629575,1762142614.875000,13,26,13,12,1762142614.500000,25,-25,1.002,TRUE,105.000,41988.499,FALSE,FALSE,FALSE,TRUE,FALSE,ECG samples:25
543,-19275.2,TRUE,526,2025-11-03T09:33:35.629575,1762142615.676000,34,49,34,14,1762142615.396000,49,-1,1.001,TRUE,527,2025-11-03T09:33:36.629576,1762142615.876000,13,26,13,12,1762142615.501000,25,-25,1.001,TRUE,105.000,42093.499,FALSE,FALSE,FALSE,TRUE,FALSE,ECG samples:25
544,-19274.2,TRUE,527,2025-11-03T09:33:36.629576,1762142616.678000,35,49,35,13,1762142616.418000,47,-3,1.022,TRUE,528,2025-11-03T09:33:37.629580,1762142616.877000,13,26,13,12,1762142616.502000,25,-25,1.001,TRUE,84.000,42177.499,FALSE,FALSE,FALSE,TRUE,FALSE,ECG samples:25
545,-19273.2,TRUE,528,2025-11-03T09:33:37.629580,1762142617.679000,34,48,34,13,1762142617.419000,47,-3,1.001,TRUE,529,2025-11-03T09:33:38.629570,1762142617.879000,13,26,13,12,1762142617.504000,25,-25,1.002,TRUE,85.000,42262.499,FALSE,FALSE,FALSE,TRUE,FALSE,ECG samples:25
546,-19272.2,TRUE,529,2025-11-03T09:33:38.629570,1762142618.681000,34,49,34,14,1762142618.401000,48,-2,0.982,TRUE,530,2025-11-03T09:33:39.629574,1762142618.880000,13,26,13,12,1762142618.505000,25,-25,1.001,TRUE,104.000,42366.499,FALSE,FALSE,FALSE,TRUE,FALSE,ECG samples:25
547,-19271.2,TRUE,530,2025-11-03T09:33:39.629574,1762142619.682000,34,49,34,14,1762142619.402000,48,-2,1.001,TRUE,531,2025-11-03T09:33:40.629571,1762142619.882000,13,26,13,12,1762142619.507000,25,-25,1.002,TRUE,105.000,42471.499,FALSE,FALSE,FALSE,TRUE,FALSE,ECG samples:25
548,-19270.2,TRUE,531,2025-11-03T09:33:40.629571,1762142620.684000,34,49,34,14,1762142620.404000,48,-2,1.002,TRUE,532,2025-11-03T09:33:41.629576,1762142620.883000,13,26,13,12,1762142620.508000,25,-25,1.001,TRUE,104.000,42575.499,FALSE,FALSE,FALSE,TRUE,FALSE,ECG samples:25
549,-19269.2,TRUE,532,2025-11-03T09:33:41.629576,1762142621.685000,34,49,34,14,1762142621.405000,48,-2,1.001,TRUE,533,2025-11-03T09:33:42.629571,1762142621.884000,13,26,13,12,1762142621.509000,25,-25,1.001,TRUE,104.000,42679.499,FALSE,FALSE,FALSE,TRUE,FALSE,ECG samples:25
550,-19268.2,TRUE,533,2025-11-03T09:33:42.629571,1762142622.687000,34,50,34,15,1762142622.387000,49,-1,0.982,TRUE,534,2025-11-03T09:33:43.629579,1762142622.885000,13,26,13,12,1762142622.510000,25,-25,1.001,TRUE,123.000,42802.499,FALSE,FALSE,FALSE,TRUE,FALSE,ECG samples:25
551,-19267.2,TRUE,534,2025-11-03T09:33:43.629579,1762142623.689000,34,49,34,14,1762142623.409000,49,-1,1.022,TRUE,535,2025-11-03T09:33:44.629569,1762142623.887000,13,26,13,12,1762142623.512000,25,-25,1.002,TRUE,103.000,42905.499,FALSE,FALSE,FALSE,TRUE,FALSE,ECG samples:25
552,-19266.2,TRUE,535,2025-11-03T09:33:44.629569,1762142624.691000,35,50,35,14,1762142624.411000,49,-1,1.002,TRUE,536,2025-11-03T09:33:45.629577,1762142624.889000,13,27,13,13,1762142624.482750,25,-25,0.971,TRUE,71.750,42977.249,FALSE,FALSE,FALSE,TRUE,FALSE,ECG samples:25
553,-19265.2,TRUE,536,2025-11-03T09:33:45.629577,1762142625.692000,35,50,35,14,1762142625.412000,48,-2,1.001,TRUE,537,2025-11-03T09:33:46.629569,1762142625.890000,12,26,12,13,1762142625.483750,25,-25,1.001,TRUE,71.750,43049.000,FALSE,FALSE,FALSE,TRUE,FALSE,ECG samples:25
554,-19264.2,TRUE,537,2025-11-03T09:33:46.629569,1762142626.694000,34,49,34,14,1762142626.414000,47,-3,1.002,TRUE,538,2025-11-03T09:33:47.629552,1762142626.891000,12,26,12,13,1762142626.484750,25,-25,1.001,TRUE,70.750,43119.750,FALSE,FALSE,FALSE,TRUE,FALSE,ECG samples:25
555,-19263.2,TRUE,538,2025-11-03T09:33:47.629552,1762142627.696000,33,48,33,14,1762142627.416000,48,-2,1.002,TRUE,539,2025-11-03T09:33:48.629564,1762142627.893000,12,26,12,13,1762142627.486750,25,-25,1.002,TRUE,70.750,43190.499,FALSE,FALSE,FALSE,TRUE,FALSE,ECG samples:25
556,-19262.2,TRUE,539,2025-11-03T09:33:48.629564,1762142628.700000,34,49,34,14,1762142628.420000,48,-2,1.004,TRUE,540,2025-11-03T09:33:49.629576,1762142628.894000,12,26,12,13,1762142628.487750,25,-25,1.001,TRUE,67.750,43258.249,FALSE,FALSE,FALSE,TRUE,FALSE,ECG samples:25
557,-19261.2,TRUE,540,2025-11-03T09:33:49.629576,1762142629.702000,34,49,34,14,1762142629.422000,48,-2,1.002,TRUE,541,2025-11-03T09:33:50.629567,1762142629.896000,12,26,12,13,1762142629.489750,25,-25,1.002,TRUE,67.750,43325.999,FALSE,FALSE,FALSE,TRUE,FALSE,ECG samples:25
558,-19260.2,TRUE,541,2025-11-03T09:33:50.629567,1762142630.703000,34,49,34,14,1762142630.423000,48,-2,1.001,TRUE,542,2025-11-03T09:33:51.629568,1762142630.897000,12,26,12,13,1762142630.490750,25,-25,1.001,TRUE,67.750,43393.749,FALSE,FALSE,FALSE,TRUE,FALSE,ECG samples:25
559,-19259.2,TRUE,542,2025-11-03T09:33:51.629568,1762142631.705000,34,49,34,14,1762142631.425000,48,-2,1.002,TRUE,543,2025-11-03T09:33:52.629564,1762142631.899000,12,26,12,13,1762142631.492750,25,-25,1.002,TRUE,67.750,43461.499,FALSE,FALSE,FALSE,TRUE,FALSE,ECG samples:25
560,-19258.2,TRUE,543,2025-11-03T09:33:52.629564,1762142632.706000,34,49,34,14,1762142632.426000,48,-2,1.001,TRUE,544,2025-11-03T09:33:53.629568,1762142632.900000,12,26,12,13,1762142632.493750,25,-25,1.001,TRUE,67.750,43529.249,FALSE,FALSE,FALSE,TRUE,FALSE,ECG samples:25
561,-19257.2,TRUE,544,2025-11-03T09:33:53.629568,1762142633.708000,34,49,34,14,1762142633.428000,47,-3,1.002,TRUE,545,2025-11-03T09:33:54.629563,1762142633.902000,12,26,12,13,1762142633.495750,25,-25,1.002,TRUE,67.750,43596.999,FALSE,FALSE,FALSE,TRUE,FALSE,ECG samples:25
562,-19256.2,TRUE,545,2025-11-03T09:33:54.629563,1762142634.709000,33,49,33,15,1762142634.409000,48,-2,0.981,TRUE,546,2025-11-03T09:33:55.629565,1762142634.903000,12,26,12,13,1762142634.496750,25,-25,1.001,TRUE,87.750,43684.749,FALSE,FALSE,FALSE,TRUE,FALSE,ECG samples:25
563,-19255.2,TRUE,546,2025-11-03T09:33:55.629565,1762142635.710000,33,49,33,15,1762142635.410000,49,-1,1.001,TRUE,547,2025-11-03T09:33:56.629562,1762142635.904000,12,26,12,13,1762142635.497750,25,-25,1.001,TRUE,87.750,43772.499,FALSE,FALSE,FALSE,TRUE,FALSE,ECG samples:25
564,-19254.2,TRUE,547,2025-11-03T09:33:56.629562,1762142636.712000,34,49,34,14,1762142636.432000,47,-3,1.022,TRUE,548,2025-11-03T09:33:57.629570,1762142636.905000,12,26,12,13,1762142636.498750,25,-25,1.001,TRUE,66.750,43839.249,FALSE,FALSE,FALSE,TRUE,FALSE,ECG samples:25
565,-19253.2,TRUE,548,2025-11-03T09:33:57.629570,1762142637.714000,33,50,33,16,1762142637.394000,49,-1,0.962,TRUE,549,2025-11-03T09:33:58.629564,1762142637.908000,12,26,12,13,1762142637.501750,25,-25,1.003,TRUE,107.750,43946.999,FALSE,FALSE,FALSE,TRUE,FALSE,ECG samples:25
566,-19252.2,TRUE,549,2025-11-03T09:33:58.629564,1762142638.715000,33,49,33,15,1762142638.415000,49,-1,1.021,TRUE,550,2025-11-03T09:33:59.629571,1762142638.909000,12,26,12,13,1762142638.502750,25,-25,1.001,TRUE,87.750,44034.749,FALSE,FALSE,FALSE,TRUE,FALSE,ECG samples:25
567,-19251.2,TRUE,550,2025-11-03T09:33:59.629571,1762142639.718000,34,50,34,15,1762142639.418000,47,-3,1.003,TRUE,551,2025-11-03T09:34:00.629574,1762142639.911000,12,26,12,13,1762142639.504750,25,-25,1.002,TRUE,86.750,44121.499,FALSE,FALSE,FALSE,TRUE,FALSE,ECG samples:25
568,-19250.2,TRUE,551,2025-11-03T09:34:00.629574,1762142640.719000,32,48,32,15,1762142640.419000,48,-2,1.001,TRUE,552,2025-11-03T09:34:01.629571,1762142640.913000,12,26,12,13,1762142640.506750,25,-25,1.002,TRUE,87.750,44209.249,FALSE,FALSE,FALSE,TRUE,FALSE,ECG samples:25
569,-19249.2,TRUE,552,2025-11-03T09:34:01.629571,1762142641.720000,33,49,33,15,1762142641.420000,48,-2,1.001,TRUE,553,2025-11-03T09:34:02.629565,1762142641.914000,12,26,12,13,1762142641.507750,25,-25,1.001,TRUE,87.750,44296.999,FALSE,FALSE,FALSE,TRUE,FALSE,ECG samples:25
570,-19248.2,TRUE,553,2025-11-03T09:34:02.629565,1762142642.722000,33,48,33,14,1762142642.442000,47,-3,1.022,TRUE,554,2025-11-03T09:34:03.629567,1762142642.915000,12,26,12,13,1762142642.508750,25,-25,1.001,TRUE,66.750,44363.749,FALSE,FALSE,FALSE,TRUE,FALSE,ECG samples:25
571,-19247.2,TRUE,554,2025-11-03T09:34:03.629567,1762142643.723000,33,49,33,15,1762142643.423000,48,-2,0.981,TRUE,555,2025-11-03T09:34:04.629571,1762142643.917000,12,26,12,13,1762142643.510750,25,-25,1.002,TRUE,87.750,44451.499,FALSE,FALSE,FALSE,TRUE,FALSE,ECG samples:25
572,-19246.2,TRUE,555,2025-11-03T09:34:04.629571,1762142644.725000,33,50,33,16,1762142644.405000,48,-2,0.982,TRUE,556,2025-11-03T09:34:05.629555,1762142644.918000,12,26,12,13,1762142644.511750,25,-25,1.001,TRUE,106.750,44558.249,FALSE,FALSE,FALSE,TRUE,FALSE,ECG samples:25
573,-19245.2,TRUE,556,2025-11-03T09:34:05.629555,1762142645.726000,32,49,32,16,1762142645.406000,48,-2,1.001,TRUE,557,2025-11-03T09:34:06.629562,1762142645.919000,12,26,12,13,1762142645.512750,25,-25,1.001,TRUE,106.750,44664.999,FALSE,FALSE,FALSE,TRUE,FALSE,ECG samples:25
574,-19244.2,TRUE,557,2025-11-03T09:34:06.629562,1762142646.727000,32,48,32,15,1762142646.427000,48,-2,1.021,TRUE,558,2025-11-03T09:34:07.629571,1762142646.920000,12,26,12,13,1762142646.513750,25,-25,1.001,TRUE,86.750,44751.749,FALSE,FALSE,FALSE,TRUE,FALSE,ECG samples:25
575,-19243.2,TRUE,558,2025-11-03T09:34:07.629571,1762142647.729000,33,49,33,15,1762142647.429000,48,-2,1.002,TRUE,559,2025-11-03T09:34:08.629556,1762142647.922000,12,26,12,13,1762142647.515750,25,-25,1.002,TRUE,86.750,44838.499,FALSE,FALSE,FALSE,TRUE,FALSE,ECG samples:25
576,-19242.2,TRUE,559,2025-11-03T09:34:08.629556,1762142648.730000,33,49,33,15,1762142648.430000,47,-3,1.001,TRUE,560,2025-11-03T09:34:09.629571,1762142648.923000,12,26,12,13,1762142648.516750,25,-25,1.001,TRUE,86.750,44925.249,FALSE,FALSE,FALSE,TRUE,FALSE,ECG samples:25
577,-19241.2,TRUE,560,2025-11-03T09:34:09.629571,1762142649.631000,32,43,32,10,1762142649.431000,47,-3,1.001,TRUE,561,2025-11-03T09:34:10.629565,1762142649.824000,12,24,12,11,1762142649.480250,25,-25,0.963,TRUE,49.250,44974.499,FALSE,FALSE,FALSE,TRUE,FALSE,ECG samples:25
578,-19240.2,TRUE,561,2025-11-03T09:34:10.629565,1762142650.633000,37,49,37,11,1762142650.413000,49,-1,0.982,TRUE,562,2025-11-03T09:34:11.629571,1762142650.826000,14,26,14,11,1762142650.482250,25,-25,1.002,TRUE,69.250,45043.749,FALSE,FALSE,FALSE,TRUE,FALSE,ECG samples:25
579,-19239.2,TRUE,562,2025-11-03T09:34:11.629571,1762142651.634000,38,49,38,10,1762142651.434000,48,-2,1.021,TRUE,563,2025-11-03T09:34:12.629573,1762142651.826000,14,26,14,11,1762142651.482250,25,-25,1.000,TRUE,48.250,45091.999,FALSE,FALSE,FALSE,TRUE,FALSE,ECG samples:25
580,-19238.2,TRUE,563,2025-11-03T09:34:12.629573,1762142652.635000,38,49,38,10,1762142652.435000,48,-2,1.001,TRUE,564,2025-11-03T09:34:13.629577,1762142652.828000,14,26,14,11,1762142652.484250,25,-25,1.002,TRUE,49.250,45141.249,FALSE,FALSE,FALSE,TRUE,FALSE,ECG samples:25
581,-19237.2,TRUE,564,2025-11-03T09:34:13.629577,1762142653.637000,38,50,38,11,1762142653.417000,48,-2,0.982,TRUE,565,2025-11-03T09:34:14.629569,1762142653.830000,14,26,14,11,1762142653.486250,25,-25,1.002,TRUE,69.250,45210.499,FALSE,FALSE,FALSE,TRUE,FALSE,ECG samples:25
582,-19236.2,TRUE,565,2025-11-03T09:34:14.629569,1762142654.638000,37,49,37,11,1762142654.418000,48,-2,1.001,TRUE,566,2025-11-03T09:34:15.629676,1762142654.831000,14,25,14,10,1762142654.518500,24,-26,1.032,TRUE,100.500,45310.999,FALSE,FALSE,FALSE,TRUE,FALSE,ECG samples:24
583,-19235.2,TRUE,566,2025-11-03T09:34:15.629676,1762142655.640000,37,48,37,10,1762142655.440000,48,-2,1.022,TRUE,567,2025-11-03T09:34:16.629567,1762142655.832000,14,25,14,10,1762142655.519500,24,-26,1.001,TRUE,79.500,45390.499,FALSE,FALSE,FALSE,TRUE,FALSE,ECG samples:24
584,-19234.2,TRUE,567,2025-11-03T09:34:16.629567,1762142656.641000,38,50,38,11,1762142656.421000,48,-2,0.981,TRUE,568,2025-11-03T09:34:17.629566,1762142656.834000,14,26,14,11,1762142656.490250,25,-25,0.971,TRUE,69.250,45459.749,FALSE,FALSE,FALSE,TRUE,FALSE,ECG samples:25
585,-19233.2,TRUE,568,2025-11-03T09:34:17.629566,1762142657.644000,37,49,37,11,1762142657.424000,48,-2,1.003,TRUE,569,2025-11-03T09:34:18.629574,1762142657.834000,14,26,14,11,1762142657.490250,25,-25,1.000,TRUE,66.250,45525.999,FALSE,FALSE,FALSE,TRUE,FALSE,ECG samples:25
586,-19232.2,TRUE,569,2025-11-03T09:34:18.629574,1762142658.646000,37,49,37,11,1762142658.426000,48,-2,1.002,TRUE,570,2025-11-03T09:34:19.629576,1762142658.837000,14,26,14,11,1762142658.493250,25,-25,1.003,TRUE,67.250,45593.249,FALSE,FALSE,FALSE,TRUE,FALSE,ECG samples:25
587,-19231.2,TRUE,570,2025-11-03T09:34:19.629576,1762142659.647000,37,50,37,12,1762142659.407000,48,-2,0.981,TRUE,571,2025-11-03T09:34:20.629565,1762142659.839000,14,26,14,11,1762142659.495250,25,-25,1.002,TRUE,88.250,45681.499,FALSE,FALSE,FALSE,TRUE,FALSE,ECG samples:25
588,-19230.2,TRUE,571,2025-11-03T09:34:20.629565,1762142660.649000,36,48,36,11,1762142660.429000,48,-2,1.022,TRUE,572,2025-11-03T09:34:21.629566,1762142660.841000,14,26,14,11,1762142660.497250,25,-25,1.002,TRUE,68.250,45749.749,FALSE,FALSE,FALSE,TRUE,FALSE,ECG samples:25
589,-19229.2,TRUE,572,2025-11-03T09:34:21.629566,1762142661.651000,37,50,37,12,1762142661.411000,48,-2,0.982,TRUE,573,2025-11-03T09:34:22.629566,1762142661.843000,14,26,14,11,1762142661.499250,25,-25,1.002,TRUE,88.250,45837.999,FALSE,FALSE,FALSE,TRUE,FALSE,ECG samples:25
590,-19228.2,TRUE,573,2025-11-03T09:34:22.629566,1762142662.654000,36,49,36,12,1762142662.414000,48,-2,1.003,TRUE,574,2025-11-03T09:34:23.629567,1762142662.845000,14,27,14,12,1762142662.470000,25,-25,0.971,TRUE,56.000,45893.999,FALSE,FALSE,FALSE,TRUE,FALSE,ECG samples:25
591,-19227.2,TRUE,574,2025-11-03T09:34:23.629567,1762142663.655000,36,49,36,12,1762142663.415000,49,-1,1.001,TRUE,575,2025-11-03T09:34:24.629541,1762142663.846000,13,26,13,12,1762142663.471000,25,-25,1.001,TRUE,56.000,45949.999,FALSE,FALSE,FALSE,TRUE,FALSE,ECG samples:25
592,-19226.2,TRUE,575,2025-11-03T09:34:24.629541,1762142664.656000,37,50,37,12,1762142664.416000,48,-2,1.001,TRUE,576,2025-11-03T09:34:25.629570,1762142664.847000,13,26,13,12,1762142664.472000,25,-25,1.001,TRUE,56.000,46005.999,FALSE,FALSE,FALSE,TRUE,FALSE,ECG samples:25
593,-19225.2,TRUE,576,2025-11-03T09:34:25.629570,1762142665.658000,36,48,36,11,1762142665.438000,48,-2,1.022,TRUE,577,2025-11-03T09:34:26.629558,1762142665.849000,13,26,13,12,1762142665.474000,25,-25,1.002,TRUE,36.000,46041.999,FALSE,FALSE,FALSE,TRUE,FALSE,ECG samples:25
594,-19224.2,TRUE,577,2025-11-03T09:34:26.629558,1762142666.659000,37,49,37,11,1762142666.439000,47,-3,1.001,TRUE,578,2025-11-03T09:34:27.629571,1762142666.850000,13,26,13,12,1762142666.475000,25,-25,1.001,TRUE,36.000,46077.999,FALSE,FALSE,FALSE,TRUE,FALSE,ECG samples:25
595,-19223.2,TRUE,578,2025-11-03T09:34:27.629571,1762142667.660000,36,49,36,12,1762142667.420000,48,-2,0.981,TRUE,579,2025-11-03T09:34:28.629567,1762142667.852000,13,26,13,12,1762142667.477000,25,-25,1.002,TRUE,57.000,46134.999,FALSE,FALSE,FALSE,TRUE,FALSE,ECG samples:25
596,-19222.2,TRUE,579,2025-11-03T09:34:28.629567,1762142668.662000,36,48,36,11,1762142668.442000,48,-2,1.022,TRUE,580,2025-11-03T09:34:29.629563,1762142668.853000,13,26,13,12,1762142668.478000,25,-25,1.001,TRUE,36.000,46170.999,FALSE,FALSE,FALSE,TRUE,FALSE,ECG samples:25
597,-19221.2,TRUE,580,2025-11-03T09:34:29.629563,1762142669.663000,37,50,37,12,1762142669.423000,48,-2,0.981,TRUE,581,2025-11-03T09:34:30.629564,1762142669.854000,13,26,13,12,1762142669.479000,25,-25,1.001,TRUE,56.000,46226.999,FALSE,FALSE,FALSE,TRUE,FALSE,ECG samples:25
598,-19220.2,TRUE,581,2025-11-03T09:34:30.629564,1762142670.665000,36,50,36,13,1762142670.405000,49,-1,0.982,TRUE,582,2025-11-03T09:34:31.629575,1762142670.855000,13,26,13,12,1762142670.480000,25,-25,1.001,TRUE,75.000,46301.999,FALSE,FALSE,FALSE,TRUE,FALSE,ECG samples:25
599,-19219.2,TRUE,582,2025-11-03T09:34:31.629575,1762142671.666000,36,49,36,12,1762142671.426000,48,-2,1.021,TRUE,583,2025-11-03T09:34:32.629564,1762142671.856000,13,26,13,12,1762142671.481000,25,-25,1.001,TRUE,55.000,46356.999,FALSE,FALSE,FALSE,TRUE,FALSE,ECG samples:25
600,-19218.2,TRUE,583,2025-11-03T09:34:32.629564,1762142672.668000,36,50,36,13,1762142672.408000,48,-2,0.982,TRUE,584,2025-11-03T09:34:33.629563,1762142672.858000,13,26,13,12,1762142672.483000,25,-25,1.002,TRUE,75.000,46431.999,FALSE,FALSE,FALSE,TRUE,FALSE,ECG samples:25
601,-19217.2,TRUE,584,2025-11-03T09:34:33.629563,1762142673.670000,35,48,35,12,1762142673.430000,48,-2,1.022,TRUE,585,2025-11-03T09:34:34.629563,1762142673.860000,13,26,13,12,1762142673.485000,24,-26,1.002,TRUE,55.000,46486.999,FALSE,FALSE,FALSE,TRUE,FALSE,ECG samples:24
602,-19216.2,TRUE,585,2025-11-03T09:34:34.629563,1762142674.672000,36,49,36,12,1762142674.432000,48,-2,1.002,TRUE,586,2025-11-03T09:34:35.629573,1762142674.861000,12,25,12,12,1762142674.486000,25,-25,1.001,TRUE,54.000,46540.999,FALSE,FALSE,FALSE,TRUE,FALSE,ECG samples:25
603,-19215.2,TRUE,586,2025-11-03T09:34:35.629573,1762142675.673000,36,50,36,13,1762142675.413000,49,-1,0.981,TRUE,587,2025-11-03T09:34:36.629566,1762142675.862000,13,26,13,12,1762142675.487000,25,-25,1.001,TRUE,74.000,46614.999,FALSE,FALSE,FALSE,TRUE,FALSE,ECG samples:25
604,-19214.2,TRUE,587,2025-11-03T09:34:36.629566,1762142676.674000,36,49,36,12,1762142676.434000,48,-2,1.021,TRUE,588,2025-11-03T09:34:37.629560,1762142676.863000,13,26,13,12,1762142676.488000,25,-25,1.001,TRUE,54.000,46668.999,FALSE,FALSE,FALSE,TRUE,FALSE,ECG samples:25
605,-19213.2,TRUE,588,2025-11-03T09:34:37.629560,1762142677.676000,36,50,36,13,1762142677.416000,48,-2,0.982,TRUE,589,2025-11-03T09:34:38.629564,1762142677.865000,13,26,13,12,1762142677.490000,25,-25,1.002,TRUE,74.000,46742.999,FALSE,FALSE,FALSE,TRUE,FALSE,ECG samples:25
606,-19212.2,TRUE,589,2025-11-03T09:34:38.629564,1762142678.677000,35,49,35,13,1762142678.417000,48,-2,1.001,TRUE,590,2025-11-03T09:34:39.629567,1762142678.867000,13,26,13,12,1762142678.492000,25,-25,1.002,TRUE,75.000,46817.999,FALSE,FALSE,FALSE,TRUE,FALSE,ECG samples:25
607,-19211.2,TRUE,590,2025-11-03T09:34:39.629567,1762142679.679000,35,49,35,13,1762142679.419000,48,-2,1.002,TRUE,591,2025-11-03T09:34:40.629566,1762142679.869000,13,26,13,12,1762142679.494000,25,-25,1.002,TRUE,75.000,46892.999,FALSE,FALSE,FALSE,TRUE,FALSE,ECG samples:25
608,-19210.2,TRUE,591,2025-11-03T09:34:40.629566,1762142680.680000,35,49,35,13,1762142680.420000,49,-1,1.001,TRUE,592,2025-11-03T09:34:41.629572,1762142680.870000,13,26,13,12,1762142680.495000,25,-25,1.001,TRUE,75.000,46967.999,FALSE,FALSE,FALSE,TRUE,FALSE,ECG samples:25
609,-19209.2,TRUE,592,2025-11-03T09:34:41.629572,1762142681.681000,36,50,36,13,1762142681.421000,49,-1,1.001,TRUE,593,2025-11-03T09:34:42.629562,1762142681.872000,13,26,13,12,1762142681.497000,25,-25,1.002,TRUE,76.000,47043.998,FALSE,FALSE,FALSE,TRUE,FALSE,ECG samples:25
610,-19208.2,TRUE,593,2025-11-03T09:34:42.629562,1762142682.683000,36,49,36,12,1762142682.443000,47,-3,1.022,TRUE,594,2025-11-03T09:34:43.629578,1762142682.873000,13,26,13,12,1762142682.498000,25,-25,1.001,TRUE,55.000,47098.998,FALSE,FALSE,FALSE,TRUE,FALSE,ECG samples:25
611,-19207.2,TRUE,594,2025-11-03T09:34:43.629578,1762142683.685000,35,49,35,13,1762142683.425000,49,-1,0.982,TRUE,595,2025-11-03T09:34:44.629632,1762142683.874000,13,26,13,12,1762142683.499000,25,-25,1.001,TRUE,74.000,47172.998,FALSE,FALSE,FALSE,TRUE,FALSE,ECG samples:25
612,-19206.2,TRUE,595,2025-11-03T09:34:44.629632,1762142684.687000,36,50,36,13,1762142684.427000,49,-1,1.002,TRUE,596,2025-11-03T09:34:45.629567,1762142684.876000,13,25,13,11,1762142684.532250,24,-26,1.033,TRUE,105.250,47278.248,FALSE,FALSE,FALSE,TRUE,FALSE,ECG samples:24
613,-19205.2,TRUE,596,2025-11-03T09:34:45.629567,1762142685.688000,36,50,36,13,1762142685.428000,49,-1,1.001,TRUE,597,2025-11-03T09:34:46.629572,1762142685.877000,13,26,13,12,1762142685.502000,25,-25,0.970,TRUE,74.000,47352.248,FALSE,FALSE,FALSE,TRUE,FALSE,ECG samples:25
614,-19204.2,TRUE,597,2025-11-03T09:34:46.629572,1762142686.691000,36,50,36,13,1762142686.431000,47,-3,1.003,TRUE,598,2025-11-03T09:34:47.629698,1762142686.878000,13,26,13,12,1762142686.503000,25,-25,1.001,TRUE,72.000,47424.248,FALSE,FALSE,FALSE,TRUE,FALSE,ECG samples:25
615,-19203.2,TRUE,598,2025-11-03T09:34:47.629698,1762142687.693000,34,48,34,13,1762142687.433000,47,-3,1.002,TRUE,599,2025-11-03T09:34:48.629571,1762142687.879000,13,26,13,12,1762142687.504000,25,-25,1.001,TRUE,71.000,47495.248,FALSE,FALSE,FALSE,TRUE,FALSE,ECG samples:25
616,-19202.2,TRUE,599,2025-11-03T09:34:48.629571,1762142688.695000,34,48,34,13,1762142688.435000,49,-1,1.002,TRUE,600,2025-11-03T09:34:49.629561,1762142688.881000,13,26,13,12,1762142688.506000,25,-25,1.002,TRUE,71.000,47566.248,FALSE,FALSE,FALSE,TRUE,FALSE,ECG samples:25
617,-19201.2,TRUE,600,2025-11-03T09:34:49.629561,1762142689.696000,36,50,36,13,1762142689.436000,48,-2,1.001,TRUE,601,2025-11-03T09:34:50.629559,1762142689.882000,13,26,13,12,1762142689.507000,25,-25,1.001,TRUE,71.000,47637.248,FALSE,FALSE,FALSE,TRUE,FALSE,ECG samples:25
618,-19200.2,TRUE,601,2025-11-03T09:34:50.629559,1762142690.698000,35,50,35,14,1762142690.418000,48,-2,0.982,TRUE,602,2025-11-03T09:34:51.629570,1762142690.884000,13,27,13,13,1762142690.477750,25,-25,0.971,TRUE,59.750,47696.998,FALSE,FALSE,FALSE,TRUE,FALSE,ECG samples:25
619,-19199.2,TRUE,602,2025-11-03T09:34:51.629570,1762142691.700000,34,48,34,13,1762142691.440000,48,-2,1.022,TRUE,603,2025-11-03T09:34:52.629559,1762142691.885000,12,26,12,13,1762142691.478750,25,-25,1.001,TRUE,38.750,47735.748,FALSE,FALSE,FALSE,TRUE,FALSE,ECG samples:25
620,-19198.2,TRUE,603,2025-11-03T09:34:52.629559,1762142692.702000,35,49,35,13,1762142692.442000,48,-2,1.002,TRUE,604,2025-11-03T09:34:53.629560,1762142692.887000,12,26,12,13,1762142692.480750,25,-25,1.002,TRUE,38.750,47774.498,FALSE,FALSE,FALSE,TRUE,FALSE,ECG samples:25
621,-19197.2,TRUE,604,2025-11-03T09:34:53.629560,1762142693.703000,35,49,35,13,1762142693.443000,47,-3,1.001,TRUE,605,2025-11-03T09:34:54.629561,1762142693.888000,12,26,12,13,1762142693.481750,25,-25,1.001,TRUE,38.750,47813.248,FALSE,FALSE,FALSE,TRUE,FALSE,ECG samples:25
622,-19196.2,TRUE,605,2025-11-03T09:34:54.629561,1762142694.705000,34,48,34,13,1762142694.445000,48,-2,1.002,TRUE,606,2025-11-03T09:34:55.629576,1762142694.890000,12,26,12,13,1762142694.483750,25,-25,1.002,TRUE,38.750,47851.999,FALSE,FALSE,FALSE,TRUE,FALSE,ECG samples:25
623,-19195.2,TRUE,606,2025-11-03T09:34:55.629576,1762142695.706000,35,49,35,13,1762142695.446000,47,-3,1.001,TRUE,607,2025-11-03T09:34:56.629567,1762142695.891000,12,26,12,13,1762142695.484750,25,-25,1.001,TRUE,38.750,47890.749,FALSE,FALSE,FALSE,TRUE,FALSE,ECG samples:25
624,-19194.2,TRUE,607,2025-11-03T09:34:56.629567,1762142696.707000,34,49,34,14,1762142696.427000,49,-1,0.981,TRUE,608,2025-11-03T09:34:57.629660,1762142696.892000,12,26,12,13,1762142696.485750,25,-25,1.001,TRUE,58.750,47949.498,FALSE,FALSE,FALSE,TRUE,FALSE,ECG samples:25
625,-19193.2,TRUE,608,2025-11-03T09:34:57.629660,1762142697.708000,35,49,35,13,1762142697.448000,48,-2,1.021,TRUE,609,2025-11-03T09:34:58.629568,1762142697.894000,12,26,12,13,1762142697.487750,25,-25,1.002,TRUE,39.750,47989.249,FALSE,FALSE,FALSE,TRUE,FALSE,ECG samples:25
626,-19192.2,TRUE,609,2025-11-03T09:34:58.629568,1762142698.710000,35,49,35,13,1762142698.450000,48,-2,1.002,TRUE,610,2025-11-03T09:34:59.629564,1762142698.895000,12,26,12,13,1762142698.488750,25,-25,1.001,TRUE,38.750,48027.998,FALSE,FALSE,FALSE,TRUE,FALSE,ECG samples:25
627,-19191.2,TRUE,610,2025-11-03T09:34:59.629564,1762142699.711000,35,50,35,14,1762142699.431000,49,-1,0.981,TRUE,611,2025-11-03T09:35:00.629562,1762142699.896000,12,26,12,13,1762142699.489750,25,-25,1.001,TRUE,58.750,48086.748,FALSE,FALSE,FALSE,TRUE,FALSE,ECG samples:25
628,-19190.2,TRUE,611,2025-11-03T09:35:00.629562,1762142700.713000,35,50,35,14,1762142700.433000,47,-3,1.002,TRUE,612,2025-11-03T09:35:01.629564,1762142700.897000,12,26,12,13,1762142700.490750,25,-25,1.001,TRUE,57.750,48144.498,FALSE,FALSE,FALSE,TRUE,FALSE,ECG samples:25
629,-19189.2,TRUE,612,2025-11-03T09:35:01.629564,1762142701.715000,33,48,33,14,1762142701.435000,48,-2,1.002,TRUE,613,2025-11-03T09:35:02.629565,1762142701.899000,12,26,12,13,1762142701.492750,26,-24,1.002,TRUE,57.750,48202.248,FALSE,FALSE,FALSE,TRUE,FALSE,ECG samples:26
630,-19188.2,TRUE,613,2025-11-03T09:35:02.629565,1762142702.716000,34,49,34,14,1762142702.436000,48,-2,1.001,TRUE,614,2025-11-03T09:35:03.629568,1762142702.900000,13,26,13,12,1762142702.525000,25,-25,1.032,TRUE,89.000,48291.248,FALSE,FALSE,FALSE,TRUE,FALSE,ECG samples:25
631,-19187.2,TRUE,614,2025-11-03T09:35:03.629568,1762142703.718000,34,49,34,14,1762142703.438000,48,-2,1.002,TRUE,615,2025-11-03T09:35:04.629614,1762142703.901000,13,26,13,12,1762142703.526000,25,-25,1.001,TRUE,88.000,48379.248,FALSE,FALSE,FALSE,TRUE,FALSE,ECG samples:25
632,-19186.2,TRUE,615,2025-11-03T09:35:04.629614,1762142704.720000,34,49,34,14,1762142704.440000,48,-2,1.002,TRUE,616,2025-11-03T09:35:05.629563,1762142704.903000,13,26,13,12,1762142704.528000,25,-25,1.002,TRUE,88.000,48467.248,FALSE,FALSE,FALSE,TRUE,FALSE,ECG samples:25
633,-19185.2,TRUE,616,2025-11-03T09:35:05.629563,1762142705.722000,34,50,34,15,1762142705.422000,48,-2,0.982,TRUE,617,2025-11-03T09:35:06.629565,1762142705.904000,13,26,13,12,1762142705.529000,25,-25,1.001,TRUE,107.000,48574.249,FALSE,FALSE,FALSE,TRUE,FALSE,ECG samples:25
634,-19184.2,TRUE,617,2025-11-03T09:35:06.629565,1762142706.723000,33,48,33,14,1762142706.443000,48,-2,1.021,TRUE,618,2025-11-03T09:35:07.629570,1762142706.906000,13,26,13,12,1762142706.531000,25,-25,1.002,TRUE,88.000,48662.248,FALSE,FALSE,FALSE,TRUE,FALSE,ECG samples:25
635,-19183.2,TRUE,618,2025-11-03T09:35:07.629570,1762142707.725000,34,50,34,15,1762142707.425000,48,-2,0.982,TRUE,619,2025-11-03T09:35:08.629558,1762142707.907000,13,26,13,12,1762142707.532000,25,-25,1.001,TRUE,107.000,48769.248,FALSE,FALSE,FALSE,TRUE,FALSE,ECG samples:25
636,-19182.2,TRUE,619,2025-11-03T09:35:08.629558,1762142708.726000,33,49,33,15,1762142708.426000,49,-1,1.001,TRUE,620,2025-11-03T09:35:09.629557,1762142708.909000,13,26,13,12,1762142708.534000,25,-25,1.002,TRUE,108.000,48877.248,FALSE,FALSE,FALSE,TRUE,FALSE,ECG samples:25
637,-19181.2,TRUE,620,2025-11-03T09:35:09.629557,1762142709.728000,34,49,34,14,1762142709.448000,48,-2,1.022,TRUE,621,2025-11-03T09:35:10.629572,1762142709.912000,13,26,13,12,1762142709.537000,25,-25,1.003,TRUE,89.000,48966.248,FALSE,FALSE,FALSE,TRUE,FALSE,ECG samples:25
638,-19180.2,TRUE,621,2025-11-03T09:35:10.629572,1762142710.729000,34,50,34,15,1762142710.429000,48,-2,0.981,TRUE,622,2025-11-03T09:35:11.629570,1762142710.914000,13,26,13,12,1762142710.539000,25,-25,1.002,TRUE,110.000,49076.248,FALSE,FALSE,FALSE,TRUE,FALSE,ECG samples:25
639,-19179.2,TRUE,622,2025-11-03T09:35:11.629570,1762142711.630000,33,44,33,10,1762142711.430000,48,-2,1.001,TRUE,623,2025-11-03T09:35:12.629577,1762142711.815000,13,24,13,10,1762142711.502500,25,-25,0.964,TRUE,72.500,49148.748,FALSE,FALSE,FALSE,TRUE,FALSE,ECG samples:25
640,-19178.2,TRUE,623,2025-11-03T09:35:12.629577,1762142712.632000,38,49,38,10,1762142712.432000,48,-2,1.002,TRUE,624,2025-11-03T09:35:13.629581,1762142712.817000,15,26,15,10,1762142712.504500,25,-25,1.002,TRUE,72.500,49221.248,FALSE,FALSE,FALSE,TRUE,FALSE,ECG samples:25
641,-19177.2,TRUE,624,2025-11-03T09:35:13.629581,1762142713.634000,38,49,38,10,1762142713.434000,48,-2,1.002,TRUE,625,2025-11-03T09:35:14.629567,1762142713.819000,15,26,15,10,1762142713.506500,25,-25,1.002,TRUE,72.500,49293.748,FALSE,FALSE,FALSE,TRUE,FALSE,ECG samples:25
642,-19176.2,TRUE,625,2025-11-03T09:35:14.629567,1762142714.635000,38,49,38,10,1762142714.435000,48,-2,1.001,TRUE,626,2025-11-03T09:35:15.629573,1762142714.821000,15,26,15,10,1762142714.508500,25,-25,1.002,TRUE,73.500,49367.248,FALSE,FALSE,FALSE,TRUE,FALSE,ECG samples:25
643,-19175.2,TRUE,626,2025-11-03T09:35:15.629573,1762142715.636000,38,49,38,10,1762142715.436000,48,-2,1.001,TRUE,627,2025-11-03T09:35:16.629568,1762142715.822000,15,26,15,10,1762142715.509500,25,-25,1.001,TRUE,73.500,49440.748,FALSE,FALSE,FALSE,TRUE,FALSE,ECG samples:25
644,-19174.2,TRUE,627,2025-11-03T09:35:16.629568,1762142716.637000,38,49,38,10,1762142716.437000,48,-2,1.001,TRUE,628,2025-11-03T09:35:17.629567,1762142716.824000,15,26,15,10,1762142716.511500,25,-25,1.002,TRUE,74.500,49515.248,FALSE,FALSE,FALSE,TRUE,FALSE,ECG samples:25
645,-19173.2,TRUE,628,2025-11-03T09:35:17.629567,1762142717.639000,38,50,38,11,1762142717.419000,49,-1,0.982,TRUE,629,2025-11-03T09:35:18.629567,1762142717.826000,15,26,15,10,1762142717.513500,25,-25,1.002,TRUE,94.500,49609.748,FALSE,FALSE,FALSE,TRUE,FALSE,ECG samples:25
646,-19172.2,TRUE,629,2025-11-03T09:35:18.629567,1762142718.640000,38,49,38,10,1762142718.440000,48,-2,1.021,TRUE,630,2025-11-03T09:35:19.629572,1762142718.827000,15,26,15,10,1762142718.514500,25,-25,1.001,TRUE,74.500,49684.248,FALSE,FALSE,FALSE,TRUE,FALSE,ECG samples:25
647,-19171.2,TRUE,630,2025-11-03T09:35:19.629572,1762142719.641000,38,49,38,10,1762142719.441000,47,-3,1.001,TRUE,631,2025-11-03T09:35:20.629574,1762142719.829000,15,26,15,10,1762142719.516500,25,-25,1.002,TRUE,75.500,49759.748,FALSE,FALSE,FALSE,TRUE,FALSE,ECG samples:25
648,-19170.2,TRUE,631,2025-11-03T09:35:20.629574,1762142720.643000,37,48,37,10,1762142720.443000,48,-2,1.002,TRUE,632,2025-11-03T09:35:21.629569,1762142720.830000,15,26,15,10,1762142720.517500,25,-25,1.001,TRUE,74.500,49834.248,FALSE,FALSE,FALSE,TRUE,FALSE,ECG samples:25
649,-19169.2,TRUE,632,2025-11-03T09:35:21.629569,1762142721.645000,38,49,38,10,1762142721.445000,49,-1,1.002,TRUE,633,2025-11-03T09:35:22.629568,1762142721.831000,15,26,15,10,1762142721.518500,25,-25,1.001,TRUE,73.500,49907.748,FALSE,FALSE,FALSE,TRUE,FALSE,ECG samples:25
650,-19168.2,TRUE,633,2025-11-03T09:35:22.629568,1762142722.647000,39,50,39,10,1762142722.447000,48,-2,1.002,TRUE,634,2025-11-03T09:35:23.629575,1762142722.833000,15,26,15,10,1762142722.520500,25,-25,1.002,TRUE,73.500,49981.248,FALSE,FALSE,FALSE,TRUE,FALSE,ECG samples:25
651,-19167.2,TRUE,634,2025-11-03T09:35:23.629575,1762142723.648000,38,49,38,10,1762142723.448000,47,-3,1.001,TRUE,635,2025-11-03T09:35:24.629576,1762142723.834000,15,26,15,10,1762142723.521500,24,-26,1.001,TRUE,73.500,50054.749,FALSE,FALSE,FALSE,TRUE,FALSE,ECG samples:24
652,-19166.2,TRUE,635,2025-11-03T09:35:24.629576,1762142724.650000,37,49,37,11,1762142724.430000,47,-3,0.982,TRUE,636,2025-11-03T09:35:25.629628,1762142724.836000,14,25,14,10,1762142724.523500,25,-25,1.002,TRUE,93.500,50148.248,FALSE,FALSE,FALSE,TRUE,FALSE,ECG samples:25
653,-19165.2,TRUE,636,2025-11-03T09:35:25.629628,1762142725.651000,36,48,36,11,1762142725.431000,49,-1,1.001,TRUE,637,2025-11-03T09:35:26.629570,1762142725.837000,15,26,15,10,1762142725.524500,25,-25,1.001,TRUE,93.500,50241.748,FALSE,FALSE,FALSE,TRUE,FALSE,ECG samples:25
654,-19164.2,TRUE,637,2025-11-03T09:35:26.629570,1762142726.653000,38,50,38,11,1762142726.433000,47,-3,1.002,TRUE,638,2025-11-03T09:35:27.629574,1762142726.839000,15,26,15,10,1762142726.526500,25,-25,1.002,TRUE,93.500,50335.248,FALSE,FALSE,FALSE,TRUE,FALSE,ECG samples:25
655,-19163.2,TRUE,638,2025-11-03T09:35:27.629574,1762142727.654000,36,48,36,11,1762142727.434000,48,-2,1.001,TRUE,639,2025-11-03T09:35:28.629574,1762142727.840000,15,27,15,11,1762142727.496250,25,-25,0.970,TRUE,62.250,50397.498,FALSE,FALSE,FALSE,TRUE,FALSE,ECG samples:25
656,-19162.2,TRUE,639,2025-11-03T09:35:28.629574,1762142728.655000,37,49,37,11,1762142728.435000,48,-2,1.001,TRUE,640,2025-11-03T09:35:29.629572,1762142728.841000,14,26,14,11,1762142728.497250,25,-25,1.001,TRUE,62.250,50459.748,FALSE,FALSE,FALSE,TRUE,FALSE,ECG samples:25
657,-19161.2,TRUE,640,2025-11-03T09:35:29.629572,1762142729.656000,37,49,37,11,1762142729.436000,48,-2,1.001,TRUE,641,2025-11-03T09:35:30.629573,1762142729.843000,14,26,14,11,1762142729.499250,25,-25,1.002,TRUE,63.250,50522.998,FALSE,FALSE,FALSE,TRUE,FALSE,ECG samples:25
658,-19160.2,TRUE,641,2025-11-03T09:35:30.629573,1762142730.659000,37,48,37,10,1762142730.459000,48,-2,1.023,TRUE,642,2025-11-03T09:35:31.629574,1762142730.844000,14,26,14,11,1762142730.500250,25,-25,1.001,TRUE,41.250,50564.249,FALSE,FALSE,FALSE,TRUE,FALSE,ECG samples:25
659,-19159.2,TRUE,642,2025-11-03T09:35:31.629574,1762142731.661000,38,49,38,10,1762142731.461000,46,-4,1.002,TRUE,643,2025-11-03T09:35:32.629572,1762142731.845000,14,26,14,11,1762142731.501250,25,-25,1.001,TRUE,40.250,50604.499,FALSE,FALSE,FALSE,TRUE,FALSE,ECG samples:25
660,-19158.2,TRUE,643,2025-11-03T09:35:32.629572,1762142732.663000,36,49,36,12,1762142732.423000,48,-2,0.962,TRUE,644,2025-11-03T09:35:33.629572,1762142732.846000,14,26,14,11,1762142732.502250,25,-25,1.001,TRUE,79.250,50683.748,FALSE,FALSE,FALSE,TRUE,FALSE,ECG samples:25
661,-19157.2,TRUE,644,2025-11-03T09:35:33.629572,1762142733.666000,36,48,36,11,1762142733.446000,48,-2,1.023,TRUE,645,2025-11-03T09:35:34.629570,1762142733.848000,14,26,14,11,1762142733.504250,25,-25,1.002,TRUE,58.250,50741.999,FALSE,FALSE,FALSE,TRUE,FALSE,ECG samples:25
662,-19156.2,TRUE,645,2025-11-03T09:35:34.629570,1762142734.668000,37,50,37,12,1762142734.428000,49,-1,0.982,TRUE,646,2025-11-03T09:35:35.629566,1762142734.849000,14,26,14,11,1762142734.505250,25,-25,1.001,TRUE,77.250,50819.249,FALSE,FALSE,FALSE,TRUE,FALSE,ECG samples:25
663,-19155.2,TRUE,646,2025-11-03T09:35:35.629566,1762142735.670000,37,49,37,11,1762142735.450000,48,-2,1.022,TRUE,647,2025-11-03T09:35:36.629568,1762142735.850000,14,26,14,11,1762142735.506250,25,-25,1.001,TRUE,56.250,50875.499,FALSE,FALSE,FALSE,TRUE,FALSE,ECG samples:25
664,-19154.2,TRUE,647,2025-11-03T09:35:36.629568,1762142736.671000,37,50,37,12,1762142736.431000,48,-2,0.981,TRUE,648,2025-11-03T09:35:37.629603,1762142736.852000,14,26,14,11,1762142736.508250,25,-25,1.002,TRUE,77.250,50952.749,FALSE,FALSE,FALSE,TRUE,FALSE,ECG samples:25
665,-19153.2,TRUE,648,2025-11-03T09:35:37.629603,1762142737.673000,36,49,36,12,1762142737.433000,48,-2,1.002,TRUE,649,2025-11-03T09:35:38.629572,1762142737.854000,14,26,14,11,1762142737.510250,25,-25,1.002,TRUE,77.250,51029.999,FALSE,FALSE,FALSE,TRUE,FALSE,ECG samples:25
666,-19152.2,TRUE,649,2025-11-03T09:35:38.629572,1762142738.674000,36,48,36,11,1762142738.454000,48,-2,1.021,TRUE,650,2025-11-03T09:35:39.629571,1762142738.855000,14,26,14,11,1762142738.511250,25,-25,1.001,TRUE,57.250,51087.249,FALSE,FALSE,FALSE,TRUE,FALSE,ECG samples:25
667,-19151.2,TRUE,650,2025-11-03T09:35:39.629571,1762142739.676000,37,49,37,11,1762142739.456000,49,-1,1.002,TRUE,651,2025-11-03T09:35:40.629571,1762142739.857000,14,26,14,11,1762142739.513250,25,-25,1.002,TRUE,57.250,51144.499,FALSE,FALSE,FALSE,TRUE,FALSE,ECG samples:25
668,-19150.2,TRUE,651,2025-11-03T09:35:40.629571,1762142740.677000,38,51,38,12,1762142740.437000,48,-2,0.981,TRUE,652,2025-11-03T09:35:41.629570,1762142740.858000,14,26,14,11,1762142740.514250,25,-25,1.001,TRUE,77.250,51221.749,FALSE,FALSE,FALSE,TRUE,FALSE,ECG samples:25
669,-19149.2,TRUE,652,2025-11-03T09:35:41.629570,1762142741.680000,36,49,36,12,1762142741.440000,48,-2,1.003,TRUE,653,2025-11-03T09:35:42.629568,1762142741.859000,14,26,14,11,1762142741.515250,25,-25,1.001,TRUE,75.250,51296.999,FALSE,FALSE,FALSE,TRUE,FALSE,ECG samples:25
670,-19148.2,TRUE,653,2025-11-03T09:35:42.629568,1762142742.681000,36,49,36,12,1762142742.441000,48,-2,1.001,TRUE,654,2025-11-03T09:35:43.629574,1762142742.861000,14,26,14,11,1762142742.517250,25,-25,1.002,TRUE,76.250,51373.249,FALSE,FALSE,FALSE,TRUE,FALSE,ECG samples:25
671,-19147.2,TRUE,654,2025-11-03T09:35:43.629574,1762142743.683000,36,49,36,12,1762142743.443000,47,-3,1.002,TRUE,655,2025-11-03T09:35:44.629569,1762142743.862000,14,26,14,11,1762142743.518250,25,-25,1.001,TRUE,75.250,51448.498,FALSE,FALSE,FALSE,TRUE,FALSE,ECG samples:25
672,-19146.2,TRUE,655,2025-11-03T09:35:44.629569,1762142744.684000,35,48,35,12,1762142744.444000,48,-2,1.001,TRUE,656,2025-11-03T09:35:45.629572,1762142744.864000,14,26,14,11,1762142744.520250,25,-25,1.002,TRUE,76.250,51524.749,FALSE,FALSE,FALSE,TRUE,FALSE,ECG samples:25
673,-19145.2,TRUE,656,2025-11-03T09:35:45.629572,1762142745.686000,36,48,36,11,1762142745.466000,47,-3,1.022,TRUE,657,2025-11-03T09:35:46.629568,1762142745.865000,14,26,14,11,1762142745.521250,25,-25,1.001,TRUE,55.250,51579.998,FALSE,FALSE,FALSE,TRUE,FALSE,ECG samples:25
674,-19144.2,TRUE,657,2025-11-03T09:35:46.629568,1762142746.687000,36,49,36,12,1762142746.447000,48,-2,0.981,TRUE,658,2025-11-03T09:35:47.629572,1762142746.867000,14,26,14,11,1762142746.523250,24,-26,1.002,TRUE,76.250,51656.249,FALSE,FALSE,FALSE,TRUE,FALSE,ECG samples:24
675,-19143.2,TRUE,658,2025-11-03T09:35:47.629572,1762142747.688000,36,49,36,12,1762142747.448000,47,-3,1.001,TRUE,659,2025-11-03T09:35:48.629573,1762142747.869000,13,25,13,11,1762142747.525250,25,-25,1.002,TRUE,77.250,51733.499,FALSE,FALSE,FALSE,TRUE,FALSE,ECG samples:25
676,-19142.2,TRUE,659,2025-11-03T09:35:48.629573,1762142748.689000,35,48,35,12,1762142748.449000,48,-2,1.001,TRUE,660,2025-11-03T09:35:49.629575,1762142748.870000,14,26,14,11,1762142748.526250,25,-25,1.001,TRUE,77.250,51810.749,FALSE,FALSE,FALSE,TRUE,FALSE,ECG samples:25
677,-19141.2,TRUE,660,2025-11-03T09:35:49.629575,1762142749.691000,36,49,36,12,1762142749.451000,48,-2,1.002,TRUE,661,2025-11-03T09:35:50.629570,1762142749.871000,14,26,14,11,1762142749.527250,25,-25,1.001,TRUE,76.250,51886.999,FALSE,FALSE,FALSE,TRUE,FALSE,ECG samples:25
678,-19140.2,TRUE,661,2025-11-03T09:35:50.629570,1762142750.693000,36,49,36,12,1762142750.453000,46,-4,1.002,TRUE,662,2025-11-03T09:35:51.629568,1762142750.872000,14,26,14,11,1762142750.528250,25,-25,1.001,TRUE,75.250,51962.249,FALSE,FALSE,FALSE,TRUE,FALSE,ECG samples:25
679,-19139.2,TRUE,662,2025-11-03T09:35:51.629568,1762142751.694000,34,47,34,12,1762142751.454000,48,-2,1.001,TRUE,663,2025-11-03T09:35:52.629569,1762142751.873000,14,26,14,11,1762142751.529250,25,-25,1.001,TRUE,75.250,52037.498,FALSE,FALSE,FALSE,TRUE,FALSE,ECG samples:25
680,-19138.2,TRUE,663,2025-11-03T09:35:52.629569,1762142752.695000,36,49,36,12,1762142752.455000,47,-3,1.001,TRUE,664,2025-11-03T09:35:53.629566,1762142752.875000,14,26,14,11,1762142752.531250,25,-25,1.002,TRUE,76.250,52113.749,FALSE,FALSE,FALSE,TRUE,FALSE,ECG samples:25
681,-19137.2,TRUE,664,2025-11-03T09:35:53.629566,1762142753.697000,35,49,35,13,1762142753.437000,49,-1,0.982,TRUE,665,2025-11-03T09:35:54.629567,1762142753.876000,14,26,14,11,1762142753.532250,25,-25,1.001,TRUE,95.250,52208.998,FALSE,FALSE,FALSE,TRUE,FALSE,ECG samples:25
682,-19136.2,TRUE,665,2025-11-03T09:35:54.629567,1762142754.699000,36,49,36,12,1762142754.459000,48,-2,1.022,TRUE,666,2025-11-03T09:35:55.629577,1762142754.878000,14,26,14,11,1762142754.534250,25,-25,1.002,TRUE,75.250,52284.249,FALSE,FALSE,FALSE,TRUE,FALSE,ECG samples:25
683,-19135.2,TRUE,666,2025-11-03T09:35:55.629577,1762142755.699000,36,49,36,12,1762142755.459000,48,-2,1.000,TRUE,667,2025-11-03T09:35:56.629574,1762142755.879000,14,27,14,12,1762142755.504000,25,-25,0.970,TRUE,45.000,52329.249,FALSE,FALSE,FALSE,TRUE,FALSE,ECG samples:25
684,-19134.2,TRUE,667,2025-11-03T09:35:56.629574,1762142756.701000,36,49,36,12,1762142756.461000,48,-2,1.002,TRUE,668,2025-11-03T09:35:57.629563,1762142756.880000,13,26,13,12,1762142756.505000,25,-25,1.001,TRUE,44.000,52373.249,FALSE,FALSE,FALSE,TRUE,FALSE,ECG samples:25
685,-19133.2,TRUE,668,2025-11-03T09:35:57.629563,1762142757.702000,36,50,36,13,1762142757.442000,49,-1,0.981,TRUE,669,2025-11-03T09:35:58.629565,1762142757.882000,13,26,13,12,1762142757.507000,25,-25,1.002,TRUE,65.000,52438.249,FALSE,FALSE,FALSE,TRUE,FALSE,ECG samples:25
686,-19132.2,TRUE,669,2025-11-03T09:35:58.629565,1762142758.704000,36,49,36,12,1762142758.464000,48,-2,1.022,TRUE,670,2025-11-03T09:35:59.629565,1762142758.883000,13,26,13,12,1762142758.508000,25,-25,1.001,TRUE,44.000,52482.249,FALSE,FALSE,FALSE,TRUE,FALSE,ECG samples:25
687,-19131.2,TRUE,670,2025-11-03T09:35:59.629565,1762142759.705000,36,50,36,13,1762142759.445000,48,-2,0.981,TRUE,671,2025-11-03T09:36:00.629570,1762142759.884000,13,26,13,12,1762142759.509000,25,-25,1.001,TRUE,64.000,52546.249,FALSE,FALSE,FALSE,TRUE,FALSE,ECG samples:25
688,-19130.2,TRUE,671,2025-11-03T09:36:00.629570,1762142760.707000,35,49,35,13,1762142760.447000,48,-2,1.002,TRUE,672,2025-11-03T09:36:01.629576,1762142760.886000,13,26,13,12,1762142760.511000,25,-25,1.002,TRUE,64.000,52610.249,FALSE,FALSE,FALSE,TRUE,FALSE,ECG samples:25
689,-19129.2,TRUE,672,2025-11-03T09:36:01.629576,1762142761.708000,35,49,35,13,1762142761.448000,48,-2,1.001,TRUE,673,2025-11-03T09:36:02.629567,1762142761.887000,13,26,13,12,1762142761.512000,25,-25,1.001,TRUE,64.000,52674.249,FALSE,FALSE,FALSE,TRUE,FALSE,ECG samples:25
690,-19128.2,TRUE,673,2025-11-03T09:36:02.629567,1762142762.709000,35,49,35,13,1762142762.449000,48,-2,1.001,TRUE,674,2025-11-03T09:36:03.629566,1762142762.888000,13,26,13,12,1762142762.513000,25,-25,1.001,TRUE,64.000,52738.249,FALSE,FALSE,FALSE,TRUE,FALSE,ECG samples:25
691,-19127.2,TRUE,674,2025-11-03T09:36:03.629566,1762142763.712000,35,49,35,13,1762142763.452000,48,-2,1.003,TRUE,675,2025-11-03T09:36:04.629580,1762142763.889000,13,25,13,11,1762142763.545250,24,-26,1.032,TRUE,93.250,52831.499,FALSE,FALSE,FALSE,TRUE,FALSE,ECG samples:24
692,-19126.2,TRUE,675,2025-11-03T09:36:04.629580,1762142764.713000,35,49,35,13,1762142764.453000,49,-1,1.001,TRUE,676,2025-11-03T09:36:05.629572,1762142764.891000,13,26,13,12,1762142764.516000,25,-25,0.971,TRUE,63.000,52894.499,FALSE,FALSE,FALSE,TRUE,FALSE,ECG samples:25
693,-19125.2,TRUE,676,2025-11-03T09:36:05.629572,1762142765.714000,36,50,36,13,1762142765.454000,47,-3,1.001,TRUE,677,2025-11-03T09:36:06.629574,1762142765.892000,13,26,13,12,1762142765.517000,25,-25,1.001,TRUE,63.000,52957.499,FALSE,FALSE,FALSE,TRUE,FALSE,ECG samples:25
694,-19124.2,TRUE,677,2025-11-03T09:36:06.629574,1762142766.717000,34,48,34,13,1762142766.457000,49,-1,1.003,TRUE,678,2025-11-03T09:36:07.629580,1762142766.893000,13,26,13,12,1762142766.518000,25,-25,1.001,TRUE,61.000,53018.499,FALSE,FALSE,FALSE,TRUE,FALSE,ECG samples:25
695,-19123.2,TRUE,678,2025-11-03T09:36:07.629580,1762142767.719000,36,50,36,13,1762142767.459000,48,-2,1.002,TRUE,679,2025-11-03T09:36:08.629571,1762142767.894000,13,26,13,12,1762142767.519000,25,-25,1.001,TRUE,60.000,53078.499,FALSE,FALSE,FALSE,TRUE,FALSE,ECG samples:25
696,-19122.2,TRUE,679,2025-11-03T09:36:08.629571,1762142768.721000,35,49,35,13,1762142768.461000,47,-3,1.002,TRUE,680,2025-11-03T09:36:09.629573,1762142768.896000,13,26,13,12,1762142768.521000,25,-25,1.002,TRUE,60.000,53138.499,FALSE,FALSE,FALSE,TRUE,FALSE,ECG samples:25
697,-19121.2,TRUE,680,2025-11-03T09:36:09.629573,1762142769.723000,34,48,34,13,1762142769.463000,47,-3,1.002,TRUE,681,2025-11-03T09:36:10.629566,1762142769.897000,13,26,13,12,1762142769.522000,25,-25,1.001,TRUE,59.000,53197.499,FALSE,FALSE,FALSE,TRUE,FALSE,ECG samples:25
698,-19120.2,TRUE,681,2025-11-03T09:36:10.629566,1762142770.725000,34,48,34,13,1762142770.465000,49,-1,1.002,TRUE,682,2025-11-03T09:36:11.629567,1762142770.898000,13,26,13,12,1762142770.523000,25,-25,1.001,TRUE,58.000,53255.499,FALSE,FALSE,FALSE,TRUE,FALSE,ECG samples:25
699,-19119.2,TRUE,682,2025-11-03T09:36:11.629567,1762142771.727000,36,50,36,13,1762142771.467000,47,-3,1.002,TRUE,683,2025-11-03T09:36:12.629573,1762142771.899000,13,25,13,11,1762142771.555250,24,-26,1.032,TRUE,88.250,53343.749,FALSE,FALSE,FALSE,TRUE,FALSE,ECG samples:24
700,-19118.2,TRUE,683,2025-11-03T09:36:12.629573,1762142772.630000,34,44,34,9,1762142772.450000,49,-1,0.983,TRUE,684,2025-11-03T09:36:13.629573,1762142772.801000,13,24,13,10,1762142772.488500,25,-25,0.933,TRUE,38.500,53382.249,FALSE,FALSE,FALSE,TRUE,TRUE,ECG samples:25;ICG interval:0.983s;ECG interval:0.933s
701,-19117.2,TRUE,684,2025-11-03T09:36:13.629573,1762142773.631000,40,50,40,9,1762142773.451000,48,-2,1.001,TRUE,685,2025-11-03T09:36:14.629572,1762142773.803000,15,26,15,10,1762142773.490500,25,-25,1.002,TRUE,39.500,53421.749,FALSE,FALSE,FALSE,TRUE,FALSE,ECG samples:25
702,-19116.2,TRUE,685,2025-11-03T09:36:14.629572,1762142774.633000,39,49,39,9,1762142774.453000,49,-1,1.002,TRUE,686,2025-11-03T09:36:15.629568,1762142774.803000,15,26,15,10,1762142774.490500,25,-25,1.000,TRUE,37.500,53459.249,FALSE,FALSE,FALSE,TRUE,FALSE,ECG samples:25
703,-19115.2,TRUE,686,2025-11-03T09:36:15.629568,1762142775.635000,40,49,40,8,1762142775.475000,48,-2,1.022,TRUE,687,2025-11-03T09:36:16.629574,1762142775.805000,15,26,15,10,1762142775.492500,25,-25,1.002,TRUE,17.500,53476.749,FALSE,FALSE,FALSE,TRUE,FALSE,ECG samples:25
704,-19114.2,TRUE,687,2025-11-03T09:36:16.629574,1762142776.637000,40,49,40,8,1762142776.477000,47,-3,1.002,TRUE,688,2025-11-03T09:36:17.629572,1762142776.806000,15,26,15,10,1762142776.493500,25,-25,1.001,TRUE,16.500,53493.249,FALSE,FALSE,FALSE,TRUE,FALSE,ECG samples:25
705,-19113.2,TRUE,688,2025-11-03T09:36:17.629572,1762142777.640000,39,49,39,9,1762142777.460000,47,-3,0.983,TRUE,689,2025-11-03T09:36:18.629564,1762142777.808000,15,26,15,10,1762142777.495500,25,-25,1.002,TRUE,35.500,53528.749,FALSE,FALSE,FALSE,TRUE,FALSE,ECG samples:25
706,-19112.2,TRUE,689,2025-11-03T09:36:18.629564,1762142778.641000,38,48,38,9,1762142778.461000,49,-1,1.001,TRUE,690,2025-11-03T09:36:19.629574,1762142778.810000,15,26,15,10,1762142778.497500,25,-25,1.002,TRUE,36.500,53565.249,FALSE,FALSE,FALSE,TRUE,FALSE,ECG samples:25
707,-19111.2,TRUE,690,2025-11-03T09:36:19.629574,1762142779.642000,40,50,40,9,1762142779.462000,48,-2,1.001,TRUE,691,2025-11-03T09:36:20.629567,1762142779.811000,15,26,15,10,1762142779.498500,25,-25,1.001,TRUE,36.500,53601.749,FALSE,FALSE,FALSE,TRUE,FALSE,ECG samples:25
708,-19110.2,TRUE,691,2025-11-03T09:36:20.629567,1762142780.643000,39,49,39,9,1762142780.463000,48,-2,1.001,TRUE,692,2025-11-03T09:36:21.629574,1762142780.812000,15,26,15,10,1762142780.499500,25,-25,1.001,TRUE,36.500,53638.249,FALSE,FALSE,FALSE,TRUE,FALSE,ECG samples:25
709,-19109.2,TRUE,692,2025-11-03T09:36:21.629574,1762142781.646000,39,49,39,9,1762142781.466000,48,-2,1.003,TRUE,693,2025-11-03T09:36:22.629574,1762142781.814000,15,26,15,10,1762142781.501500,25,-25,1.002,TRUE,35.500,53673.749,FALSE,FALSE,FALSE,TRUE,FALSE,ECG samples:25
710,-19108.2,TRUE,693,2025-11-03T09:36:22.629574,1762142782.647000,39,49,39,9,1762142782.467000,46,-4,1.001,TRUE,694,2025-11-03T09:36:23.629567,1762142782.815000,15,26,15,10,1762142782.502500,25,-25,1.001,TRUE,35.500,53709.249,FALSE,FALSE,FALSE,TRUE,FALSE,ECG samples:25
711,-19107.2,TRUE,694,2025-11-03T09:36:23.629567,1762142783.649000,37,48,37,10,1762142783.449000,48,-2,0.982,TRUE,695,2025-11-03T09:36:24.629574,1762142783.817000,15,26,15,10,1762142783.504500,25,-25,1.002,TRUE,55.500,53764.750,FALSE,FALSE,FALSE,TRUE,FALSE,ECG samples:25
712,-19106.2,TRUE,695,2025-11-03T09:36:24.629574,1762142784.650000,38,48,38,9,1762142784.470000,48,-2,1.021,TRUE,696,2025-11-03T09:36:25.629572,1762142784.818000,15,26,15,10,1762142784.505500,25,-25,1.001,TRUE,35.500,53800.250,FALSE,FALSE,FALSE,TRUE,FALSE,ECG samples:25
713,-19105.2,TRUE,696,2025-11-03T09:36:25.629572,1762142785.652000,39,50,39,10,1762142785.452000,49,-1,0.982,TRUE,697,2025-11-03T09:36:26.629576,1762142785.820000,15,26,15,10,1762142785.507500,25,-25,1.002,TRUE,55.500,53855.750,FALSE,FALSE,FALSE,TRUE,FALSE,ECG samples:25
714,-19104.2,TRUE,697,2025-11-03T09:36:26.629576,1762142786.653000,39,50,39,10,1762142786.453000,47,-3,1.001,TRUE,698,2025-11-03T09:36:27.629574,1762142786.821000,15,26,15,10,1762142786.508500,25,-25,1.001,TRUE,55.500,53911.250,FALSE,FALSE,FALSE,TRUE,FALSE,ECG samples:25
715,-19103.2,TRUE,698,2025-11-03T09:36:27.629574,1762142787.654000,37,48,37,10,1762142787.454000,49,-1,1.001,TRUE,699,2025-11-03T09:36:28.629578,1762142787.823000,15,26,15,10,1762142787.510500,25,-25,1.002,TRUE,56.500,53967.750,FALSE,FALSE,FALSE,TRUE,FALSE,ECG samples:25
716,-19102.2,TRUE,699,2025-11-03T09:36:28.629578,1762142788.656000,39,49,39,9,1762142788.476000,47,-3,1.022,TRUE,700,2025-11-03T09:36:29.629578,1762142788.825000,15,26,15,10,1762142788.512500,25,-25,1.002,TRUE,36.500,54004.250,FALSE,FALSE,FALSE,TRUE,FALSE,ECG samples:25
717,-19101.2,TRUE,700,2025-11-03T09:36:29.629578,1762142789.657000,38,48,38,9,1762142789.477000,48,-2,1.001,TRUE,701,2025-11-03T09:36:30.629572,1762142789.826000,15,26,15,10,1762142789.513500,25,-25,1.001,TRUE,36.500,54040.750,FALSE,FALSE,FALSE,TRUE,FALSE,ECG samples:25
718,-19100.2,TRUE,701,2025-11-03T09:36:30.629572,1762142790.659000,39,49,39,9,1762142790.479000,48,-2,1.002,TRUE,702,2025-11-03T09:36:31.629577,1762142790.827000,15,26,15,10,1762142790.514500,25,-25,1.001,TRUE,35.500,54076.250,FALSE,FALSE,FALSE,TRUE,FALSE,ECG samples:25
719,-19099.1,TRUE,702,2025-11-03T09:36:31.629577,1762142791.660000,39,49,39,9,1762142791.480000,48,-2,1.001,TRUE,703,2025-11-03T09:36:32.629575,1762142791.829000,15,26,15,10,1762142791.516500,25,-25,1.002,TRUE,36.500,54112.750,FALSE,FALSE,FALSE,TRUE,FALSE,ECG samples:25
720,-19098.2,TRUE,703,2025-11-03T09:36:32.629575,1762142792.662000,39,50,39,10,1762142792.462000,48,-2,0.982,TRUE,704,2025-11-03T09:36:33.629572,1762142792.830000,15,26,15,10,1762142792.517500,25,-25,1.001,TRUE,55.500,54168.250,FALSE,FALSE,FALSE,TRUE,FALSE,ECG samples:25
721,-19097.2,TRUE,704,2025-11-03T09:36:33.629572,1762142793.664000,38,49,38,10,1762142793.464000,48,-2,1.002,TRUE,705,2025-11-03T09:36:34.629573,1762142793.831000,15,26,15,10,1762142793.518500,25,-25,1.001,TRUE,54.500,54222.750,FALSE,FALSE,FALSE,TRUE,FALSE,ECG samples:25
722,-19096.2,TRUE,705,2025-11-03T09:36:34.629573,1762142794.665000,38,49,38,10,1762142794.465000,47,-3,1.001,TRUE,706,2025-11-03T09:36:35.629574,1762142794.832000,15,26,15,10,1762142794.519500,25,-25,1.001,TRUE,54.500,54277.250,FALSE,FALSE,FALSE,TRUE,FALSE,ECG samples:25
723,-19095.2,TRUE,706,2025-11-03T09:36:35.629574,1762142795.666000,37,48,37,10,1762142795.466000,49,-1,1.001,TRUE,707,2025-11-03T09:36:36.629574,1762142795.834000,15,26,15,10,1762142795.521500,25,-25,1.002,TRUE,55.500,54332.750,FALSE,FALSE,FALSE,TRUE,FALSE,ECG samples:25
724,-19094.1,TRUE,707,2025-11-03T09:36:36.629574,1762142796.667000,39,49,39,9,1762142796.487000,46,-4,1.021,TRUE,708,2025-11-03T09:36:37.629570,1762142796.835000,15,26,15,10,1762142796.522500,25,-25,1.001,TRUE,35.500,54368.250,FALSE,FALSE,FALSE,TRUE,FALSE,ECG samples:25
725,-19093.2,TRUE,708,2025-11-03T09:36:37.629570,1762142797.669000,37,48,37,10,1762142797.469000,48,-2,0.982,TRUE,709,2025-11-03T09:36:38.629568,1762142797.837000,15,27,15,11,1762142797.493250,25,-25,0.971,TRUE,24.250,54392.500,FALSE,FALSE,FALSE,TRUE,FALSE,ECG samples:25
726,-19092.2,TRUE,709,2025-11-03T09:36:38.629568,1762142798.670000,38,49,38,10,1762142798.470000,48,-2,1.001,TRUE,710,2025-11-03T09:36:39.629576,1762142798.838000,14,26,14,11,1762142798.494250,25,-25,1.001,TRUE,24.250,54416.750,FALSE,FALSE,FALSE,TRUE,FALSE,ECG samples:25
727,-19091.2,TRUE,710,2025-11-03T09:36:39.629576,1762142799.672000,38,49,38,10,1762142799.472000,47,-3,1.002,TRUE,711,2025-11-03T09:36:40.629580,1762142799.839000,14,26,14,11,1762142799.495250,25,-25,1.001,TRUE,23.250,54440.001,FALSE,FALSE,FALSE,TRUE,FALSE,ECG samples:25
728,-19090.2,TRUE,711,2025-11-03T09:36:40.629580,1762142800.673000,37,48,37,10,1762142800.473000,48,-2,1.001,TRUE,712,2025-11-03T09:36:41.629570,1762142800.842000,14,26,14,11,1762142800.498250,25,-25,1.003,TRUE,25.250,54465.250,FALSE,FALSE,FALSE,TRUE,FALSE,ECG samples:25
729,-19089.2,TRUE,712,2025-11-03T09:36:41.629570,1762142801.674000,38,49,38,10,1762142801.474000,47,-3,1.001,TRUE,713,2025-11-03T09:36:42.629571,1762142801.843000,14,26,14,11,1762142801.499250,26,-24,1.001,TRUE,25.250,54490.500,FALSE,FALSE,FALSE,TRUE,FALSE,ECG samples:26
730,-19088.2,TRUE,713,2025-11-03T09:36:42.629571,1762142802.676000,37,49,37,11,1762142802.456000,48,-2,0.982,TRUE,714,2025-11-03T09:36:43.629573,1762142802.845000,15,26,15,10,1762142802.532500,25,-25,1.033,TRUE,76.500,54567.000,FALSE,FALSE,FALSE,TRUE,FALSE,ECG samples:25
731,-19087.2,TRUE,714,2025-11-03T09:36:43.629573,1762142803.677000,37,49,37,11,1762142803.457000,49,-1,1.001,TRUE,715,2025-11-03T09:36:44.629574,1762142803.846000,15,26,15,10,1762142803.533500,25,-25,1.001,TRUE,76.500,54643.500,FALSE,FALSE,FALSE,TRUE,FALSE,ECG samples:25
732,-19086.2,TRUE,715,2025-11-03T09:36:44.629574,1762142804.678000,38,49,38,10,1762142804.478000,47,-3,1.021,TRUE,716,2025-11-03T09:36:45.629569,1762142804.847000,15,26,15,10,1762142804.534500,25,-25,1.001,TRUE,56.500,54700.000,FALSE,FALSE,FALSE,TRUE,FALSE,ECG samples:25
733,-19085.2,TRUE,716,2025-11-03T09:36:45.629569,1762142805.679000,37,49,37,11,1762142805.459000,48,-2,0.981,TRUE,717,2025-11-03T09:36:46.629573,1762142805.848000,15,26,15,10,1762142805.535500,25,-25,1.001,TRUE,76.500,54776.500,FALSE,FALSE,FALSE,TRUE,FALSE,ECG samples:25
734,-19084.1,TRUE,717,2025-11-03T09:36:46.629573,1762142806.681000,37,48,37,10,1762142806.481000,47,-3,1.022,TRUE,718,2025-11-03T09:36:47.629571,1762142806.850000,15,26,15,10,1762142806.537500,25,-25,1.002,TRUE,56.500,54833.000,FALSE,FALSE,FALSE,TRUE,FALSE,ECG samples:25
735,-19083.2,TRUE,718,2025-11-03T09:36:47.629571,1762142807.683000,37,49,37,11,1762142807.463000,49,-1,0.982,TRUE,719,2025-11-03T09:36:48.629571,1762142807.851000,15,26,15,10,1762142807.538500,25,-25,1.001,TRUE,75.500,54908.500,FALSE,FALSE,FALSE,TRUE,FALSE,ECG samples:25
736,-19082.2,TRUE,719,2025-11-03T09:36:48.629571,1762142808.683000,38,50,38,11,1762142808.463000,49,-1,1.000,TRUE,720,2025-11-03T09:36:49.629570,1762142808.852000,15,26,15,10,1762142808.539500,25,-25,1.001,TRUE,76.500,54985.000,FALSE,FALSE,FALSE,TRUE,FALSE,ECG samples:25
737,-19081.1,TRUE,720,2025-11-03T09:36:49.629570,1762142809.684000,38,49,38,10,1762142809.484000,48,-2,1.021,TRUE,721,2025-11-03T09:36:50.629571,1762142809.853000,15,26,15,10,1762142809.540500,25,-25,1.001,TRUE,56.500,55041.500,FALSE,FALSE,FALSE,TRUE,FALSE,ECG samples:25
738,-19080.2,TRUE,721,2025-11-03T09:36:50.629571,1762142810.686000,38,50,38,11,1762142810.466000,47,-3,0.982,TRUE,722,2025-11-03T09:36:51.629590,1762142810.855000,15,26,15,10,1762142810.542500,25,-25,1.002,TRUE,76.500,55118.000,FALSE,FALSE,FALSE,TRUE,FALSE,ECG samples:25
739,-19079.2,TRUE,722,2025-11-03T09:36:51.629590,1762142811.688000,36,48,36,11,1762142811.468000,48,-2,1.002,TRUE,723,2025-11-03T09:36:52.629579,1762142811.856000,15,26,15,10,1762142811.543500,25,-25,1.001,TRUE,75.500,55193.500,FALSE,FALSE,FALSE,TRUE,FALSE,ECG samples:25
740,-19078.2,TRUE,723,2025-11-03T09:36:52.629579,1762142812.689000,37,49,37,11,1762142812.469000,48,-2,1.001,TRUE,724,2025-11-03T09:36:53.629570,1762142812.858000,15,26,15,10,1762142812.545500,25,-25,1.002,TRUE,76.500,55270.000,FALSE,FALSE,FALSE,TRUE,FALSE,ECG samples:25
741,-19077.2,TRUE,724,2025-11-03T09:36:53.629570,1762142813.691000,37,49,37,11,1762142813.471000,48,-2,1.002,TRUE,725,2025-11-03T09:36:54.629577,1762142813.859000,15,26,15,10,1762142813.546500,25,-25,1.001,TRUE,75.500,55345.500,FALSE,FALSE,FALSE,TRUE,FALSE,ECG samples:25
742,-19076.2,TRUE,725,2025-11-03T09:36:54.629577,1762142814.693000,37,49,37,11,1762142814.473000,48,-2,1.002,TRUE,726,2025-11-03T09:36:55.629583,1762142814.860000,15,26,15,10,1762142814.547500,25,-25,1.001,TRUE,74.500,55420.000,FALSE,FALSE,FALSE,TRUE,FALSE,ECG samples:25
743,-19075.2,TRUE,726,2025-11-03T09:36:55.629583,1762142815.694000,37,49,37,11,1762142815.474000,48,-2,1.001,TRUE,727,2025-11-03T09:36:56.629568,1762142815.862000,15,26,15,10,1762142815.549500,25,-25,1.002,TRUE,75.500,55495.500,FALSE,FALSE,FALSE,TRUE,FALSE,ECG samples:25
744,-19074.2,TRUE,727,2025-11-03T09:36:56.629568,1762142816.696000,37,50,37,12,1762142816.456000,49,-1,0.982,TRUE,728,2025-11-03T09:36:57.629567,1762142816.863000,15,26,15,10,1762142816.550500,25,-25,1.001,TRUE,94.500,55590.000,FALSE,FALSE,FALSE,TRUE,FALSE,ECG samples:25
745,-19073.2,TRUE,728,2025-11-03T09:36:57.629567,1762142817.698000,37,49,37,11,1762142817.478000,49,-1,1.022,TRUE,729,2025-11-03T09:36:58.629572,1762142817.864000,15,26,15,10,1762142817.551500,25,-25,1.001,TRUE,73.500,55663.500,FALSE,FALSE,FALSE,TRUE,FALSE,ECG samples:25
746,-19072.2,TRUE,729,2025-11-03T09:36:58.629572,1762142818.699000,38,50,38,11,1762142818.479000,48,-2,1.001,TRUE,730,2025-11-03T09:36:59.629574,1762142818.866000,15,26,15,10,1762142818.553500,25,-25,1.002,TRUE,74.500,55738.000,FALSE,FALSE,FALSE,TRUE,FALSE,ECG samples:25
747,-19071.2,TRUE,730,2025-11-03T09:36:59.629574,1762142819.701000,37,50,37,12,1762142819.461000,49,-1,0.982,TRUE,731,2025-11-03T09:37:00.629591,1762142819.867000,15,26,15,10,1762142819.554500,25,-25,1.001,TRUE,93.500,55831.501,FALSE,FALSE,FALSE,TRUE,FALSE,ECG samples:25
748,-19070.1,TRUE,731,2025-11-03T09:37:00.629591,1762142820.703000,37,49,37,11,1762142820.483000,48,-2,1.022,TRUE,732,2025-11-03T09:37:01.629583,1762142820.868000,15,26,15,10,1762142820.555500,25,-25,1.001,TRUE,72.500,55904.001,FALSE,FALSE,FALSE,TRUE,FALSE,ECG samples:25
749,-19069.1,TRUE,732,2025-11-03T09:37:01.629583,1762142821.704000,37,49,37,11,1762142821.484000,48,-2,1.001,TRUE,733,2025-11-03T09:37:02.629569,1762142821.869000,15,26,15,10,1762142821.556500,25,-25,1.001,TRUE,72.500,55976.501,FALSE,FALSE,FALSE,TRUE,FALSE,ECG samples:25
750,-19068.1,TRUE,733,2025-11-03T09:37:02.629569,1762142822.706000,37,49,37,11,1762142822.486000,48,-2,1.002,TRUE,734,2025-11-03T09:37:03.629603,1762142822.871000,15,26,15,10,1762142822.558500,25,-25,1.002,TRUE,72.500,56049.001,FALSE,FALSE,FALSE,TRUE,FALSE,ECG samples:25
751,-19067.1,TRUE,734,2025-11-03T09:37:03.629603,1762142823.707000,37,49,37,11,1762142823.487000,48,-2,1.001,TRUE,735,2025-11-03T09:37:04.629571,1762142823.872000,15,26,15,10,1762142823.559500,25,-25,1.001,TRUE,72.500,56121.500,FALSE,FALSE,FALSE,TRUE,FALSE,ECG samples:25
752,-19066.1,TRUE,735,2025-11-03T09:37:04.629571,1762142824.708000,37,49,37,11,1762142824.488000,47,-3,1.001,TRUE,736,2025-11-03T09:37:05.629571,1762142824.874000,15,27,15,11,1762142824.530250,25,-25,0.971,TRUE,42.250,56163.751,FALSE,FALSE,FALSE,TRUE,FALSE,ECG samples:25
753,-19065.1,TRUE,736,2025-11-03T09:37:05.629571,1762142825.709000,36,48,36,11,1762142825.489000,48,-2,1.001,TRUE,737,2025-11-03T09:37:06.629566,1762142825.875000,14,26,14,11,1762142825.531250,25,-25,1.001,TRUE,42.250,56206.001,FALSE,FALSE,FALSE,TRUE,FALSE,ECG samples:25
754,-19064.2,TRUE,737,2025-11-03T09:37:06.629566,1762142826.711000,37,50,37,12,1762142826.471000,48,-2,0.982,TRUE,738,2025-11-03T09:37:07.629571,1762142826.876000,14,26,14,11,1762142826.532250,25,-25,1.001,TRUE,61.250,56267.251,FALSE,FALSE,FALSE,TRUE,FALSE,ECG samples:25
755,-19063.2,TRUE,738,2025-11-03T09:37:07.629571,1762142827.712000,36,49,36,12,1762142827.472000,48,-2,1.001,TRUE,739,2025-11-03T09:37:08.629569,1762142827.878000,14,26,14,11,1762142827.534250,25,-25,1.002,TRUE,62.250,56329.501,FALSE,FALSE,FALSE,TRUE,FALSE,ECG samples:25
756,-19062.2,TRUE,739,2025-11-03T09:37:08.629569,1762142828.715000,36,49,36,12,1762142828.475000,48,-2,1.003,TRUE,740,2025-11-03T09:37:09.629568,1762142828.880000,14,26,14,11,1762142828.536250,25,-25,1.002,TRUE,61.250,56390.751,FALSE,FALSE,FALSE,TRUE,FALSE,ECG samples:25
757,-19061.1,TRUE,740,2025-11-03T09:37:09.629568,1762142829.716000,36,48,36,11,1762142829.496000,47,-3,1.021,TRUE,741,2025-11-03T09:37:10.629571,1762142829.883000,14,26,14,11,1762142829.539250,25,-25,1.003,TRUE,43.250,56434.001,FALSE,FALSE,FALSE,TRUE,FALSE,ECG samples:25
758,-19060.2,TRUE,741,2025-11-03T09:37:10.629571,1762142830.717000,36,49,36,12,1762142830.477000,49,-1,0.981,TRUE,742,2025-11-03T09:37:11.629570,1762142830.884000,14,26,14,11,1762142830.540250,25,-25,1.001,TRUE,63.250,56497.251,FALSE,FALSE,FALSE,TRUE,FALSE,ECG samples:25
759,-19059.1,TRUE,742,2025-11-03T09:37:11.629570,1762142831.720000,37,50,37,12,1762142831.480000,49,-1,1.003,TRUE,743,2025-11-03T09:37:12.629566,1762142831.885000,14,26,14,11,1762142831.541250,25,-25,1.001,TRUE,61.250,56558.501,FALSE,FALSE,FALSE,TRUE,FALSE,ECG samples:25
760,-19058.1,TRUE,743,2025-11-03T09:37:12.629566,1762142832.722000,37,50,37,12,1762142832.482000,48,-2,1.002,TRUE,744,2025-11-03T09:37:13.629580,1762142832.886000,14,26,14,11,1762142832.542250,25,-25,1.001,TRUE,60.250,56618.751,FALSE,FALSE,FALSE,TRUE,FALSE,ECG samples:25
761,-19057.2,TRUE,744,2025-11-03T09:37:13.629580,1762142833.724000,36,50,36,13,1762142833.464000,49,-1,0.982,TRUE,745,2025-11-03T09:37:14.629577,1762142833.888000,14,26,14,11,1762142833.544250,25,-25,1.002,TRUE,80.250,56699.001,FALSE,FALSE,FALSE,TRUE,FALSE,ECG samples:25
762,-19056.1,TRUE,745,2025-11-03T09:37:14.629577,1762142834.725000,36,49,36,12,1762142834.485000,47,-3,1.021,TRUE,746,2025-11-03T09:37:15.629569,1762142834.889000,14,26,14,11,1762142834.545250,25,-25,1.001,TRUE,60.250,56759.251,FALSE,FALSE,FALSE,TRUE,FALSE,ECG samples:25
763,-19055.1,TRUE,746,2025-11-03T09:37:15.629569,1762142835.727000,35,47,35,11,1762142835.507000,46,-4,1.022,TRUE,747,2025-11-03T09:37:16.629572,1762142835.890000,14,26,14,11,1762142835.546250,25,-25,1.001,TRUE,39.250,56798.501,FALSE,FALSE,FALSE,TRUE,FALSE,ECG samples:25
764,-19054.1,TRUE,747,2025-11-03T09:37:16.629572,1762142836.728000,35,48,35,12,1762142836.488000,48,-2,0.981,TRUE,748,2025-11-03T09:37:17.629568,1762142836.892000,14,26,14,11,1762142836.548250,25,-25,1.002,TRUE,60.250,56858.751,FALSE,FALSE,FALSE,TRUE,FALSE,ECG samples:25
765,-19053.2,TRUE,748,2025-11-03T09:37:17.629568,1762142837.730000,36,50,36,13,1762142837.470000,48,-2,0.982,TRUE,749,2025-11-03T09:37:18.629571,1762142837.893000,14,26,14,11,1762142837.549250,25,-25,1.001,TRUE,79.250,56938.001,FALSE,FALSE,FALSE,TRUE,FALSE,ECG samples:25
766,-19052.2,TRUE,749,2025-11-03T09:37:18.629571,1762142838.631000,35,44,35,8,1762142838.471000,48,-2,1.001,TRUE,750,2025-11-03T09:37:19.629576,1762142838.794000,14,24,14,9,1762142838.512750,25,-25,0.964,TRUE,41.750,56979.751,FALSE,FALSE,FALSE,TRUE,FALSE,ECG samples:25
767,-19051.2,TRUE,750,2025-11-03T09:37:19.629576,1762142839.633000,40,49,40,8,1762142839.473000,48,-2,1.002,TRUE,751,2025-11-03T09:37:20.629568,1762142839.796000,16,26,16,9,1762142839.514750,25,-25,1.002,TRUE,41.750,57021.501,FALSE,FALSE,FALSE,TRUE,FALSE,ECG samples:25
768,-19050.2,TRUE,751,2025-11-03T09:37:20.629568,1762142840.635000,40,49,40,8,1762142840.475000,48,-2,1.002,TRUE,752,2025-11-03T09:37:21.629564,1762142840.796000,16,26,16,9,1762142840.514750,25,-25,1.000,TRUE,39.750,57061.251,FALSE,FALSE,FALSE,TRUE,FALSE,ECG samples:25
769,-19049.2,TRUE,752,2025-11-03T09:37:21.629564,1762142841.637000,40,49,40,8,1762142841.477000,48,-2,1.002,TRUE,753,2025-11-03T09:37:22.629563,1762142841.798000,16,26,16,9,1762142841.516750,25,-25,1.002,TRUE,39.750,57101.001,FALSE,FALSE,FALSE,TRUE,FALSE,ECG samples:25
770,-19048.2,TRUE,753,2025-11-03T09:37:22.629563,1762142842.639000,40,49,40,8,1762142842.479000,49,-1,1.002,TRUE,754,2025-11-03T09:37:23.629571,1762142842.800000,16,26,16,9,1762142842.518750,25,-25,1.002,TRUE,39.750,57140.751,FALSE,FALSE,FALSE,TRUE,FALSE,ECG samples:25
771,-19047.1,TRUE,754,2025-11-03T09:37:23.629571,1762142843.640000,41,50,41,8,1762142843.480000,49,-1,1.001,TRUE,755,2025-11-03T09:37:24.629568,1762142843.801000,16,26,16,9,1762142843.519750,25,-25,1.001,TRUE,39.750,57180.501,FALSE,FALSE,FALSE,TRUE,FALSE,ECG samples:25
772,-19046.1,TRUE,755,2025-11-03T09:37:24.629568,1762142844.641000,41,50,41,8,1762142844.481000,49,-1,1.001,TRUE,756,2025-11-03T09:37:25.629571,1762142844.802000,16,26,16,9,1762142844.520750,25,-25,1.001,TRUE,39.750,57220.252,FALSE,FALSE,FALSE,TRUE,FALSE,ECG samples:25
773,-19045.1,TRUE,756,2025-11-03T09:37:25.629571,1762142845.643000,41,49,41,7,1762142845.503000,47,-3,1.022,TRUE,757,2025-11-03T09:37:26.629648,1762142845.803000,16,26,16,9,1762142845.521750,25,-25,1.001,TRUE,18.750,57239.002,FALSE,FALSE,FALSE,TRUE,FALSE,ECG samples:25
774,-19044.1,TRUE,757,2025-11-03T09:37:26.629648,1762142846.644000,40,49,40,8,1762142846.484000,49,-1,0.981,TRUE,758,2025-11-03T09:37:27.629580,1762142846.804000,16,26,16,9,1762142846.522750,25,-25,1.001,TRUE,38.750,57277.752,FALSE,FALSE,FALSE,TRUE,FALSE,ECG samples:25
775,-19043.2,TRUE,758,2025-11-03T09:37:27.629580,1762142847.646000,41,51,41,9,1762142847.466000,47,-3,0.982,TRUE,759,2025-11-03T09:37:28.629580,1762142847.806000,16,26,16,9,1762142847.524750,25,-25,1.002,TRUE,58.750,57336.502,FALSE,FALSE,FALSE,TRUE,FALSE,ECG samples:25
776,-19042.2,TRUE,759,2025-11-03T09:37:28.629580,1762142848.648000,38,48,38,9,1762142848.468000,48,-2,1.002,TRUE,760,2025-11-03T09:37:29.629570,1762142848.807000,16,26,16,9,1762142848.525750,25,-25,1.001,TRUE,57.750,57394.252,FALSE,FALSE,FALSE,TRUE,FALSE,ECG samples:25
777,-19041.1,TRUE,760,2025-11-03T09:37:29.629570,1762142849.649000,39,48,39,8,1762142849.489000,47,-3,1.021,TRUE,761,2025-11-03T09:37:30.629577,1762142849.808000,16,26,16,9,1762142849.526750,25,-25,1.001,TRUE,37.750,57432.002,FALSE,FALSE,FALSE,TRUE,FALSE,ECG samples:25
778,-19040.2,TRUE,761,2025-11-03T09:37:30.629577,1762142850.650000,39,49,39,9,1762142850.470000,47,-3,0.981,TRUE,762,2025-11-03T09:37:31.629577,1762142850.809000,16,26,16,9,1762142850.527750,25,-25,1.001,TRUE,57.750,57489.752,FALSE,FALSE,FALSE,TRUE,FALSE,ECG samples:25
779,-19039.2,TRUE,762,2025-11-03T09:37:31.629577,1762142851.652000,38,48,38,9,1762142851.472000,49,-1,1.002,TRUE,763,2025-11-03T09:37:32.629577,1762142851.811000,16,26,16,9,1762142851.529750,25,-25,1.002,TRUE,57.750,57547.502,FALSE,FALSE,FALSE,TRUE,FALSE,ECG samples:25
780,-19038.1,TRUE,763,2025-11-03T09:37:32.629577,1762142852.653000,40,49,40,8,1762142852.493000,48,-2,1.021,TRUE,764,2025-11-03T09:37:33.629571,1762142852.812000,16,26,16,9,1762142852.530750,25,-25,1.001,TRUE,37.750,57585.252,FALSE,FALSE,FALSE,TRUE,FALSE,ECG samples:25
781,-19037.2,TRUE,764,2025-11-03T09:37:33.629571,1762142853.655000,40,50,40,9,1762142853.475000,48,-2,0.982,TRUE,765,2025-11-03T09:37:34.629571,1762142853.813000,16,26,16,9,1762142853.531750,25,-25,1.001,TRUE,56.750,57642.002,FALSE,FALSE,FALSE,TRUE,FALSE,ECG samples:25
782,-19036.2,TRUE,765,2025-11-03T09:37:34.629571,1762142854.656000,39,49,39,9,1762142854.476000,48,-2,1.001,TRUE,766,2025-11-03T09:37:35.629571,1762142854.815000,16,26,16,9,1762142854.533750,25,-25,1.002,TRUE,57.750,57699.753,FALSE,FALSE,FALSE,TRUE,FALSE,ECG samples:25
783,-19035.2,TRUE,766,2025-11-03T09:37:35.629571,1762142855.658000,39,49,39,9,1762142855.478000,48,-2,1.002,TRUE,767,2025-11-03T09:37:36.629573,1762142855.816000,16,26,16,9,1762142855.534750,25,-25,1.001,TRUE,56.750,57756.503,FALSE,FALSE,FALSE,TRUE,FALSE,ECG samples:25
784,-19034.1,TRUE,767,2025-11-03T09:37:36.629573,1762142856.661000,39,49,39,9,1762142856.481000,48,-2,1.003,TRUE,768,2025-11-03T09:37:37.629577,1762142856.817000,16,26,16,9,1762142856.535750,25,-25,1.001,TRUE,54.750,57811.253,FALSE,FALSE,FALSE,TRUE,FALSE,ECG samples:25
785,-19033.1,TRUE,768,2025-11-03T09:37:37.629577,1762142857.662000,39,48,39,8,1762142857.502000,48,-2,1.021,TRUE,769,2025-11-03T09:37:38.629575,1762142857.818000,16,26,16,9,1762142857.536750,25,-25,1.001,TRUE,34.750,57846.003,FALSE,FALSE,FALSE,TRUE,FALSE,ECG samples:25
786,-19032.1,TRUE,769,2025-11-03T09:37:38.629575,1762142858.664000,40,50,40,9,1762142858.484000,48,-2,0.982,TRUE,770,2025-11-03T09:37:39.629628,1762142858.819000,16,26,16,9,1762142858.537750,25,-25,1.001,TRUE,53.750,57899.753,FALSE,FALSE,FALSE,TRUE,FALSE,ECG samples:25
787,-19031.1,TRUE,770,2025-11-03T09:37:39.629628,1762142859.665000,39,49,39,9,1762142859.485000,48,-2,1.001,TRUE,771,2025-11-03T09:37:40.629576,1762142859.821000,16,26,16,9,1762142859.539750,25,-25,1.002,TRUE,54.750,57954.503,FALSE,FALSE,FALSE,TRUE,FALSE,ECG samples:25
788,-19030.1,TRUE,771,2025-11-03T09:37:40.629576,1762142860.666000,39,49,39,9,1762142860.486000,49,-1,1.001,TRUE,772,2025-11-03T09:37:41.629570,1762142860.822000,16,26,16,9,1762142860.540750,25,-25,1.001,TRUE,54.750,58009.253,FALSE,FALSE,FALSE,TRUE,FALSE,ECG samples:25
789,-19029.1,TRUE,772,2025-11-03T09:37:41.629570,1762142861.667000,40,50,40,9,1762142861.487000,48,-2,1.001,TRUE,773,2025-11-03T09:37:42.629572,1762142861.823000,16,26,16,9,1762142861.541750,25,-25,1.001,TRUE,54.750,58064.003,FALSE,FALSE,FALSE,TRUE,FALSE,ECG samples:25
790,-19028.1,TRUE,773,2025-11-03T09:37:42.629572,1762142862.668000,39,49,39,9,1762142862.488000,48,-2,1.001,TRUE,774,2025-11-03T09:37:43.629578,1762142862.825000,16,26,16,9,1762142862.543750,25,-25,1.002,TRUE,55.750,58119.753,FALSE,FALSE,FALSE,TRUE,FALSE,ECG samples:25
791,-19027.2,TRUE,774,2025-11-03T09:37:43.629578,1762142863.670000,39,50,39,10,1762142863.470000,49,-1,0.982,TRUE,775,2025-11-03T09:37:44.629568,1762142863.827000,16,26,16,9,1762142863.545750,25,-25,1.002,TRUE,75.750,58195.503,FALSE,FALSE,FALSE,TRUE,FALSE,ECG samples:25
792,-19026.1,TRUE,775,2025-11-03T09:37:44.629568,1762142864.671000,39,49,39,9,1762142864.491000,48,-2,1.021,TRUE,776,2025-11-03T09:37:45.629566,1762142864.828000,16,26,16,9,1762142864.546750,25,-25,1.001,TRUE,55.750,58251.253,FALSE,FALSE,FALSE,TRUE,FALSE,ECG samples:25
793,-19025.1,TRUE,776,2025-11-03T09:37:45.629566,1762142865.672000,39,49,39,9,1762142865.492000,49,-1,1.001,TRUE,777,2025-11-03T09:37:46.629571,1762142865.829000,16,26,16,9,1762142865.547750,25,-25,1.001,TRUE,55.750,58307.003,FALSE,FALSE,FALSE,TRUE,FALSE,ECG samples:25
794,-19024.1,TRUE,777,2025-11-03T09:37:46.629571,1762142866.674000,40,50,40,9,1762142866.494000,48,-2,1.002,TRUE,778,2025-11-03T09:37:47.629575,1762142866.830000,16,26,16,9,1762142866.548750,25,-25,1.001,TRUE,54.750,58361.753,FALSE,FALSE,FALSE,TRUE,FALSE,ECG samples:25
795,-19023.2,TRUE,778,2025-11-03T09:37:47.629575,1762142867.675000,39,50,39,10,1762142867.475000,48,-2,0.981,TRUE,779,2025-11-03T09:37:48.629568,1762142867.831000,16,27,16,10,1762142867.518500,25,-25,0.970,TRUE,43.500,58405.254,FALSE,FALSE,FALSE,TRUE,FALSE,ECG samples:25
796,-19022.1,TRUE,779,2025-11-03T09:37:48.629568,1762142868.676000,38,48,38,9,1762142868.496000,48,-2,1.021,TRUE,780,2025-11-03T09:37:49.629569,1762142868.833000,15,26,15,10,1762142868.520500,25,-25,1.002,TRUE,24.500,58429.754,FALSE,FALSE,FALSE,TRUE,FALSE,ECG samples:25
797,-19021.1,TRUE,780,2025-11-03T09:37:49.629569,1762142869.678000,39,49,39,9,1762142869.498000,48,-2,1.002,TRUE,781,2025-11-03T09:37:50.629569,1762142869.834000,15,26,15,10,1762142869.521500,25,-25,1.001,TRUE,23.500,58453.254,FALSE,FALSE,FALSE,TRUE,FALSE,ECG samples:25
798,-19020.1,TRUE,781,2025-11-03T09:37:50.629569,1762142870.679000,39,49,39,9,1762142870.499000,48,-2,1.001,TRUE,782,2025-11-03T09:37:51.629572,1762142870.836000,15,26,15,10,1762142870.523500,25,-25,1.002,TRUE,24.500,58477.754,FALSE,FALSE,FALSE,TRUE,FALSE,ECG samples:25
799,-19019.1,TRUE,782,2025-11-03T09:37:51.629572,1762142871.680000,39,50,39,10,1762142871.480000,48,-2,0.981,TRUE,783,2025-11-03T09:37:52.629586,1762142871.836000,15,26,15,10,1762142871.523500,25,-25,1.000,TRUE,43.500,58521.254,FALSE,FALSE,FALSE,TRUE,FALSE,ECG samples:25
800,-19018.1,TRUE,783,2025-11-03T09:37:52.629586,1762142872.682000,38,49,38,10,1762142872.482000,48,-2,1.002,TRUE,784,2025-11-03T09:37:53.629571,1762142872.838000,15,26,15,10,1762142872.525500,25,-25,1.002,TRUE,43.500,58564.754,FALSE,FALSE,FALSE,TRUE,FALSE,ECG samples:25
801,-19017.1,TRUE,784,2025-11-03T09:37:53.629571,1762142873.683000,38,49,38,10,1762142873.483000,48,-2,1.001,TRUE,785,2025-11-03T09:37:54.629578,1762142873.839000,15,26,15,10,1762142873.526500,25,-25,1.001,TRUE,43.500,58608.254,FALSE,FALSE,FALSE,TRUE,FALSE,ECG samples:25
802,-19016.1,TRUE,785,2025-11-03T09:37:54.629578,1762142874.685000,38,49,38,10,1762142874.485000,48,-2,1.002,TRUE,786,2025-11-03T09:37:55.629575,1762142874.841000,15,26,15,10,1762142874.528500,25,-25,1.002,TRUE,43.500,58651.754,FALSE,FALSE,FALSE,TRUE,FALSE,ECG samples:25
803,-19015.1,TRUE,786,2025-11-03T09:37:55.629575,1762142875.686000,38,49,38,10,1762142875.486000,48,-2,1.001,TRUE,787,2025-11-03T09:37:56.629574,1762142875.843000,15,26,15,10,1762142875.530500,25,-25,1.002,TRUE,44.500,58696.254,FALSE,FALSE,FALSE,TRUE,FALSE,ECG samples:25
804,-19014.1,TRUE,787,2025-11-03T09:37:56.629574,1762142876.689000,38,49,38,10,1762142876.489000,48,-2,1.003,TRUE,788,2025-11-03T09:37:57.629572,1762142876.844000,15,26,15,10,1762142876.531500,25,-25,1.001,TRUE,42.500,58738.754,FALSE,FALSE,FALSE,TRUE,FALSE,ECG samples:25
805,-19013.1,TRUE,788,2025-11-03T09:37:57.629572,1762142877.691000,38,49,38,10,1762142877.491000,48,-2,1.002,TRUE,789,2025-11-03T09:37:58.629576,1762142877.845000,15,26,15,10,1762142877.532500,25,-25,1.001,TRUE,41.500,58780.254,FALSE,FALSE,FALSE,TRUE,FALSE,ECG samples:25
806,-19012.1,TRUE,789,2025-11-03T09:37:58.629576,1762142878.693000,38,48,38,9,1762142878.513000,47,-3,1.022,TRUE,790,2025-11-03T09:37:59.629581,1762142878.847000,15,26,15,10,1762142878.534500,25,-25,1.002,TRUE,21.500,58801.754,FALSE,FALSE,FALSE,TRUE,FALSE,ECG samples:25
807,-19011.1,TRUE,790,2025-11-03T09:37:59.629581,1762142879.694000,38,49,38,10,1762142879.494000,48,-2,0.981,TRUE,791,2025-11-03T09:38:00.629572,1762142879.847000,15,26,15,10,1762142879.534500,25,-25,1.000,TRUE,40.500,58842.254,FALSE,FALSE,FALSE,TRUE,FALSE,ECG samples:25
808,-19010.1,TRUE,791,2025-11-03T09:38:00.629572,1762142880.695000,38,49,38,10,1762142880.495000,48,-2,1.001,TRUE,792,2025-11-03T09:38:01.629579,1762142880.849000,15,26,15,10,1762142880.536500,25,-25,1.002,TRUE,41.500,58883.754,FALSE,FALSE,FALSE,TRUE,FALSE,ECG samples:25
809,-19009.2,TRUE,792,2025-11-03T09:38:01.629579,1762142881.696000,38,50,38,11,1762142881.476000,48,-2,0.981,TRUE,793,2025-11-03T09:38:02.629572,1762142881.850000,15,26,15,10,1762142881.537500,25,-25,1.001,TRUE,61.500,58945.254,FALSE,FALSE,FALSE,TRUE,FALSE,ECG samples:25
810,-19008.1,TRUE,793,2025-11-03T09:38:02.629572,1762142882.698000,37,48,37,10,1762142882.498000,48,-2,1.022,TRUE,794,2025-11-03T09:38:03.629578,1762142882.851000,15,26,15,10,1762142882.538500,25,-25,1.001,TRUE,40.500,58985.754,FALSE,FALSE,FALSE,TRUE,FALSE,ECG samples:25
811,-19007.1,TRUE,794,2025-11-03T09:38:03.629578,1762142883.699000,38,49,38,10,1762142883.499000,47,-3,1.001,TRUE,795,2025-11-03T09:38:04.629580,1762142883.853000,15,26,15,10,1762142883.540500,25,-25,1.002,TRUE,41.500,59027.254,FALSE,FALSE,FALSE,TRUE,FALSE,ECG samples:25
812,-19006.1,TRUE,795,2025-11-03T09:38:04.629580,1762142884.700000,37,48,37,10,1762142884.500000,48,-2,1.001,TRUE,796,2025-11-03T09:38:05.629569,1762142884.854000,15,26,15,10,1762142884.541500,25,-25,1.001,TRUE,41.500,59068.754,FALSE,FALSE,FALSE,TRUE,FALSE,ECG samples:25
813,-19005.1,TRUE,796,2025-11-03T09:38:05.629569,1762142885.701000,38,49,38,10,1762142885.501000,48,-2,1.001,TRUE,797,2025-11-03T09:38:06.629573,1762142885.856000,15,26,15,10,1762142885.543500,25,-25,1.002,TRUE,42.500,59111.254,FALSE,FALSE,FALSE,TRUE,FALSE,ECG samples:25
814,-19004.1,TRUE,797,2025-11-03T09:38:06.629573,1762142886.702000,38,50,38,11,1762142886.482000,49,-1,0.981,TRUE,798,2025-11-03T09:38:07.629711,1762142886.858000,15,26,15,10,1762142886.545500,25,-25,1.002,TRUE,63.500,59174.755,FALSE,FALSE,FALSE,TRUE,FALSE,ECG samples:25
815,-19003.1,TRUE,798,2025-11-03T09:38:07.629711,1762142887.704000,38,50,38,11,1762142887.484000,48,-2,1.002,TRUE,799,2025-11-03T09:38:08.629571,1762142887.859000,15,26,15,10,1762142887.546500,25,-25,1.001,TRUE,62.500,59237.255,FALSE,FALSE,FALSE,TRUE,FALSE,ECG samples:25
816,-19002.1,TRUE,799,2025-11-03T09:38:08.629571,1762142888.705000,37,47,37,9,1762142888.525000,47,-3,1.041,TRUE,800,2025-11-03T09:38:09.629561,1762142888.861000,15,26,15,10,1762142888.548500,25,-25,1.002,TRUE,23.500,59260.755,FALSE,FALSE,FALSE,TRUE,FALSE,ECG samples:25
817,-19001.1,TRUE,800,2025-11-03T09:38:09.629561,1762142889.706000,38,50,38,11,1762142889.486000,48,-2,0.961,TRUE,801,2025-11-03T09:38:10.629571,1762142889.862000,15,26,15,10,1762142889.549500,25,-25,1.001,TRUE,63.500,59324.255,FALSE,FALSE,FALSE,TRUE,FALSE,ECG samples:25
818,-19000.1,TRUE,801,2025-11-03T09:38:10.629571,1762142890.709000,37,48,37,10,1762142890.509000,48,-2,1.023,TRUE,802,2025-11-03T09:38:11.629577,1762142890.863000,15,26,15,10,1762142890.550500,25,-25,1.001,TRUE,41.500,59365.755,FALSE,FALSE,FALSE,TRUE,FALSE,ECG samples:25
819,-18999.1,TRUE,802,2025-11-03T09:38:11.629577,1762142891.711000,38,49,38,10,1762142891.511000,48,-2,1.002,TRUE,803,2025-11-03T09:38:12.629568,1762142891.864000,15,26,15,10,1762142891.551500,25,-25,1.001,TRUE,40.500,59406.255,FALSE,FALSE,FALSE,TRUE,FALSE,ECG samples:25
820,-18998.1,TRUE,803,2025-11-03T09:38:12.629568,1762142892.713000,38,50,38,11,1762142892.493000,48,-2,0.982,TRUE,804,2025-11-03T09:38:13.629567,1762142892.866000,15,26,15,10,1762142892.553500,25,-25,1.002,TRUE,60.500,59466.755,FALSE,FALSE,FALSE,TRUE,FALSE,ECG samples:25
821,-18997.1,TRUE,804,2025-11-03T09:38:13.629567,1762142893.715000,37,49,37,11,1762142893.495000,48,-2,1.002,TRUE,805,2025-11-03T09:38:14.629568,1762142893.867000,15,26,15,10,1762142893.554500,25,-25,1.001,TRUE,59.500,59526.255,FALSE,FALSE,FALSE,TRUE,FALSE,ECG samples:25
822,-18996.1,TRUE,805,2025-11-03T09:38:14.629568,1762142894.717000,37,49,37,11,1762142894.497000,48,-2,1.002,TRUE,806,2025-11-03T09:38:15.629565,1762142894.868000,15,26,15,10,1762142894.555500,25,-25,1.001,TRUE,58.500,59584.755,FALSE,FALSE,FALSE,TRUE,FALSE,ECG samples:25
823,-18995.1,TRUE,806,2025-11-03T09:38:15.629565,1762142895.718000,37,48,37,10,1762142895.518000,48,-2,1.021,TRUE,807,2025-11-03T09:38:16.629575,1762142895.870000,15,27,15,11,1762142895.526250,26,-24,0.971,TRUE,8.250,59593.005,FALSE,FALSE,FALSE,TRUE,FALSE,ECG samples:26
824,-18994.1,TRUE,807,2025-11-03T09:38:16.629575,1762142896.721000,38,51,38,12,1762142896.481000,49,-1,0.963,TRUE,808,2025-11-03T09:38:17.629618,1762142896.872000,15,26,15,10,1762142896.559500,25,-25,1.033,TRUE,78.500,59671.505,FALSE,FALSE,FALSE,TRUE,FALSE,ECG samples:25
825,-18993.1,TRUE,808,2025-11-03T09:38:17.629618,1762142897.722000,37,50,37,12,1762142897.482000,49,-1,1.001,TRUE,809,2025-11-03T09:38:18.629564,1762142897.873000,15,26,15,10,1762142897.560500,25,-25,1.001,TRUE,78.500,59750.005,FALSE,FALSE,FALSE,TRUE,FALSE,ECG samples:25
826,-18992.1,TRUE,809,2025-11-03T09:38:18.629564,1762142898.723000,37,49,37,11,1762142898.503000,48,-2,1.021,TRUE,810,2025-11-03T09:38:19.629577,1762142898.874000,15,26,15,10,1762142898.561500,25,-25,1.001,TRUE,58.500,59808.505,FALSE,FALSE,FALSE,TRUE,FALSE,ECG samples:25
827,-18991.1,TRUE,810,2025-11-03T09:38:19.629577,1762142899.725000,37,49,37,11,1762142899.505000,48,-2,1.002,TRUE,811,2025-11-03T09:38:20.629572,1762142899.876000,15,26,15,10,1762142899.563500,25,-25,1.002,TRUE,58.500,59867.005,FALSE,FALSE,FALSE,TRUE,FALSE,ECG samples:25
828,-18990.1,TRUE,811,2025-11-03T09:38:20.629572,1762142900.726000,37,50,37,12,1762142900.486000,48,-2,0.981,TRUE,812,2025-11-03T09:38:21.629586,1762142900.878000,15,26,15,10,1762142900.565500,25,-25,1.002,TRUE,79.500,59946.505,FALSE,FALSE,FALSE,TRUE,FALSE,ECG samples:25
829,-18989.1,TRUE,812,2025-11-03T09:38:21.629586,1762142901.729000,36,49,36,12,1762142901.489000,48,-2,1.003,TRUE,813,2025-11-03T09:38:22.629572,1762142901.879000,15,26,15,10,1762142901.566500,25,-25,1.001,TRUE,77.500,60024.005,FALSE,FALSE,FALSE,TRUE,FALSE,ECG samples:25
830,-18988.1,TRUE,813,2025-11-03T09:38:22.629572,1762142902.631000,36,43,36,6,1762142902.511000,48,-2,1.022,TRUE,814,2025-11-03T09:38:23.629572,1762142902.780000,15,23,15,7,1762142902.561250,25,-25,0.995,TRUE,50.250,60074.255,FALSE,FALSE,FALSE,TRUE,FALSE,ECG samples:25
831,-18987.1,TRUE,814,2025-11-03T09:38:23.629572,1762142903.633000,42,50,42,7,1762142903.493000,48,-2,0.982,TRUE,815,2025-11-03T09:38:24.629576,1762142903.781000,18,26,18,7,1762142903.562250,25,-25,1.001,TRUE,69.250,60143.505,FALSE,FALSE,FALSE,TRUE,FALSE,ECG samples:25
832,-18986.1,TRUE,815,2025-11-03T09:38:24.629576,1762142904.635000,41,49,41,7,1762142904.495000,48,-2,1.002,TRUE,816,2025-11-03T09:38:25.629573,1762142904.782000,18,26,18,7,1762142904.563250,25,-25,1.001,TRUE,68.250,60211.755,FALSE,FALSE,FALSE,TRUE,FALSE,ECG samples:25
833,-18985.1,TRUE,816,2025-11-03T09:38:25.629573,1762142905.637000,41,49,41,7,1762142905.497000,48,-2,1.002,TRUE,817,2025-11-03T09:38:26.629574,1762142905.784000,18,26,18,7,1762142905.565250,25,-25,1.002,TRUE,68.250,60280.005,FALSE,FALSE,FALSE,TRUE,FALSE,ECG samples:25
834,-18984.1,TRUE,817,2025-11-03T09:38:26.629574,1762142906.638000,41,49,41,7,1762142906.498000,47,-3,1.001,TRUE,818,2025-11-03T09:38:27.629573,1762142906.785000,18,26,18,7,1762142906.566250,25,-25,1.001,TRUE,68.250,60348.255,FALSE,FALSE,FALSE,TRUE,FALSE,ECG samples:25
835,-18983.1,TRUE,818,2025-11-03T09:38:27.629573,1762142907.640000,40,48,40,7,1762142907.500000,48,-2,1.002,TRUE,819,2025-11-03T09:38:28.629571,1762142907.786000,18,26,18,7,1762142907.567250,25,-25,1.001,TRUE,67.250,60415.505,FALSE,FALSE,FALSE,TRUE,FALSE,ECG samples:25
836,-18982.1,TRUE,819,2025-11-03T09:38:28.629571,1762142908.641000,41,49,41,7,1762142908.501000,48,-2,1.001,TRUE,820,2025-11-03T09:38:29.629570,1762142908.788000,18,26,18,7,1762142908.569250,25,-25,1.002,TRUE,68.250,60483.755,FALSE,FALSE,FALSE,TRUE,FALSE,ECG samples:25
837,-18981.1,TRUE,820,2025-11-03T09:38:29.629570,1762142909.642000,41,49,41,7,1762142909.502000,47,-3,1.001,TRUE,821,2025-11-03T09:38:30.629567,1762142909.789000,18,27,18,8,1762142909.539000,25,-25,0.970,TRUE,37.000,60520.756,FALSE,FALSE,FALSE,TRUE,FALSE,ECG samples:25
838,-18980.1,TRUE,821,2025-11-03T09:38:30.629567,1762142910.643000,40,47,40,6,1762142910.523000,47,-3,1.021,TRUE,822,2025-11-03T09:38:31.629571,1762142910.790000,17,26,17,8,1762142910.540000,25,-25,1.001,TRUE,17.000,60537.755,FALSE,FALSE,FALSE,TRUE,FALSE,ECG samples:25
839,-18979.1,TRUE,822,2025-11-03T09:38:31.629571,1762142911.645000,41,49,41,7,1762142911.505000,49,-1,0.982,TRUE,823,2025-11-03T09:38:32.629570,1762142911.792000,17,26,17,8,1762142911.542000,25,-25,1.002,TRUE,37.000,60574.756,FALSE,FALSE,FALSE,TRUE,FALSE,ECG samples:25
840,-18978.1,TRUE,823,2025-11-03T09:38:32.629570,1762142912.646000,42,50,42,7,1762142912.506000,48,-2,1.001,TRUE,824,2025-11-03T09:38:33.629570,1762142912.793000,17,26,17,8,1762142912.543000,25,-25,1.001,TRUE,37.000,60611.756,FALSE,FALSE,FALSE,TRUE,FALSE,ECG samples:25
841,-18977.1,TRUE,824,2025-11-03T09:38:33.629570,1762142913.648000,41,50,41,8,1762142913.488000,49,-1,0.982,TRUE,825,2025-11-03T09:38:34.629575,1762142913.794000,17,26,17,8,1762142913.544000,25,-25,1.001,TRUE,56.000,60667.756,FALSE,FALSE,FALSE,TRUE,FALSE,ECG samples:25
842,-18976.1,TRUE,825,2025-11-03T09:38:34.629575,1762142914.650000,41,49,41,7,1762142914.510000,48,-2,1.022,TRUE,826,2025-11-03T09:38:35.629575,1762142914.795000,17,26,17,8,1762142914.545000,25,-25,1.001,TRUE,35.000,60702.756,FALSE,FALSE,FALSE,TRUE,FALSE,ECG samples:25
843,-18975.1,TRUE,826,2025-11-03T09:38:35.629575,1762142915.652000,41,50,41,8,1762142915.492000,47,-3,0.982,TRUE,827,2025-11-03T09:38:36.629572,1762142915.797000,17,26,17,8,1762142915.547000,25,-25,1.002,TRUE,55.000,60757.756,FALSE,FALSE,FALSE,TRUE,FALSE,ECG samples:25
844,-18974.1,TRUE,827,2025-11-03T09:38:36.629572,1762142916.654000,39,48,39,8,1762142916.494000,48,-2,1.002,TRUE,828,2025-11-03T09:38:37.629570,1762142916.798000,17,26,17,8,1762142916.548000,25,-25,1.001,TRUE,54.000,60811.756,FALSE,FALSE,FALSE,TRUE,FALSE,ECG samples:25
845,-18973.1,TRUE,828,2025-11-03T09:38:37.629570,1762142917.656000,40,49,40,8,1762142917.496000,48,-2,1.002,TRUE,829,2025-11-03T09:38:38.629574,1762142917.799000,17,26,17,8,1762142917.549000,25,-25,1.001,TRUE,53.000,60864.756,FALSE,FALSE,FALSE,TRUE,FALSE,ECG samples:25
846,-18972.1,TRUE,829,2025-11-03T09:38:38.629574,1762142918.658000,40,49,40,8,1762142918.498000,48,-2,1.002,TRUE,830,2025-11-03T09:38:39.629571,1762142918.801000,17,26,17,8,1762142918.551000,25,-25,1.002,TRUE,53.000,60917.757,FALSE,FALSE,FALSE,TRUE,FALSE,ECG samples:25
847,-18971.1,TRUE,830,2025-11-03T09:38:39.629571,1762142919.659000,40,49,40,8,1762142919.499000,49,-1,1.001,TRUE,831,2025-11-03T09:38:40.629571,1762142919.803000,17,26,17,8,1762142919.553000,25,-25,1.002,TRUE,54.000,60971.757,FALSE,FALSE,FALSE,TRUE,FALSE,ECG samples:25
848,-18970.1,TRUE,831,2025-11-03T09:38:40.629571,1762142920.661000,41,50,41,8,1762142920.501000,47,-3,1.002,TRUE,832,2025-11-03T09:38:41.629575,1762142920.804000,17,26,17,8,1762142920.554000,25,-25,1.001,TRUE,53.000,61024.757,FALSE,FALSE,FALSE,TRUE,FALSE,ECG samples:25
849,-18969.1,TRUE,832,2025-11-03T09:38:41.629575,1762142921.662000,39,48,39,8,1762142921.502000,48,-2,1.001,TRUE,833,2025-11-03T09:38:42.629572,1762142921.806000,17,26,17,8,1762142921.556000,25,-25,1.002,TRUE,54.000,61078.757,FALSE,FALSE,FALSE,TRUE,FALSE,ECG samples:25
850,-18968.1,TRUE,833,2025-11-03T09:38:42.629572,1762142922.663000,40,49,40,8,1762142922.503000,48,-2,1.001,TRUE,834,2025-11-03T09:38:43.629586,1762142922.807000,17,26,17,8,1762142922.557000,25,-25,1.001,TRUE,54.000,61132.757,FALSE,FALSE,FALSE,TRUE,FALSE,ECG samples:25
851,-18967.1,TRUE,834,2025-11-03T09:38:43.629586,1762142923.665000,40,49,40,8,1762142923.505000,47,-3,1.002,TRUE,835,2025-11-03T09:38:44.629577,1762142923.808000,17,26,17,8,1762142923.558000,25,-25,1.001,TRUE,53.000,61185.757,FALSE,FALSE,FALSE,TRUE,FALSE,ECG samples:25
852,-18966.1,TRUE,835,2025-11-03T09:38:44.629577,1762142924.666000,39,48,39,8,1762142924.506000,49,-1,1.001,TRUE,836,2025-11-03T09:38:45.629578,1762142924.810000,17,26,17,8,1762142924.560000,25,-25,1.002,TRUE,54.000,61239.757,FALSE,FALSE,FALSE,TRUE,FALSE,ECG samples:25
853,-18965.1,TRUE,836,2025-11-03T09:38:45.629578,1762142925.667000,41,49,41,7,1762142925.527000,47,-3,1.021,TRUE,837,2025-11-03T09:38:46.629574,1762142925.811000,17,26,17,8,1762142925.561000,25,-25,1.001,TRUE,34.000,61273.757,FALSE,FALSE,FALSE,TRUE,FALSE,ECG samples:25
854,-18964.1,TRUE,837,2025-11-03T09:38:46.629574,1762142926.669000,40,49,40,8,1762142926.509000,48,-2,0.982,TRUE,838,2025-11-03T09:38:47.629567,1762142926.812000,17,26,17,8,1762142926.562000,25,-25,1.001,TRUE,53.000,61326.757,FALSE,FALSE,FALSE,TRUE,FALSE,ECG samples:25
855,-18963.1,TRUE,838,2025-11-03T09:38:47.629567,1762142927.670000,40,50,40,9,1762142927.490000,48,-2,0.981,TRUE,839,2025-11-03T09:38:48.629573,1762142927.813000,17,26,17,8,1762142927.563000,25,-25,1.001,TRUE,73.000,61399.757,FALSE,FALSE,FALSE,TRUE,FALSE,ECG samples:25
856,-18962.1,TRUE,839,2025-11-03T09:38:48.629573,1762142928.672000,39,49,39,9,1762142928.492000,48,-2,1.002,TRUE,840,2025-11-03T09:38:49.629580,1762142928.815000,17,26,17,8,1762142928.565000,25,-25,1.002,TRUE,73.000,61472.758,FALSE,FALSE,FALSE,TRUE,FALSE,ECG samples:25
857,-18961.1,TRUE,840,2025-11-03T09:38:49.629580,1762142929.674000,39,49,39,9,1762142929.494000,49,-1,1.002,TRUE,841,2025-11-03T09:38:50.629564,1762142929.816000,17,26,17,8,1762142929.566000,25,-25,1.001,TRUE,72.000,61544.758,FALSE,FALSE,FALSE,TRUE,FALSE,ECG samples:25
858,-18960.1,TRUE,841,2025-11-03T09:38:50.629564,1762142930.677000,40,49,40,8,1762142930.517000,48,-2,1.023,TRUE,842,2025-11-03T09:38:51.629571,1762142930.817000,17,26,17,8,1762142930.567000,25,-25,1.001,TRUE,50.000,61594.758,FALSE,FALSE,FALSE,TRUE,FALSE,ECG samples:25
859,-18959.1,TRUE,842,2025-11-03T09:38:51.629571,1762142931.679000,40,50,40,9,1762142931.499000,49,-1,0.982,TRUE,843,2025-11-03T09:38:52.629554,1762142931.819000,17,26,17,8,1762142931.569000,25,-25,1.002,TRUE,70.000,61664.758,FALSE,FALSE,FALSE,TRUE,FALSE,ECG samples:25
860,-18958.1,TRUE,843,2025-11-03T09:38:52.629554,1762142932.681000,40,49,40,8,1762142932.521000,48,-2,1.022,TRUE,844,2025-11-03T09:38:53.629554,1762142932.820000,17,26,17,8,1762142932.570000,25,-25,1.001,TRUE,49.000,61713.758,FALSE,FALSE,FALSE,TRUE,FALSE,ECG samples:25
861,-18957.1,TRUE,844,2025-11-03T09:38:53.629554,1762142933.684000,40,49,40,8,1762142933.524000,48,-2,1.003,TRUE,845,2025-11-03T09:38:54.629548,1762142933.821000,17,26,17,8,1762142933.571000,25,-25,1.001,TRUE,47.000,61760.758,FALSE,FALSE,FALSE,TRUE,FALSE,ECG samples:25
862,-18956.1,TRUE,845,2025-11-03T09:38:54.629548,1762142934.687000,40,50,40,9,1762142934.507000,47,-3,0.983,TRUE,846,2025-11-03T09:38:55.629568,1762142934.823000,17,26,17,8,1762142934.573000,25,-25,1.002,TRUE,66.000,61826.758,FALSE,FALSE,FALSE,TRUE,FALSE,ECG samples:25
863,-18955.1,TRUE,846,2025-11-03T09:38:55.629568,1762142935.689000,38,48,38,9,1762142935.509000,48,-2,1.002,TRUE,847,2025-11-03T09:38:56.629571,1762142935.824000,17,26,17,8,1762142935.574000,25,-25,1.001,TRUE,65.000,61891.758,FALSE,FALSE,FALSE,TRUE,FALSE,ECG samples:25
864,-18954.1,TRUE,847,2025-11-03T09:38:56.629571,1762142936.691000,39,48,39,8,1762142936.531000,47,-3,1.022,TRUE,848,2025-11-03T09:38:57.629578,1762142936.825000,17,26,17,8,1762142936.575000,25,-25,1.001,TRUE,44.000,61935.758,FALSE,FALSE,FALSE,TRUE,FALSE,ECG samples:25
865,-18953.1,TRUE,848,2025-11-03T09:38:57.629578,1762142937.693000,39,49,39,9,1762142937.513000,48,-2,0.982,TRUE,849,2025-11-03T09:38:58.629567,1762142937.826000,17,26,17,8,1762142937.576000,25,-25,1.001,TRUE,63.000,61998.758,FALSE,FALSE,FALSE,TRUE,FALSE,ECG samples:25
866,-18952.1,TRUE,849,2025-11-03T09:38:58.629567,1762142938.695000,39,48,39,8,1762142938.535000,48,-2,1.022,TRUE,850,2025-11-03T09:38:59.629578,1762142938.828000,17,27,17,9,1762142938.546750,25,-25,0.971,TRUE,11.750,62010.508,FALSE,FALSE,FALSE,TRUE,FALSE,ECG samples:25
867,-18951.1,TRUE,850,2025-11-03T09:38:59.629578,1762142939.696000,40,50,40,9,1762142939.516000,47,-3,0.981,TRUE,851,2025-11-03T09:39:00.629575,1762142939.830000,16,26,16,9,1762142939.548750,25,-25,1.002,TRUE,32.750,62043.258,FALSE,FALSE,FALSE,TRUE,FALSE,ECG samples:25
868,-18950.1,TRUE,851,2025-11-03T09:39:00.629575,1762142940.697000,38,48,38,9,1762142940.517000,49,-1,1.001,TRUE,852,2025-11-03T09:39:01.629575,1762142940.830000,16,26,16,9,1762142940.548750,25,-25,1.000,TRUE,31.750,62075.008,FALSE,FALSE,FALSE,TRUE,FALSE,ECG samples:25
869,-18949.1,TRUE,852,2025-11-03T09:39:01.629575,1762142941.699000,40,51,40,10,1762142941.499000,49,-1,0.982,TRUE,853,2025-11-03T09:39:02.629579,1762142941.832000,16,26,16,9,1762142941.550750,25,-25,1.002,TRUE,51.750,62126.758,FALSE,FALSE,FALSE,TRUE,FALSE,ECG samples:25
870,-18948.1,TRUE,853,2025-11-03T09:39:02.629579,1762142942.700000,39,49,39,9,1762142942.520000,47,-3,1.021,TRUE,854,2025-11-03T09:39:03.629615,1762142942.833000,16,26,16,9,1762142942.551750,25,-25,1.001,TRUE,31.750,62158.508,FALSE,FALSE,FALSE,TRUE,FALSE,ECG samples:25
871,-18947.1,TRUE,854,2025-11-03T09:39:03.629615,1762142943.701000,38,48,38,9,1762142943.521000,48,-2,1.001,TRUE,855,2025-11-03T09:39:04.629575,1762142943.834000,16,26,16,9,1762142943.552750,25,-25,1.001,TRUE,31.750,62190.259,FALSE,FALSE,FALSE,TRUE,FALSE,ECG samples:25
872,-18946.1,TRUE,855,2025-11-03T09:39:04.629575,1762142944.703000,39,49,39,9,1762142944.523000,48,-2,1.002,TRUE,856,2025-11-03T09:39:05.629568,1762142944.836000,16,26,16,9,1762142944.554750,25,-25,1.002,TRUE,31.750,62222.008,FALSE,FALSE,FALSE,TRUE,FALSE,ECG samples:25
873,-18945.1,TRUE,856,2025-11-03T09:39:05.629568,1762142945.705000,39,49,39,9,1762142945.525000,47,-3,1.002,TRUE,857,2025-11-03T09:39:06.629567,1762142945.837000,16,26,16,9,1762142945.555750,25,-25,1.001,TRUE,30.750,62252.759,FALSE,FALSE,FALSE,TRUE,FALSE,ECG samples:25
874,-18944.1,TRUE,857,2025-11-03T09:39:06.629567,1762142946.707000,38,48,38,9,1762142946.527000,47,-3,1.002,TRUE,858,2025-11-03T09:39:07.629569,1762142946.839000,16,26,16,9,1762142946.557750,25,-25,1.002,TRUE,30.750,62283.509,FALSE,FALSE,FALSE,TRUE,FALSE,ECG samples:25
875,-18943.1,TRUE,858,2025-11-03T09:39:07.629569,1762142947.708000,38,49,38,10,1762142947.508000,48,-2,0.981,TRUE,859,2025-11-03T09:39:08.629568,1762142947.840000,16,26,16,9,1762142947.558750,25,-25,1.001,TRUE,50.750,62334.259,FALSE,FALSE,FALSE,TRUE,FALSE,ECG samples:25
876,-18942.1,TRUE,859,2025-11-03T09:39:08.629568,1762142948.710000,38,49,38,10,1762142948.510000,48,-2,1.002,TRUE,860,2025-11-03T09:39:09.629572,1762142948.843000,16,26,16,9,1762142948.561750,25,-25,1.003,TRUE,51.750,62386.009,FALSE,FALSE,FALSE,TRUE,FALSE,ECG samples:25
877,-18941.1,TRUE,860,2025-11-03T09:39:09.629572,1762142949.711000,38,49,38,10,1762142949.511000,48,-2,1.001,TRUE,861,2025-11-03T09:39:10.629573,1762142949.844000,16,26,16,9,1762142949.562750,25,-25,1.001,TRUE,51.750,62437.759,FALSE,FALSE,FALSE,TRUE,FALSE,ECG samples:25
878,-18940.1,TRUE,861,2025-11-03T09:39:10.629573,1762142950.712000,38,49,38,10,1762142950.512000,49,-1,1.001,TRUE,862,2025-11-03T09:39:11.629573,1762142950.845000,16,26,16,9,1762142950.563750,25,-25,1.001,TRUE,51.750,62489.509,FALSE,FALSE,FALSE,TRUE,FALSE,ECG samples:25
879,-18939.1,TRUE,862,2025-11-03T09:39:11.629573,1762142951.713000,39,49,39,9,1762142951.533000,48,-2,1.021,TRUE,863,2025-11-03T09:39:12.629576,1762142951.846000,16,26,16,9,1762142951.564750,25,-25,1.001,TRUE,31.750,62521.259,FALSE,FALSE,FALSE,TRUE,FALSE,ECG samples:25
880,-18938.1,TRUE,863,2025-11-03T09:39:12.629576,1762142952.716000,39,50,39,10,1762142952.516000,48,-2,0.983,TRUE,864,2025-11-03T09:39:13.629588,1762142952.848000,16,26,16,9,1762142952.566750,25,-25,1.002,TRUE,50.750,62572.009,FALSE,FALSE,FALSE,TRUE,FALSE,ECG samples:25
881,-18937.1,TRUE,864,2025-11-03T09:39:13.629588,1762142953.717000,38,49,38,10,1762142953.517000,49,-1,1.001,TRUE,865,2025-11-03T09:39:14.629567,1762142953.850000,16,26,16,9,1762142953.568750,25,-25,1.002,TRUE,51.750,62623.759,FALSE,FALSE,FALSE,TRUE,FALSE,ECG samples:25
882,-18936.1,TRUE,865,2025-11-03T09:39:14.629567,1762142954.719000,39,50,39,10,1762142954.519000,48,-2,1.002,TRUE,866,2025-11-03T09:39:15.629581,1762142954.851000,16,26,16,9,1762142954.569750,25,-25,1.001,TRUE,50.750,62674.509,FALSE,FALSE,FALSE,TRUE,FALSE,ECG samples:25
883,-18935.1,TRUE,866,2025-11-03T09:39:15.629581,1762142955.721000,38,49,38,10,1762142955.521000,49,-1,1.002,TRUE,867,2025-11-03T09:39:16.629575,1762142955.853000,16,26,16,9,1762142955.571750,25,-25,1.002,TRUE,50.750,62725.259,FALSE,FALSE,FALSE,TRUE,FALSE,ECG samples:25
884,-18934.1,TRUE,867,2025-11-03T09:39:16.629575,1762142956.722000,39,51,39,11,1762142956.502000,49,-1,0.981,TRUE,868,2025-11-03T09:39:17.629568,1762142956.854000,16,26,16,9,1762142956.572750,25,-25,1.001,TRUE,70.750,62796.009,FALSE,FALSE,FALSE,TRUE,FALSE,ECG samples:25
885,-18933.1,TRUE,868,2025-11-03T09:39:17.629568,1762142957.724000,38,49,38,10,1762142957.524000,48,-2,1.022,TRUE,869,2025-11-03T09:39:18.629571,1762142957.855000,16,26,16,9,1762142957.573750,25,-25,1.001,TRUE,49.750,62845.759,FALSE,FALSE,FALSE,TRUE,FALSE,ECG samples:25
886,-18932.1,TRUE,869,2025-11-03T09:39:18.629571,1762142958.725000,38,49,38,10,1762142958.525000,48,-2,1.001,TRUE,870,2025-11-03T09:39:19.629569,1762142958.857000,16,26,16,9,1762142958.575750,25,-25,1.002,TRUE,50.750,62896.509,FALSE,FALSE,FALSE,TRUE,FALSE,ECG samples:25
887,-18931.1,TRUE,870,2025-11-03T09:39:19.629569,1762142959.727000,38,48,38,9,1762142959.547000,47,-3,1.022,TRUE,871,2025-11-03T09:39:20.629568,1762142959.858000,16,26,16,9,1762142959.576750,25,-25,1.001,TRUE,29.750,62926.260,FALSE,FALSE,FALSE,TRUE,FALSE,ECG samples:25
888,-18930.1,TRUE,871,2025-11-03T09:39:20.629568,1762142960.728000,38,50,38,11,1762142960.508000,48,-2,0.961,TRUE,872,2025-11-03T09:39:21.629566,1762142960.859000,16,26,16,9,1762142960.577750,25,-25,1.001,TRUE,69.750,62996.010,FALSE,FALSE,FALSE,TRUE,FALSE,ECG samples:25
889,-18929.1,TRUE,872,2025-11-03T09:39:21.629566,1762142961.730000,37,49,37,11,1762142961.510000,47,-3,1.002,TRUE,873,2025-11-03T09:39:22.629575,1762142961.861000,16,26,16,9,1762142961.579750,25,-25,1.002,TRUE,69.750,63065.760,FALSE,FALSE,FALSE,TRUE,FALSE,ECG samples:25
890,-18928.1,TRUE,873,2025-11-03T09:39:22.629575,1762142962.631000,36,43,36,6,1762142962.511000,48,-2,1.001,TRUE,874,2025-11-03T09:39:23.629565,1762142962.761000,16,24,16,7,1762142962.542250,24,-26,0.962,TRUE,31.250,63097.009,FALSE,FALSE,FALSE,TRUE,FALSE,ECG samples:24
891,-18927.1,TRUE,874,2025-11-03T09:39:23.629565,1762142963.632000,42,49,42,6,1762142963.512000,49,-1,1.001,TRUE,875,2025-11-03T09:39:24.629567,1762142963.763000,17,25,17,7,1762142963.544250,25,-25,1.002,TRUE,32.250,63129.259,FALSE,FALSE,FALSE,TRUE,FALSE,ECG samples:25
892,-18926.1,TRUE,875,2025-11-03T09:39:24.629567,1762142964.635000,43,50,43,6,1762142964.515000,48,-2,1.003,TRUE,876,2025-11-03T09:39:25.629578,1762142964.764000,18,26,18,7,1762142964.545250,25,-25,1.001,TRUE,30.250,63159.509,FALSE,FALSE,FALSE,TRUE,FALSE,ECG samples:25
893,-18925.1,TRUE,876,2025-11-03T09:39:25.629578,1762142965.636000,42,49,42,6,1762142965.516000,49,-1,1.001,TRUE,877,2025-11-03T09:39:26.629571,1762142965.765000,18,26,18,7,1762142965.546250,25,-25,1.001,TRUE,30.250,63189.759,FALSE,FALSE,FALSE,TRUE,FALSE,ECG samples:25
894,-18924.1,TRUE,877,2025-11-03T09:39:26.629571,1762142966.639000,43,50,43,6,1762142966.519000,48,-2,1.003,TRUE,878,2025-11-03T09:39:27.629572,1762142966.766000,18,26,18,7,1762142966.547250,25,-25,1.001,TRUE,28.250,63218.009,FALSE,FALSE,FALSE,TRUE,FALSE,ECG samples:25
895,-18923.1,TRUE,878,2025-11-03T09:39:27.629572,1762142967.641000,42,49,42,6,1762142967.521000,48,-2,1.002,TRUE,879,2025-11-03T09:39:28.629757,1762142967.768000,18,26,18,7,1762142967.549250,25,-25,1.002,TRUE,28.250,63246.259,FALSE,FALSE,FALSE,TRUE,FALSE,ECG samples:25
896,-18922.1,TRUE,879,2025-11-03T09:39:28.629757,1762142968.643000,42,49,42,6,1762142968.523000,48,-2,1.002,TRUE,880,2025-11-03T09:39:29.629574,1762142968.769000,18,26,18,7,1762142968.550250,25,-25,1.001,TRUE,27.250,63273.509,FALSE,FALSE,FALSE,TRUE,FALSE,ECG samples:25
897,-18921.1,TRUE,880,2025-11-03T09:39:29.629574,1762142969.645000,42,49,42,6,1762142969.525000,47,-3,1.002,TRUE,881,2025-11-03T09:39:30.629580,1762142969.770000,18,26,18,7,1762142969.551250,25,-25,1.001,TRUE,26.250,63299.759,FALSE,FALSE,FALSE,TRUE,FALSE,ECG samples:25
898,-18920.1,TRUE,881,2025-11-03T09:39:30.629580,1762142970.646000,41,48,41,6,1762142970.526000,49,-1,1.001,TRUE,882,2025-11-03T09:39:31.629576,1762142970.772000,18,26,18,7,1762142970.553250,25,-25,1.002,TRUE,27.250,63327.009,FALSE,FALSE,FALSE,TRUE,FALSE,ECG samples:25
899,-18919.1,TRUE,882,2025-11-03T09:39:31.629576,1762142971.648000,43,50,43,6,1762142971.528000,48,-2,1.002,TRUE,883,2025-11-03T09:39:32.629571,1762142971.773000,18,26,18,7,1762142971.554250,25,-25,1.001,TRUE,26.250,63353.259,FALSE,FALSE,FALSE,TRUE,FALSE,ECG samples:25
900,-18918.1,TRUE,883,2025-11-03T09:39:32.629571,1762142972.648000,42,50,42,7,1762142972.508000,49,-1,0.980,TRUE,884,2025-11-03T09:39:33.629565,1762142972.775000,18,26,18,7,1762142972.556250,25,-25,1.002,TRUE,48.250,63401.509,FALSE,FALSE,FALSE,TRUE,FALSE,ECG samples:25
901,-18917.1,TRUE,884,2025-11-03T09:39:33.629565,1762142973.651000,42,49,42,6,1762142973.531000,48,-2,1.023,TRUE,885,2025-11-03T09:39:34.629563,1762142973.776000,18,26,18,7,1762142973.557250,25,-25,1.001,TRUE,26.250,63427.759,FALSE,FALSE,FALSE,TRUE,FALSE,ECG samples:25
902,-18916.1,TRUE,885,2025-11-03T09:39:34.629563,1762142974.654000,42,50,42,7,1762142974.514000,48,-2,0.983,TRUE,886,2025-11-03T09:39:35.629569,1762142974.778000,18,26,18,7,1762142974.559250,25,-25,1.002,TRUE,45.250,63473.009,FALSE,FALSE,FALSE,TRUE,FALSE,ECG samples:25
903,-18915.1,TRUE,886,2025-11-03T09:39:35.629569,1762142975.655000,41,49,41,7,1762142975.515000,48,-2,1.001,TRUE,887,2025-11-03T09:39:36.629579,1762142975.780000,18,26,18,7,1762142975.561250,25,-25,1.002,TRUE,46.250,63519.259,FALSE,FALSE,FALSE,TRUE,FALSE,ECG samples:25
904,-18914.1,TRUE,887,2025-11-03T09:39:36.629579,1762142976.656000,41,49,41,7,1762142976.516000,49,-1,1.001,TRUE,888,2025-11-03T09:39:37.629580,1762142976.781000,18,26,18,7,1762142976.562250,25,-25,1.001,TRUE,46.250,63565.509,FALSE,FALSE,FALSE,TRUE,FALSE,ECG samples:25
905,-18913.1,TRUE,888,2025-11-03T09:39:37.629580,1762142977.658000,42,49,42,6,1762142977.538000,48,-2,1.022,TRUE,889,2025-11-03T09:39:38.629573,1762142977.783000,18,26,18,7,1762142977.564250,25,-25,1.002,TRUE,26.250,63591.759,FALSE,FALSE,FALSE,TRUE,FALSE,ECG samples:25
906,-18912.1,TRUE,889,2025-11-03T09:39:38.629573,1762142978.660000,42,50,42,7,1762142978.520000,48,-2,0.982,TRUE,890,2025-11-03T09:39:39.629578,1762142978.784000,18,26,18,7,1762142978.565250,25,-25,1.001,TRUE,45.250,63637.009,FALSE,FALSE,FALSE,TRUE,FALSE,ECG samples:25
907,-18911.1,TRUE,890,2025-11-03T09:39:39.629578,1762142979.662000,41,49,41,7,1762142979.522000,49,-1,1.002,TRUE,891,2025-11-03T09:39:40.629574,1762142979.785000,18,27,18,8,1762142979.535000,25,-25,0.970,TRUE,13.000,63650.009,FALSE,FALSE,FALSE,TRUE,FALSE,ECG samples:25
908,-18910.1,TRUE,891,2025-11-03T09:39:40.629574,1762142980.664000,42,50,42,7,1762142980.524000,47,-3,1.002,TRUE,892,2025-11-03T09:39:41.629575,1762142980.787000,17,26,17,8,1762142980.537000,25,-25,1.002,TRUE,13.000,63663.009,FALSE,FALSE,FALSE,TRUE,FALSE,ECG samples:25
909,-18909.1,TRUE,892,2025-11-03T09:39:41.629575,1762142981.666000,40,48,40,7,1762142981.526000,47,-3,1.002,TRUE,893,2025-11-03T09:39:42.629572,1762142981.789000,17,26,17,8,1762142981.539000,25,-25,1.002,TRUE,13.000,63676.010,FALSE,FALSE,FALSE,TRUE,FALSE,ECG samples:25
910,-18908.1,TRUE,893,2025-11-03T09:39:42.629572,1762142982.667000,40,48,40,7,1762142982.527000,49,-1,1.001,TRUE,894,2025-11-03T09:39:43.629587,1762142982.791000,17,26,17,8,1762142982.541000,24,-26,1.002,TRUE,14.000,63690.010,FALSE,FALSE,FALSE,TRUE,FALSE,ECG samples:24
911,-18907.1,TRUE,894,2025-11-03T09:39:43.629587,1762142983.668000,42,50,42,7,1762142983.528000,48,-2,1.001,TRUE,895,2025-11-03T09:39:44.629574,1762142983.793000,16,25,16,8,1762142983.543000,25,-25,1.002,TRUE,15.000,63705.010,FALSE,FALSE,FALSE,TRUE,FALSE,ECG samples:25
912,-18906.1,TRUE,895,2025-11-03T09:39:44.629574,1762142984.669000,41,49,41,7,1762142984.529000,49,-1,1.001,TRUE,896,2025-11-03T09:39:45.629576,1762142984.795000,17,26,17,8,1762142984.545000,25,-25,1.002,TRUE,16.000,63721.010,FALSE,FALSE,FALSE,TRUE,FALSE,ECG samples:25
913,-18905.1,TRUE,896,2025-11-03T09:39:45.629576,1762142985.671000,42,50,42,7,1762142985.531000,48,-2,1.002,TRUE,897,2025-11-03T09:39:46.629566,1762142985.796000,17,26,17,8,1762142985.546000,25,-25,1.001,TRUE,15.000,63736.010,FALSE,FALSE,FALSE,TRUE,FALSE,ECG samples:25
914,-18904.1,TRUE,897,2025-11-03T09:39:46.629566,1762142986.672000,41,50,41,8,1762142986.512000,49,-1,0.981,TRUE,898,2025-11-03T09:39:47.629568,1762142986.797000,17,26,17,8,1762142986.547000,25,-25,1.001,TRUE,35.000,63771.010,FALSE,FALSE,FALSE,TRUE,FALSE,ECG samples:25
915,-18903.1,TRUE,898,2025-11-03T09:39:47.629568,1762142987.675000,41,49,41,7,1762142987.535000,47,-3,1.023,TRUE,899,2025-11-03T09:39:48.629619,1762142987.799000,17,26,17,8,1762142987.549000,25,-25,1.002,TRUE,14.000,63785.010,FALSE,FALSE,FALSE,TRUE,FALSE,ECG samples:25
916,-18902.1,TRUE,899,2025-11-03T09:39:48.629619,1762142988.677000,40,49,40,8,1762142988.517000,48,-2,0.982,TRUE,900,2025-11-03T09:39:49.629568,1762142988.800000,17,26,17,8,1762142988.550000,25,-25,1.001,TRUE,33.000,63818.010,FALSE,FALSE,FALSE,TRUE,FALSE,ECG samples:25
917,-18901.1,TRUE,900,2025-11-03T09:39:49.629568,1762142989.678000,40,49,40,8,1762142989.518000,48,-2,1.001,TRUE,901,2025-11-03T09:39:50.629577,1762142989.802000,17,26,17,8,1762142989.552000,25,-25,1.002,TRUE,34.000,63852.010,FALSE,FALSE,FALSE,TRUE,FALSE,ECG samples:25
918,-18900.1,TRUE,901,2025-11-03T09:39:50.629577,1762142990.679000,40,49,40,8,1762142990.519000,47,-3,1.001,TRUE,902,2025-11-03T09:39:51.629579,1762142990.804000,17,26,17,8,1762142990.554000,25,-25,1.002,TRUE,35.000,63887.011,FALSE,FALSE,FALSE,TRUE,FALSE,ECG samples:25
919,-18899.1,TRUE,902,2025-11-03T09:39:51.629579,1762142991.681000,39,48,39,8,1762142991.521000,49,-1,1.002,TRUE,903,2025-11-03T09:39:52.629572,1762142991.805000,17,26,17,8,1762142991.555000,25,-25,1.001,TRUE,34.000,63921.011,FALSE,FALSE,FALSE,TRUE,FALSE,ECG samples:25
920,-18898.1,TRUE,903,2025-11-03T09:39:52.629572,1762142992.682000,41,49,41,7,1762142992.542000,48,-2,1.021,TRUE,904,2025-11-03T09:39:53.629567,1762142992.806000,17,26,17,8,1762142992.556000,24,-26,1.001,TRUE,14.000,63935.011,FALSE,FALSE,FALSE,TRUE,FALSE,ECG samples:24
921,-18897.1,TRUE,904,2025-11-03T09:39:53.629567,1762142993.684000,41,50,41,8,1762142993.524000,47,-3,0.982,TRUE,905,2025-11-03T09:39:54.629571,1762142993.807000,16,25,16,8,1762142993.557000,25,-25,1.001,TRUE,33.000,63968.011,FALSE,FALSE,FALSE,TRUE,FALSE,ECG samples:25
922,-18896.1,TRUE,905,2025-11-03T09:39:54.629571,1762142994.685000,39,48,39,8,1762142994.525000,49,-1,1.001,TRUE,906,2025-11-03T09:39:55.629624,1762142994.808000,17,26,17,8,1762142994.558000,25,-25,1.001,TRUE,33.000,64001.011,FALSE,FALSE,FALSE,TRUE,FALSE,ECG samples:25
923,-18895.1,TRUE,906,2025-11-03T09:39:55.629624,1762142995.687000,41,49,41,7,1762142995.547000,48,-2,1.022,TRUE,907,2025-11-03T09:39:56.629569,1762142995.810000,17,26,17,8,1762142995.560000,25,-25,1.002,TRUE,13.000,64014.011,FALSE,FALSE,FALSE,TRUE,FALSE,ECG samples:25
924,-18894.1,TRUE,907,2025-11-03T09:39:56.629569,1762142996.689000,41,49,41,7,1762142996.549000,48,-2,1.002,TRUE,908,2025-11-03T09:39:57.629570,1762142996.811000,17,26,17,8,1762142996.561000,25,-25,1.001,TRUE,12.000,64026.011,FALSE,FALSE,FALSE,TRUE,FALSE,ECG samples:25
925,-18893.1,TRUE,908,2025-11-03T09:39:57.629570,1762142997.691000,41,49,41,7,1762142997.551000,48,-2,1.002,TRUE,909,2025-11-03T09:39:58.629570,1762142997.812000,17,26,17,8,1762142997.562000,25,-25,1.001,TRUE,11.000,64037.012,FALSE,FALSE,FALSE,TRUE,FALSE,ECG samples:25
926,-18892.1,TRUE,909,2025-11-03T09:39:58.629570,1762142998.692000,41,50,41,8,1762142998.532000,48,-2,0.981,TRUE,910,2025-11-03T09:39:59.629577,1762142998.813000,17,26,17,8,1762142998.563000,25,-25,1.001,TRUE,31.000,64068.012,FALSE,FALSE,FALSE,TRUE,FALSE,ECG samples:25
927,-18891.1,TRUE,910,2025-11-03T09:39:59.629577,1762142999.693000,40,48,40,7,1762142999.553000,46,-4,1.021,TRUE,911,2025-11-03T09:40:00.629573,1762142999.815000,17,25,17,7,1762142999.596250,25,-25,1.033,TRUE,43.250,64111.262,FALSE,FALSE,FALSE,TRUE,FALSE,ECG samples:25
928,-18890.1,TRUE,911,2025-11-03T09:40:00.629573,1762143000.695000,39,48,39,8,1762143000.535000,47,-3,0.982,TRUE,912,2025-11-03T09:40:01.629577,1762143000.816000,18,26,18,7,1762143000.597250,25,-25,1.001,TRUE,62.250,64173.512,FALSE,FALSE,FALSE,TRUE,FALSE,ECG samples:25
929,-18889.1,TRUE,912,2025-11-03T09:40:01.629577,1762143001.697000,39,48,39,8,1762143001.537000,47,-3,1.002,TRUE,913,2025-11-03T09:40:02.629574,1762143001.818000,18,26,18,7,1762143001.599250,25,-25,1.002,TRUE,62.250,64235.762,FALSE,FALSE,FALSE,TRUE,FALSE,ECG samples:25
930,-18888.1,TRUE,913,2025-11-03T09:40:02.629574,1762143002.698000,39,49,39,9,1762143002.518000,48,-2,0.981,TRUE,914,2025-11-03T09:40:03.629577,1762143002.819000,18,26,18,7,1762143002.600250,25,-25,1.001,TRUE,82.250,64318.012,FALSE,FALSE,FALSE,TRUE,FALSE,ECG samples:25
931,-18887.1,TRUE,914,2025-11-03T09:40:03.629577,1762143003.700000,39,48,39,8,1762143003.540000,48,-2,1.022,TRUE,915,2025-11-03T09:40:04.629574,1762143003.820000,18,26,18,7,1762143003.601250,25,-25,1.001,TRUE,61.250,64379.262,FALSE,FALSE,FALSE,TRUE,FALSE,ECG samples:25
932,-18886.1,TRUE,915,2025-11-03T09:40:04.629574,1762143004.702000,40,50,40,9,1762143004.522000,48,-2,0.982,TRUE,916,2025-11-03T09:40:05.629568,1762143004.822000,18,26,18,7,1762143004.603250,25,-25,1.002,TRUE,81.250,64460.512,FALSE,FALSE,FALSE,TRUE,FALSE,ECG samples:25
933,-18885.1,TRUE,916,2025-11-03T09:40:05.629568,1762143005.704000,39,48,39,8,1762143005.544000,48,-2,1.022,TRUE,917,2025-11-03T09:40:06.629569,1762143005.823000,18,27,18,8,1762143005.573000,25,-25,0.970,TRUE,29.000,64489.512,FALSE,FALSE,FALSE,TRUE,FALSE,ECG samples:25
934,-18884.1,TRUE,917,2025-11-03T09:40:06.629569,1762143006.705000,40,49,40,8,1762143006.545000,48,-2,1.001,TRUE,918,2025-11-03T09:40:07.629582,1762143006.824000,17,26,17,8,1762143006.574000,25,-25,1.001,TRUE,29.000,64518.512,FALSE,FALSE,FALSE,TRUE,FALSE,ECG samples:25
935,-18883.1,TRUE,918,2025-11-03T09:40:07.629582,1762143007.706000,40,49,40,8,1762143007.546000,48,-2,1.001,TRUE,919,2025-11-03T09:40:08.629571,1762143007.826000,17,26,17,8,1762143007.576000,25,-25,1.002,TRUE,30.000,64548.512,FALSE,FALSE,FALSE,TRUE,FALSE,ECG samples:25
936,-18882.1,TRUE,919,2025-11-03T09:40:08.629571,1762143008.708000,40,50,40,9,1762143008.528000,49,-1,0.982,TRUE,920,2025-11-03T09:40:09.629572,1762143008.827000,17,26,17,8,1762143008.577000,25,-25,1.001,TRUE,49.000,64597.512,FALSE,FALSE,FALSE,TRUE,FALSE,ECG samples:25
937,-18881.1,TRUE,920,2025-11-03T09:40:09.629572,1762143009.709000,40,49,40,8,1762143009.549000,47,-3,1.021,TRUE,921,2025-11-03T09:40:10.629575,1762143009.829000,17,26,17,8,1762143009.579000,25,-25,1.002,TRUE,30.000,64627.512,FALSE,FALSE,FALSE,TRUE,FALSE,ECG samples:25
938,-18880.1,TRUE,921,2025-11-03T09:40:10.629575,1762143010.711000,39,49,39,9,1762143010.531000,48,-2,0.982,TRUE,922,2025-11-03T09:40:11.629574,1762143010.831000,17,26,17,8,1762143010.581000,25,-25,1.002,TRUE,50.000,64677.513,FALSE,FALSE,FALSE,TRUE,FALSE,ECG samples:25
939,-18879.1,TRUE,922,2025-11-03T09:40:11.629574,1762143011.712000,39,49,39,9,1762143011.532000,48,-2,1.001,TRUE,923,2025-11-03T09:40:12.629575,1762143011.831000,17,26,17,8,1762143011.581000,25,-25,1.000,TRUE,49.000,64726.513,FALSE,FALSE,FALSE,TRUE,FALSE,ECG samples:25
940,-18878.1,TRUE,923,2025-11-03T09:40:12.629575,1762143012.714000,39,49,39,9,1762143012.534000,47,-3,1.002,TRUE,924,2025-11-03T09:40:13.629572,1762143012.833000,17,26,17,8,1762143012.583000,25,-25,1.002,TRUE,49.000,64775.513,FALSE,FALSE,FALSE,TRUE,FALSE,ECG samples:25
941,-18877.1,TRUE,924,2025-11-03T09:40:13.629572,1762143013.715000,38,47,38,8,1762143013.555000,47,-3,1.021,TRUE,925,2025-11-03T09:40:14.629578,1762143013.834000,17,26,17,8,1762143013.584000,25,-25,1.001,TRUE,29.000,64804.513,FALSE,FALSE,FALSE,TRUE,FALSE,ECG samples:25
942,-18876.1,TRUE,925,2025-11-03T09:40:14.629578,1762143014.717000,39,49,39,9,1762143014.537000,48,-2,0.982,TRUE,926,2025-11-03T09:40:15.629571,1762143014.835000,17,26,17,8,1762143014.585000,24,-26,1.001,TRUE,48.000,64852.513,FALSE,FALSE,FALSE,TRUE,FALSE,ECG samples:24
943,-18875.1,TRUE,926,2025-11-03T09:40:15.629571,1762143015.720000,39,49,39,9,1762143015.540000,48,-2,1.003,TRUE,927,2025-11-03T09:40:16.629568,1762143015.837000,16,25,16,8,1762143015.587000,25,-25,1.002,TRUE,47.000,64899.513,FALSE,FALSE,FALSE,TRUE,FALSE,ECG samples:25
944,-18874.1,TRUE,927,2025-11-03T09:40:16.629568,1762143016.722000,39,49,39,9,1762143016.542000,48,-2,1.002,TRUE,928,2025-11-03T09:40:17.629573,1762143016.838000,17,26,17,8,1762143016.588000,25,-25,1.001,TRUE,46.000,64945.513,FALSE,FALSE,FALSE,TRUE,FALSE,ECG samples:25
945,-18873.1,TRUE,928,2025-11-03T09:40:17.629573,1762143017.723000,39,49,39,9,1762143017.543000,48,-2,1.001,TRUE,929,2025-11-03T09:40:18.629574,1762143017.839000,17,26,17,8,1762143017.589000,25,-25,1.001,TRUE,46.000,64991.513,FALSE,FALSE,FALSE,TRUE,FALSE,ECG samples:25
946,-18872.1,TRUE,929,2025-11-03T09:40:18.629574,1762143018.725000,39,49,39,9,1762143018.545000,48,-2,1.002,TRUE,930,2025-11-03T09:40:19.629566,1762143018.841000,17,26,17,8,1762143018.591000,25,-25,1.002,TRUE,46.000,65037.514,FALSE,FALSE,FALSE,TRUE,FALSE,ECG samples:25
947,-18871.1,TRUE,930,2025-11-03T09:40:19.629566,1762143019.727000,39,49,39,9,1762143019.547000,49,-1,1.002,TRUE,931,2025-11-03T09:40:20.629573,1762143019.842000,17,26,17,8,1762143019.592000,25,-25,1.001,TRUE,45.000,65082.514,FALSE,FALSE,FALSE,TRUE,FALSE,ECG samples:25
948,-18870.1,TRUE,931,2025-11-03T09:40:20.629573,1762143020.729000,40,50,40,9,1762143020.549000,47,-3,1.002,TRUE,932,2025-11-03T09:40:21.629573,1762143020.844000,17,26,17,8,1762143020.594000,25,-25,1.002,TRUE,45.000,65127.514,FALSE,FALSE,FALSE,TRUE,FALSE,ECG samples:25
949,-18869.1,TRUE,932,2025-11-03T09:40:21.629573,1762143021.730000,38,48,38,9,1762143021.550000,49,-1,1.001,TRUE,933,2025-11-03T09:40:22.629567,1762143021.845000,17,26,17,8,1762143021.595000,25,-25,1.001,TRUE,45.000,65172.514,FALSE,FALSE,FALSE,TRUE,FALSE,ECG samples:25
950,-18868.1,TRUE,933,2025-11-03T09:40:22.629567,1762143022.631000,40,46,40,5,1762143022.531000,49,-1,0.981,TRUE,934,2025-11-03T09:40:23.629570,1762143022.746000,17,24,17,6,1762143022.558500,25,-25,0.964,TRUE,27.500,65200.014,FALSE,FALSE,FALSE,TRUE,FALSE,ECG samples:25
951,-18867.1,TRUE,934,2025-11-03T09:40:23.629570,1762143023.633000,44,49,44,4,1762143023.553000,48,-2,1.022,TRUE,935,2025-11-03T09:40:24.629567,1762143023.748000,19,25,19,5,1762143023.591750,24,-26,1.033,TRUE,38.750,65238.764,FALSE,FALSE,FALSE,TRUE,FALSE,ECG samples:24
952,-18866.1,TRUE,935,2025-11-03T09:40:24.629567,1762143024.634000,44,49,44,4,1762143024.554000,47,-3,1.001,TRUE,936,2025-11-03T09:40:25.629567,1762143024.749000,19,26,19,6,1762143024.561500,25,-25,0.970,TRUE,7.500,65246.264,FALSE,FALSE,FALSE,TRUE,FALSE,ECG samples:25
953,-18865.1,TRUE,936,2025-11-03T09:40:25.629567,1762143025.636000,43,49,43,5,1762143025.536000,48,-2,0.982,TRUE,937,2025-11-03T09:40:26.629570,1762143025.751000,19,26,19,6,1762143025.563500,24,-26,1.002,TRUE,27.500,65273.764,FALSE,FALSE,FALSE,TRUE,FALSE,ECG samples:24
954,-18864.1,TRUE,937,2025-11-03T09:40:26.629570,1762143026.637000,43,49,43,5,1762143026.537000,48,-2,1.001,TRUE,938,2025-11-03T09:40:27.629572,1762143026.751000,18,25,18,6,1762143026.563500,25,-25,1.000,TRUE,26.500,65300.263,FALSE,FALSE,FALSE,TRUE,FALSE,ECG samples:25
955,-18863.1,TRUE,938,2025-11-03T09:40:27.629572,1762143027.640000,43,49,43,5,1762143027.540000,48,-2,1.003,TRUE,939,2025-11-03T09:40:28.629572,1762143027.753000,19,26,19,6,1762143027.565500,25,-25,1.002,TRUE,25.500,65325.763,FALSE,FALSE,FALSE,TRUE,FALSE,ECG samples:25
956,-18862.1,TRUE,939,2025-11-03T09:40:28.629572,1762143028.642000,43,49,43,5,1762143028.542000,48,-2,1.002,TRUE,940,2025-11-03T09:40:29.629567,1762143028.754000,19,26,19,6,1762143028.566500,25,-25,1.001,TRUE,24.500,65350.263,FALSE,FALSE,FALSE,TRUE,FALSE,ECG samples:25
957,-18861.1,TRUE,940,2025-11-03T09:40:29.629567,1762143029.644000,43,49,43,5,1762143029.544000,47,-3,1.002,TRUE,941,2025-11-03T09:40:30.629568,1762143029.755000,19,26,19,6,1762143029.567500,25,-25,1.001,TRUE,23.500,65373.763,FALSE,FALSE,FALSE,TRUE,FALSE,ECG samples:25
958,-18860.1,TRUE,941,2025-11-03T09:40:30.629568,1762143030.647000,42,48,42,5,1762143030.547000,47,-3,1.003,TRUE,942,2025-11-03T09:40:31.629566,1762143030.756000,19,26,19,6,1762143030.568500,25,-25,1.001,TRUE,21.500,65395.263,FALSE,FALSE,FALSE,TRUE,FALSE,ECG samples:25
959,-18859.1,TRUE,942,2025-11-03T09:40:31.629566,1762143031.648000,42,48,42,5,1762143031.548000,47,-3,1.001,TRUE,943,2025-11-03T09:40:32.629574,1762143031.758000,19,26,19,6,1762143031.570500,25,-25,1.002,TRUE,22.500,65417.763,FALSE,FALSE,FALSE,TRUE,FALSE,ECG samples:25
960,-18858.1,TRUE,943,2025-11-03T09:40:32.629574,1762143032.649000,42,48,42,5,1762143032.549000,48,-2,1.001,TRUE,944,2025-11-03T09:40:33.629569,1762143032.759000,19,26,19,6,1762143032.571500,25,-25,1.001,TRUE,22.500,65440.263,FALSE,FALSE,FALSE,TRUE,FALSE,ECG samples:25
961,-18857.1,TRUE,944,2025-11-03T09:40:33.629569,1762143033.650000,43,49,43,5,1762143033.550000,46,-4,1.001,TRUE,945,2025-11-03T09:40:34.629569,1762143033.761000,19,26,19,6,1762143033.573500,25,-25,1.002,TRUE,23.500,65463.763,FALSE,FALSE,FALSE,TRUE,FALSE,ECG samples:25
962,-18856.1,TRUE,945,2025-11-03T09:40:34.629569,1762143034.652000,41,48,41,6,1762143034.532000,48,-2,0.982,TRUE,946,2025-11-03T09:40:35.629565,1762143034.762000,19,26,19,6,1762143034.574500,25,-25,1.001,TRUE,42.500,65506.263,FALSE,FALSE,FALSE,TRUE,FALSE,ECG samples:25
963,-18855.1,TRUE,946,2025-11-03T09:40:35.629565,1762143035.654000,42,48,42,5,1762143035.554000,47,-3,1.022,TRUE,947,2025-11-03T09:40:36.629581,1762143035.763000,19,26,19,6,1762143035.575500,25,-25,1.001,TRUE,21.500,65527.762,FALSE,FALSE,FALSE,TRUE,FALSE,ECG samples:25
964,-18854.1,TRUE,947,2025-11-03T09:40:36.629581,1762143036.655000,42,49,42,6,1762143036.535000,49,-1,0.981,TRUE,948,2025-11-03T09:40:37.629570,1762143036.764000,19,26,19,6,1762143036.576500,25,-25,1.001,TRUE,41.500,65569.262,FALSE,FALSE,FALSE,TRUE,FALSE,ECG samples:25
965,-18853.1,TRUE,948,2025-11-03T09:40:37.629570,1762143037.656000,43,49,43,5,1762143037.556000,47,-3,1.021,TRUE,949,2025-11-03T09:40:38.629573,1762143037.766000,19,26,19,6,1762143037.578500,25,-25,1.002,TRUE,22.500,65591.762,FALSE,FALSE,FALSE,TRUE,FALSE,ECG samples:25
966,-18852.1,TRUE,949,2025-11-03T09:40:38.629573,1762143038.658000,42,48,42,5,1762143038.558000,47,-3,1.002,TRUE,950,2025-11-03T09:40:39.629674,1762143038.766000,19,26,19,6,1762143038.578500,25,-25,1.000,TRUE,20.500,65612.262,FALSE,FALSE,FALSE,TRUE,FALSE,ECG samples:25
967,-18851.1,TRUE,950,2025-11-03T09:40:39.629674,1762143039.659000,42,48,42,5,1762143039.559000,48,-2,1.001,TRUE,951,2025-11-03T09:40:40.629582,1762143039.768000,19,26,19,6,1762143039.580500,25,-25,1.002,TRUE,21.500,65633.762,FALSE,FALSE,FALSE,TRUE,FALSE,ECG samples:25
968,-18850.1,TRUE,951,2025-11-03T09:40:40.629582,1762143040.661000,43,49,43,5,1762143040.561000,46,-4,1.002,TRUE,952,2025-11-03T09:40:41.629576,1762143040.769000,19,26,19,6,1762143040.581500,25,-25,1.001,TRUE,20.500,65654.262,FALSE,FALSE,FALSE,TRUE,FALSE,ECG samples:25
969,-18849.1,TRUE,952,2025-11-03T09:40:41.629576,1762143041.662000,41,48,41,6,1762143041.542000,48,-2,0.981,TRUE,953,2025-11-03T09:40:42.629572,1762143041.771000,19,26,19,6,1762143041.583500,25,-25,1.002,TRUE,41.500,65695.762,FALSE,FALSE,FALSE,TRUE,FALSE,ECG samples:25
970,-18848.1,TRUE,953,2025-11-03T09:40:42.629572,1762143042.664000,42,49,42,6,1762143042.544000,47,-3,1.002,TRUE,954,2025-11-03T09:40:43.629573,1762143042.772000,19,26,19,6,1762143042.584500,25,-25,1.001,TRUE,40.500,65736.262,FALSE,FALSE,FALSE,TRUE,FALSE,ECG samples:25
971,-18847.1,TRUE,954,2025-11-03T09:40:43.629573,1762143043.665000,41,48,41,6,1762143043.545000,48,-2,1.001,TRUE,955,2025-11-03T09:40:44.629570,1762143043.773000,19,26,19,6,1762143043.585500,25,-25,1.001,TRUE,40.500,65776.762,FALSE,FALSE,FALSE,TRUE,FALSE,ECG samples:25
972,-18846.1,TRUE,955,2025-11-03T09:40:44.629570,1762143044.666000,42,50,42,7,1762143044.526000,49,-1,0.981,TRUE,956,2025-11-03T09:40:45.629568,1762143044.775000,19,26,19,6,1762143044.587500,25,-25,1.002,TRUE,61.500,65838.262,FALSE,FALSE,FALSE,TRUE,FALSE,ECG samples:25
973,-18845.1,TRUE,956,2025-11-03T09:40:45.629568,1762143045.668000,42,48,42,5,1762143045.568000,48,-2,1.042,TRUE,957,2025-11-03T09:40:46.629569,1762143045.776000,19,26,19,6,1762143045.588500,25,-25,1.001,TRUE,20.500,65858.762,FALSE,FALSE,FALSE,TRUE,FALSE,ECG samples:25
974,-18844.1,TRUE,957,2025-11-03T09:40:46.629569,1762143046.671000,43,50,43,6,1762143046.551000,48,-2,0.983,TRUE,958,2025-11-03T09:40:47.629569,1762143046.777000,19,26,19,6,1762143046.589500,25,-25,1.001,TRUE,38.500,65897.262,FALSE,FALSE,FALSE,TRUE,FALSE,ECG samples:25
975,-18843.1,TRUE,958,2025-11-03T09:40:47.629569,1762143047.672000,42,49,42,6,1762143047.552000,47,-3,1.001,TRUE,959,2025-11-03T09:40:48.629578,1762143047.778000,19,26,19,6,1762143047.590500,25,-25,1.001,TRUE,38.500,65935.762,FALSE,FALSE,FALSE,TRUE,FALSE,ECG samples:25
976,-18842.1,TRUE,959,2025-11-03T09:40:48.629578,1762143048.674000,41,48,41,6,1762143048.554000,48,-2,1.002,TRUE,960,2025-11-03T09:40:49.629567,1762143048.779000,19,26,19,6,1762143048.591500,25,-25,1.001,TRUE,37.500,65973.262,FALSE,FALSE,FALSE,TRUE,FALSE,ECG samples:25
977,-18841.1,TRUE,960,2025-11-03T09:40:49.629567,1762143049.675000,42,49,42,6,1762143049.555000,47,-3,1.001,TRUE,961,2025-11-03T09:40:50.629565,1762143049.782000,19,27,19,7,1762143049.563250,25,-25,0.972,TRUE,8.250,65981.512,FALSE,FALSE,FALSE,TRUE,FALSE,ECG samples:25
978,-18840.1,TRUE,961,2025-11-03T09:40:50.629565,1762143050.676000,41,49,41,7,1762143050.536000,49,-1,0.981,TRUE,962,2025-11-03T09:40:51.629573,1762143050.783000,18,26,18,7,1762143050.564250,25,-25,1.001,TRUE,28.250,66009.762,FALSE,FALSE,FALSE,TRUE,FALSE,ECG samples:25
979,-18839.1,TRUE,962,2025-11-03T09:40:51.629573,1762143051.678000,42,50,42,7,1762143051.538000,49,-1,1.002,TRUE,963,2025-11-03T09:40:52.629698,1762143051.784000,18,26,18,7,1762143051.565250,25,-25,1.001,TRUE,27.250,66037.012,FALSE,FALSE,FALSE,TRUE,FALSE,ECG samples:25
980,-18838.1,TRUE,963,2025-11-03T09:40:52.629698,1762143052.679000,42,50,42,7,1762143052.539000,48,-2,1.001,TRUE,964,2025-11-03T09:40:53.629575,1762143052.786000,18,26,18,7,1762143052.567250,25,-25,1.002,TRUE,28.250,66065.262,FALSE,FALSE,FALSE,TRUE,FALSE,ECG samples:25
981,-18837.1,TRUE,964,2025-11-03T09:40:53.629575,1762143053.681000,41,49,41,7,1762143053.541000,49,-1,1.002,TRUE,965,2025-11-03T09:40:54.629570,1762143053.788000,18,26,18,7,1762143053.569250,25,-25,1.002,TRUE,28.250,66093.512,FALSE,FALSE,FALSE,TRUE,FALSE,ECG samples:25
982,-18836.1,TRUE,965,2025-11-03T09:40:54.629570,1762143054.682000,42,49,42,6,1762143054.562000,49,-1,1.021,TRUE,966,2025-11-03T09:40:55.629572,1762143054.790000,18,26,18,7,1762143054.571250,25,-25,1.002,TRUE,9.250,66102.762,FALSE,FALSE,FALSE,TRUE,FALSE,ECG samples:25
983,-18835.1,TRUE,966,2025-11-03T09:40:55.629572,1762143055.684000,43,50,43,6,1762143055.564000,48,-2,1.002,TRUE,967,2025-11-03T09:40:56.629572,1762143055.790000,18,26,18,7,1762143055.571250,25,-25,1.000,TRUE,7.250,66110.012,FALSE,FALSE,FALSE,TRUE,FALSE,ECG samples:25
984,-18834.1,TRUE,967,2025-11-03T09:40:56.629572,1762143056.686000,42,49,42,6,1762143056.566000,48,-2,1.002,TRUE,968,2025-11-03T09:40:57.629574,1762143056.792000,18,26,18,7,1762143056.573250,25,-25,1.002,TRUE,7.250,66117.262,FALSE,FALSE,FALSE,TRUE,FALSE,ECG samples:25
985,-18833.1,TRUE,968,2025-11-03T09:40:57.629574,1762143057.688000,42,49,42,6,1762143057.568000,48,-2,1.002,TRUE,969,2025-11-03T09:40:58.629574,1762143057.793000,18,26,18,7,1762143057.574250,25,-25,1.001,TRUE,6.250,66123.512,FALSE,FALSE,FALSE,TRUE,FALSE,ECG samples:25
986,-18832.1,TRUE,969,2025-11-03T09:40:58.629574,1762143058.688000,42,50,42,7,1762143058.548000,48,-2,0.980,TRUE,970,2025-11-03T09:40:59.629573,1762143058.794000,18,26,18,7,1762143058.575250,25,-25,1.001,TRUE,27.250,66150.762,FALSE,FALSE,FALSE,TRUE,FALSE,ECG samples:25
987,-18831.1,TRUE,970,2025-11-03T09:40:59.629573,1762143059.690000,41,49,41,7,1762143059.550000,49,-1,1.002,TRUE,971,2025-11-03T09:41:00.629570,1762143059.896000,18,28,18,9,1762143059.614750,25,-25,1.039,TRUE,64.750,66215.512,FALSE,FALSE,FALSE,TRUE,FALSE,ECG samples:25
988,-18830.1,TRUE,971,2025-11-03T09:41:00.629570,1762143060.692000,42,50,42,7,1762143060.552000,48,-2,1.002,TRUE,972,2025-11-03T09:41:01.629560,1762143060.797000,16,24,16,7,1762143060.578250,25,-25,0.964,TRUE,26.250,66241.762,FALSE,FALSE,FALSE,TRUE,FALSE,ECG samples:25
989,-18829.1,TRUE,972,2025-11-03T09:41:01.629560,1762143061.695000,41,49,41,7,1762143061.555000,47,-3,1.003,TRUE,973,2025-11-03T09:41:02.629557,1762143061.799000,18,26,18,7,1762143061.580250,25,-25,1.002,TRUE,25.250,66267.012,FALSE,FALSE,FALSE,TRUE,FALSE,ECG samples:25
990,-18828.1,TRUE,973,2025-11-03T09:41:02.629557,1762143062.697000,40,48,40,7,1762143062.557000,48,-2,1.002,TRUE,974,2025-11-03T09:41:03.629550,1762143062.800000,18,26,18,7,1762143062.581250,25,-25,1.001,TRUE,24.250,66291.262,FALSE,FALSE,FALSE,TRUE,FALSE,ECG samples:25
991,-18827.1,TRUE,974,2025-11-03T09:41:03.629550,1762143063.699000,41,49,41,7,1762143063.559000,48,-2,1.002,TRUE,975,2025-11-03T09:41:04.629572,1762143063.802000,18,26,18,7,1762143063.583250,25,-25,1.002,TRUE,24.250,66315.512,FALSE,FALSE,FALSE,TRUE,FALSE,ECG samples:25
992,-18826.1,TRUE,975,2025-11-03T09:41:04.629572,1762143064.701000,41,49,41,7,1762143064.561000,48,-2,1.002,TRUE,976,2025-11-03T09:41:05.629572,1762143064.803000,18,26,18,7,1762143064.584250,25,-25,1.001,TRUE,23.250,66338.763,FALSE,FALSE,FALSE,TRUE,FALSE,ECG samples:25
993,-18825.1,TRUE,976,2025-11-03T09:41:05.629572,1762143065.702000,41,49,41,7,1762143065.562000,48,-2,1.001,TRUE,977,2025-11-03T09:41:06.629574,1762143065.804000,18,26,18,7,1762143065.585250,25,-25,1.001,TRUE,23.250,66362.013,FALSE,FALSE,FALSE,TRUE,FALSE,ECG samples:25
994,-18824.1,TRUE,977,2025-11-03T09:41:06.629574,1762143066.703000,41,49,41,7,1762143066.563000,48,-2,1.001,TRUE,978,2025-11-03T09:41:07.629576,1762143066.806000,18,26,18,7,1762143066.587250,25,-25,1.002,TRUE,24.250,66386.263,FALSE,FALSE,FALSE,TRUE,FALSE,ECG samples:25
995,-18823.1,TRUE,978,2025-11-03T09:41:07.629576,1762143067.705000,41,49,41,7,1762143067.565000,47,-3,1.002,TRUE,979,2025-11-03T09:41:08.629574,1762143067.807000,18,26,18,7,1762143067.588250,25,-25,1.001,TRUE,23.250,66409.513,FALSE,FALSE,FALSE,TRUE,FALSE,ECG samples:25
996,-18822.1,TRUE,979,2025-11-03T09:41:08.629574,1762143068.706000,40,49,40,8,1762143068.546000,50,+0,0.981,TRUE,980,2025-11-03T09:41:09.629550,1762143068.908000,18,29,18,10,1762143068.595500,25,-25,1.007,TRUE,49.500,66459.013,FALSE,FALSE,FALSE,TRUE,FALSE,ECG samples:25
997,-18821.1,TRUE,980,2025-11-03T09:41:09.629550,1762143069.708000,42,50,42,7,1762143069.568000,49,-1,1.022,TRUE,981,2025-11-03T09:41:10.629551,1762143069.809000,15,23,15,7,1762143069.590250,25,-25,0.995,TRUE,22.250,66481.263,FALSE,FALSE,FALSE,TRUE,FALSE,ECG samples:25
998,-18820.1,TRUE,981,2025-11-03T09:41:10.629551,1762143070.709000,42,51,42,8,1762143070.549000,49,-1,0.981,TRUE,982,2025-11-03T09:41:11.629551,1762143070.809000,18,26,18,7,1762143070.590250,25,-25,1.000,TRUE,41.250,66522.513,FALSE,FALSE,FALSE,TRUE,FALSE,ECG samples:25
999,-18819.1,TRUE,982,2025-11-03T09:41:11.629551,1762143071.710000,41,50,41,8,1762143071.550000,49,-1,1.001,TRUE,983,2025-11-03T09:41:12.629551,1762143071.911000,18,29,18,10,1762143071.598500,25,-25,1.008,TRUE,48.500,66571.013,FALSE,FALSE,FALSE,TRUE,FALSE,ECG samples:25
1000,-18818.1,TRUE,983,2025-11-03T09:41:12.629551,1762143072.712000,41,50,41,8,1762143072.552000,49,-1,1.002,TRUE,984,2025-11-03T09:41:13.629549,1762143072.912000,15,26,15,10,1762143072.599500,25,-25,1.001,TRUE,47.500,66618.513,FALSE,FALSE,FALSE,TRUE,FALSE,ECG samples:25
1001,-18817.1,TRUE,984,2025-11-03T09:41:13.629549,1762143073.713000,41,50,41,8,1762143073.553000,49,-1,1.001,TRUE,985,2025-11-03T09:41:14.629566,1762143073.913000,15,26,15,10,1762143073.600500,25,-25,1.001,TRUE,47.500,66666.013,FALSE,FALSE,FALSE,TRUE,FALSE,ECG samples:25
1002,-18816.1,TRUE,985,2025-11-03T09:41:14.629566,1762143074.715000,41,50,41,8,1762143074.555000,47,-3,1.002,TRUE,986,2025-11-03T09:41:15.629569,1762143074.915000,15,26,15,10,1762143074.602500,25,-25,1.002,TRUE,47.500,66713.513,FALSE,FALSE,FALSE,TRUE,FALSE,ECG samples:25
1003,-18815.1,TRUE,986,2025-11-03T09:41:15.629569,1762143075.718000,39,48,39,8,1762143075.558000,49,-1,1.003,TRUE,987,2025-11-03T09:41:16.629566,1762143075.917000,15,26,15,10,1762143075.604500,25,-25,1.002,TRUE,46.500,66760.014,FALSE,FALSE,FALSE,TRUE,FALSE,ECG samples:25
1004,-18814.1,TRUE,987,2025-11-03T09:41:16.629566,1762143076.719000,41,50,41,8,1762143076.559000,48,-2,1.001,TRUE,988,2025-11-03T09:41:17.629566,1762143076.919000,15,26,15,10,1762143076.606500,25,-25,1.002,TRUE,47.500,66807.513,FALSE,FALSE,FALSE,TRUE,FALSE,ECG samples:25
1005,-18813.1,TRUE,988,2025-11-03T09:41:17.629566,1762143077.722000,40,49,40,8,1762143077.562000,48,-2,1.003,TRUE,989,2025-11-03T09:41:18.629565,1762143077.920000,15,26,15,10,1762143077.607500,25,-25,1.001,TRUE,45.500,66853.014,FALSE,FALSE,FALSE,TRUE,FALSE,ECG samples:25
1006,-18812.1,TRUE,989,2025-11-03T09:41:18.629565,1762143078.724000,40,49,40,8,1762143078.564000,47,-3,1.002,TRUE,990,2025-11-03T09:41:19.629571,1762143078.922000,15,26,15,10,1762143078.609500,25,-25,1.002,TRUE,45.500,66898.514,FALSE,FALSE,FALSE,TRUE,FALSE,ECG samples:25
1007,-18811.1,TRUE,990,2025-11-03T09:41:19.629571,1762143079.726000,39,48,39,8,1762143079.566000,48,-2,1.002,TRUE,991,2025-11-03T09:41:20.629573,1762143079.924000,15,26,15,10,1762143079.611500,25,-25,1.002,TRUE,45.500,66944.014,FALSE,FALSE,FALSE,TRUE,FALSE,ECG samples:25
1008,-18810.1,TRUE,991,2025-11-03T09:41:20.629573,1762143080.727000,40,50,40,9,1762143080.547000,48,-2,0.981,TRUE,992,2025-11-03T09:41:21.629565,1762143080.925000,15,26,15,10,1762143080.612500,25,-25,1.001,TRUE,65.500,67009.514,FALSE,FALSE,FALSE,TRUE,FALSE,ECG samples:25
1009,-18809.1,TRUE,992,2025-11-03T09:41:21.629565,1762143081.729000,39,49,39,9,1762143081.549000,48,-2,1.002,TRUE,993,2025-11-03T09:41:22.629562,1762143081.927000,15,26,15,10,1762143081.614500,25,-25,1.002,TRUE,65.500,67075.014,FALSE,FALSE,FALSE,TRUE,FALSE,ECG samples:25
1010,-18808.1,TRUE,993,2025-11-03T09:41:22.629562,1762143082.631000,39,44,39,4,1762143082.551000,47,-3,1.002,TRUE,994,2025-11-03T09:41:23.629567,1762143082.828000,15,24,15,8,1762143082.578000,25,-25,0.964,TRUE,27.000,67102.014,FALSE,FALSE,FALSE,TRUE,FALSE,ECG samples:25
1011,-18807.1,TRUE,994,2025-11-03T09:41:23.629567,1762143083.632000,43,48,43,4,1762143083.552000,48,-2,1.001,TRUE,995,2025-11-03T09:41:24.629580,1762143083.829000,17,26,17,8,1762143083.579000,25,-25,1.001,TRUE,27.000,67129.014,FALSE,FALSE,FALSE,TRUE,FALSE,ECG samples:25
1012,-18806.1,TRUE,995,2025-11-03T09:41:24.629580,1762143084.634000,44,49,44,4,1762143084.554000,49,-1,1.002,TRUE,996,2025-11-03T09:41:25.629565,1762143084.832000,17,26,17,8,1762143084.582000,25,-25,1.003,TRUE,28.000,67157.014,FALSE,FALSE,FALSE,TRUE,FALSE,ECG samples:25
1013,-18805.1,TRUE,996,2025-11-03T09:41:25.629565,1762143085.635000,45,50,45,4,1762143085.555000,48,-2,1.001,TRUE,997,2025-11-03T09:41:26.629554,1762143085.834000,17,26,17,8,1762143085.584000,25,-25,1.002,TRUE,29.000,67186.014,FALSE,FALSE,FALSE,TRUE,FALSE,ECG samples:25
1014,-18804.1,TRUE,997,2025-11-03T09:41:26.629554,1762143086.637000,44,49,44,4,1762143086.557000,48,-2,1.002,TRUE,998,2025-11-03T09:41:27.629566,1762143086.835000,17,26,17,8,1762143086.585000,25,-25,1.001,TRUE,28.000,67214.014,FALSE,FALSE,FALSE,TRUE,FALSE,ECG samples:25
1015,-18803.1,TRUE,998,2025-11-03T09:41:27.629566,1762143087.638000,44,49,44,4,1762143087.558000,49,-1,1.001,TRUE,999,2025-11-03T09:41:28.629575,1762143087.837000,17,26,17,8,1762143087.587000,25,-25,1.002,TRUE,29.000,67243.013,FALSE,FALSE,FALSE,TRUE,FALSE,ECG samples:25
1016,-18802.1,TRUE,999,2025-11-03T09:41:28.629575,1762143088.639000,45,50,45,4,1762143088.559000,49,-1,1.001,TRUE,1000,2025-11-03T09:41:29.629558,1762143088.839000,17,26,17,8,1762143088.589000,25,-25,1.002,TRUE,30.000,67273.013,FALSE,FALSE,FALSE,TRUE,FALSE,ECG samples:25
1017,-18801.1,TRUE,1000,2025-11-03T09:41:29.629558,1762143089.641000,45,50,45,4,1762143089.561000,49,-1,1.002,TRUE,1001,2025-11-03T09:41:30.629559,1762143089.840000,17,26,17,8,1762143089.590000,25,-25,1.001,TRUE,29.000,67302.013,FALSE,FALSE,FALSE,TRUE,FALSE,ECG samples:25
1018,-18800.1,TRUE,1001,2025-11-03T09:41:30.629559,1762143090.642000,45,50,45,4,1762143090.562000,48,-2,1.001,TRUE,1002,2025-11-03T09:41:31.629572,1762143090.841000,17,26,17,8,1762143090.591000,25,-25,1.001,TRUE,29.000,67331.013,FALSE,FALSE,FALSE,TRUE,FALSE,ECG samples:25
1019,-18799.1,TRUE,1002,2025-11-03T09:41:31.629572,1762143091.643000,44,49,44,4,1762143091.563000,48,-2,1.001,TRUE,1003,2025-11-03T09:41:32.629574,1762143091.843000,17,26,17,8,1762143091.593000,25,-25,1.002,TRUE,30.000,67361.013,FALSE,FALSE,FALSE,TRUE,FALSE,ECG samples:25
1020,-18798.1,TRUE,1003,2025-11-03T09:41:32.629574,1762143092.645000,44,50,44,5,1762143092.545000,48,-2,0.982,TRUE,1004,2025-11-03T09:41:33.629567,1762143092.845000,17,26,17,8,1762143092.595000,25,-25,1.002,TRUE,50.000,67411.013,FALSE,FALSE,FALSE,TRUE,FALSE,ECG samples:25
1021,-18797.1,TRUE,1004,2025-11-03T09:41:33.629567,1762143093.648000,43,49,43,5,1762143093.548000,49,-1,1.003,TRUE,1005,2025-11-03T09:41:34.629576,1762143093.847000,17,26,17,8,1762143093.597000,25,-25,1.002,TRUE,49.000,67460.013,FALSE,FALSE,FALSE,TRUE,FALSE,ECG samples:25
1022,-18796.1,TRUE,1005,2025-11-03T09:41:34.629576,1762143094.650000,44,50,44,5,1762143094.550000,49,-1,1.002,TRUE,1006,2025-11-03T09:41:35.629569,1762143094.849000,17,26,17,8,1762143094.599000,25,-25,1.002,TRUE,49.000,67509.013,FALSE,FALSE,FALSE,TRUE,FALSE,ECG samples:25
1023,-18795.1,TRUE,1006,2025-11-03T09:41:35.629569,1762143095.652000,44,50,44,5,1762143095.552000,48,-2,1.002,TRUE,1007,2025-11-03T09:41:36.629575,1762143095.850000,17,26,17,8,1762143095.600000,25,-25,1.001,TRUE,48.000,67557.013,FALSE,FALSE,FALSE,TRUE,FALSE,ECG samples:25
1024,-18794.1,TRUE,1007,2025-11-03T09:41:36.629575,1762143096.654000,43,49,43,5,1762143096.554000,49,-1,1.002,TRUE,1008,2025-11-03T09:41:37.629574,1762143096.851000,17,26,17,8,1762143096.601000,25,-25,1.001,TRUE,47.000,67604.012,FALSE,FALSE,FALSE,TRUE,FALSE,ECG samples:25
1025,-18793.1,TRUE,1008,2025-11-03T09:41:37.629574,1762143097.655000,44,49,44,4,1762143097.575000,48,-2,1.021,TRUE,1009,2025-11-03T09:41:38.629568,1762143097.853000,17,26,17,8,1762143097.603000,25,-25,1.002,TRUE,28.000,67632.012,FALSE,FALSE,FALSE,TRUE,FALSE,ECG samples:25
1026,-18792.1,TRUE,1009,2025-11-03T09:41:38.629568,1762143098.656000,44,50,44,5,1762143098.556000,48,-2,0.981,TRUE,1010,2025-11-03T09:41:39.629573,1762143098.854000,17,26,17,8,1762143098.604000,25,-25,1.001,TRUE,48.000,67680.012,FALSE,FALSE,FALSE,TRUE,FALSE,ECG samples:25
1027,-18791.1,TRUE,1010,2025-11-03T09:41:39.629573,1762143099.658000,43,49,43,5,1762143099.558000,47,-3,1.002,TRUE,1011,2025-11-03T09:41:40.629580,1762143099.856000,17,26,17,8,1762143099.606000,25,-25,1.002,TRUE,48.000,67728.012,FALSE,FALSE,FALSE,TRUE,FALSE,ECG samples:25
1028,-18790.1,TRUE,1011,2025-11-03T09:41:40.629580,1762143100.659000,42,48,42,5,1762143100.559000,49,-1,1.001,TRUE,1012,2025-11-03T09:41:41.629568,1762143100.857000,17,26,17,8,1762143100.607000,26,-24,1.001,TRUE,48.000,67776.012,FALSE,FALSE,FALSE,TRUE,FALSE,ECG samples:26
1029,-18789.0,TRUE,1012,2025-11-03T09:41:41.629568,1762143101.660000,44,48,44,3,1762143101.600000,48,-2,1.041,TRUE,1013,2025-11-03T09:41:42.629566,1762143101.858000,18,27,18,8,1762143101.608000,25,-25,1.001,TRUE,8.000,67784.012,FALSE,FALSE,FALSE,TRUE,FALSE,ECG samples:25
1030,-18788.0,TRUE,1013,2025-11-03T09:41:42.629566,1762143102.661000,45,50,45,4,1762143102.581000,48,-2,0.981,TRUE,1014,2025-11-03T09:41:43.629572,1762143102.859000,17,26,17,8,1762143102.609000,25,-25,1.001,TRUE,28.000,67812.012,FALSE,FALSE,FALSE,TRUE,FALSE,ECG samples:25
1031,-18787.1,TRUE,1014,2025-11-03T09:41:43.629572,1762143103.663000,44,50,44,5,1762143103.563000,47,-3,0.982,TRUE,1015,2025-11-03T09:41:44.629581,1762143103.861000,17,26,17,8,1762143103.611000,25,-25,1.002,TRUE,48.000,67860.012,FALSE,FALSE,FALSE,TRUE,FALSE,ECG samples:25
1032,-18786.1,TRUE,1015,2025-11-03T09:41:44.629581,1762143104.664000,42,49,42,6,1762143104.544000,48,-2,0.981,TRUE,1016,2025-11-03T09:41:45.629568,1762143104.862000,17,26,17,8,1762143104.612000,25,-25,1.001,TRUE,68.000,67928.012,FALSE,FALSE,FALSE,TRUE,FALSE,ECG samples:25
1033,-18785.1,TRUE,1016,2025-11-03T09:41:45.629568,1762143105.665000,42,48,42,5,1762143105.565000,49,-1,1.021,TRUE,1017,2025-11-03T09:41:46.629572,1762143105.863000,17,26,17,8,1762143105.613000,25,-25,1.001,TRUE,48.000,67976.012,FALSE,FALSE,FALSE,TRUE,FALSE,ECG samples:25
1034,-18784.1,TRUE,1017,2025-11-03T09:41:46.629572,1762143106.666000,44,50,44,5,1762143106.566000,48,-2,1.001,TRUE,1018,2025-11-03T09:41:47.629574,1762143106.864000,17,26,17,8,1762143106.614000,25,-25,1.001,TRUE,48.000,68024.012,FALSE,FALSE,FALSE,TRUE,FALSE,ECG samples:25
1035,-18783.1,TRUE,1018,2025-11-03T09:41:47.629574,1762143107.668000,43,49,43,5,1762143107.568000,48,-2,1.002,TRUE,1019,2025-11-03T09:41:48.629572,1762143107.865000,17,26,17,8,1762143107.615000,25,-25,1.001,TRUE,47.000,68071.012,FALSE,FALSE,FALSE,TRUE,FALSE,ECG samples:25
1036,-18782.1,TRUE,1019,2025-11-03T09:41:48.629572,1762143108.669000,43,49,43,5,1762143108.569000,49,-1,1.001,TRUE,1020,2025-11-03T09:41:49.629576,1762143108.867000,17,26,17,8,1762143108.617000,25,-25,1.002,TRUE,48.000,68119.012,FALSE,FALSE,FALSE,TRUE,FALSE,ECG samples:25
1037,-18781.1,TRUE,1020,2025-11-03T09:41:49.629576,1762143109.670000,44,50,44,5,1762143109.570000,47,-3,1.001,TRUE,1021,2025-11-03T09:41:50.629566,1762143109.868000,17,26,17,8,1762143109.618000,25,-25,1.001,TRUE,48.000,68167.012,FALSE,FALSE,FALSE,TRUE,FALSE,ECG samples:25
1038,-18780.1,TRUE,1021,2025-11-03T09:41:50.629566,1762143110.672000,42,48,42,5,1762143110.572000,48,-2,1.002,TRUE,1022,2025-11-03T09:41:51.629564,1762143110.869000,17,26,17,8,1762143110.619000,25,-25,1.001,TRUE,47.000,68214.012,FALSE,FALSE,FALSE,TRUE,FALSE,ECG samples:25
1039,-18779.1,TRUE,1022,2025-11-03T09:41:51.629564,1762143111.673000,43,50,43,6,1762143111.553000,49,-1,0.981,TRUE,1023,2025-11-03T09:41:52.629576,1762143111.870000,17,25,17,7,1762143111.651250,24,-26,1.032,TRUE,98.250,68312.261,FALSE,FALSE,FALSE,TRUE,FALSE,ECG samples:24
1040,-18778.1,TRUE,1023,2025-11-03T09:41:52.629576,1762143112.674000,43,49,43,5,1762143112.574000,48,-2,1.021,TRUE,1024,2025-11-03T09:41:53.629571,1762143112.872000,17,26,17,8,1762143112.622000,25,-25,0.971,TRUE,48.000,68360.261,FALSE,FALSE,FALSE,TRUE,FALSE,ECG samples:25
1041,-18777.1,TRUE,1024,2025-11-03T09:41:53.629571,1762143113.676000,43,49,43,5,1762143113.576000,48,-2,1.002,TRUE,1025,2025-11-03T09:41:54.629571,1762143113.873000,17,26,17,8,1762143113.623000,25,-25,1.001,TRUE,47.000,68407.261,FALSE,FALSE,FALSE,TRUE,FALSE,ECG samples:25
1042,-18776.1,TRUE,1025,2025-11-03T09:41:54.629571,1762143114.678000,43,49,43,5,1762143114.578000,48,-2,1.002,TRUE,1026,2025-11-03T09:41:55.629581,1762143114.874000,17,26,17,8,1762143114.624000,25,-25,1.001,TRUE,46.000,68453.261,FALSE,FALSE,FALSE,TRUE,FALSE,ECG samples:25
1043,-18775.1,TRUE,1026,2025-11-03T09:41:55.629581,1762143115.680000,43,50,43,6,1762143115.560000,49,-1,0.982,TRUE,1027,2025-11-03T09:41:56.629573,1762143115.875000,17,26,17,8,1762143115.625000,25,-25,1.001,TRUE,65.000,68518.261,FALSE,FALSE,FALSE,TRUE,FALSE,ECG samples:25
1044,-18774.1,TRUE,1027,2025-11-03T09:41:56.629573,1762143116.682000,43,50,43,6,1762143116.562000,49,-1,1.002,TRUE,1028,2025-11-03T09:41:57.629565,1762143116.876000,17,26,17,8,1762143116.626000,25,-25,1.001,TRUE,64.000,68582.261,FALSE,FALSE,FALSE,TRUE,FALSE,ECG samples:25
1045,-18773.1,TRUE,1028,2025-11-03T09:41:57.629565,1762143117.684000,43,50,43,6,1762143117.564000,49,-1,1.002,TRUE,1029,2025-11-03T09:41:58.629567,1762143117.878000,17,26,17,8,1762143117.628000,25,-25,1.002,TRUE,64.000,68646.260,FALSE,FALSE,FALSE,TRUE,FALSE,ECG samples:25
1046,-18772.0,TRUE,1029,2025-11-03T09:41:58.629567,1762143118.685000,43,49,43,5,1762143118.585000,49,-1,1.021,TRUE,1030,2025-11-03T09:41:59.629580,1762143118.879000,17,26,17,8,1762143118.629000,25,-25,1.001,TRUE,44.000,68690.260,FALSE,FALSE,FALSE,TRUE,FALSE,ECG samples:25
1047,-18771.0,TRUE,1030,2025-11-03T09:41:59.629580,1762143119.687000,44,50,44,5,1762143119.587000,47,-3,1.002,TRUE,1031,2025-11-03T09:42:00.629581,1762143119.880000,17,26,17,8,1762143119.630000,25,-25,1.001,TRUE,43.000,68733.260,FALSE,FALSE,FALSE,TRUE,FALSE,ECG samples:25
1048,-18770.1,TRUE,1031,2025-11-03T09:42:00.629581,1762143120.689000,42,49,42,6,1762143120.569000,49,-1,0.982,TRUE,1032,2025-11-03T09:42:01.629578,1762143120.882000,17,26,17,8,1762143120.632000,25,-25,1.002,TRUE,63.000,68796.260,FALSE,FALSE,FALSE,TRUE,FALSE,ECG samples:25
1049,-18769.1,TRUE,1032,2025-11-03T09:42:01.629578,1762143121.691000,43,50,43,6,1762143121.571000,48,-2,1.002,TRUE,1033,2025-11-03T09:42:02.629573,1762143121.883000,17,26,17,8,1762143121.633000,25,-25,1.001,TRUE,62.000,68858.260,FALSE,FALSE,FALSE,TRUE,FALSE,ECG samples:25
1050,-18768.1,TRUE,1033,2025-11-03T09:42:02.629573,1762143122.692000,42,49,42,6,1762143122.572000,48,-2,1.001,TRUE,1034,2025-11-03T09:42:03.629571,1762143122.885000,17,26,17,8,1762143122.635000,25,-25,1.002,TRUE,63.000,68921.260,FALSE,FALSE,FALSE,TRUE,FALSE,ECG samples:25
1051,-18767.1,TRUE,1034,2025-11-03T09:42:03.629571,1762143123.694000,42,49,42,6,1762143123.574000,48,-2,1.002,TRUE,1035,2025-11-03T09:42:04.629571,1762143123.886000,17,26,17,8,1762143123.636000,25,-25,1.001,TRUE,62.000,68983.260,FALSE,FALSE,FALSE,TRUE,FALSE,ECG samples:25
1052,-18766.1,TRUE,1035,2025-11-03T09:42:04.629571,1762143124.695000,42,49,42,6,1762143124.575000,48,-2,1.001,TRUE,1036,2025-11-03T09:42:05.629572,1762143124.888000,17,26,17,8,1762143124.638000,25,-25,1.002,TRUE,63.000,69046.260,FALSE,FALSE,FALSE,TRUE,FALSE,ECG samples:25
1053,-18765.1,TRUE,1036,2025-11-03T09:42:05.629572,1762143125.696000,42,50,42,7,1762143125.556000,49,-1,0.981,TRUE,1037,2025-11-03T09:42:06.629570,1762143125.889000,17,26,17,8,1762143125.639000,25,-25,1.001,TRUE,83.000,69129.260,FALSE,FALSE,FALSE,TRUE,FALSE,ECG samples:25
1054,-18764.1,TRUE,1037,2025-11-03T09:42:06.629570,1762143126.698000,42,49,42,6,1762143126.578000,48,-2,1.022,TRUE,1038,2025-11-03T09:42:07.629577,1762143126.891000,17,26,17,8,1762143126.641000,25,-25,1.002,TRUE,63.000,69192.260,FALSE,FALSE,FALSE,TRUE,FALSE,ECG samples:25
1055,-18763.1,TRUE,1038,2025-11-03T09:42:07.629577,1762143127.699000,42,50,42,7,1762143127.559000,49,-1,0.981,TRUE,1039,2025-11-03T09:42:08.629570,1762143127.893000,17,26,17,8,1762143127.643000,25,-25,1.002,TRUE,84.000,69276.260,FALSE,FALSE,FALSE,TRUE,FALSE,ECG samples:25
1056,-18762.0,TRUE,1039,2025-11-03T09:42:08.629570,1762143128.701000,42,49,42,6,1762143128.581000,49,-1,1.022,TRUE,1040,2025-11-03T09:42:09.629569,1762143128.894000,17,26,17,8,1762143128.644000,25,-25,1.001,TRUE,63.000,69339.260,FALSE,FALSE,FALSE,TRUE,FALSE,ECG samples:25
1057,-18761.0,TRUE,1040,2025-11-03T09:42:09.629569,1762143129.702000,43,50,43,6,1762143129.582000,48,-2,1.001,TRUE,1041,2025-11-03T09:42:10.629571,1762143129.896000,17,26,17,8,1762143129.646000,25,-25,1.002,TRUE,64.000,69403.260,FALSE,FALSE,FALSE,TRUE,FALSE,ECG samples:25
1058,-18760.0,TRUE,1041,2025-11-03T09:42:10.629571,1762143130.703000,42,49,42,6,1762143130.583000,48,-2,1.001,TRUE,1042,2025-11-03T09:42:11.629575,1762143130.898000,17,27,17,9,1762143130.616750,25,-25,0.971,TRUE,33.750,69437.010,FALSE,FALSE,FALSE,TRUE,FALSE,ECG samples:25
1059,-18759.0,TRUE,1042,2025-11-03T09:42:11.629575,1762143131.704000,42,49,42,6,1762143131.584000,49,-1,1.001,TRUE,1043,2025-11-03T09:42:12.629627,1762143131.900000,16,26,16,9,1762143131.618750,25,-25,1.002,TRUE,34.750,69471.760,FALSE,FALSE,FALSE,TRUE,FALSE,ECG samples:25
1060,-18758.1,TRUE,1043,2025-11-03T09:42:12.629627,1762143132.705000,43,51,43,7,1762143132.565000,47,-3,0.981,TRUE,1044,2025-11-03T09:42:13.629577,1762143132.902000,16,26,16,9,1762143132.620750,25,-25,1.002,TRUE,55.750,69527.510,FALSE,FALSE,FALSE,TRUE,FALSE,ECG samples:25
1061,-18757.0,TRUE,1044,2025-11-03T09:42:13.629577,1762143133.707000,40,47,40,6,1762143133.587000,48,-2,1.022,TRUE,1045,2025-11-03T09:42:14.629568,1762143133.903000,16,26,16,9,1762143133.621750,25,-25,1.001,TRUE,34.750,69562.260,FALSE,FALSE,FALSE,TRUE,FALSE,ECG samples:25
1062,-18756.1,TRUE,1045,2025-11-03T09:42:14.629568,1762143134.710000,42,50,42,7,1762143134.570000,49,-1,0.983,TRUE,1046,2025-11-03T09:42:15.629565,1762143134.904000,16,26,16,9,1762143134.622750,25,-25,1.001,TRUE,52.750,69615.010,FALSE,FALSE,FALSE,TRUE,FALSE,ECG samples:25
1063,-18755.0,TRUE,1046,2025-11-03T09:42:15.629565,1762143135.712000,42,49,42,6,1762143135.592000,48,-2,1.022,TRUE,1047,2025-11-03T09:42:16.629569,1762143135.905000,16,26,16,9,1762143135.623750,25,-25,1.001,TRUE,31.750,69646.760,FALSE,FALSE,FALSE,TRUE,FALSE,ECG samples:25
1064,-18754.1,TRUE,1047,2025-11-03T09:42:16.629569,1762143136.714000,42,50,42,7,1762143136.574000,48,-2,0.982,TRUE,1048,2025-11-03T09:42:17.629566,1762143136.907000,16,26,16,9,1762143136.625750,25,-25,1.002,TRUE,51.750,69698.510,FALSE,FALSE,FALSE,TRUE,FALSE,ECG samples:25
1065,-18753.1,TRUE,1048,2025-11-03T09:42:17.629566,1762143137.716000,41,49,41,7,1762143137.576000,48,-2,1.002,TRUE,1049,2025-11-03T09:42:18.629569,1762143137.908000,16,26,16,9,1762143137.626750,25,-25,1.001,TRUE,50.750,69749.260,FALSE,FALSE,FALSE,TRUE,FALSE,ECG samples:25
1066,-18752.1,TRUE,1049,2025-11-03T09:42:18.629569,1762143138.718000,41,49,41,7,1762143138.578000,48,-2,1.002,TRUE,1050,2025-11-03T09:42:19.629578,1762143138.910000,16,26,16,9,1762143138.628750,25,-25,1.002,TRUE,50.750,69800.010,FALSE,FALSE,FALSE,TRUE,FALSE,ECG samples:25
1067,-18751.1,TRUE,1050,2025-11-03T09:42:19.629578,1762143139.719000,41,49,41,7,1762143139.579000,47,-3,1.001,TRUE,1051,2025-11-03T09:42:20.629567,1762143139.912000,16,26,16,9,1762143139.630750,25,-25,1.002,TRUE,51.750,69851.760,FALSE,FALSE,FALSE,TRUE,FALSE,ECG samples:25
1068,-18750.0,TRUE,1051,2025-11-03T09:42:20.629567,1762143140.720000,40,48,40,7,1762143140.580000,49,-1,1.001,TRUE,1052,2025-11-03T09:42:21.629568,1762143140.913000,16,26,16,9,1762143140.631750,25,-25,1.001,TRUE,51.750,69903.510,FALSE,FALSE,FALSE,TRUE,FALSE,ECG samples:25
1069,-18749.0,TRUE,1052,2025-11-03T09:42:21.629568,1762143141.722000,42,50,42,7,1762143141.582000,46,-4,1.002,TRUE,1053,2025-11-03T09:42:22.629569,1762143141.914000,16,26,16,9,1762143141.632750,25,-25,1.001,TRUE,50.750,69954.261,FALSE,FALSE,FALSE,TRUE,FALSE,ECG samples:25
1070,-18748.0,TRUE,1053,2025-11-03T09:42:22.629569,1762143142.723000,39,47,39,7,1762143142.583000,47,-3,1.001,TRUE,1054,2025-11-03T09:42:23.629573,1762143142.915000,16,26,16,9,1762143142.633750,25,-25,1.001,TRUE,50.750,70005.011,FALSE,FALSE,FALSE,TRUE,FALSE,ECG samples:25
1071,-18747.1,TRUE,1054,2025-11-03T09:42:23.629573,1762143143.724000,40,49,40,8,1762143143.564000,48,-2,0.981,TRUE,1055,2025-11-03T09:42:24.629567,1762143143.917000,16,26,16,9,1762143143.635750,25,-25,1.002,TRUE,71.750,70076.761,FALSE,FALSE,FALSE,TRUE,FALSE,ECG samples:25
1072,-18746.1,TRUE,1055,2025-11-03T09:42:24.629567,1762143144.726000,40,49,40,8,1762143144.566000,49,-1,1.002,TRUE,1056,2025-11-03T09:42:25.629579,1762143144.918000,16,26,16,9,1762143144.636750,25,-25,1.001,TRUE,70.750,70147.511,FALSE,FALSE,FALSE,TRUE,FALSE,ECG samples:25
1073,-18745.0,TRUE,1056,2025-11-03T09:42:25.629579,1762143145.727000,41,49,41,7,1762143145.587000,49,-1,1.021,TRUE,1057,2025-11-03T09:42:26.629567,1762143145.919000,16,26,16,9,1762143145.637750,25,-25,1.001,TRUE,50.750,70198.261,FALSE,FALSE,FALSE,TRUE,FALSE,ECG samples:25
1074,-18744.1,TRUE,1057,2025-11-03T09:42:26.629567,1762143146.730000,42,51,42,8,1762143146.570000,48,-2,0.983,TRUE,1058,2025-11-03T09:42:27.629570,1762143146.921000,16,26,16,9,1762143146.639750,25,-25,1.002,TRUE,69.750,70268.011,FALSE,FALSE,FALSE,TRUE,FALSE,ECG samples:25
1075,-18743.1,TRUE,1058,2025-11-03T09:42:27.629570,1762143147.630000,40,44,40,3,1762143147.570000,49,-1,1.000,TRUE,1059,2025-11-03T09:42:28.629585,1762143147.822000,16,24,16,7,1762143147.603250,25,-25,0.964,TRUE,33.250,70301.261,FALSE,FALSE,FALSE,TRUE,FALSE,ECG samples:25
1076,-18742.1,TRUE,1059,2025-11-03T09:42:28.629585,1762143148.632000,46,50,46,3,1762143148.572000,48,-2,1.002,TRUE,1060,2025-11-03T09:42:29.629576,1762143148.824000,18,25,18,6,1762143148.636500,24,-26,1.033,TRUE,64.500,70365.761,FALSE,FALSE,FALSE,TRUE,FALSE,ECG samples:24
1077,-18741.0,TRUE,1060,2025-11-03T09:42:29.629576,1762143149.633000,45,48,45,2,1762143149.593000,48,-2,1.021,TRUE,1061,2025-11-03T09:42:30.629579,1762143149.825000,18,26,18,7,1762143149.606250,25,-25,0.970,TRUE,13.250,70379.011,FALSE,FALSE,FALSE,TRUE,FALSE,ECG samples:25
1078,-18740.0,TRUE,1061,2025-11-03T09:42:30.629579,1762143150.634000,46,49,46,2,1762143150.594000,48,-2,1.001,TRUE,1062,2025-11-03T09:42:31.629573,1762143150.826000,18,26,18,7,1762143150.607250,25,-25,1.001,TRUE,13.250,70392.261,FALSE,FALSE,FALSE,TRUE,FALSE,ECG samples:25
1079,-18739.1,TRUE,1062,2025-11-03T09:42:31.629573,1762143151.636000,46,50,46,3,1762143151.576000,48,-2,0.982,TRUE,1063,2025-11-03T09:42:32.629565,1762143151.828000,18,26,18,7,1762143151.609250,25,-25,1.002,TRUE,33.250,70425.511,FALSE,FALSE,FALSE,TRUE,FALSE,ECG samples:25
1080,-18738.1,TRUE,1063,2025-11-03T09:42:32.629565,1762143152.637000,45,49,45,3,1762143152.577000,48,-2,1.001,TRUE,1064,2025-11-03T09:42:33.629572,1762143152.829000,18,26,18,7,1762143152.610250,25,-25,1.001,TRUE,33.250,70458.760,FALSE,FALSE,FALSE,TRUE,FALSE,ECG samples:25
1081,-18737.1,TRUE,1064,2025-11-03T09:42:33.629572,1762143153.639000,45,49,45,3,1762143153.579000,47,-3,1.002,TRUE,1065,2025-11-03T09:42:34.629572,1762143153.831000,18,26,18,7,1762143153.612250,25,-25,1.002,TRUE,33.250,70492.011,FALSE,FALSE,FALSE,TRUE,FALSE,ECG samples:25
1082,-18736.1,TRUE,1065,2025-11-03T09:42:34.629572,1762143154.641000,44,49,44,4,1762143154.561000,48,-2,0.982,TRUE,1066,2025-11-03T09:42:35.629567,1762143154.833000,18,26,18,7,1762143154.614250,25,-25,1.002,TRUE,53.250,70545.260,FALSE,FALSE,FALSE,TRUE,FALSE,ECG samples:25
1083,-18735.1,TRUE,1066,2025-11-03T09:42:35.629567,1762143155.642000,44,49,44,4,1762143155.562000,48,-2,1.001,TRUE,1067,2025-11-03T09:42:36.629565,1762143155.834000,18,26,18,7,1762143155.615250,25,-25,1.001,TRUE,53.250,70598.511,FALSE,FALSE,FALSE,TRUE,FALSE,ECG samples:25
1084,-18734.0,TRUE,1067,2025-11-03T09:42:36.629565,1762143156.643000,44,48,44,3,1762143156.583000,48,-2,1.021,TRUE,1068,2025-11-03T09:42:37.629575,1762143156.835000,18,26,18,7,1762143156.616250,25,-25,1.001,TRUE,33.250,70631.761,FALSE,FALSE,FALSE,TRUE,FALSE,ECG samples:25
1085,-18733.0,TRUE,1068,2025-11-03T09:42:37.629575,1762143157.645000,45,49,45,3,1762143157.585000,48,-2,1.002,TRUE,1069,2025-11-03T09:42:38.629575,1762143157.837000,18,26,18,7,1762143157.618250,25,-25,1.002,TRUE,33.250,70665.010,FALSE,FALSE,FALSE,TRUE,FALSE,ECG samples:25
1086,-18732.0,TRUE,1069,2025-11-03T09:42:38.629575,1762143158.646000,45,49,45,3,1762143158.586000,48,-2,1.001,TRUE,1070,2025-11-03T09:42:39.629573,1762143158.838000,18,26,18,7,1762143158.619250,25,-25,1.001,TRUE,33.250,70698.261,FALSE,FALSE,FALSE,TRUE,FALSE,ECG samples:25
1087,-18731.1,TRUE,1070,2025-11-03T09:42:39.629573,1762143159.647000,45,50,45,4,1762143159.567000,49,-1,0.981,TRUE,1071,2025-11-03T09:42:40.629573,1762143159.839000,18,26,18,7,1762143159.620250,25,-25,1.001,TRUE,53.250,70751.510,FALSE,FALSE,FALSE,TRUE,FALSE,ECG samples:25
1088,-18730.1,TRUE,1071,2025-11-03T09:42:40.629573,1762143160.648000,45,50,45,4,1762143160.568000,48,-2,1.001,TRUE,1072,2025-11-03T09:42:41.629570,1762143160.841000,18,26,18,7,1762143160.622250,25,-25,1.002,TRUE,54.250,70805.760,FALSE,FALSE,FALSE,TRUE,FALSE,ECG samples:25
1089,-18729.0,TRUE,1072,2025-11-03T09:42:41.629570,1762143161.650000,44,48,44,3,1762143161.590000,47,-3,1.022,TRUE,1073,2025-11-03T09:42:42.629568,1762143161.842000,18,26,18,7,1762143161.623250,25,-25,1.001,TRUE,33.250,70839.010,FALSE,FALSE,FALSE,TRUE,FALSE,ECG samples:25
1090,-18728.0,TRUE,1073,2025-11-03T09:42:42.629568,1762143162.651000,44,48,44,3,1762143162.591000,48,-2,1.001,TRUE,1074,2025-11-03T09:42:43.629583,1762143162.843000,18,26,18,7,1762143162.624250,25,-25,1.001,TRUE,33.250,70872.260,FALSE,FALSE,FALSE,TRUE,FALSE,ECG samples:25
1091,-18727.0,TRUE,1074,2025-11-03T09:42:43.629583,1762143163.652000,45,49,45,3,1762143163.592000,48,-2,1.001,TRUE,1075,2025-11-03T09:42:44.629570,1762143163.844000,18,26,18,7,1762143163.625250,25,-25,1.001,TRUE,33.250,70905.510,FALSE,FALSE,FALSE,TRUE,FALSE,ECG samples:25
1092,-18726.1,TRUE,1075,2025-11-03T09:42:44.629570,1762143164.654000,45,50,45,4,1762143164.574000,48,-2,0.982,TRUE,1076,2025-11-03T09:42:45.629567,1762143164.846000,18,26,18,7,1762143164.627250,25,-25,1.002,TRUE,53.250,70958.760,FALSE,FALSE,FALSE,TRUE,FALSE,ECG samples:25
1093,-18725.1,TRUE,1076,2025-11-03T09:42:45.629567,1762143165.655000,44,49,44,4,1762143165.575000,48,-2,1.001,TRUE,1077,2025-11-03T09:42:46.629568,1762143165.847000,18,26,18,7,1762143165.628250,25,-25,1.001,TRUE,53.250,71012.010,FALSE,FALSE,FALSE,TRUE,FALSE,ECG samples:25
1094,-18724.1,TRUE,1077,2025-11-03T09:42:46.629568,1762143166.656000,44,49,44,4,1762143166.576000,48,-2,1.001,TRUE,1078,2025-11-03T09:42:47.629567,1762143166.848000,18,26,18,7,1762143166.629250,25,-25,1.001,TRUE,53.250,71065.260,FALSE,FALSE,FALSE,TRUE,FALSE,ECG samples:25
1095,-18723.1,TRUE,1078,2025-11-03T09:42:47.629567,1762143167.657000,44,49,44,4,1762143167.577000,48,-2,1.001,TRUE,1079,2025-11-03T09:42:48.629571,1762143167.850000,18,26,18,7,1762143167.631250,25,-25,1.002,TRUE,54.250,71119.510,FALSE,FALSE,FALSE,TRUE,FALSE,ECG samples:25
1096,-18722.0,TRUE,1079,2025-11-03T09:42:48.629571,1762143168.659000,44,48,44,3,1762143168.599000,48,-2,1.022,TRUE,1080,2025-11-03T09:42:49.629585,1762143168.851000,18,26,18,7,1762143168.632250,25,-25,1.001,TRUE,33.250,71152.760,FALSE,FALSE,FALSE,TRUE,FALSE,ECG samples:25
1097,-18721.0,TRUE,1080,2025-11-03T09:42:49.629585,1762143169.660000,45,49,45,3,1762143169.600000,48,-2,1.001,TRUE,1081,2025-11-03T09:42:50.629567,1762143169.852000,18,26,18,7,1762143169.633250,25,-25,1.001,TRUE,33.250,71186.010,FALSE,FALSE,FALSE,TRUE,FALSE,ECG samples:25
1098,-18720.0,TRUE,1081,2025-11-03T09:42:50.629567,1762143170.662000,45,49,45,3,1762143170.602000,47,-3,1.002,TRUE,1082,2025-11-03T09:42:51.629645,1762143170.854000,18,26,18,7,1762143170.635250,25,-25,1.002,TRUE,33.250,71219.260,FALSE,FALSE,FALSE,TRUE,FALSE,ECG samples:25
1099,-18719.0,TRUE,1082,2025-11-03T09:42:51.629645,1762143171.663000,44,49,44,4,1762143171.583000,48,-2,0.981,TRUE,1083,2025-11-03T09:42:52.629633,1762143171.855000,18,27,18,8,1762143171.605000,25,-25,0.970,TRUE,22.000,71241.260,FALSE,FALSE,FALSE,TRUE,FALSE,ECG samples:25
1100,-18718.0,TRUE,1083,2025-11-03T09:42:52.629633,1762143172.664000,44,49,44,4,1762143172.584000,49,-1,1.001,TRUE,1084,2025-11-03T09:42:53.629567,1762143172.856000,17,26,17,8,1762143172.606000,25,-25,1.001,TRUE,22.000,71263.259,FALSE,FALSE,FALSE,TRUE,FALSE,ECG samples:25
1101,-18717.0,TRUE,1084,2025-11-03T09:42:53.629567,1762143173.665000,45,50,45,4,1762143173.585000,49,-1,1.001,TRUE,1085,2025-11-03T09:42:54.629570,1762143173.858000,17,26,17,8,1762143173.608000,25,-25,1.002,TRUE,23.000,71286.259,FALSE,FALSE,FALSE,TRUE,FALSE,ECG samples:25
1102,-18716.0,TRUE,1085,2025-11-03T09:42:54.629570,1762143174.667000,45,50,45,4,1762143174.587000,47,-3,1.002,TRUE,1086,2025-11-03T09:42:55.629574,1762143174.859000,17,26,17,8,1762143174.609000,25,-25,1.001,TRUE,22.000,71308.259,FALSE,FALSE,FALSE,TRUE,FALSE,ECG samples:25
1103,-18715.1,TRUE,1086,2025-11-03T09:42:55.629574,1762143175.670000,43,49,43,5,1762143175.570000,49,-1,0.983,TRUE,1087,2025-11-03T09:42:56.629571,1762143175.860000,17,26,17,8,1762143175.610000,25,-25,1.001,TRUE,40.000,71348.259,FALSE,FALSE,FALSE,TRUE,FALSE,ECG samples:25
1104,-18714.0,TRUE,1087,2025-11-03T09:42:56.629571,1762143176.672000,44,49,44,4,1762143176.592000,48,-2,1.022,TRUE,1088,2025-11-03T09:42:57.629575,1762143176.862000,17,26,17,8,1762143176.612000,25,-25,1.002,TRUE,20.000,71368.259,FALSE,FALSE,FALSE,TRUE,FALSE,ECG samples:25
1105,-18713.0,TRUE,1088,2025-11-03T09:42:57.629575,1762143177.673000,44,49,44,4,1762143177.593000,49,-1,1.001,TRUE,1089,2025-11-03T09:42:58.629571,1762143177.863000,17,26,17,8,1762143177.613000,25,-25,1.001,TRUE,20.000,71388.259,FALSE,FALSE,FALSE,TRUE,FALSE,ECG samples:25
1106,-18712.0,TRUE,1089,2025-11-03T09:42:58.629571,1762143178.674000,45,50,45,4,1762143178.594000,49,-1,1.001,TRUE,1090,2025-11-03T09:42:59.629583,1762143178.865000,17,26,17,8,1762143178.615000,25,-25,1.002,TRUE,21.000,71409.259,FALSE,FALSE,FALSE,TRUE,FALSE,ECG samples:25
1107,-18711.0,TRUE,1090,2025-11-03T09:42:59.629583,1762143179.676000,45,50,45,4,1762143179.596000,48,-2,1.002,TRUE,1091,2025-11-03T09:43:00.629572,1762143179.866000,17,26,17,8,1762143179.616000,25,-25,1.001,TRUE,20.000,71429.258,FALSE,FALSE,FALSE,TRUE,FALSE,ECG samples:25
1108,-18710.0,TRUE,1091,2025-11-03T09:43:00.629572,1762143180.677000,44,48,44,3,1762143180.617000,46,-4,1.021,TRUE,1092,2025-11-03T09:43:01.629583,1762143180.867000,17,26,17,8,1762143180.617000,25,-25,1.001,TRUE,0.000,71429.258,FALSE,FALSE,FALSE,TRUE,FALSE,ECG samples:25
1109,-18709.1,TRUE,1092,2025-11-03T09:43:01.629583,1762143181.679000,43,49,43,5,1762143181.579000,49,-1,0.962,TRUE,1093,2025-11-03T09:43:02.629577,1762143181.868000,17,26,17,8,1762143181.618000,25,-25,1.001,TRUE,39.000,71468.258,FALSE,FALSE,FALSE,TRUE,FALSE,ECG samples:25
1110,-18708.0,TRUE,1093,2025-11-03T09:43:02.629577,1762143182.681000,44,50,44,5,1762143182.581000,48,-2,1.002,TRUE,1094,2025-11-03T09:43:03.629573,1762143182.869000,17,26,17,8,1762143182.619000,25,-25,1.001,TRUE,38.000,71506.258,FALSE,FALSE,FALSE,TRUE,FALSE,ECG samples:25
1111,-18707.0,TRUE,1094,2025-11-03T09:43:03.629573,1762143183.683000,43,48,43,4,1762143183.603000,48,-2,1.022,TRUE,1095,2025-11-03T09:43:04.629574,1762143183.871000,17,26,17,8,1762143183.621000,25,-25,1.002,TRUE,18.000,71524.258,FALSE,FALSE,FALSE,TRUE,FALSE,ECG samples:25
1112,-18706.0,TRUE,1095,2025-11-03T09:43:04.629574,1762143184.684000,44,50,44,5,1762143184.584000,50,+0,0.981,TRUE,1096,2025-11-03T09:43:05.629570,1762143184.872000,17,26,17,8,1762143184.622000,25,-25,1.001,TRUE,38.000,71562.258,FALSE,FALSE,FALSE,TRUE,FALSE,ECG samples:25
1113,-18705.0,TRUE,1096,2025-11-03T09:43:05.629570,1762143185.686000,45,51,45,5,1762143185.586000,48,-2,1.002,TRUE,1097,2025-11-03T09:43:06.629625,1762143185.874000,17,26,17,8,1762143185.624000,25,-25,1.002,TRUE,38.000,71600.258,FALSE,FALSE,FALSE,TRUE,FALSE,ECG samples:25
1114,-18704.0,TRUE,1097,2025-11-03T09:43:06.629625,1762143186.689000,43,49,43,5,1762143186.589000,49,-1,1.003,TRUE,1098,2025-11-03T09:43:07.629585,1762143186.875000,17,26,17,8,1762143186.625000,25,-25,1.001,TRUE,36.000,71636.258,FALSE,FALSE,FALSE,TRUE,FALSE,ECG samples:25
1115,-18703.0,TRUE,1098,2025-11-03T09:43:07.629585,1762143187.688000,44,50,44,5,1762143187.588000,48,-2,0.999,TRUE,1099,2025-11-03T09:43:08.629577,1762143187.877000,17,26,17,8,1762143187.627000,25,-25,1.002,TRUE,39.000,71675.258,FALSE,FALSE,FALSE,TRUE,FALSE,ECG samples:25
1116,-18702.0,TRUE,1099,2025-11-03T09:43:08.629577,1762143188.690000,43,49,43,5,1762143188.590000,49,-1,1.002,TRUE,1100,2025-11-03T09:43:09.629575,1762143188.880000,17,26,17,8,1762143188.630000,25,-25,1.003,TRUE,40.000,71715.258,FALSE,FALSE,FALSE,TRUE,FALSE,ECG samples:25
1117,-18701.0,TRUE,1100,2025-11-03T09:43:09.629575,1762143189.691000,44,50,44,5,1762143189.591000,48,-2,1.001,TRUE,1101,2025-11-03T09:43:10.629574,1762143189.881000,17,26,17,8,1762143189.631000,25,-25,1.001,TRUE,40.000,71755.258,FALSE,FALSE,FALSE,TRUE,FALSE,ECG samples:25
1118,-18700.0,TRUE,1101,2025-11-03T09:43:10.629574,1762143190.693000,43,49,43,5,1762143190.593000,50,+0,1.002,TRUE,1102,2025-11-03T09:43:11.629577,1762143190.883000,17,26,17,8,1762143190.633000,25,-25,1.002,TRUE,40.000,71795.258,FALSE,FALSE,FALSE,TRUE,FALSE,ECG samples:25
1119,-18699.0,TRUE,1102,2025-11-03T09:43:11.629577,1762143191.694000,45,51,45,5,1762143191.594000,48,-2,1.001,TRUE,1103,2025-11-03T09:43:12.629570,1762143191.885000,17,26,17,8,1762143191.635000,25,-25,1.002,TRUE,41.000,71836.257,FALSE,FALSE,FALSE,TRUE,FALSE,ECG samples:25
1120,-18698.0,TRUE,1103,2025-11-03T09:43:12.629570,1762143192.696000,43,49,43,5,1762143192.596000,46,-4,1.002,TRUE,1104,2025-11-03T09:43:13.629574,1762143192.887000,17,26,17,8,1762143192.637000,25,-25,1.002,TRUE,41.000,71877.257,FALSE,FALSE,FALSE,TRUE,FALSE,ECG samples:25
1121,-18697.0,TRUE,1104,2025-11-03T09:43:13.629574,1762143193.697000,41,47,41,5,1762143193.597000,49,-1,1.001,TRUE,1105,2025-11-03T09:43:14.629575,1762143193.889000,17,26,17,8,1762143193.639000,25,-25,1.002,TRUE,42.000,71919.257,FALSE,FALSE,FALSE,TRUE,FALSE,ECG samples:25
1122,-18696.0,TRUE,1105,2025-11-03T09:43:14.629575,1762143194.697000,44,50,44,5,1762143194.597000,47,-3,1.000,TRUE,1106,2025-11-03T09:43:15.629572,1762143194.891000,17,26,17,8,1762143194.641000,25,-25,1.002,TRUE,44.000,71963.257,FALSE,FALSE,FALSE,TRUE,FALSE,ECG samples:25
1123,-18695.1,TRUE,1106,2025-11-03T09:43:15.629572,1762143195.699000,42,49,42,6,1762143195.579000,49,-1,0.982,TRUE,1107,2025-11-03T09:43:16.629577,1762143195.893000,17,26,17,8,1762143195.643000,25,-25,1.002,TRUE,64.000,72027.257,FALSE,FALSE,FALSE,TRUE,FALSE,ECG samples:25
1124,-18694.0,TRUE,1107,2025-11-03T09:43:16.629577,1762143196.701000,43,50,43,6,1762143196.581000,49,-1,1.002,TRUE,1108,2025-11-03T09:43:17.629577,1762143196.895000,17,27,17,9,1762143196.613750,25,-25,0.971,TRUE,32.750,72060.007,FALSE,FALSE,FALSE,TRUE,FALSE,ECG samples:25
1125,-18693.0,TRUE,1108,2025-11-03T09:43:17.629577,1762143197.702000,43,48,43,4,1762143197.622000,47,-3,1.041,TRUE,1109,2025-11-03T09:43:18.629577,1762143197.897000,16,26,16,9,1762143197.615750,25,-25,1.002,TRUE,6.250,72066.257,FALSE,FALSE,FALSE,TRUE,FALSE,ECG samples:25
1126,-18692.0,TRUE,1109,2025-11-03T09:43:18.629577,1762143198.704000,43,49,43,5,1762143198.604000,48,-2,0.982,TRUE,1110,2025-11-03T09:43:19.629572,1762143198.899000,16,26,16,9,1762143198.617750,25,-25,1.002,TRUE,13.750,72080.007,FALSE,FALSE,FALSE,TRUE,FALSE,ECG samples:25
1127,-18691.0,TRUE,1110,2025-11-03T09:43:19.629572,1762143199.705000,43,49,43,5,1762143199.605000,47,-3,1.001,TRUE,1111,2025-11-03T09:43:20.629566,1762143199.900000,16,26,16,9,1762143199.618750,25,-25,1.001,TRUE,13.750,72093.757,FALSE,FALSE,FALSE,TRUE,FALSE,ECG samples:25
1128,-18690.0,TRUE,1111,2025-11-03T09:43:20.629566,1762143200.707000,42,48,42,5,1762143200.607000,48,-2,1.002,TRUE,1112,2025-11-03T09:43:21.629579,1762143200.901000,16,26,16,9,1762143200.619750,25,-25,1.001,TRUE,12.750,72106.507,FALSE,FALSE,FALSE,TRUE,FALSE,ECG samples:25
1129,-18689.0,TRUE,1112,2025-11-03T09:43:21.629579,1762143201.709000,43,50,43,6,1762143201.589000,48,-2,0.982,TRUE,1113,2025-11-03T09:43:22.629581,1762143201.902000,16,26,16,9,1762143201.620750,25,-25,1.001,TRUE,31.750,72138.256,FALSE,FALSE,FALSE,TRUE,FALSE,ECG samples:25
1130,-18688.0,TRUE,1113,2025-11-03T09:43:22.629581,1762143202.709000,42,49,42,6,1762143202.589000,48,-2,1.000,TRUE,1114,2025-11-03T09:43:23.629569,1762143202.904000,16,26,16,9,1762143202.622750,25,-25,1.002,TRUE,33.750,72172.006,FALSE,FALSE,FALSE,TRUE,FALSE,ECG samples:25
1131,-18687.0,TRUE,1114,2025-11-03T09:43:23.629569,1762143203.712000,42,49,42,6,1762143203.592000,49,-1,1.003,TRUE,1115,2025-11-03T09:43:24.629572,1762143203.906000,16,26,16,9,1762143203.624750,25,-25,1.002,TRUE,32.750,72204.756,FALSE,FALSE,FALSE,TRUE,FALSE,ECG samples:25
1132,-18686.0,TRUE,1115,2025-11-03T09:43:24.629572,1762143204.713000,43,49,43,5,1762143204.613000,47,-3,1.021,TRUE,1116,2025-11-03T09:43:25.629575,1762143204.907000,16,26,16,9,1762143204.625750,25,-25,1.001,TRUE,12.750,72217.506,FALSE,FALSE,FALSE,TRUE,FALSE,ECG samples:25
1133,-18685.0,TRUE,1116,2025-11-03T09:43:25.629575,1762143205.715000,42,49,42,6,1762143205.595000,48,-2,0.982,TRUE,1117,2025-11-03T09:43:26.629571,1762143205.908000,16,26,16,9,1762143205.626750,25,-25,1.001,TRUE,31.750,72249.256,FALSE,FALSE,FALSE,TRUE,FALSE,ECG samples:25
1134,-18684.0,TRUE,1117,2025-11-03T09:43:26.629571,1762143206.716000,42,49,42,6,1762143206.596000,47,-3,1.001,TRUE,1118,2025-11-03T09:43:27.629576,1762143206.909000,16,26,16,9,1762143206.627750,25,-25,1.001,TRUE,31.750,72281.006,FALSE,FALSE,FALSE,TRUE,FALSE,ECG samples:25
1135,-18683.0,TRUE,1118,2025-11-03T09:43:27.629576,1762143207.717000,41,48,41,6,1762143207.597000,48,-2,1.001,TRUE,1119,2025-11-03T09:43:28.629573,1762143207.911000,16,26,16,9,1762143207.629750,25,-25,1.002,TRUE,32.750,72313.756,FALSE,FALSE,FALSE,TRUE,FALSE,ECG samples:25
1136,-18682.0,TRUE,1119,2025-11-03T09:43:28.629573,1762143208.719000,42,49,42,6,1762143208.599000,48,-2,1.002,TRUE,1120,2025-11-03T09:43:29.629572,1762143208.913000,16,26,16,9,1762143208.631750,25,-25,1.002,TRUE,32.750,72346.505,FALSE,FALSE,FALSE,TRUE,FALSE,ECG samples:25
1137,-18681.0,TRUE,1120,2025-11-03T09:43:29.629572,1762143209.720000,42,49,42,6,1762143209.600000,48,-2,1.001,TRUE,1121,2025-11-03T09:43:30.629574,1762143209.914000,16,26,16,9,1762143209.632750,25,-25,1.001,TRUE,32.750,72379.255,FALSE,FALSE,FALSE,TRUE,FALSE,ECG samples:25
1138,-18680.0,TRUE,1121,2025-11-03T09:43:30.629574,1762143210.722000,42,50,42,7,1762143210.582000,48,-2,0.982,TRUE,1122,2025-11-03T09:43:31.629641,1762143210.915000,16,26,16,9,1762143210.633750,25,-25,1.001,TRUE,51.750,72431.005,FALSE,FALSE,FALSE,TRUE,FALSE,ECG samples:25
1139,-18679.0,TRUE,1122,2025-11-03T09:43:31.629641,1762143211.724000,41,48,41,6,1762143211.604000,48,-2,1.022,TRUE,1123,2025-11-03T09:43:32.629569,1762143211.917000,16,26,16,9,1762143211.635750,25,-25,1.002,TRUE,31.750,72462.755,FALSE,FALSE,FALSE,TRUE,FALSE,ECG samples:25
1140,-18678.0,TRUE,1123,2025-11-03T09:43:32.629569,1762143212.726000,42,50,42,7,1762143212.586000,48,-2,0.982,TRUE,1124,2025-11-03T09:43:33.629569,1762143212.919000,16,26,16,9,1762143212.637750,25,-25,1.002,TRUE,51.750,72514.505,FALSE,FALSE,FALSE,TRUE,FALSE,ECG samples:25
1141,-18677.0,TRUE,1124,2025-11-03T09:43:33.629569,1762143213.727000,41,49,41,7,1762143213.587000,48,-2,1.001,TRUE,1125,2025-11-03T09:43:34.629569,1762143213.920000,16,26,16,9,1762143213.638750,25,-25,1.001,TRUE,51.750,72566.256,FALSE,FALSE,FALSE,TRUE,FALSE,ECG samples:25
1142,-18676.0,TRUE,1125,2025-11-03T09:43:34.629569,1762143214.728000,41,49,41,7,1762143214.588000,48,-2,1.001,TRUE,1126,2025-11-03T09:43:35.629570,1762143214.921000,16,26,16,9,1762143214.639750,25,-25,1.001,TRUE,51.750,72618.006,FALSE,FALSE,FALSE,TRUE,FALSE,ECG samples:25
1143,-18675.0,TRUE,1126,2025-11-03T09:43:35.629570,1762143215.729000,41,49,41,7,1762143215.589000,49,-1,1.001,TRUE,1127,2025-11-03T09:43:36.629570,1762143215.923000,16,26,16,9,1762143215.641750,26,-24,1.002,TRUE,52.750,72670.756,FALSE,FALSE,FALSE,TRUE,FALSE,ECG samples:26
1144,-18674.0,TRUE,1127,2025-11-03T09:43:36.629570,1762143216.631000,42,44,42,1,1762143216.611000,48,-2,1.022,TRUE,1128,2025-11-03T09:43:37.629570,1762143216.825000,17,24,17,6,1762143216.637500,25,-25,0.996,TRUE,26.500,72697.256,FALSE,FALSE,FALSE,TRUE,FALSE,ECG samples:25
1145,-18673.0,TRUE,1128,2025-11-03T09:43:37.629570,1762143217.632000,47,49,47,1,1762143217.612000,48,-2,1.001,TRUE,1129,2025-11-03T09:43:38.629569,1762143217.826000,19,26,19,6,1762143217.638500,25,-25,1.001,TRUE,26.500,72723.756,FALSE,FALSE,FALSE,TRUE,FALSE,ECG samples:25
1146,-18672.0,TRUE,1129,2025-11-03T09:43:38.629569,1762143218.634000,47,50,47,2,1762143218.594000,49,-1,0.982,TRUE,1130,2025-11-03T09:43:39.629570,1762143218.828000,19,26,19,6,1762143218.640500,25,-25,1.002,TRUE,46.500,72770.256,FALSE,FALSE,FALSE,TRUE,FALSE,ECG samples:25
1147,-18671.0,TRUE,1130,2025-11-03T09:43:39.629570,1762143219.636000,47,49,47,1,1762143219.616000,47,-3,1.022,TRUE,1131,2025-11-03T09:43:40.629569,1762143219.829000,19,26,19,6,1762143219.641500,25,-25,1.001,TRUE,25.500,72795.756,FALSE,FALSE,FALSE,TRUE,FALSE,ECG samples:25
1148,-18670.0,TRUE,1131,2025-11-03T09:43:40.629569,1762143220.637000,46,49,46,2,1762143220.597000,49,-1,0.981,TRUE,1132,2025-11-03T09:43:41.629574,1762143220.830000,19,26,19,6,1762143220.642500,25,-25,1.001,TRUE,45.500,72841.256,FALSE,FALSE,FALSE,TRUE,FALSE,ECG samples:25
1149,-18669.0,TRUE,1132,2025-11-03T09:43:41.629574,1762143221.640000,47,50,47,2,1762143221.600000,48,-2,1.003,TRUE,1133,2025-11-03T09:43:42.629569,1762143221.832000,19,26,19,6,1762143221.644500,25,-25,1.002,TRUE,44.500,72885.756,FALSE,FALSE,FALSE,TRUE,FALSE,ECG samples:25
1150,-18668.0,TRUE,1133,2025-11-03T09:43:42.629569,1762143222.641000,46,49,46,2,1762143222.601000,47,-3,1.001,TRUE,1134,2025-11-03T09:43:43.629570,1762143222.833000,19,26,19,6,1762143222.645500,25,-25,1.001,TRUE,44.500,72930.255,FALSE,FALSE,FALSE,TRUE,FALSE,ECG samples:25
1151,-18667.0,TRUE,1134,2025-11-03T09:43:43.629570,1762143223.643000,45,48,45,2,1762143223.603000,48,-2,1.002,TRUE,1135,2025-11-03T09:43:44.629570,1762143223.834000,19,26,19,6,1762143223.646500,25,-25,1.001,TRUE,43.500,72973.756,FALSE,FALSE,FALSE,TRUE,FALSE,ECG samples:25
1152,-18666.0,TRUE,1135,2025-11-03T09:43:44.629570,1762143224.644000,46,49,46,2,1762143224.604000,48,-2,1.001,TRUE,1136,2025-11-03T09:43:45.629569,1762143224.836000,19,26,19,6,1762143224.648500,25,-25,1.002,TRUE,44.500,73018.255,FALSE,FALSE,FALSE,TRUE,FALSE,ECG samples:25
1153,-18665.0,TRUE,1136,2025-11-03T09:43:45.629569,1762143225.645000,46,48,46,1,1762143225.625000,48,-2,1.021,TRUE,1137,2025-11-03T09:43:46.629567,1762143225.837000,19,26,19,6,1762143225.649500,25,-25,1.001,TRUE,24.500,73042.755,FALSE,FALSE,FALSE,TRUE,FALSE,ECG samples:25
1154,-18664.0,TRUE,1137,2025-11-03T09:43:46.629567,1762143226.646000,47,50,47,2,1762143226.606000,48,-2,0.981,TRUE,1138,2025-11-03T09:43:47.629575,1762143226.838000,19,26,19,6,1762143226.650500,25,-25,1.001,TRUE,44.500,73087.255,FALSE,FALSE,FALSE,TRUE,FALSE,ECG samples:25
1155,-18663.0,TRUE,1138,2025-11-03T09:43:47.629575,1762143227.648000,46,49,46,2,1762143227.608000,48,-2,1.002,TRUE,1139,2025-11-03T09:43:48.629570,1762143227.839000,19,26,19,6,1762143227.651500,25,-25,1.001,TRUE,43.500,73130.755,FALSE,FALSE,FALSE,TRUE,FALSE,ECG samples:25
1156,-18662.0,TRUE,1139,2025-11-03T09:43:48.629570,1762143228.651000,46,49,46,2,1762143228.611000,48,-2,1.003,TRUE,1140,2025-11-03T09:43:49.629569,1762143228.840000,19,26,19,6,1762143228.652500,25,-25,1.001,TRUE,41.500,73172.255,FALSE,FALSE,FALSE,TRUE,FALSE,ECG samples:25
1157,-18661.0,TRUE,1140,2025-11-03T09:43:49.629569,1762143229.653000,46,49,46,2,1762143229.613000,49,-1,1.002,TRUE,1141,2025-11-03T09:43:50.629581,1762143229.842000,19,26,19,6,1762143229.654500,25,-25,1.002,TRUE,41.500,73213.755,FALSE,FALSE,FALSE,TRUE,FALSE,ECG samples:25
1158,-18660.0,TRUE,1141,2025-11-03T09:43:50.629581,1762143230.655000,47,50,47,2,1762143230.615000,48,-2,1.002,TRUE,1142,2025-11-03T09:43:51.629616,1762143230.843000,19,26,19,6,1762143230.655500,25,-25,1.001,TRUE,40.500,73254.255,FALSE,FALSE,FALSE,TRUE,FALSE,ECG samples:25
1159,-18659.0,TRUE,1142,2025-11-03T09:43:51.629616,1762143231.657000,46,49,46,2,1762143231.617000,46,-4,1.002,TRUE,1143,2025-11-03T09:43:52.629572,1762143231.845000,19,26,19,6,1762143231.657500,25,-25,1.002,TRUE,40.500,73294.755,FALSE,FALSE,FALSE,TRUE,FALSE,ECG samples:25
1160,-18658.0,TRUE,1143,2025-11-03T09:43:52.629572,1762143232.658000,44,48,44,3,1762143232.598000,48,-2,0.981,TRUE,1144,2025-11-03T09:43:53.629569,1762143232.845000,19,26,19,6,1762143232.657500,25,-25,1.000,TRUE,59.500,73354.255,FALSE,FALSE,FALSE,TRUE,FALSE,ECG samples:25
1161,-18657.0,TRUE,1144,2025-11-03T09:43:53.629569,1762143233.660000,45,49,45,3,1762143233.600000,48,-2,1.002,TRUE,1145,2025-11-03T09:43:54.629570,1762143233.847000,19,26,19,6,1762143233.659500,25,-25,1.002,TRUE,59.500,73413.755,FALSE,FALSE,FALSE,TRUE,FALSE,ECG samples:25
1162,-18656.0,TRUE,1145,2025-11-03T09:43:54.629570,1762143234.662000,45,49,45,3,1762143234.602000,49,-1,1.002,TRUE,1146,2025-11-03T09:43:55.629575,1762143234.848000,19,26,19,6,1762143234.660500,25,-25,1.001,TRUE,58.500,73472.255,FALSE,FALSE,FALSE,TRUE,FALSE,ECG samples:25
1163,-18655.0,TRUE,1146,2025-11-03T09:43:55.629575,1762143235.664000,46,50,46,3,1762143235.604000,47,-3,1.002,TRUE,1147,2025-11-03T09:43:56.629569,1762143235.850000,19,26,19,6,1762143235.662500,25,-25,1.002,TRUE,58.500,73530.755,FALSE,FALSE,FALSE,TRUE,FALSE,ECG samples:25
1164,-18654.0,TRUE,1147,2025-11-03T09:43:56.629569,1762143236.666000,44,48,44,3,1762143236.606000,48,-2,1.002,TRUE,1148,2025-11-03T09:43:57.629572,1762143236.851000,19,26,19,6,1762143236.663500,25,-25,1.001,TRUE,57.500,73588.255,FALSE,FALSE,FALSE,TRUE,FALSE,ECG samples:25
1165,-18653.0,TRUE,1148,2025-11-03T09:43:57.629572,1762143237.667000,45,49,45,3,1762143237.607000,48,-2,1.001,TRUE,1149,2025-11-03T09:43:58.629572,1762143237.853000,19,27,19,7,1762143237.634250,25,-25,0.971,TRUE,27.250,73615.505,FALSE,FALSE,FALSE,TRUE,FALSE,ECG samples:25
1166,-18652.0,TRUE,1149,2025-11-03T09:43:58.629572,1762143238.669000,45,50,45,4,1762143238.589000,48,-2,0.982,TRUE,1150,2025-11-03T09:43:59.629577,1762143238.854000,18,26,18,7,1762143238.635250,25,-25,1.001,TRUE,46.250,73661.755,FALSE,FALSE,FALSE,TRUE,FALSE,ECG samples:25
1167,-18651.0,TRUE,1150,2025-11-03T09:43:59.629577,1762143239.670000,44,48,44,3,1762143239.610000,48,-2,1.021,TRUE,1151,2025-11-03T09:44:00.629575,1762143239.855000,18,26,18,7,1762143239.636250,25,-25,1.001,TRUE,26.250,73688.004,FALSE,FALSE,FALSE,TRUE,FALSE,ECG samples:25
1168,-18650.0,TRUE,1151,2025-11-03T09:44:00.629575,1762143240.672000,45,49,45,3,1762143240.612000,49,-1,1.002,TRUE,1152,2025-11-03T09:44:01.629581,1762143240.857000,18,26,18,7,1762143240.638250,25,-25,1.002,TRUE,26.250,73714.255,FALSE,FALSE,FALSE,TRUE,FALSE,ECG samples:25
1169,-18649.0,TRUE,1152,2025-11-03T09:44:01.629581,1762143241.673000,46,50,46,3,1762143241.613000,47,-3,1.001,TRUE,1153,2025-11-03T09:44:02.629578,1762143241.858000,18,26,18,7,1762143241.639250,25,-25,1.001,TRUE,26.250,73740.505,FALSE,FALSE,FALSE,TRUE,FALSE,ECG samples:25
1170,-18648.0,TRUE,1153,2025-11-03T09:44:02.629578,1762143242.674000,44,49,44,4,1762143242.594000,48,-2,0.981,TRUE,1154,2025-11-03T09:44:03.629570,1762143242.859000,18,26,18,7,1762143242.640250,25,-25,1.001,TRUE,46.250,73786.754,FALSE,FALSE,FALSE,TRUE,FALSE,ECG samples:25
1171,-18647.0,TRUE,1154,2025-11-03T09:44:03.629570,1762143243.676000,44,48,44,3,1762143243.616000,48,-2,1.022,TRUE,1155,2025-11-03T09:44:04.629565,1762143243.861000,18,26,18,7,1762143243.642250,25,-25,1.002,TRUE,26.250,73813.004,FALSE,FALSE,FALSE,TRUE,FALSE,ECG samples:25
1172,-18646.0,TRUE,1155,2025-11-03T09:44:04.629565,1762143244.678000,45,49,45,3,1762143244.618000,49,-1,1.002,TRUE,1156,2025-11-03T09:44:05.629561,1762143244.862000,18,26,18,7,1762143244.643250,25,-25,1.001,TRUE,25.250,73838.254,FALSE,FALSE,FALSE,TRUE,FALSE,ECG samples:25
1173,-18645.0,TRUE,1156,2025-11-03T09:44:05.629561,1762143245.680000,46,51,46,4,1762143245.600000,48,-2,0.982,TRUE,1157,2025-11-03T09:44:06.629682,1762143245.863000,18,26,18,7,1762143245.644250,25,-25,1.001,TRUE,44.250,73882.504,FALSE,FALSE,FALSE,TRUE,FALSE,ECG samples:25
1174,-18644.0,TRUE,1157,2025-11-03T09:44:06.629682,1762143246.681000,44,49,44,4,1762143246.601000,48,-2,1.001,TRUE,1158,2025-11-03T09:44:07.629581,1762143246.864000,18,26,18,7,1762143246.645250,25,-25,1.001,TRUE,44.250,73926.754,FALSE,FALSE,FALSE,TRUE,FALSE,ECG samples:25
1175,-18643.0,TRUE,1158,2025-11-03T09:44:07.629581,1762143247.683000,44,49,44,4,1762143247.603000,49,-1,1.002,TRUE,1159,2025-11-03T09:44:08.629569,1762143247.866000,18,26,18,7,1762143247.647250,25,-25,1.002,TRUE,44.250,73971.004,FALSE,FALSE,FALSE,TRUE,FALSE,ECG samples:25
1176,-18642.0,TRUE,1159,2025-11-03T09:44:08.629569,1762143248.685000,45,49,45,3,1762143248.625000,48,-2,1.022,TRUE,1160,2025-11-03T09:44:09.629575,1762143248.867000,18,25,18,6,1762143248.679500,24,-26,1.032,TRUE,54.500,74025.504,FALSE,FALSE,FALSE,TRUE,FALSE,ECG samples:24
1177,-18641.0,TRUE,1160,2025-11-03T09:44:09.629575,1762143249.686000,45,50,45,4,1762143249.606000,48,-2,0.981,TRUE,1161,2025-11-03T09:44:10.629571,1762143249.868000,18,26,18,7,1762143249.649250,25,-25,0.970,TRUE,43.250,74068.754,FALSE,FALSE,FALSE,TRUE,FALSE,ECG samples:25
1178,-18640.0,TRUE,1161,2025-11-03T09:44:10.629571,1762143250.688000,44,49,44,4,1762143250.608000,49,-1,1.002,TRUE,1162,2025-11-03T09:44:11.629570,1762143250.869000,18,26,18,7,1762143250.650250,25,-25,1.001,TRUE,42.250,74111.004,FALSE,FALSE,FALSE,TRUE,FALSE,ECG samples:25
1179,-18639.0,TRUE,1162,2025-11-03T09:44:11.629570,1762143251.690000,45,50,45,4,1762143251.610000,48,-2,1.002,TRUE,1163,2025-11-03T09:44:12.629571,1762143251.871000,18,26,18,7,1762143251.652250,25,-25,1.002,TRUE,42.250,74153.254,FALSE,FALSE,FALSE,TRUE,FALSE,ECG samples:25
1180,-18638.0,TRUE,1163,2025-11-03T09:44:12.629571,1762143252.692000,44,49,44,4,1762143252.612000,49,-1,1.002,TRUE,1164,2025-11-03T09:44:13.629576,1762143252.872000,18,26,18,7,1762143252.653250,25,-25,1.001,TRUE,41.250,74194.504,FALSE,FALSE,FALSE,TRUE,FALSE,ECG samples:25
1181,-18637.0,TRUE,1164,2025-11-03T09:44:13.629576,1762143253.693000,45,50,45,4,1762143253.613000,48,-2,1.001,TRUE,1165,2025-11-03T09:44:14.629569,1762143253.873000,18,26,18,7,1762143253.654250,25,-25,1.001,TRUE,41.250,74235.753,FALSE,FALSE,FALSE,TRUE,FALSE,ECG samples:25
1182,-18636.0,TRUE,1165,2025-11-03T09:44:14.629569,1762143254.694000,44,49,44,4,1762143254.614000,48,-2,1.001,TRUE,1166,2025-11-03T09:44:15.629573,1762143254.874000,18,26,18,7,1762143254.655250,25,-25,1.001,TRUE,41.250,74277.003,FALSE,FALSE,FALSE,TRUE,FALSE,ECG samples:25
1183,-18635.0,TRUE,1166,2025-11-03T09:44:15.629573,1762143255.696000,44,49,44,4,1762143255.616000,48,-2,1.002,TRUE,1167,2025-11-03T09:44:16.629572,1762143255.876000,18,26,18,7,1762143255.657250,25,-25,1.002,TRUE,41.250,74318.253,FALSE,FALSE,FALSE,TRUE,FALSE,ECG samples:25
1184,-18634.0,TRUE,1167,2025-11-03T09:44:16.629572,1762143256.697000,44,49,44,4,1762143256.617000,47,-3,1.001,TRUE,1168,2025-11-03T09:44:17.629569,1762143256.878000,18,26,18,7,1762143256.659250,25,-25,1.002,TRUE,42.250,74360.503,FALSE,FALSE,FALSE,TRUE,FALSE,ECG samples:25
1185,-18633.0,TRUE,1168,2025-11-03T09:44:17.629569,1762143257.698000,43,49,43,5,1762143257.598000,48,-2,0.981,TRUE,1169,2025-11-03T09:44:18.629572,1762143257.879000,18,26,18,7,1762143257.660250,25,-25,1.001,TRUE,62.250,74422.753,FALSE,FALSE,FALSE,TRUE,FALSE,ECG samples:25
1186,-18632.0,TRUE,1169,2025-11-03T09:44:18.629572,1762143258.699000,43,49,43,5,1762143258.599000,49,-1,1.001,TRUE,1170,2025-11-03T09:44:19.629572,1762143258.880000,18,26,18,7,1762143258.661250,25,-25,1.001,TRUE,62.250,74485.003,FALSE,FALSE,FALSE,TRUE,FALSE,ECG samples:25
1187,-18631.0,TRUE,1170,2025-11-03T09:44:19.629572,1762143259.700000,44,49,44,4,1762143259.620000,49,-1,1.021,TRUE,1171,2025-11-03T09:44:20.629570,1762143259.881000,18,26,18,7,1762143259.662250,25,-25,1.001,TRUE,42.250,74527.253,FALSE,FALSE,FALSE,TRUE,FALSE,ECG samples:25
1188,-18630.0,TRUE,1171,2025-11-03T09:44:20.629570,1762143260.703000,45,50,45,4,1762143260.623000,47,-3,1.003,TRUE,1172,2025-11-03T09:44:21.629578,1762143260.883000,18,26,18,7,1762143260.664250,25,-25,1.002,TRUE,41.250,74568.503,FALSE,FALSE,FALSE,TRUE,FALSE,ECG samples:25
1189,-18629.0,TRUE,1172,2025-11-03T09:44:21.629578,1762143261.703000,43,48,43,4,1762143261.623000,48,-2,1.000,TRUE,1173,2025-11-03T09:44:22.629568,1762143261.884000,18,26,18,7,1762143261.665250,25,-25,1.001,TRUE,42.250,74610.753,FALSE,FALSE,FALSE,TRUE,FALSE,ECG samples:25
1190,-18628.0,TRUE,1173,2025-11-03T09:44:22.629568,1762143262.705000,44,49,44,4,1762143262.625000,48,-2,1.002,TRUE,1174,2025-11-03T09:44:23.629569,1762143262.885000,18,26,18,7,1762143262.666250,25,-25,1.001,TRUE,41.250,74652.003,FALSE,FALSE,FALSE,TRUE,FALSE,ECG samples:25
1191,-18627.0,TRUE,1174,2025-11-03T09:44:23.629569,1762143263.706000,44,49,44,4,1762143263.626000,49,-1,1.001,TRUE,1175,2025-11-03T09:44:24.629568,1762143263.887000,18,26,18,7,1762143263.668250,25,-25,1.002,TRUE,42.250,74694.252,FALSE,FALSE,FALSE,TRUE,FALSE,ECG samples:25
1192,-18626.0,TRUE,1175,2025-11-03T09:44:24.629568,1762143264.708000,45,51,45,5,1762143264.608000,48,-2,0.982,TRUE,1176,2025-11-03T09:44:25.629571,1762143264.888000,18,26,18,7,1762143264.669250,25,-25,1.001,TRUE,61.250,74755.502,FALSE,FALSE,FALSE,TRUE,FALSE,ECG samples:25
1193,-18625.0,TRUE,1176,2025-11-03T09:44:25.629571,1762143265.710000,43,49,43,5,1762143265.610000,47,-3,1.002,TRUE,1177,2025-11-03T09:44:26.629567,1762143265.889000,18,26,18,7,1762143265.670250,25,-25,1.001,TRUE,60.250,74815.752,FALSE,FALSE,FALSE,TRUE,FALSE,ECG samples:25
1194,-18624.0,TRUE,1177,2025-11-03T09:44:26.629567,1762143266.711000,42,48,42,5,1762143266.611000,48,-2,1.001,TRUE,1178,2025-11-03T09:44:27.629569,1762143266.891000,18,27,18,8,1762143266.641000,25,-25,0.971,TRUE,30.000,74845.752,FALSE,FALSE,FALSE,TRUE,FALSE,ECG samples:25
1195,-18623.0,TRUE,1178,2025-11-03T09:44:27.629569,1762143267.713000,43,49,43,5,1762143267.613000,48,-2,1.002,TRUE,1179,2025-11-03T09:44:28.629569,1762143267.892000,17,26,17,8,1762143267.642000,25,-25,1.001,TRUE,29.000,74874.752,FALSE,FALSE,FALSE,TRUE,FALSE,ECG samples:25
1196,-18622.0,TRUE,1179,2025-11-03T09:44:28.629569,1762143268.715000,43,49,43,5,1762143268.615000,48,-2,1.002,TRUE,1180,2025-11-03T09:44:29.629570,1762143268.893000,17,26,17,8,1762143268.643000,25,-25,1.001,TRUE,28.000,74902.752,FALSE,FALSE,FALSE,TRUE,FALSE,ECG samples:25
1197,-18621.0,TRUE,1180,2025-11-03T09:44:29.629570,1762143269.717000,43,49,43,5,1762143269.617000,48,-2,1.002,TRUE,1181,2025-11-03T09:44:30.629571,1762143269.895000,17,26,17,8,1762143269.645000,25,-25,1.002,TRUE,28.000,74930.752,FALSE,FALSE,FALSE,TRUE,FALSE,ECG samples:25
1198,-18620.0,TRUE,1181,2025-11-03T09:44:30.629571,1762143270.718000,43,49,43,5,1762143270.618000,48,-2,1.001,TRUE,1182,2025-11-03T09:44:31.629571,1762143270.896000,17,26,17,8,1762143270.646000,25,-25,1.001,TRUE,28.000,74958.752,FALSE,FALSE,FALSE,TRUE,FALSE,ECG samples:25
1199,-18619.0,TRUE,1182,2025-11-03T09:44:31.629571,1762143271.719000,43,49,43,5,1762143271.619000,48,-2,1.001,TRUE,1183,2025-11-03T09:44:32.629569,1762143271.897000,17,26,17,8,1762143271.647000,25,-25,1.001,TRUE,28.000,74986.752,FALSE,FALSE,FALSE,TRUE,FALSE,ECG samples:25
1200,-18618.0,TRUE,1183,2025-11-03T09:44:32.629569,1762143272.721000,43,49,43,5,1762143272.621000,48,-2,1.002,TRUE,1184,2025-11-03T09:44:33.629571,1762143272.899000,17,26,17,8,1762143272.649000,25,-25,1.002,TRUE,28.000,75014.751,FALSE,FALSE,FALSE,TRUE,FALSE,ECG samples:25
1201,-18617.0,TRUE,1184,2025-11-03T09:44:33.629571,1762143273.722000,43,49,43,5,1762143273.622000,48,-2,1.001,TRUE,1185,2025-11-03T09:44:34.629571,1762143273.901000,17,26,17,8,1762143273.651000,25,-25,1.002,TRUE,29.000,75043.751,FALSE,FALSE,FALSE,TRUE,FALSE,ECG samples:25
1202,-18616.0,TRUE,1185,2025-11-03T09:44:34.629571,1762143274.723000,43,50,43,6,1762143274.603000,48,-2,0.981,TRUE,1186,2025-11-03T09:44:35.629570,1762143274.903000,17,26,17,8,1762143274.653000,25,-25,1.002,TRUE,50.000,75093.751,FALSE,FALSE,FALSE,TRUE,FALSE,ECG samples:25
1203,-18615.0,TRUE,1186,2025-11-03T09:44:35.629570,1762143275.725000,42,48,42,5,1762143275.625000,47,-3,1.022,TRUE,1187,2025-11-03T09:44:36.629571,1762143275.904000,17,26,17,8,1762143275.654000,25,-25,1.001,TRUE,29.000,75122.751,FALSE,FALSE,FALSE,TRUE,FALSE,ECG samples:25
1204,-18614.0,TRUE,1187,2025-11-03T09:44:36.629571,1762143276.727000,42,48,42,5,1762143276.627000,48,-2,1.002,TRUE,1188,2025-11-03T09:44:37.629570,1762143276.905000,17,26,17,8,1762143276.655000,25,-25,1.001,TRUE,28.000,75150.751,FALSE,FALSE,FALSE,TRUE,FALSE,ECG samples:25
1205,-18613.0,TRUE,1188,2025-11-03T09:44:37.629570,1762143277.729000,43,49,43,5,1762143277.629000,47,-3,1.002,TRUE,1189,2025-11-03T09:44:38.629576,1762143277.907000,17,26,17,8,1762143277.657000,25,-25,1.002,TRUE,28.000,75178.751,FALSE,FALSE,FALSE,TRUE,FALSE,ECG samples:25
1206,-18612.0,TRUE,1189,2025-11-03T09:44:38.629576,1762143278.730000,42,49,42,6,1762143278.610000,49,-1,0.981,TRUE,1190,2025-11-03T09:44:39.629569,1762143278.909000,17,26,17,8,1762143278.659000,25,-25,1.002,TRUE,49.000,75227.751,FALSE,FALSE,FALSE,TRUE,FALSE,ECG samples:25
1207,-18611.0,TRUE,1190,2025-11-03T09:44:39.629569,1762143279.631000,43,45,43,1,1762143279.611000,49,-1,1.001,TRUE,1191,2025-11-03T09:44:40.629576,1762143279.810000,17,24,17,6,1762143279.622500,25,-25,0.964,TRUE,11.500,75239.251,FALSE,FALSE,FALSE,TRUE,FALSE,ECG samples:25
1208,-18610.0,TRUE,1191,2025-11-03T09:44:40.629576,1762143280.633000,48,50,48,1,1762143280.613000,49,-1,1.002,TRUE,1192,2025-11-03T09:44:41.629571,1762143280.812000,19,26,19,6,1762143280.624500,25,-25,1.002,TRUE,11.500,75250.751,FALSE,FALSE,FALSE,TRUE,FALSE,ECG samples:25
1209,-18609.0,TRUE,1192,2025-11-03T09:44:41.629571,1762143281.634000,48,49,48,0,1762143281.634000,48,-2,1.021,TRUE,1193,2025-11-03T09:44:42.629577,1762143281.814000,19,26,19,6,1762143281.626500,24,-26,1.002,TRUE,7.500,75258.251,FALSE,FALSE,FALSE,TRUE,FALSE,ECG samples:24
1210,-18608.0,TRUE,1193,2025-11-03T09:44:42.629577,1762143282.635000,48,50,48,1,1762143282.615000,48,-2,0.981,TRUE,1194,2025-11-03T09:44:43.629578,1762143282.816000,18,25,18,6,1762143282.628500,25,-25,1.002,TRUE,13.500,75271.751,FALSE,FALSE,FALSE,TRUE,FALSE,ECG samples:25
1211,-18607.0,TRUE,1194,2025-11-03T09:44:43.629578,1762143283.637000,47,49,47,1,1762143283.617000,47,-3,1.002,TRUE,1195,2025-11-03T09:44:44.629569,1762143283.817000,19,26,19,6,1762143283.629500,25,-25,1.001,TRUE,12.500,75284.251,FALSE,FALSE,FALSE,TRUE,FALSE,ECG samples:25
1212,-18606.0,TRUE,1195,2025-11-03T09:44:44.629569,1762143284.638000,46,48,46,1,1762143284.618000,48,-2,1.001,TRUE,1196,2025-11-03T09:44:45.629572,1762143284.818000,19,26,19,6,1762143284.630500,25,-25,1.001,TRUE,12.500,75296.751,FALSE,FALSE,FALSE,TRUE,FALSE,ECG samples:25
1213,-18605.0,TRUE,1196,2025-11-03T09:44:45.629572,1762143285.640000,47,49,47,1,1762143285.620000,49,-1,1.002,TRUE,1197,2025-11-03T09:44:46.629574,1762143285.820000,19,26,19,6,1762143285.632500,25,-25,1.002,TRUE,12.500,75309.251,FALSE,FALSE,FALSE,TRUE,FALSE,ECG samples:25
1214,-18604.0,TRUE,1197,2025-11-03T09:44:46.629574,1762143286.642000,48,50,48,1,1762143286.622000,47,-3,1.002,TRUE,1198,2025-11-03T09:44:47.629567,1762143286.821000,19,26,19,6,1762143286.633500,25,-25,1.001,TRUE,11.500,75320.751,FALSE,FALSE,FALSE,TRUE,FALSE,ECG samples:25
1215,-18603.0,TRUE,1198,2025-11-03T09:44:47.629567,1762143287.644000,46,49,46,2,1762143287.604000,49,-1,0.982,TRUE,1199,2025-11-03T09:44:48.629569,1762143287.822000,19,26,19,6,1762143287.634500,25,-25,1.001,TRUE,30.500,75351.251,FALSE,FALSE,FALSE,TRUE,FALSE,ECG samples:25
1216,-18602.0,TRUE,1199,2025-11-03T09:44:48.629569,1762143288.645000,47,49,47,1,1762143288.625000,49,-1,1.021,TRUE,1200,2025-11-03T09:44:49.629578,1762143288.823000,19,26,19,6,1762143288.635500,25,-25,1.001,TRUE,10.500,75361.751,FALSE,FALSE,FALSE,TRUE,FALSE,ECG samples:25
1217,-18601.0,TRUE,1200,2025-11-03T09:44:49.629578,1762143289.646000,48,50,48,1,1762143289.626000,49,-1,1.001,TRUE,1201,2025-11-03T09:44:50.629574,1762143289.825000,19,26,19,6,1762143289.637500,25,-25,1.002,TRUE,11.500,75373.251,FALSE,FALSE,FALSE,TRUE,FALSE,ECG samples:25
1218,-18600.0,TRUE,1201,2025-11-03T09:44:50.629574,1762143290.648000,48,50,48,1,1762143290.628000,48,-2,1.002,TRUE,1202,2025-11-03T09:44:51.629567,1762143290.827000,19,26,19,6,1762143290.639500,25,-25,1.002,TRUE,11.500,75384.751,FALSE,FALSE,FALSE,TRUE,FALSE,ECG samples:25
1219,-18599.0,TRUE,1202,2025-11-03T09:44:51.629567,1762143291.649000,47,49,47,1,1762143291.629000,48,-2,1.001,TRUE,1203,2025-11-03T09:44:52.629575,1762143291.828000,19,26,19,6,1762143291.640500,25,-25,1.001,TRUE,11.500,75396.251,FALSE,FALSE,FALSE,TRUE,FALSE,ECG samples:25
1220,-18598.0,TRUE,1203,2025-11-03T09:44:52.629575,1762143292.652000,47,49,47,1,1762143292.632000,49,-1,1.003,TRUE,1204,2025-11-03T09:44:53.629569,1762143292.830000,19,26,19,6,1762143292.642500,25,-25,1.002,TRUE,10.500,75406.751,FALSE,FALSE,FALSE,TRUE,FALSE,ECG samples:25
1221,-18597.0,TRUE,1204,2025-11-03T09:44:53.629569,1762143293.654000,48,50,48,1,1762143293.634000,47,-3,1.002,TRUE,1205,2025-11-03T09:44:54.629573,1762143293.831000,19,26,19,6,1762143293.643500,25,-25,1.001,TRUE,9.500,75416.251,FALSE,FALSE,FALSE,TRUE,FALSE,ECG samples:25
1222,-18596.0,TRUE,1205,2025-11-03T09:44:54.629573,1762143294.655000,46,49,46,2,1762143294.615000,48,-2,0.981,TRUE,1206,2025-11-03T09:44:55.629572,1762143294.833000,19,26,19,6,1762143294.645500,25,-25,1.002,TRUE,30.500,75446.751,FALSE,FALSE,FALSE,TRUE,FALSE,ECG samples:25
1223,-18595.0,TRUE,1206,2025-11-03T09:44:55.629572,1762143295.657000,46,49,46,2,1762143295.617000,48,-2,1.002,TRUE,1207,2025-11-03T09:44:56.629571,1762143295.835000,19,26,19,6,1762143295.647500,25,-25,1.002,TRUE,30.500,75477.251,FALSE,FALSE,FALSE,TRUE,FALSE,ECG samples:25
1224,-18594.0,TRUE,1207,2025-11-03T09:44:56.629571,1762143296.659000,46,49,46,2,1762143296.619000,48,-2,1.002,TRUE,1208,2025-11-03T09:44:57.629573,1762143296.836000,19,26,19,6,1762143296.648500,25,-25,1.001,TRUE,29.500,75506.751,FALSE,FALSE,FALSE,TRUE,FALSE,ECG samples:25
1225,-18593.0,TRUE,1208,2025-11-03T09:44:57.629573,1762143297.660000,46,49,46,2,1762143297.620000,49,-1,1.001,TRUE,1209,2025-11-03T09:44:58.629569,1762143297.837000,19,26,19,6,1762143297.649500,25,-25,1.001,TRUE,29.500,75536.251,FALSE,FALSE,FALSE,TRUE,FALSE,ECG samples:25
1226,-18592.0,TRUE,1209,2025-11-03T09:44:58.629569,1762143298.662000,47,50,47,2,1762143298.622000,49,-1,1.002,TRUE,1210,2025-11-03T09:44:59.629575,1762143298.839000,19,26,19,6,1762143298.651500,25,-25,1.002,TRUE,29.500,75565.751,FALSE,FALSE,FALSE,TRUE,FALSE,ECG samples:25
1227,-18591.0,TRUE,1210,2025-11-03T09:44:59.629575,1762143299.663000,47,50,47,2,1762143299.623000,49,-1,1.001,TRUE,1211,2025-11-03T09:45:00.629571,1762143299.840000,19,26,19,6,1762143299.652500,25,-25,1.001,TRUE,29.500,75595.250,FALSE,FALSE,FALSE,TRUE,FALSE,ECG samples:25
1228,-18590.0,TRUE,1211,2025-11-03T09:45:00.629571,1762143300.664000,47,50,47,2,1762143300.624000,47,-3,1.001,TRUE,1212,2025-11-03T09:45:01.629559,1762143300.842000,19,26,19,6,1762143300.654500,25,-25,1.002,TRUE,30.500,75625.750,FALSE,FALSE,FALSE,TRUE,FALSE,ECG samples:25
1229,-18589.0,TRUE,1212,2025-11-03T09:45:01.629559,1762143301.666000,45,48,45,2,1762143301.626000,48,-2,1.002,TRUE,1213,2025-11-03T09:45:02.629560,1762143301.843000,19,26,19,6,1762143301.655500,25,-25,1.001,TRUE,29.500,75655.250,FALSE,FALSE,FALSE,TRUE,FALSE,ECG samples:25
1230,-18588.0,TRUE,1213,2025-11-03T09:45:02.629560,1762143302.667000,46,49,46,2,1762143302.627000,47,-3,1.001,TRUE,1214,2025-11-03T09:45:03.629563,1762143302.844000,19,26,19,6,1762143302.656500,25,-25,1.001,TRUE,29.500,75684.750,FALSE,FALSE,FALSE,TRUE,FALSE,ECG samples:25
1231,-18587.0,TRUE,1214,2025-11-03T09:45:03.629563,1762143303.669000,45,49,45,3,1762143303.609000,49,-1,0.982,TRUE,1215,2025-11-03T09:45:04.629568,1762143303.846000,19,26,19,6,1762143303.658500,25,-25,1.002,TRUE,49.500,75734.250,FALSE,FALSE,FALSE,TRUE,FALSE,ECG samples:25
1232,-18586.0,TRUE,1215,2025-11-03T09:45:04.629568,1762143304.670000,46,49,46,2,1762143304.630000,47,-3,1.021,TRUE,1216,2025-11-03T09:45:05.629561,1762143304.847000,19,26,19,6,1762143304.659500,25,-25,1.001,TRUE,29.500,75763.750,FALSE,FALSE,FALSE,TRUE,FALSE,ECG samples:25
1233,-18585.0,TRUE,1216,2025-11-03T09:45:05.629561,1762143305.672000,45,48,45,2,1762143305.632000,48,-2,1.002,TRUE,1217,2025-11-03T09:45:06.629567,1762143305.849000,19,27,19,7,1762143305.630250,25,-25,0.971,TRUE,1.750,75765.500,FALSE,FALSE,FALSE,TRUE,FALSE,ECG samples:25
1234,-18584.0,TRUE,1217,2025-11-03T09:45:06.629567,1762143306.673000,46,49,46,2,1762143306.633000,47,-3,1.001,TRUE,1218,2025-11-03T09:45:07.629570,1762143306.850000,18,26,18,7,1762143306.631250,25,-25,1.001,TRUE,1.750,75767.250,FALSE,FALSE,FALSE,TRUE,FALSE,ECG samples:25
1235,-18583.0,TRUE,1218,2025-11-03T09:45:07.629570,1762143307.674000,45,49,45,3,1762143307.614000,49,-1,0.981,TRUE,1219,2025-11-03T09:45:08.629573,1762143307.851000,18,26,18,7,1762143307.632250,25,-25,1.001,TRUE,18.250,75785.500,FALSE,FALSE,FALSE,TRUE,FALSE,ECG samples:25
1236,-18582.0,TRUE,1219,2025-11-03T09:45:08.629573,1762143308.676000,46,49,46,2,1762143308.636000,48,-2,1.022,TRUE,1220,2025-11-03T09:45:09.629558,1762143308.853000,18,26,18,7,1762143308.634250,25,-25,1.002,TRUE,1.750,75787.251,FALSE,FALSE,FALSE,TRUE,FALSE,ECG samples:25
1237,-18581.0,TRUE,1220,2025-11-03T09:45:09.629558,1762143309.678000,46,49,46,2,1762143309.638000,47,-3,1.002,TRUE,1221,2025-11-03T09:45:10.629568,1762143309.854000,18,26,18,7,1762143309.635250,25,-25,1.001,TRUE,2.750,75790.000,FALSE,FALSE,FALSE,TRUE,FALSE,ECG samples:25
1238,-18580.0,TRUE,1221,2025-11-03T09:45:10.629568,1762143310.679000,45,49,45,3,1762143310.619000,49,-1,0.981,TRUE,1222,2025-11-03T09:45:11.629556,1762143310.856000,18,26,18,7,1762143310.637250,25,-25,1.002,TRUE,18.250,75808.250,FALSE,FALSE,FALSE,TRUE,FALSE,ECG samples:25
1239,-18579.0,TRUE,1222,2025-11-03T09:45:11.629556,1762143311.680000,46,49,46,2,1762143311.640000,47,-3,1.021,TRUE,1223,2025-11-03T09:45:12.629567,1762143311.858000,18,26,18,7,1762143311.639250,25,-25,1.002,TRUE,0.750,75809.000,FALSE,FALSE,FALSE,TRUE,FALSE,ECG samples:25
1240,-18578.0,TRUE,1223,2025-11-03T09:45:12.629567,1762143312.682000,45,49,45,3,1762143312.622000,47,-3,0.982,TRUE,1224,2025-11-03T09:45:13.629576,1762143312.860000,18,26,18,7,1762143312.641250,25,-25,1.002,TRUE,19.250,75828.250,FALSE,FALSE,FALSE,TRUE,FALSE,ECG samples:25
1241,-18577.0,TRUE,1224,2025-11-03T09:45:13.629576,1762143313.683000,44,48,44,3,1762143313.623000,46,-4,1.001,TRUE,1225,2025-11-03T09:45:14.629560,1762143313.862000,18,26,18,7,1762143313.643250,25,-25,1.002,TRUE,20.250,75848.500,FALSE,FALSE,FALSE,TRUE,FALSE,ECG samples:25
1242,-18576.0,TRUE,1225,2025-11-03T09:45:14.629560,1762143314.684000,43,47,43,3,1762143314.624000,48,-2,1.001,TRUE,1226,2025-11-03T09:45:15.629559,1762143314.864000,18,26,18,7,1762143314.645250,25,-25,1.002,TRUE,21.250,75869.750,FALSE,FALSE,FALSE,TRUE,FALSE,ECG samples:25
1243,-18575.0,TRUE,1226,2025-11-03T09:45:15.629559,1762143315.686000,45,48,45,2,1762143315.646000,47,-3,1.022,TRUE,1227,2025-11-03T09:45:16.629570,1762143315.866000,18,26,18,7,1762143315.647250,25,-25,1.002,TRUE,1.250,75871.000,FALSE,FALSE,FALSE,TRUE,FALSE,ECG samples:25
1244,-18574.0,TRUE,1227,2025-11-03T09:45:16.629570,1762143316.687000,45,49,45,3,1762143316.627000,48,-2,0.981,TRUE,1228,2025-11-03T09:45:17.629557,1762143316.868000,18,26,18,7,1762143316.649250,25,-25,1.002,TRUE,22.250,75893.250,FALSE,FALSE,FALSE,TRUE,FALSE,ECG samples:25
1245,-18573.0,TRUE,1228,2025-11-03T09:45:17.629557,1762143317.689000,45,49,45,3,1762143317.629000,49,-1,1.002,TRUE,1229,2025-11-03T09:45:18.629561,1762143317.870000,18,26,18,7,1762143317.651250,25,-25,1.002,TRUE,22.250,75915.500,FALSE,FALSE,FALSE,TRUE,FALSE,ECG samples:25
1246,-18572.0,TRUE,1229,2025-11-03T09:45:18.629561,1762143318.690000,46,50,46,3,1762143318.630000,48,-2,1.001,TRUE,1230,2025-11-03T09:45:19.629581,1762143318.871000,18,26,18,7,1762143318.652250,25,-25,1.001,TRUE,22.250,75937.750,FALSE,FALSE,FALSE,TRUE,FALSE,ECG samples:25
1247,-18571.0,TRUE,1230,2025-11-03T09:45:19.629581,1762143319.692000,45,49,45,3,1762143319.632000,49,-1,1.002,TRUE,1231,2025-11-03T09:45:20.629570,1762143319.872000,18,26,18,7,1762143319.653250,25,-25,1.001,TRUE,21.250,75959.000,FALSE,FALSE,FALSE,TRUE,FALSE,ECG samples:25
1248,-18570.0,TRUE,1231,2025-11-03T09:45:20.629570,1762143320.694000,46,50,46,3,1762143320.634000,48,-2,1.002,TRUE,1232,2025-11-03T09:45:21.629559,1762143320.874000,18,26,18,7,1762143320.655250,25,-25,1.002,TRUE,21.250,75980.250,FALSE,FALSE,FALSE,TRUE,FALSE,ECG samples:25
1249,-18569.0,TRUE,1232,2025-11-03T09:45:21.629559,1762143321.697000,45,49,45,3,1762143321.637000,48,-2,1.003,TRUE,1233,2025-11-03T09:45:22.629565,1762143321.875000,18,26,18,7,1762143321.656250,25,-25,1.001,TRUE,19.250,75999.500,FALSE,FALSE,FALSE,TRUE,FALSE,ECG samples:25
1250,-18568.0,TRUE,1233,2025-11-03T09:45:22.629565,1762143322.699000,45,49,45,3,1762143322.639000,48,-2,1.002,TRUE,1234,2025-11-03T09:45:23.629561,1762143322.876000,18,26,18,7,1762143322.657250,26,-24,1.001,TRUE,18.250,76017.750,FALSE,FALSE,FALSE,TRUE,FALSE,ECG samples:26
1251,-18567.0,TRUE,1234,2025-11-03T09:45:23.629561,1762143323.700000,45,49,45,3,1762143323.640000,47,-3,1.001,TRUE,1235,2025-11-03T09:45:24.629633,1762143323.877000,19,26,19,6,1762143323.689500,25,-25,1.032,TRUE,49.500,76067.250,FALSE,FALSE,FALSE,TRUE,FALSE,ECG samples:25
1252,-18566.0,TRUE,1235,2025-11-03T09:45:24.629633,1762143324.701000,44,48,44,3,1762143324.641000,48,-2,1.001,TRUE,1236,2025-11-03T09:45:25.629573,1762143324.879000,19,26,19,6,1762143324.691500,25,-25,1.002,TRUE,50.500,76117.750,FALSE,FALSE,FALSE,TRUE,FALSE,ECG samples:25
1253,-18565.0,TRUE,1236,2025-11-03T09:45:25.629573,1762143325.703000,45,50,45,4,1762143325.623000,49,-1,0.982,TRUE,1237,2025-11-03T09:45:26.629565,1762143325.881000,19,26,19,6,1762143325.693500,25,-25,1.002,TRUE,70.500,76188.250,FALSE,FALSE,FALSE,TRUE,FALSE,ECG samples:25
1254,-18564.0,TRUE,1237,2025-11-03T09:45:26.629565,1762143326.705000,45,50,45,4,1762143326.625000,48,-2,1.002,TRUE,1238,2025-11-03T09:45:27.629567,1762143326.883000,19,26,19,6,1762143326.695500,25,-25,1.002,TRUE,70.500,76258.749,FALSE,FALSE,FALSE,TRUE,FALSE,ECG samples:25
1255,-18563.0,TRUE,1238,2025-11-03T09:45:27.629567,1762143327.706000,44,48,44,3,1762143327.646000,47,-3,1.021,TRUE,1239,2025-11-03T09:45:28.629573,1762143327.884000,19,26,19,6,1762143327.696500,25,-25,1.001,TRUE,50.500,76309.249,FALSE,FALSE,FALSE,TRUE,FALSE,ECG samples:25
1256,-18562.0,TRUE,1239,2025-11-03T09:45:28.629573,1762143328.707000,44,49,44,4,1762143328.627000,48,-2,0.981,TRUE,1240,2025-11-03T09:45:29.629566,1762143328.885000,19,26,19,6,1762143328.697500,25,-25,1.001,TRUE,70.500,76379.749,FALSE,FALSE,FALSE,TRUE,FALSE,ECG samples:25
1257,-18561.0,TRUE,1240,2025-11-03T09:45:29.629566,1762143329.708000,44,48,44,3,1762143329.648000,49,-1,1.021,TRUE,1241,2025-11-03T09:45:30.629565,1762143329.886000,19,26,19,6,1762143329.698500,25,-25,1.001,TRUE,50.500,76430.249,FALSE,FALSE,FALSE,TRUE,FALSE,ECG samples:25
1258,-18560.0,TRUE,1241,2025-11-03T09:45:30.629565,1762143330.710000,46,51,46,4,1762143330.630000,49,-1,0.982,TRUE,1242,2025-11-03T09:45:31.629578,1762143330.888000,19,27,19,7,1762143330.669250,25,-25,0.971,TRUE,39.250,76469.499,FALSE,FALSE,FALSE,TRUE,FALSE,ECG samples:25
1259,-18559.0,TRUE,1242,2025-11-03T09:45:31.629578,1762143331.711000,45,49,45,3,1762143331.651000,47,-3,1.021,TRUE,1243,2025-11-03T09:45:32.629563,1762143331.889000,18,26,18,7,1762143331.670250,25,-25,1.001,TRUE,19.250,76488.749,FALSE,FALSE,FALSE,TRUE,FALSE,ECG samples:25
1260,-18558.0,TRUE,1243,2025-11-03T09:45:32.629563,1762143332.712000,44,49,44,4,1762143332.632000,48,-2,0.981,TRUE,1244,2025-11-03T09:45:33.629566,1762143332.890000,18,26,18,7,1762143332.671250,25,-25,1.001,TRUE,39.250,76527.999,FALSE,FALSE,FALSE,TRUE,FALSE,ECG samples:25
1261,-18557.0,TRUE,1244,2025-11-03T09:45:33.629566,1762143333.714000,44,49,44,4,1762143333.634000,49,-1,1.002,TRUE,1245,2025-11-03T09:45:34.629572,1762143333.892000,18,26,18,7,1762143333.673250,25,-25,1.002,TRUE,39.250,76567.249,FALSE,FALSE,FALSE,TRUE,FALSE,ECG samples:25
1262,-18556.0,TRUE,1245,2025-11-03T09:45:34.629572,1762143334.715000,45,50,45,4,1762143334.635000,48,-2,1.001,TRUE,1246,2025-11-03T09:45:35.629576,1762143334.893000,18,26,18,7,1762143334.674250,25,-25,1.001,TRUE,39.250,76606.499,FALSE,FALSE,FALSE,TRUE,FALSE,ECG samples:25
1263,-18555.0,TRUE,1246,2025-11-03T09:45:35.629576,1762143335.717000,44,49,44,4,1762143335.637000,47,-3,1.002,TRUE,1247,2025-11-03T09:45:36.629573,1762143335.895000,18,26,18,7,1762143335.676250,25,-25,1.002,TRUE,39.250,76645.749,FALSE,FALSE,FALSE,TRUE,FALSE,ECG samples:25
1264,-18554.0,TRUE,1247,2025-11-03T09:45:36.629573,1762143336.718000,43,48,43,4,1762143336.638000,49,-1,1.001,TRUE,1248,2025-11-03T09:45:37.629572,1762143336.896000,18,26,18,7,1762143336.677250,25,-25,1.001,TRUE,39.250,76684.999,FALSE,FALSE,FALSE,TRUE,FALSE,ECG samples:25
1265,-18553.0,TRUE,1248,2025-11-03T09:45:37.629572,1762143337.720000,45,50,45,4,1762143337.640000,46,-4,1.002,TRUE,1249,2025-11-03T09:45:38.629568,1762143337.898000,18,26,18,7,1762143337.679250,25,-25,1.002,TRUE,39.250,76724.249,FALSE,FALSE,FALSE,TRUE,FALSE,ECG samples:25
1266,-18552.0,TRUE,1249,2025-11-03T09:45:38.629568,1762143338.722000,42,48,42,5,1762143338.622000,48,-2,0.982,TRUE,1250,2025-11-03T09:45:39.629573,1762143338.899000,18,26,18,7,1762143338.680250,25,-25,1.001,TRUE,58.250,76782.499,FALSE,FALSE,FALSE,TRUE,FALSE,ECG samples:25
1267,-18551.0,TRUE,1250,2025-11-03T09:45:39.629573,1762143339.723000,43,48,43,4,1762143339.643000,48,-2,1.021,TRUE,1251,2025-11-03T09:45:40.629577,1762143339.900000,18,26,18,7,1762143339.681250,25,-25,1.001,TRUE,38.250,76820.749,FALSE,FALSE,FALSE,TRUE,FALSE,ECG samples:25
1268,-18550.0,TRUE,1251,2025-11-03T09:45:40.629577,1762143340.724000,44,49,44,4,1762143340.644000,48,-2,1.001,TRUE,1252,2025-11-03T09:45:41.629573,1762143340.902000,18,26,18,7,1762143340.683250,25,-25,1.002,TRUE,39.250,76859.998,FALSE,FALSE,FALSE,TRUE,FALSE,ECG samples:25
1269,-18549.0,TRUE,1252,2025-11-03T09:45:41.629573,1762143341.726000,44,49,44,4,1762143341.646000,47,-3,1.002,TRUE,1253,2025-11-03T09:45:42.629575,1762143341.902000,18,26,18,7,1762143341.683250,25,-25,1.000,TRUE,37.250,76897.248,FALSE,FALSE,FALSE,TRUE,FALSE,ECG samples:25
1270,-18548.0,TRUE,1253,2025-11-03T09:45:42.629575,1762143342.729000,43,49,43,5,1762143342.629000,48,-2,0.983,TRUE,1254,2025-11-03T09:45:43.629576,1762143342.904000,18,26,18,7,1762143342.685250,25,-25,1.002,TRUE,56.250,76953.498,FALSE,FALSE,FALSE,TRUE,FALSE,ECG samples:25
1271,-18547.0,TRUE,1254,2025-11-03T09:45:43.629576,1762143343.730000,43,48,43,4,1762143343.650000,47,-3,1.021,TRUE,1255,2025-11-03T09:45:44.629574,1762143343.906000,18,26,18,7,1762143343.687250,25,-25,1.002,TRUE,37.250,76990.748,FALSE,FALSE,FALSE,TRUE,FALSE,ECG samples:25
1272,-18546.0,TRUE,1255,2025-11-03T09:45:44.629574,1762143344.631000,43,44,43,0,1762143344.631000,47,-3,0.981,TRUE,1256,2025-11-03T09:45:45.629569,1762143344.808000,18,24,18,5,1762143344.651750,25,-25,0.965,TRUE,20.750,77011.498,FALSE,FALSE,FALSE,TRUE,FALSE,ECG samples:25
1273,-18545.0,TRUE,1257,2025-11-03T09:45:46.629570,1762143346.635000,1,51,1,49,1762143345.655000,48,-2,1.024,TRUE,1257,2025-11-03T09:45:46.629570,1762143345.809000,20,26,20,5,1762143345.652750,25,-25,1.001,TRUE,2.250,77013.748,FALSE,FALSE,FALSE,TRUE,FALSE,ECG samples:25
1274,-18544.0,TRUE,1257,2025-11-03T09:45:46.629570,1762143346.635000,50,51,50,0,1762143346.635000,47,-3,0.980,TRUE,1258,2025-11-03T09:45:47.629567,1762143346.810000,20,26,20,5,1762143346.653750,25,-25,1.001,TRUE,18.750,77032.498,FALSE,FALSE,FALSE,TRUE,FALSE,ECG samples:25
1275,-18543.0,TRUE,1258,2025-11-03T09:45:47.629567,1762143347.636000,47,48,47,0,1762143347.636000,48,-2,1.001,TRUE,1259,2025-11-03T09:45:48.629569,1762143347.811000,20,26,20,5,1762143347.654750,25,-25,1.001,TRUE,18.750,77051.248,FALSE,FALSE,FALSE,TRUE,FALSE,ECG samples:25
1276,-18542.0,TRUE,1259,2025-11-03T09:45:48.629569,1762143348.637000,48,49,48,0,1762143348.637000,48,-2,1.001,TRUE,1260,2025-11-03T09:45:49.629566,1762143348.813000,20,26,20,5,1762143348.656750,25,-25,1.002,TRUE,19.750,77070.998,FALSE,FALSE,FALSE,TRUE,FALSE,ECG samples:25
1277,-18541.0,TRUE,1260,2025-11-03T09:45:49.629566,1762143349.638000,48,49,48,0,1762143349.638000,48,-2,1.001,TRUE,1261,2025-11-03T09:45:50.629573,1762143349.814000,20,26,20,5,1762143349.657750,25,-25,1.001,TRUE,19.750,77090.748,FALSE,FALSE,FALSE,TRUE,FALSE,ECG samples:25
1278,-18540.0,TRUE,1261,2025-11-03T09:45:50.629573,1762143350.640000,48,49,48,0,1762143350.640000,48,-2,1.002,TRUE,1262,2025-11-03T09:45:51.629574,1762143350.816000,20,26,20,5,1762143350.659750,25,-25,1.002,TRUE,19.750,77110.498,FALSE,FALSE,FALSE,TRUE,FALSE,ECG samples:25
1279,-18539.0,TRUE,1262,2025-11-03T09:45:51.629574,1762143351.641000,48,49,48,0,1762143351.641000,49,-1,1.001,TRUE,1263,2025-11-03T09:45:52.629568,1762143351.817000,20,26,20,5,1762143351.660750,25,-25,1.001,TRUE,19.750,77130.248,FALSE,FALSE,FALSE,TRUE,FALSE,ECG samples:25
1280,-18538.0,TRUE,1263,2025-11-03T09:45:52.629568,1762143352.643000,49,50,49,0,1762143352.643000,48,-2,1.002,TRUE,1264,2025-11-03T09:45:53.629577,1762143352.819000,20,26,20,5,1762143352.662750,25,-25,1.002,TRUE,19.750,77149.998,FALSE,FALSE,FALSE,TRUE,FALSE,ECG samples:25
1281,-18537.0,TRUE,1264,2025-11-03T09:45:53.629577,1762143353.644000,48,49,48,0,1762143353.644000,47,-3,1.001,TRUE,1265,2025-11-03T09:45:54.629574,1762143353.820000,20,26,20,5,1762143353.663750,25,-25,1.001,TRUE,19.750,77169.748,FALSE,FALSE,FALSE,TRUE,FALSE,ECG samples:25
1282,-18536.0,TRUE,1265,2025-11-03T09:45:54.629574,1762143354.645000,47,48,47,0,1762143354.645000,48,-2,1.001,TRUE,1266,2025-11-03T09:45:55.629567,1762143354.822000,20,26,20,5,1762143354.665750,25,-25,1.002,TRUE,20.750,77190.498,FALSE,FALSE,FALSE,TRUE,FALSE,ECG samples:25
1283,-18535.0,TRUE,1266,2025-11-03T09:45:55.629567,1762143355.646000,48,49,48,0,1762143355.646000,48,-2,1.001,TRUE,1267,2025-11-03T09:45:56.629576,1762143355.824000,20,26,20,5,1762143355.667750,25,-25,1.002,TRUE,21.750,77212.248,FALSE,FALSE,FALSE,TRUE,FALSE,ECG samples:25
1284,-18534.0,TRUE,1267,2025-11-03T09:45:56.629576,1762143356.648000,48,49,48,0,1762143356.648000,47,-3,1.002,TRUE,1268,2025-11-03T09:45:57.629571,1762143356.826000,20,26,20,5,1762143356.669750,25,-25,1.002,TRUE,21.750,77233.998,FALSE,FALSE,FALSE,TRUE,FALSE,ECG samples:25
1285,-18533.0,TRUE,1268,2025-11-03T09:45:57.629571,1762143357.650000,47,48,47,0,1762143357.650000,48,-2,1.002,TRUE,1269,2025-11-03T09:45:58.629572,1762143357.828000,20,26,20,5,1762143357.671750,25,-25,1.002,TRUE,21.750,77255.748,FALSE,FALSE,FALSE,TRUE,FALSE,ECG samples:25
1286,-18532.0,TRUE,1269,2025-11-03T09:45:58.629572,1762143358.652000,48,50,48,1,1762143358.632000,49,-1,0.982,TRUE,1270,2025-11-03T09:45:59.629578,1762143358.830000,20,26,20,5,1762143358.673750,25,-25,1.002,TRUE,41.750,77297.498,FALSE,FALSE,FALSE,TRUE,FALSE,ECG samples:25
1287,-18531.0,TRUE,1270,2025-11-03T09:45:59.629578,1762143359.654000,48,50,48,1,1762143359.634000,48,-2,1.002,TRUE,1271,2025-11-03T09:46:00.629585,1762143359.831000,20,26,20,5,1762143359.674750,25,-25,1.001,TRUE,40.750,77338.248,FALSE,FALSE,FALSE,TRUE,FALSE,ECG samples:25
1288,-18530.0,TRUE,1271,2025-11-03T09:46:00.629585,1762143360.656000,47,49,47,1,1762143360.636000,48,-2,1.002,TRUE,1272,2025-11-03T09:46:01.629573,1762143360.832000,20,26,20,5,1762143360.675750,25,-25,1.001,TRUE,39.750,77377.998,FALSE,FALSE,FALSE,TRUE,FALSE,ECG samples:25
1289,-18529.0,TRUE,1272,2025-11-03T09:46:01.629573,1762143361.657000,47,49,47,1,1762143361.637000,48,-2,1.001,TRUE,1273,2025-11-03T09:46:02.629571,1762143361.834000,20,26,20,5,1762143361.677750,25,-25,1.002,TRUE,40.750,77418.748,FALSE,FALSE,FALSE,TRUE,FALSE,ECG samples:25
1290,-18528.0,TRUE,1273,2025-11-03T09:46:02.629571,1762143362.659000,47,48,47,0,1762143362.659000,48,-2,1.022,TRUE,1274,2025-11-03T09:46:03.629572,1762143362.836000,20,26,20,5,1762143362.679750,25,-25,1.002,TRUE,20.750,77439.498,FALSE,FALSE,FALSE,TRUE,FALSE,ECG samples:25
1291,-18527.0,TRUE,1274,2025-11-03T09:46:03.629572,1762143363.661000,48,50,48,1,1762143363.641000,49,-1,0.982,TRUE,1275,2025-11-03T09:46:04.629576,1762143363.837000,20,26,20,5,1762143363.680750,25,-25,1.001,TRUE,39.750,77479.248,FALSE,FALSE,FALSE,TRUE,FALSE,ECG samples:25
1292,-18526.0,TRUE,1275,2025-11-03T09:46:04.629576,1762143364.662000,48,50,48,1,1762143364.642000,48,-2,1.001,TRUE,1276,2025-11-03T09:46:05.629587,1762143364.838000,20,26,20,5,1762143364.681750,25,-25,1.001,TRUE,39.750,77518.998,FALSE,FALSE,FALSE,TRUE,FALSE,ECG samples:25
1293,-18525.0,TRUE,1276,2025-11-03T09:46:05.629587,1762143365.663000,47,49,47,1,1762143365.643000,49,-1,1.001,TRUE,1277,2025-11-03T09:46:06.629577,1762143365.839000,20,26,20,5,1762143365.682750,25,-25,1.001,TRUE,39.750,77558.748,FALSE,FALSE,FALSE,TRUE,FALSE,ECG samples:25
1294,-18524.0,TRUE,1277,2025-11-03T09:46:06.629577,1762143366.665000,48,49,48,0,1762143366.665000,47,-3,1.022,TRUE,1278,2025-11-03T09:46:07.629578,1762143366.841000,20,26,20,5,1762143366.684750,25,-25,1.002,TRUE,19.750,77578.498,FALSE,FALSE,FALSE,TRUE,FALSE,ECG samples:25
1295,-18523.0,TRUE,1278,2025-11-03T09:46:07.629578,1762143367.666000,47,49,47,1,1762143367.646000,48,-2,0.981,TRUE,1279,2025-11-03T09:46:08.629578,1762143367.842000,20,26,20,5,1762143367.685750,25,-25,1.001,TRUE,39.750,77618.248,FALSE,FALSE,FALSE,TRUE,FALSE,ECG samples:25
1296,-18522.0,TRUE,1279,2025-11-03T09:46:08.629578,1762143368.667000,47,49,47,1,1762143368.647000,47,-3,1.001,TRUE,1280,2025-11-03T09:46:09.629569,1762143368.843000,20,26,20,5,1762143368.686750,25,-25,1.001,TRUE,39.750,77657.998,FALSE,FALSE,FALSE,TRUE,FALSE,ECG samples:25
1297,-18521.0,TRUE,1280,2025-11-03T09:46:09.629569,1762143369.669000,46,48,46,1,1762143369.649000,49,-1,1.002,TRUE,1281,2025-11-03T09:46:10.629579,1762143369.844000,20,26,20,5,1762143369.687750,25,-25,1.001,TRUE,38.750,77696.748,FALSE,FALSE,FALSE,TRUE,FALSE,ECG samples:25
1298,-18520.0,TRUE,1281,2025-11-03T09:46:10.629579,1762143370.670000,48,50,48,1,1762143370.650000,48,-2,1.001,TRUE,1282,2025-11-03T09:46:11.629569,1762143370.846000,20,27,20,6,1762143370.658500,25,-25,0.971,TRUE,8.500,77705.248,FALSE,FALSE,FALSE,TRUE,FALSE,ECG samples:25
1299,-18519.0,TRUE,1282,2025-11-03T09:46:11.629569,1762143371.672000,47,49,47,1,1762143371.652000,48,-2,1.002,TRUE,1283,2025-11-03T09:46:12.629570,1762143371.847000,19,26,19,6,1762143371.659500,25,-25,1.001,TRUE,7.500,77712.748,FALSE,FALSE,FALSE,TRUE,FALSE,ECG samples:25
1300,-18518.0,TRUE,1283,2025-11-03T09:46:12.629570,1762143372.673000,47,49,47,1,1762143372.653000,48,-2,1.001,TRUE,1284,2025-11-03T09:46:13.629569,1762143372.848000,19,26,19,6,1762143372.660500,25,-25,1.001,TRUE,7.500,77720.248,FALSE,FALSE,FALSE,TRUE,FALSE,ECG samples:25
1301,-18517.0,TRUE,1284,2025-11-03T09:46:13.629569,1762143373.674000,47,50,47,2,1762143373.634000,48,-2,0.981,TRUE,1285,2025-11-03T09:46:14.629569,1762143373.850000,19,26,19,6,1762143373.662500,25,-25,1.002,TRUE,28.500,77748.747,FALSE,FALSE,FALSE,TRUE,FALSE,ECG samples:25
1302,-18516.0,TRUE,1285,2025-11-03T09:46:14.629569,1762143374.675000,46,48,46,1,1762143374.655000,48,-2,1.021,TRUE,1286,2025-11-03T09:46:15.629578,1762143374.851000,19,26,19,6,1762143374.663500,25,-25,1.001,TRUE,8.500,77757.247,FALSE,FALSE,FALSE,TRUE,FALSE,ECG samples:25
1303,-18515.0,TRUE,1286,2025-11-03T09:46:15.629578,1762143375.676000,47,49,47,1,1762143375.656000,48,-2,1.001,TRUE,1287,2025-11-03T09:46:16.629584,1762143375.852000,19,26,19,6,1762143375.664500,25,-25,1.001,TRUE,8.500,77765.747,FALSE,FALSE,FALSE,TRUE,FALSE,ECG samples:25
1304,-18514.0,TRUE,1287,2025-11-03T09:46:16.629584,1762143376.678000,47,49,47,1,1762143376.658000,49,-1,1.002,TRUE,1288,2025-11-03T09:46:17.629575,1762143376.854000,19,26,19,6,1762143376.666500,25,-25,1.002,TRUE,8.500,77774.247,FALSE,FALSE,FALSE,TRUE,FALSE,ECG samples:25
1305,-18513.0,TRUE,1288,2025-11-03T09:46:17.629575,1762143377.680000,48,50,48,1,1762143377.660000,47,-3,1.002,TRUE,1289,2025-11-03T09:46:18.629575,1762143377.855000,19,26,19,6,1762143377.667500,25,-25,1.001,TRUE,7.500,77781.747,FALSE,FALSE,FALSE,TRUE,FALSE,ECG samples:25
1306,-18512.0,TRUE,1289,2025-11-03T09:46:18.629575,1762143378.681000,46,49,46,2,1762143378.641000,48,-2,0.981,TRUE,1290,2025-11-03T09:46:19.629563,1762143378.857000,19,26,19,6,1762143378.669500,25,-25,1.002,TRUE,28.500,77810.247,FALSE,FALSE,FALSE,TRUE,FALSE,ECG samples:25
1307,-18511.0,TRUE,1290,2025-11-03T09:46:19.629563,1762143379.682000,46,49,46,2,1762143379.642000,49,-1,1.001,TRUE,1291,2025-11-03T09:46:20.629572,1762143379.858000,19,26,19,6,1762143379.670500,25,-25,1.001,TRUE,28.500,77838.748,FALSE,FALSE,FALSE,TRUE,FALSE,ECG samples:25
1308,-18510.0,TRUE,1291,2025-11-03T09:46:20.629572,1762143380.685000,47,50,47,2,1762143380.645000,48,-2,1.003,TRUE,1292,2025-11-03T09:46:21.629610,1762143380.860000,19,26,19,6,1762143380.672500,25,-25,1.002,TRUE,27.500,77866.247,FALSE,FALSE,FALSE,TRUE,FALSE,ECG samples:25
1309,-18509.0,TRUE,1292,2025-11-03T09:46:21.629610,1762143381.687000,46,49,46,2,1762143381.647000,47,-3,1.002,TRUE,1293,2025-11-03T09:46:22.629559,1762143381.862000,19,26,19,6,1762143381.674500,25,-25,1.002,TRUE,27.500,77893.747,FALSE,FALSE,FALSE,TRUE,FALSE,ECG samples:25
1310,-18508.0,TRUE,1293,2025-11-03T09:46:22.629559,1762143382.689000,45,48,45,2,1762143382.649000,48,-2,1.002,TRUE,1294,2025-11-03T09:46:23.629566,1762143382.864000,19,26,19,6,1762143382.676500,25,-25,1.002,TRUE,27.500,77921.247,FALSE,FALSE,FALSE,TRUE,FALSE,ECG samples:25
1311,-18507.0,TRUE,1294,2025-11-03T09:46:23.629566,1762143383.691000,46,49,46,2,1762143383.651000,46,-4,1.002,TRUE,1295,2025-11-03T09:46:24.629571,1762143383.866000,19,26,19,6,1762143383.678500,25,-25,1.002,TRUE,27.500,77948.747,FALSE,FALSE,FALSE,TRUE,FALSE,ECG samples:25
1312,-18506.0,TRUE,1295,2025-11-03T09:46:24.629571,1762143384.693000,44,47,44,2,1762143384.653000,49,-1,1.002,TRUE,1296,2025-11-03T09:46:25.629563,1762143384.868000,19,26,19,6,1762143384.680500,25,-25,1.002,TRUE,27.500,77976.247,FALSE,FALSE,FALSE,TRUE,FALSE,ECG samples:25
1313,-18505.0,TRUE,1296,2025-11-03T09:46:25.629563,1762143385.694000,47,50,47,2,1762143385.654000,49,-1,1.001,TRUE,1297,2025-11-03T09:46:26.629615,1762143385.869000,19,26,19,6,1762143385.681500,25,-25,1.001,TRUE,27.500,78003.747,FALSE,FALSE,FALSE,TRUE,FALSE,ECG samples:25
1314,-18504.0,TRUE,1297,2025-11-03T09:46:26.629615,1762143386.695000,47,50,47,2,1762143386.655000,48,-2,1.001,TRUE,1298,2025-11-03T09:46:27.629572,1762143386.871000,19,26,19,6,1762143386.683500,25,-25,1.002,TRUE,28.500,78032.247,FALSE,FALSE,FALSE,TRUE,FALSE,ECG samples:25
1315,-18503.0,TRUE,1298,2025-11-03T09:46:27.629572,1762143387.697000,46,49,46,2,1762143387.657000,48,-2,1.002,TRUE,1299,2025-11-03T09:46:28.629578,1762143387.872000,19,26,19,6,1762143387.684500,25,-25,1.001,TRUE,27.500,78059.747,FALSE,FALSE,FALSE,TRUE,FALSE,ECG samples:25
1316,-18502.0,TRUE,1299,2025-11-03T09:46:28.629578,1762143388.699000,46,49,46,2,1762143388.659000,48,-2,1.002,TRUE,1300,2025-11-03T09:46:29.629570,1762143388.874000,19,26,19,6,1762143388.686500,25,-25,1.002,TRUE,27.500,78087.247,FALSE,FALSE,FALSE,TRUE,FALSE,ECG samples:25
1317,-18501.0,TRUE,1300,2025-11-03T09:46:29.629570,1762143389.700000,46,49,46,2,1762143389.660000,48,-2,1.001,TRUE,1301,2025-11-03T09:46:30.629570,1762143389.874000,19,26,19,6,1762143389.686500,25,-25,1.000,TRUE,26.500,78113.747,FALSE,FALSE,FALSE,TRUE,FALSE,ECG samples:25
1318,-18500.0,TRUE,1301,2025-11-03T09:46:30.629570,1762143390.702000,46,50,46,3,1762143390.642000,47,-3,0.982,TRUE,1302,2025-11-03T09:46:31.629575,1762143390.876000,19,26,19,6,1762143390.688500,25,-25,1.002,TRUE,46.500,78160.247,FALSE,FALSE,FALSE,TRUE,FALSE,ECG samples:25
1319,-18499.0,TRUE,1302,2025-11-03T09:46:31.629575,1762143391.703000,44,48,44,3,1762143391.643000,49,-1,1.001,TRUE,1303,2025-11-03T09:46:32.629572,1762143391.877000,19,26,19,6,1762143391.689500,25,-25,1.001,TRUE,46.500,78206.747,FALSE,FALSE,FALSE,TRUE,FALSE,ECG samples:25
1320,-18498.0,TRUE,1303,2025-11-03T09:46:32.629572,1762143392.704000,46,50,46,3,1762143392.644000,49,-1,1.001,TRUE,1304,2025-11-03T09:46:33.629569,1762143392.879000,19,26,19,6,1762143392.691500,25,-25,1.002,TRUE,47.500,78254.247,FALSE,FALSE,FALSE,TRUE,FALSE,ECG samples:25
1321,-18497.0,TRUE,1304,2025-11-03T09:46:33.629569,1762143393.706000,46,49,46,2,1762143393.666000,47,-3,1.022,TRUE,1305,2025-11-03T09:46:34.629562,1762143393.880000,19,26,19,6,1762143393.692500,25,-25,1.001,TRUE,26.500,78280.747,FALSE,FALSE,FALSE,TRUE,FALSE,ECG samples:25
1322,-18496.0,TRUE,1305,2025-11-03T09:46:34.629562,1762143394.708000,45,49,45,3,1762143394.648000,48,-2,0.982,TRUE,1306,2025-11-03T09:46:35.629564,1762143394.882000,19,26,19,6,1762143394.694500,25,-25,1.002,TRUE,46.500,78327.247,FALSE,FALSE,FALSE,TRUE,FALSE,ECG samples:25
1323,-18495.0,TRUE,1306,2025-11-03T09:46:35.629564,1762143395.709000,45,49,45,3,1762143395.649000,48,-2,1.001,TRUE,1307,2025-11-03T09:46:36.629571,1762143395.883000,19,26,19,6,1762143395.695500,25,-25,1.001,TRUE,46.500,78373.747,FALSE,FALSE,FALSE,TRUE,FALSE,ECG samples:25
1324,-18494.0,TRUE,1307,2025-11-03T09:46:36.629571,1762143396.710000,45,49,45,3,1762143396.650000,49,-1,1.001,TRUE,1308,2025-11-03T09:46:37.629577,1762143396.885000,19,27,19,7,1762143396.666250,25,-25,0.971,TRUE,16.250,78389.997,FALSE,FALSE,FALSE,TRUE,FALSE,ECG samples:25
1325,-18493.0,TRUE,1308,2025-11-03T09:46:37.629577,1762143397.711000,46,49,46,2,1762143397.671000,47,-3,1.021,TRUE,1309,2025-11-03T09:46:38.629578,1762143397.886000,18,26,18,7,1762143397.667250,25,-25,1.001,TRUE,3.750,78393.747,FALSE,FALSE,FALSE,TRUE,FALSE,ECG samples:25
1326,-18492.0,TRUE,1309,2025-11-03T09:46:38.629578,1762143398.713000,45,49,45,3,1762143398.653000,49,-1,0.982,TRUE,1310,2025-11-03T09:46:39.629566,1762143398.887000,18,26,18,7,1762143398.668250,25,-25,1.001,TRUE,15.250,78408.997,FALSE,FALSE,FALSE,TRUE,FALSE,ECG samples:25
1327,-18491.0,TRUE,1310,2025-11-03T09:46:39.629566,1762143399.715000,46,50,46,3,1762143399.655000,48,-2,1.002,TRUE,1311,2025-11-03T09:46:40.629569,1762143399.888000,18,26,18,7,1762143399.669250,25,-25,1.001,TRUE,14.250,78423.247,FALSE,FALSE,FALSE,TRUE,FALSE,ECG samples:25
1328,-18490.0,TRUE,1311,2025-11-03T09:46:40.629569,1762143400.717000,45,48,45,2,1762143400.677000,47,-3,1.022,TRUE,1312,2025-11-03T09:46:41.629572,1762143400.890000,18,26,18,7,1762143400.671250,25,-25,1.002,TRUE,5.750,78428.997,FALSE,FALSE,FALSE,TRUE,FALSE,ECG samples:25
1329,-18489.0,TRUE,1312,2025-11-03T09:46:41.629572,1762143401.720000,45,49,45,3,1762143401.660000,48,-2,0.983,TRUE,1313,2025-11-03T09:46:42.629566,1762143401.891000,18,26,18,7,1762143401.672250,25,-25,1.001,TRUE,12.250,78441.247,FALSE,FALSE,FALSE,TRUE,FALSE,ECG samples:25
1330,-18488.0,TRUE,1313,2025-11-03T09:46:42.629566,1762143402.721000,45,49,45,3,1762143402.661000,47,-3,1.001,TRUE,1314,2025-11-03T09:46:43.629571,1762143402.892000,18,26,18,7,1762143402.673250,25,-25,1.001,TRUE,12.250,78453.497,FALSE,FALSE,FALSE,TRUE,FALSE,ECG samples:25
1331,-18487.0,TRUE,1314,2025-11-03T09:46:43.629571,1762143403.723000,44,48,44,3,1762143403.663000,47,-3,1.002,TRUE,1315,2025-11-03T09:46:44.629572,1762143403.893000,18,26,18,7,1762143403.674250,25,-25,1.001,TRUE,11.250,78464.746,FALSE,FALSE,FALSE,TRUE,FALSE,ECG samples:25
1332,-18486.0,TRUE,1315,2025-11-03T09:46:44.629572,1762143404.725000,44,49,44,4,1762143404.645000,49,-1,0.982,TRUE,1316,2025-11-03T09:46:45.629573,1762143404.895000,18,26,18,7,1762143404.676250,25,-25,1.002,TRUE,31.250,78495.996,FALSE,FALSE,FALSE,TRUE,FALSE,ECG samples:25
1333,-18485.0,TRUE,1316,2025-11-03T09:46:45.629573,1762143405.726000,45,49,45,3,1762143405.666000,48,-2,1.021,TRUE,1317,2025-11-03T09:46:46.629575,1762143405.896000,18,26,18,7,1762143405.677250,25,-25,1.001,TRUE,11.250,78507.246,FALSE,FALSE,FALSE,TRUE,FALSE,ECG samples:25
1334,-18484.0,TRUE,1317,2025-11-03T09:46:46.629575,1762143406.727000,45,49,45,3,1762143406.667000,47,-3,1.001,TRUE,1318,2025-11-03T09:46:47.629568,1762143406.898000,18,26,18,7,1762143406.679250,25,-25,1.002,TRUE,12.250,78519.496,FALSE,FALSE,FALSE,TRUE,FALSE,ECG samples:25
1335,-18483.0,TRUE,1318,2025-11-03T09:46:47.629568,1762143407.730000,44,49,44,4,1762143407.650000,48,-2,0.983,TRUE,1319,2025-11-03T09:46:48.629562,1762143407.899000,18,26,18,7,1762143407.680250,25,-25,1.001,TRUE,30.250,78549.746,FALSE,FALSE,FALSE,TRUE,FALSE,ECG samples:25
1336,-18481.9,TRUE,1320,2025-11-03T09:46:49.629578,1762143409.634000,1,49,1,47,1762143408.694000,48,-2,1.044,TRUE,1320,2025-11-03T09:46:49.629578,1762143408.802000,18,23,18,4,1762143408.677000,25,-25,0.997,TRUE,17.000,78566.746,FALSE,FALSE,FALSE,TRUE,FALSE,ECG samples:25
1337,-18480.9,TRUE,1321,2025-11-03T09:46:50.629574,1762143410.636000,1,49,1,47,1762143409.696000,48,-2,1.002,TRUE,1321,2025-11-03T09:46:50.629574,1762143409.804000,21,27,21,5,1762143409.647750,25,-25,0.971,TRUE,48.250,78614.996,FALSE,FALSE,FALSE,TRUE,FALSE,ECG samples:25
1338,-18479.9,TRUE,1322,2025-11-03T09:46:51.629575,1762143411.639000,1,49,1,47,1762143410.699000,48,-2,1.003,TRUE,1322,2025-11-03T09:46:51.629575,1762143410.806000,20,26,20,5,1762143410.649750,25,-25,1.002,TRUE,49.250,78664.246,FALSE,FALSE,FALSE,TRUE,FALSE,ECG samples:25
1339,-18478.9,TRUE,1323,2025-11-03T09:46:52.629736,1762143412.641000,1,49,1,47,1762143411.701000,48,-2,1.002,TRUE,1323,2025-11-03T09:46:52.629736,1762143411.809000,20,26,20,5,1762143411.652750,25,-25,1.003,TRUE,48.250,78712.496,FALSE,FALSE,FALSE,TRUE,FALSE,ECG samples:25
1340,-18477.9,TRUE,1324,2025-11-03T09:46:53.629568,1762143413.643000,1,50,1,48,1762143412.683000,97,+47,0.982,TRUE,1324,2025-11-03T09:46:53.629568,1762143412.811000,20,26,20,5,1762143412.654750,25,-25,1.002,TRUE,28.250,78740.746,FALSE,FALSE,TRUE,TRUE,FALSE,ICG samples:97;ECG samples:25
1341,-18477.0,FALSE,,,,,,,,,,,,TRUE,1325,2025-11-03T09:46:54.629578,1762143413.813000,20,26,20,5,1762143413.656750,25,-25,1.002,FALSE,,78740.746,TRUE,FALSE,FALSE,TRUE,FALSE,ICG missing;ECG samples:25
1342,-18475.9,TRUE,1326,2025-11-03T09:46:55.629585,1762143415.647000,1,49,1,47,1762143414.707000,48,-2,2.024,TRUE,1326,2025-11-03T09:46:55.629585,1762143414.815000,20,26,20,5,1762143414.658750,25,-25,1.002,TRUE,48.250,78788.996,FALSE,FALSE,FALSE,TRUE,TRUE,ECG samples:25;ICG interval:2.024s;ECG interval:1.002s
1343,-18475.0,TRUE,1327,2025-11-03T09:46:56.629567,1762143416.648000,1,51,1,49,1762143415.668000,48,-2,0.961,TRUE,1327,2025-11-03T09:46:56.629567,1762143415.817000,20,26,20,5,1762143415.660750,25,-25,1.002,TRUE,7.250,78796.246,FALSE,FALSE,FALSE,TRUE,FALSE,ECG samples:25
1344,-18474.0,TRUE,1327,2025-11-03T09:46:56.629567,1762143416.648000,50,51,50,0,1762143416.648000,49,-1,0.980,TRUE,1328,2025-11-03T09:46:57.629583,1762143416.819000,20,26,20,5,1762143416.662750,25,-25,1.002,TRUE,14.750,78810.996,FALSE,FALSE,FALSE,TRUE,FALSE,ECG samples:25
1345,-18472.9,TRUE,1329,2025-11-03T09:46:58.629568,1762143418.652000,1,50,1,48,1762143417.692000,49,-1,1.044,TRUE,1329,2025-11-03T09:46:58.629568,1762143417.821000,20,26,20,5,1762143417.664750,25,-25,1.002,TRUE,27.250,78838.245,FALSE,FALSE,FALSE,TRUE,FALSE,ECG samples:25
1346,-18472.0,TRUE,1330,2025-11-03T09:46:59.629569,1762143419.654000,1,51,1,49,1762143418.674000,48,-2,0.982,TRUE,1330,2025-11-03T09:46:59.629569,1762143418.822000,20,26,20,5,1762143418.665750,25,-25,1.001,TRUE,8.250,78846.495,FALSE,FALSE,FALSE,TRUE,FALSE,ECG samples:25
1347,-18471.0,TRUE,1330,2025-11-03T09:46:59.629569,1762143419.654000,50,51,50,0,1762143419.654000,48,-2,0.980,TRUE,1331,2025-11-03T09:47:00.629572,1762143419.823000,20,26,20,5,1762143419.666750,25,-25,1.001,TRUE,12.750,78859.245,FALSE,FALSE,FALSE,TRUE,FALSE,ECG samples:25
1348,-18470.0,TRUE,1331,2025-11-03T09:47:00.629572,1762143420.655000,48,49,48,0,1762143420.655000,48,-2,1.001,TRUE,1332,2025-11-03T09:47:01.629576,1762143420.825000,20,26,20,5,1762143420.668750,25,-25,1.002,TRUE,13.750,78872.995,FALSE,FALSE,FALSE,TRUE,FALSE,ECG samples:25
1349,-18469.0,TRUE,1332,2025-11-03T09:47:01.629576,1762143421.657000,48,49,48,0,1762143421.657000,47,-3,1.002,TRUE,1333,2025-11-03T09:47:02.629568,1762143421.826000,20,26,20,5,1762143421.669750,25,-25,1.001,TRUE,12.750,78885.745,FALSE,FALSE,FALSE,TRUE,FALSE,ECG samples:25
1350,-18468.0,TRUE,1333,2025-11-03T09:47:02.629568,1762143422.660000,47,48,47,0,1762143422.660000,49,-1,1.003,TRUE,1334,2025-11-03T09:47:03.629571,1762143422.828000,20,26,20,5,1762143422.671750,25,-25,1.002,TRUE,11.750,78897.495,FALSE,FALSE,FALSE,TRUE,FALSE,ECG samples:25
1351,-18467.0,TRUE,1334,2025-11-03T09:47:03.629571,1762143423.662000,49,50,49,0,1762143423.662000,48,-2,1.002,TRUE,1335,2025-11-03T09:47:04.629568,1762143423.829000,20,26,20,5,1762143423.672750,25,-25,1.001,TRUE,10.750,78908.245,FALSE,FALSE,FALSE,TRUE,FALSE,ECG samples:25
1352,-18466.0,TRUE,1335,2025-11-03T09:47:04.629568,1762143424.663000,48,49,48,0,1762143424.663000,48,-2,1.001,TRUE,1336,2025-11-03T09:47:05.629568,1762143424.830000,20,26,20,5,1762143424.673750,25,-25,1.001,TRUE,10.750,78918.995,FALSE,FALSE,FALSE,TRUE,FALSE,ECG samples:25
1353,-18465.0,TRUE,1336,2025-11-03T09:47:05.629568,1762143425.664000,48,49,48,0,1762143425.664000,48,-2,1.001,TRUE,1337,2025-11-03T09:47:06.629570,1762143425.831000,20,26,20,5,1762143425.674750,25,-25,1.001,TRUE,10.750,78929.745,FALSE,FALSE,FALSE,TRUE,FALSE,ECG samples:25
1354,-18464.0,TRUE,1337,2025-11-03T09:47:06.629570,1762143426.665000,48,49,48,0,1762143426.665000,48,-2,1.001,TRUE,1338,2025-11-03T09:47:07.629579,1762143426.833000,20,26,20,5,1762143426.676750,25,-25,1.002,TRUE,11.750,78941.495,FALSE,FALSE,FALSE,TRUE,FALSE,ECG samples:25
1355,-18463.0,TRUE,1338,2025-11-03T09:47:07.629579,1762143427.667000,48,49,48,0,1762143427.667000,48,-2,1.002,TRUE,1339,2025-11-03T09:47:08.629576,1762143427.834000,20,26,20,5,1762143427.677750,26,-24,1.001,TRUE,10.750,78952.245,FALSE,FALSE,FALSE,TRUE,FALSE,ECG samples:26
1356,-18462.0,TRUE,1339,2025-11-03T09:47:08.629576,1762143428.668000,48,49,48,0,1762143428.668000,46,-4,1.001,TRUE,1340,2025-11-03T09:47:09.629569,1762143428.835000,21,26,21,4,1762143428.710000,25,-25,1.032,TRUE,42.000,78994.245,FALSE,FALSE,FALSE,TRUE,FALSE,ECG samples:25
1357,-18461.0,TRUE,1340,2025-11-03T09:47:09.629569,1762143429.669000,46,48,46,1,1762143429.649000,48,-2,0.981,TRUE,1341,2025-11-03T09:47:10.629571,1762143429.837000,21,26,21,4,1762143429.712000,25,-25,1.002,TRUE,63.000,79057.245,FALSE,FALSE,FALSE,TRUE,FALSE,ECG samples:25
1358,-18460.0,TRUE,1341,2025-11-03T09:47:10.629571,1762143430.670000,47,48,47,0,1762143430.670000,49,-1,1.021,TRUE,1342,2025-11-03T09:47:11.629570,1762143430.838000,21,26,21,4,1762143430.713000,25,-25,1.001,TRUE,43.000,79100.245,FALSE,FALSE,FALSE,TRUE,FALSE,ECG samples:25
1359,-18459.0,TRUE,1342,2025-11-03T09:47:11.629570,1762143431.672000,49,51,49,1,1762143431.652000,49,-1,0.982,TRUE,1343,2025-11-03T09:47:12.629564,1762143431.840000,21,26,21,4,1762143431.715000,25,-25,1.002,TRUE,63.000,79163.245,FALSE,FALSE,FALSE,TRUE,FALSE,ECG samples:25
1360,-18458.0,TRUE,1343,2025-11-03T09:47:12.629564,1762143432.673000,48,49,48,0,1762143432.673000,47,-3,1.021,TRUE,1344,2025-11-03T09:47:13.629571,1762143432.842000,21,26,21,4,1762143432.717000,25,-25,1.002,TRUE,44.000,79207.245,FALSE,FALSE,FALSE,TRUE,FALSE,ECG samples:25
1361,-18457.0,TRUE,1344,2025-11-03T09:47:13.629571,1762143433.674000,47,48,47,0,1762143433.674000,48,-2,1.001,TRUE,1345,2025-11-03T09:47:14.629573,1762143433.843000,21,27,21,5,1762143433.686750,25,-25,0.970,TRUE,12.750,79219.995,FALSE,FALSE,FALSE,TRUE,FALSE,ECG samples:25
1362,-18456.0,TRUE,1345,2025-11-03T09:47:14.629573,1762143434.676000,48,49,48,0,1762143434.676000,48,-2,1.002,TRUE,1346,2025-11-03T09:47:15.629569,1762143434.845000,20,26,20,5,1762143434.688750,25,-25,1.002,TRUE,12.750,79232.745,FALSE,FALSE,FALSE,TRUE,FALSE,ECG samples:25
1363,-18455.0,TRUE,1346,2025-11-03T09:47:15.629569,1762143435.677000,48,49,48,0,1762143435.677000,47,-3,1.001,TRUE,1347,2025-11-03T09:47:16.629572,1762143435.847000,20,26,20,5,1762143435.690750,25,-25,1.002,TRUE,13.750,79246.495,FALSE,FALSE,FALSE,TRUE,FALSE,ECG samples:25
1364,-18454.0,TRUE,1347,2025-11-03T09:47:16.629572,1762143436.679000,47,49,47,1,1762143436.659000,47,-3,0.982,TRUE,1348,2025-11-03T09:47:17.629567,1762143436.848000,20,26,20,5,1762143436.691750,25,-25,1.001,TRUE,32.750,79279.245,FALSE,FALSE,FALSE,TRUE,FALSE,ECG samples:25
1365,-18453.0,TRUE,1348,2025-11-03T09:47:17.629567,1762143437.680000,46,48,46,1,1762143437.660000,49,-1,1.001,TRUE,1349,2025-11-03T09:47:18.629565,1762143437.850000,20,26,20,5,1762143437.693750,25,-25,1.002,TRUE,33.750,79312.995,FALSE,FALSE,FALSE,TRUE,FALSE,ECG samples:25
1366,-18451.9,TRUE,1349,2025-11-03T09:47:18.629565,1762143438.682000,48,49,48,0,1762143438.682000,48,-2,1.022,TRUE,1350,2025-11-03T09:47:19.629579,1762143438.851000,20,26,20,5,1762143438.694750,25,-25,1.001,TRUE,12.750,79325.745,FALSE,FALSE,FALSE,TRUE,FALSE,ECG samples:25
1367,-18451.0,TRUE,1350,2025-11-03T09:47:19.629579,1762143439.685000,48,50,48,1,1762143439.665000,48,-2,0.983,TRUE,1351,2025-11-03T09:47:20.629570,1762143439.853000,20,26,20,5,1762143439.696750,25,-25,1.002,TRUE,31.750,79357.495,FALSE,FALSE,FALSE,TRUE,FALSE,ECG samples:25
1368,-18450.0,TRUE,1351,2025-11-03T09:47:20.629570,1762143440.687000,47,49,47,1,1762143440.667000,49,-1,1.002,TRUE,1352,2025-11-03T09:47:21.629570,1762143440.854000,20,26,20,5,1762143440.697750,25,-25,1.001,TRUE,30.750,79388.245,FALSE,FALSE,FALSE,TRUE,FALSE,ECG samples:25
1369,-18449.0,TRUE,1352,2025-11-03T09:47:21.629570,1762143441.689000,48,50,48,1,1762143441.669000,48,-2,1.002,TRUE,1353,2025-11-03T09:47:22.629571,1762143441.855000,20,26,20,5,1762143441.698750,25,-25,1.001,TRUE,29.750,79417.995,FALSE,FALSE,FALSE,TRUE,FALSE,ECG samples:25
1370,-18448.0,TRUE,1353,2025-11-03T09:47:22.629571,1762143442.691000,47,49,47,1,1762143442.671000,47,-3,1.002,TRUE,1354,2025-11-03T09:47:23.629574,1762143442.857000,20,26,20,5,1762143442.700750,25,-25,1.002,TRUE,29.750,79447.745,FALSE,FALSE,FALSE,TRUE,FALSE,ECG samples:25
1371,-18447.0,TRUE,1354,2025-11-03T09:47:23.629574,1762143443.692000,46,48,46,1,1762143443.672000,48,-2,1.001,TRUE,1355,2025-11-03T09:47:24.629567,1762143443.858000,20,26,20,5,1762143443.701750,25,-25,1.001,TRUE,29.750,79477.495,FALSE,FALSE,FALSE,TRUE,FALSE,ECG samples:25
1372,-18446.0,TRUE,1355,2025-11-03T09:47:24.629567,1762143444.693000,47,49,47,1,1762143444.673000,46,-4,1.001,TRUE,1356,2025-11-03T09:47:25.629569,1762143444.859000,20,26,20,5,1762143444.702750,25,-25,1.001,TRUE,29.750,79507.245,FALSE,FALSE,FALSE,TRUE,FALSE,ECG samples:25
1373,-18445.0,TRUE,1356,2025-11-03T09:47:25.629569,1762143445.695000,45,47,45,1,1762143445.675000,48,-2,1.002,TRUE,1357,2025-11-03T09:47:26.629565,1762143445.861000,20,26,20,5,1762143445.704750,25,-25,1.002,TRUE,29.750,79536.995,FALSE,FALSE,FALSE,TRUE,FALSE,ECG samples:25
1374,-18444.0,TRUE,1357,2025-11-03T09:47:26.629565,1762143446.696000,47,49,47,1,1762143446.676000,48,-2,1.001,TRUE,1358,2025-11-03T09:47:27.629572,1762143446.862000,20,26,20,5,1762143446.705750,25,-25,1.001,TRUE,29.750,79566.745,FALSE,FALSE,FALSE,TRUE,FALSE,ECG samples:25
1375,-18443.0,TRUE,1358,2025-11-03T09:47:27.629572,1762143447.698000,47,50,47,2,1762143447.658000,48,-2,0.982,TRUE,1359,2025-11-03T09:47:28.629568,1762143447.863000,20,26,20,5,1762143447.706750,25,-25,1.001,TRUE,48.750,79615.495,FALSE,FALSE,FALSE,TRUE,FALSE,ECG samples:25
1376,-18442.0,TRUE,1359,2025-11-03T09:47:28.629568,1762143448.699000,46,48,46,1,1762143448.679000,47,-3,1.021,TRUE,1360,2025-11-03T09:47:29.629672,1762143448.865000,20,26,20,5,1762143448.708750,25,-25,1.002,TRUE,29.750,79645.245,FALSE,FALSE,FALSE,TRUE,FALSE,ECG samples:25
1377,-18440.9,TRUE,1360,2025-11-03T09:47:29.629672,1762143449.700000,46,48,46,1,1762143449.680000,48,-2,1.001,TRUE,1361,2025-11-03T09:47:30.629573,1762143449.866000,20,26,20,5,1762143449.709750,25,-25,1.001,TRUE,29.750,79674.995,FALSE,FALSE,FALSE,TRUE,FALSE,ECG samples:25
1378,-18439.9,TRUE,1361,2025-11-03T09:47:30.629573,1762143450.702000,47,49,47,1,1762143450.682000,48,-2,1.002,TRUE,1362,2025-11-03T09:47:31.629574,1762143450.867000,20,26,20,5,1762143450.710750,25,-25,1.001,TRUE,28.750,79703.745,FALSE,FALSE,FALSE,TRUE,FALSE,ECG samples:25
1379,-18438.9,TRUE,1362,2025-11-03T09:47:31.629574,1762143451.703000,47,49,47,1,1762143451.683000,47,-3,1.001,TRUE,1363,2025-11-03T09:47:32.629625,1762143451.869000,20,26,20,5,1762143451.712750,25,-25,1.002,TRUE,29.750,79733.495,FALSE,FALSE,FALSE,TRUE,FALSE,ECG samples:25
1380,-18438.0,TRUE,1363,2025-11-03T09:47:32.629625,1762143452.705000,46,49,46,2,1762143452.665000,49,-1,0.982,TRUE,1364,2025-11-03T09:47:33.629565,1762143452.870000,20,26,20,5,1762143452.713750,25,-25,1.001,TRUE,48.750,79782.245,FALSE,FALSE,FALSE,TRUE,FALSE,ECG samples:25
1381,-18436.9,TRUE,1364,2025-11-03T09:47:33.629565,1762143453.707000,47,49,47,1,1762143453.687000,48,-2,1.022,TRUE,1365,2025-11-03T09:47:34.629568,1762143453.872000,20,26,20,5,1762143453.715750,25,-25,1.002,TRUE,28.750,79810.995,FALSE,FALSE,FALSE,TRUE,FALSE,ECG samples:25
1382,-18435.9,TRUE,1365,2025-11-03T09:47:34.629568,1762143454.708000,47,49,47,1,1762143454.688000,47,-3,1.001,TRUE,1366,2025-11-03T09:47:35.629569,1762143454.873000,20,26,20,5,1762143454.716750,25,-25,1.001,TRUE,28.750,79839.745,FALSE,FALSE,FALSE,TRUE,FALSE,ECG samples:25
1383,-18435.0,TRUE,1366,2025-11-03T09:47:35.629569,1762143455.710000,46,49,46,2,1762143455.670000,49,-1,0.982,TRUE,1367,2025-11-03T09:47:36.629671,1762143455.874000,20,26,20,5,1762143455.717750,25,-25,1.001,TRUE,47.750,79887.495,FALSE,FALSE,FALSE,TRUE,FALSE,ECG samples:25
1384,-18434.0,TRUE,1367,2025-11-03T09:47:36.629671,1762143456.711000,47,50,47,2,1762143456.671000,48,-2,1.001,TRUE,1368,2025-11-03T09:47:37.629615,1762143456.876000,20,26,20,5,1762143456.719750,25,-25,1.002,TRUE,48.750,79936.245,FALSE,FALSE,FALSE,TRUE,FALSE,ECG samples:25
1385,-18433.0,TRUE,1368,2025-11-03T09:47:37.629615,1762143457.713000,46,49,46,2,1762143457.673000,49,-1,1.002,TRUE,1369,2025-11-03T09:47:38.629571,1762143457.877000,20,26,20,5,1762143457.720750,25,-25,1.001,TRUE,47.750,79983.995,FALSE,FALSE,FALSE,TRUE,FALSE,ECG samples:25
1386,-18432.0,TRUE,1369,2025-11-03T09:47:38.629571,1762143458.716000,47,50,47,2,1762143458.676000,48,-2,1.003,TRUE,1370,2025-11-03T09:47:39.629569,1762143458.878000,20,26,20,5,1762143458.721750,25,-25,1.001,TRUE,45.750,80029.745,FALSE,FALSE,FALSE,TRUE,FALSE,ECG samples:25
1387,-18431.0,TRUE,1370,2025-11-03T09:47:39.629569,1762143459.717000,46,49,46,2,1762143459.677000,48,-2,1.001,TRUE,1371,2025-11-03T09:47:40.629574,1762143459.879000,20,26,20,5,1762143459.722750,25,-25,1.001,TRUE,45.750,80075.495,FALSE,FALSE,FALSE,TRUE,FALSE,ECG samples:25
1388,-18430.0,TRUE,1371,2025-11-03T09:47:40.629574,1762143460.718000,46,50,46,3,1762143460.658000,48,-2,0.981,TRUE,1372,2025-11-03T09:47:41.629576,1762143460.881000,20,26,20,5,1762143460.724750,25,-25,1.002,TRUE,66.750,80142.245,FALSE,FALSE,FALSE,TRUE,FALSE,ECG samples:25
1389,-18429.0,TRUE,1372,2025-11-03T09:47:41.629576,1762143461.720000,45,49,45,3,1762143461.660000,49,-1,1.002,TRUE,1373,2025-11-03T09:47:42.629573,1762143461.882000,20,27,20,6,1762143461.694500,25,-25,0.970,TRUE,34.500,80176.744,FALSE,FALSE,FALSE,TRUE,FALSE,ECG samples:25
1390,-18427.9,TRUE,1373,2025-11-03T09:47:42.629573,1762143462.721000,46,49,46,2,1762143462.681000,48,-2,1.021,TRUE,1374,2025-11-03T09:47:43.629573,1762143462.884000,19,26,19,6,1762143462.696500,25,-25,1.002,TRUE,15.500,80192.245,FALSE,FALSE,FALSE,TRUE,FALSE,ECG samples:25
1391,-18426.9,TRUE,1374,2025-11-03T09:47:43.629573,1762143463.723000,46,49,46,2,1762143463.683000,47,-3,1.002,TRUE,1375,2025-11-03T09:47:44.629573,1762143463.885000,19,26,19,6,1762143463.697500,25,-25,1.001,TRUE,14.500,80206.744,FALSE,FALSE,FALSE,TRUE,FALSE,ECG samples:25
1392,-18425.9,TRUE,1375,2025-11-03T09:47:44.629573,1762143464.724000,45,48,45,2,1762143464.684000,49,-1,1.001,TRUE,1376,2025-11-03T09:47:45.629586,1762143464.886000,19,26,19,6,1762143464.698500,25,-25,1.001,TRUE,14.500,80221.244,FALSE,FALSE,FALSE,TRUE,FALSE,ECG samples:25
1393,-18424.9,TRUE,1376,2025-11-03T09:47:45.629586,1762143465.726000,47,50,47,2,1762143465.686000,48,-2,1.002,TRUE,1377,2025-11-03T09:47:46.629576,1762143465.887000,19,26,19,6,1762143465.699500,25,-25,1.001,TRUE,13.500,80234.744,FALSE,FALSE,FALSE,TRUE,FALSE,ECG samples:25
1394,-18423.9,TRUE,1377,2025-11-03T09:47:46.629576,1762143466.727000,46,49,46,2,1762143466.687000,48,-2,1.001,TRUE,1378,2025-11-03T09:47:47.629577,1762143466.888000,19,26,19,6,1762143466.700500,25,-25,1.001,TRUE,13.500,80248.244,FALSE,FALSE,FALSE,TRUE,FALSE,ECG samples:25
1395,-18422.9,TRUE,1378,2025-11-03T09:47:47.629577,1762143467.729000,46,49,46,2,1762143467.689000,48,-2,1.002,TRUE,1379,2025-11-03T09:47:48.629577,1762143467.890000,19,26,19,6,1762143467.702500,25,-25,1.002,TRUE,13.500,80261.744,FALSE,FALSE,FALSE,TRUE,FALSE,ECG samples:25
1396,-18421.9,TRUE,1380,2025-11-03T09:47:49.629580,1762143469.632000,3,49,3,45,1762143468.732000,48,-2,1.043,TRUE,1380,2025-11-03T09:47:49.629580,1762143468.791000,19,23,19,3,1762143468.697250,25,-25,0.995,TRUE,34.750,80296.494,FALSE,FALSE,FALSE,TRUE,FALSE,ECG samples:25
1397,-18420.9,TRUE,1381,2025-11-03T09:47:50.629576,1762143470.633000,3,50,3,46,1762143469.713000,48,-2,0.981,TRUE,1381,2025-11-03T09:47:50.629576,1762143469.794000,22,26,22,3,1762143469.700250,25,-25,1.003,TRUE,12.750,80309.244,FALSE,FALSE,FALSE,TRUE,FALSE,ECG samples:25
1398,-18419.9,TRUE,1382,2025-11-03T09:47:51.629572,1762143471.635000,2,49,2,46,1762143470.715000,48,-2,1.002,TRUE,1382,2025-11-03T09:47:51.629572,1762143470.795000,22,26,22,3,1762143470.701250,25,-25,1.001,TRUE,13.750,80322.994,FALSE,FALSE,FALSE,TRUE,FALSE,ECG samples:25
1399,-18418.9,TRUE,1383,2025-11-03T09:47:52.629570,1762143472.636000,2,50,2,47,1762143471.696000,49,-1,0.981,TRUE,1383,2025-11-03T09:47:52.629570,1762143471.797000,22,26,22,3,1762143471.703250,25,-25,1.002,TRUE,7.250,80330.244,FALSE,FALSE,FALSE,TRUE,FALSE,ECG samples:25
1400,-18417.9,TRUE,1384,2025-11-03T09:47:53.629572,1762143473.638000,2,50,2,47,1762143472.698000,49,-1,1.002,TRUE,1384,2025-11-03T09:47:53.629572,1762143472.798000,22,26,22,3,1762143472.704250,25,-25,1.001,TRUE,6.250,80336.494,FALSE,FALSE,FALSE,TRUE,FALSE,ECG samples:25
1401,-18416.9,TRUE,1385,2025-11-03T09:47:54.629574,1762143474.639000,2,49,2,46,1762143473.719000,48,-2,1.021,TRUE,1385,2025-11-03T09:47:54.629574,1762143473.799000,22,26,22,3,1762143473.705250,25,-25,1.001,TRUE,13.750,80350.244,FALSE,FALSE,FALSE,TRUE,FALSE,ECG samples:25
1402,-18415.9,TRUE,1386,2025-11-03T09:47:55.629576,1762143475.641000,2,49,2,46,1762143474.721000,48,-2,1.002,TRUE,1386,2025-11-03T09:47:55.629576,1762143474.800000,22,26,22,3,1762143474.706250,25,-25,1.001,TRUE,14.750,80364.994,FALSE,FALSE,FALSE,TRUE,FALSE,ECG samples:25
1403,-18414.9,TRUE,1387,2025-11-03T09:47:56.629573,1762143476.642000,2,50,2,47,1762143475.702000,48,-2,0.981,TRUE,1387,2025-11-03T09:47:56.629573,1762143475.802000,22,27,22,4,1762143475.677000,25,-25,0.971,TRUE,25.000,80389.994,FALSE,FALSE,FALSE,TRUE,FALSE,ECG samples:25
1404,-18413.9,TRUE,1388,2025-11-03T09:47:57.629573,1762143477.645000,1,49,1,47,1762143476.705000,49,-1,1.003,TRUE,1388,2025-11-03T09:47:57.629573,1762143476.804000,21,26,21,4,1762143476.679000,25,-25,1.002,TRUE,26.000,80415.994,FALSE,FALSE,FALSE,TRUE,FALSE,ECG samples:25
1405,-18412.9,TRUE,1389,2025-11-03T09:47:58.629572,1762143478.646000,2,49,2,46,1762143477.726000,48,-2,1.021,TRUE,1389,2025-11-03T09:47:58.629572,1762143477.805000,21,26,21,4,1762143477.680000,25,-25,1.001,TRUE,46.000,80461.994,FALSE,FALSE,FALSE,TRUE,FALSE,ECG samples:25
1406,-18411.9,TRUE,1390,2025-11-03T09:47:59.629570,1762143479.647000,2,50,2,47,1762143478.707000,49,-1,0.981,TRUE,1390,2025-11-03T09:47:59.629570,1762143478.806000,21,26,21,4,1762143478.681000,25,-25,1.001,TRUE,26.000,80487.994,FALSE,FALSE,FALSE,TRUE,FALSE,ECG samples:25
1407,-18410.9,TRUE,1391,2025-11-03T09:48:00.629577,1762143480.648000,2,50,2,47,1762143479.708000,48,-2,1.001,TRUE,1391,2025-11-03T09:48:00.629577,1762143479.807000,21,26,21,4,1762143479.682000,25,-25,1.001,TRUE,26.000,80513.994,FALSE,FALSE,FALSE,TRUE,FALSE,ECG samples:25
1408,-18409.9,TRUE,1392,2025-11-03T09:48:01.629576,1762143481.651000,1,49,1,47,1762143480.711000,48,-2,1.003,TRUE,1392,2025-11-03T09:48:01.629576,1762143480.809000,21,26,21,4,1762143480.684000,25,-25,1.002,TRUE,27.000,80540.994,FALSE,FALSE,FALSE,TRUE,FALSE,ECG samples:25
1409,-18408.9,TRUE,1393,2025-11-03T09:48:02.629571,1762143482.652000,1,48,1,46,1762143481.732000,48,-2,1.021,TRUE,1393,2025-11-03T09:48:02.629571,1762143481.811000,21,26,21,4,1762143481.686000,25,-25,1.002,TRUE,46.000,80586.993,FALSE,FALSE,FALSE,TRUE,FALSE,ECG samples:25
1410,-18407.9,TRUE,1394,2025-11-03T09:48:03.629571,1762143483.654000,2,50,2,47,1762143482.714000,48,-2,0.982,TRUE,1394,2025-11-03T09:48:03.629571,1762143482.812000,21,26,21,4,1762143482.687000,25,-25,1.001,TRUE,27.000,80613.993,FALSE,FALSE,FALSE,TRUE,FALSE,ECG samples:25
1411,-18406.9,TRUE,1395,2025-11-03T09:48:04.629568,1762143484.655000,1,50,1,48,1762143483.695000,49,-1,0.981,TRUE,1395,2025-11-03T09:48:04.629568,1762143483.814000,21,26,21,4,1762143483.689000,25,-25,1.002,TRUE,6.000,80619.993,FALSE,FALSE,FALSE,TRUE,FALSE,ECG samples:25
1412,-18405.9,TRUE,1396,2025-11-03T09:48:05.629573,1762143485.656000,1,48,1,46,1762143484.736000,48,-2,1.041,TRUE,1396,2025-11-03T09:48:05.629573,1762143484.814000,21,26,21,4,1762143484.689000,25,-25,1.000,TRUE,47.000,80666.993,FALSE,FALSE,FALSE,TRUE,FALSE,ECG samples:25
1413,-18404.9,TRUE,1397,2025-11-03T09:48:06.629572,1762143486.658000,2,49,2,46,1762143485.738000,47,-3,1.002,TRUE,1397,2025-11-03T09:48:06.629572,1762143485.816000,21,26,21,4,1762143485.691000,25,-25,1.002,TRUE,47.000,80713.993,FALSE,FALSE,FALSE,TRUE,FALSE,ECG samples:25
1414,-18403.9,TRUE,1398,2025-11-03T09:48:07.629563,1762143487.661000,1,49,1,47,1762143486.721000,48,-2,0.983,TRUE,1398,2025-11-03T09:48:07.629563,1762143486.817000,21,26,21,4,1762143486.692000,25,-25,1.001,TRUE,29.000,80742.993,FALSE,FALSE,FALSE,TRUE,FALSE,ECG samples:25
1415,-18402.9,TRUE,1399,2025-11-03T09:48:08.629567,1762143488.662000,1,50,1,48,1762143487.702000,49,-1,0.981,TRUE,1399,2025-11-03T09:48:08.629567,1762143487.819000,21,26,21,4,1762143487.694000,25,-25,1.002,TRUE,8.000,80750.993,FALSE,FALSE,FALSE,TRUE,FALSE,ECG samples:25
1416,-18401.9,TRUE,1400,2025-11-03T09:48:09.629561,1762143489.663000,1,49,1,47,1762143488.723000,96,+46,1.021,TRUE,1400,2025-11-03T09:48:09.629561,1762143488.821000,21,26,21,4,1762143488.696000,25,-25,1.002,TRUE,27.000,80777.993,FALSE,FALSE,TRUE,TRUE,FALSE,ICG samples:96;ECG samples:25
1417,-18400.9,FALSE,,,,,,,,,,,,TRUE,1401,2025-11-03T09:48:10.629569,1762143489.822000,21,26,21,4,1762143489.697000,25,-25,1.001,FALSE,,80777.993,TRUE,FALSE,FALSE,TRUE,FALSE,ICG missing;ECG samples:25
1418,-18399.9,TRUE,1402,2025-11-03T09:48:11.629566,1762143491.667000,1,49,1,47,1762143490.727000,48,-2,2.004,TRUE,1402,2025-11-03T09:48:11.629566,1762143490.825000,21,26,21,4,1762143490.700000,25,-25,1.003,TRUE,27.000,80804.993,FALSE,FALSE,FALSE,TRUE,TRUE,ECG samples:25;ICG interval:2.004s;ECG interval:1.003s
1419,-18398.9,TRUE,1403,2025-11-03T09:48:12.629568,1762143492.669000,1,50,1,48,1762143491.709000,49,-1,0.982,TRUE,1403,2025-11-03T09:48:12.629568,1762143491.827000,21,26,21,4,1762143491.702000,25,-25,1.002,TRUE,7.000,80811.993,FALSE,FALSE,FALSE,TRUE,FALSE,ECG samples:25
1420,-18397.9,TRUE,1404,2025-11-03T09:48:13.629571,1762143493.670000,1,50,1,48,1762143492.710000,49,-1,1.001,TRUE,1404,2025-11-03T09:48:13.629571,1762143492.828000,21,26,21,4,1762143492.703000,25,-25,1.001,TRUE,7.000,80818.993,FALSE,FALSE,FALSE,TRUE,FALSE,ECG samples:25
1421,-18396.9,TRUE,1405,2025-11-03T09:48:14.629567,1762143494.672000,1,48,1,46,1762143493.752000,47,-3,1.042,TRUE,1405,2025-11-03T09:48:14.629567,1762143493.830000,21,26,21,4,1762143493.705000,25,-25,1.002,TRUE,47.000,80865.993,FALSE,FALSE,FALSE,TRUE,FALSE,ECG samples:25
1422,-18395.9,TRUE,1406,2025-11-03T09:48:15.629567,1762143495.674000,1,50,1,48,1762143494.714000,97,+47,0.962,TRUE,1406,2025-11-03T09:48:15.629567,1762143494.831000,21,26,21,4,1762143494.706000,25,-25,1.001,TRUE,8.000,80873.993,FALSE,FALSE,TRUE,TRUE,FALSE,ICG samples:97;ECG samples:25
1423,-18394.9,FALSE,,,,,,,,,,,,TRUE,1407,2025-11-03T09:48:16.629570,1762143495.832000,21,26,21,4,1762143495.707000,25,-25,1.001,FALSE,,80873.993,TRUE,FALSE,FALSE,TRUE,FALSE,ICG missing;ECG samples:25
1424,-18394.0,TRUE,1407,2025-11-03T09:48:16.629570,1762143496.675000,49,50,49,0,1762143496.675000,49,-1,1.961,TRUE,1408,2025-11-03T09:48:17.629570,1762143496.834000,21,26,21,4,1762143496.709000,25,-25,1.002,TRUE,34.000,80907.993,FALSE,FALSE,FALSE,TRUE,TRUE,ECG samples:25;ICG interval:1.961s;ECG interval:1.002s
1425,-18392.9,TRUE,1409,2025-11-03T09:48:18.629572,1762143498.678000,1,49,1,47,1762143497.738000,48,-2,1.063,TRUE,1409,2025-11-03T09:48:18.629572,1762143497.835000,21,26,21,4,1762143497.710000,25,-25,1.001,TRUE,28.000,80935.993,FALSE,FALSE,FALSE,TRUE,TRUE,ECG samples:25;ICG interval:1.063s;ECG interval:1.001s
1426,-18391.9,TRUE,1410,2025-11-03T09:48:19.629570,1762143499.679000,1,50,1,48,1762143498.719000,47,-3,0.981,TRUE,1410,2025-11-03T09:48:19.629570,1762143498.837000,21,26,21,4,1762143498.712000,25,-25,1.002,TRUE,7.000,80942.993,FALSE,FALSE,FALSE,TRUE,FALSE,ECG samples:25
1427,-18391.0,TRUE,1410,2025-11-03T09:48:19.629570,1762143499.679000,49,50,49,0,1762143499.679000,48,-2,0.960,TRUE,1411,2025-11-03T09:48:20.629572,1762143499.839000,21,26,21,4,1762143499.714000,25,-25,1.002,TRUE,35.000,80977.993,FALSE,FALSE,FALSE,TRUE,FALSE,ECG samples:25
1428,-18389.9,TRUE,1411,2025-11-03T09:48:20.629572,1762143500.681000,48,49,48,0,1762143500.681000,48,-2,1.002,TRUE,1412,2025-11-03T09:48:21.629566,1762143500.840000,21,27,21,5,1762143500.683750,25,-25,0.970,TRUE,2.750,80980.743,FALSE,FALSE,FALSE,TRUE,FALSE,ECG samples:25
1429,-18388.9,TRUE,1413,2025-11-03T09:48:22.629566,1762143502.684000,1,51,1,49,1762143501.704000,48,-2,1.023,TRUE,1413,2025-11-03T09:48:22.629566,1762143501.842000,20,26,20,5,1762143501.685750,25,-25,1.002,TRUE,18.250,80998.993,FALSE,FALSE,FALSE,TRUE,FALSE,ECG samples:25
1430,-18387.9,TRUE,1413,2025-11-03T09:48:22.629566,1762143502.684000,50,51,50,0,1762143502.684000,143,+93,0.980,TRUE,1414,2025-11-03T09:48:23.629567,1762143502.843000,20,26,20,5,1762143502.686750,25,-25,1.001,TRUE,2.750,81001.743,FALSE,FALSE,TRUE,TRUE,FALSE,ICG samples:143;ECG samples:25
1431,-18386.9,FALSE,,,,,,,,,,,,TRUE,1415,2025-11-03T09:48:24.629569,1762143503.845000,20,26,20,5,1762143503.688750,25,-25,1.002,FALSE,,81001.743,TRUE,FALSE,FALSE,TRUE,FALSE,ICG missing;ECG samples:25
1432,-18385.9,FALSE,,,,,,,,,,,,TRUE,1416,2025-11-03T09:48:25.629582,1762143504.847000,20,26,20,5,1762143504.690750,25,-25,1.002,FALSE,,81001.743,TRUE,FALSE,FALSE,TRUE,FALSE,ICG missing;ECG samples:25
1433,-18384.9,TRUE,1416,2025-11-03T09:48:25.629582,1762143505.688000,48,49,48,0,1762143505.688000,48,-2,3.004,TRUE,1417,2025-11-03T09:48:26.629571,1762143505.848000,20,26,20,5,1762143505.691750,25,-25,1.001,TRUE,3.750,81005.493,FALSE,FALSE,FALSE,TRUE,TRUE,ECG samples:25;ICG interval:3.004s;ECG interval:1.001s
1434,-18383.9,TRUE,1417,2025-11-03T09:48:26.629571,1762143506.689000,48,49,48,0,1762143506.689000,48,-2,1.001,TRUE,1418,2025-11-03T09:48:27.629572,1762143506.850000,20,26,20,5,1762143506.693750,25,-25,1.002,TRUE,4.750,81010.243,FALSE,FALSE,FALSE,TRUE,FALSE,ECG samples:25
1435,-18382.9,TRUE,1418,2025-11-03T09:48:27.629572,1762143507.691000,48,49,48,0,1762143507.691000,47,-3,1.002,TRUE,1419,2025-11-03T09:48:28.629574,1762143507.852000,20,26,20,5,1762143507.695750,25,-25,1.002,TRUE,4.750,81014.993,FALSE,FALSE,FALSE,TRUE,FALSE,ECG samples:25
1436,-18381.9,TRUE,1419,2025-11-03T09:48:28.629574,1762143508.692000,47,48,47,0,1762143508.692000,49,-1,1.001,TRUE,1420,2025-11-03T09:48:29.629573,1762143508.854000,20,26,20,5,1762143508.697750,25,-25,1.002,TRUE,5.750,81020.743,FALSE,FALSE,FALSE,TRUE,FALSE,ECG samples:25
1437,-18380.9,TRUE,1420,2025-11-03T09:48:29.629573,1762143509.694000,49,50,49,0,1762143509.694000,47,-3,1.002,TRUE,1421,2025-11-03T09:48:30.629567,1762143509.855000,20,26,20,5,1762143509.698750,25,-25,1.001,TRUE,4.750,81025.493,FALSE,FALSE,FALSE,TRUE,FALSE,ECG samples:25
1438,-18379.9,TRUE,1421,2025-11-03T09:48:30.629567,1762143510.696000,47,48,47,0,1762143510.696000,49,-1,1.002,TRUE,1422,2025-11-03T09:48:31.629575,1762143510.856000,20,26,20,5,1762143510.699750,25,-25,1.001,TRUE,3.750,81029.243,FALSE,FALSE,FALSE,TRUE,FALSE,ECG samples:25
1439,-18378.9,TRUE,1422,2025-11-03T09:48:31.629575,1762143511.697000,49,50,49,0,1762143511.697000,48,-2,1.001,TRUE,1423,2025-11-03T09:48:32.629578,1762143511.858000,20,26,20,5,1762143511.701750,25,-25,1.002,TRUE,4.750,81033.993,FALSE,FALSE,FALSE,TRUE,FALSE,ECG samples:25
1440,-18377.9,TRUE,1423,2025-11-03T09:48:32.629578,1762143512.699000,48,49,48,0,1762143512.699000,47,-3,1.002,TRUE,1424,2025-11-03T09:48:33.629568,1762143512.860000,20,26,20,5,1762143512.703750,25,-25,1.002,TRUE,4.750,81038.743,FALSE,FALSE,FALSE,TRUE,FALSE,ECG samples:25
1441,-18376.9,TRUE,1424,2025-11-03T09:48:33.629568,1762143513.700000,47,48,47,0,1762143513.700000,47,-3,1.001,TRUE,1425,2025-11-03T09:48:34.629569,1762143513.862000,20,26,20,5,1762143513.705750,25,-25,1.002,TRUE,5.750,81044.493,FALSE,FALSE,FALSE,TRUE,FALSE,ECG samples:25
1442,-18375.9,TRUE,1425,2025-11-03T09:48:34.629569,1762143514.702000,47,49,47,1,1762143514.682000,49,-1,0.982,TRUE,1426,2025-11-03T09:48:35.629576,1762143514.863000,20,26,20,5,1762143514.706750,25,-25,1.001,TRUE,24.750,81069.243,FALSE,FALSE,FALSE,TRUE,FALSE,ECG samples:25
1443,-18374.9,TRUE,1426,2025-11-03T09:48:35.629576,1762143515.703000,48,49,48,0,1762143515.703000,48,-2,1.021,TRUE,1427,2025-11-03T09:48:36.629569,1762143515.865000,20,26,20,5,1762143515.708750,25,-25,1.002,TRUE,5.750,81074.993,FALSE,FALSE,FALSE,TRUE,FALSE,ECG samples:25
1444,-18373.9,TRUE,1427,2025-11-03T09:48:36.629569,1762143516.704000,48,50,48,1,1762143516.684000,48,-2,0.981,TRUE,1428,2025-11-03T09:48:37.629570,1762143516.866000,20,26,20,5,1762143516.709750,25,-25,1.001,TRUE,25.750,81100.743,FALSE,FALSE,FALSE,TRUE,FALSE,ECG samples:25
1445,-18372.9,TRUE,1428,2025-11-03T09:48:37.629570,1762143517.706000,47,48,47,0,1762143517.706000,48,-2,1.022,TRUE,1429,2025-11-03T09:48:38.629569,1762143517.868000,20,26,20,5,1762143517.711750,25,-25,1.002,TRUE,5.750,81106.493,FALSE,FALSE,FALSE,TRUE,FALSE,ECG samples:25
1446,-18371.9,TRUE,1429,2025-11-03T09:48:38.629569,1762143518.707000,48,49,48,0,1762143518.707000,47,-3,1.001,TRUE,1430,2025-11-03T09:48:39.629570,1762143518.870000,20,26,20,5,1762143518.713750,24,-26,1.002,TRUE,6.750,81113.243,FALSE,FALSE,FALSE,TRUE,FALSE,ECG samples:24
1447,-18370.9,TRUE,1430,2025-11-03T09:48:39.629570,1762143519.709000,47,49,47,1,1762143519.689000,49,-1,0.982,TRUE,1431,2025-11-03T09:48:40.629572,1762143519.871000,19,25,19,5,1762143519.714750,25,-25,1.001,TRUE,25.750,81138.993,FALSE,FALSE,FALSE,TRUE,FALSE,ECG samples:25
1448,-18369.9,TRUE,1431,2025-11-03T09:48:40.629572,1762143520.710000,48,50,48,1,1762143520.690000,48,-2,1.001,TRUE,1432,2025-11-03T09:48:41.629567,1762143520.873000,20,26,20,5,1762143520.716750,25,-25,1.002,TRUE,26.750,81165.742,FALSE,FALSE,FALSE,TRUE,FALSE,ECG samples:25
1449,-18368.9,TRUE,1432,2025-11-03T09:48:41.629567,1762143521.712000,47,49,47,1,1762143521.692000,47,-3,1.002,TRUE,1433,2025-11-03T09:48:42.629569,1762143521.874000,20,26,20,5,1762143521.717750,25,-25,1.001,TRUE,25.750,81191.493,FALSE,FALSE,FALSE,TRUE,FALSE,ECG samples:25
1450,-18367.9,TRUE,1433,2025-11-03T09:48:42.629569,1762143522.713000,46,48,46,1,1762143522.693000,48,-2,1.001,TRUE,1434,2025-11-03T09:48:43.629573,1762143522.875000,20,26,20,5,1762143522.718750,25,-25,1.001,TRUE,25.750,81217.242,FALSE,FALSE,FALSE,TRUE,FALSE,ECG samples:25
1451,-18366.9,TRUE,1434,2025-11-03T09:48:43.629573,1762143523.715000,47,49,47,1,1762143523.695000,48,-2,1.002,TRUE,1435,2025-11-03T09:48:44.629589,1762143523.876000,20,26,20,5,1762143523.719750,25,-25,1.001,TRUE,24.750,81241.992,FALSE,FALSE,FALSE,TRUE,FALSE,ECG samples:25
1452,-18365.9,TRUE,1435,2025-11-03T09:48:44.629589,1762143524.717000,47,49,47,1,1762143524.697000,49,-1,1.002,TRUE,1436,2025-11-03T09:48:45.629580,1762143524.878000,20,26,20,5,1762143524.721750,25,-25,1.002,TRUE,24.750,81266.742,FALSE,FALSE,FALSE,TRUE,FALSE,ECG samples:25
1453,-18364.9,TRUE,1436,2025-11-03T09:48:45.629580,1762143525.718000,48,50,48,1,1762143525.698000,47,-3,1.001,TRUE,1437,2025-11-03T09:48:46.629588,1762143525.879000,20,27,20,6,1762143525.691500,25,-25,0.970,TRUE,6.500,81273.242,FALSE,FALSE,FALSE,TRUE,FALSE,ECG samples:25
1454,-18363.9,TRUE,1437,2025-11-03T09:48:46.629588,1762143526.720000,46,48,46,1,1762143526.700000,48,-2,1.002,TRUE,1438,2025-11-03T09:48:47.629577,1762143526.881000,19,26,19,6,1762143526.693500,25,-25,1.002,TRUE,6.500,81279.742,FALSE,FALSE,FALSE,TRUE,FALSE,ECG samples:25
1455,-18362.9,TRUE,1438,2025-11-03T09:48:47.629577,1762143527.721000,47,49,47,1,1762143527.701000,48,-2,1.001,TRUE,1439,2025-11-03T09:48:48.629578,1762143527.882000,19,26,19,6,1762143527.694500,25,-25,1.001,TRUE,6.500,81286.242,FALSE,FALSE,FALSE,TRUE,FALSE,ECG samples:25
1456,-18361.9,TRUE,1439,2025-11-03T09:48:48.629578,1762143528.722000,47,49,47,1,1762143528.702000,48,-2,1.001,TRUE,1440,2025-11-03T09:48:49.629575,1762143528.884000,19,26,19,6,1762143528.696500,25,-25,1.002,TRUE,5.500,81291.742,FALSE,FALSE,FALSE,TRUE,FALSE,ECG samples:25
1457,-18360.9,TRUE,1440,2025-11-03T09:48:49.629575,1762143529.724000,47,49,47,1,1762143529.704000,49,-1,1.002,TRUE,1441,2025-11-03T09:48:50.629568,1762143529.885000,19,26,19,6,1762143529.697500,25,-25,1.001,TRUE,6.500,81298.242,FALSE,FALSE,FALSE,TRUE,FALSE,ECG samples:25
1458,-18359.9,TRUE,1441,2025-11-03T09:48:50.629568,1762143530.726000,48,50,48,1,1762143530.706000,49,-1,1.002,TRUE,1442,2025-11-03T09:48:51.629572,1762143530.887000,19,26,19,6,1762143530.699500,25,-25,1.002,TRUE,6.500,81304.742,FALSE,FALSE,FALSE,TRUE,FALSE,ECG samples:25
1459,-18358.9,TRUE,1442,2025-11-03T09:48:51.629572,1762143531.728000,48,50,48,1,1762143531.708000,48,-2,1.002,TRUE,1443,2025-11-03T09:48:52.629571,1762143531.889000,19,26,19,6,1762143531.701500,25,-25,1.002,TRUE,6.500,81311.242,FALSE,FALSE,FALSE,TRUE,FALSE,ECG samples:25
1460,-18357.9,TRUE,1443,2025-11-03T09:48:52.629571,1762143532.730000,47,50,47,2,1762143532.690000,49,-1,0.982,TRUE,1444,2025-11-03T09:48:53.629566,1762143532.891000,19,26,19,6,1762143532.703500,25,-25,1.002,TRUE,13.500,81324.742,FALSE,FALSE,FALSE,TRUE,FALSE,ECG samples:25
1461,-18356.9,TRUE,1445,2025-11-03T09:48:54.629569,1762143534.632000,3,49,3,45,1762143533.732000,48,-2,1.042,TRUE,1445,2025-11-03T09:48:54.629569,1762143533.792000,19,23,19,3,1762143533.698250,25,-25,0.995,TRUE,33.750,81358.492,FALSE,FALSE,FALSE,TRUE,FALSE,ECG samples:25
1462,-18355.9,TRUE,1446,2025-11-03T09:48:55.629573,1762143535.634000,3,48,3,44,1762143534.754000,48,-2,1.022,TRUE,1446,2025-11-03T09:48:55.629573,1762143534.794000,22,26,22,3,1762143534.700250,25,-25,1.002,TRUE,53.750,81412.242,FALSE,FALSE,FALSE,TRUE,FALSE,ECG samples:25
1463,-18354.9,TRUE,1447,2025-11-03T09:48:56.629566,1762143536.635000,4,49,4,44,1762143535.755000,47,-3,1.001,TRUE,1447,2025-11-03T09:48:56.629566,1762143535.796000,22,26,22,3,1762143535.702250,25,-25,1.002,TRUE,52.750,81464.992,FALSE,FALSE,FALSE,TRUE,FALSE,ECG samples:25
1464,-18353.9,TRUE,1448,2025-11-03T09:48:57.629572,1762143537.636000,3,49,3,45,1762143536.736000,48,-2,0.981,TRUE,1448,2025-11-03T09:48:57.629572,1762143536.799000,22,27,22,4,1762143536.674000,25,-25,0.972,TRUE,62.000,81526.992,FALSE,FALSE,FALSE,TRUE,FALSE,ECG samples:25
1465,-18352.9,TRUE,1449,2025-11-03T09:48:58.629578,1762143538.638000,3,50,3,46,1762143537.718000,49,-1,0.982,TRUE,1449,2025-11-03T09:48:58.629578,1762143537.801000,21,26,21,4,1762143537.676000,25,-25,1.002,TRUE,42.000,81568.992,FALSE,FALSE,FALSE,TRUE,FALSE,ECG samples:25
1466,-18351.9,TRUE,1450,2025-11-03T09:48:59.629566,1762143539.639000,3,49,3,45,1762143538.739000,48,-2,1.021,TRUE,1450,2025-11-03T09:48:59.629566,1762143538.802000,21,26,21,4,1762143538.677000,26,-24,1.001,TRUE,62.000,81630.991,FALSE,FALSE,FALSE,TRUE,FALSE,ECG samples:26
1467,-18350.9,TRUE,1451,2025-11-03T09:49:00.629577,1762143540.641000,3,50,3,46,1762143539.721000,49,-1,0.982,TRUE,1451,2025-11-03T09:49:00.629577,1762143539.805000,22,26,22,3,1762143539.711250,25,-25,1.034,TRUE,9.750,81640.741,FALSE,FALSE,FALSE,TRUE,FALSE,ECG samples:25
1468,-18349.9,TRUE,1452,2025-11-03T09:49:01.629577,1762143541.642000,3,49,3,45,1762143540.742000,47,-3,1.021,TRUE,1452,2025-11-03T09:49:01.629577,1762143540.806000,22,26,22,3,1762143540.712250,25,-25,1.001,TRUE,29.750,81670.491,FALSE,FALSE,FALSE,TRUE,FALSE,ECG samples:25
1469,-18348.9,TRUE,1453,2025-11-03T09:49:02.629573,1762143542.643000,2,50,2,47,1762143541.703000,49,-1,0.961,TRUE,1453,2025-11-03T09:49:02.629573,1762143541.808000,22,26,22,3,1762143541.714250,25,-25,1.002,TRUE,11.250,81681.741,FALSE,FALSE,FALSE,TRUE,FALSE,ECG samples:25
1470,-18347.9,TRUE,1454,2025-11-03T09:49:03.629569,1762143543.644000,2,48,2,45,1762143542.744000,48,-2,1.041,TRUE,1454,2025-11-03T09:49:03.629569,1762143542.810000,22,26,22,3,1762143542.716250,25,-25,1.002,TRUE,27.750,81709.491,FALSE,FALSE,FALSE,TRUE,FALSE,ECG samples:25
1471,-18346.9,TRUE,1455,2025-11-03T09:49:04.629577,1762143544.647000,3,50,3,46,1762143543.727000,49,-1,0.983,TRUE,1455,2025-11-03T09:49:04.629577,1762143543.811000,22,26,22,3,1762143543.717250,25,-25,1.001,TRUE,9.750,81719.241,FALSE,FALSE,FALSE,TRUE,FALSE,ECG samples:25
1472,-18345.9,TRUE,1456,2025-11-03T09:49:05.629579,1762143545.649000,3,49,3,45,1762143544.749000,48,-2,1.022,TRUE,1456,2025-11-03T09:49:05.629579,1762143544.813000,22,26,22,3,1762143544.719250,25,-25,1.002,TRUE,29.750,81748.991,FALSE,FALSE,FALSE,TRUE,FALSE,ECG samples:25
1473,-18344.9,TRUE,1457,2025-11-03T09:49:06.629577,1762143546.651000,3,50,3,46,1762143545.731000,48,-2,0.982,TRUE,1457,2025-11-03T09:49:06.629577,1762143545.815000,22,26,22,3,1762143545.721250,25,-25,1.002,TRUE,9.750,81758.741,FALSE,FALSE,FALSE,TRUE,FALSE,ECG samples:25
1474,-18343.9,TRUE,1458,2025-11-03T09:49:07.629579,1762143547.653000,2,49,2,46,1762143546.733000,48,-2,1.002,TRUE,1458,2025-11-03T09:49:07.629579,1762143546.816000,22,26,22,3,1762143546.722250,25,-25,1.001,TRUE,10.750,81769.491,FALSE,FALSE,FALSE,TRUE,FALSE,ECG samples:25
1475,-18342.9,TRUE,1459,2025-11-03T09:49:08.629576,1762143548.654000,2,49,2,46,1762143547.734000,49,-1,1.001,TRUE,1459,2025-11-03T09:49:08.629576,1762143547.818000,22,26,22,3,1762143547.724250,25,-25,1.002,TRUE,9.750,81779.241,FALSE,FALSE,FALSE,TRUE,FALSE,ECG samples:25
1476,-18341.9,TRUE,1460,2025-11-03T09:49:09.629577,1762143549.655000,3,49,3,45,1762143548.755000,47,-3,1.021,TRUE,1460,2025-11-03T09:49:09.629577,1762143548.819000,22,26,22,3,1762143548.725250,25,-25,1.001,TRUE,29.750,81808.991,FALSE,FALSE,FALSE,TRUE,FALSE,ECG samples:25
1477,-18340.9,TRUE,1461,2025-11-03T09:49:10.629576,1762143550.657000,2,49,2,46,1762143549.737000,48,-2,0.982,TRUE,1461,2025-11-03T09:49:10.629576,1762143549.821000,22,26,22,3,1762143549.727250,25,-25,1.002,TRUE,9.750,81818.741,FALSE,FALSE,FALSE,TRUE,FALSE,ECG samples:25
1478,-18339.9,TRUE,1462,2025-11-03T09:49:11.629571,1762143551.658000,2,49,2,46,1762143550.738000,48,-2,1.001,TRUE,1462,2025-11-03T09:49:11.629571,1762143550.822000,22,26,22,3,1762143550.728250,25,-25,1.001,TRUE,9.750,81828.491,FALSE,FALSE,FALSE,TRUE,FALSE,ECG samples:25
1479,-18338.9,TRUE,1463,2025-11-03T09:49:12.629579,1762143552.660000,2,48,2,45,1762143551.760000,48,-2,1.022,TRUE,1463,2025-11-03T09:49:12.629579,1762143551.824000,22,26,22,3,1762143551.730250,25,-25,1.002,TRUE,29.750,81858.241,FALSE,FALSE,FALSE,TRUE,FALSE,ECG samples:25
1480,-18337.9,TRUE,1464,2025-11-03T09:49:13.629573,1762143553.662000,3,49,3,45,1762143552.762000,47,-3,1.002,TRUE,1464,2025-11-03T09:49:13.629573,1762143552.825000,22,26,22,3,1762143552.731250,25,-25,1.001,TRUE,30.750,81888.991,FALSE,FALSE,FALSE,TRUE,FALSE,ECG samples:25
1481,-18336.9,TRUE,1465,2025-11-03T09:49:14.629572,1762143554.663000,2,49,2,46,1762143553.743000,48,-2,0.981,TRUE,1465,2025-11-03T09:49:14.629572,1762143553.828000,22,26,22,3,1762143553.734250,25,-25,1.003,TRUE,8.750,81897.741,FALSE,FALSE,FALSE,TRUE,FALSE,ECG samples:25
1482,-18335.9,TRUE,1466,2025-11-03T09:49:15.629566,1762143555.665000,2,48,2,45,1762143554.765000,47,-3,1.022,TRUE,1466,2025-11-03T09:49:15.629566,1762143554.829000,22,26,22,3,1762143554.735250,25,-25,1.001,TRUE,29.750,81927.490,FALSE,FALSE,FALSE,TRUE,FALSE,ECG samples:25
1483,-18334.9,TRUE,1467,2025-11-03T09:49:16.629576,1762143556.667000,2,50,2,47,1762143555.727000,49,-1,0.962,TRUE,1467,2025-11-03T09:49:16.629576,1762143555.831000,22,26,22,3,1762143555.737250,25,-25,1.002,TRUE,10.250,81937.741,FALSE,FALSE,FALSE,TRUE,FALSE,ECG samples:25
1484,-18333.9,TRUE,1468,2025-11-03T09:49:17.629571,1762143557.668000,2,50,2,47,1762143556.728000,49,-1,1.001,TRUE,1468,2025-11-03T09:49:17.629571,1762143556.832000,22,26,22,3,1762143556.738250,25,-25,1.001,TRUE,10.250,81947.991,FALSE,FALSE,FALSE,TRUE,FALSE,ECG samples:25
1485,-18332.9,TRUE,1469,2025-11-03T09:49:18.629577,1762143558.669000,2,49,2,46,1762143557.749000,48,-2,1.021,TRUE,1469,2025-11-03T09:49:18.629577,1762143557.833000,22,26,22,3,1762143557.739250,25,-25,1.001,TRUE,9.750,81957.741,FALSE,FALSE,FALSE,TRUE,FALSE,ECG samples:25
1486,-18331.9,TRUE,1470,2025-11-03T09:49:19.629578,1762143559.670000,2,49,2,46,1762143558.750000,48,-2,1.001,TRUE,1470,2025-11-03T09:49:19.629578,1762143558.835000,22,26,22,3,1762143558.741250,25,-25,1.002,TRUE,8.750,81966.491,FALSE,FALSE,FALSE,TRUE,FALSE,ECG samples:25
1487,-18330.9,TRUE,1471,2025-11-03T09:49:20.629570,1762143560.672000,2,50,2,47,1762143559.732000,49,-1,0.982,TRUE,1471,2025-11-03T09:49:20.629570,1762143559.836000,22,26,22,3,1762143559.742250,25,-25,1.001,TRUE,10.250,81976.741,FALSE,FALSE,FALSE,TRUE,FALSE,ECG samples:25
1488,-18329.9,TRUE,1472,2025-11-03T09:49:21.629577,1762143561.673000,2,50,2,47,1762143560.733000,49,-1,1.001,TRUE,1472,2025-11-03T09:49:21.629577,1762143560.837000,22,26,22,3,1762143560.743250,25,-25,1.001,TRUE,10.250,81986.990,FALSE,FALSE,FALSE,TRUE,FALSE,ECG samples:25
1489,-18328.9,TRUE,1473,2025-11-03T09:49:22.629578,1762143562.675000,2,48,2,45,1762143561.775000,47,-3,1.042,TRUE,1473,2025-11-03T09:49:22.629578,1762143561.838000,22,27,22,4,1762143561.713000,25,-25,0.970,TRUE,62.000,82048.990,FALSE,FALSE,FALSE,TRUE,FALSE,ECG samples:25
1490,-18327.9,TRUE,1474,2025-11-03T09:49:23.629572,1762143563.676000,2,50,2,47,1762143562.736000,49,-1,0.961,TRUE,1474,2025-11-03T09:49:23.629572,1762143562.840000,21,26,21,4,1762143562.715000,25,-25,1.002,TRUE,21.000,82069.990,FALSE,FALSE,FALSE,TRUE,FALSE,ECG samples:25
1491,-18326.9,TRUE,1475,2025-11-03T09:49:24.629576,1762143564.677000,2,49,2,46,1762143563.757000,47,-3,1.021,TRUE,1475,2025-11-03T09:49:24.629576,1762143563.841000,21,26,21,4,1762143563.716000,25,-25,1.001,TRUE,41.000,82110.990,FALSE,FALSE,FALSE,TRUE,FALSE,ECG samples:25
1492,-18325.9,TRUE,1476,2025-11-03T09:49:25.629579,1762143565.678000,1,49,1,47,1762143564.738000,48,-2,0.981,TRUE,1476,2025-11-03T09:49:25.629579,1762143564.842000,21,26,21,4,1762143564.717000,25,-25,1.001,TRUE,21.000,82131.990,FALSE,FALSE,FALSE,TRUE,FALSE,ECG samples:25
1493,-18324.9,TRUE,1477,2025-11-03T09:49:26.629581,1762143566.681000,1,49,1,47,1762143565.741000,49,-1,1.003,TRUE,1477,2025-11-03T09:49:26.629581,1762143565.844000,21,26,21,4,1762143565.719000,25,-25,1.002,TRUE,22.000,82153.990,FALSE,FALSE,FALSE,TRUE,FALSE,ECG samples:25
1494,-18323.9,TRUE,1478,2025-11-03T09:49:27.629574,1762143567.682000,2,49,2,46,1762143566.762000,48,-2,1.021,TRUE,1478,2025-11-03T09:49:27.629574,1762143566.845000,21,26,21,4,1762143566.720000,25,-25,1.001,TRUE,42.000,82195.990,FALSE,FALSE,FALSE,TRUE,FALSE,ECG samples:25
1495,-18322.9,TRUE,1479,2025-11-03T09:49:28.629570,1762143568.683000,2,49,2,46,1762143567.763000,48,-2,1.001,TRUE,1479,2025-11-03T09:49:28.629570,1762143567.846000,21,26,21,4,1762143567.721000,25,-25,1.001,TRUE,42.000,82237.990,FALSE,FALSE,FALSE,TRUE,FALSE,ECG samples:25
1496,-18321.9,TRUE,1480,2025-11-03T09:49:29.629573,1762143569.684000,2,49,2,46,1762143568.764000,47,-3,1.001,TRUE,1480,2025-11-03T09:49:29.629573,1762143568.848000,21,26,21,4,1762143568.723000,25,-25,1.002,TRUE,41.000,82278.990,FALSE,FALSE,FALSE,TRUE,FALSE,ECG samples:25
1497,-18320.9,TRUE,1481,2025-11-03T09:49:30.629572,1762143570.685000,1,50,1,48,1762143569.725000,49,-1,0.961,TRUE,1481,2025-11-03T09:49:30.629572,1762143569.849000,21,26,21,4,1762143569.724000,25,-25,1.001,TRUE,1.000,82279.990,FALSE,FALSE,FALSE,TRUE,FALSE,ECG samples:25
1498,-18319.9,TRUE,1482,2025-11-03T09:49:31.629573,1762143571.687000,1,50,1,48,1762143570.727000,49,-1,1.002,TRUE,1482,2025-11-03T09:49:31.629573,1762143570.850000,21,26,21,4,1762143570.725000,25,-25,1.001,TRUE,2.000,82281.990,FALSE,FALSE,FALSE,TRUE,FALSE,ECG samples:25
1499,-18318.9,TRUE,1483,2025-11-03T09:49:32.629575,1762143572.688000,1,48,1,46,1762143571.768000,47,-3,1.041,TRUE,1483,2025-11-03T09:49:32.629575,1762143571.851000,21,26,21,4,1762143571.726000,25,-25,1.001,TRUE,42.000,82323.990,FALSE,FALSE,FALSE,TRUE,FALSE,ECG samples:25
1500,-18317.9,TRUE,1484,2025-11-03T09:49:33.629569,1762143573.689000,1,50,1,48,1762143572.729000,49,-1,0.961,TRUE,1484,2025-11-03T09:49:33.629569,1762143572.853000,21,26,21,4,1762143572.728000,25,-25,1.002,TRUE,1.000,82324.990,FALSE,FALSE,FALSE,TRUE,FALSE,ECG samples:25
1501,-18316.9,TRUE,1485,2025-11-03T09:49:34.629570,1762143574.691000,1,49,1,47,1762143573.751000,48,-2,1.022,TRUE,1485,2025-11-03T09:49:34.629570,1762143573.854000,21,26,21,4,1762143573.729000,25,-25,1.001,TRUE,22.000,82346.989,FALSE,FALSE,FALSE,TRUE,FALSE,ECG samples:25
1502,-18315.9,TRUE,1486,2025-11-03T09:49:35.629581,1762143575.693000,1,49,1,47,1762143574.753000,48,-2,1.002,TRUE,1486,2025-11-03T09:49:35.629581,1762143574.855000,21,26,21,4,1762143574.730000,25,-25,1.001,TRUE,23.000,82369.989,FALSE,FALSE,FALSE,TRUE,FALSE,ECG samples:25
1503,-18314.9,TRUE,1487,2025-11-03T09:49:36.629578,1762143576.695000,1,49,1,47,1762143575.755000,48,-2,1.002,TRUE,1487,2025-11-03T09:49:36.629578,1762143575.857000,21,26,21,4,1762143575.732000,25,-25,1.002,TRUE,23.000,82392.989,FALSE,FALSE,FALSE,TRUE,FALSE,ECG samples:25
1504,-18313.9,TRUE,1488,2025-11-03T09:49:37.629574,1762143577.696000,1,49,1,47,1762143576.756000,95,+45,1.001,TRUE,1488,2025-11-03T09:49:37.629574,1762143576.858000,21,26,21,4,1762143576.733000,25,-25,1.001,TRUE,23.000,82415.989,FALSE,FALSE,TRUE,TRUE,FALSE,ICG samples:95;ECG samples:25
1505,-18312.9,FALSE,,,,,,,,,,,,TRUE,1489,2025-11-03T09:49:38.629569,1762143577.859000,21,26,21,4,1762143577.734000,25,-25,1.001,FALSE,,82415.989,TRUE,FALSE,FALSE,TRUE,FALSE,ICG missing;ECG samples:25
1506,-18311.9,TRUE,1490,2025-11-03T09:49:39.629569,1762143579.699000,1,48,1,46,1762143578.779000,47,-3,2.023,TRUE,1490,2025-11-03T09:49:39.629569,1762143578.860000,21,26,21,4,1762143578.735000,25,-25,1.001,TRUE,44.000,82459.989,FALSE,FALSE,FALSE,TRUE,TRUE,ECG samples:25;ICG interval:2.023s;ECG interval:1.001s
1507,-18310.9,TRUE,1491,2025-11-03T09:49:40.629570,1762143580.701000,1,49,1,47,1762143579.761000,48,-2,0.982,TRUE,1491,2025-11-03T09:49:40.629570,1762143579.862000,21,26,21,4,1762143579.737000,25,-25,1.002,TRUE,24.000,82483.989,FALSE,FALSE,FALSE,TRUE,FALSE,ECG samples:25
1508,-18309.9,TRUE,1492,2025-11-03T09:49:41.629575,1762143581.704000,1,49,1,47,1762143580.764000,48,-2,1.003,TRUE,1492,2025-11-03T09:49:41.629575,1762143580.863000,21,26,21,4,1762143580.738000,25,-25,1.001,TRUE,26.000,82509.989,FALSE,FALSE,FALSE,TRUE,FALSE,ECG samples:25
1509,-18308.9,TRUE,1493,2025-11-03T09:49:42.629584,1762143582.704000,1,51,1,49,1762143581.724000,48,-2,0.960,TRUE,1493,2025-11-03T09:49:42.629584,1762143581.864000,21,25,21,3,1762143581.770250,24,-26,1.032,TRUE,46.250,82556.239,FALSE,FALSE,FALSE,TRUE,FALSE,ECG samples:24
1510,-18307.9,TRUE,1493,2025-11-03T09:49:42.629584,1762143582.704000,50,51,50,0,1762143582.704000,48,-2,0.980,TRUE,1494,2025-11-03T09:49:43.629592,1762143582.866000,21,26,21,4,1762143582.741000,25,-25,0.971,TRUE,37.000,82593.239,FALSE,FALSE,FALSE,TRUE,FALSE,ECG samples:25
1511,-18306.9,TRUE,1494,2025-11-03T09:49:43.629592,1762143583.707000,48,49,48,0,1762143583.707000,49,-1,1.003,TRUE,1495,2025-11-03T09:49:44.629570,1762143583.867000,21,26,21,4,1762143583.742000,25,-25,1.001,TRUE,35.000,82628.239,FALSE,FALSE,FALSE,TRUE,FALSE,ECG samples:25
1512,-18305.8,TRUE,1496,2025-11-03T09:49:45.629569,1762143585.710000,1,48,1,46,1762143584.790000,47,-3,1.083,TRUE,1496,2025-11-03T09:49:45.629569,1762143584.868000,21,26,21,4,1762143584.743000,25,-25,1.001,TRUE,47.000,82675.239,FALSE,FALSE,FALSE,TRUE,TRUE,ECG samples:25;ICG interval:1.083s;ECG interval:1.001s
1513,-18304.9,TRUE,1497,2025-11-03T09:49:46.629577,1762143586.711000,1,51,1,49,1762143585.731000,48,-2,0.941,TRUE,1497,2025-11-03T09:49:46.629577,1762143585.869000,21,26,21,4,1762143585.744000,25,-25,1.001,TRUE,13.000,82688.239,FALSE,FALSE,FALSE,TRUE,TRUE,ECG samples:25;ICG interval:0.941s;ECG interval:1.001s
1514,-18303.9,TRUE,1497,2025-11-03T09:49:46.629577,1762143586.711000,50,51,50,0,1762143586.711000,48,-2,0.980,TRUE,1498,2025-11-03T09:49:47.629589,1762143586.871000,21,26,21,4,1762143586.746000,25,-25,1.002,TRUE,35.000,82723.239,FALSE,FALSE,FALSE,TRUE,FALSE,ECG samples:25
1515,-18302.9,TRUE,1498,2025-11-03T09:49:47.629589,1762143587.713000,48,49,48,0,1762143587.713000,49,-1,1.002,TRUE,1499,2025-11-03T09:49:48.629571,1762143587.871000,21,26,21,4,1762143587.746000,25,-25,1.000,TRUE,33.000,82756.239,FALSE,FALSE,FALSE,TRUE,FALSE,ECG samples:25
1516,-18301.9,TRUE,1499,2025-11-03T09:49:48.629571,1762143588.714000,49,50,49,0,1762143588.714000,48,-2,1.001,TRUE,1500,2025-11-03T09:49:49.629575,1762143588.873000,21,26,21,4,1762143588.748000,25,-25,1.002,TRUE,34.000,82790.239,FALSE,FALSE,FALSE,TRUE,FALSE,ECG samples:25
1517,-18300.9,TRUE,1500,2025-11-03T09:49:49.629575,1762143589.716000,48,49,48,0,1762143589.716000,47,-3,1.002,TRUE,1501,2025-11-03T09:49:50.629580,1762143589.875000,21,26,21,4,1762143589.750000,25,-25,1.002,TRUE,34.000,82824.239,FALSE,FALSE,FALSE,TRUE,FALSE,ECG samples:25
1518,-18299.9,TRUE,1501,2025-11-03T09:49:50.629580,1762143590.717000,47,48,47,0,1762143590.717000,47,-3,1.001,TRUE,1502,2025-11-03T09:49:51.629571,1762143590.876000,21,27,21,5,1762143590.719750,25,-25,0.970,TRUE,2.750,82826.989,FALSE,FALSE,FALSE,TRUE,FALSE,ECG samples:25
1519,-18298.9,TRUE,1502,2025-11-03T09:49:51.629571,1762143591.718000,47,48,47,0,1762143591.718000,48,-2,1.001,TRUE,1503,2025-11-03T09:49:52.629573,1762143591.878000,20,26,20,5,1762143591.721750,25,-25,1.002,TRUE,3.750,82830.739,FALSE,FALSE,FALSE,TRUE,FALSE,ECG samples:25
1520,-18297.9,TRUE,1503,2025-11-03T09:49:52.629573,1762143592.720000,48,49,48,0,1762143592.720000,48,-2,1.002,TRUE,1504,2025-11-03T09:49:53.629579,1762143592.879000,20,26,20,5,1762143592.722750,25,-25,1.001,TRUE,2.750,82833.489,FALSE,FALSE,FALSE,TRUE,FALSE,ECG samples:25
1521,-18296.9,TRUE,1504,2025-11-03T09:49:53.629579,1762143593.721000,48,49,48,0,1762143593.721000,48,-2,1.001,TRUE,1505,2025-11-03T09:49:54.629588,1762143593.880000,20,26,20,5,1762143593.723750,25,-25,1.001,TRUE,2.750,82836.239,FALSE,FALSE,FALSE,TRUE,FALSE,ECG samples:25
1522,-18295.9,TRUE,1505,2025-11-03T09:49:54.629588,1762143594.723000,48,49,48,0,1762143594.723000,48,-2,1.002,TRUE,1506,2025-11-03T09:49:55.629582,1762143594.881000,20,26,20,5,1762143594.724750,25,-25,1.001,TRUE,1.750,82837.989,FALSE,FALSE,FALSE,TRUE,FALSE,ECG samples:25
1523,-18294.9,TRUE,1506,2025-11-03T09:49:55.629582,1762143595.724000,48,50,48,1,1762143595.704000,47,-3,0.981,TRUE,1507,2025-11-03T09:49:56.629589,1762143595.882000,20,26,20,5,1762143595.725750,25,-25,1.001,TRUE,21.750,82859.739,FALSE,FALSE,FALSE,TRUE,FALSE,ECG samples:25
1524,-18293.9,TRUE,1507,2025-11-03T09:49:56.629589,1762143596.725000,46,48,46,1,1762143596.705000,49,-1,1.001,TRUE,1508,2025-11-03T09:49:57.629577,1762143596.884000,20,26,20,5,1762143596.727750,25,-25,1.002,TRUE,22.750,82882.489,FALSE,FALSE,FALSE,TRUE,FALSE,ECG samples:25
1525,-18292.9,TRUE,1508,2025-11-03T09:49:57.629577,1762143597.727000,48,49,48,0,1762143597.727000,48,-2,1.022,TRUE,1509,2025-11-03T09:49:58.629573,1762143597.886000,20,26,20,5,1762143597.729750,25,-25,1.002,TRUE,2.750,82885.239,FALSE,FALSE,FALSE,TRUE,FALSE,ECG samples:25
1526,-18291.9,TRUE,1509,2025-11-03T09:49:58.629573,1762143598.728000,48,50,48,1,1762143598.708000,48,-2,0.981,TRUE,1510,2025-11-03T09:49:59.629571,1762143598.886000,20,26,20,5,1762143598.729750,25,-25,1.000,TRUE,21.750,82906.989,FALSE,FALSE,FALSE,TRUE,FALSE,ECG samples:25
1527,-18290.9,TRUE,1510,2025-11-03T09:49:59.629571,1762143599.729000,47,49,47,1,1762143599.709000,48,-2,1.001,TRUE,1511,2025-11-03T09:50:00.629590,1762143599.888000,20,26,20,5,1762143599.731750,25,-25,1.002,TRUE,22.750,82929.739,FALSE,FALSE,FALSE,TRUE,FALSE,ECG samples:25
1528,-18289.9,TRUE,1512,2025-11-03T09:50:01.629592,1762143601.632000,4,49,4,44,1762143600.752000,48,-2,1.043,TRUE,1512,2025-11-03T09:50:01.629592,1762143600.789000,20,23,20,2,1762143600.726500,25,-25,0.995,TRUE,25.500,82955.239,FALSE,FALSE,FALSE,TRUE,FALSE,ECG samples:25
1529,-18288.9,TRUE,1513,2025-11-03T09:50:02.629574,1762143602.634000,4,48,4,43,1762143601.774000,48,-2,1.022,TRUE,1513,2025-11-03T09:50:02.629574,1762143601.791000,23,26,23,2,1762143601.728500,25,-25,1.002,TRUE,45.500,83000.739,FALSE,FALSE,FALSE,TRUE,FALSE,ECG samples:25
1530,-18287.9,TRUE,1514,2025-11-03T09:50:03.629579,1762143603.635000,5,50,5,44,1762143602.755000,48,-2,0.981,TRUE,1514,2025-11-03T09:50:03.629579,1762143602.791000,23,26,23,2,1762143602.728500,25,-25,1.000,TRUE,26.500,83027.239,FALSE,FALSE,FALSE,TRUE,FALSE,ECG samples:25
1531,-18286.9,TRUE,1515,2025-11-03T09:50:04.629572,1762143604.637000,4,48,4,43,1762143603.777000,48,-2,1.022,TRUE,1515,2025-11-03T09:50:04.629572,1762143603.793000,23,26,23,2,1762143603.730500,25,-25,1.002,TRUE,46.500,83073.739,FALSE,FALSE,FALSE,TRUE,FALSE,ECG samples:25
1532,-18285.8,TRUE,1516,2025-11-03T09:50:05.629574,1762143605.639000,5,48,5,42,1762143604.799000,47,-3,1.022,TRUE,1516,2025-11-03T09:50:05.629574,1762143604.795000,23,26,23,2,1762143604.732500,25,-25,1.002,TRUE,66.500,83140.239,FALSE,FALSE,FALSE,TRUE,FALSE,ECG samples:25
1533,-18284.8,TRUE,1517,2025-11-03T09:50:06.629570,1762143606.641000,5,49,5,43,1762143605.781000,47,-3,0.982,TRUE,1517,2025-11-03T09:50:06.629570,1762143605.797000,23,27,23,3,1762143605.703250,25,-25,0.971,TRUE,77.750,83217.989,FALSE,FALSE,FALSE,TRUE,FALSE,ECG samples:25
1534,-18283.9,TRUE,1518,2025-11-03T09:50:07.629583,1762143607.642000,4,49,4,44,1762143606.762000,48,-2,0.981,TRUE,1518,2025-11-03T09:50:07.629583,1762143606.797000,22,26,22,3,1762143606.703250,25,-25,1.000,TRUE,58.750,83276.739,FALSE,FALSE,FALSE,TRUE,FALSE,ECG samples:25
1535,-18282.9,TRUE,1519,2025-11-03T09:50:08.629574,1762143608.643000,4,49,4,44,1762143607.763000,48,-2,1.001,TRUE,1519,2025-11-03T09:50:08.629574,1762143607.799000,22,26,22,3,1762143607.705250,25,-25,1.002,TRUE,57.750,83334.489,FALSE,FALSE,FALSE,TRUE,FALSE,ECG samples:25
1536,-18281.9,TRUE,1520,2025-11-03T09:50:09.629569,1762143609.645000,4,49,4,44,1762143608.765000,48,-2,1.002,TRUE,1520,2025-11-03T09:50:09.629569,1762143608.800000,22,26,22,3,1762143608.706250,25,-25,1.001,TRUE,58.750,83393.239,FALSE,FALSE,FALSE,TRUE,FALSE,ECG samples:25
1537,-18280.9,TRUE,1521,2025-11-03T09:50:10.629571,1762143610.646000,4,50,4,45,1762143609.746000,49,-1,0.981,TRUE,1521,2025-11-03T09:50:10.629571,1762143609.801000,22,26,22,3,1762143609.707250,25,-25,1.001,TRUE,38.750,83431.989,FALSE,FALSE,FALSE,TRUE,FALSE,ECG samples:25
1538,-18279.9,TRUE,1522,2025-11-03T09:50:11.629574,1762143611.647000,4,49,4,44,1762143610.767000,48,-2,1.021,TRUE,1522,2025-11-03T09:50:11.629574,1762143610.802000,22,26,22,3,1762143610.708250,25,-25,1.001,TRUE,58.750,83490.739,FALSE,FALSE,FALSE,TRUE,FALSE,ECG samples:25
1539,-18278.9,TRUE,1523,2025-11-03T09:50:12.629576,1762143612.648000,4,49,4,44,1762143611.768000,48,-2,1.001,TRUE,1523,2025-11-03T09:50:12.629576,1762143611.804000,22,26,22,3,1762143611.710250,25,-25,1.002,TRUE,57.750,83548.489,FALSE,FALSE,FALSE,TRUE,FALSE,ECG samples:25
1540,-18277.9,TRUE,1524,2025-11-03T09:50:13.629579,1762143613.650000,4,49,4,44,1762143612.770000,47,-3,1.002,TRUE,1524,2025-11-03T09:50:13.629579,1762143612.805000,22,26,22,3,1762143612.711250,25,-25,1.001,TRUE,58.750,83607.239,FALSE,FALSE,FALSE,TRUE,FALSE,ECG samples:25
1541,-18276.9,TRUE,1525,2025-11-03T09:50:14.629574,1762143614.651000,3,50,3,46,1762143613.731000,50,+0,0.961,TRUE,1525,2025-11-03T09:50:14.629574,1762143613.806000,22,26,22,3,1762143613.712250,25,-25,1.001,TRUE,18.750,83625.988,FALSE,FALSE,FALSE,TRUE,FALSE,ECG samples:25
1542,-18275.8,TRUE,1526,2025-11-03T09:50:15.629575,1762143615.652000,4,48,4,43,1762143614.792000,47,-3,1.061,TRUE,1526,2025-11-03T09:50:15.629575,1762143614.807000,22,26,22,3,1762143614.713250,25,-25,1.001,TRUE,78.750,83704.739,FALSE,FALSE,FALSE,TRUE,TRUE,ECG samples:25;ICG interval:1.061s;ECG interval:1.001s
1543,-18274.9,TRUE,1527,2025-11-03T09:50:16.629584,1762143616.654000,4,49,4,44,1762143615.774000,47,-3,0.982,TRUE,1527,2025-11-03T09:50:16.629584,1762143615.809000,22,26,22,3,1762143615.715250,25,-25,1.002,TRUE,58.750,83763.489,FALSE,FALSE,FALSE,TRUE,FALSE,ECG samples:25
1544,-18273.9,TRUE,1528,2025-11-03T09:50:17.629576,1762143617.655000,3,49,3,45,1762143616.755000,49,-1,0.981,TRUE,1528,2025-11-03T09:50:17.629576,1762143616.810000,22,26,22,3,1762143616.716250,25,-25,1.001,TRUE,38.750,83802.238,FALSE,FALSE,FALSE,TRUE,FALSE,ECG samples:25
1545,-18272.9,TRUE,1529,2025-11-03T09:50:18.629571,1762143618.657000,4,49,4,44,1762143617.777000,47,-3,1.022,TRUE,1529,2025-11-03T09:50:18.629571,1762143617.812000,22,26,22,3,1762143617.718250,25,-25,1.002,TRUE,58.750,83860.988,FALSE,FALSE,FALSE,TRUE,FALSE,ECG samples:25
1546,-18271.9,TRUE,1530,2025-11-03T09:50:19.629583,1762143619.658000,3,49,3,45,1762143618.758000,48,-2,0.981,TRUE,1530,2025-11-03T09:50:19.629583,1762143618.813000,22,26,22,3,1762143618.719250,25,-25,1.001,TRUE,38.750,83899.738,FALSE,FALSE,FALSE,TRUE,FALSE,ECG samples:25
1547,-18270.8,TRUE,1531,2025-11-03T09:50:20.629578,1762143620.660000,3,48,3,44,1762143619.780000,47,-3,1.022,TRUE,1531,2025-11-03T09:50:20.629578,1762143619.815000,22,26,22,3,1762143619.721250,25,-25,1.002,TRUE,58.750,83958.488,FALSE,FALSE,FALSE,TRUE,FALSE,ECG samples:25
1548,-18269.9,TRUE,1532,2025-11-03T09:50:21.629573,1762143621.662000,3,50,3,46,1762143620.742000,49,-1,0.962,TRUE,1532,2025-11-03T09:50:21.629573,1762143620.816000,22,26,22,3,1762143620.722250,25,-25,1.001,TRUE,19.750,83978.238,FALSE,FALSE,FALSE,TRUE,FALSE,ECG samples:25
1549,-18268.8,TRUE,1533,2025-11-03T09:50:22.629573,1762143622.663000,3,48,3,44,1762143621.783000,48,-2,1.041,TRUE,1533,2025-11-03T09:50:22.629573,1762143621.818000,22,26,22,3,1762143621.724250,25,-25,1.002,TRUE,58.750,84036.988,FALSE,FALSE,FALSE,TRUE,FALSE,ECG samples:25
1550,-18267.8,TRUE,1534,2025-11-03T09:50:23.629567,1762143623.665000,4,49,4,44,1762143622.785000,47,-3,1.002,TRUE,1534,2025-11-03T09:50:23.629567,1762143622.820000,22,26,22,3,1762143622.726250,25,-25,1.002,TRUE,58.750,84095.738,FALSE,FALSE,FALSE,TRUE,FALSE,ECG samples:25
1551,-18266.9,TRUE,1535,2025-11-03T09:50:24.629570,1762143624.666000,3,50,3,46,1762143623.746000,49,-1,0.961,TRUE,1535,2025-11-03T09:50:24.629570,1762143623.821000,22,26,22,3,1762143623.727250,25,-25,1.001,TRUE,18.750,84114.488,FALSE,FALSE,FALSE,TRUE,FALSE,ECG samples:25
1552,-18265.9,TRUE,1536,2025-11-03T09:50:25.629578,1762143625.667000,3,49,3,45,1762143624.767000,48,-2,1.021,TRUE,1536,2025-11-03T09:50:25.629578,1762143624.822000,22,26,22,3,1762143624.728250,25,-25,1.001,TRUE,38.750,84153.238,FALSE,FALSE,FALSE,TRUE,FALSE,ECG samples:25
1553,-18264.8,TRUE,1537,2025-11-03T09:50:26.629567,1762143626.669000,3,48,3,44,1762143625.789000,47,-3,1.022,TRUE,1537,2025-11-03T09:50:26.629567,1762143625.823000,22,26,22,3,1762143625.729250,25,-25,1.001,TRUE,59.750,84212.987,FALSE,FALSE,FALSE,TRUE,FALSE,ECG samples:25
1554,-18263.9,TRUE,1538,2025-11-03T09:50:27.629566,1762143627.670000,3,50,3,46,1762143626.750000,48,-2,0.961,TRUE,1538,2025-11-03T09:50:27.629566,1762143626.825000,22,26,22,3,1762143626.731250,25,-25,1.002,TRUE,18.750,84231.737,FALSE,FALSE,FALSE,TRUE,FALSE,ECG samples:25
1555,-18262.9,TRUE,1539,2025-11-03T09:50:28.629573,1762143628.671000,2,49,2,46,1762143627.751000,49,-1,1.001,TRUE,1539,2025-11-03T09:50:28.629573,1762143627.826000,22,26,22,3,1762143627.732250,25,-25,1.001,TRUE,18.750,84250.487,FALSE,FALSE,FALSE,TRUE,FALSE,ECG samples:25
1556,-18261.9,TRUE,1540,2025-11-03T09:50:29.629596,1762143629.674000,3,49,3,45,1762143628.774000,48,-2,1.023,TRUE,1540,2025-11-03T09:50:29.629596,1762143628.827000,22,26,22,3,1762143628.733250,25,-25,1.001,TRUE,40.750,84291.237,FALSE,FALSE,FALSE,TRUE,FALSE,ECG samples:25
1557,-18260.9,TRUE,1541,2025-11-03T09:50:30.629571,1762143630.676000,3,49,3,45,1762143629.776000,48,-2,1.002,TRUE,1541,2025-11-03T09:50:30.629571,1762143629.829000,22,26,22,3,1762143629.735250,25,-25,1.002,TRUE,40.750,84331.987,FALSE,FALSE,FALSE,TRUE,FALSE,ECG samples:25
1558,-18259.9,TRUE,1542,2025-11-03T09:50:31.629582,1762143631.677000,3,50,3,46,1762143630.757000,49,-1,0.981,TRUE,1542,2025-11-03T09:50:31.629582,1762143630.830000,22,26,22,3,1762143630.736250,25,-25,1.001,TRUE,20.750,84352.737,FALSE,FALSE,FALSE,TRUE,FALSE,ECG samples:25
1559,-18258.9,TRUE,1543,2025-11-03T09:50:32.629573,1762143632.678000,3,50,3,46,1762143631.758000,48,-2,1.001,TRUE,1543,2025-11-03T09:50:32.629573,1762143631.831000,22,26,22,3,1762143631.737250,25,-25,1.001,TRUE,20.750,84373.487,FALSE,FALSE,FALSE,TRUE,FALSE,ECG samples:25
1560,-18257.9,TRUE,1544,2025-11-03T09:50:33.629572,1762143633.680000,2,50,2,47,1762143632.740000,49,-1,0.982,TRUE,1544,2025-11-03T09:50:33.629572,1762143632.832000,22,26,22,3,1762143632.738250,25,-25,1.001,TRUE,1.750,84375.237,FALSE,FALSE,FALSE,TRUE,FALSE,ECG samples:25
1561,-18256.8,TRUE,1545,2025-11-03T09:50:34.629577,1762143634.681000,2,47,2,44,1762143633.801000,47,-3,1.061,TRUE,1545,2025-11-03T09:50:34.629577,1762143633.834000,22,26,22,3,1762143633.740250,24,-26,1.002,TRUE,60.750,84435.987,FALSE,FALSE,FALSE,TRUE,TRUE,ECG samples:24;ICG interval:1.061s;ECG interval:1.002s
1562,-18255.9,TRUE,1546,2025-11-03T09:50:35.629570,1762143635.682000,3,50,3,46,1762143634.762000,49,-1,0.961,TRUE,1546,2025-11-03T09:50:35.629570,1762143634.835000,21,26,21,4,1762143634.710000,25,-25,0.970,TRUE,52.000,84487.987,FALSE,FALSE,FALSE,TRUE,FALSE,ECG samples:25
1563,-18254.8,TRUE,1547,2025-11-03T09:50:36.629571,1762143636.684000,3,49,3,45,1762143635.784000,47,-3,1.022,TRUE,1547,2025-11-03T09:50:36.629571,1762143635.836000,21,26,21,4,1762143635.711000,25,-25,1.001,TRUE,73.000,84560.987,FALSE,FALSE,FALSE,TRUE,FALSE,ECG samples:25
1564,-18253.9,TRUE,1548,2025-11-03T09:50:37.629572,1762143637.686000,2,49,2,46,1762143636.766000,48,-2,0.982,TRUE,1548,2025-11-03T09:50:37.629572,1762143636.838000,21,26,21,4,1762143636.713000,25,-25,1.002,TRUE,53.000,84613.987,FALSE,FALSE,FALSE,TRUE,FALSE,ECG samples:25
1565,-18252.9,TRUE,1549,2025-11-03T09:50:38.629572,1762143638.689000,2,49,2,46,1762143637.769000,48,-2,1.003,TRUE,1549,2025-11-03T09:50:38.629572,1762143637.840000,21,26,21,4,1762143637.715000,24,-26,1.002,TRUE,54.000,84667.987,FALSE,FALSE,FALSE,TRUE,FALSE,ECG samples:24
1566,-18251.9,TRUE,1550,2025-11-03T09:50:39.629582,1762143639.691000,2,50,2,47,1762143638.751000,49,-1,0.982,TRUE,1550,2025-11-03T09:50:39.629582,1762143638.842000,20,25,20,4,1762143638.717000,25,-25,1.002,TRUE,34.000,84701.987,FALSE,FALSE,FALSE,TRUE,FALSE,ECG samples:25
1567,-18250.8,TRUE,1551,2025-11-03T09:50:40.629572,1762143640.693000,2,48,2,45,1762143639.793000,47,-3,1.042,TRUE,1551,2025-11-03T09:50:40.629572,1762143639.843000,21,26,21,4,1762143639.718000,25,-25,1.001,TRUE,75.000,84776.987,FALSE,FALSE,FALSE,TRUE,FALSE,ECG samples:25
1568,-18249.9,TRUE,1552,2025-11-03T09:50:41.629571,1762143641.694000,2,49,2,46,1762143640.774000,48,-2,0.981,TRUE,1552,2025-11-03T09:50:41.629571,1762143640.845000,21,26,21,4,1762143640.720000,25,-25,1.002,TRUE,54.000,84830.986,FALSE,FALSE,FALSE,TRUE,FALSE,ECG samples:25
1569,-18248.9,TRUE,1553,2025-11-03T09:50:42.629571,1762143642.695000,2,49,2,46,1762143641.775000,47,-3,1.001,TRUE,1553,2025-11-03T09:50:42.629571,1762143641.846000,21,26,21,4,1762143641.721000,25,-25,1.001,TRUE,54.000,84884.986,FALSE,FALSE,FALSE,TRUE,FALSE,ECG samples:25
1570,-18247.9,TRUE,1554,2025-11-03T09:50:43.629572,1762143643.697000,1,49,1,47,1762143642.757000,49,-1,0.982,TRUE,1554,2025-11-03T09:50:43.629572,1762143642.848000,21,26,21,4,1762143642.723000,25,-25,1.002,TRUE,34.000,84918.986,FALSE,FALSE,FALSE,TRUE,FALSE,ECG samples:25
1571,-18246.9,TRUE,1555,2025-11-03T09:50:44.629578,1762143644.699000,2,50,2,47,1762143643.759000,49,-1,1.002,TRUE,1555,2025-11-03T09:50:44.629578,1762143643.849000,21,26,21,4,1762143643.724000,25,-25,1.001,TRUE,35.000,84953.986,FALSE,FALSE,FALSE,TRUE,FALSE,ECG samples:25
1572,-18245.8,TRUE,1556,2025-11-03T09:50:45.629571,1762143645.701000,2,49,2,46,1762143644.781000,47,-3,1.022,TRUE,1556,2025-11-03T09:50:45.629571,1762143644.852000,21,26,21,4,1762143644.727000,26,-24,1.003,TRUE,54.000,85007.986,FALSE,FALSE,FALSE,TRUE,FALSE,ECG samples:26
1573,-18244.9,TRUE,1557,2025-11-03T09:50:46.629578,1762143646.703000,1,49,1,47,1762143645.763000,48,-2,0.982,TRUE,1557,2025-11-03T09:50:46.629578,1762143645.853000,22,26,22,3,1762143645.759250,25,-25,1.032,TRUE,3.750,85011.736,FALSE,FALSE,FALSE,TRUE,FALSE,ECG samples:25
1574,-18243.8,TRUE,1558,2025-11-03T09:50:47.629567,1762143647.705000,1,48,1,46,1762143646.785000,47,-3,1.022,TRUE,1558,2025-11-03T09:50:47.629567,1762143646.854000,22,26,22,3,1762143646.760250,25,-25,1.001,TRUE,24.750,85036.486,FALSE,FALSE,FALSE,TRUE,FALSE,ECG samples:25
1575,-18242.9,TRUE,1559,2025-11-03T09:50:48.629570,1762143648.706000,1,49,1,47,1762143647.766000,49,-1,0.981,TRUE,1559,2025-11-03T09:50:48.629570,1762143647.856000,22,26,22,3,1762143647.762250,25,-25,1.002,TRUE,3.750,85040.236,FALSE,FALSE,FALSE,TRUE,FALSE,ECG samples:25
1576,-18241.8,TRUE,1560,2025-11-03T09:50:49.629573,1762143649.708000,2,49,2,46,1762143648.788000,48,-2,1.022,TRUE,1560,2025-11-03T09:50:49.629573,1762143648.858000,22,26,22,3,1762143648.764250,24,-26,1.002,TRUE,23.750,85063.986,FALSE,FALSE,FALSE,TRUE,FALSE,ECG samples:24
1577,-18240.9,TRUE,1561,2025-11-03T09:50:50.629569,1762143650.709000,2,50,2,47,1762143649.769000,48,-2,0.981,TRUE,1561,2025-11-03T09:50:50.629569,1762143649.860000,21,25,21,3,1762143649.766250,25,-25,1.002,TRUE,2.750,85066.736,FALSE,FALSE,FALSE,TRUE,FALSE,ECG samples:25
1578,-18239.9,TRUE,1562,2025-11-03T09:50:51.629568,1762143651.710000,1,49,1,47,1762143650.770000,49,-1,1.001,TRUE,1562,2025-11-03T09:50:51.629568,1762143650.862000,22,26,22,3,1762143650.768250,25,-25,1.002,TRUE,1.750,85068.486,FALSE,FALSE,FALSE,TRUE,FALSE,ECG samples:25
1579,-18238.9,TRUE,1563,2025-11-03T09:50:52.629571,1762143652.712000,2,50,2,47,1762143651.772000,48,-2,1.002,TRUE,1563,2025-11-03T09:50:52.629571,1762143651.864000,22,26,22,3,1762143651.770250,25,-25,1.002,TRUE,1.750,85070.236,FALSE,FALSE,FALSE,TRUE,FALSE,ECG samples:25
1580,-18237.9,TRUE,1564,2025-11-03T09:50:53.629570,1762143653.715000,1,49,1,47,1762143652.775000,49,-1,1.003,TRUE,1564,2025-11-03T09:50:53.629570,1762143652.866000,22,26,22,3,1762143652.772250,25,-25,1.002,TRUE,2.750,85072.986,FALSE,FALSE,FALSE,TRUE,FALSE,ECG samples:25
1581,-18236.9,TRUE,1565,2025-11-03T09:50:54.629567,1762143654.716000,2,50,2,47,1762143653.776000,48,-2,1.001,TRUE,1565,2025-11-03T09:50:54.629567,1762143653.868000,22,26,22,3,1762143653.774250,25,-25,1.002,TRUE,1.750,85074.736,FALSE,FALSE,FALSE,TRUE,FALSE,ECG samples:25
1582,-18235.9,TRUE,1566,2025-11-03T09:50:55.629577,1762143655.718000,1,50,1,48,1762143654.758000,49,-1,0.982,TRUE,1566,2025-11-03T09:50:55.629577,1762143654.869000,22,26,22,3,1762143654.775250,25,-25,1.001,TRUE,17.250,85091.986,FALSE,FALSE,FALSE,TRUE,FALSE,ECG samples:25
1583,-18234.8,TRUE,1567,2025-11-03T09:50:56.629575,1762143656.720000,1,49,1,47,1762143655.780000,48,-2,1.022,TRUE,1567,2025-11-03T09:50:56.629575,1762143655.871000,22,26,22,3,1762143655.777250,25,-25,1.002,TRUE,2.750,85094.736,FALSE,FALSE,FALSE,TRUE,FALSE,ECG samples:25
1584,-18233.8,TRUE,1568,2025-11-03T09:50:57.629568,1762143657.721000,1,49,1,47,1762143656.781000,48,-2,1.001,TRUE,1568,2025-11-03T09:50:57.629568,1762143656.873000,22,26,22,3,1762143656.779250,25,-25,1.002,TRUE,1.750,85096.486,FALSE,FALSE,FALSE,TRUE,FALSE,ECG samples:25
1585,-18232.8,TRUE,1569,2025-11-03T09:50:58.629572,1762143658.723000,1,49,1,47,1762143657.783000,48,-2,1.002,TRUE,1569,2025-11-03T09:50:58.629572,1762143657.874000,22,27,22,4,1762143657.749000,25,-25,0.970,TRUE,34.000,85130.486,FALSE,FALSE,FALSE,TRUE,FALSE,ECG samples:25
1586,-18231.9,TRUE,1570,2025-11-03T09:50:59.629622,1762143659.724000,1,50,1,48,1762143658.764000,49,-1,0.981,TRUE,1570,2025-11-03T09:50:59.629622,1762143658.876000,21,26,21,4,1762143658.751000,25,-25,1.002,TRUE,13.000,85143.486,FALSE,FALSE,FALSE,TRUE,FALSE,ECG samples:25
1587,-18230.8,TRUE,1571,2025-11-03T09:51:00.629570,1762143660.725000,1,48,1,46,1762143659.805000,47,-3,1.041,TRUE,1571,2025-11-03T09:51:00.629570,1762143659.877000,21,26,21,4,1762143659.752000,25,-25,1.001,TRUE,53.000,85196.485,FALSE,FALSE,FALSE,TRUE,FALSE,ECG samples:25
1588,-18229.8,TRUE,1572,2025-11-03T09:51:01.629588,1762143661.727000,1,49,1,47,1762143660.787000,48,-2,0.982,TRUE,1572,2025-11-03T09:51:01.629588,1762143660.879000,21,26,21,4,1762143660.754000,25,-25,1.002,TRUE,33.000,85229.485,FALSE,FALSE,FALSE,TRUE,FALSE,ECG samples:25
1589,-18228.9,TRUE,1573,2025-11-03T09:51:02.629577,1762143662.728000,1,51,1,49,1762143661.748000,48,-2,0.961,TRUE,1573,2025-11-03T09:51:02.629577,1762143661.880000,21,26,21,4,1762143661.755000,25,-25,1.001,TRUE,7.000,85236.485,FALSE,FALSE,FALSE,TRUE,FALSE,ECG samples:25
1590,-18227.9,TRUE,1573,2025-11-03T09:51:02.629577,1762143662.728000,50,51,50,0,1762143662.728000,49,-1,0.980,TRUE,1574,2025-11-03T09:51:03.629568,1762143662.881000,21,26,21,4,1762143662.756000,25,-25,1.001,TRUE,28.000,85264.486,FALSE,FALSE,FALSE,TRUE,FALSE,ECG samples:25
1591,-18226.8,TRUE,1575,2025-11-03T09:51:04.629570,1762143664.631000,1,44,1,42,1762143663.791000,48,-2,1.063,TRUE,1575,2025-11-03T09:51:04.629570,1762143663.883000,21,26,21,4,1762143663.758000,25,-25,1.002,TRUE,33.000,85297.486,FALSE,FALSE,FALSE,TRUE,TRUE,ECG samples:25;ICG interval:1.063s;ECG interval:1.002s
1592,-18225.8,TRUE,1576,2025-11-03T09:51:05.629567,1762143665.632000,6,49,6,42,1762143664.792000,47,-3,1.001,TRUE,1576,2025-11-03T09:51:05.629567,1762143664.784000,21,23,21,1,1762143664.752750,25,-25,0.995,TRUE,39.250,85336.736,FALSE,FALSE,FALSE,TRUE,FALSE,ECG samples:25
1593,-18224.8,TRUE,1577,2025-11-03T09:51:06.629562,1762143666.634000,5,48,5,42,1762143665.794000,47,-3,1.002,TRUE,1577,2025-11-03T09:51:06.629562,1762143665.785000,24,26,24,1,1762143665.753750,25,-25,1.001,TRUE,40.250,85376.986,FALSE,FALSE,FALSE,TRUE,FALSE,ECG samples:25
1594,-18223.9,TRUE,1578,2025-11-03T09:51:07.629573,1762143667.635000,5,49,5,43,1762143666.775000,48,-2,0.981,TRUE,1578,2025-11-03T09:51:07.629573,1762143666.787000,24,26,24,1,1762143666.755750,25,-25,1.002,TRUE,19.250,85396.236,FALSE,FALSE,FALSE,TRUE,FALSE,ECG samples:25
1595,-18222.8,TRUE,1579,2025-11-03T09:51:08.629568,1762143668.636000,5,47,5,41,1762143667.816000,46,-4,1.041,TRUE,1579,2025-11-03T09:51:08.629568,1762143667.788000,24,26,24,1,1762143667.756750,25,-25,1.001,TRUE,59.250,85455.486,FALSE,FALSE,FALSE,TRUE,FALSE,ECG samples:25
1596,-18221.9,TRUE,1580,2025-11-03T09:51:09.629568,1762143669.638000,5,49,5,43,1762143668.778000,48,-2,0.962,TRUE,1580,2025-11-03T09:51:09.629568,1762143668.789000,24,26,24,1,1762143668.757750,25,-25,1.001,TRUE,20.250,85475.736,FALSE,FALSE,FALSE,TRUE,FALSE,ECG samples:25
1597,-18220.8,TRUE,1581,2025-11-03T09:51:10.629566,1762143670.640000,5,49,5,43,1762143669.780000,48,-2,1.002,TRUE,1581,2025-11-03T09:51:10.629566,1762143669.790000,24,26,24,1,1762143669.758750,25,-25,1.001,TRUE,21.250,85496.986,FALSE,FALSE,FALSE,TRUE,FALSE,ECG samples:25
1598,-18219.8,TRUE,1582,2025-11-03T09:51:11.629574,1762143671.641000,5,49,5,43,1762143670.781000,47,-3,1.001,TRUE,1582,2025-11-03T09:51:11.629574,1762143670.792000,24,26,24,1,1762143670.760750,25,-25,1.002,TRUE,20.250,85517.236,FALSE,FALSE,FALSE,TRUE,FALSE,ECG samples:25
1599,-18218.8,TRUE,1583,2025-11-03T09:51:12.629571,1762143672.642000,4,48,4,43,1762143671.782000,49,-1,1.001,TRUE,1583,2025-11-03T09:51:12.629571,1762143671.794000,24,27,24,2,1762143671.731500,25,-25,0.971,TRUE,50.500,85567.737,FALSE,FALSE,FALSE,TRUE,FALSE,ECG samples:25
1600,-18217.8,TRUE,1584,2025-11-03T09:51:13.629583,1762143673.643000,6,49,6,42,1762143672.803000,48,-2,1.021,TRUE,1584,2025-11-03T09:51:13.629583,1762143672.795000,23,26,23,2,1762143672.732500,25,-25,1.001,TRUE,70.500,85638.237,FALSE,FALSE,FALSE,TRUE,FALSE,ECG samples:25
1601,-18216.8,TRUE,1585,2025-11-03T09:51:14.629646,1762143674.645000,6,50,6,43,1762143673.785000,48,-2,0.982,TRUE,1585,2025-11-03T09:51:14.629646,1762143673.796000,23,26,23,2,1762143673.733500,25,-25,1.001,TRUE,51.500,85689.737,FALSE,FALSE,FALSE,TRUE,FALSE,ECG samples:25
1602,-18215.8,TRUE,1586,2025-11-03T09:51:15.629576,1762143675.647000,5,48,5,42,1762143674.807000,47,-3,1.022,TRUE,1586,2025-11-03T09:51:15.629576,1762143674.798000,23,26,23,2,1762143674.735500,25,-25,1.002,TRUE,71.500,85761.237,FALSE,FALSE,FALSE,TRUE,FALSE,ECG samples:25
1603,-18214.9,TRUE,1587,2025-11-03T09:51:16.629572,1762143676.648000,5,50,5,44,1762143675.768000,49,-1,0.961,TRUE,1587,2025-11-03T09:51:16.629572,1762143675.799000,23,26,23,2,1762143675.736500,25,-25,1.001,TRUE,31.500,85792.737,FALSE,FALSE,FALSE,TRUE,FALSE,ECG samples:25
1604,-18213.9,TRUE,1588,2025-11-03T09:51:17.629567,1762143677.650000,5,50,5,44,1762143676.770000,49,-1,1.002,TRUE,1588,2025-11-03T09:51:17.629567,1762143676.800000,23,26,23,2,1762143676.737500,25,-25,1.001,TRUE,32.500,85825.237,FALSE,FALSE,FALSE,TRUE,FALSE,ECG samples:25
1605,-18212.8,TRUE,1589,2025-11-03T09:51:18.629575,1762143678.651000,5,49,5,43,1762143677.791000,48,-2,1.021,TRUE,1589,2025-11-03T09:51:18.629575,1762143677.801000,23,26,23,2,1762143677.738500,25,-25,1.001,TRUE,52.500,85877.737,FALSE,FALSE,FALSE,TRUE,FALSE,ECG samples:25
1606,-18211.9,TRUE,1590,2025-11-03T09:51:19.629586,1762143679.653000,5,50,5,44,1762143678.773000,49,-1,0.982,TRUE,1590,2025-11-03T09:51:19.629586,1762143678.803000,23,26,23,2,1762143678.740500,25,-25,1.002,TRUE,32.500,85910.237,FALSE,FALSE,FALSE,TRUE,FALSE,ECG samples:25
1607,-18210.8,TRUE,1591,2025-11-03T09:51:20.629566,1762143680.655000,5,49,5,43,1762143679.795000,48,-2,1.022,TRUE,1591,2025-11-03T09:51:20.629566,1762143679.805000,23,26,23,2,1762143679.742500,25,-25,1.002,TRUE,52.500,85962.737,FALSE,FALSE,FALSE,TRUE,FALSE,ECG samples:25
1608,-18209.8,TRUE,1592,2025-11-03T09:51:21.629566,1762143681.656000,5,48,5,42,1762143680.816000,47,-3,1.021,TRUE,1592,2025-11-03T09:51:21.629566,1762143680.806000,23,26,23,2,1762143680.743500,25,-25,1.001,TRUE,72.500,86035.237,FALSE,FALSE,FALSE,TRUE,FALSE,ECG samples:25
1609,-18208.8,TRUE,1593,2025-11-03T09:51:22.629578,1762143682.657000,5,49,5,43,1762143681.797000,47,-3,0.981,TRUE,1593,2025-11-03T09:51:22.629578,1762143681.808000,23,26,23,2,1762143681.745500,25,-25,1.002,TRUE,51.500,86086.737,FALSE,FALSE,FALSE,TRUE,FALSE,ECG samples:25
1610,-18207.8,TRUE,1594,2025-11-03T09:51:23.629570,1762143683.659000,4,48,4,43,1762143682.799000,47,-3,1.002,TRUE,1594,2025-11-03T09:51:23.629570,1762143682.810000,23,26,23,2,1762143682.747500,25,-25,1.002,TRUE,51.500,86138.237,FALSE,FALSE,FALSE,TRUE,FALSE,ECG samples:25
1611,-18206.9,TRUE,1595,2025-11-03T09:51:24.629573,1762143684.660000,4,50,4,45,1762143683.760000,48,-2,0.961,TRUE,1595,2025-11-03T09:51:24.629573,1762143683.811000,23,26,23,2,1762143683.748500,25,-25,1.001,TRUE,11.500,86149.737,FALSE,FALSE,FALSE,TRUE,FALSE,ECG samples:25
1612,-18205.9,TRUE,1596,2025-11-03T09:51:25.629589,1762143685.662000,3,49,3,45,1762143684.762000,49,-1,1.002,TRUE,1596,2025-11-03T09:51:25.629589,1762143684.813000,23,26,23,2,1762143684.750500,25,-25,1.002,TRUE,11.500,86161.237,FALSE,FALSE,FALSE,TRUE,FALSE,ECG samples:25
1613,-18204.8,TRUE,1597,2025-11-03T09:51:26.629572,1762143686.663000,4,48,4,43,1762143685.803000,47,-3,1.041,TRUE,1597,2025-11-03T09:51:26.629572,1762143685.814000,23,26,23,2,1762143685.751500,25,-25,1.001,TRUE,51.500,86212.737,FALSE,FALSE,FALSE,TRUE,FALSE,ECG samples:25
1614,-18203.8,TRUE,1598,2025-11-03T09:51:27.629575,1762143687.666000,4,49,4,44,1762143686.786000,48,-2,0.983,TRUE,1598,2025-11-03T09:51:27.629575,1762143686.816000,23,26,23,2,1762143686.753500,25,-25,1.002,TRUE,32.500,86245.237,FALSE,FALSE,FALSE,TRUE,FALSE,ECG samples:25
1615,-18202.8,TRUE,1599,2025-11-03T09:51:28.629574,1762143688.667000,4,49,4,44,1762143687.787000,48,-2,1.001,TRUE,1599,2025-11-03T09:51:28.629574,1762143687.819000,23,26,23,2,1762143687.756500,25,-25,1.003,TRUE,30.500,86275.737,FALSE,FALSE,FALSE,TRUE,FALSE,ECG samples:25
1616,-18201.8,TRUE,1600,2025-11-03T09:51:29.629584,1762143689.669000,4,49,4,44,1762143688.789000,48,-2,1.002,TRUE,1600,2025-11-03T09:51:29.629584,1762143688.820000,23,26,23,2,1762143688.757500,24,-26,1.001,TRUE,31.500,86307.236,FALSE,FALSE,FALSE,TRUE,FALSE,ECG samples:24
1617,-18200.8,TRUE,1601,2025-11-03T09:51:30.629575,1762143690.671000,4,49,4,44,1762143689.791000,48,-2,1.002,TRUE,1601,2025-11-03T09:51:30.629575,1762143689.821000,22,25,22,2,1762143689.758500,25,-25,1.001,TRUE,32.500,86339.736,FALSE,FALSE,FALSE,TRUE,FALSE,ECG samples:25
1618,-18199.8,TRUE,1602,2025-11-03T09:51:31.629573,1762143691.672000,4,49,4,44,1762143690.792000,48,-2,1.001,TRUE,1602,2025-11-03T09:51:31.629573,1762143690.822000,23,26,23,2,1762143690.759500,25,-25,1.001,TRUE,32.500,86372.236,FALSE,FALSE,FALSE,TRUE,FALSE,ECG samples:25
1619,-18198.9,TRUE,1603,2025-11-03T09:51:32.629571,1762143692.674000,4,50,4,45,1762143691.774000,49,-1,0.982,TRUE,1603,2025-11-03T09:51:32.629571,1762143691.824000,23,26,23,2,1762143691.761500,25,-25,1.002,TRUE,12.500,86384.736,FALSE,FALSE,FALSE,TRUE,FALSE,ECG samples:25
1620,-18197.8,TRUE,1604,2025-11-03T09:51:33.629570,1762143693.675000,4,48,4,43,1762143692.815000,47,-3,1.041,TRUE,1604,2025-11-03T09:51:33.629570,1762143692.825000,23,26,23,2,1762143692.762500,25,-25,1.001,TRUE,52.500,86437.236,FALSE,FALSE,FALSE,TRUE,FALSE,ECG samples:25
1621,-18196.8,TRUE,1605,2025-11-03T09:51:34.629571,1762143694.677000,4,49,4,44,1762143693.797000,48,-2,0.982,TRUE,1605,2025-11-03T09:51:34.629571,1762143693.826000,23,26,23,2,1762143693.763500,25,-25,1.001,TRUE,33.500,86470.736,FALSE,FALSE,FALSE,TRUE,FALSE,ECG samples:25
1622,-18195.8,TRUE,1606,2025-11-03T09:51:35.629582,1762143695.678000,4,48,4,43,1762143694.818000,46,-4,1.021,TRUE,1606,2025-11-03T09:51:35.629582,1762143694.827000,23,26,23,2,1762143694.764500,25,-25,1.001,TRUE,53.500,86524.236,FALSE,FALSE,FALSE,TRUE,FALSE,ECG samples:25
1623,-18194.8,TRUE,1607,2025-11-03T09:51:36.629607,1762143696.680000,3,49,3,45,1762143695.780000,49,-1,0.962,TRUE,1607,2025-11-03T09:51:36.629607,1762143695.829000,23,26,23,2,1762143695.766500,25,-25,1.002,TRUE,13.500,86537.736,FALSE,FALSE,FALSE,TRUE,FALSE,ECG samples:25
1624,-18193.8,TRUE,1608,2025-11-03T09:51:37.629574,1762143697.682000,4,49,4,44,1762143696.802000,48,-2,1.022,TRUE,1608,2025-11-03T09:51:37.629574,1762143696.830000,23,26,23,2,1762143696.767500,25,-25,1.001,TRUE,34.500,86572.236,FALSE,FALSE,FALSE,TRUE,FALSE,ECG samples:25
1625,-18192.8,TRUE,1609,2025-11-03T09:51:38.629572,1762143698.683000,4,49,4,44,1762143697.803000,48,-2,1.001,TRUE,1609,2025-11-03T09:51:38.629572,1762143697.831000,23,26,23,2,1762143697.768500,25,-25,1.001,TRUE,34.500,86606.736,FALSE,FALSE,FALSE,TRUE,FALSE,ECG samples:25
1626,-18191.8,TRUE,1610,2025-11-03T09:51:39.629588,1762143699.684000,4,49,4,44,1762143698.804000,47,-3,1.001,TRUE,1610,2025-11-03T09:51:39.629588,1762143698.833000,23,27,23,3,1762143698.739250,25,-25,0.971,TRUE,64.750,86671.486,FALSE,FALSE,FALSE,TRUE,FALSE,ECG samples:25
1627,-18190.8,TRUE,1611,2025-11-03T09:51:40.629577,1762143700.686000,3,48,3,44,1762143699.806000,47,-3,1.002,TRUE,1611,2025-11-03T09:51:40.629577,1762143699.834000,22,26,22,3,1762143699.740250,25,-25,1.001,TRUE,65.750,86737.236,FALSE,FALSE,FALSE,TRUE,FALSE,ECG samples:25
1628,-18189.8,TRUE,1612,2025-11-03T09:51:41.629575,1762143701.688000,3,49,3,45,1762143700.788000,49,-1,0.982,TRUE,1612,2025-11-03T09:51:41.629575,1762143700.835000,22,26,22,3,1762143700.741250,25,-25,1.001,TRUE,46.750,86783.986,FALSE,FALSE,FALSE,TRUE,FALSE,ECG samples:25
1629,-18188.8,TRUE,1613,2025-11-03T09:51:42.629577,1762143702.689000,4,50,4,45,1762143701.789000,48,-2,1.001,TRUE,1613,2025-11-03T09:51:42.629577,1762143701.837000,22,26,22,3,1762143701.743250,25,-25,1.002,TRUE,45.750,86829.736,FALSE,FALSE,FALSE,TRUE,FALSE,ECG samples:25
1630,-18187.8,TRUE,1614,2025-11-03T09:51:43.629577,1762143703.690000,3,49,3,45,1762143702.790000,49,-1,1.001,TRUE,1614,2025-11-03T09:51:43.629577,1762143702.838000,22,26,22,3,1762143702.744250,25,-25,1.001,TRUE,45.750,86875.485,FALSE,FALSE,FALSE,TRUE,FALSE,ECG samples:25
1631,-18186.8,TRUE,1615,2025-11-03T09:51:44.629572,1762143704.691000,4,49,4,44,1762143703.811000,48,-2,1.021,TRUE,1615,2025-11-03T09:51:44.629572,1762143703.839000,22,26,22,3,1762143703.745250,25,-25,1.001,TRUE,65.750,86941.235,FALSE,FALSE,FALSE,TRUE,FALSE,ECG samples:25
1632,-18185.8,TRUE,1616,2025-11-03T09:51:45.629588,1762143705.693000,4,50,4,45,1762143704.793000,48,-2,0.982,TRUE,1616,2025-11-03T09:51:45.629588,1762143704.841000,22,26,22,3,1762143704.747250,25,-25,1.002,TRUE,45.750,86986.985,FALSE,FALSE,FALSE,TRUE,FALSE,ECG samples:25
1633,-18184.8,TRUE,1617,2025-11-03T09:51:46.629572,1762143706.694000,3,48,3,44,1762143705.814000,47,-3,1.021,TRUE,1617,2025-11-03T09:51:46.629572,1762143705.841000,22,26,22,3,1762143705.747250,25,-25,1.000,TRUE,66.750,87053.735,FALSE,FALSE,FALSE,TRUE,FALSE,ECG samples:25
1634,-18183.9,TRUE,1618,2025-11-03T09:51:47.629580,1762143707.695000,3,50,3,46,1762143706.775000,49,-1,0.961,TRUE,1618,2025-11-03T09:51:47.629580,1762143706.843000,22,26,22,3,1762143706.749250,25,-25,1.002,TRUE,25.750,87079.485,FALSE,FALSE,FALSE,TRUE,FALSE,ECG samples:25
1635,-18182.9,TRUE,1619,2025-11-03T09:51:48.629577,1762143708.697000,3,50,3,46,1762143707.777000,49,-1,1.002,TRUE,1619,2025-11-03T09:51:48.629577,1762143707.844000,22,26,22,3,1762143707.750250,25,-25,1.001,TRUE,26.750,87106.235,FALSE,FALSE,FALSE,TRUE,FALSE,ECG samples:25
1636,-18181.8,TRUE,1620,2025-11-03T09:51:49.629583,1762143709.699000,3,49,3,45,1762143708.799000,48,-2,1.022,TRUE,1620,2025-11-03T09:51:49.629583,1762143708.846000,22,26,22,3,1762143708.752250,25,-25,1.002,TRUE,46.750,87152.985,FALSE,FALSE,FALSE,TRUE,FALSE,ECG samples:25
1637,-18180.8,TRUE,1621,2025-11-03T09:51:50.629571,1762143710.701000,3,50,3,46,1762143709.781000,48,-2,0.982,TRUE,1621,2025-11-03T09:51:50.629571,1762143709.847000,22,26,22,3,1762143709.753250,25,-25,1.001,TRUE,27.750,87180.735,FALSE,FALSE,FALSE,TRUE,FALSE,ECG samples:25
1638,-18179.8,TRUE,1622,2025-11-03T09:51:51.629574,1762143711.703000,2,49,2,46,1762143710.783000,48,-2,1.002,TRUE,1622,2025-11-03T09:51:51.629574,1762143710.848000,22,26,22,3,1762143710.754250,25,-25,1.001,TRUE,28.750,87209.485,FALSE,FALSE,FALSE,TRUE,FALSE,ECG samples:25
1639,-18178.8,TRUE,1623,2025-11-03T09:51:52.629567,1762143712.706000,2,49,2,46,1762143711.786000,49,-1,1.003,TRUE,1623,2025-11-03T09:51:52.629567,1762143711.849000,22,26,22,3,1762143711.755250,25,-25,1.001,TRUE,30.750,87240.235,FALSE,FALSE,FALSE,TRUE,FALSE,ECG samples:25
1640,-18177.8,TRUE,1624,2025-11-03T09:51:53.629569,1762143713.707000,3,50,3,46,1762143712.787000,49,-1,1.001,TRUE,1624,2025-11-03T09:51:53.629569,1762143712.851000,22,26,22,3,1762143712.757250,25,-25,1.002,TRUE,29.750,87269.984,FALSE,FALSE,FALSE,TRUE,FALSE,ECG samples:25
1641,-18176.8,TRUE,1625,2025-11-03T09:51:54.629571,1762143714.709000,3,49,3,45,1762143713.809000,48,-2,1.022,TRUE,1625,2025-11-03T09:51:54.629571,1762143713.852000,22,26,22,3,1762143713.758250,25,-25,1.001,TRUE,50.750,87320.735,FALSE,FALSE,FALSE,TRUE,FALSE,ECG samples:25
1642,-18175.8,TRUE,1626,2025-11-03T09:51:55.629579,1762143715.710000,3,49,3,45,1762143714.810000,48,-2,1.001,TRUE,1626,2025-11-03T09:51:55.629579,1762143714.854000,22,26,22,3,1762143714.760250,25,-25,1.002,TRUE,49.750,87370.484,FALSE,FALSE,FALSE,TRUE,FALSE,ECG samples:25
1643,-18174.8,TRUE,1627,2025-11-03T09:51:56.629574,1762143716.711000,3,50,3,46,1762143715.791000,48,-2,0.981,TRUE,1627,2025-11-03T09:51:56.629574,1762143715.855000,22,26,22,3,1762143715.761250,25,-25,1.001,TRUE,29.750,87400.234,FALSE,FALSE,FALSE,TRUE,FALSE,ECG samples:25
1644,-18173.8,TRUE,1628,2025-11-03T09:51:57.629569,1762143717.713000,2,49,2,46,1762143716.793000,49,-1,1.002,TRUE,1628,2025-11-03T09:51:57.629569,1762143716.856000,22,26,22,3,1762143716.762250,25,-25,1.001,TRUE,30.750,87430.984,FALSE,FALSE,FALSE,TRUE,FALSE,ECG samples:25
1645,-18172.8,TRUE,1629,2025-11-03T09:51:58.629574,1762143718.714000,3,48,3,44,1762143717.834000,47,-3,1.041,TRUE,1629,2025-11-03T09:51:58.629574,1762143717.857000,22,26,22,3,1762143717.763250,25,-25,1.001,TRUE,70.750,87501.734,FALSE,FALSE,FALSE,TRUE,FALSE,ECG samples:25
1646,-18171.8,TRUE,1630,2025-11-03T09:51:59.629579,1762143719.716000,3,50,3,46,1762143718.796000,48,-2,0.962,TRUE,1630,2025-11-03T09:51:59.629579,1762143718.859000,22,26,22,3,1762143718.765250,25,-25,1.002,TRUE,30.750,87532.484,FALSE,FALSE,FALSE,TRUE,FALSE,ECG samples:25
1647,-18170.8,TRUE,1631,2025-11-03T09:52:00.629571,1762143720.718000,2,49,2,46,1762143719.798000,48,-2,1.002,TRUE,1631,2025-11-03T09:52:00.629571,1762143719.860000,22,26,22,3,1762143719.766250,25,-25,1.001,TRUE,31.750,87564.234,FALSE,FALSE,FALSE,TRUE,FALSE,ECG samples:25
1648,-18169.8,TRUE,1632,2025-11-03T09:52:01.629579,1762143721.719000,2,49,2,46,1762143720.799000,48,-2,1.001,TRUE,1632,2025-11-03T09:52:01.629579,1762143720.861000,22,26,22,3,1762143720.767250,25,-25,1.001,TRUE,31.750,87595.984,FALSE,FALSE,FALSE,TRUE,FALSE,ECG samples:25
1649,-18168.8,TRUE,1633,2025-11-03T09:52:02.629594,1762143722.721000,2,49,2,46,1762143721.801000,48,-2,1.002,TRUE,1633,2025-11-03T09:52:02.629594,1762143721.862000,22,26,22,3,1762143721.768250,25,-25,1.001,TRUE,32.750,87628.734,FALSE,FALSE,FALSE,TRUE,FALSE,ECG samples:25
1650,-18167.8,TRUE,1634,2025-11-03T09:52:03.629573,1762143723.722000,2,49,2,46,1762143722.802000,48,-2,1.001,TRUE,1634,2025-11-03T09:52:03.629573,1762143722.864000,22,26,22,3,1762143722.770250,25,-25,1.002,TRUE,31.750,87660.484,FALSE,FALSE,FALSE,TRUE,FALSE,ECG samples:25
1651,-18166.8,TRUE,1635,2025-11-03T09:52:04.629567,1762143724.724000,2,48,2,45,1762143723.824000,47,-3,1.022,TRUE,1635,2025-11-03T09:52:04.629567,1762143723.865000,22,26,22,3,1762143723.771250,25,-25,1.001,TRUE,52.750,87713.233,FALSE,FALSE,FALSE,TRUE,FALSE,ECG samples:25
1652,-18165.8,TRUE,1636,2025-11-03T09:52:05.629569,1762143725.725000,2,49,2,46,1762143724.805000,48,-2,0.981,TRUE,1636,2025-11-03T09:52:05.629569,1762143724.867000,22,26,22,3,1762143724.773250,24,-26,1.002,TRUE,31.750,87744.983,FALSE,FALSE,FALSE,TRUE,FALSE,ECG samples:24
1653,-18164.8,TRUE,1637,2025-11-03T09:52:06.629580,1762143726.727000,2,49,2,46,1762143725.807000,48,-2,1.002,TRUE,1637,2025-11-03T09:52:06.629580,1762143725.868000,21,25,21,3,1762143725.774250,25,-25,1.001,TRUE,32.750,87777.733,FALSE,FALSE,FALSE,TRUE,FALSE,ECG samples:25
1654,-18163.8,TRUE,1638,2025-11-03T09:52:07.629573,1762143727.728000,2,50,2,47,1762143726.788000,49,-1,0.981,TRUE,1638,2025-11-03T09:52:07.629573,1762143726.870000,22,27,22,4,1762143726.745000,25,-25,0.971,TRUE,43.000,87820.733,FALSE,FALSE,FALSE,TRUE,FALSE,ECG samples:25
1655,-18162.8,TRUE,1639,2025-11-03T09:52:08.629563,1762143728.729000,2,50,2,47,1762143727.789000,49,-1,1.001,TRUE,1639,2025-11-03T09:52:08.629563,1762143727.871000,21,26,21,4,1762143727.746000,25,-25,1.001,TRUE,43.000,87863.733,FALSE,FALSE,FALSE,TRUE,FALSE,ECG samples:25
1656,-18161.8,TRUE,1640,2025-11-03T09:52:09.629567,1762143729.631000,2,44,2,41,1762143728.811000,47,-3,1.022,TRUE,1640,2025-11-03T09:52:09.629567,1762143728.873000,21,26,21,4,1762143728.748000,25,-25,1.002,TRUE,63.000,87926.733,FALSE,FALSE,FALSE,TRUE,FALSE,ECG samples:25
1657,-18160.8,TRUE,1641,2025-11-03T09:52:10.629575,1762143730.632000,6,49,6,42,1762143729.792000,48,-2,0.981,TRUE,1641,2025-11-03T09:52:10.629575,1762143729.774000,21,23,21,1,1762143729.742750,25,-25,0.995,TRUE,49.250,87975.983,FALSE,FALSE,FALSE,TRUE,FALSE,ECG samples:25
1658,-18159.9,TRUE,1642,2025-11-03T09:52:11.629576,1762143731.634000,6,50,6,43,1762143730.774000,49,-1,0.982,TRUE,1642,2025-11-03T09:52:11.629576,1762143730.776000,24,26,24,1,1762143730.744750,25,-25,1.002,TRUE,29.250,88005.234,FALSE,FALSE,FALSE,TRUE,FALSE,ECG samples:25
1659,-18158.8,TRUE,1643,2025-11-03T09:52:12.629569,1762143732.635000,6,47,6,40,1762143731.835000,46,-4,1.061,TRUE,1643,2025-11-03T09:52:12.629569,1762143731.778000,24,26,24,1,1762143731.746750,25,-25,1.002,TRUE,88.250,88093.483,FALSE,FALSE,FALSE,TRUE,TRUE,ECG samples:25;ICG interval:1.061s;ECG interval:1.002s
1660,-18157.8,TRUE,1644,2025-11-03T09:52:13.629577,1762143733.637000,6,49,6,42,1762143732.797000,48,-2,0.962,TRUE,1644,2025-11-03T09:52:13.629577,1762143732.780000,24,26,24,1,1762143732.748750,25,-25,1.002,TRUE,48.250,88141.734,FALSE,FALSE,FALSE,TRUE,FALSE,ECG samples:25
1661,-18156.8,TRUE,1645,2025-11-03T09:52:14.629572,1762143734.638000,6,48,6,41,1762143733.818000,47,-3,1.021,TRUE,1645,2025-11-03T09:52:14.629572,1762143733.782000,24,26,24,1,1762143733.750750,25,-25,1.002,TRUE,67.250,88208.984,FALSE,FALSE,FALSE,TRUE,FALSE,ECG samples:25
1662,-18155.8,TRUE,1646,2025-11-03T09:52:15.629575,1762143735.639000,6,49,6,42,1762143734.799000,48,-2,0.981,TRUE,1646,2025-11-03T09:52:15.629575,1762143734.784000,24,26,24,1,1762143734.752750,25,-25,1.002,TRUE,46.250,88255.234,FALSE,FALSE,FALSE,TRUE,FALSE,ECG samples:25
1663,-18154.8,TRUE,1647,2025-11-03T09:52:16.629575,1762143736.641000,6,49,6,42,1762143735.801000,48,-2,1.002,TRUE,1647,2025-11-03T09:52:16.629575,1762143735.786000,24,26,24,1,1762143735.754750,25,-25,1.002,TRUE,46.250,88301.484,FALSE,FALSE,FALSE,TRUE,FALSE,ECG samples:25
1664,-18153.8,TRUE,1648,2025-11-03T09:52:17.629569,1762143737.643000,6,49,6,42,1762143736.803000,48,-2,1.002,TRUE,1648,2025-11-03T09:52:17.629569,1762143736.787000,24,26,24,1,1762143736.755750,25,-25,1.001,TRUE,47.250,88348.734,FALSE,FALSE,FALSE,TRUE,FALSE,ECG samples:25
1665,-18152.8,TRUE,1649,2025-11-03T09:52:18.629571,1762143738.644000,6,49,6,42,1762143737.804000,48,-2,1.001,TRUE,1649,2025-11-03T09:52:18.629571,1762143737.789000,24,26,24,1,1762143737.757750,25,-25,1.002,TRUE,46.250,88394.984,FALSE,FALSE,FALSE,TRUE,FALSE,ECG samples:25
1666,-18151.8,TRUE,1650,2025-11-03T09:52:19.629574,1762143739.645000,6,48,6,41,1762143738.825000,47,-3,1.021,TRUE,1650,2025-11-03T09:52:19.629574,1762143738.791000,24,27,24,2,1762143738.728500,25,-25,0.971,TRUE,96.500,88491.484,FALSE,FALSE,FALSE,TRUE,FALSE,ECG samples:25
1667,-18150.8,TRUE,1651,2025-11-03T09:52:20.629569,1762143740.647000,6,49,6,42,1762143739.807000,48,-2,0.982,TRUE,1651,2025-11-03T09:52:20.629569,1762143739.793000,23,26,23,2,1762143739.730500,25,-25,1.002,TRUE,76.500,88567.984,FALSE,FALSE,FALSE,TRUE,FALSE,ECG samples:25
1668,-18149.8,TRUE,1652,2025-11-03T09:52:21.629567,1762143741.648000,6,50,6,43,1762143740.788000,49,-1,0.981,TRUE,1652,2025-11-03T09:52:21.629567,1762143740.795000,23,26,23,2,1762143740.732500,25,-25,1.002,TRUE,55.500,88623.484,FALSE,FALSE,FALSE,TRUE,FALSE,ECG samples:25
1669,-18148.8,TRUE,1653,2025-11-03T09:52:22.629572,1762143742.650000,6,48,6,41,1762143741.830000,47,-3,1.042,TRUE,1653,2025-11-03T09:52:22.629572,1762143741.796000,23,26,23,2,1762143741.733500,25,-25,1.001,TRUE,96.500,88719.985,FALSE,FALSE,FALSE,TRUE,FALSE,ECG samples:25
1670,-18147.8,TRUE,1654,2025-11-03T09:52:23.629577,1762143743.651000,6,50,6,43,1762143742.791000,48,-2,0.961,TRUE,1654,2025-11-03T09:52:23.629577,1762143742.798000,23,26,23,2,1762143742.735500,25,-25,1.002,TRUE,55.500,88775.485,FALSE,FALSE,FALSE,TRUE,FALSE,ECG samples:25
1671,-18146.8,TRUE,1655,2025-11-03T09:52:24.629580,1762143744.652000,5,49,5,43,1762143743.792000,48,-2,1.001,TRUE,1655,2025-11-03T09:52:24.629580,1762143743.799000,23,26,23,2,1762143743.736500,25,-25,1.001,TRUE,55.500,88830.985,FALSE,FALSE,FALSE,TRUE,FALSE,ECG samples:25
1672,-18145.8,TRUE,1656,2025-11-03T09:52:25.629575,1762143745.654000,5,48,5,42,1762143744.814000,48,-2,1.022,TRUE,1656,2025-11-03T09:52:25.629575,1762143744.801000,23,26,23,2,1762143744.738500,25,-25,1.002,TRUE,75.500,88906.485,FALSE,FALSE,FALSE,TRUE,FALSE,ECG samples:25
1673,-18144.8,TRUE,1657,2025-11-03T09:52:26.629572,1762143746.657000,6,50,6,43,1762143745.797000,49,-1,0.983,TRUE,1657,2025-11-03T09:52:26.629572,1762143745.802000,23,26,23,2,1762143745.739500,25,-25,1.001,TRUE,57.500,88963.985,FALSE,FALSE,FALSE,TRUE,FALSE,ECG samples:25
1674,-18143.8,TRUE,1658,2025-11-03T09:52:27.629567,1762143747.659000,6,49,6,42,1762143746.819000,47,-3,1.022,TRUE,1658,2025-11-03T09:52:27.629567,1762143746.803000,23,26,23,2,1762143746.740500,25,-25,1.001,TRUE,78.500,89042.485,FALSE,FALSE,FALSE,TRUE,FALSE,ECG samples:25
1675,-18142.8,TRUE,1659,2025-11-03T09:52:28.629615,1762143748.661000,5,49,5,43,1762143747.801000,48,-2,0.982,TRUE,1659,2025-11-03T09:52:28.629615,1762143747.804000,23,26,23,2,1762143747.741500,26,-24,1.001,TRUE,59.500,89101.985,FALSE,FALSE,FALSE,TRUE,FALSE,ECG samples:26
1676,-18141.8,TRUE,1660,2025-11-03T09:52:29.629572,1762143749.662000,5,49,5,43,1762143748.802000,48,-2,1.001,TRUE,1660,2025-11-03T09:52:29.629572,1762143748.806000,24,26,24,1,1762143748.774750,25,-25,1.033,TRUE,27.250,89129.235,FALSE,FALSE,FALSE,TRUE,FALSE,ECG samples:25
1677,-18140.8,TRUE,1661,2025-11-03T09:52:30.629571,1762143750.664000,5,49,5,43,1762143749.804000,48,-2,1.002,TRUE,1661,2025-11-03T09:52:30.629571,1762143749.808000,24,26,24,1,1762143749.776750,25,-25,1.002,TRUE,27.250,89156.485,FALSE,FALSE,FALSE,TRUE,FALSE,ECG samples:25
1678,-18139.8,TRUE,1662,2025-11-03T09:52:31.629576,1762143751.665000,5,49,5,43,1762143750.805000,48,-2,1.001,TRUE,1662,2025-11-03T09:52:31.629576,1762143750.810000,24,26,24,1,1762143750.778750,25,-25,1.002,TRUE,26.250,89182.735,FALSE,FALSE,FALSE,TRUE,FALSE,ECG samples:25
1679,-18138.8,TRUE,1663,2025-11-03T09:52:32.629579,1762143752.667000,5,48,5,42,1762143751.827000,48,-2,1.022,TRUE,1663,2025-11-03T09:52:32.629579,1762143751.812000,24,26,24,1,1762143751.780750,25,-25,1.002,TRUE,46.250,89228.985,FALSE,FALSE,FALSE,TRUE,FALSE,ECG samples:25
1680,-18137.8,TRUE,1664,2025-11-03T09:52:33.629570,1762143753.668000,6,50,6,43,1762143752.808000,48,-2,0.981,TRUE,1664,2025-11-03T09:52:33.629570,1762143752.814000,24,26,24,1,1762143752.782750,25,-25,1.002,TRUE,25.250,89254.236,FALSE,FALSE,FALSE,TRUE,FALSE,ECG samples:25
1681,-18136.8,TRUE,1665,2025-11-03T09:52:34.629578,1762143754.670000,5,49,5,43,1762143753.810000,48,-2,1.002,TRUE,1665,2025-11-03T09:52:34.629578,1762143753.816000,24,26,24,1,1762143753.784750,25,-25,1.002,TRUE,25.250,89279.486,FALSE,FALSE,FALSE,TRUE,FALSE,ECG samples:25
1682,-18135.8,TRUE,1666,2025-11-03T09:52:35.629578,1762143755.671000,5,49,5,43,1762143754.811000,48,-2,1.001,TRUE,1666,2025-11-03T09:52:35.629578,1762143754.817000,24,26,24,1,1762143754.785750,25,-25,1.001,TRUE,25.250,89304.736,FALSE,FALSE,FALSE,TRUE,FALSE,ECG samples:25
1683,-18134.8,TRUE,1667,2025-11-03T09:52:36.629576,1762143756.673000,5,49,5,43,1762143755.813000,48,-2,1.002,TRUE,1667,2025-11-03T09:52:36.629576,1762143755.818000,24,26,24,1,1762143755.786750,25,-25,1.001,TRUE,26.250,89330.986,FALSE,FALSE,FALSE,TRUE,FALSE,ECG samples:25
1684,-18133.8,TRUE,1668,2025-11-03T09:52:37.629585,1762143757.674000,5,49,5,43,1762143756.814000,48,-2,1.001,TRUE,1668,2025-11-03T09:52:37.629585,1762143756.820000,24,26,24,1,1762143756.788750,25,-25,1.002,TRUE,25.250,89356.236,FALSE,FALSE,FALSE,TRUE,FALSE,ECG samples:25
1685,-18132.8,TRUE,1669,2025-11-03T09:52:38.629568,1762143758.676000,5,48,5,42,1762143757.836000,47,-3,1.022,TRUE,1669,2025-11-03T09:52:38.629568,1762143757.822000,24,26,24,1,1762143757.790750,25,-25,1.002,TRUE,45.250,89401.486,FALSE,FALSE,FALSE,TRUE,FALSE,ECG samples:25
1686,-18131.8,TRUE,1670,2025-11-03T09:52:39.629576,1762143759.677000,5,48,5,42,1762143758.837000,47,-3,1.001,TRUE,1670,2025-11-03T09:52:39.629576,1762143758.824000,24,26,24,1,1762143758.792750,25,-25,1.002,TRUE,44.250,89445.737,FALSE,FALSE,FALSE,TRUE,FALSE,ECG samples:25
1687,-18130.8,TRUE,1671,2025-11-03T09:52:40.629577,1762143760.679000,5,49,5,43,1762143759.819000,48,-2,0.982,TRUE,1671,2025-11-03T09:52:40.629577,1762143759.826000,24,26,24,1,1762143759.794750,25,-25,1.002,TRUE,24.250,89469.987,FALSE,FALSE,FALSE,TRUE,FALSE,ECG samples:25
1688,-18129.8,TRUE,1672,2025-11-03T09:52:41.629567,1762143761.680000,5,49,5,43,1762143760.820000,48,-2,1.001,TRUE,1672,2025-11-03T09:52:41.629567,1762143760.828000,24,26,24,1,1762143760.796750,25,-25,1.002,TRUE,23.250,89493.237,FALSE,FALSE,FALSE,TRUE,FALSE,ECG samples:25
1689,-18128.8,TRUE,1673,2025-11-03T09:52:42.629576,1762143762.683000,5,50,5,44,1762143761.803000,49,-1,0.983,TRUE,1673,2025-11-03T09:52:42.629576,1762143761.829000,24,26,24,1,1762143761.797750,25,-25,1.001,TRUE,5.250,89498.487,FALSE,FALSE,FALSE,TRUE,FALSE,ECG samples:25
1690,-18127.8,TRUE,1674,2025-11-03T09:52:43.629584,1762143763.686000,5,49,5,43,1762143762.826000,48,-2,1.023,TRUE,1674,2025-11-03T09:52:43.629584,1762143762.831000,24,27,24,2,1762143762.768500,25,-25,0.971,TRUE,57.500,89555.987,FALSE,FALSE,FALSE,TRUE,FALSE,ECG samples:25
1691,-18126.8,TRUE,1675,2025-11-03T09:52:44.629567,1762143764.687000,5,50,5,44,1762143763.807000,48,-2,0.981,TRUE,1675,2025-11-03T09:52:44.629567,1762143763.832000,23,26,23,2,1762143763.769500,25,-25,1.001,TRUE,37.500,89593.487,FALSE,FALSE,FALSE,TRUE,FALSE,ECG samples:25
1692,-18125.8,TRUE,1676,2025-11-03T09:52:45.629569,1762143765.688000,4,49,4,44,1762143764.808000,49,-1,1.001,TRUE,1676,2025-11-03T09:52:45.629569,1762143764.834000,23,26,23,2,1762143764.771500,25,-25,1.002,TRUE,36.500,89629.987,FALSE,FALSE,FALSE,TRUE,FALSE,ECG samples:25
1693,-18124.8,TRUE,1677,2025-11-03T09:52:46.629570,1762143766.690000,5,50,5,44,1762143765.810000,48,-2,1.002,TRUE,1677,2025-11-03T09:52:46.629570,1762143765.835000,23,26,23,2,1762143765.772500,25,-25,1.001,TRUE,37.500,89667.486,FALSE,FALSE,FALSE,TRUE,FALSE,ECG samples:25
1694,-18123.8,TRUE,1678,2025-11-03T09:52:47.629569,1762143767.691000,4,49,4,44,1762143766.811000,49,-1,1.001,TRUE,1678,2025-11-03T09:52:47.629569,1762143766.836000,23,26,23,2,1762143766.773500,25,-25,1.001,TRUE,37.500,89704.986,FALSE,FALSE,FALSE,TRUE,FALSE,ECG samples:25
1695,-18122.8,TRUE,1679,2025-11-03T09:52:48.629577,1762143768.692000,5,50,5,44,1762143767.812000,49,-1,1.001,TRUE,1679,2025-11-03T09:52:48.629577,1762143767.838000,23,26,23,2,1762143767.775500,25,-25,1.002,TRUE,36.500,89741.486,FALSE,FALSE,FALSE,TRUE,FALSE,ECG samples:25
1696,-18121.8,TRUE,1680,2025-11-03T09:52:49.629578,1762143769.694000,5,49,5,43,1762143768.834000,47,-3,1.022,TRUE,1680,2025-11-03T09:52:49.629578,1762143768.839000,23,26,23,2,1762143768.776500,25,-25,1.001,TRUE,57.500,89798.986,FALSE,FALSE,FALSE,TRUE,FALSE,ECG samples:25
1697,-18120.8,TRUE,1681,2025-11-03T09:52:50.629572,1762143770.695000,4,49,4,44,1762143769.815000,48,-2,0.981,TRUE,1681,2025-11-03T09:52:50.629572,1762143769.840000,23,26,23,2,1762143769.777500,25,-25,1.001,TRUE,37.500,89836.486,FALSE,FALSE,FALSE,TRUE,FALSE,ECG samples:25
1698,-18119.8,TRUE,1682,2025-11-03T09:52:51.629572,1762143771.696000,4,49,4,44,1762143770.816000,48,-2,1.001,TRUE,1682,2025-11-03T09:52:51.629572,1762143770.842000,23,26,23,2,1762143770.779500,25,-25,1.002,TRUE,36.500,89872.986,FALSE,FALSE,FALSE,TRUE,FALSE,ECG samples:25
1699,-18118.8,TRUE,1683,2025-11-03T09:52:52.629570,1762143772.698000,4,50,4,45,1762143771.798000,49,-1,0.982,TRUE,1683,2025-11-03T09:52:52.629570,1762143771.843000,23,26,23,2,1762143771.780500,25,-25,1.001,TRUE,17.500,89890.486,FALSE,FALSE,FALSE,TRUE,FALSE,ECG samples:25
1700,-18117.8,TRUE,1684,2025-11-03T09:52:53.629572,1762143773.700000,4,50,4,45,1762143772.800000,49,-1,1.002,TRUE,1684,2025-11-03T09:52:53.629572,1762143772.845000,23,26,23,2,1762143772.782500,25,-25,1.002,TRUE,17.500,89907.986,FALSE,FALSE,FALSE,TRUE,FALSE,ECG samples:25
1701,-18116.8,TRUE,1685,2025-11-03T09:52:54.629580,1762143774.701000,4,50,4,45,1762143773.801000,49,-1,1.001,TRUE,1685,2025-11-03T09:52:54.629580,1762143773.846000,23,26,23,2,1762143773.783500,25,-25,1.001,TRUE,17.500,89925.486,FALSE,FALSE,FALSE,TRUE,FALSE,ECG samples:25
1702,-18115.8,TRUE,1686,2025-11-03T09:52:55.629578,1762143775.702000,4,49,4,44,1762143774.822000,48,-2,1.021,TRUE,1686,2025-11-03T09:52:55.629578,1762143774.847000,23,26,23,2,1762143774.784500,25,-25,1.001,TRUE,37.500,89962.986,FALSE,FALSE,FALSE,TRUE,FALSE,ECG samples:25
1703,-18114.8,TRUE,1687,2025-11-03T09:52:56.629571,1762143776.704000,4,49,4,44,1762143775.824000,48,-2,1.002,TRUE,1687,2025-11-03T09:52:56.629571,1762143775.850000,23,26,23,2,1762143775.787500,24,-26,1.003,TRUE,36.500,89999.486,FALSE,FALSE,FALSE,TRUE,FALSE,ECG samples:24
1704,-18113.8,TRUE,1688,2025-11-03T09:52:57.629572,1762143777.705000,4,49,4,44,1762143776.825000,47,-3,1.001,TRUE,1688,2025-11-03T09:52:57.629572,1762143776.851000,22,25,22,2,1762143776.788500,25,-25,1.001,TRUE,36.500,90035.985,FALSE,FALSE,FALSE,TRUE,FALSE,ECG samples:25
1705,-18112.8,TRUE,1689,2025-11-03T09:52:58.629571,1762143778.706000,3,48,3,44,1762143777.826000,47,-3,1.001,TRUE,1689,2025-11-03T09:52:58.629571,1762143777.853000,23,26,23,2,1762143777.790500,25,-25,1.002,TRUE,35.500,90071.486,FALSE,FALSE,FALSE,TRUE,FALSE,ECG samples:25
1706,-18111.8,TRUE,1690,2025-11-03T09:52:59.629569,1762143779.708000,3,48,3,44,1762143778.828000,47,-3,1.002,TRUE,1690,2025-11-03T09:52:59.629569,1762143778.855000,23,26,23,2,1762143778.792500,25,-25,1.002,TRUE,35.500,90106.985,FALSE,FALSE,FALSE,TRUE,FALSE,ECG samples:25
1707,-18110.8,TRUE,1691,2025-11-03T09:53:00.629575,1762143780.709000,3,49,3,45,1762143779.809000,48,-2,0.981,TRUE,1691,2025-11-03T09:53:00.629575,1762143779.857000,23,26,23,2,1762143779.794500,25,-25,1.002,TRUE,14.500,90121.485,FALSE,FALSE,FALSE,TRUE,FALSE,ECG samples:25
1708,-18109.8,TRUE,1692,2025-11-03T09:53:01.629578,1762143781.710000,3,49,3,45,1762143780.810000,48,-2,1.001,TRUE,1692,2025-11-03T09:53:01.629578,1762143780.860000,23,26,23,2,1762143780.797500,25,-25,1.003,TRUE,12.500,90133.985,FALSE,FALSE,FALSE,TRUE,FALSE,ECG samples:25
1709,-18108.8,TRUE,1693,2025-11-03T09:53:02.629571,1762143782.711000,3,49,3,45,1762143781.811000,49,-1,1.001,TRUE,1693,2025-11-03T09:53:02.629571,1762143781.861000,23,26,23,2,1762143781.798500,25,-25,1.001,TRUE,12.500,90146.485,FALSE,FALSE,FALSE,TRUE,FALSE,ECG samples:25
1710,-18107.8,TRUE,1694,2025-11-03T09:53:03.629577,1762143783.714000,4,49,4,44,1762143782.834000,48,-2,1.023,TRUE,1694,2025-11-03T09:53:03.629577,1762143782.862000,23,26,23,2,1762143782.799500,25,-25,1.001,TRUE,34.500,90180.985,FALSE,FALSE,FALSE,TRUE,FALSE,ECG samples:25
1711,-18106.8,TRUE,1695,2025-11-03T09:53:04.629564,1762143784.715000,4,50,4,45,1762143783.815000,48,-2,0.981,TRUE,1695,2025-11-03T09:53:04.629564,1762143783.863000,23,26,23,2,1762143783.800500,25,-25,1.001,TRUE,14.500,90195.485,FALSE,FALSE,FALSE,TRUE,FALSE,ECG samples:25
1712,-18105.8,TRUE,1696,2025-11-03T09:53:05.629566,1762143785.717000,3,48,3,44,1762143784.837000,47,-3,1.022,TRUE,1696,2025-11-03T09:53:05.629566,1762143784.864000,23,26,23,2,1762143784.801500,25,-25,1.001,TRUE,35.500,90230.985,FALSE,FALSE,FALSE,TRUE,FALSE,ECG samples:25
1713,-18104.8,TRUE,1697,2025-11-03T09:53:06.629569,1762143786.721000,3,50,3,46,1762143785.801000,49,-1,0.964,TRUE,1697,2025-11-03T09:53:06.629569,1762143785.866000,23,26,23,2,1762143785.803500,25,-25,1.002,TRUE,2.500,90233.485,FALSE,FALSE,FALSE,TRUE,FALSE,ECG samples:25
1714,-18103.8,TRUE,1698,2025-11-03T09:53:07.629581,1762143787.722000,3,49,3,45,1762143786.822000,48,-2,1.021,TRUE,1698,2025-11-03T09:53:07.629581,1762143786.867000,23,26,23,2,1762143786.804500,25,-25,1.001,TRUE,17.500,90250.984,FALSE,FALSE,FALSE,TRUE,FALSE,ECG samples:25
1715,-18102.8,TRUE,1699,2025-11-03T09:53:08.629579,1762143788.727000,3,49,3,45,1762143787.827000,48,-2,1.005,TRUE,1699,2025-11-03T09:53:08.629579,1762143787.868000,23,27,23,3,1762143787.774250,25,-25,0.970,TRUE,52.750,90303.734,FALSE,FALSE,FALSE,TRUE,FALSE,ECG samples:25
1716,-18101.8,TRUE,1700,2025-11-03T09:53:09.629571,1762143789.728000,3,50,3,46,1762143788.808000,49,-1,0.981,TRUE,1700,2025-11-03T09:53:09.629571,1762143788.870000,22,26,22,3,1762143788.776250,25,-25,1.002,TRUE,31.750,90335.484,FALSE,FALSE,FALSE,TRUE,FALSE,ECG samples:25
1717,-18100.8,TRUE,1701,2025-11-03T09:53:10.629575,1762143790.729000,3,49,3,45,1762143789.829000,47,-3,1.021,TRUE,1701,2025-11-03T09:53:10.629575,1762143789.871000,22,26,22,3,1762143789.777250,25,-25,1.001,TRUE,51.750,90387.234,FALSE,FALSE,FALSE,TRUE,FALSE,ECG samples:25
1718,-18099.8,TRUE,1702,2025-11-03T09:53:11.629566,1762143791.633000,2,45,2,42,1762143790.793000,50,+0,0.964,TRUE,1702,2025-11-03T09:53:11.629566,1762143790.872000,22,26,22,3,1762143790.778250,25,-25,1.001,TRUE,14.750,90401.984,FALSE,FALSE,FALSE,TRUE,FALSE,ECG samples:25
1719,-18098.8,TRUE,1703,2025-11-03T09:53:12.629566,1762143792.636000,8,51,8,42,1762143791.796000,49,-1,1.003,TRUE,1703,2025-11-03T09:53:12.629566,1762143791.774000,22,23,22,0,1762143791.774000,25,-25,0.996,TRUE,22.000,90423.984,FALSE,FALSE,FALSE,TRUE,FALSE,ECG samples:25
1720,-18097.8,TRUE,1704,2025-11-03T09:53:13.629558,1762143793.637000,7,50,7,42,1762143792.797000,49,-1,1.001,TRUE,1704,2025-11-03T09:53:13.629558,1762143792.776000,25,26,25,0,1762143792.776000,25,-25,1.002,TRUE,21.000,90444.984,FALSE,FALSE,FALSE,TRUE,FALSE,ECG samples:25
1721,-18096.8,TRUE,1705,2025-11-03T09:53:14.629564,1762143794.638000,7,50,7,42,1762143793.798000,50,+0,1.001,TRUE,1705,2025-11-03T09:53:14.629564,1762143793.778000,25,26,25,0,1762143793.778000,25,-25,1.002,TRUE,20.000,90464.984,FALSE,FALSE,FALSE,TRUE,FALSE,ECG samples:25
1722,-18095.8,TRUE,1706,2025-11-03T09:53:15.629556,1762143795.639000,8,51,8,42,1762143794.799000,49,-1,1.001,TRUE,1706,2025-11-03T09:53:15.629556,1762143794.780000,25,26,25,0,1762143794.780000,25,-25,1.002,TRUE,19.000,90483.984,FALSE,FALSE,FALSE,TRUE,FALSE,ECG samples:25
1723,-18094.8,TRUE,1707,2025-11-03T09:53:16.629553,1762143796.641000,7,50,7,42,1762143795.801000,50,+0,1.002,TRUE,1707,2025-11-03T09:53:16.629553,1762143795.782000,25,26,25,0,1762143795.782000,25,-25,1.002,TRUE,19.000,90502.985,FALSE,FALSE,FALSE,TRUE,FALSE,ECG samples:25
1724,-18093.8,TRUE,1708,2025-11-03T09:53:17.629554,1762143797.642000,8,50,8,41,1762143796.822000,49,-1,1.021,TRUE,1708,2025-11-03T09:53:17.629554,1762143796.783000,25,26,25,0,1762143796.783000,25,-25,1.001,TRUE,39.000,90541.985,FALSE,FALSE,FALSE,TRUE,FALSE,ECG samples:25
1725,-18092.8,TRUE,1709,2025-11-03T09:53:18.629553,1762143798.643000,8,51,8,42,1762143797.803000,49,-1,0.981,TRUE,1709,2025-11-03T09:53:18.629553,1762143797.784000,25,26,25,0,1762143797.784000,25,-25,1.001,TRUE,19.000,90560.985,FALSE,FALSE,FALSE,TRUE,FALSE,ECG samples:25
1726,-18091.8,TRUE,1710,2025-11-03T09:53:19.629557,1762143799.644000,7,50,7,42,1762143798.804000,49,-1,1.001,TRUE,1710,2025-11-03T09:53:19.629557,1762143798.785000,25,26,25,0,1762143798.785000,24,-26,1.001,TRUE,19.000,90579.985,FALSE,FALSE,FALSE,TRUE,FALSE,ECG samples:24
1727,-18090.8,TRUE,1711,2025-11-03T09:53:20.629553,1762143800.646000,7,51,7,43,1762143799.786000,50,+0,0.982,TRUE,1711,2025-11-03T09:53:20.629553,1762143799.786000,24,25,24,0,1762143799.786000,25,-25,1.001,TRUE,0.000,90579.985,FALSE,FALSE,FALSE,TRUE,FALSE,ECG samples:25
1728,-18089.8,TRUE,1712,2025-11-03T09:53:21.629573,1762143801.648000,7,48,7,40,1762143800.848000,47,-3,1.062,TRUE,1712,2025-11-03T09:53:21.629573,1762143800.787000,25,27,25,1,1762143800.755750,25,-25,0.970,TRUE,92.250,90672.235,FALSE,FALSE,FALSE,TRUE,TRUE,ECG samples:25;ICG interval:1.062s;ECG interval:0.970s
1729,-18088.8,TRUE,1713,2025-11-03T09:53:22.629573,1762143802.649000,7,50,7,42,1762143801.809000,48,-2,0.961,TRUE,1713,2025-11-03T09:53:22.629573,1762143801.788000,24,26,24,1,1762143801.756750,25,-25,1.001,TRUE,52.250,90724.485,FALSE,FALSE,FALSE,TRUE,FALSE,ECG samples:25
1730,-18087.8,TRUE,1714,2025-11-03T09:53:23.629578,1762143803.651000,6,48,6,41,1762143802.831000,48,-2,1.022,TRUE,1714,2025-11-03T09:53:23.629578,1762143802.790000,24,26,24,1,1762143802.758750,25,-25,1.002,TRUE,72.250,90796.735,FALSE,FALSE,FALSE,TRUE,FALSE,ECG samples:25
1731,-18086.8,TRUE,1715,2025-11-03T09:53:24.629570,1762143804.653000,7,49,7,41,1762143803.833000,48,-2,1.002,TRUE,1715,2025-11-03T09:53:24.629570,1762143803.792000,24,26,24,1,1762143803.760750,25,-25,1.002,TRUE,72.250,90868.985,FALSE,FALSE,FALSE,TRUE,FALSE,ECG samples:25
1732,-18085.8,TRUE,1716,2025-11-03T09:53:25.629577,1762143805.655000,7,49,7,41,1762143804.835000,48,-2,1.002,TRUE,1716,2025-11-03T09:53:25.629577,1762143804.793000,24,26,24,1,1762143804.761750,25,-25,1.001,TRUE,73.250,90942.235,FALSE,FALSE,FALSE,TRUE,FALSE,ECG samples:25
1733,-18084.8,TRUE,1717,2025-11-03T09:53:26.629566,1762143806.659000,7,49,7,41,1762143805.839000,47,-3,1.004,TRUE,1717,2025-11-03T09:53:26.629566,1762143805.794000,24,26,24,1,1762143805.762750,25,-25,1.001,TRUE,76.250,91018.485,FALSE,FALSE,FALSE,TRUE,FALSE,ECG samples:25
1734,-18083.8,TRUE,1718,2025-11-03T09:53:27.629569,1762143807.660000,6,50,6,43,1762143806.800000,49,-1,0.961,TRUE,1718,2025-11-03T09:53:27.629569,1762143806.795000,24,26,24,1,1762143806.763750,25,-25,1.001,TRUE,36.250,91054.735,FALSE,FALSE,FALSE,TRUE,FALSE,ECG samples:25
1735,-18082.8,TRUE,1719,2025-11-03T09:53:28.629574,1762143808.661000,6,49,6,42,1762143807.821000,48,-2,1.021,TRUE,1719,2025-11-03T09:53:28.629574,1762143807.797000,24,26,24,1,1762143807.765750,25,-25,1.002,TRUE,55.250,91109.985,FALSE,FALSE,FALSE,TRUE,FALSE,ECG samples:25
1736,-18081.8,TRUE,1720,2025-11-03T09:53:29.629575,1762143809.663000,6,50,6,43,1762143808.803000,49,-1,0.982,TRUE,1720,2025-11-03T09:53:29.629575,1762143808.798000,24,26,24,1,1762143808.766750,25,-25,1.001,TRUE,36.250,91146.235,FALSE,FALSE,FALSE,TRUE,FALSE,ECG samples:25
1737,-18080.8,TRUE,1721,2025-11-03T09:53:30.629571,1762143810.666000,6,49,6,42,1762143809.826000,48,-2,1.023,TRUE,1721,2025-11-03T09:53:30.629571,1762143809.799000,24,26,24,1,1762143809.767750,25,-25,1.001,TRUE,58.250,91204.485,FALSE,FALSE,FALSE,TRUE,FALSE,ECG samples:25
1738,-18079.8,TRUE,1722,2025-11-03T09:53:31.629572,1762143811.667000,6,49,6,42,1762143810.827000,48,-2,1.001,TRUE,1722,2025-11-03T09:53:31.629572,1762143810.801000,24,26,24,1,1762143810.769750,25,-25,1.002,TRUE,57.250,91261.735,FALSE,FALSE,FALSE,TRUE,FALSE,ECG samples:25
1739,-18078.8,TRUE,1723,2025-11-03T09:53:32.629576,1762143812.669000,6,49,6,42,1762143811.829000,47,-3,1.002,TRUE,1723,2025-11-03T09:53:32.629576,1762143811.802000,24,26,24,1,1762143811.770750,25,-25,1.001,TRUE,58.250,91319.985,FALSE,FALSE,FALSE,TRUE,FALSE,ECG samples:25
1740,-18077.8,TRUE,1724,2025-11-03T09:53:33.629570,1762143813.670000,5,49,5,43,1762143812.810000,49,-1,0.981,TRUE,1724,2025-11-03T09:53:33.629570,1762143812.804000,24,26,24,1,1762143812.772750,25,-25,1.002,TRUE,37.250,91357.236,FALSE,FALSE,FALSE,TRUE,FALSE,ECG samples:25
1741,-18076.8,TRUE,1725,2025-11-03T09:53:34.629572,1762143814.672000,6,49,6,42,1762143813.832000,48,-2,1.022,TRUE,1725,2025-11-03T09:53:34.629572,1762143813.805000,24,26,24,1,1762143813.773750,25,-25,1.001,TRUE,58.250,91415.486,FALSE,FALSE,FALSE,TRUE,FALSE,ECG samples:25
1742,-18075.8,TRUE,1726,2025-11-03T09:53:35.629648,1762143815.673000,6,49,6,42,1762143814.833000,48,-2,1.001,TRUE,1726,2025-11-03T09:53:35.629648,1762143814.806000,24,26,24,1,1762143814.774750,25,-25,1.001,TRUE,58.250,91473.736,FALSE,FALSE,FALSE,TRUE,FALSE,ECG samples:25
1743,-18074.8,TRUE,1727,2025-11-03T09:53:36.629578,1762143816.674000,6,50,6,43,1762143815.814000,48,-2,0.981,TRUE,1727,2025-11-03T09:53:36.629578,1762143815.807000,24,26,24,1,1762143815.775750,24,-26,1.001,TRUE,38.250,91511.986,FALSE,FALSE,FALSE,TRUE,FALSE,ECG samples:24
1744,-18073.8,TRUE,1728,2025-11-03T09:53:37.629585,1762143817.676000,5,49,5,43,1762143816.816000,49,-1,1.002,TRUE,1728,2025-11-03T09:53:37.629585,1762143816.808000,23,25,23,1,1762143816.776750,25,-25,1.001,TRUE,39.250,91551.236,FALSE,FALSE,FALSE,TRUE,FALSE,ECG samples:25
1745,-18072.8,TRUE,1729,2025-11-03T09:53:38.629575,1762143818.678000,6,50,6,43,1762143817.818000,48,-2,1.002,TRUE,1729,2025-11-03T09:53:38.629575,1762143817.809000,24,26,24,1,1762143817.777750,25,-25,1.001,TRUE,40.250,91591.486,FALSE,FALSE,FALSE,TRUE,FALSE,ECG samples:25
1746,-18071.8,TRUE,1730,2025-11-03T09:53:39.629575,1762143819.680000,5,48,5,42,1762143818.840000,48,-2,1.022,TRUE,1730,2025-11-03T09:53:39.629575,1762143818.811000,24,26,24,1,1762143818.779750,25,-25,1.002,TRUE,60.250,91651.736,FALSE,FALSE,FALSE,TRUE,FALSE,ECG samples:25
1747,-18070.8,TRUE,1731,2025-11-03T09:53:40.629568,1762143820.682000,6,50,6,43,1762143819.822000,48,-2,0.982,TRUE,1731,2025-11-03T09:53:40.629568,1762143819.812000,24,26,24,1,1762143819.780750,25,-25,1.001,TRUE,41.250,91692.986,FALSE,FALSE,FALSE,TRUE,FALSE,ECG samples:25
1748,-18069.8,TRUE,1732,2025-11-03T09:53:41.629568,1762143821.684000,5,49,5,43,1762143820.824000,48,-2,1.002,TRUE,1732,2025-11-03T09:53:41.629568,1762143820.814000,24,26,24,1,1762143820.782750,25,-25,1.002,TRUE,41.250,91734.236,FALSE,FALSE,FALSE,TRUE,FALSE,ECG samples:25
1749,-18068.8,TRUE,1733,2025-11-03T09:53:42.629566,1762143822.687000,5,48,5,42,1762143821.847000,48,-2,1.023,TRUE,1733,2025-11-03T09:53:42.629566,1762143821.815000,24,26,24,1,1762143821.783750,25,-25,1.001,TRUE,63.250,91797.487,FALSE,FALSE,FALSE,TRUE,FALSE,ECG samples:25
1750,-18067.8,TRUE,1734,2025-11-03T09:53:43.629636,1762143823.689000,6,50,6,43,1762143822.829000,48,-2,0.982,TRUE,1734,2025-11-03T09:53:43.629636,1762143822.816000,24,26,24,1,1762143822.784750,25,-25,1.001,TRUE,44.250,91841.737,FALSE,FALSE,FALSE,TRUE,FALSE,ECG samples:25
1751,-18066.8,TRUE,1735,2025-11-03T09:53:44.629571,1762143824.692000,5,48,5,42,1762143823.852000,47,-3,1.023,TRUE,1735,2025-11-03T09:53:44.629571,1762143823.818000,24,26,24,1,1762143823.786750,25,-25,1.002,TRUE,65.250,91906.986,FALSE,FALSE,FALSE,TRUE,FALSE,ECG samples:25
1752,-18065.8,TRUE,1736,2025-11-03T09:53:45.629574,1762143825.694000,5,50,5,44,1762143824.814000,49,-1,0.962,TRUE,1736,2025-11-03T09:53:45.629574,1762143824.820000,24,26,24,1,1762143824.788750,25,-25,1.002,TRUE,25.250,91932.236,FALSE,FALSE,FALSE,TRUE,FALSE,ECG samples:25
1753,-18064.8,TRUE,1737,2025-11-03T09:53:46.629627,1762143826.695000,5,49,5,43,1762143825.835000,48,-2,1.021,TRUE,1737,2025-11-03T09:53:46.629627,1762143825.821000,24,26,24,1,1762143825.789750,25,-25,1.001,TRUE,45.250,91977.486,FALSE,FALSE,FALSE,TRUE,FALSE,ECG samples:25
1754,-18063.8,TRUE,1738,2025-11-03T09:53:47.629569,1762143827.697000,5,49,5,43,1762143826.837000,48,-2,1.002,TRUE,1738,2025-11-03T09:53:47.629569,1762143826.823000,24,26,24,1,1762143826.791750,25,-25,1.002,TRUE,45.250,92022.737,FALSE,FALSE,FALSE,TRUE,FALSE,ECG samples:25
1755,-18062.8,TRUE,1739,2025-11-03T09:53:48.629565,1762143828.699000,5,49,5,43,1762143827.839000,48,-2,1.002,TRUE,1739,2025-11-03T09:53:48.629565,1762143827.825000,24,26,24,1,1762143827.793750,25,-25,1.002,TRUE,45.250,92067.986,FALSE,FALSE,FALSE,TRUE,FALSE,ECG samples:25
1756,-18061.8,TRUE,1740,2025-11-03T09:53:49.629567,1762143829.700000,5,50,5,44,1762143828.820000,48,-2,0.981,TRUE,1740,2025-11-03T09:53:49.629567,1762143828.826000,24,26,24,1,1762143828.794750,25,-25,1.001,TRUE,25.250,92093.236,FALSE,FALSE,FALSE,TRUE,FALSE,ECG samples:25
1757,-18060.8,TRUE,1741,2025-11-03T09:53:50.629577,1762143830.702000,4,49,4,44,1762143829.822000,48,-2,1.002,TRUE,1741,2025-11-03T09:53:50.629577,1762143829.827000,24,27,24,2,1762143829.764500,25,-25,0.970,TRUE,57.500,92150.736,FALSE,FALSE,FALSE,TRUE,FALSE,ECG samples:25
1758,-18059.8,TRUE,1742,2025-11-03T09:53:51.629573,1762143831.703000,4,49,4,44,1762143830.823000,49,-1,1.001,TRUE,1742,2025-11-03T09:53:51.629573,1762143830.829000,23,26,23,2,1762143830.766500,25,-25,1.002,TRUE,56.500,92207.236,FALSE,FALSE,FALSE,TRUE,FALSE,ECG samples:25
1759,-18058.8,TRUE,1743,2025-11-03T09:53:52.629570,1762143832.705000,5,48,5,42,1762143831.865000,47,-3,1.042,TRUE,1743,2025-11-03T09:53:52.629570,1762143831.830000,23,26,23,2,1762143831.767500,25,-25,1.001,TRUE,97.500,92304.736,FALSE,FALSE,FALSE,TRUE,FALSE,ECG samples:25
1760,-18057.8,TRUE,1744,2025-11-03T09:53:53.629573,1762143833.706000,5,51,5,45,1762143832.806000,49,-1,0.941,TRUE,1744,2025-11-03T09:53:53.629573,1762143832.831000,23,26,23,2,1762143832.768500,25,-25,1.001,TRUE,37.500,92342.236,FALSE,FALSE,FALSE,TRUE,TRUE,ECG samples:25;ICG interval:0.941s;ECG interval:1.001s
1761,-18056.8,TRUE,1745,2025-11-03T09:53:54.629576,1762143834.708000,4,48,4,43,1762143833.848000,48,-2,1.042,TRUE,1745,2025-11-03T09:53:54.629576,1762143833.833000,23,26,23,2,1762143833.770500,25,-25,1.002,TRUE,77.500,92419.736,FALSE,FALSE,FALSE,TRUE,FALSE,ECG samples:25
1762,-18055.8,TRUE,1746,2025-11-03T09:53:55.629575,1762143835.710000,5,51,5,45,1762143834.810000,49,-1,0.962,TRUE,1746,2025-11-03T09:53:55.629575,1762143834.834000,23,26,23,2,1762143834.771500,25,-25,1.001,TRUE,38.500,92458.236,FALSE,FALSE,FALSE,TRUE,FALSE,ECG samples:25
1763,-18054.8,TRUE,1747,2025-11-03T09:53:56.629578,1762143836.712000,4,49,4,44,1762143835.832000,49,-1,1.022,TRUE,1747,2025-11-03T09:53:56.629578,1762143835.835000,23,26,23,2,1762143835.772500,25,-25,1.001,TRUE,59.500,92517.736,FALSE,FALSE,FALSE,TRUE,FALSE,ECG samples:25
1764,-18053.8,TRUE,1748,2025-11-03T09:53:57.629585,1762143837.714000,5,50,5,44,1762143836.834000,48,-2,1.002,TRUE,1748,2025-11-03T09:53:57.629585,1762143836.836000,23,26,23,2,1762143836.773500,25,-25,1.001,TRUE,60.500,92578.236,FALSE,FALSE,FALSE,TRUE,FALSE,ECG samples:25
1765,-18052.8,TRUE,1749,2025-11-03T09:53:58.629568,1762143838.717000,4,48,4,43,1762143837.857000,47,-3,1.023,TRUE,1749,2025-11-03T09:53:58.629568,1762143837.838000,23,26,23,2,1762143837.775500,25,-25,1.002,TRUE,81.500,92659.736,FALSE,FALSE,FALSE,TRUE,FALSE,ECG samples:25
1766,-18051.8,TRUE,1750,2025-11-03T09:53:59.629570,1762143839.718000,4,50,4,45,1762143838.818000,49,-1,0.961,TRUE,1750,2025-11-03T09:53:59.629570,1762143838.839000,23,26,23,2,1762143838.776500,25,-25,1.001,TRUE,41.500,92701.236,FALSE,FALSE,FALSE,TRUE,FALSE,ECG samples:25
1767,-18050.8,TRUE,1751,2025-11-03T09:54:00.629578,1762143840.721000,4,48,4,43,1762143839.861000,47,-3,1.043,TRUE,1751,2025-11-03T09:54:00.629578,1762143839.840000,23,26,23,2,1762143839.777500,25,-25,1.001,TRUE,83.500,92784.736,FALSE,FALSE,FALSE,TRUE,FALSE,ECG samples:25
1768,-18049.8,TRUE,1752,2025-11-03T09:54:01.629575,1762143841.723000,4,49,4,44,1762143840.843000,48,-2,0.982,TRUE,1752,2025-11-03T09:54:01.629575,1762143840.842000,23,26,23,2,1762143840.779500,25,-25,1.002,TRUE,63.500,92848.236,FALSE,FALSE,FALSE,TRUE,FALSE,ECG samples:25
1769,-18048.8,TRUE,1753,2025-11-03T09:54:02.629576,1762143842.725000,4,50,4,45,1762143841.825000,49,-1,0.982,TRUE,1753,2025-11-03T09:54:02.629576,1762143841.843000,23,26,23,2,1762143841.780500,25,-25,1.001,TRUE,44.500,92892.736,FALSE,FALSE,FALSE,TRUE,FALSE,ECG samples:25
1770,-18047.8,TRUE,1754,2025-11-03T09:54:03.629568,1762143843.727000,4,48,4,43,1762143842.867000,47,-3,1.042,TRUE,1754,2025-11-03T09:54:03.629568,1762143842.844000,23,26,23,2,1762143842.781500,25,-25,1.001,TRUE,85.500,92978.236,FALSE,FALSE,FALSE,TRUE,FALSE,ECG samples:25
1771,-18046.8,TRUE,1755,2025-11-03T09:54:04.629568,1762143844.729000,4,50,4,45,1762143843.829000,49,-1,0.962,TRUE,1755,2025-11-03T09:54:04.629568,1762143843.846000,23,26,23,2,1762143843.783500,25,-25,1.002,TRUE,45.500,93023.736,FALSE,FALSE,FALSE,TRUE,FALSE,ECG samples:25
1772,-18045.8,TRUE,1756,2025-11-03T09:54:05.629567,1762143845.632000,4,44,4,39,1762143844.852000,47,-3,1.023,TRUE,1756,2025-11-03T09:54:05.629567,1762143844.847000,23,26,23,2,1762143844.784500,25,-25,1.001,TRUE,67.500,93091.236,FALSE,FALSE,FALSE,TRUE,FALSE,ECG samples:25
1773,-18044.8,TRUE,1757,2025-11-03T09:54:06.629571,1762143846.632000,8,50,8,41,1762143845.812000,50,+0,0.960,TRUE,1758,2025-11-03T09:54:07.629571,1762143846.750000,0,26,0,25,1762143845.968750,25,-25,1.184,TRUE,156.750,93247.986,FALSE,FALSE,FALSE,TRUE,TRUE,ECG samples:25;ICG interval:0.960s;ECG interval:1.184s
1774,-18043.8,TRUE,1758,2025-11-03T09:54:07.629571,1762143847.634000,9,50,9,40,1762143846.834000,48,-2,1.022,TRUE,1759,2025-11-03T09:54:08.629569,1762143847.751000,0,26,0,25,1762143846.969750,25,-25,1.001,TRUE,135.750,93383.736,FALSE,FALSE,FALSE,TRUE,FALSE,ECG samples:25
1775,-18042.8,TRUE,1759,2025-11-03T09:54:08.629569,1762143848.635000,8,47,8,38,1762143847.875000,45,-5,1.041,TRUE,1760,2025-11-03T09:54:09.629567,1762143848.752000,0,26,0,25,1762143847.970750,25,-25,1.001,TRUE,95.750,93479.486,FALSE,FALSE,FALSE,TRUE,FALSE,ECG samples:25
1776,-18041.8,TRUE,1760,2025-11-03T09:54:09.629567,1762143849.636000,7,49,7,41,1762143848.816000,49,-1,0.941,TRUE,1761,2025-11-03T09:54:10.629572,1762143849.754000,0,25,0,24,1762143849.004000,24,-26,1.033,TRUE,188.000,93667.486,FALSE,FALSE,FALSE,TRUE,TRUE,ECG samples:24;ICG interval:0.941s;ECG interval:1.033s
1777,-18040.8,TRUE,1761,2025-11-03T09:54:10.629572,1762143850.638000,8,49,8,40,1762143849.838000,49,-1,1.022,TRUE,1762,2025-11-03T09:54:11.629571,1762143850.756000,0,26,0,25,1762143849.974750,25,-25,0.971,TRUE,136.750,93804.236,FALSE,FALSE,FALSE,TRUE,FALSE,ECG samples:25
1778,-18039.8,TRUE,1762,2025-11-03T09:54:11.629571,1762143851.641000,9,50,9,40,1762143850.841000,48,-2,1.003,TRUE,1763,2025-11-03T09:54:12.629575,1762143851.756000,0,26,0,25,1762143850.974750,25,-25,1.000,TRUE,133.750,93937.986,FALSE,FALSE,FALSE,TRUE,FALSE,ECG samples:25
1779,-18038.8,TRUE,1763,2025-11-03T09:54:12.629575,1762143852.642000,8,49,8,40,1762143851.842000,48,-2,1.001,TRUE,1764,2025-11-03T09:54:13.629572,1762143852.758000,0,26,0,25,1762143851.976750,25,-25,1.002,TRUE,134.750,94072.736,FALSE,FALSE,FALSE,TRUE,FALSE,ECG samples:25
1780,-18037.8,TRUE,1764,2025-11-03T09:54:13.629572,1762143853.645000,8,48,8,39,1762143852.865000,47,-3,1.023,TRUE,1765,2025-11-03T09:54:14.629570,1762143853.759000,0,26,0,25,1762143852.977750,25,-25,1.001,TRUE,112.750,94185.486,FALSE,FALSE,FALSE,TRUE,FALSE,ECG samples:25
1781,-18036.8,TRUE,1765,2025-11-03T09:54:14.629570,1762143854.646000,8,49,8,40,1762143853.846000,48,-2,0.981,TRUE,1766,2025-11-03T09:54:15.629585,1762143854.761000,0,26,0,25,1762143853.979750,25,-25,1.002,TRUE,133.750,94319.236,FALSE,FALSE,FALSE,TRUE,FALSE,ECG samples:25
1782,-18035.8,TRUE,1766,2025-11-03T09:54:15.629585,1762143855.647000,8,49,8,40,1762143854.847000,48,-2,1.001,TRUE,1767,2025-11-03T09:54:16.629574,1762143855.763000,0,26,0,25,1762143854.981750,25,-25,1.002,TRUE,134.750,94453.985,FALSE,FALSE,FALSE,TRUE,FALSE,ECG samples:25
1783,-18034.8,TRUE,1767,2025-11-03T09:54:16.629574,1762143856.648000,8,50,8,41,1762143855.828000,49,-1,0.981,TRUE,1768,2025-11-03T09:54:17.629570,1762143856.766000,0,26,0,25,1762143855.984750,25,-25,1.003,TRUE,156.750,94610.735,FALSE,FALSE,FALSE,TRUE,FALSE,ECG samples:25
1784,-18033.8,TRUE,1768,2025-11-03T09:54:17.629570,1762143857.650000,8,49,8,40,1762143856.850000,47,-3,1.022,TRUE,1769,2025-11-03T09:54:18.629575,1762143857.767000,0,26,0,25,1762143856.985750,25,-25,1.001,TRUE,135.750,94746.485,FALSE,FALSE,FALSE,TRUE,FALSE,ECG samples:25
1785,-18032.8,TRUE,1769,2025-11-03T09:54:18.629575,1762143858.651000,7,49,7,41,1762143857.831000,48,-2,0.981,TRUE,1770,2025-11-03T09:54:19.629577,1762143858.769000,0,26,0,25,1762143857.987750,25,-25,1.002,TRUE,156.750,94903.235,FALSE,FALSE,FALSE,TRUE,FALSE,ECG samples:25
1786,-18031.8,TRUE,1770,2025-11-03T09:54:19.629577,1762143859.652000,7,49,7,41,1762143858.832000,49,-1,1.001,TRUE,1771,2025-11-03T09:54:20.629577,1762143859.770000,0,26,0,25,1762143858.988750,25,-25,1.001,TRUE,156.750,95059.985,FALSE,FALSE,FALSE,TRUE,FALSE,ECG samples:25
1787,-18030.8,TRUE,1771,2025-11-03T09:54:20.629577,1762143860.654000,8,49,8,40,1762143859.854000,47,-3,1.022,TRUE,1772,2025-11-03T09:54:21.629586,1762143860.772000,0,26,0,25,1762143859.990750,25,-25,1.002,TRUE,136.750,95196.735,FALSE,FALSE,FALSE,TRUE,FALSE,ECG samples:25
1788,-18029.8,TRUE,1772,2025-11-03T09:54:21.629586,1762143861.655000,7,50,7,42,1762143860.815000,49,-1,0.961,TRUE,1773,2025-11-03T09:54:22.629571,1762143861.774000,0,26,0,25,1762143860.992750,25,-25,1.002,TRUE,177.750,95374.485,FALSE,FALSE,FALSE,TRUE,FALSE,ECG samples:25
1789,-18028.8,TRUE,1773,2025-11-03T09:54:22.629571,1762143862.656000,7,48,7,40,1762143861.856000,48,-2,1.041,TRUE,1774,2025-11-03T09:54:23.629575,1762143862.774000,0,26,0,25,1762143861.992750,25,-25,1.000,TRUE,136.750,95511.235,FALSE,FALSE,FALSE,TRUE,FALSE,ECG samples:25
1790,-18027.8,TRUE,1774,2025-11-03T09:54:23.629575,1762143863.658000,8,49,8,40,1762143862.858000,46,-4,1.002,TRUE,1775,2025-11-03T09:54:24.629575,1762143863.776000,0,26,0,25,1762143862.994750,26,-24,1.002,TRUE,136.750,95647.985,FALSE,FALSE,FALSE,TRUE,FALSE,ECG samples:26
1791,-18026.8,TRUE,1775,2025-11-03T09:54:24.629575,1762143864.660000,6,48,6,41,1762143863.840000,48,-2,0.982,TRUE,1776,2025-11-03T09:54:25.629568,1762143864.778000,1,26,1,24,1762143864.028000,25,-25,1.033,TRUE,188.000,95835.985,FALSE,FALSE,FALSE,TRUE,FALSE,ECG samples:25
1792,-18025.8,TRUE,1776,2025-11-03T09:54:25.629568,1762143865.661000,7,50,7,42,1762143864.821000,49,-1,0.981,TRUE,1777,2025-11-03T09:54:26.629575,1762143865.779000,1,26,1,24,1762143865.029000,25,-25,1.001,TRUE,208.000,96043.985,FALSE,FALSE,FALSE,TRUE,FALSE,ECG samples:25
1793,-18024.8,TRUE,1777,2025-11-03T09:54:26.629575,1762143866.663000,7,49,7,41,1762143865.843000,48,-2,1.022,TRUE,1778,2025-11-03T09:54:27.629574,1762143866.780000,1,26,1,24,1762143866.030000,25,-25,1.001,TRUE,187.000,96230.985,FALSE,FALSE,FALSE,TRUE,FALSE,ECG samples:25
1794,-18023.8,TRUE,1778,2025-11-03T09:54:27.629574,1762143867.664000,7,49,7,41,1762143866.844000,48,-2,1.001,TRUE,1779,2025-11-03T09:54:28.629574,1762143867.781000,1,26,1,24,1762143867.031000,25,-25,1.001,TRUE,187.000,96417.984,FALSE,FALSE,FALSE,TRUE,FALSE,ECG samples:25
1795,-18022.8,TRUE,1779,2025-11-03T09:54:28.629574,1762143868.666000,7,49,7,41,1762143867.846000,48,-2,1.002,TRUE,1780,2025-11-03T09:54:29.629570,1762143868.782000,1,26,1,24,1762143868.032000,25,-25,1.001,TRUE,186.000,96603.985,FALSE,FALSE,FALSE,TRUE,FALSE,ECG samples:25
1796,-18021.8,TRUE,1780,2025-11-03T09:54:29.629570,1762143869.667000,7,50,7,42,1762143868.827000,48,-2,0.981,TRUE,1781,2025-11-03T09:54:30.629584,1762143869.784000,1,26,1,24,1762143869.034000,25,-25,1.002,TRUE,207.000,96810.984,FALSE,FALSE,FALSE,TRUE,FALSE,ECG samples:25
1797,-18020.8,TRUE,1781,2025-11-03T09:54:30.629584,1762143870.669000,6,48,6,41,1762143869.849000,47,-3,1.022,TRUE,1782,2025-11-03T09:54:31.629580,1762143870.785000,1,27,1,25,1762143870.003750,25,-25,0.970,TRUE,154.750,96965.734,FALSE,FALSE,FALSE,TRUE,FALSE,ECG samples:25
1798,-18019.8,TRUE,1782,2025-11-03T09:54:31.629580,1762143871.671000,6,49,6,42,1762143870.831000,49,-1,0.982,TRUE,1783,2025-11-03T09:54:32.629589,1762143871.787000,0,26,0,25,1762143871.005750,25,-25,1.002,TRUE,174.750,97140.484,FALSE,FALSE,FALSE,TRUE,FALSE,ECG samples:25
1799,-18018.8,TRUE,1783,2025-11-03T09:54:32.629589,1762143872.672000,7,50,7,42,1762143871.832000,49,-1,1.001,TRUE,1784,2025-11-03T09:54:33.629570,1762143872.788000,0,25,0,24,1762143872.038000,24,-26,1.032,TRUE,206.000,97346.484,FALSE,FALSE,FALSE,TRUE,FALSE,ECG samples:24
1800,-18017.8,TRUE,1784,2025-11-03T09:54:33.629570,1762143873.673000,7,49,7,41,1762143872.853000,47,-3,1.021,TRUE,1785,2025-11-03T09:54:34.629575,1762143873.789000,0,27,0,26,1762143872.976500,25,-25,0.938,TRUE,123.500,97469.984,FALSE,FALSE,FALSE,TRUE,TRUE,ECG samples:25;ICG interval:1.021s;ECG interval:0.938s
1801,-18016.8,TRUE,1785,2025-11-03T09:54:34.629575,1762143874.675000,6,48,6,41,1762143873.855000,48,-2,1.002,TRUE,1785,2025-11-03T09:54:34.629575,1762143873.789000,26,27,26,0,1762143873.789000,25,-25,0.812,TRUE,66.000,97535.984,FALSE,FALSE,FALSE,TRUE,TRUE,ECG samples:25;ICG interval:1.002s;ECG interval:0.812s
1802,-18015.8,TRUE,1786,2025-11-03T09:54:35.629575,1762143875.676000,7,49,7,41,1762143874.856000,47,-3,1.001,TRUE,1786,2025-11-03T09:54:35.629575,1762143874.790000,25,26,25,0,1762143874.790000,25,-25,1.001,TRUE,66.000,97601.985,FALSE,FALSE,FALSE,TRUE,FALSE,ECG samples:25
1803,-18014.8,TRUE,1787,2025-11-03T09:54:36.629574,1762143876.678000,6,48,6,41,1762143875.858000,48,-2,1.002,TRUE,1787,2025-11-03T09:54:36.629574,1762143875.791000,25,26,25,0,1762143875.791000,25,-25,1.001,TRUE,67.000,97668.985,FALSE,FALSE,FALSE,TRUE,FALSE,ECG samples:25
1804,-18013.8,TRUE,1788,2025-11-03T09:54:37.629592,1762143877.679000,7,49,7,41,1762143876.859000,48,-2,1.001,TRUE,1788,2025-11-03T09:54:37.629592,1762143876.793000,25,26,25,0,1762143876.793000,25,-25,1.002,TRUE,66.000,97734.985,FALSE,FALSE,FALSE,TRUE,FALSE,ECG samples:25
1805,-18012.8,TRUE,1789,2025-11-03T09:54:38.629571,1762143878.681000,7,49,7,41,1762143877.861000,47,-3,1.002,TRUE,1789,2025-11-03T09:54:38.629571,1762143877.794000,25,26,25,0,1762143877.794000,25,-25,1.001,TRUE,67.000,97801.985,FALSE,FALSE,FALSE,TRUE,FALSE,ECG samples:25
1806,-18011.8,TRUE,1790,2025-11-03T09:54:39.629574,1762143879.682000,6,49,6,42,1762143878.842000,48,-2,0.981,TRUE,1790,2025-11-03T09:54:39.629574,1762143878.796000,25,26,25,0,1762143878.796000,25,-25,1.002,TRUE,46.000,97847.985,FALSE,FALSE,FALSE,TRUE,FALSE,ECG samples:25
1807,-18010.8,TRUE,1791,2025-11-03T09:54:40.629571,1762143880.683000,6,49,6,42,1762143879.843000,49,-1,1.001,TRUE,1791,2025-11-03T09:54:40.629571,1762143879.798000,25,26,25,0,1762143879.798000,25,-25,1.002,TRUE,45.000,97892.985,FALSE,FALSE,FALSE,TRUE,FALSE,ECG samples:25
1808,-18009.8,TRUE,1792,2025-11-03T09:54:41.629573,1762143881.684000,7,49,7,41,1762143880.864000,47,-3,1.021,TRUE,1792,2025-11-03T09:54:41.629573,1762143880.800000,25,26,25,0,1762143880.800000,25,-25,1.002,TRUE,64.000,97956.985,FALSE,FALSE,FALSE,TRUE,FALSE,ECG samples:25
1809,-18008.8,TRUE,1793,2025-11-03T09:54:42.629568,1762143882.686000,6,49,6,42,1762143881.846000,48,-2,0.982,TRUE,1793,2025-11-03T09:54:42.629568,1762143881.803000,25,26,25,0,1762143881.803000,25,-25,1.003,TRUE,43.000,97999.985,FALSE,FALSE,FALSE,TRUE,FALSE,ECG samples:25
1810,-18007.8,TRUE,1794,2025-11-03T09:54:43.629570,1762143883.688000,6,49,6,42,1762143882.848000,48,-2,1.002,TRUE,1794,2025-11-03T09:54:43.629570,1762143882.804000,25,26,25,0,1762143882.804000,25,-25,1.001,TRUE,44.000,98043.985,FALSE,FALSE,FALSE,TRUE,FALSE,ECG samples:25
1811,-18006.8,TRUE,1795,2025-11-03T09:54:44.629570,1762143884.689000,6,49,6,42,1762143883.849000,48,-2,1.001,TRUE,1795,2025-11-03T09:54:44.629570,1762143883.805000,25,26,25,0,1762143883.805000,25,-25,1.001,TRUE,44.000,98087.985,FALSE,FALSE,FALSE,TRUE,FALSE,ECG samples:25
1812,-18005.8,TRUE,1796,2025-11-03T09:54:45.629570,1762143885.691000,6,50,6,43,1762143884.831000,49,-1,0.982,TRUE,1796,2025-11-03T09:54:45.629570,1762143884.807000,25,26,25,0,1762143884.807000,25,-25,1.002,TRUE,24.000,98111.985,FALSE,FALSE,FALSE,TRUE,FALSE,ECG samples:25
1813,-18004.7,TRUE,1797,2025-11-03T09:54:46.629568,1762143886.692000,6,47,6,40,1762143885.892000,46,-4,1.061,TRUE,1797,2025-11-03T09:54:46.629568,1762143885.808000,25,26,25,0,1762143885.808000,25,-25,1.001,TRUE,84.000,98195.985,FALSE,FALSE,FALSE,TRUE,TRUE,ECG samples:25;ICG interval:1.061s;ECG interval:1.001s
1814,-18003.8,TRUE,1798,2025-11-03T09:54:47.629571,1762143887.694000,6,50,6,43,1762143886.834000,49,-1,0.942,TRUE,1798,2025-11-03T09:54:47.629571,1762143886.810000,25,26,25,0,1762143886.810000,25,-25,1.002,TRUE,24.000,98219.985,FALSE,FALSE,FALSE,TRUE,TRUE,ECG samples:25;ICG interval:0.942s;ECG interval:1.002s
1815,-18002.8,TRUE,1799,2025-11-03T09:54:48.629576,1762143888.695000,6,49,6,42,1762143887.855000,47,-3,1.021,TRUE,1799,2025-11-03T09:54:48.629576,1762143887.810000,25,26,25,0,1762143887.810000,25,-25,1.000,TRUE,45.000,98264.986,FALSE,FALSE,FALSE,TRUE,FALSE,ECG samples:25
1816,-18001.8,TRUE,1800,2025-11-03T09:54:49.629580,1762143889.696000,5,49,5,43,1762143888.836000,49,-1,0.981,TRUE,1800,2025-11-03T09:54:49.629580,1762143888.812000,25,26,25,0,1762143888.812000,25,-25,1.002,TRUE,24.000,98288.986,FALSE,FALSE,FALSE,TRUE,FALSE,ECG samples:25
1817,-18000.8,TRUE,1801,2025-11-03T09:54:50.629571,1762143890.698000,6,50,6,43,1762143889.838000,49,-1,1.002,TRUE,1801,2025-11-03T09:54:50.629571,1762143889.814000,25,26,25,0,1762143889.814000,25,-25,1.002,TRUE,24.000,98312.986,FALSE,FALSE,FALSE,TRUE,FALSE,ECG samples:25
1818,-17999.8,TRUE,1802,2025-11-03T09:54:51.629574,1762143891.699000,6,50,6,43,1762143890.839000,48,-2,1.001,TRUE,1802,2025-11-03T09:54:51.629574,1762143890.815000,25,26,25,0,1762143890.815000,25,-25,1.001,TRUE,24.000,98336.986,FALSE,FALSE,FALSE,TRUE,FALSE,ECG samples:25
1819,-17998.8,TRUE,1803,2025-11-03T09:54:52.629576,1762143892.700000,5,49,5,43,1762143891.840000,49,-1,1.001,TRUE,1803,2025-11-03T09:54:52.629576,1762143891.816000,25,26,25,0,1762143891.816000,25,-25,1.001,TRUE,24.000,98360.986,FALSE,FALSE,FALSE,TRUE,FALSE,ECG samples:25
1820,-17997.8,TRUE,1804,2025-11-03T09:54:53.629578,1762143893.701000,6,50,6,43,1762143892.841000,48,-2,1.001,TRUE,1804,2025-11-03T09:54:53.629578,1762143892.818000,25,26,25,0,1762143892.818000,25,-25,1.002,TRUE,23.000,98383.986,FALSE,FALSE,FALSE,TRUE,FALSE,ECG samples:25
1821,-17996.8,TRUE,1805,2025-11-03T09:54:54.629576,1762143894.703000,5,49,5,43,1762143893.843000,49,-1,1.002,TRUE,1805,2025-11-03T09:54:54.629576,1762143893.819000,25,26,25,0,1762143893.819000,25,-25,1.001,TRUE,24.000,98407.986,FALSE,FALSE,FALSE,TRUE,FALSE,ECG samples:25
1822,-17995.8,TRUE,1806,2025-11-03T09:54:55.629570,1762143895.704000,6,49,6,42,1762143894.864000,48,-2,1.021,TRUE,1806,2025-11-03T09:54:55.629570,1762143894.820000,25,26,25,0,1762143894.820000,25,-25,1.001,TRUE,44.000,98451.986,FALSE,FALSE,FALSE,TRUE,FALSE,ECG samples:25
1823,-17994.8,TRUE,1807,2025-11-03T09:54:56.629571,1762143896.706000,6,50,6,43,1762143895.846000,48,-2,0.982,TRUE,1807,2025-11-03T09:54:56.629571,1762143895.822000,25,26,25,0,1762143895.822000,25,-25,1.002,TRUE,24.000,98475.986,FALSE,FALSE,FALSE,TRUE,FALSE,ECG samples:25
1824,-17993.8,TRUE,1808,2025-11-03T09:54:57.629576,1762143897.707000,5,49,5,43,1762143896.847000,48,-2,1.001,TRUE,1808,2025-11-03T09:54:57.629576,1762143896.824000,25,27,25,1,1762143896.792750,25,-25,0.971,TRUE,54.250,98530.237,FALSE,FALSE,FALSE,TRUE,FALSE,ECG samples:25
1825,-17992.7,TRUE,1809,2025-11-03T09:54:58.629568,1762143898.709000,5,47,5,41,1762143897.889000,47,-3,1.042,TRUE,1809,2025-11-03T09:54:58.629568,1762143897.825000,24,26,24,1,1762143897.793750,25,-25,1.001,TRUE,95.250,98625.487,FALSE,FALSE,FALSE,TRUE,FALSE,ECG samples:25
1826,-17991.8,TRUE,1810,2025-11-03T09:54:59.629572,1762143899.711000,6,51,6,44,1762143898.831000,49,-1,0.942,TRUE,1810,2025-11-03T09:54:59.629572,1762143898.827000,24,26,24,1,1762143898.795750,25,-25,1.002,TRUE,35.250,98660.737,FALSE,FALSE,FALSE,TRUE,TRUE,ECG samples:25;ICG interval:0.942s;ECG interval:1.002s
1827,-17990.8,TRUE,1811,2025-11-03T09:55:00.629569,1762143900.713000,5,49,5,43,1762143899.853000,49,-1,1.022,TRUE,1811,2025-11-03T09:55:00.629569,1762143899.827000,24,26,24,1,1762143899.795750,25,-25,1.000,TRUE,57.250,98717.987,FALSE,FALSE,FALSE,TRUE,FALSE,ECG samples:25
1828,-17989.8,TRUE,1812,2025-11-03T09:55:01.629576,1762143901.714000,6,49,6,42,1762143900.874000,48,-2,1.021,TRUE,1812,2025-11-03T09:55:01.629576,1762143900.829000,24,26,24,1,1762143900.797750,24,-26,1.002,TRUE,76.250,98794.237,FALSE,FALSE,FALSE,TRUE,FALSE,ECG samples:24
1829,-17988.8,TRUE,1813,2025-11-03T09:55:02.629570,1762143902.715000,6,49,6,42,1762143901.875000,48,-2,1.001,TRUE,1813,2025-11-03T09:55:02.629570,1762143901.831000,23,25,23,1,1762143901.799750,25,-25,1.002,TRUE,75.250,98869.487,FALSE,FALSE,FALSE,TRUE,FALSE,ECG samples:25
1830,-17987.8,TRUE,1814,2025-11-03T09:55:03.629567,1762143903.717000,6,50,6,43,1762143902.857000,48,-2,0.982,TRUE,1814,2025-11-03T09:55:03.629567,1762143902.832000,24,26,24,1,1762143902.800750,25,-25,1.001,TRUE,56.250,98925.737,FALSE,FALSE,FALSE,TRUE,FALSE,ECG samples:25
1831,-17986.8,TRUE,1815,2025-11-03T09:55:04.629573,1762143904.718000,5,50,5,44,1762143903.838000,48,-2,0.981,TRUE,1815,2025-11-03T09:55:04.629573,1762143903.833000,24,26,24,1,1762143903.801750,25,-25,1.001,TRUE,36.250,98961.987,FALSE,FALSE,FALSE,TRUE,FALSE,ECG samples:25
1832,-17985.8,TRUE,1816,2025-11-03T09:55:05.629578,1762143905.720000,4,49,4,44,1762143904.840000,49,-1,1.002,TRUE,1816,2025-11-03T09:55:05.629578,1762143904.835000,24,26,24,1,1762143904.803750,25,-25,1.002,TRUE,36.250,98998.237,FALSE,FALSE,FALSE,TRUE,FALSE,ECG samples:25
1833,-17984.7,TRUE,1817,2025-11-03T09:55:06.629576,1762143906.721000,5,48,5,42,1762143905.881000,47,-3,1.041,TRUE,1817,2025-11-03T09:55:06.629576,1762143905.836000,24,26,24,1,1762143905.804750,25,-25,1.001,TRUE,76.250,99074.487,FALSE,FALSE,FALSE,TRUE,FALSE,ECG samples:25
1834,-17983.8,TRUE,1818,2025-11-03T09:55:07.629575,1762143907.722000,5,49,5,43,1762143906.862000,48,-2,0.981,TRUE,1818,2025-11-03T09:55:07.629575,1762143906.838000,24,26,24,1,1762143906.806750,25,-25,1.002,TRUE,55.250,99129.737,FALSE,FALSE,FALSE,TRUE,FALSE,ECG samples:25
1835,-17982.8,TRUE,1819,2025-11-03T09:55:08.629575,1762143908.724000,5,50,5,44,1762143907.844000,49,-1,0.982,TRUE,1819,2025-11-03T09:55:08.629575,1762143907.840000,24,26,24,1,1762143907.808750,25,-25,1.002,TRUE,35.250,99164.987,FALSE,FALSE,FALSE,TRUE,FALSE,ECG samples:25
1836,-17981.8,TRUE,1820,2025-11-03T09:55:09.629570,1762143909.727000,5,49,5,43,1762143908.867000,48,-2,1.023,TRUE,1820,2025-11-03T09:55:09.629570,1762143908.840000,24,26,24,1,1762143908.808750,25,-25,1.000,TRUE,58.250,99223.237,FALSE,FALSE,FALSE,TRUE,FALSE,ECG samples:25
1837,-17980.8,TRUE,1821,2025-11-03T09:55:10.629573,1762143910.728000,5,50,5,44,1762143909.848000,48,-2,0.981,TRUE,1821,2025-11-03T09:55:10.629573,1762143909.842000,24,26,24,1,1762143909.810750,25,-25,1.002,TRUE,37.250,99260.487,FALSE,FALSE,FALSE,TRUE,FALSE,ECG samples:25
1838,-17979.8,TRUE,1822,2025-11-03T09:55:11.629567,1762143911.730000,4,49,4,44,1762143910.850000,49,-1,1.002,TRUE,1822,2025-11-03T09:55:11.629567,1762143910.844000,24,26,24,1,1762143910.812750,25,-25,1.002,TRUE,37.250,99297.737,FALSE,FALSE,FALSE,TRUE,FALSE,ECG samples:25
1839,-17978.8,TRUE,1823,2025-11-03T09:55:12.629567,1762143912.631000,5,45,5,39,1762143911.851000,48,-2,1.001,TRUE,1823,2025-11-03T09:55:12.629567,1762143911.845000,24,26,24,1,1762143911.813750,25,-25,1.001,TRUE,37.250,99334.987,FALSE,FALSE,FALSE,TRUE,FALSE,ECG samples:25
1840,-17977.8,TRUE,1824,2025-11-03T09:55:13.629577,1762143913.632000,9,49,9,39,1762143912.852000,49,-1,1.001,TRUE,1825,2025-11-03T09:55:14.629566,1762143913.747000,1,26,1,24,1762143912.997000,25,-25,1.183,TRUE,145.000,99479.987,FALSE,FALSE,FALSE,TRUE,TRUE,ECG samples:25;ICG interval:1.001s;ECG interval:1.183s
1841,-17976.8,TRUE,1825,2025-11-03T09:55:14.629566,1762143914.635000,10,49,10,38,1762143913.875000,47,-3,1.023,TRUE,1826,2025-11-03T09:55:15.629567,1762143914.748000,1,26,1,24,1762143913.998000,25,-25,1.001,TRUE,123.000,99602.987,FALSE,FALSE,FALSE,TRUE,FALSE,ECG samples:25
1842,-17975.8,TRUE,1826,2025-11-03T09:55:15.629567,1762143915.636000,9,49,9,39,1762143914.856000,48,-2,0.981,TRUE,1827,2025-11-03T09:55:16.629574,1762143915.750000,1,26,1,24,1762143915.000000,25,-25,1.002,TRUE,144.000,99746.987,FALSE,FALSE,FALSE,TRUE,FALSE,ECG samples:25
1843,-17974.8,TRUE,1827,2025-11-03T09:55:16.629574,1762143916.639000,9,49,9,39,1762143915.859000,48,-2,1.003,TRUE,1828,2025-11-03T09:55:17.629572,1762143916.751000,1,26,1,24,1762143916.001000,25,-25,1.001,TRUE,142.000,99888.987,FALSE,FALSE,FALSE,TRUE,FALSE,ECG samples:25
1844,-17973.8,TRUE,1828,2025-11-03T09:55:17.629572,1762143917.641000,9,49,9,39,1762143916.861000,48,-2,1.002,TRUE,1829,2025-11-03T09:55:18.629610,1762143917.752000,1,26,1,24,1762143917.002000,25,-25,1.001,TRUE,141.000,100029.987,FALSE,FALSE,FALSE,TRUE,FALSE,ECG samples:25
1845,-17972.7,TRUE,1829,2025-11-03T09:55:18.629610,1762143918.642000,9,47,9,37,1762143917.902000,46,-4,1.041,TRUE,1830,2025-11-03T09:55:19.629584,1762143918.753000,1,26,1,24,1762143918.003000,25,-25,1.001,TRUE,101.000,100130.987,FALSE,FALSE,FALSE,TRUE,FALSE,ECG samples:25
1846,-17971.8,TRUE,1830,2025-11-03T09:55:19.629584,1762143919.644000,9,50,9,40,1762143918.844000,48,-2,0.942,TRUE,1831,2025-11-03T09:55:20.629569,1762143919.755000,1,26,1,24,1762143919.005000,25,-25,1.002,TRUE,161.000,100291.987,FALSE,FALSE,FALSE,TRUE,TRUE,ECG samples:25;ICG interval:0.942s;ECG interval:1.002s
1847,-17970.8,TRUE,1831,2025-11-03T09:55:20.629569,1762143920.645000,8,49,8,40,1762143919.845000,49,-1,1.001,TRUE,1832,2025-11-03T09:55:21.629571,1762143920.756000,1,26,1,24,1762143920.006000,25,-25,1.001,TRUE,161.000,100452.987,FALSE,FALSE,FALSE,TRUE,FALSE,ECG samples:25
1848,-17969.8,TRUE,1832,2025-11-03T09:55:21.629571,1762143921.646000,9,49,9,39,1762143920.866000,47,-3,1.021,TRUE,1833,2025-11-03T09:55:22.629571,1762143921.758000,1,26,1,24,1762143921.008000,25,-25,1.002,TRUE,142.000,100594.987,FALSE,FALSE,FALSE,TRUE,FALSE,ECG samples:25
1849,-17968.8,TRUE,1833,2025-11-03T09:55:22.629571,1762143922.648000,8,49,8,40,1762143921.848000,48,-2,0.982,TRUE,1834,2025-11-03T09:55:23.629574,1762143922.760000,1,26,1,24,1762143922.010000,25,-25,1.002,TRUE,162.000,100756.987,FALSE,FALSE,FALSE,TRUE,FALSE,ECG samples:25
1850,-17967.8,TRUE,1834,2025-11-03T09:55:23.629574,1762143923.650000,8,49,8,40,1762143922.850000,48,-2,1.002,TRUE,1835,2025-11-03T09:55:24.629574,1762143923.760000,1,26,1,24,1762143923.010000,25,-25,1.000,TRUE,160.000,100916.986,FALSE,FALSE,FALSE,TRUE,FALSE,ECG samples:25
1851,-17966.8,TRUE,1835,2025-11-03T09:55:24.629574,1762143924.652000,8,50,8,41,1762143923.832000,49,-1,0.982,TRUE,1836,2025-11-03T09:55:25.629577,1762143924.762000,1,26,1,24,1762143924.012000,25,-25,1.002,TRUE,180.000,101096.987,FALSE,FALSE,FALSE,TRUE,FALSE,ECG samples:25
1852,-17965.8,TRUE,1836,2025-11-03T09:55:25.629577,1762143925.653000,8,48,8,39,1762143924.873000,48,-2,1.041,TRUE,1837,2025-11-03T09:55:26.629568,1762143925.763000,1,26,1,24,1762143925.013000,25,-25,1.001,TRUE,140.000,101236.986,FALSE,FALSE,FALSE,TRUE,FALSE,ECG samples:25
1853,-17964.8,TRUE,1837,2025-11-03T09:55:26.629568,1762143926.654000,9,49,9,39,1762143925.874000,47,-3,1.001,TRUE,1838,2025-11-03T09:55:27.629564,1762143926.764000,1,26,1,24,1762143926.014000,25,-25,1.001,TRUE,140.000,101376.986,FALSE,FALSE,FALSE,TRUE,FALSE,ECG samples:25
1854,-17963.8,TRUE,1838,2025-11-03T09:55:27.629564,1762143927.656000,8,49,8,40,1762143926.856000,48,-2,0.982,TRUE,1839,2025-11-03T09:55:28.629565,1762143927.766000,1,26,1,24,1762143927.016000,25,-25,1.002,TRUE,160.000,101536.986,FALSE,FALSE,FALSE,TRUE,FALSE,ECG samples:25
1855,-17962.8,TRUE,1839,2025-11-03T09:55:28.629565,1762143928.657000,8,49,8,40,1762143927.857000,48,-2,1.001,TRUE,1840,2025-11-03T09:55:29.629563,1762143928.767000,1,26,1,24,1762143928.017000,25,-25,1.001,TRUE,160.000,101696.986,FALSE,FALSE,FALSE,TRUE,FALSE,ECG samples:25
1856,-17961.8,TRUE,1840,2025-11-03T09:55:29.629563,1762143929.659000,8,49,8,40,1762143928.859000,48,-2,1.002,TRUE,1841,2025-11-03T09:55:30.629561,1762143929.768000,1,26,1,24,1762143929.018000,25,-25,1.001,TRUE,159.000,101855.986,FALSE,FALSE,FALSE,TRUE,FALSE,ECG samples:25
1857,-17960.7,TRUE,1841,2025-11-03T09:55:30.629561,1762143930.661000,8,48,8,39,1762143929.881000,47,-3,1.022,TRUE,1842,2025-11-03T09:55:31.629575,1762143930.770000,1,26,1,24,1762143930.020000,25,-25,1.002,TRUE,139.000,101994.986,FALSE,FALSE,FALSE,TRUE,FALSE,ECG samples:25
1858,-17959.8,TRUE,1842,2025-11-03T09:55:31.629575,1762143931.662000,8,49,8,40,1762143930.862000,49,-1,0.981,TRUE,1843,2025-11-03T09:55:32.629563,1762143931.772000,1,26,1,24,1762143931.022000,25,-25,1.002,TRUE,160.000,102154.986,FALSE,FALSE,FALSE,TRUE,FALSE,ECG samples:25
1859,-17958.7,TRUE,1843,2025-11-03T09:55:32.629563,1762143932.664000,9,49,9,39,1762143931.884000,47,-3,1.022,TRUE,1844,2025-11-03T09:55:33.629561,1762143932.773000,1,26,1,24,1762143932.023000,25,-25,1.001,TRUE,139.000,102293.986,FALSE,FALSE,FALSE,TRUE,FALSE,ECG samples:25
1860,-17957.8,TRUE,1844,2025-11-03T09:55:33.629561,1762143933.665000,8,49,8,40,1762143932.865000,48,-2,0.981,TRUE,1845,2025-11-03T09:55:34.629561,1762143933.774000,1,26,1,24,1762143933.024000,25,-25,1.001,TRUE,159.000,102452.986,FALSE,FALSE,FALSE,TRUE,FALSE,ECG samples:25
1861,-17956.8,TRUE,1845,2025-11-03T09:55:34.629561,1762143934.666000,8,49,8,40,1762143933.866000,48,-2,1.001,TRUE,1846,2025-11-03T09:55:35.629562,1762143934.776000,1,26,1,24,1762143934.026000,25,-25,1.002,TRUE,160.000,102612.986,FALSE,FALSE,FALSE,TRUE,FALSE,ECG samples:25
1862,-17955.8,TRUE,1846,2025-11-03T09:55:35.629562,1762143935.668000,8,50,8,41,1762143934.848000,48,-2,0.982,TRUE,1847,2025-11-03T09:55:36.629575,1762143935.778000,1,26,1,24,1762143935.028000,25,-25,1.002,TRUE,180.000,102792.986,FALSE,FALSE,FALSE,TRUE,FALSE,ECG samples:25
1863,-17954.8,TRUE,1847,2025-11-03T09:55:36.629575,1762143936.670000,7,49,7,41,1762143935.850000,49,-1,1.002,TRUE,1848,2025-11-03T09:55:37.629577,1762143936.779000,1,26,1,24,1762143936.029000,25,-25,1.001,TRUE,179.000,102971.986,FALSE,FALSE,FALSE,TRUE,FALSE,ECG samples:25
1864,-17953.8,TRUE,1848,2025-11-03T09:55:37.629577,1762143937.673000,8,49,8,40,1762143936.873000,48,-2,1.023,TRUE,1849,2025-11-03T09:55:38.629579,1762143937.781000,1,26,1,24,1762143937.031000,25,-25,1.002,TRUE,158.000,103129.986,FALSE,FALSE,FALSE,TRUE,FALSE,ECG samples:25
1865,-17952.8,TRUE,1849,2025-11-03T09:55:38.629579,1762143938.675000,8,49,8,40,1762143937.875000,48,-2,1.002,TRUE,1850,2025-11-03T09:55:39.629624,1762143938.782000,1,26,1,24,1762143938.032000,25,-25,1.001,TRUE,157.000,103286.986,FALSE,FALSE,FALSE,TRUE,FALSE,ECG samples:25
1866,-17951.8,TRUE,1850,2025-11-03T09:55:39.629624,1762143939.675000,8,49,8,40,1762143938.875000,47,-3,1.000,TRUE,1851,2025-11-03T09:55:40.629581,1762143939.783000,1,27,1,25,1762143939.001750,25,-25,0.970,TRUE,126.750,103413.736,FALSE,FALSE,FALSE,TRUE,FALSE,ECG samples:25
1867,-17950.8,TRUE,1851,2025-11-03T09:55:40.629581,1762143940.677000,7,49,7,41,1762143939.857000,48,-2,0.982,TRUE,1852,2025-11-03T09:55:41.629567,1762143940.784000,0,26,0,25,1762143940.002750,25,-25,1.001,TRUE,145.750,103559.486,FALSE,FALSE,FALSE,TRUE,FALSE,ECG samples:25
1868,-17949.8,TRUE,1852,2025-11-03T09:55:41.629567,1762143941.678000,7,49,7,41,1762143940.858000,48,-2,1.001,TRUE,1853,2025-11-03T09:55:42.629562,1762143941.786000,0,26,0,25,1762143941.004750,25,-25,1.002,TRUE,146.750,103706.236,FALSE,FALSE,FALSE,TRUE,FALSE,ECG samples:25
1869,-17948.8,TRUE,1853,2025-11-03T09:55:42.629562,1762143942.679000,7,48,7,40,1762143941.879000,47,-3,1.021,TRUE,1854,2025-11-03T09:55:43.629568,1762143942.787000,0,26,0,25,1762143942.005750,25,-25,1.001,TRUE,126.750,103832.986,FALSE,FALSE,FALSE,TRUE,FALSE,ECG samples:25
1870,-17947.7,TRUE,1854,2025-11-03T09:55:43.629568,1762143943.681000,7,47,7,39,1762143942.901000,47,-3,1.022,TRUE,1855,2025-11-03T09:55:44.629564,1762143943.789000,0,26,0,25,1762143943.007750,25,-25,1.002,TRUE,106.750,103939.736,FALSE,FALSE,FALSE,TRUE,FALSE,ECG samples:25
1871,-17946.8,TRUE,1855,2025-11-03T09:55:44.629564,1762143944.682000,8,50,8,41,1762143943.862000,48,-2,0.961,TRUE,1856,2025-11-03T09:55:45.629562,1762143944.791000,0,26,0,25,1762143944.009750,25,-25,1.002,TRUE,147.750,104087.486,FALSE,FALSE,FALSE,TRUE,FALSE,ECG samples:25
1872,-17945.7,TRUE,1856,2025-11-03T09:55:45.629562,1762143945.684000,7,48,7,40,1762143944.884000,47,-3,1.022,TRUE,1857,2025-11-03T09:55:46.629565,1762143945.792000,0,26,0,25,1762143945.010750,25,-25,1.001,TRUE,126.750,104214.236,FALSE,FALSE,FALSE,TRUE,FALSE,ECG samples:25
1873,-17944.8,TRUE,1857,2025-11-03T09:55:46.629565,1762143946.685000,7,49,7,41,1762143945.865000,49,-1,0.981,TRUE,1858,2025-11-03T09:55:47.629562,1762143946.793000,0,26,0,25,1762143946.011750,25,-25,1.001,TRUE,146.750,104360.986,FALSE,FALSE,FALSE,TRUE,FALSE,ECG samples:25
1874,-17943.8,TRUE,1858,2025-11-03T09:55:47.629562,1762143947.687000,8,50,8,41,1762143946.867000,48,-2,1.002,TRUE,1859,2025-11-03T09:55:48.629568,1762143947.796000,0,26,0,25,1762143947.014750,25,-25,1.003,TRUE,147.750,104508.735,FALSE,FALSE,FALSE,TRUE,FALSE,ECG samples:25
1875,-17942.8,TRUE,1859,2025-11-03T09:55:48.629568,1762143948.690000,7,50,7,42,1762143947.850000,49,-1,0.983,TRUE,1860,2025-11-03T09:55:49.629584,1762143948.797000,0,26,0,25,1762143948.015750,25,-25,1.001,TRUE,165.750,104674.485,FALSE,FALSE,FALSE,TRUE,FALSE,ECG samples:25
1876,-17941.8,TRUE,1860,2025-11-03T09:55:49.629584,1762143949.692000,7,49,7,41,1762143948.872000,48,-2,1.022,TRUE,1861,2025-11-03T09:55:50.629581,1762143949.800000,0,26,0,25,1762143949.018750,25,-25,1.003,TRUE,146.750,104821.235,FALSE,FALSE,FALSE,TRUE,FALSE,ECG samples:25
1877,-17940.8,TRUE,1861,2025-11-03T09:55:50.629581,1762143950.694000,7,49,7,41,1762143949.874000,48,-2,1.002,TRUE,1862,2025-11-03T09:55:51.629571,1762143950.801000,0,26,0,25,1762143950.019750,25,-25,1.001,TRUE,145.750,104966.985,FALSE,FALSE,FALSE,TRUE,FALSE,ECG samples:25
1878,-17939.8,TRUE,1862,2025-11-03T09:55:51.629571,1762143951.696000,7,49,7,41,1762143950.876000,48,-2,1.002,TRUE,1863,2025-11-03T09:55:52.629577,1762143951.802000,0,26,0,25,1762143951.020750,25,-25,1.001,TRUE,144.750,105111.735,FALSE,FALSE,FALSE,TRUE,FALSE,ECG samples:25
1879,-17938.8,TRUE,1863,2025-11-03T09:55:52.629577,1762143952.697000,7,49,7,41,1762143951.877000,48,-2,1.001,TRUE,1864,2025-11-03T09:55:53.629571,1762143952.803000,0,26,0,25,1762143952.021750,25,-25,1.001,TRUE,144.750,105256.485,FALSE,FALSE,FALSE,TRUE,FALSE,ECG samples:25
1880,-17937.7,TRUE,1864,2025-11-03T09:55:53.629571,1762143953.698000,7,48,7,40,1762143952.898000,47,-3,1.021,TRUE,1865,2025-11-03T09:55:54.629577,1762143953.804000,0,26,0,25,1762143953.022750,25,-25,1.001,TRUE,124.750,105381.235,FALSE,FALSE,FALSE,TRUE,FALSE,ECG samples:25
1881,-17936.8,TRUE,1865,2025-11-03T09:55:54.629577,1762143954.700000,7,50,7,42,1762143953.860000,48,-2,0.962,TRUE,1866,2025-11-03T09:55:55.629577,1762143954.805000,0,26,0,25,1762143954.023750,25,-25,1.001,TRUE,163.750,105544.985,FALSE,FALSE,FALSE,TRUE,FALSE,ECG samples:25
1882,-17935.8,TRUE,1866,2025-11-03T09:55:55.629577,1762143955.701000,6,49,6,42,1762143954.861000,48,-2,1.001,TRUE,1867,2025-11-03T09:55:56.629573,1762143955.807000,0,26,0,25,1762143955.025750,25,-25,1.002,TRUE,164.750,105709.735,FALSE,FALSE,FALSE,TRUE,FALSE,ECG samples:25
1883,-17934.8,TRUE,1867,2025-11-03T09:55:56.629573,1762143956.703000,6,50,6,43,1762143955.843000,49,-1,0.982,TRUE,1868,2025-11-03T09:55:57.629571,1762143956.808000,0,26,0,25,1762143956.026750,25,-25,1.001,TRUE,183.750,105893.485,FALSE,FALSE,FALSE,TRUE,FALSE,ECG samples:25
1884,-17933.8,TRUE,1868,2025-11-03T09:55:57.629571,1762143957.704000,6,49,6,42,1762143956.864000,48,-2,1.021,TRUE,1869,2025-11-03T09:55:58.629576,1762143957.809000,0,26,0,25,1762143957.027750,25,-25,1.001,TRUE,163.750,106057.235,FALSE,FALSE,FALSE,TRUE,FALSE,ECG samples:25
1885,-17932.8,TRUE,1869,2025-11-03T09:55:58.629576,1762143958.705000,6,49,6,42,1762143957.865000,48,-2,1.001,TRUE,1870,2025-11-03T09:55:59.629582,1762143958.811000,0,26,0,25,1762143958.029750,25,-25,1.002,TRUE,164.750,106221.985,FALSE,FALSE,FALSE,TRUE,FALSE,ECG samples:25
1886,-17931.8,TRUE,1870,2025-11-03T09:55:59.629582,1762143959.706000,6,50,6,43,1762143958.846000,49,-1,0.981,TRUE,1871,2025-11-03T09:56:00.629582,1762143959.812000,0,26,0,25,1762143959.030750,25,-25,1.001,TRUE,184.750,106406.734,FALSE,FALSE,FALSE,TRUE,FALSE,ECG samples:25
1887,-17930.8,TRUE,1871,2025-11-03T09:56:00.629582,1762143960.708000,6,50,6,43,1762143959.848000,49,-1,1.002,TRUE,1872,2025-11-03T09:56:01.629579,1762143960.813000,0,26,0,25,1762143960.031750,25,-25,1.001,TRUE,183.750,106590.484,FALSE,FALSE,FALSE,TRUE,FALSE,ECG samples:25
1888,-17929.8,TRUE,1872,2025-11-03T09:56:01.629579,1762143961.709000,6,49,6,42,1762143960.869000,48,-2,1.021,TRUE,1873,2025-11-03T09:56:02.629644,1762143961.814000,0,26,0,25,1762143961.032750,25,-25,1.001,TRUE,163.750,106754.234,FALSE,FALSE,FALSE,TRUE,FALSE,ECG samples:25
1889,-17928.8,TRUE,1873,2025-11-03T09:56:02.629644,1762143962.711000,6,49,6,42,1762143961.871000,48,-2,1.002,TRUE,1874,2025-11-03T09:56:03.629574,1762143962.815000,0,26,0,25,1762143962.033750,25,-25,1.001,TRUE,162.750,106916.984,FALSE,FALSE,FALSE,TRUE,FALSE,ECG samples:25
1890,-17927.7,TRUE,1874,2025-11-03T09:56:03.629574,1762143963.712000,6,48,6,41,1762143962.892000,47,-3,1.021,TRUE,1875,2025-11-03T09:56:04.629567,1762143963.817000,0,26,0,25,1762143963.035750,25,-25,1.002,TRUE,143.750,107060.734,FALSE,FALSE,FALSE,TRUE,FALSE,ECG samples:25
1891,-17926.8,TRUE,1875,2025-11-03T09:56:04.629567,1762143964.714000,6,49,6,42,1762143963.874000,48,-2,0.982,TRUE,1876,2025-11-03T09:56:05.629567,1762143964.818000,0,27,0,26,1762143964.005500,25,-25,0.970,TRUE,131.500,107192.234,FALSE,FALSE,FALSE,TRUE,FALSE,ECG samples:25
1892,-17925.8,TRUE,1876,2025-11-03T09:56:05.629567,1762143965.715000,6,50,6,43,1762143964.855000,49,-1,0.981,TRUE,1876,2025-11-03T09:56:05.629567,1762143964.818000,26,27,26,0,1762143964.818000,25,-25,0.812,TRUE,37.000,107229.234,FALSE,FALSE,FALSE,TRUE,TRUE,ECG samples:25;ICG interval:0.981s;ECG interval:0.812s
1893,-17924.7,TRUE,1877,2025-11-03T09:56:06.629570,1762143966.716000,6,48,6,41,1762143965.896000,47,-3,1.041,TRUE,1877,2025-11-03T09:56:06.629570,1762143965.819000,25,26,25,0,1762143965.819000,25,-25,1.001,TRUE,77.000,107306.234,FALSE,FALSE,FALSE,TRUE,FALSE,ECG samples:25
1894,-17923.8,TRUE,1878,2025-11-03T09:56:07.629578,1762143967.717000,6,49,6,42,1762143966.877000,48,-2,0.981,TRUE,1878,2025-11-03T09:56:07.629578,1762143966.820000,25,26,25,0,1762143966.820000,25,-25,1.001,TRUE,57.000,107363.234,FALSE,FALSE,FALSE,TRUE,FALSE,ECG samples:25
1895,-17922.8,TRUE,1879,2025-11-03T09:56:08.629566,1762143968.719000,6,49,6,42,1762143967.879000,48,-2,1.002,TRUE,1879,2025-11-03T09:56:08.629566,1762143967.821000,25,27,25,1,1762143967.789750,25,-25,0.970,TRUE,89.250,107452.484,FALSE,FALSE,FALSE,TRUE,FALSE,ECG samples:25
1896,-17921.7,TRUE,1880,2025-11-03T09:56:09.629567,1762143969.720000,6,49,6,42,1762143968.880000,48,-2,1.001,TRUE,1880,2025-11-03T09:56:09.629567,1762143968.823000,24,26,24,1,1762143968.791750,25,-25,1.002,TRUE,88.250,107540.735,FALSE,FALSE,FALSE,TRUE,FALSE,ECG samples:25
1897,-17920.7,TRUE,1881,2025-11-03T09:56:10.629573,1762143970.722000,6,49,6,42,1762143969.882000,47,-3,1.002,TRUE,1881,2025-11-03T09:56:10.629573,1762143969.824000,24,26,24,1,1762143969.792750,25,-25,1.001,TRUE,89.250,107629.985,FALSE,FALSE,FALSE,TRUE,FALSE,ECG samples:25
1898,-17919.7,TRUE,1882,2025-11-03T09:56:11.629577,1762143971.724000,5,48,5,42,1762143970.884000,48,-2,1.002,TRUE,1882,2025-11-03T09:56:11.629577,1762143970.825000,24,26,24,1,1762143970.793750,25,-25,1.001,TRUE,90.250,107720.235,FALSE,FALSE,FALSE,TRUE,FALSE,ECG samples:25
1899,-17918.8,TRUE,1883,2025-11-03T09:56:12.629568,1762143972.726000,6,51,6,44,1762143971.846000,49,-1,0.962,TRUE,1883,2025-11-03T09:56:12.629568,1762143971.826000,24,26,24,1,1762143971.794750,25,-25,1.001,TRUE,51.250,107771.485,FALSE,FALSE,FALSE,TRUE,FALSE,ECG samples:25
1900,-17917.7,TRUE,1884,2025-11-03T09:56:13.629580,1762143973.728000,5,48,5,42,1762143972.888000,48,-2,1.042,TRUE,1884,2025-11-03T09:56:13.629580,1762143972.828000,24,26,24,1,1762143972.796750,26,-24,1.002,TRUE,91.250,107862.735,FALSE,FALSE,FALSE,TRUE,FALSE,ECG samples:26
1901,-17916.7,TRUE,1885,2025-11-03T09:56:14.629569,1762143974.729000,6,49,6,42,1762143973.889000,48,-2,1.001,TRUE,1885,2025-11-03T09:56:14.629569,1762143973.830000,25,26,25,0,1762143973.830000,25,-25,1.033,TRUE,59.000,107921.735,FALSE,FALSE,FALSE,TRUE,FALSE,ECG samples:25
1902,-17915.7,TRUE,1886,2025-11-03T09:56:15.629570,1762143975.631000,6,44,6,37,1762143974.891000,47,-3,1.002,TRUE,1886,2025-11-03T09:56:15.629570,1762143974.831000,25,26,25,0,1762143974.831000,25,-25,1.001,TRUE,60.000,107981.735,FALSE,FALSE,FALSE,TRUE,FALSE,ECG samples:25
1903,-17914.8,TRUE,1887,2025-11-03T09:56:16.629569,1762143976.633000,10,50,10,39,1762143975.853000,49,-1,0.962,TRUE,1888,2025-11-03T09:56:17.629573,1762143976.833000,3,30,3,26,1762143976.020500,25,-25,1.189,TRUE,167.500,108149.235,FALSE,FALSE,FALSE,TRUE,TRUE,ECG samples:25;ICG interval:0.962s;ECG interval:1.189s
1904,-17913.7,TRUE,1888,2025-11-03T09:56:17.629573,1762143977.635000,10,48,10,37,1762143976.895000,47,-3,1.042,TRUE,1888,2025-11-03T09:56:17.629573,1762143976.833000,29,30,29,0,1762143976.833000,25,-25,0.812,TRUE,62.000,108211.235,FALSE,FALSE,FALSE,TRUE,TRUE,ECG samples:25;ICG interval:1.042s;ECG interval:0.812s
1905,-17912.8,TRUE,1889,2025-11-03T09:56:18.629574,1762143978.637000,10,50,10,39,1762143977.857000,49,-1,0.962,TRUE,1889,2025-11-03T09:56:18.629574,1762143977.834000,25,26,25,0,1762143977.834000,25,-25,1.001,TRUE,23.000,108234.235,FALSE,FALSE,FALSE,TRUE,FALSE,ECG samples:25
1906,-17911.7,TRUE,1890,2025-11-03T09:56:19.629571,1762143979.639000,10,48,10,37,1762143978.899000,47,-3,1.042,TRUE,1890,2025-11-03T09:56:19.629571,1762143978.836000,25,26,25,0,1762143978.836000,25,-25,1.002,TRUE,63.000,108297.235,FALSE,FALSE,FALSE,TRUE,FALSE,ECG samples:25
1907,-17910.8,TRUE,1891,2025-11-03T09:56:20.629574,1762143980.641000,10,50,10,39,1762143979.861000,49,-1,0.962,TRUE,1891,2025-11-03T09:56:20.629574,1762143979.837000,25,26,25,0,1762143979.837000,25,-25,1.001,TRUE,24.000,108321.235,FALSE,FALSE,FALSE,TRUE,FALSE,ECG samples:25
1908,-17909.7,TRUE,1892,2025-11-03T09:56:21.629581,1762143981.642000,10,49,10,38,1762143980.882000,48,-2,1.021,TRUE,1892,2025-11-03T09:56:21.629581,1762143980.839000,25,26,25,0,1762143980.839000,25,-25,1.002,TRUE,43.000,108364.235,FALSE,FALSE,FALSE,TRUE,FALSE,ECG samples:25
1909,-17908.7,TRUE,1893,2025-11-03T09:56:22.629578,1762143982.643000,10,49,10,38,1762143981.883000,48,-2,1.001,TRUE,1893,2025-11-03T09:56:22.629578,1762143981.841000,25,26,25,0,1762143981.841000,25,-25,1.002,TRUE,42.000,108406.235,FALSE,FALSE,FALSE,TRUE,FALSE,ECG samples:25
1910,-17907.7,TRUE,1894,2025-11-03T09:56:23.629572,1762143983.644000,10,49,10,38,1762143982.884000,48,-2,1.001,TRUE,1894,2025-11-03T09:56:23.629572,1762143982.842000,25,26,25,0,1762143982.842000,25,-25,1.001,TRUE,42.000,108448.235,FALSE,FALSE,FALSE,TRUE,FALSE,ECG samples:25
1911,-17906.7,TRUE,1895,2025-11-03T09:56:24.629573,1762143984.646000,10,49,10,38,1762143983.886000,47,-3,1.002,TRUE,1895,2025-11-03T09:56:24.629573,1762143983.843000,25,26,25,0,1762143983.843000,25,-25,1.001,TRUE,43.000,108491.235,FALSE,FALSE,FALSE,TRUE,FALSE,ECG samples:25
1912,-17905.7,TRUE,1896,2025-11-03T09:56:25.629573,1762143985.648000,9,48,9,38,1762143984.888000,48,-2,1.002,TRUE,1896,2025-11-03T09:56:25.629573,1762143984.845000,25,26,25,0,1762143984.845000,25,-25,1.002,TRUE,43.000,108534.235,FALSE,FALSE,FALSE,TRUE,FALSE,ECG samples:25
1913,-17904.7,TRUE,1897,2025-11-03T09:56:26.629578,1762143986.649000,10,49,10,38,1762143985.889000,47,-3,1.001,TRUE,1897,2025-11-03T09:56:26.629578,1762143985.846000,25,26,25,0,1762143985.846000,25,-25,1.001,TRUE,43.000,108577.235,FALSE,FALSE,FALSE,TRUE,FALSE,ECG samples:25
1914,-17903.8,TRUE,1898,2025-11-03T09:56:27.629679,1762143987.651000,9,49,9,39,1762143986.871000,49,-1,0.982,TRUE,1898,2025-11-03T09:56:27.629679,1762143986.848000,25,26,25,0,1762143986.848000,25,-25,1.002,TRUE,23.000,108600.235,FALSE,FALSE,FALSE,TRUE,FALSE,ECG samples:25
1915,-17902.7,TRUE,1899,2025-11-03T09:56:28.629571,1762143988.653000,10,49,10,38,1762143987.893000,47,-3,1.022,TRUE,1899,2025-11-03T09:56:28.629571,1762143987.850000,25,26,25,0,1762143987.850000,25,-25,1.002,TRUE,43.000,108643.235,FALSE,FALSE,FALSE,TRUE,FALSE,ECG samples:25
1916,-17901.7,TRUE,1900,2025-11-03T09:56:29.629577,1762143989.654000,9,48,9,38,1762143988.894000,47,-3,1.001,TRUE,1900,2025-11-03T09:56:29.629577,1762143988.851000,25,26,25,0,1762143988.851000,25,-25,1.001,TRUE,43.000,108686.235,FALSE,FALSE,FALSE,TRUE,FALSE,ECG samples:25
1917,-17900.7,TRUE,1901,2025-11-03T09:56:30.629578,1762143990.656000,9,48,9,38,1762143989.896000,47,-3,1.002,TRUE,1901,2025-11-03T09:56:30.629578,1762143989.853000,25,26,25,0,1762143989.853000,25,-25,1.002,TRUE,43.000,108729.235,FALSE,FALSE,FALSE,TRUE,FALSE,ECG samples:25
1918,-17899.8,TRUE,1902,2025-11-03T09:56:31.629581,1762143991.657000,9,49,9,39,1762143990.877000,48,-2,0.981,TRUE,1902,2025-11-03T09:56:31.629581,1762143990.854000,25,26,25,0,1762143990.854000,25,-25,1.001,TRUE,23.000,108752.235,FALSE,FALSE,FALSE,TRUE,FALSE,ECG samples:25
1919,-17898.8,TRUE,1903,2025-11-03T09:56:32.629636,1762143992.659000,9,49,9,39,1762143991.879000,48,-2,1.002,TRUE,1903,2025-11-03T09:56:32.629636,1762143991.855000,25,26,25,0,1762143991.855000,25,-25,1.001,TRUE,24.000,108776.235,FALSE,FALSE,FALSE,TRUE,FALSE,ECG samples:25
1920,-17897.8,TRUE,1904,2025-11-03T09:56:33.629575,1762143993.660000,9,50,9,40,1762143992.860000,48,-2,0.981,TRUE,1904,2025-11-03T09:56:33.629575,1762143992.857000,25,26,25,0,1762143992.857000,25,-25,1.002,TRUE,3.000,108779.235,FALSE,FALSE,FALSE,TRUE,FALSE,ECG samples:25
1921,-17896.7,TRUE,1905,2025-11-03T09:56:34.629568,1762143994.661000,8,47,8,38,1762143993.901000,47,-3,1.041,TRUE,1905,2025-11-03T09:56:34.629568,1762143993.858000,25,26,25,0,1762143993.858000,25,-25,1.001,TRUE,43.000,108822.235,FALSE,FALSE,FALSE,TRUE,FALSE,ECG samples:25
1922,-17895.7,TRUE,1906,2025-11-03T09:56:35.629568,1762143995.662000,9,49,9,39,1762143994.882000,48,-2,0.981,TRUE,1906,2025-11-03T09:56:35.629568,1762143994.859000,25,26,25,0,1762143994.859000,25,-25,1.001,TRUE,23.000,108845.235,FALSE,FALSE,FALSE,TRUE,FALSE,ECG samples:25
1923,-17894.7,TRUE,1907,2025-11-03T09:56:36.629575,1762143996.664000,9,49,9,39,1762143995.884000,48,-2,1.002,TRUE,1907,2025-11-03T09:56:36.629575,1762143995.861000,25,27,25,1,1762143995.829750,25,-25,0.971,TRUE,54.250,108899.485,FALSE,FALSE,FALSE,TRUE,FALSE,ECG samples:25
1924,-17893.8,TRUE,1908,2025-11-03T09:56:37.629575,1762143997.665000,9,50,9,40,1762143996.865000,49,-1,0.981,TRUE,1908,2025-11-03T09:56:37.629575,1762143996.862000,24,26,24,1,1762143996.830750,25,-25,1.001,TRUE,34.250,108933.735,FALSE,FALSE,FALSE,TRUE,FALSE,ECG samples:25
1925,-17892.7,TRUE,1909,2025-11-03T09:56:38.629575,1762143998.666000,9,49,9,39,1762143997.886000,48,-2,1.021,TRUE,1909,2025-11-03T09:56:38.629575,1762143997.863000,24,26,24,1,1762143997.831750,25,-25,1.001,TRUE,54.250,108987.985,FALSE,FALSE,FALSE,TRUE,FALSE,ECG samples:25
1926,-17891.7,TRUE,1910,2025-11-03T09:56:39.629569,1762143999.667000,9,48,9,38,1762143998.907000,46,-4,1.021,TRUE,1910,2025-11-03T09:56:39.629569,1762143998.864000,24,26,24,1,1762143998.832750,25,-25,1.001,TRUE,74.250,109062.235,FALSE,FALSE,FALSE,TRUE,FALSE,ECG samples:25
1927,-17890.8,TRUE,1911,2025-11-03T09:56:40.629572,1762144000.668000,8,49,8,40,1762143999.868000,49,-1,0.961,TRUE,1911,2025-11-03T09:56:40.629572,1762143999.866000,24,26,24,1,1762143999.834750,25,-25,1.002,TRUE,33.250,109095.485,FALSE,FALSE,FALSE,TRUE,FALSE,ECG samples:25
1928,-17889.7,TRUE,1912,2025-11-03T09:56:41.629575,1762144001.670000,9,49,9,39,1762144000.890000,49,-1,1.022,TRUE,1912,2025-11-03T09:56:41.629575,1762144000.867000,24,26,24,1,1762144000.835750,25,-25,1.001,TRUE,54.250,109149.735,FALSE,FALSE,FALSE,TRUE,FALSE,ECG samples:25
1929,-17888.7,TRUE,1913,2025-11-03T09:56:42.629589,1762144002.672000,10,48,10,37,1762144001.932000,46,-4,1.042,TRUE,1913,2025-11-03T09:56:42.629589,1762144001.868000,24,26,24,1,1762144001.836750,25,-25,1.001,TRUE,95.250,109244.985,FALSE,FALSE,FALSE,TRUE,FALSE,ECG samples:25
1930,-17887.7,TRUE,1914,2025-11-03T09:56:43.629583,1762144003.673000,9,49,9,39,1762144002.893000,48,-2,0.961,TRUE,1914,2025-11-03T09:56:43.629583,1762144002.870000,24,26,24,1,1762144002.838750,25,-25,1.002,TRUE,54.250,109299.235,FALSE,FALSE,FALSE,TRUE,FALSE,ECG samples:25
1931,-17886.8,TRUE,1915,2025-11-03T09:56:44.629586,1762144004.674000,9,50,9,40,1762144003.874000,48,-2,0.981,TRUE,1915,2025-11-03T09:56:44.629586,1762144003.870000,24,26,24,1,1762144003.838750,25,-25,1.000,TRUE,35.250,109334.485,FALSE,FALSE,FALSE,TRUE,FALSE,ECG samples:25
1932,-17885.8,TRUE,1916,2025-11-03T09:56:45.629589,1762144005.675000,8,49,8,40,1762144004.875000,48,-2,1.001,TRUE,1916,2025-11-03T09:56:45.629589,1762144004.872000,24,26,24,1,1762144004.840750,25,-25,1.002,TRUE,34.250,109368.735,FALSE,FALSE,FALSE,TRUE,FALSE,ECG samples:25
1933,-17884.7,TRUE,1917,2025-11-03T09:56:46.629569,1762144006.676000,8,47,8,38,1762144005.916000,47,-3,1.041,TRUE,1917,2025-11-03T09:56:46.629569,1762144005.873000,24,26,24,1,1762144005.841750,25,-25,1.001,TRUE,74.250,109442.986,FALSE,FALSE,FALSE,TRUE,FALSE,ECG samples:25
1934,-17883.8,TRUE,1918,2025-11-03T09:56:47.629574,1762144007.678000,9,50,9,40,1762144006.878000,48,-2,0.962,TRUE,1918,2025-11-03T09:56:47.629574,1762144006.875000,24,26,24,1,1762144006.843750,25,-25,1.002,TRUE,34.250,109477.236,FALSE,FALSE,FALSE,TRUE,FALSE,ECG samples:25
1935,-17882.7,TRUE,1919,2025-11-03T09:56:48.629570,1762144008.681000,8,49,8,40,1762144007.881000,48,-2,1.003,TRUE,1919,2025-11-03T09:56:48.629570,1762144007.876000,24,26,24,1,1762144007.844750,25,-25,1.001,TRUE,36.250,109513.486,FALSE,FALSE,FALSE,TRUE,FALSE,ECG samples:25
1936,-17881.7,TRUE,1920,2025-11-03T09:56:49.629581,1762144009.682000,8,48,8,39,1762144008.902000,48,-2,1.021,TRUE,1920,2025-11-03T09:56:49.629581,1762144008.877000,24,26,24,1,1762144008.845750,25,-25,1.001,TRUE,56.250,109569.736,FALSE,FALSE,FALSE,TRUE,FALSE,ECG samples:25
1937,-17880.7,TRUE,1921,2025-11-03T09:56:50.629577,1762144010.683000,9,50,9,40,1762144009.883000,48,-2,0.981,TRUE,1921,2025-11-03T09:56:50.629577,1762144009.879000,24,26,24,1,1762144009.847750,25,-25,1.002,TRUE,35.250,109604.986,FALSE,FALSE,FALSE,TRUE,FALSE,ECG samples:25
1938,-17879.7,TRUE,1922,2025-11-03T09:56:51.629568,1762144011.685000,8,49,8,40,1762144010.885000,48,-2,1.002,TRUE,1922,2025-11-03T09:56:51.629568,1762144010.880000,24,26,24,1,1762144010.848750,25,-25,1.001,TRUE,36.250,109641.236,FALSE,FALSE,FALSE,TRUE,FALSE,ECG samples:25
1939,-17878.7,TRUE,1923,2025-11-03T09:56:52.629566,1762144012.686000,8,48,8,39,1762144011.906000,47,-3,1.021,TRUE,1923,2025-11-03T09:56:52.629566,1762144011.881000,24,26,24,1,1762144011.849750,25,-25,1.001,TRUE,56.250,109697.486,FALSE,FALSE,FALSE,TRUE,FALSE,ECG samples:25
1940,-17877.8,TRUE,1924,2025-11-03T09:56:53.629570,1762144013.688000,8,50,8,41,1762144012.868000,49,-1,0.962,TRUE,1924,2025-11-03T09:56:53.629570,1762144012.882000,24,26,24,1,1762144012.850750,25,-25,1.001,TRUE,17.250,109714.736,FALSE,FALSE,FALSE,TRUE,FALSE,ECG samples:25
1941,-17876.8,TRUE,1925,2025-11-03T09:56:54.629570,1762144014.689000,8,50,8,41,1762144013.869000,49,-1,1.001,TRUE,1925,2025-11-03T09:56:54.629570,1762144013.884000,24,26,24,1,1762144013.852750,25,-25,1.002,TRUE,16.250,109730.986,FALSE,FALSE,FALSE,TRUE,FALSE,ECG samples:25
1942,-17875.7,TRUE,1926,2025-11-03T09:56:55.629578,1762144015.690000,8,49,8,40,1762144014.890000,48,-2,1.021,TRUE,1926,2025-11-03T09:56:55.629578,1762144014.885000,24,26,24,1,1762144014.853750,25,-25,1.001,TRUE,36.250,109767.236,FALSE,FALSE,FALSE,TRUE,FALSE,ECG samples:25
1943,-17874.7,TRUE,1927,2025-11-03T09:56:56.629570,1762144016.691000,8,49,8,40,1762144015.891000,48,-2,1.001,TRUE,1927,2025-11-03T09:56:56.629570,1762144015.886000,24,26,24,1,1762144015.854750,25,-25,1.001,TRUE,36.250,109803.486,FALSE,FALSE,FALSE,TRUE,FALSE,ECG samples:25
1944,-17873.7,TRUE,1928,2025-11-03T09:56:57.629574,1762144017.693000,8,49,8,40,1762144016.893000,48,-2,1.002,TRUE,1928,2025-11-03T09:56:57.629574,1762144016.888000,24,26,24,1,1762144016.856750,25,-25,1.002,TRUE,36.250,109839.736,FALSE,FALSE,FALSE,TRUE,FALSE,ECG samples:25
1945,-17872.7,TRUE,1929,2025-11-03T09:56:58.629574,1762144018.694000,8,49,8,40,1762144017.894000,48,-2,1.001,TRUE,1929,2025-11-03T09:56:58.629574,1762144017.889000,24,26,24,1,1762144017.857750,25,-25,1.001,TRUE,36.250,109875.986,FALSE,FALSE,FALSE,TRUE,FALSE,ECG samples:25
1946,-17871.7,TRUE,1930,2025-11-03T09:56:59.629576,1762144019.696000,8,49,8,40,1762144018.896000,47,-3,1.002,TRUE,1930,2025-11-03T09:56:59.629576,1762144018.890000,24,26,24,1,1762144018.858750,25,-25,1.001,TRUE,37.250,109913.236,FALSE,FALSE,FALSE,TRUE,FALSE,ECG samples:25
1947,-17870.7,TRUE,1931,2025-11-03T09:57:00.629568,1762144020.698000,7,48,7,40,1762144019.898000,48,-2,1.002,TRUE,1931,2025-11-03T09:57:00.629568,1762144019.892000,24,26,24,1,1762144019.860750,25,-25,1.002,TRUE,37.250,109950.486,FALSE,FALSE,FALSE,TRUE,FALSE,ECG samples:25
1948,-17869.8,TRUE,1932,2025-11-03T09:57:01.629567,1762144021.699000,8,50,8,41,1762144020.879000,49,-1,0.981,TRUE,1932,2025-11-03T09:57:01.629567,1762144020.894000,24,26,24,1,1762144020.862750,25,-25,1.002,TRUE,16.250,109966.736,FALSE,FALSE,FALSE,TRUE,FALSE,ECG samples:25
1949,-17868.7,TRUE,1933,2025-11-03T09:57:02.629576,1762144022.702000,8,49,8,40,1762144021.902000,47,-3,1.023,TRUE,1933,2025-11-03T09:57:02.629576,1762144021.895000,24,26,24,1,1762144021.863750,25,-25,1.001,TRUE,38.250,110004.986,FALSE,FALSE,FALSE,TRUE,FALSE,ECG samples:25
1950,-17867.7,TRUE,1934,2025-11-03T09:57:03.629573,1762144023.705000,7,49,7,41,1762144022.885000,48,-2,0.983,TRUE,1934,2025-11-03T09:57:03.629573,1762144022.897000,24,26,24,1,1762144022.865750,25,-25,1.002,TRUE,19.250,110024.236,FALSE,FALSE,FALSE,TRUE,FALSE,ECG samples:25
1951,-17866.7,TRUE,1935,2025-11-03T09:57:04.629566,1762144024.706000,7,47,7,39,1762144023.926000,47,-3,1.041,TRUE,1935,2025-11-03T09:57:04.629566,1762144023.898000,24,26,24,1,1762144023.866750,25,-25,1.001,TRUE,59.250,110083.486,FALSE,FALSE,FALSE,TRUE,FALSE,ECG samples:25
1952,-17865.7,TRUE,1936,2025-11-03T09:57:05.629575,1762144025.708000,8,49,8,40,1762144024.908000,47,-3,0.982,TRUE,1936,2025-11-03T09:57:05.629575,1762144024.901000,24,27,24,2,1762144024.838500,25,-25,0.972,TRUE,69.500,110152.986,FALSE,FALSE,FALSE,TRUE,FALSE,ECG samples:25
1953,-17864.7,TRUE,1937,2025-11-03T09:57:06.629575,1762144026.709000,7,49,7,41,1762144025.889000,49,-1,0.981,TRUE,1937,2025-11-03T09:57:06.629575,1762144025.903000,23,26,23,2,1762144025.840500,25,-25,1.002,TRUE,48.500,110201.486,FALSE,FALSE,FALSE,TRUE,FALSE,ECG samples:25
1954,-17863.7,TRUE,1938,2025-11-03T09:57:07.629576,1762144027.710000,8,49,8,40,1762144026.910000,47,-3,1.021,TRUE,1938,2025-11-03T09:57:07.629576,1762144026.904000,23,26,23,2,1762144026.841500,25,-25,1.001,TRUE,68.500,110269.986,FALSE,FALSE,FALSE,TRUE,FALSE,ECG samples:25
1955,-17862.7,TRUE,1939,2025-11-03T09:57:08.629575,1762144028.712000,7,49,7,41,1762144027.892000,48,-2,0.982,TRUE,1939,2025-11-03T09:57:08.629575,1762144027.906000,23,26,23,2,1762144027.843500,24,-26,1.002,TRUE,48.500,110318.486,FALSE,FALSE,FALSE,TRUE,FALSE,ECG samples:24
1956,-17861.7,TRUE,1940,2025-11-03T09:57:09.629570,1762144029.713000,7,49,7,41,1762144028.893000,48,-2,1.001,TRUE,1940,2025-11-03T09:57:09.629570,1762144028.907000,22,25,22,2,1762144028.844500,25,-25,1.001,TRUE,48.500,110366.986,FALSE,FALSE,FALSE,TRUE,FALSE,ECG samples:25
1957,-17860.7,TRUE,1941,2025-11-03T09:57:10.629573,1762144030.715000,7,48,7,40,1762144029.915000,47,-3,1.022,TRUE,1941,2025-11-03T09:57:10.629573,1762144029.908000,23,26,23,2,1762144029.845500,25,-25,1.001,TRUE,69.500,110436.486,FALSE,FALSE,FALSE,TRUE,FALSE,ECG samples:25
1958,-17859.7,TRUE,1942,2025-11-03T09:57:11.629568,1762144031.716000,7,49,7,41,1762144030.896000,48,-2,0.981,TRUE,1942,2025-11-03T09:57:11.629568,1762144030.910000,23,26,23,2,1762144030.847500,25,-25,1.002,TRUE,48.500,110484.986,FALSE,FALSE,FALSE,TRUE,FALSE,ECG samples:25
1959,-17858.7,TRUE,1943,2025-11-03T09:57:12.629571,1762144032.718000,7,49,7,41,1762144031.898000,48,-2,1.002,TRUE,1943,2025-11-03T09:57:12.629571,1762144031.912000,23,26,23,2,1762144031.849500,25,-25,1.002,TRUE,48.500,110533.486,FALSE,FALSE,FALSE,TRUE,FALSE,ECG samples:25
1960,-17857.8,TRUE,1944,2025-11-03T09:57:13.629568,1762144033.720000,7,51,7,43,1762144032.860000,50,+0,0.962,TRUE,1944,2025-11-03T09:57:13.629568,1762144032.914000,23,26,23,2,1762144032.851500,25,-25,1.002,TRUE,8.500,110541.986,FALSE,FALSE,FALSE,TRUE,FALSE,ECG samples:25
1961,-17856.7,TRUE,1945,2025-11-03T09:57:14.629573,1762144034.721000,7,48,7,40,1762144033.921000,47,-3,1.061,TRUE,1945,2025-11-03T09:57:14.629573,1762144033.915000,23,26,23,2,1762144033.852500,25,-25,1.001,TRUE,68.500,110610.487,FALSE,FALSE,FALSE,TRUE,TRUE,ECG samples:25;ICG interval:1.061s;ECG interval:1.001s
1962,-17855.7,TRUE,1946,2025-11-03T09:57:15.629572,1762144035.722000,7,50,7,42,1762144034.882000,49,-1,0.961,TRUE,1946,2025-11-03T09:57:15.629572,1762144034.917000,23,26,23,2,1762144034.854500,25,-25,1.002,TRUE,27.500,110637.986,FALSE,FALSE,FALSE,TRUE,FALSE,ECG samples:25
1963,-17854.7,TRUE,1947,2025-11-03T09:57:16.629568,1762144036.724000,7,50,7,42,1762144035.884000,49,-1,1.002,TRUE,1947,2025-11-03T09:57:16.629568,1762144035.919000,23,26,23,2,1762144035.856500,25,-25,1.002,TRUE,27.500,110665.487,FALSE,FALSE,FALSE,TRUE,FALSE,ECG samples:25
1964,-17853.7,TRUE,1948,2025-11-03T09:57:17.629568,1762144037.726000,7,50,7,42,1762144036.886000,48,-2,1.002,TRUE,1948,2025-11-03T09:57:17.629568,1762144036.920000,23,26,23,2,1762144036.857500,25,-25,1.001,TRUE,28.500,110693.987,FALSE,FALSE,FALSE,TRUE,FALSE,ECG samples:25
1965,-17852.7,TRUE,1949,2025-11-03T09:57:18.629566,1762144038.729000,6,48,6,41,1762144037.909000,48,-2,1.023,TRUE,1949,2025-11-03T09:57:18.629566,1762144037.922000,23,26,23,2,1762144037.859500,25,-25,1.002,TRUE,49.500,110743.487,FALSE,FALSE,FALSE,TRUE,FALSE,ECG samples:25
1966,-17851.7,TRUE,1950,2025-11-03T09:57:19.629571,1762144039.631000,7,45,7,37,1762144038.891000,49,-1,0.982,TRUE,1950,2025-11-03T09:57:19.629571,1762144038.923000,23,26,23,2,1762144038.860500,25,-25,1.001,TRUE,30.500,110773.987,FALSE,FALSE,FALSE,TRUE,FALSE,ECG samples:25
1967,-17850.7,TRUE,1951,2025-11-03T09:57:20.629571,1762144040.633000,12,50,12,37,1762144039.893000,48,-2,1.002,TRUE,1952,2025-11-03T09:57:21.629575,1762144040.826000,0,26,0,25,1762144040.044750,25,-25,1.184,TRUE,151.750,110925.737,FALSE,FALSE,FALSE,TRUE,TRUE,ECG samples:25;ICG interval:1.002s;ECG interval:1.184s
1968,-17849.7,TRUE,1952,2025-11-03T09:57:21.629575,1762144041.634000,11,48,11,36,1762144040.914000,47,-3,1.021,TRUE,1953,2025-11-03T09:57:22.629578,1762144041.827000,0,26,0,25,1762144041.045750,25,-25,1.001,TRUE,131.750,111057.487,FALSE,FALSE,FALSE,TRUE,FALSE,ECG samples:25
1969,-17848.8,TRUE,1953,2025-11-03T09:57:22.629578,1762144042.635000,11,50,11,38,1762144041.875000,49,-1,0.961,TRUE,1954,2025-11-03T09:57:23.629575,1762144042.828000,0,26,0,25,1762144042.046750,25,-25,1.001,TRUE,171.750,111229.237,FALSE,FALSE,FALSE,TRUE,FALSE,ECG samples:25
1970,-17847.7,TRUE,1954,2025-11-03T09:57:23.629575,1762144043.637000,11,48,11,36,1762144042.917000,48,-2,1.042,TRUE,1955,2025-11-03T09:57:24.629573,1762144043.829000,0,26,0,25,1762144043.047750,25,-25,1.001,TRUE,130.750,111359.987,FALSE,FALSE,FALSE,TRUE,FALSE,ECG samples:25
1971,-17846.7,TRUE,1955,2025-11-03T09:57:24.629573,1762144044.638000,12,50,12,37,1762144043.898000,48,-2,0.981,TRUE,1956,2025-11-03T09:57:25.629577,1762144044.831000,0,26,0,25,1762144044.049750,25,-25,1.002,TRUE,151.750,111511.737,FALSE,FALSE,FALSE,TRUE,FALSE,ECG samples:25
1972,-17845.8,TRUE,1956,2025-11-03T09:57:25.629577,1762144045.639000,11,50,11,38,1762144044.879000,49,-1,0.981,TRUE,1957,2025-11-03T09:57:26.629577,1762144045.832000,0,26,0,25,1762144045.050750,25,-25,1.001,TRUE,171.750,111683.487,FALSE,FALSE,FALSE,TRUE,FALSE,ECG samples:25
1973,-17844.7,TRUE,1957,2025-11-03T09:57:26.629577,1762144046.641000,11,49,11,37,1762144045.901000,48,-2,1.022,TRUE,1958,2025-11-03T09:57:27.629574,1762144046.833000,0,26,0,25,1762144046.051750,25,-25,1.001,TRUE,150.750,111834.237,FALSE,FALSE,FALSE,TRUE,FALSE,ECG samples:25
1974,-17843.7,TRUE,1958,2025-11-03T09:57:27.629574,1762144047.642000,11,49,11,37,1762144046.902000,47,-3,1.001,TRUE,1959,2025-11-03T09:57:28.629574,1762144047.834000,0,26,0,25,1762144047.052750,25,-25,1.001,TRUE,150.750,111984.987,FALSE,FALSE,FALSE,TRUE,FALSE,ECG samples:25
1975,-17842.7,TRUE,1959,2025-11-03T09:57:28.629574,1762144048.643000,10,48,10,37,1762144047.903000,48,-2,1.001,TRUE,1960,2025-11-03T09:57:29.629566,1762144048.835000,0,26,0,25,1762144048.053750,25,-25,1.001,TRUE,150.750,112135.737,FALSE,FALSE,FALSE,TRUE,FALSE,ECG samples:25
1976,-17841.7,TRUE,1960,2025-11-03T09:57:29.629566,1762144049.645000,11,49,11,37,1762144048.905000,48,-2,1.002,TRUE,1961,2025-11-03T09:57:30.629566,1762144049.837000,0,26,0,25,1762144049.055750,25,-25,1.002,TRUE,150.750,112286.487,FALSE,FALSE,FALSE,TRUE,FALSE,ECG samples:25
1977,-17840.7,TRUE,1961,2025-11-03T09:57:30.629566,1762144050.646000,11,50,11,38,1762144049.886000,48,-2,0.981,TRUE,1962,2025-11-03T09:57:31.629615,1762144050.838000,0,26,0,25,1762144050.056750,25,-25,1.001,TRUE,170.750,112457.237,FALSE,FALSE,FALSE,TRUE,FALSE,ECG samples:25
1978,-17839.7,TRUE,1962,2025-11-03T09:57:31.629615,1762144051.647000,10,49,10,38,1762144050.887000,48,-2,1.001,TRUE,1963,2025-11-03T09:57:32.629577,1762144051.839000,0,26,0,25,1762144051.057750,25,-25,1.001,TRUE,170.750,112627.987,FALSE,FALSE,FALSE,TRUE,FALSE,ECG samples:25
1979,-17838.7,TRUE,1963,2025-11-03T09:57:32.629577,1762144052.648000,10,49,10,38,1762144051.888000,48,-2,1.001,TRUE,1964,2025-11-03T09:57:33.629575,1762144052.840000,0,26,0,25,1762144052.058750,25,-25,1.001,TRUE,170.750,112798.737,FALSE,FALSE,FALSE,TRUE,FALSE,ECG samples:25
1980,-17837.7,TRUE,1964,2025-11-03T09:57:33.629575,1762144053.650000,10,48,10,37,1762144052.910000,47,-3,1.022,TRUE,1965,2025-11-03T09:57:34.629576,1762144053.842000,0,26,0,25,1762144053.060750,25,-25,1.002,TRUE,150.750,112949.487,FALSE,FALSE,FALSE,TRUE,FALSE,ECG samples:25
1981,-17836.7,TRUE,1965,2025-11-03T09:57:34.629576,1762144054.652000,10,48,10,37,1762144053.912000,48,-2,1.002,TRUE,1966,2025-11-03T09:57:35.629578,1762144054.845000,0,26,0,25,1762144054.063750,25,-25,1.003,TRUE,151.750,113101.237,FALSE,FALSE,FALSE,TRUE,FALSE,ECG samples:25
1982,-17835.7,TRUE,1966,2025-11-03T09:57:35.629578,1762144055.654000,11,48,11,36,1762144054.934000,46,-4,1.022,TRUE,1967,2025-11-03T09:57:36.629571,1762144055.846000,0,26,0,25,1762144055.064750,25,-25,1.001,TRUE,130.750,113231.987,FALSE,FALSE,FALSE,TRUE,FALSE,ECG samples:25
1983,-17834.7,TRUE,1967,2025-11-03T09:57:36.629571,1762144056.655000,10,49,10,38,1762144055.895000,49,-1,0.961,TRUE,1968,2025-11-03T09:57:37.629574,1762144056.848000,0,26,0,25,1762144056.066750,25,-25,1.002,TRUE,171.750,113403.737,FALSE,FALSE,FALSE,TRUE,FALSE,ECG samples:25
1984,-17833.7,TRUE,1968,2025-11-03T09:57:37.629574,1762144057.657000,11,49,11,37,1762144056.917000,47,-3,1.022,TRUE,1969,2025-11-03T09:57:38.629568,1762144057.850000,0,26,0,25,1762144057.068750,25,-25,1.002,TRUE,151.750,113555.487,FALSE,FALSE,FALSE,TRUE,FALSE,ECG samples:25
1985,-17832.8,TRUE,1969,2025-11-03T09:57:38.629568,1762144058.659000,10,50,10,39,1762144057.879000,49,-1,0.962,TRUE,1970,2025-11-03T09:57:39.629569,1762144058.851000,0,26,0,25,1762144058.069750,25,-25,1.001,TRUE,190.750,113746.237,FALSE,FALSE,FALSE,TRUE,FALSE,ECG samples:25
1986,-17831.7,TRUE,1970,2025-11-03T09:57:39.629569,1762144059.660000,10,49,10,38,1762144058.900000,49,-1,1.021,TRUE,1971,2025-11-03T09:57:40.629568,1762144059.852000,0,27,0,26,1762144059.039500,25,-25,0.970,TRUE,139.500,113885.737,FALSE,FALSE,FALSE,TRUE,FALSE,ECG samples:25
1987,-17830.7,TRUE,1971,2025-11-03T09:57:40.629568,1762144060.662000,11,50,11,38,1762144059.902000,48,-2,1.002,TRUE,1971,2025-11-03T09:57:40.629568,1762144059.852000,26,27,26,0,1762144059.852000,25,-25,0.812,TRUE,50.000,113935.737,FALSE,FALSE,FALSE,TRUE,TRUE,ECG samples:25;ICG interval:1.002s;ECG interval:0.812s
1988,-17829.7,TRUE,1972,2025-11-03T09:57:41.629567,1762144061.663000,10,48,10,37,1762144060.923000,48,-2,1.021,TRUE,1972,2025-11-03T09:57:41.629567,1762144060.854000,25,26,25,0,1762144060.854000,25,-25,1.002,TRUE,69.000,114004.737,FALSE,FALSE,FALSE,TRUE,FALSE,ECG samples:25
1989,-17828.7,TRUE,1973,2025-11-03T09:57:42.629567,1762144062.664000,11,50,11,38,1762144061.904000,48,-2,0.981,TRUE,1973,2025-11-03T09:57:42.629567,1762144061.855000,25,26,25,0,1762144061.855000,25,-25,1.001,TRUE,49.000,114053.737,FALSE,FALSE,FALSE,TRUE,FALSE,ECG samples:25
1990,-17827.7,TRUE,1974,2025-11-03T09:57:43.629572,1762144063.665000,10,50,10,39,1762144062.885000,49,-1,0.981,TRUE,1974,2025-11-03T09:57:43.629572,1762144062.856000,25,26,25,0,1762144062.856000,25,-25,1.001,TRUE,29.000,114082.737,FALSE,FALSE,FALSE,TRUE,FALSE,ECG samples:25
1991,-17826.7,TRUE,1975,2025-11-03T09:57:44.629600,1762144064.667000,10,49,10,38,1762144063.907000,48,-2,1.022,TRUE,1975,2025-11-03T09:57:44.629600,1762144063.857000,25,26,25,0,1762144063.857000,25,-25,1.001,TRUE,50.000,114132.737,FALSE,FALSE,FALSE,TRUE,FALSE,ECG samples:25
1992,-17825.7,TRUE,1976,2025-11-03T09:57:45.629567,1762144065.668000,10,50,10,39,1762144064.888000,49,-1,0.981,TRUE,1976,2025-11-03T09:57:45.629567,1762144064.859000,25,27,25,1,1762144064.827750,25,-25,0.971,TRUE,60.250,114192.987,FALSE,FALSE,FALSE,TRUE,FALSE,ECG samples:25
1993,-17824.7,TRUE,1977,2025-11-03T09:57:46.629568,1762144066.669000,10,49,10,38,1762144065.909000,47,-3,1.021,TRUE,1977,2025-11-03T09:57:46.629568,1762144065.860000,24,26,24,1,1762144065.828750,25,-25,1.001,TRUE,80.250,114273.237,FALSE,FALSE,FALSE,TRUE,FALSE,ECG samples:25
1994,-17823.7,TRUE,1978,2025-11-03T09:57:47.629569,1762144067.671000,9,48,9,38,1762144066.911000,48,-2,1.002,TRUE,1978,2025-11-03T09:57:47.629569,1762144066.861000,24,26,24,1,1762144066.829750,25,-25,1.001,TRUE,81.250,114354.487,FALSE,FALSE,FALSE,TRUE,FALSE,ECG samples:25
1995,-17822.7,TRUE,1979,2025-11-03T09:57:48.629576,1762144068.672000,10,49,10,38,1762144067.912000,48,-2,1.001,TRUE,1979,2025-11-03T09:57:48.629576,1762144067.863000,24,26,24,1,1762144067.831750,25,-25,1.002,TRUE,80.250,114434.737,FALSE,FALSE,FALSE,TRUE,FALSE,ECG samples:25
1996,-17821.7,TRUE,1980,2025-11-03T09:57:49.629579,1762144069.674000,10,48,10,37,1762144068.934000,47,-3,1.022,TRUE,1980,2025-11-03T09:57:49.629579,1762144068.864000,24,26,24,1,1762144068.832750,25,-25,1.001,TRUE,101.250,114535.987,FALSE,FALSE,FALSE,TRUE,FALSE,ECG samples:25
1997,-17820.7,TRUE,1981,2025-11-03T09:57:50.629575,1762144070.675000,10,50,10,39,1762144069.895000,49,-1,0.961,TRUE,1981,2025-11-03T09:57:50.629575,1762144069.865000,24,26,24,1,1762144069.833750,25,-25,1.001,TRUE,61.250,114597.237,FALSE,FALSE,FALSE,TRUE,FALSE,ECG samples:25
1998,-17819.7,TRUE,1982,2025-11-03T09:57:51.629574,1762144071.676000,10,48,10,37,1762144070.936000,47,-3,1.041,TRUE,1982,2025-11-03T09:57:51.629574,1762144070.867000,24,26,24,1,1762144070.835750,25,-25,1.002,TRUE,100.250,114697.487,FALSE,FALSE,FALSE,TRUE,FALSE,ECG samples:25
1999,-17818.7,TRUE,1983,2025-11-03T09:57:52.629581,1762144072.677000,10,50,10,39,1762144071.897000,48,-2,0.961,TRUE,1983,2025-11-03T09:57:52.629581,1762144071.867000,24,26,24,1,1762144071.835750,26,-24,1.000,TRUE,61.250,114758.737,FALSE,FALSE,FALSE,TRUE,FALSE,ECG samples:26
2000,-17817.7,TRUE,1984,2025-11-03T09:57:53.629571,1762144073.678000,9,48,9,38,1762144072.918000,48,-2,1.021,TRUE,1984,2025-11-03T09:57:53.629571,1762144072.869000,25,26,25,0,1762144072.869000,25,-25,1.033,TRUE,49.000,114807.737,FALSE,FALSE,FALSE,TRUE,FALSE,ECG samples:25
2001,-17816.7,TRUE,1985,2025-11-03T09:57:54.629570,1762144074.680000,10,49,10,38,1762144073.920000,47,-3,1.002,TRUE,1985,2025-11-03T09:57:54.629570,1762144073.870000,25,26,25,0,1762144073.870000,25,-25,1.001,TRUE,50.000,114857.737,FALSE,FALSE,FALSE,TRUE,FALSE,ECG samples:25
2002,-17815.7,TRUE,1986,2025-11-03T09:57:55.629570,1762144075.681000,9,48,9,38,1762144074.921000,48,-2,1.001,TRUE,1986,2025-11-03T09:57:55.629570,1762144074.872000,25,26,25,0,1762144074.872000,25,-25,1.002,TRUE,49.000,114906.737,FALSE,FALSE,FALSE,TRUE,FALSE,ECG samples:25
2003,-17814.7,TRUE,1987,2025-11-03T09:57:56.629567,1762144076.684000,10,49,10,38,1762144075.924000,47,-3,1.003,TRUE,1987,2025-11-03T09:57:56.629567,1762144075.873000,25,26,25,0,1762144075.873000,24,-26,1.001,TRUE,51.000,114957.737,FALSE,FALSE,FALSE,TRUE,FALSE,ECG samples:24
2004,-17813.7,TRUE,1988,2025-11-03T09:57:57.629570,1762144077.685000,9,49,9,39,1762144076.905000,49,-1,0.981,TRUE,1988,2025-11-03T09:57:57.629570,1762144076.873000,24,25,24,0,1762144076.873000,25,-25,1.000,TRUE,32.000,114989.737,FALSE,FALSE,FALSE,TRUE,FALSE,ECG samples:25
2005,-17812.7,TRUE,1989,2025-11-03T09:57:58.629566,1762144078.687000,10,49,10,38,1762144077.927000,48,-2,1.022,TRUE,1989,2025-11-03T09:57:58.629566,1762144077.875000,25,26,25,0,1762144077.875000,25,-25,1.002,TRUE,52.000,115041.737,FALSE,FALSE,FALSE,TRUE,FALSE,ECG samples:25
2006,-17811.7,TRUE,1990,2025-11-03T09:57:59.629572,1762144079.689000,10,49,10,38,1762144078.929000,47,-3,1.002,TRUE,1990,2025-11-03T09:57:59.629572,1762144078.877000,25,26,25,0,1762144078.877000,25,-25,1.002,TRUE,52.000,115093.737,FALSE,FALSE,FALSE,TRUE,FALSE,ECG samples:25
2007,-17810.7,TRUE,1991,2025-11-03T09:58:00.629574,1762144080.691000,9,48,9,38,1762144079.931000,48,-2,1.002,TRUE,1991,2025-11-03T09:58:00.629574,1762144079.878000,25,26,25,0,1762144079.878000,25,-25,1.001,TRUE,53.000,115146.737,FALSE,FALSE,FALSE,TRUE,FALSE,ECG samples:25
2008,-17809.7,TRUE,1992,2025-11-03T09:58:01.629575,1762144081.693000,10,49,10,38,1762144080.933000,47,-3,1.002,TRUE,1992,2025-11-03T09:58:01.629575,1762144080.880000,25,26,25,0,1762144080.880000,25,-25,1.002,TRUE,53.000,115199.737,FALSE,FALSE,FALSE,TRUE,FALSE,ECG samples:25
2009,-17808.7,TRUE,1993,2025-11-03T09:58:02.629571,1762144082.694000,9,50,9,40,1762144081.894000,49,-1,0.961,TRUE,1993,2025-11-03T09:58:02.629571,1762144081.881000,25,26,25,0,1762144081.881000,25,-25,1.001,TRUE,13.000,115212.737,FALSE,FALSE,FALSE,TRUE,FALSE,ECG samples:25
2010,-17807.7,TRUE,1994,2025-11-03T09:58:03.629569,1762144083.696000,9,50,9,40,1762144082.896000,49,-1,1.002,TRUE,1994,2025-11-03T09:58:03.629569,1762144082.883000,25,26,25,0,1762144082.883000,25,-25,1.002,TRUE,13.000,115225.737,FALSE,FALSE,FALSE,TRUE,FALSE,ECG samples:25
2011,-17806.7,TRUE,1995,2025-11-03T09:58:04.629568,1762144084.697000,9,50,9,40,1762144083.897000,49,-1,1.001,TRUE,1995,2025-11-03T09:58:04.629568,1762144083.884000,25,26,25,0,1762144083.884000,25,-25,1.001,TRUE,13.000,115238.737,FALSE,FALSE,FALSE,TRUE,FALSE,ECG samples:25
2012,-17805.7,TRUE,1996,2025-11-03T09:58:05.629573,1762144085.698000,9,49,9,39,1762144084.918000,48,-2,1.021,TRUE,1996,2025-11-03T09:58:05.629573,1762144084.885000,25,26,25,0,1762144084.885000,24,-26,1.001,TRUE,33.000,115271.737,FALSE,FALSE,FALSE,TRUE,FALSE,ECG samples:24
2013,-17804.7,TRUE,1997,2025-11-03T09:58:06.629574,1762144086.699000,9,48,9,38,1762144085.939000,47,-3,1.021,TRUE,1997,2025-11-03T09:58:06.629574,1762144085.887000,24,25,24,0,1762144085.887000,25,-25,1.002,TRUE,52.000,115323.737,FALSE,FALSE,FALSE,TRUE,FALSE,ECG samples:25
2014,-17803.7,TRUE,1998,2025-11-03T09:58:07.629576,1762144087.701000,9,50,9,40,1762144086.901000,48,-2,0.962,TRUE,1998,2025-11-03T09:58:07.629576,1762144086.888000,25,26,25,0,1762144086.888000,25,-25,1.001,TRUE,13.000,115336.737,FALSE,FALSE,FALSE,TRUE,FALSE,ECG samples:25
2015,-17802.7,TRUE,1999,2025-11-03T09:58:08.629569,1762144088.702000,8,49,8,40,1762144087.902000,48,-2,1.001,TRUE,1999,2025-11-03T09:58:08.629569,1762144087.889000,25,26,25,0,1762144087.889000,25,-25,1.001,TRUE,13.000,115349.737,FALSE,FALSE,FALSE,TRUE,FALSE,ECG samples:25
2016,-17801.7,TRUE,2000,2025-11-03T09:58:09.629570,1762144089.703000,8,49,8,40,1762144088.903000,48,-2,1.001,TRUE,2000,2025-11-03T09:58:09.629570,1762144088.890000,25,26,25,0,1762144088.890000,25,-25,1.001,TRUE,13.000,115362.737,FALSE,FALSE,FALSE,TRUE,FALSE,ECG samples:25
2017,-17800.7,TRUE,2001,2025-11-03T09:58:10.629568,1762144090.706000,8,49,8,40,1762144089.906000,48,-2,1.003,TRUE,2001,2025-11-03T09:58:10.629568,1762144089.892000,25,26,25,0,1762144089.892000,24,-26,1.002,TRUE,14.000,115376.737,FALSE,FALSE,FALSE,TRUE,FALSE,ECG samples:24
2018,-17799.7,TRUE,2002,2025-11-03T09:58:11.629576,1762144091.708000,8,49,8,40,1762144090.908000,49,-1,1.002,TRUE,2002,2025-11-03T09:58:11.629576,1762144090.893000,24,25,24,0,1762144090.893000,25,-25,1.001,TRUE,15.000,115391.737,FALSE,FALSE,FALSE,TRUE,FALSE,ECG samples:25
2019,-17798.7,TRUE,2003,2025-11-03T09:58:12.629566,1762144092.710000,9,50,9,40,1762144091.910000,48,-2,1.002,TRUE,2003,2025-11-03T09:58:12.629566,1762144091.895000,25,26,25,0,1762144091.895000,25,-25,1.002,TRUE,15.000,115406.738,FALSE,FALSE,FALSE,TRUE,FALSE,ECG samples:25
2020,-17797.7,TRUE,2004,2025-11-03T09:58:13.629576,1762144093.711000,8,49,8,40,1762144092.911000,49,-1,1.001,TRUE,2004,2025-11-03T09:58:13.629576,1762144092.896000,25,26,25,0,1762144092.896000,25,-25,1.001,TRUE,15.000,115421.738,FALSE,FALSE,FALSE,TRUE,FALSE,ECG samples:25
2021,-17796.7,TRUE,2005,2025-11-03T09:58:14.629569,1762144094.713000,9,49,9,39,1762144093.933000,47,-3,1.022,TRUE,2005,2025-11-03T09:58:14.629569,1762144093.897000,25,27,25,1,1762144093.865750,25,-25,0.970,TRUE,67.250,115488.988,FALSE,FALSE,FALSE,TRUE,FALSE,ECG samples:25
2022,-17795.7,TRUE,2006,2025-11-03T09:58:15.629568,1762144095.714000,8,47,8,38,1762144094.954000,46,-4,1.021,TRUE,2006,2025-11-03T09:58:15.629568,1762144094.898000,24,26,24,1,1762144094.866750,25,-25,1.001,TRUE,87.250,115576.238,FALSE,FALSE,FALSE,TRUE,FALSE,ECG samples:25
2023,-17794.7,TRUE,2007,2025-11-03T09:58:16.629576,1762144096.715000,8,49,8,40,1762144095.915000,48,-2,0.961,TRUE,2007,2025-11-03T09:58:16.629576,1762144095.900000,24,26,24,1,1762144095.868750,25,-25,1.002,TRUE,46.250,115622.488,FALSE,FALSE,FALSE,TRUE,FALSE,ECG samples:25
2024,-17793.7,TRUE,2008,2025-11-03T09:58:17.629571,1762144097.717000,8,49,8,40,1762144096.917000,48,-2,1.002,TRUE,2008,2025-11-03T09:58:17.629571,1762144096.900000,24,26,24,1,1762144096.868750,25,-25,1.000,TRUE,48.250,115670.738,FALSE,FALSE,FALSE,TRUE,FALSE,ECG samples:25
2025,-17792.7,TRUE,2009,2025-11-03T09:58:18.629571,1762144098.719000,8,48,8,39,1762144097.939000,47,-3,1.022,TRUE,2009,2025-11-03T09:58:18.629571,1762144097.903000,24,26,24,1,1762144097.871750,25,-25,1.003,TRUE,67.250,115737.988,FALSE,FALSE,FALSE,TRUE,FALSE,ECG samples:25
2026,-17791.7,TRUE,2010,2025-11-03T09:58:19.629574,1762144099.720000,8,49,8,40,1762144098.920000,48,-2,0.981,TRUE,2010,2025-11-03T09:58:19.629574,1762144098.904000,24,26,24,1,1762144098.872750,25,-25,1.001,TRUE,47.250,115785.238,FALSE,FALSE,FALSE,TRUE,FALSE,ECG samples:25
2027,-17790.7,TRUE,2011,2025-11-03T09:58:20.629569,1762144100.722000,8,50,8,41,1762144099.902000,49,-1,0.982,TRUE,2011,2025-11-03T09:58:20.629569,1762144099.906000,24,26,24,1,1762144099.874750,24,-26,1.002,TRUE,27.250,115812.488,FALSE,FALSE,FALSE,TRUE,FALSE,ECG samples:24
2028,-17789.7,TRUE,2012,2025-11-03T09:58:21.629571,1762144101.724000,8,49,8,40,1762144100.924000,48,-2,1.022,TRUE,2012,2025-11-03T09:58:21.629571,1762144100.907000,23,25,23,1,1762144100.875750,25,-25,1.001,TRUE,48.250,115860.738,FALSE,FALSE,FALSE,TRUE,FALSE,ECG samples:25
2029,-17788.7,TRUE,2013,2025-11-03T09:58:22.629568,1762144102.726000,8,49,8,40,1762144101.926000,48,-2,1.002,TRUE,2013,2025-11-03T09:58:22.629568,1762144101.909000,24,26,24,1,1762144101.877750,25,-25,1.002,TRUE,48.250,115908.988,FALSE,FALSE,FALSE,TRUE,FALSE,ECG samples:25
2030,-17787.7,TRUE,2014,2025-11-03T09:58:23.629574,1762144103.727000,8,49,8,40,1762144102.927000,48,-2,1.001,TRUE,2014,2025-11-03T09:58:23.629574,1762144102.911000,24,26,24,1,1762144102.879750,25,-25,1.002,TRUE,47.250,115956.238,FALSE,FALSE,FALSE,TRUE,FALSE,ECG samples:25
2031,-17786.7,TRUE,2015,2025-11-03T09:58:24.629565,1762144104.728000,8,49,8,40,1762144103.928000,48,-2,1.001,TRUE,2015,2025-11-03T09:58:24.629565,1762144103.912000,24,26,24,1,1762144103.880750,25,-25,1.001,TRUE,47.250,116003.488,FALSE,FALSE,FALSE,TRUE,FALSE,ECG samples:25
2032,-17785.7,TRUE,2016,2025-11-03T09:58:25.629579,1762144105.631000,8,43,8,34,1762144104.951000,46,-4,1.023,TRUE,2016,2025-11-03T09:58:25.629579,1762144104.913000,24,26,24,1,1762144104.881750,25,-25,1.001,TRUE,69.250,116072.738,FALSE,FALSE,FALSE,TRUE,FALSE,ECG samples:25
2033,-17784.7,TRUE,2017,2025-11-03T09:58:26.629567,1762144106.633000,12,49,12,36,1762144105.913000,48,-2,0.962,TRUE,2018,2025-11-03T09:58:27.629576,1762144106.816000,2,27,2,24,1762144106.066000,25,-25,1.184,TRUE,153.000,116225.738,FALSE,FALSE,FALSE,TRUE,TRUE,ECG samples:25;ICG interval:0.962s;ECG interval:1.184s
2034,-17783.7,TRUE,2018,2025-11-03T09:58:27.629576,1762144107.634000,12,49,12,36,1762144106.914000,47,-3,1.001,TRUE,2019,2025-11-03T09:58:28.629569,1762144107.817000,1,26,1,24,1762144107.067000,25,-25,1.001,TRUE,153.000,116378.738,FALSE,FALSE,FALSE,TRUE,FALSE,ECG samples:25
2035,-17782.7,TRUE,2019,2025-11-03T09:58:28.629569,1762144108.635000,11,48,11,36,1762144107.915000,49,-1,1.001,TRUE,2020,2025-11-03T09:58:29.629663,1762144108.819000,1,26,1,24,1762144108.069000,25,-25,1.002,TRUE,154.000,116532.738,FALSE,FALSE,FALSE,TRUE,FALSE,ECG samples:25
2036,-17781.7,TRUE,2020,2025-11-03T09:58:29.629663,1762144109.637000,13,50,13,36,1762144108.917000,48,-2,1.002,TRUE,2021,2025-11-03T09:58:30.629572,1762144109.820000,1,26,1,24,1762144109.070000,25,-25,1.001,TRUE,153.000,116685.738,FALSE,FALSE,FALSE,TRUE,FALSE,ECG samples:25
2037,-17780.7,TRUE,2021,2025-11-03T09:58:30.629572,1762144110.638000,12,49,12,36,1762144109.918000,49,-1,1.001,TRUE,2022,2025-11-03T09:58:31.629575,1762144110.821000,1,26,1,24,1762144110.071000,25,-25,1.001,TRUE,153.000,116838.738,FALSE,FALSE,FALSE,TRUE,FALSE,ECG samples:25
2038,-17779.7,TRUE,2022,2025-11-03T09:58:31.629575,1762144111.641000,13,50,13,36,1762144110.921000,49,-1,1.003,TRUE,2023,2025-11-03T09:58:32.629580,1762144111.822000,1,26,1,24,1762144111.072000,25,-25,1.001,TRUE,151.000,116989.738,FALSE,FALSE,FALSE,TRUE,FALSE,ECG samples:25
2039,-17778.7,TRUE,2023,2025-11-03T09:58:32.629580,1762144112.642000,13,50,13,36,1762144111.922000,48,-2,1.001,TRUE,2024,2025-11-03T09:58:33.629572,1762144112.823000,1,26,1,24,1762144112.073000,25,-25,1.001,TRUE,151.000,117140.738,FALSE,FALSE,FALSE,TRUE,FALSE,ECG samples:25
2040,-17777.7,TRUE,2024,2025-11-03T09:58:33.629572,1762144113.643000,12,49,12,36,1762144112.923000,48,-2,1.001,TRUE,2025,2025-11-03T09:58:34.629575,1762144113.825000,1,26,1,24,1762144113.075000,25,-25,1.002,TRUE,152.000,117292.738,FALSE,FALSE,FALSE,TRUE,FALSE,ECG samples:25
2041,-17776.7,TRUE,2025,2025-11-03T09:58:34.629575,1762144114.645000,12,49,12,36,1762144113.925000,48,-2,1.002,TRUE,2026,2025-11-03T09:58:35.629568,1762144114.827000,1,26,1,24,1762144114.077000,25,-25,1.002,TRUE,152.000,117444.738,FALSE,FALSE,FALSE,TRUE,FALSE,ECG samples:25
2042,-17775.7,TRUE,2026,2025-11-03T09:58:35.629568,1762144115.646000,12,49,12,36,1762144114.926000,48,-2,1.001,TRUE,2027,2025-11-03T09:58:36.629572,1762144115.828000,1,26,1,24,1762144115.078000,25,-25,1.001,TRUE,152.000,117596.738,FALSE,FALSE,FALSE,TRUE,FALSE,ECG samples:25
2043,-17774.7,TRUE,2027,2025-11-03T09:58:36.629572,1762144116.647000,12,50,12,37,1762144115.907000,48,-2,0.981,TRUE,2028,2025-11-03T09:58:37.629585,1762144116.829000,1,26,1,24,1762144116.079000,25,-25,1.001,TRUE,172.000,117768.738,FALSE,FALSE,FALSE,TRUE,FALSE,ECG samples:25
2044,-17773.7,TRUE,2028,2025-11-03T09:58:37.629585,1762144117.649000,11,48,11,36,1762144116.929000,48,-2,1.022,TRUE,2029,2025-11-03T09:58:38.629569,1762144117.830000,1,26,1,24,1762144117.080000,25,-25,1.001,TRUE,151.000,117919.738,FALSE,FALSE,FALSE,TRUE,FALSE,ECG samples:25
2045,-17772.7,TRUE,2029,2025-11-03T09:58:38.629569,1762144118.650000,12,50,12,37,1762144117.910000,49,-1,0.981,TRUE,2030,2025-11-03T09:58:39.629570,1762144118.832000,1,26,1,24,1762144118.082000,25,-25,1.002,TRUE,172.000,118091.738,FALSE,FALSE,FALSE,TRUE,FALSE,ECG samples:25
2046,-17771.7,TRUE,2030,2025-11-03T09:58:39.629570,1762144119.651000,12,50,12,37,1762144118.911000,49,-1,1.001,TRUE,2031,2025-11-03T09:58:40.629566,1762144119.833000,1,26,1,24,1762144119.083000,25,-25,1.001,TRUE,172.000,118263.738,FALSE,FALSE,FALSE,TRUE,FALSE,ECG samples:25
2047,-17770.7,TRUE,2031,2025-11-03T09:58:40.629566,1762144120.653000,12,49,12,36,1762144119.933000,48,-2,1.022,TRUE,2032,2025-11-03T09:58:41.629571,1762144120.835000,1,26,1,24,1762144120.085000,25,-25,1.002,TRUE,152.000,118415.738,FALSE,FALSE,FALSE,TRUE,FALSE,ECG samples:25
2048,-17769.7,TRUE,2032,2025-11-03T09:58:41.629571,1762144121.655000,12,49,12,36,1762144120.935000,48,-2,1.002,TRUE,2033,2025-11-03T09:58:42.629574,1762144121.836000,1,26,1,24,1762144121.086000,25,-25,1.001,TRUE,151.000,118566.738,FALSE,FALSE,FALSE,TRUE,FALSE,ECG samples:25
2049,-17768.7,TRUE,2033,2025-11-03T09:58:42.629574,1762144122.657000,12,49,12,36,1762144121.937000,48,-2,1.002,TRUE,2034,2025-11-03T09:58:43.629571,1762144122.837000,1,26,1,24,1762144122.087000,25,-25,1.001,TRUE,150.000,118716.738,FALSE,FALSE,FALSE,TRUE,FALSE,ECG samples:25
2050,-17767.7,TRUE,2034,2025-11-03T09:58:43.629571,1762144123.658000,12,50,12,37,1762144122.918000,48,-2,0.981,TRUE,2035,2025-11-03T09:58:44.629572,1762144123.839000,1,26,1,24,1762144123.089000,25,-25,1.002,TRUE,171.000,118887.738,FALSE,FALSE,FALSE,TRUE,FALSE,ECG samples:25
2051,-17766.7,TRUE,2035,2025-11-03T09:58:44.629572,1762144124.660000,11,49,11,37,1762144123.920000,48,-2,1.002,TRUE,2036,2025-11-03T09:58:45.629568,1762144124.840000,1,26,1,24,1762144124.090000,25,-25,1.001,TRUE,170.000,119057.738,FALSE,FALSE,FALSE,TRUE,FALSE,ECG samples:25
2052,-17765.7,TRUE,2036,2025-11-03T09:58:45.629568,1762144125.662000,11,49,11,37,1762144124.922000,49,-1,1.002,TRUE,2037,2025-11-03T09:58:46.629572,1762144125.842000,1,26,1,24,1762144125.092000,25,-25,1.002,TRUE,170.000,119227.738,FALSE,FALSE,FALSE,TRUE,FALSE,ECG samples:25
2053,-17764.7,TRUE,2037,2025-11-03T09:58:46.629572,1762144126.663000,12,49,12,36,1762144125.943000,48,-2,1.021,TRUE,2038,2025-11-03T09:58:47.629572,1762144126.843000,1,26,1,24,1762144126.093000,25,-25,1.001,TRUE,150.000,119377.738,FALSE,FALSE,FALSE,TRUE,FALSE,ECG samples:25
2054,-17763.7,TRUE,2038,2025-11-03T09:58:47.629572,1762144127.665000,12,50,12,37,1762144126.925000,48,-2,0.982,TRUE,2039,2025-11-03T09:58:48.629577,1762144127.844000,1,26,1,24,1762144127.094000,25,-25,1.001,TRUE,169.000,119546.738,FALSE,FALSE,FALSE,TRUE,FALSE,ECG samples:25
2055,-17762.7,TRUE,2039,2025-11-03T09:58:48.629577,1762144128.666000,11,49,11,37,1762144127.926000,48,-2,1.001,TRUE,2040,2025-11-03T09:58:49.629574,1762144128.846000,1,26,1,24,1762144128.096000,25,-25,1.002,TRUE,170.000,119716.738,FALSE,FALSE,FALSE,TRUE,FALSE,ECG samples:25
2056,-17761.7,TRUE,2040,2025-11-03T09:58:49.629574,1762144129.669000,11,49,11,37,1762144128.929000,49,-1,1.003,TRUE,2041,2025-11-03T09:58:50.629577,1762144129.847000,1,26,1,24,1762144129.097000,25,-25,1.001,TRUE,168.000,119884.738,FALSE,FALSE,FALSE,TRUE,FALSE,ECG samples:25
2057,-17760.7,TRUE,2041,2025-11-03T09:58:50.629577,1762144130.670000,12,49,12,36,1762144129.950000,47,-3,1.021,TRUE,2042,2025-11-03T09:58:51.629569,1762144130.848000,1,26,1,24,1762144130.098000,25,-25,1.001,TRUE,148.000,120032.738,FALSE,FALSE,FALSE,TRUE,FALSE,ECG samples:25
2058,-17759.7,TRUE,2042,2025-11-03T09:58:51.629569,1762144131.672000,11,49,11,37,1762144130.932000,48,-2,0.982,TRUE,2043,2025-11-03T09:58:52.629577,1762144131.849000,1,26,1,24,1762144131.099000,25,-25,1.001,TRUE,167.000,120199.738,FALSE,FALSE,FALSE,TRUE,FALSE,ECG samples:25
2059,-17758.7,TRUE,2043,2025-11-03T09:58:52.629577,1762144132.673000,11,49,11,37,1762144131.933000,48,-2,1.001,TRUE,2044,2025-11-03T09:58:53.629573,1762144132.850000,1,26,1,24,1762144132.100000,25,-25,1.001,TRUE,167.000,120366.738,FALSE,FALSE,FALSE,TRUE,FALSE,ECG samples:25
2060,-17757.7,TRUE,2044,2025-11-03T09:58:53.629573,1762144133.675000,11,50,11,38,1762144132.915000,49,-1,0.982,TRUE,2045,2025-11-03T09:58:54.629577,1762144133.852000,1,26,1,24,1762144133.102000,25,-25,1.002,TRUE,187.000,120553.738,FALSE,FALSE,FALSE,TRUE,FALSE,ECG samples:25
2061,-17756.7,TRUE,2045,2025-11-03T09:58:54.629577,1762144134.677000,11,49,11,37,1762144133.937000,47,-3,1.022,TRUE,2046,2025-11-03T09:58:55.629580,1762144134.854000,1,26,1,24,1762144134.104000,25,-25,1.002,TRUE,167.000,120720.738,FALSE,FALSE,FALSE,TRUE,FALSE,ECG samples:25
2062,-17755.7,TRUE,2046,2025-11-03T09:58:55.629580,1762144135.678000,10,49,10,38,1762144134.918000,49,-1,0.981,TRUE,2047,2025-11-03T09:58:56.629570,1762144135.854000,1,27,1,25,1762144135.072750,25,-25,0.969,TRUE,154.750,120875.488,FALSE,FALSE,FALSE,TRUE,FALSE,ECG samples:25
2063,-17754.7,TRUE,2047,2025-11-03T09:58:56.629570,1762144136.680000,11,50,11,38,1762144135.920000,49,-1,1.002,TRUE,2048,2025-11-03T09:58:57.629577,1762144136.856000,0,26,0,25,1762144136.074750,25,-25,1.002,TRUE,154.750,121030.238,FALSE,FALSE,FALSE,TRUE,FALSE,ECG samples:25
2064,-17753.7,TRUE,2048,2025-11-03T09:58:57.629577,1762144137.682000,11,49,11,37,1762144136.942000,47,-3,1.022,TRUE,2049,2025-11-03T09:58:58.629575,1762144137.857000,0,26,0,25,1762144137.075750,25,-25,1.001,TRUE,133.750,121163.988,FALSE,FALSE,FALSE,TRUE,FALSE,ECG samples:25
2065,-17752.7,TRUE,2049,2025-11-03T09:58:58.629575,1762144138.684000,10,49,10,38,1762144137.924000,49,-1,0.982,TRUE,2050,2025-11-03T09:58:59.629571,1762144138.859000,0,26,0,25,1762144138.077750,25,-25,1.002,TRUE,153.750,121317.738,FALSE,FALSE,FALSE,TRUE,FALSE,ECG samples:25
2066,-17751.7,TRUE,2050,2025-11-03T09:58:59.629571,1762144139.686000,11,49,11,37,1762144138.946000,48,-2,1.022,TRUE,2051,2025-11-03T09:59:00.629576,1762144139.860000,0,26,0,25,1762144139.078750,25,-25,1.001,TRUE,132.750,121450.488,FALSE,FALSE,FALSE,TRUE,FALSE,ECG samples:25
2067,-17750.7,TRUE,2051,2025-11-03T09:59:00.629576,1762144140.688000,11,50,11,38,1762144139.928000,48,-2,0.982,TRUE,2052,2025-11-03T09:59:01.629681,1762144140.862000,0,26,0,25,1762144140.080750,25,-25,1.002,TRUE,152.750,121603.238,FALSE,FALSE,FALSE,TRUE,FALSE,ECG samples:25
2068,-17749.7,TRUE,2052,2025-11-03T09:59:01.629681,1762144141.690000,10,49,10,38,1762144140.930000,48,-2,1.002,TRUE,2053,2025-11-03T09:59:02.629568,1762144141.863000,0,26,0,25,1762144141.081750,25,-25,1.001,TRUE,151.750,121754.987,FALSE,FALSE,FALSE,TRUE,FALSE,ECG samples:25
2069,-17748.7,TRUE,2053,2025-11-03T09:59:02.629568,1762144142.692000,10,49,10,38,1762144141.932000,49,-1,1.002,TRUE,2054,2025-11-03T09:59:03.629569,1762144142.864000,0,26,0,25,1762144142.082750,25,-25,1.001,TRUE,150.750,121905.738,FALSE,FALSE,FALSE,TRUE,FALSE,ECG samples:25
2070,-17747.7,TRUE,2054,2025-11-03T09:59:03.629569,1762144143.695000,11,49,11,37,1762144142.955000,47,-3,1.023,TRUE,2055,2025-11-03T09:59:04.629565,1762144143.866000,0,26,0,25,1762144143.084750,25,-25,1.002,TRUE,129.750,122035.488,FALSE,FALSE,FALSE,TRUE,FALSE,ECG samples:25
2071,-17746.7,TRUE,2055,2025-11-03T09:59:04.629565,1762144144.696000,10,50,10,39,1762144143.916000,49,-1,0.961,TRUE,2056,2025-11-03T09:59:05.629570,1762144144.868000,0,26,0,25,1762144144.086750,25,-25,1.002,TRUE,170.750,122206.238,FALSE,FALSE,FALSE,TRUE,FALSE,ECG samples:25
2072,-17745.7,TRUE,2056,2025-11-03T09:59:05.629570,1762144145.697000,10,49,10,38,1762144144.937000,47,-3,1.021,TRUE,2057,2025-11-03T09:59:06.629567,1762144145.870000,0,26,0,25,1762144145.088750,25,-25,1.002,TRUE,151.750,122357.987,FALSE,FALSE,FALSE,TRUE,FALSE,ECG samples:25
2073,-17744.7,TRUE,2057,2025-11-03T09:59:06.629567,1762144146.700000,9,49,9,39,1762144145.920000,49,-1,0.983,TRUE,2058,2025-11-03T09:59:07.629572,1762144146.871000,0,26,0,25,1762144146.089750,25,-25,1.001,TRUE,169.750,122527.737,FALSE,FALSE,FALSE,TRUE,FALSE,ECG samples:25
2074,-17743.7,TRUE,2058,2025-11-03T09:59:07.629572,1762144147.702000,10,49,10,38,1762144146.942000,48,-2,1.022,TRUE,2059,2025-11-03T09:59:08.629567,1762144147.873000,0,26,0,25,1762144147.091750,25,-25,1.002,TRUE,149.750,122677.487,FALSE,FALSE,FALSE,TRUE,FALSE,ECG samples:25
2075,-17742.7,TRUE,2059,2025-11-03T09:59:08.629567,1762144148.703000,10,49,10,38,1762144147.943000,48,-2,1.001,TRUE,2060,2025-11-03T09:59:09.629567,1762144148.875000,0,26,0,25,1762144148.093750,25,-25,1.002,TRUE,150.750,122828.237,FALSE,FALSE,FALSE,TRUE,FALSE,ECG samples:25
2076,-17741.7,TRUE,2060,2025-11-03T09:59:09.629567,1762144149.704000,10,48,10,37,1762144148.964000,46,-4,1.021,TRUE,2061,2025-11-03T09:59:10.629566,1762144149.877000,0,26,0,25,1762144149.095750,25,-25,1.002,TRUE,131.750,122959.987,FALSE,FALSE,FALSE,TRUE,FALSE,ECG samples:25
2077,-17740.7,TRUE,2061,2025-11-03T09:59:10.629566,1762144150.706000,9,48,9,38,1762144149.946000,48,-2,0.982,TRUE,2062,2025-11-03T09:59:11.629569,1762144150.877000,0,26,0,25,1762144150.095750,25,-25,1.000,TRUE,149.750,123109.737,FALSE,FALSE,FALSE,TRUE,FALSE,ECG samples:25
2078,-17739.7,TRUE,2062,2025-11-03T09:59:11.629569,1762144151.709000,10,49,10,38,1762144150.949000,47,-3,1.003,TRUE,2063,2025-11-03T09:59:12.629570,1762144151.879000,0,26,0,25,1762144151.097750,25,-25,1.002,TRUE,148.750,123258.487,FALSE,FALSE,FALSE,TRUE,FALSE,ECG samples:25
2079,-17738.7,TRUE,2063,2025-11-03T09:59:12.629570,1762144152.710000,9,50,9,40,1762144151.910000,49,-1,0.961,TRUE,2064,2025-11-03T09:59:13.629570,1762144152.880000,0,26,0,25,1762144152.098750,25,-25,1.001,TRUE,188.750,123447.237,FALSE,FALSE,FALSE,TRUE,FALSE,ECG samples:25
2080,-17737.7,TRUE,2064,2025-11-03T09:59:13.629570,1762144153.712000,9,49,9,39,1762144152.932000,49,-1,1.022,TRUE,2065,2025-11-03T09:59:14.629568,1762144153.881000,0,26,0,25,1762144153.099750,25,-25,1.001,TRUE,167.750,123614.987,FALSE,FALSE,FALSE,TRUE,FALSE,ECG samples:25
2081,-17736.7,TRUE,2065,2025-11-03T09:59:14.629568,1762144154.714000,10,49,10,38,1762144153.954000,47,-3,1.022,TRUE,2066,2025-11-03T09:59:15.629569,1762144154.883000,0,26,0,25,1762144154.101750,25,-25,1.002,TRUE,147.750,123762.737,FALSE,FALSE,FALSE,TRUE,FALSE,ECG samples:25
2082,-17735.7,TRUE,2066,2025-11-03T09:59:15.629569,1762144155.716000,9,49,9,39,1762144154.936000,48,-2,0.982,TRUE,2067,2025-11-03T09:59:16.629576,1762144155.884000,0,27,0,26,1762144155.071500,25,-25,0.970,TRUE,135.500,123898.237,FALSE,FALSE,FALSE,TRUE,FALSE,ECG samples:25
2083,-17734.7,TRUE,2067,2025-11-03T09:59:16.629576,1762144156.718000,9,50,9,40,1762144155.918000,50,+0,0.982,TRUE,2067,2025-11-03T09:59:16.629576,1762144155.884000,26,27,26,0,1762144155.884000,25,-25,0.812,TRUE,34.000,123932.237,FALSE,FALSE,FALSE,TRUE,TRUE,ECG samples:25;ICG interval:0.982s;ECG interval:0.812s
2084,-17733.7,TRUE,2068,2025-11-03T09:59:17.629570,1762144157.720000,10,50,10,39,1762144156.940000,48,-2,1.022,TRUE,2068,2025-11-03T09:59:17.629570,1762144156.887000,25,26,25,0,1762144156.887000,25,-25,1.003,TRUE,53.000,123985.237,FALSE,FALSE,FALSE,TRUE,FALSE,ECG samples:25
2085,-17732.7,TRUE,2069,2025-11-03T09:59:18.629577,1762144158.721000,9,50,9,40,1762144157.921000,49,-1,0.981,TRUE,2069,2025-11-03T09:59:18.629577,1762144157.888000,25,26,25,0,1762144157.888000,25,-25,1.001,TRUE,33.000,124018.237,FALSE,FALSE,FALSE,TRUE,FALSE,ECG samples:25
2086,-17731.7,TRUE,2070,2025-11-03T09:59:19.629576,1762144159.723000,9,49,9,39,1762144158.943000,47,-3,1.022,TRUE,2070,2025-11-03T09:59:19.629576,1762144158.890000,25,26,25,0,1762144158.890000,25,-25,1.002,TRUE,53.000,124071.237,FALSE,FALSE,FALSE,TRUE,FALSE,ECG samples:25
2087,-17730.7,TRUE,2071,2025-11-03T09:59:20.629568,1762144160.724000,8,49,8,40,1762144159.924000,49,-1,0.981,TRUE,2071,2025-11-03T09:59:20.629568,1762144159.891000,25,26,25,0,1762144159.891000,25,-25,1.001,TRUE,33.000,124104.237,FALSE,FALSE,FALSE,TRUE,FALSE,ECG samples:25
2088,-17729.7,TRUE,2072,2025-11-03T09:59:21.629575,1762144161.726000,9,49,9,39,1762144160.946000,47,-3,1.022,TRUE,2072,2025-11-03T09:59:21.629575,1762144160.892000,25,26,25,0,1762144160.892000,25,-25,1.001,TRUE,54.000,124158.237,FALSE,FALSE,FALSE,TRUE,FALSE,ECG samples:25
2089,-17728.7,TRUE,2073,2025-11-03T09:59:22.629566,1762144162.727000,8,48,8,39,1762144161.947000,48,-2,1.001,TRUE,2073,2025-11-03T09:59:22.629566,1762144161.893000,25,26,25,0,1762144161.893000,25,-25,1.001,TRUE,54.000,124212.237,FALSE,FALSE,FALSE,TRUE,FALSE,ECG samples:25
2090,-17727.7,TRUE,2074,2025-11-03T09:59:23.629575,1762144163.728000,9,49,9,39,1762144162.948000,48,-2,1.001,TRUE,2074,2025-11-03T09:59:23.629575,1762144162.895000,25,27,25,1,1762144162.863750,25,-25,0.971,TRUE,84.250,124296.487,FALSE,FALSE,FALSE,TRUE,FALSE,ECG samples:25
2091,-17726.7,TRUE,2075,2025-11-03T09:59:24.629569,1762144164.631000,9,46,9,36,1762144163.911000,49,-1,0.963,TRUE,2075,2025-11-03T09:59:24.629569,1762144163.896000,24,26,24,1,1762144163.864750,25,-25,1.001,TRUE,46.250,124342.737,FALSE,FALSE,FALSE,TRUE,FALSE,ECG samples:25
2092,-17725.7,TRUE,2076,2025-11-03T09:59:25.629578,1762144165.632000,13,49,13,35,1762144164.932000,49,-1,1.021,TRUE,2077,2025-11-03T09:59:26.629577,1762144165.799000,2,26,2,23,1762144165.080250,25,-25,1.216,TRUE,148.250,124490.988,FALSE,FALSE,FALSE,TRUE,TRUE,ECG samples:25;ICG interval:1.021s;ECG interval:1.216s
2093,-17724.7,TRUE,2077,2025-11-03T09:59:26.629577,1762144166.633000,14,49,14,34,1762144165.953000,48,-2,1.021,TRUE,2078,2025-11-03T09:59:27.629574,1762144166.800000,2,26,2,23,1762144166.081250,25,-25,1.001,TRUE,128.250,124619.238,FALSE,FALSE,FALSE,TRUE,FALSE,ECG samples:25
2094,-17723.7,TRUE,2078,2025-11-03T09:59:27.629574,1762144167.635000,14,50,14,35,1762144166.935000,49,-1,0.982,TRUE,2079,2025-11-03T09:59:28.629579,1762144167.801000,2,26,2,23,1762144167.082250,25,-25,1.001,TRUE,147.250,124766.488,FALSE,FALSE,FALSE,TRUE,FALSE,ECG samples:25
2095,-17722.7,TRUE,2079,2025-11-03T09:59:28.629579,1762144168.636000,14,49,14,34,1762144167.956000,48,-2,1.021,TRUE,2080,2025-11-03T09:59:29.629578,1762144168.803000,2,25,2,22,1762144168.115500,24,-26,1.033,TRUE,159.500,124925.988,FALSE,FALSE,FALSE,TRUE,FALSE,ECG samples:24
2096,-17721.7,TRUE,2080,2025-11-03T09:59:29.629578,1762144169.638000,14,50,14,35,1762144168.938000,48,-2,0.982,TRUE,2081,2025-11-03T09:59:30.629579,1762144169.805000,2,26,2,23,1762144169.086250,25,-25,0.971,TRUE,148.250,125074.238,FALSE,FALSE,FALSE,TRUE,FALSE,ECG samples:25
2097,-17720.7,TRUE,2081,2025-11-03T09:59:30.629579,1762144170.639000,13,49,13,35,1762144169.939000,48,-2,1.001,TRUE,2082,2025-11-03T09:59:31.629582,1762144170.806000,2,26,2,23,1762144170.087250,25,-25,1.001,TRUE,148.250,125222.488,FALSE,FALSE,FALSE,TRUE,FALSE,ECG samples:25
2098,-17719.7,TRUE,2082,2025-11-03T09:59:31.629582,1762144171.641000,13,49,13,35,1762144170.941000,48,-2,1.002,TRUE,2083,2025-11-03T09:59:32.629578,1762144171.809000,2,26,2,23,1762144171.090250,25,-25,1.003,TRUE,149.250,125371.738,FALSE,FALSE,FALSE,TRUE,FALSE,ECG samples:25
2099,-17718.7,TRUE,2083,2025-11-03T09:59:32.629578,1762144172.644000,13,48,13,34,1762144171.964000,47,-3,1.023,TRUE,2084,2025-11-03T09:59:33.629577,1762144172.811000,2,26,2,23,1762144172.092250,25,-25,1.002,TRUE,128.250,125499.988,FALSE,FALSE,FALSE,TRUE,FALSE,ECG samples:25
2100,-17717.7,TRUE,2084,2025-11-03T09:59:33.629577,1762144173.645000,13,49,13,35,1762144172.945000,48,-2,0.981,TRUE,2085,2025-11-03T09:59:34.629585,1762144173.812000,2,26,2,23,1762144173.093250,25,-25,1.001,TRUE,148.250,125648.238,FALSE,FALSE,FALSE,TRUE,FALSE,ECG samples:25
2101,-17716.7,TRUE,2085,2025-11-03T09:59:34.629585,1762144174.647000,13,49,13,35,1762144173.947000,48,-2,1.002,TRUE,2086,2025-11-03T09:59:35.629551,1762144174.814000,2,27,2,24,1762144174.064000,25,-25,0.971,TRUE,117.000,125765.238,FALSE,FALSE,FALSE,TRUE,FALSE,ECG samples:25
2102,-17715.7,TRUE,2086,2025-11-03T09:59:35.629551,1762144175.649000,13,49,13,35,1762144174.949000,47,-3,1.002,TRUE,2087,2025-11-03T09:59:36.629576,1762144175.816000,1,26,1,24,1762144175.066000,25,-25,1.002,TRUE,117.000,125882.238,FALSE,FALSE,FALSE,TRUE,FALSE,ECG samples:25
2103,-17714.7,TRUE,2087,2025-11-03T09:59:36.629576,1762144176.651000,12,49,12,36,1762144175.931000,48,-2,0.982,TRUE,2088,2025-11-03T09:59:37.629571,1762144176.818000,1,26,1,24,1762144176.068000,25,-25,1.002,TRUE,137.000,126019.238,FALSE,FALSE,FALSE,TRUE,FALSE,ECG samples:25
2104,-17713.7,TRUE,2088,2025-11-03T09:59:37.629571,1762144177.652000,12,50,12,37,1762144176.912000,48,-2,0.981,TRUE,2089,2025-11-03T09:59:38.629580,1762144177.819000,1,26,1,24,1762144177.069000,25,-25,1.001,TRUE,157.000,126176.239,FALSE,FALSE,FALSE,TRUE,FALSE,ECG samples:25
2105,-17712.7,TRUE,2089,2025-11-03T09:59:38.629580,1762144178.654000,11,48,11,36,1762144177.934000,49,-1,1.022,TRUE,2090,2025-11-03T09:59:39.629592,1762144178.821000,1,26,1,24,1762144178.071000,25,-25,1.002,TRUE,137.000,126313.239,FALSE,FALSE,FALSE,TRUE,FALSE,ECG samples:25
2106,-17711.7,TRUE,2090,2025-11-03T09:59:39.629592,1762144179.655000,13,50,13,36,1762144178.935000,48,-2,1.001,TRUE,2091,2025-11-03T09:59:40.629577,1762144179.822000,1,26,1,24,1762144179.072000,25,-25,1.001,TRUE,137.000,126450.239,FALSE,FALSE,FALSE,TRUE,FALSE,ECG samples:25
2107,-17710.7,TRUE,2091,2025-11-03T09:59:40.629577,1762144180.657000,12,49,12,36,1762144179.937000,48,-2,1.002,TRUE,2092,2025-11-03T09:59:41.629572,1762144180.824000,1,26,1,24,1762144180.074000,25,-25,1.002,TRUE,137.000,126587.239,FALSE,FALSE,FALSE,TRUE,FALSE,ECG samples:25
2108,-17709.7,TRUE,2092,2025-11-03T09:59:41.629572,1762144181.659000,12,49,12,36,1762144180.939000,48,-2,1.002,TRUE,2093,2025-11-03T09:59:42.629570,1762144181.825000,1,26,1,24,1762144181.075000,25,-25,1.001,TRUE,136.000,126723.239,FALSE,FALSE,FALSE,TRUE,FALSE,ECG samples:25
2109,-17708.7,TRUE,2093,2025-11-03T09:59:42.629570,1762144182.660000,12,49,12,36,1762144181.940000,48,-2,1.001,TRUE,2094,2025-11-03T09:59:43.629584,1762144182.827000,1,26,1,24,1762144182.077000,25,-25,1.002,TRUE,137.000,126860.239,FALSE,FALSE,FALSE,TRUE,FALSE,ECG samples:25
2110,-17707.7,TRUE,2094,2025-11-03T09:59:43.629584,1762144183.663000,12,49,12,36,1762144182.943000,48,-2,1.003,TRUE,2095,2025-11-03T09:59:44.629572,1762144183.829000,1,26,1,24,1762144183.079000,25,-25,1.002,TRUE,136.000,126996.238,FALSE,FALSE,FALSE,TRUE,FALSE,ECG samples:25
2111,-17706.7,TRUE,2095,2025-11-03T09:59:44.629572,1762144184.664000,12,49,12,36,1762144183.944000,47,-3,1.001,TRUE,2096,2025-11-03T09:59:45.629574,1762144184.830000,1,26,1,24,1762144184.080000,25,-25,1.001,TRUE,136.000,127132.238,FALSE,FALSE,FALSE,TRUE,FALSE,ECG samples:25
2112,-17705.7,TRUE,2096,2025-11-03T09:59:45.629574,1762144185.666000,11,49,11,37,1762144184.926000,49,-1,0.982,TRUE,2097,2025-11-03T09:59:46.629575,1762144185.832000,1,26,1,24,1762144185.082000,25,-25,1.002,TRUE,156.000,127288.239,FALSE,FALSE,FALSE,TRUE,FALSE,ECG samples:25
2113,-17704.7,TRUE,2097,2025-11-03T09:59:46.629575,1762144186.668000,12,49,12,36,1762144185.948000,47,-3,1.022,TRUE,2098,2025-11-03T09:59:47.629576,1762144186.834000,1,26,1,24,1762144186.084000,25,-25,1.002,TRUE,136.000,127424.239,FALSE,FALSE,FALSE,TRUE,FALSE,ECG samples:25
2114,-17703.7,TRUE,2098,2025-11-03T09:59:47.629576,1762144187.670000,11,49,11,37,1762144186.930000,49,-1,0.982,TRUE,2099,2025-11-03T09:59:48.629572,1762144187.835000,1,26,1,24,1762144187.085000,25,-25,1.001,TRUE,155.000,127579.239,FALSE,FALSE,FALSE,TRUE,FALSE,ECG samples:25
2115,-17702.7,TRUE,2099,2025-11-03T09:59:48.629572,1762144188.671000,12,50,12,37,1762144187.931000,49,-1,1.001,TRUE,2100,2025-11-03T09:59:49.629582,1762144188.837000,1,26,1,24,1762144188.087000,25,-25,1.002,TRUE,156.000,127735.239,FALSE,FALSE,FALSE,TRUE,FALSE,ECG samples:25
2116,-17701.7,TRUE,2100,2025-11-03T09:59:49.629582,1762144189.673000,12,49,12,36,1762144188.953000,47,-3,1.022,TRUE,2101,2025-11-03T09:59:50.629574,1762144189.838000,1,26,1,24,1762144189.088000,25,-25,1.001,TRUE,135.000,127870.239,FALSE,FALSE,FALSE,TRUE,FALSE,ECG samples:25
2117,-17700.7,TRUE,2101,2025-11-03T09:59:50.629574,1762144190.675000,11,47,11,35,1762144189.975000,47,-3,1.022,TRUE,2102,2025-11-03T09:59:51.629569,1762144190.839000,1,26,1,24,1762144190.089000,25,-25,1.001,TRUE,114.000,127984.239,FALSE,FALSE,FALSE,TRUE,FALSE,ECG samples:25
2118,-17699.7,TRUE,2102,2025-11-03T09:59:51.629569,1762144191.676000,12,50,12,37,1762144190.936000,48,-2,0.961,TRUE,2103,2025-11-03T09:59:52.629574,1762144191.841000,1,26,1,24,1762144191.091000,26,-24,1.002,TRUE,155.000,128139.239,FALSE,FALSE,FALSE,TRUE,FALSE,ECG samples:26
2119,-17698.7,TRUE,2103,2025-11-03T09:59:52.629574,1762144192.678000,11,49,11,37,1762144191.938000,48,-2,1.002,TRUE,2104,2025-11-03T09:59:53.629568,1762144192.842000,2,26,2,23,1762144192.123250,25,-25,1.032,TRUE,185.250,128324.489,FALSE,FALSE,FALSE,TRUE,FALSE,ECG samples:25
2120,-17697.7,TRUE,2104,2025-11-03T09:59:53.629568,1762144193.679000,11,49,11,37,1762144192.939000,48,-2,1.001,TRUE,2105,2025-11-03T09:59:54.629569,1762144193.843000,2,26,2,23,1762144193.124250,25,-25,1.001,TRUE,185.250,128509.739,FALSE,FALSE,FALSE,TRUE,FALSE,ECG samples:25
2121,-17696.7,TRUE,2105,2025-11-03T09:59:54.629569,1762144194.681000,11,49,11,37,1762144193.941000,49,-1,1.002,TRUE,2106,2025-11-03T09:59:55.629583,1762144194.845000,2,26,2,23,1762144194.126250,25,-25,1.002,TRUE,185.250,128694.989,FALSE,FALSE,FALSE,TRUE,FALSE,ECG samples:25
2122,-17695.7,TRUE,2106,2025-11-03T09:59:55.629583,1762144195.682000,12,49,12,36,1762144194.962000,48,-2,1.021,TRUE,2107,2025-11-03T09:59:56.629576,1762144195.846000,2,26,2,23,1762144195.127250,25,-25,1.001,TRUE,165.250,128860.239,FALSE,FALSE,FALSE,TRUE,FALSE,ECG samples:25
2123,-17694.7,TRUE,2107,2025-11-03T09:59:56.629576,1762144196.685000,12,50,12,37,1762144195.945000,48,-2,0.983,TRUE,2108,2025-11-03T09:59:57.629573,1762144196.847000,2,26,2,23,1762144196.128250,25,-25,1.001,TRUE,183.250,129043.489,FALSE,FALSE,FALSE,TRUE,FALSE,ECG samples:25
2124,-17693.7,TRUE,2108,2025-11-03T09:59:57.629573,1762144197.687000,11,49,11,37,1762144196.947000,48,-2,1.002,TRUE,2109,2025-11-03T09:59:58.629576,1762144197.849000,2,26,2,23,1762144197.130250,25,-25,1.002,TRUE,183.250,129226.739,FALSE,FALSE,FALSE,TRUE,FALSE,ECG samples:25
2125,-17692.7,TRUE,2109,2025-11-03T09:59:58.629576,1762144198.688000,11,49,11,37,1762144197.948000,48,-2,1.001,TRUE,2110,2025-11-03T09:59:59.629574,1762144198.850000,2,26,2,23,1762144198.131250,25,-25,1.001,TRUE,183.250,129409.989,FALSE,FALSE,FALSE,TRUE,FALSE,ECG samples:25
2126,-17691.7,TRUE,2110,2025-11-03T09:59:59.629574,1762144199.689000,11,49,11,37,1762144198.949000,48,-2,1.001,TRUE,2111,2025-11-03T10:00:00.629574,1762144199.851000,2,26,2,23,1762144199.132250,25,-25,1.001,TRUE,183.250,129593.239,FALSE,FALSE,FALSE,TRUE,FALSE,ECG samples:25
2127,-17690.7,TRUE,2111,2025-11-03T10:00:00.629574,1762144200.690000,11,50,11,38,1762144199.930000,49,-1,0.981,TRUE,2112,2025-11-03T10:00:01.629570,1762144200.852000,2,27,2,24,1762144200.102000,25,-25,0.970,TRUE,172.000,129765.239,FALSE,FALSE,FALSE,TRUE,FALSE,ECG samples:25
2128,-17689.7,TRUE,2112,2025-11-03T10:00:01.629570,1762144201.692000,11,49,11,37,1762144200.952000,48,-2,1.022,TRUE,2113,2025-11-03T10:00:02.629569,1762144201.854000,1,26,1,24,1762144201.104000,25,-25,1.002,TRUE,152.000,129917.239,FALSE,FALSE,FALSE,TRUE,FALSE,ECG samples:25
2129,-17688.7,TRUE,2113,2025-11-03T10:00:02.629569,1762144202.693000,11,50,11,38,1762144201.933000,48,-2,0.981,TRUE,2114,2025-11-03T10:00:03.629573,1762144202.855000,1,26,1,24,1762144202.105000,25,-25,1.001,TRUE,172.000,130089.239,FALSE,FALSE,FALSE,TRUE,FALSE,ECG samples:25
2130,-17687.7,TRUE,2114,2025-11-03T10:00:03.629573,1762144203.694000,10,48,10,37,1762144202.954000,48,-2,1.021,TRUE,2115,2025-11-03T10:00:04.629566,1762144203.857000,1,26,1,24,1762144203.107000,25,-25,1.002,TRUE,153.000,130242.239,FALSE,FALSE,FALSE,TRUE,FALSE,ECG samples:25
2131,-17686.7,TRUE,2115,2025-11-03T10:00:04.629566,1762144204.695000,11,49,11,37,1762144203.955000,48,-2,1.001,TRUE,2116,2025-11-03T10:00:05.629575,1762144204.858000,1,26,1,24,1762144204.108000,25,-25,1.001,TRUE,153.000,130395.239,FALSE,FALSE,FALSE,TRUE,FALSE,ECG samples:25
2132,-17685.7,TRUE,2116,2025-11-03T10:00:05.629575,1762144205.696000,11,49,11,37,1762144204.956000,47,-3,1.001,TRUE,2117,2025-11-03T10:00:06.629568,1762144205.859000,1,26,1,24,1762144205.109000,25,-25,1.001,TRUE,153.000,130548.239,FALSE,FALSE,FALSE,TRUE,FALSE,ECG samples:25
2133,-17684.7,TRUE,2117,2025-11-03T10:00:06.629568,1762144206.698000,10,49,10,38,1762144205.938000,49,-1,0.982,TRUE,2118,2025-11-03T10:00:07.629568,1762144206.861000,1,26,1,24,1762144206.111000,25,-25,1.002,TRUE,173.000,130721.239,FALSE,FALSE,FALSE,TRUE,FALSE,ECG samples:25
2134,-17683.7,TRUE,2118,2025-11-03T10:00:07.629568,1762144207.699000,11,48,11,36,1762144206.979000,46,-4,1.041,TRUE,2119,2025-11-03T10:00:08.629567,1762144207.862000,1,26,1,24,1762144207.112000,25,-25,1.001,TRUE,133.000,130854.239,FALSE,FALSE,FALSE,TRUE,FALSE,ECG samples:25
2135,-17682.7,TRUE,2119,2025-11-03T10:00:08.629567,1762144208.701000,10,48,10,37,1762144207.961000,47,-3,0.982,TRUE,2120,2025-11-03T10:00:09.629564,1762144208.863000,1,26,1,24,1762144208.113000,25,-25,1.001,TRUE,152.000,131006.239,FALSE,FALSE,FALSE,TRUE,FALSE,ECG samples:25
2136,-17681.7,TRUE,2120,2025-11-03T10:00:09.629564,1762144209.703000,10,50,10,39,1762144208.923000,49,-1,0.962,TRUE,2121,2025-11-03T10:00:10.629568,1762144209.865000,1,26,1,24,1762144209.115000,25,-25,1.002,TRUE,192.000,131198.239,FALSE,FALSE,FALSE,TRUE,FALSE,ECG samples:25
2137,-17680.7,TRUE,2121,2025-11-03T10:00:10.629568,1762144210.705000,10,49,10,38,1762144209.945000,48,-2,1.022,TRUE,2122,2025-11-03T10:00:11.629577,1762144210.867000,1,26,1,24,1762144210.117000,25,-25,1.002,TRUE,172.000,131370.239,FALSE,FALSE,FALSE,TRUE,FALSE,ECG samples:25
2138,-17679.7,TRUE,2122,2025-11-03T10:00:11.629577,1762144211.707000,10,49,10,38,1762144210.947000,48,-2,1.002,TRUE,2123,2025-11-03T10:00:12.629572,1762144211.868000,1,26,1,24,1762144211.118000,25,-25,1.001,TRUE,171.000,131541.239,FALSE,FALSE,FALSE,TRUE,FALSE,ECG samples:25
2139,-17678.7,TRUE,2123,2025-11-03T10:00:12.629572,1762144212.709000,10,49,10,38,1762144211.949000,48,-2,1.002,TRUE,2124,2025-11-03T10:00:13.629575,1762144212.869000,1,26,1,24,1762144212.119000,25,-25,1.001,TRUE,170.000,131711.239,FALSE,FALSE,FALSE,TRUE,FALSE,ECG samples:25
2140,-17677.7,TRUE,2124,2025-11-03T10:00:13.629575,1762144213.710000,10,49,10,38,1762144212.950000,48,-2,1.001,TRUE,2125,2025-11-03T10:00:14.629577,1762144213.870000,1,26,1,24,1762144213.120000,25,-25,1.001,TRUE,170.000,131881.239,FALSE,FALSE,FALSE,TRUE,FALSE,ECG samples:25
2141,-17676.7,TRUE,2125,2025-11-03T10:00:14.629577,1762144214.713000,10,49,10,38,1762144213.953000,48,-2,1.003,TRUE,2126,2025-11-03T10:00:15.629589,1762144214.872000,1,26,1,24,1762144214.122000,25,-25,1.002,TRUE,169.000,132050.239,FALSE,FALSE,FALSE,TRUE,FALSE,ECG samples:25
2142,-17675.7,TRUE,2126,2025-11-03T10:00:15.629589,1762144215.715000,10,48,10,37,1762144214.975000,47,-3,1.022,TRUE,2127,2025-11-03T10:00:16.629576,1762144215.873000,1,26,1,24,1762144215.123000,25,-25,1.001,TRUE,148.000,132198.239,FALSE,FALSE,FALSE,TRUE,FALSE,ECG samples:25
2143,-17674.7,TRUE,2127,2025-11-03T10:00:16.629576,1762144216.716000,10,49,10,38,1762144215.956000,48,-2,0.981,TRUE,2128,2025-11-03T10:00:17.629571,1762144216.875000,1,26,1,24,1762144216.125000,25,-25,1.002,TRUE,169.000,132367.239,FALSE,FALSE,FALSE,TRUE,FALSE,ECG samples:25
2144,-17673.7,TRUE,2128,2025-11-03T10:00:17.629571,1762144217.718000,10,50,10,39,1762144216.938000,49,-1,0.982,TRUE,2129,2025-11-03T10:00:18.629588,1762144217.876000,1,26,1,24,1762144217.126000,25,-25,1.001,TRUE,188.000,132555.239,FALSE,FALSE,FALSE,TRUE,FALSE,ECG samples:25
2145,-17672.7,TRUE,2129,2025-11-03T10:00:18.629588,1762144218.720000,10,50,10,39,1762144217.940000,49,-1,1.002,TRUE,2130,2025-11-03T10:00:19.629581,1762144218.878000,1,26,1,24,1762144218.128000,25,-25,1.002,TRUE,188.000,132743.239,FALSE,FALSE,FALSE,TRUE,FALSE,ECG samples:25
2146,-17671.7,TRUE,2130,2025-11-03T10:00:19.629581,1762144219.722000,10,50,10,39,1762144218.942000,48,-2,1.002,TRUE,2131,2025-11-03T10:00:20.629574,1762144219.880000,1,26,1,24,1762144219.130000,25,-25,1.002,TRUE,188.000,132931.239,FALSE,FALSE,FALSE,TRUE,FALSE,ECG samples:25
2147,-17670.7,TRUE,2131,2025-11-03T10:00:20.629574,1762144220.723000,9,48,9,38,1762144219.963000,48,-2,1.021,TRUE,2132,2025-11-03T10:00:21.629623,1762144220.881000,1,26,1,24,1762144220.131000,25,-25,1.001,TRUE,168.000,133099.239,FALSE,FALSE,FALSE,TRUE,FALSE,ECG samples:25
2148,-17669.7,TRUE,2132,2025-11-03T10:00:21.629623,1762144221.725000,10,50,10,39,1762144220.945000,48,-2,0.982,TRUE,2133,2025-11-03T10:00:22.629571,1762144221.883000,1,26,1,24,1762144221.133000,25,-25,1.002,TRUE,188.000,133287.239,FALSE,FALSE,FALSE,TRUE,FALSE,ECG samples:25
2149,-17668.7,TRUE,2133,2025-11-03T10:00:22.629571,1762144222.728000,9,50,9,40,1762144221.928000,50,+0,0.983,TRUE,2134,2025-11-03T10:00:23.629573,1762144222.884000,1,26,1,24,1762144222.134000,25,-25,1.001,TRUE,206.000,133493.239,FALSE,FALSE,FALSE,TRUE,FALSE,ECG samples:25
2150,-17667.7,TRUE,2134,2025-11-03T10:00:23.629573,1762144223.729000,10,49,10,38,1762144222.969000,47,-3,1.041,TRUE,2135,2025-11-03T10:00:24.629581,1762144223.885000,1,26,1,24,1762144223.135000,25,-25,1.001,TRUE,166.000,133659.239,FALSE,FALSE,FALSE,TRUE,FALSE,ECG samples:25
2151,-17666.7,TRUE,2135,2025-11-03T10:00:24.629581,1762144224.631000,9,45,9,35,1762144223.931000,48,-2,0.962,TRUE,2136,2025-11-03T10:00:25.629571,1762144224.787000,1,24,1,22,1762144224.099500,25,-25,0.964,TRUE,168.500,133827.739,FALSE,FALSE,FALSE,TRUE,FALSE,ECG samples:25
2152,-17665.7,TRUE,2136,2025-11-03T10:00:25.629571,1762144225.632000,13,48,13,34,1762144224.952000,48,-2,1.021,TRUE,2137,2025-11-03T10:00:26.629568,1762144225.789000,3,26,3,22,1762144225.101500,25,-25,1.002,TRUE,149.500,133977.239,FALSE,FALSE,FALSE,TRUE,FALSE,ECG samples:25
2153,-17664.7,TRUE,2137,2025-11-03T10:00:26.629568,1762144226.634000,14,49,14,34,1762144225.954000,48,-2,1.002,TRUE,2138,2025-11-03T10:00:27.629578,1762144226.790000,3,26,3,22,1762144226.102500,25,-25,1.001,TRUE,148.500,134125.739,FALSE,FALSE,FALSE,TRUE,FALSE,ECG samples:25
2154,-17663.7,TRUE,2138,2025-11-03T10:00:27.629578,1762144227.635000,14,49,14,34,1762144226.955000,48,-2,1.001,TRUE,2139,2025-11-03T10:00:28.629571,1762144227.792000,3,26,3,22,1762144227.104500,25,-25,1.002,TRUE,149.500,134275.239,FALSE,FALSE,FALSE,TRUE,FALSE,ECG samples:25
2155,-17662.7,TRUE,2139,2025-11-03T10:00:28.629571,1762144228.637000,14,48,14,33,1762144227.977000,48,-2,1.022,TRUE,2140,2025-11-03T10:00:29.629571,1762144228.794000,3,26,3,22,1762144228.106500,25,-25,1.002,TRUE,129.500,134404.739,FALSE,FALSE,FALSE,TRUE,FALSE,ECG samples:25
2156,-17661.7,TRUE,2140,2025-11-03T10:00:29.629571,1762144229.638000,15,49,15,33,1762144228.978000,47,-3,1.001,TRUE,2141,2025-11-03T10:00:30.629564,1762144229.796000,3,26,3,22,1762144229.108500,25,-25,1.002,TRUE,130.500,134535.239,FALSE,FALSE,FALSE,TRUE,FALSE,ECG samples:25
2157,-17660.7,TRUE,2141,2025-11-03T10:00:30.629564,1762144230.641000,14,50,14,35,1762144229.941000,49,-1,0.963,TRUE,2142,2025-11-03T10:00:31.629567,1762144230.797000,3,26,3,22,1762144230.109500,25,-25,1.001,TRUE,168.500,134703.739,FALSE,FALSE,FALSE,TRUE,FALSE,ECG samples:25
2158,-17659.7,TRUE,2142,2025-11-03T10:00:31.629567,1762144231.642000,14,49,14,34,1762144230.962000,48,-2,1.021,TRUE,2143,2025-11-03T10:00:32.629567,1762144231.799000,3,26,3,22,1762144231.111500,25,-25,1.002,TRUE,149.500,134853.239,FALSE,FALSE,FALSE,TRUE,FALSE,ECG samples:25
2159,-17658.6,TRUE,2143,2025-11-03T10:00:32.629567,1762144232.644000,14,48,14,33,1762144231.984000,46,-4,1.022,TRUE,2144,2025-11-03T10:00:33.629569,1762144232.800000,3,26,3,22,1762144232.112500,25,-25,1.001,TRUE,128.500,134981.739,FALSE,FALSE,FALSE,TRUE,FALSE,ECG samples:25
2160,-17657.7,TRUE,2144,2025-11-03T10:00:33.629569,1762144233.645000,13,48,13,34,1762144232.965000,48,-2,0.981,TRUE,2145,2025-11-03T10:00:34.629575,1762144233.802000,3,26,3,22,1762144233.114500,25,-25,1.002,TRUE,149.500,135131.239,FALSE,FALSE,FALSE,TRUE,FALSE,ECG samples:25
2161,-17656.7,TRUE,2145,2025-11-03T10:00:34.629575,1762144234.646000,14,49,14,34,1762144233.966000,48,-2,1.001,TRUE,2146,2025-11-03T10:00:35.629578,1762144234.804000,3,26,3,22,1762144234.116500,25,-25,1.002,TRUE,150.500,135281.739,FALSE,FALSE,FALSE,TRUE,FALSE,ECG samples:25
2162,-17655.7,TRUE,2146,2025-11-03T10:00:35.629578,1762144235.648000,14,50,14,35,1762144234.948000,48,-2,0.982,TRUE,2147,2025-11-03T10:00:36.629574,1762144235.805000,3,26,3,22,1762144235.117500,25,-25,1.001,TRUE,169.500,135451.239,FALSE,FALSE,FALSE,TRUE,FALSE,ECG samples:25
2163,-17654.7,TRUE,2147,2025-11-03T10:00:36.629574,1762144236.649000,13,49,13,35,1762144235.949000,49,-1,1.001,TRUE,2148,2025-11-03T10:00:37.629575,1762144236.806000,3,25,3,21,1762144236.149750,24,-26,1.032,TRUE,200.750,135651.989,FALSE,FALSE,FALSE,TRUE,FALSE,ECG samples:24
2164,-17653.7,TRUE,2148,2025-11-03T10:00:37.629575,1762144237.651000,14,49,14,34,1762144236.971000,47,-3,1.022,TRUE,2149,2025-11-03T10:00:38.629580,1762144237.809000,3,26,3,22,1762144237.121500,25,-25,0.972,TRUE,150.500,135802.490,FALSE,FALSE,FALSE,TRUE,FALSE,ECG samples:25
2165,-17652.7,TRUE,2149,2025-11-03T10:00:38.629580,1762144238.653000,13,49,13,35,1762144237.953000,48,-2,0.982,TRUE,2150,2025-11-03T10:00:39.629570,1762144238.810000,3,26,3,22,1762144238.122500,25,-25,1.001,TRUE,169.500,135971.989,FALSE,FALSE,FALSE,TRUE,FALSE,ECG samples:25
2166,-17651.7,TRUE,2150,2025-11-03T10:00:39.629570,1762144239.654000,13,49,13,35,1762144238.954000,49,-1,1.001,TRUE,2151,2025-11-03T10:00:40.629570,1762144239.811000,3,27,3,23,1762144239.092250,25,-25,0.970,TRUE,138.250,136110.240,FALSE,FALSE,FALSE,TRUE,FALSE,ECG samples:25
2167,-17650.7,TRUE,2151,2025-11-03T10:00:40.629570,1762144240.655000,14,49,14,34,1762144239.975000,46,-4,1.021,TRUE,2152,2025-11-03T10:00:41.629579,1762144240.813000,2,26,2,23,1762144240.094250,25,-25,1.002,TRUE,119.250,136229.490,FALSE,FALSE,FALSE,TRUE,FALSE,ECG samples:25
2168,-17649.7,TRUE,2152,2025-11-03T10:00:41.629579,1762144241.656000,12,48,12,35,1762144240.956000,48,-2,0.981,TRUE,2153,2025-11-03T10:00:42.629573,1762144241.814000,2,26,2,23,1762144241.095250,25,-25,1.001,TRUE,139.250,136368.740,FALSE,FALSE,FALSE,TRUE,FALSE,ECG samples:25
2169,-17648.7,TRUE,2153,2025-11-03T10:00:42.629573,1762144242.658000,13,50,13,36,1762144241.938000,49,-1,0.982,TRUE,2154,2025-11-03T10:00:43.629578,1762144242.816000,2,26,2,23,1762144242.097250,25,-25,1.002,TRUE,159.250,136527.990,FALSE,FALSE,FALSE,TRUE,FALSE,ECG samples:25
2170,-17647.7,TRUE,2154,2025-11-03T10:00:43.629578,1762144243.659000,13,48,13,34,1762144242.979000,48,-2,1.041,TRUE,2155,2025-11-03T10:00:44.629576,1762144243.817000,2,26,2,23,1762144243.098250,25,-25,1.001,TRUE,119.250,136647.240,FALSE,FALSE,FALSE,TRUE,FALSE,ECG samples:25
2171,-17646.7,TRUE,2155,2025-11-03T10:00:44.629576,1762144244.661000,14,50,14,35,1762144243.961000,48,-2,0.982,TRUE,2156,2025-11-03T10:00:45.629576,1762144244.819000,2,26,2,23,1762144244.100250,25,-25,1.002,TRUE,139.250,136786.490,FALSE,FALSE,FALSE,TRUE,FALSE,ECG samples:25
2172,-17645.6,TRUE,2156,2025-11-03T10:00:45.629576,1762144245.663000,13,48,13,34,1762144244.983000,47,-3,1.022,TRUE,2157,2025-11-03T10:00:46.629574,1762144245.820000,2,26,2,23,1762144245.101250,25,-25,1.001,TRUE,118.250,136904.740,FALSE,FALSE,FALSE,TRUE,FALSE,ECG samples:25
2173,-17644.7,TRUE,2157,2025-11-03T10:00:46.629574,1762144246.664000,13,49,13,35,1762144245.964000,48,-2,0.981,TRUE,2158,2025-11-03T10:00:47.629571,1762144246.821000,2,26,2,23,1762144246.102250,25,-25,1.001,TRUE,138.250,137042.990,FALSE,FALSE,FALSE,TRUE,FALSE,ECG samples:25
2174,-17643.7,TRUE,2158,2025-11-03T10:00:47.629571,1762144247.665000,13,49,13,35,1762144246.965000,48,-2,1.001,TRUE,2159,2025-11-03T10:00:48.629551,1762144247.923000,2,29,2,26,1762144247.110500,25,-25,1.008,TRUE,145.500,137188.490,FALSE,FALSE,FALSE,TRUE,FALSE,ECG samples:25
2175,-17642.7,TRUE,2159,2025-11-03T10:00:48.629551,1762144248.667000,13,51,13,37,1762144247.927000,50,+0,0.962,TRUE,2159,2025-11-03T10:00:48.629551,1762144247.923000,28,29,28,0,1762144247.923000,25,-25,0.812,TRUE,4.000,137192.490,FALSE,FALSE,FALSE,TRUE,TRUE,ECG samples:25;ICG interval:0.962s;ECG interval:0.812s
2176,-17641.7,TRUE,2160,2025-11-03T10:00:49.629556,1762144249.668000,13,50,13,36,1762144248.948000,49,-1,1.021,TRUE,2161,2025-11-03T10:00:50.629556,1762144249.825000,2,26,2,23,1762144249.106250,25,-25,1.183,TRUE,158.250,137350.740,FALSE,FALSE,FALSE,TRUE,TRUE,ECG samples:25;ICG interval:1.021s;ECG interval:1.183s
2177,-17640.7,TRUE,2161,2025-11-03T10:00:50.629556,1762144250.669000,13,51,13,37,1762144249.929000,49,-1,0.981,TRUE,2162,2025-11-03T10:00:51.629549,1762144250.826000,2,26,2,23,1762144250.107250,25,-25,1.001,TRUE,178.250,137528.990,FALSE,FALSE,FALSE,TRUE,FALSE,ECG samples:25
2178,-17639.7,TRUE,2162,2025-11-03T10:00:51.629549,1762144251.670000,12,50,12,37,1762144250.930000,50,+0,1.001,TRUE,2163,2025-11-03T10:00:52.629615,1762144251.827000,2,26,2,23,1762144251.108250,25,-25,1.001,TRUE,178.250,137707.240,FALSE,FALSE,FALSE,TRUE,FALSE,ECG samples:25
2179,-17638.7,TRUE,2163,2025-11-03T10:00:52.629615,1762144252.672000,13,50,13,36,1762144251.952000,49,-1,1.022,TRUE,2164,2025-11-03T10:00:53.629572,1762144252.829000,2,26,2,23,1762144252.110250,25,-25,1.002,TRUE,158.250,137865.490,FALSE,FALSE,FALSE,TRUE,FALSE,ECG samples:25
2180,-17637.7,TRUE,2164,2025-11-03T10:00:53.629572,1762144253.674000,13,49,13,35,1762144252.974000,47,-3,1.022,TRUE,2165,2025-11-03T10:00:54.629581,1762144253.830000,2,26,2,23,1762144253.111250,25,-25,1.001,TRUE,137.250,138002.740,FALSE,FALSE,FALSE,TRUE,FALSE,ECG samples:25
2181,-17636.7,TRUE,2165,2025-11-03T10:00:54.629581,1762144254.675000,12,49,12,36,1762144253.955000,48,-2,0.981,TRUE,2166,2025-11-03T10:00:55.629577,1762144254.831000,2,26,2,23,1762144254.112250,25,-25,1.001,TRUE,157.250,138159.990,FALSE,FALSE,FALSE,TRUE,FALSE,ECG samples:25
2182,-17635.7,TRUE,2166,2025-11-03T10:00:55.629577,1762144255.677000,12,48,12,35,1762144254.977000,48,-2,1.022,TRUE,2167,2025-11-03T10:00:56.629574,1762144255.834000,2,26,2,23,1762144255.115250,25,-25,1.003,TRUE,138.250,138298.240,FALSE,FALSE,FALSE,TRUE,FALSE,ECG samples:25
2183,-17634.7,TRUE,2167,2025-11-03T10:00:56.629574,1762144256.679000,13,50,13,36,1762144255.959000,48,-2,0.982,TRUE,2168,2025-11-03T10:00:57.629581,1762144256.835000,2,26,2,23,1762144256.116250,25,-25,1.001,TRUE,157.250,138455.490,FALSE,FALSE,FALSE,TRUE,FALSE,ECG samples:25
2184,-17633.7,TRUE,2168,2025-11-03T10:00:57.629581,1762144257.680000,12,50,12,37,1762144256.940000,49,-1,0.981,TRUE,2169,2025-11-03T10:00:58.629569,1762144257.837000,2,26,2,23,1762144257.118250,25,-25,1.002,TRUE,178.250,138633.740,FALSE,FALSE,FALSE,TRUE,FALSE,ECG samples:25
2185,-17632.7,TRUE,2169,2025-11-03T10:00:58.629569,1762144258.681000,12,49,12,36,1762144257.961000,48,-2,1.021,TRUE,2170,2025-11-03T10:00:59.629572,1762144258.838000,2,26,2,23,1762144258.119250,25,-25,1.001,TRUE,158.250,138791.990,FALSE,FALSE,FALSE,TRUE,FALSE,ECG samples:25
2186,-17631.7,TRUE,2170,2025-11-03T10:00:59.629572,1762144259.683000,12,49,12,36,1762144258.963000,48,-2,1.002,TRUE,2171,2025-11-03T10:01:00.629569,1762144259.840000,2,26,2,23,1762144259.121250,25,-25,1.002,TRUE,158.250,138950.240,FALSE,FALSE,FALSE,TRUE,FALSE,ECG samples:25
2187,-17630.7,TRUE,2171,2025-11-03T10:01:00.629569,1762144260.684000,12,49,12,36,1762144259.964000,49,-1,1.001,TRUE,2172,2025-11-03T10:01:01.629574,1762144260.842000,2,26,2,23,1762144260.123250,25,-25,1.002,TRUE,159.250,139109.490,FALSE,FALSE,FALSE,TRUE,FALSE,ECG samples:25
2188,-17629.7,TRUE,2172,2025-11-03T10:01:01.629574,1762144261.686000,13,50,13,36,1762144260.966000,48,-2,1.002,TRUE,2173,2025-11-03T10:01:02.629579,1762144261.844000,2,26,2,23,1762144261.125250,25,-25,1.002,TRUE,159.250,139268.740,FALSE,FALSE,FALSE,TRUE,FALSE,ECG samples:25
2189,-17628.6,TRUE,2173,2025-11-03T10:01:02.629579,1762144262.688000,12,48,12,35,1762144261.988000,47,-3,1.022,TRUE,2174,2025-11-03T10:01:03.629574,1762144262.845000,2,26,2,23,1762144262.126250,25,-25,1.001,TRUE,138.250,139406.990,FALSE,FALSE,FALSE,TRUE,FALSE,ECG samples:25
2190,-17627.7,TRUE,2174,2025-11-03T10:01:03.629574,1762144263.690000,12,50,12,37,1762144262.950000,49,-1,0.962,TRUE,2175,2025-11-03T10:01:04.629579,1762144263.848000,2,26,2,23,1762144263.129250,25,-25,1.003,TRUE,179.250,139586.240,FALSE,FALSE,FALSE,TRUE,FALSE,ECG samples:25
2191,-17626.7,TRUE,2175,2025-11-03T10:01:04.629579,1762144264.694000,12,49,12,36,1762144263.974000,48,-2,1.024,TRUE,2176,2025-11-03T10:01:05.629578,1762144264.849000,2,26,2,23,1762144264.130250,25,-25,1.001,TRUE,156.250,139742.490,FALSE,FALSE,FALSE,TRUE,FALSE,ECG samples:25
2192,-17625.7,TRUE,2176,2025-11-03T10:01:05.629578,1762144265.694000,12,50,12,37,1762144264.954000,49,-1,0.980,TRUE,2177,2025-11-03T10:01:06.629570,1762144265.852000,2,27,2,24,1762144265.102000,25,-25,0.972,TRUE,148.000,139890.490,FALSE,FALSE,FALSE,TRUE,FALSE,ECG samples:25
2193,-17624.7,TRUE,2177,2025-11-03T10:01:06.629570,1762144266.697000,12,49,12,36,1762144265.977000,48,-2,1.023,TRUE,2178,2025-11-03T10:01:07.629576,1762144266.853000,1,26,1,24,1762144266.103000,25,-25,1.001,TRUE,126.000,140016.490,FALSE,FALSE,FALSE,TRUE,FALSE,ECG samples:25
2194,-17623.7,TRUE,2178,2025-11-03T10:01:07.629576,1762144267.698000,12,49,12,36,1762144266.978000,48,-2,1.001,TRUE,2179,2025-11-03T10:01:08.629577,1762144267.854000,1,26,1,24,1762144267.104000,25,-25,1.001,TRUE,126.000,140142.490,FALSE,FALSE,FALSE,TRUE,FALSE,ECG samples:25
2195,-17622.6,TRUE,2179,2025-11-03T10:01:08.629577,1762144268.700000,12,49,12,36,1762144267.980000,48,-2,1.002,TRUE,2180,2025-11-03T10:01:09.629578,1762144268.855000,1,26,1,24,1762144268.105000,25,-25,1.001,TRUE,125.000,140267.490,FALSE,FALSE,FALSE,TRUE,FALSE,ECG samples:25
2196,-17621.6,TRUE,2180,2025-11-03T10:01:09.629578,1762144269.702000,12,49,12,36,1762144268.982000,48,-2,1.002,TRUE,2181,2025-11-03T10:01:10.629589,1762144269.857000,1,26,1,24,1762144269.107000,25,-25,1.002,TRUE,125.000,140392.491,FALSE,FALSE,FALSE,TRUE,FALSE,ECG samples:25
2197,-17620.7,TRUE,2181,2025-11-03T10:01:10.629589,1762144270.703000,12,50,12,37,1762144269.963000,48,-2,0.981,TRUE,2182,2025-11-03T10:01:11.629572,1762144270.858000,1,26,1,24,1762144270.108000,25,-25,1.001,TRUE,145.000,140537.491,FALSE,FALSE,FALSE,TRUE,FALSE,ECG samples:25
2198,-17619.6,TRUE,2182,2025-11-03T10:01:11.629572,1762144271.704000,11,48,11,36,1762144270.984000,48,-2,1.021,TRUE,2183,2025-11-03T10:01:12.629576,1762144271.859000,1,26,1,24,1762144271.109000,25,-25,1.001,TRUE,125.000,140662.491,FALSE,FALSE,FALSE,TRUE,FALSE,ECG samples:25
2199,-17618.7,TRUE,2183,2025-11-03T10:01:12.629576,1762144272.706000,12,51,12,38,1762144271.946000,49,-1,0.962,TRUE,2184,2025-11-03T10:01:13.629576,1762144272.861000,1,26,1,24,1762144272.111000,25,-25,1.002,TRUE,165.000,140827.491,FALSE,FALSE,FALSE,TRUE,FALSE,ECG samples:25
2200,-17617.6,TRUE,2184,2025-11-03T10:01:13.629576,1762144273.707000,11,48,11,36,1762144272.987000,48,-2,1.041,TRUE,2185,2025-11-03T10:01:14.629570,1762144273.862000,1,26,1,24,1762144273.112000,25,-25,1.001,TRUE,125.000,140952.491,FALSE,FALSE,FALSE,TRUE,FALSE,ECG samples:25
2201,-17616.7,TRUE,2185,2025-11-03T10:01:14.629570,1762144274.708000,12,50,12,37,1762144273.968000,48,-2,0.981,TRUE,2186,2025-11-03T10:01:15.629581,1762144274.863000,1,26,1,24,1762144274.113000,25,-25,1.001,TRUE,145.000,141097.491,FALSE,FALSE,FALSE,TRUE,FALSE,ECG samples:25
2202,-17615.7,TRUE,2186,2025-11-03T10:01:15.629581,1762144275.711000,11,49,11,37,1762144274.971000,48,-2,1.003,TRUE,2187,2025-11-03T10:01:16.629574,1762144275.865000,1,26,1,24,1762144275.115000,25,-25,1.002,TRUE,144.000,141241.491,FALSE,FALSE,FALSE,TRUE,FALSE,ECG samples:25
2203,-17614.7,TRUE,2187,2025-11-03T10:01:16.629574,1762144276.712000,11,50,11,38,1762144275.952000,49,-1,0.981,TRUE,2188,2025-11-03T10:01:17.629575,1762144276.866000,1,26,1,24,1762144276.116000,25,-25,1.001,TRUE,164.000,141405.491,FALSE,FALSE,FALSE,TRUE,FALSE,ECG samples:25
2204,-17613.7,TRUE,2188,2025-11-03T10:01:17.629575,1762144277.713000,11,49,11,37,1762144276.973000,48,-2,1.021,TRUE,2189,2025-11-03T10:01:18.629529,1762144277.868000,1,26,1,24,1762144277.118000,25,-25,1.002,TRUE,145.000,141550.491,FALSE,FALSE,FALSE,TRUE,FALSE,ECG samples:25
2205,-17612.7,TRUE,2189,2025-11-03T10:01:18.629529,1762144278.714000,11,50,11,38,1762144277.954000,49,-1,0.981,TRUE,2190,2025-11-03T10:01:19.629574,1762144278.870000,1,26,1,24,1762144278.120000,25,-25,1.002,TRUE,166.000,141716.491,FALSE,FALSE,FALSE,TRUE,FALSE,ECG samples:25
2206,-17611.7,TRUE,2190,2025-11-03T10:01:19.629574,1762144279.716000,11,50,11,38,1762144278.956000,49,-1,1.002,TRUE,2191,2025-11-03T10:01:20.629574,1762144279.871000,1,26,1,24,1762144279.121000,25,-25,1.001,TRUE,165.000,141881.490,FALSE,FALSE,FALSE,TRUE,FALSE,ECG samples:25
2207,-17610.6,TRUE,2191,2025-11-03T10:01:20.629574,1762144280.717000,11,48,11,36,1762144279.997000,47,-3,1.041,TRUE,2192,2025-11-03T10:01:21.629579,1762144280.872000,1,26,1,24,1762144280.122000,25,-25,1.001,TRUE,125.000,142006.490,FALSE,FALSE,FALSE,TRUE,FALSE,ECG samples:25
2208,-17609.7,TRUE,2192,2025-11-03T10:01:21.629579,1762144281.719000,11,50,11,38,1762144280.959000,49,-1,0.962,TRUE,2193,2025-11-03T10:01:22.629567,1762144281.873000,1,26,1,24,1762144281.123000,25,-25,1.001,TRUE,164.000,142170.490,FALSE,FALSE,FALSE,TRUE,FALSE,ECG samples:25
2209,-17608.7,TRUE,2193,2025-11-03T10:01:22.629567,1762144282.720000,11,50,11,38,1762144281.960000,48,-2,1.001,TRUE,2194,2025-11-03T10:01:23.629569,1762144282.875000,1,26,1,24,1762144282.125000,25,-25,1.002,TRUE,165.000,142335.490,FALSE,FALSE,FALSE,TRUE,FALSE,ECG samples:25
2210,-17607.7,TRUE,2194,2025-11-03T10:01:23.629569,1762144283.722000,10,49,10,38,1762144282.962000,48,-2,1.002,TRUE,2195,2025-11-03T10:01:24.629576,1762144283.876000,1,26,1,24,1762144283.126000,25,-25,1.001,TRUE,164.000,142499.490,FALSE,FALSE,FALSE,TRUE,FALSE,ECG samples:25
2211,-17606.7,TRUE,2195,2025-11-03T10:01:24.629576,1762144284.723000,10,49,10,38,1762144283.963000,49,-1,1.001,TRUE,2196,2025-11-03T10:01:25.629552,1762144284.877000,1,26,1,24,1762144284.127000,25,-25,1.001,TRUE,164.000,142663.490,FALSE,FALSE,FALSE,TRUE,FALSE,ECG samples:25
2212,-17605.6,TRUE,2196,2025-11-03T10:01:25.629552,1762144285.724000,11,49,11,37,1762144284.984000,48,-2,1.021,TRUE,2197,2025-11-03T10:01:26.629582,1762144285.880000,1,26,1,24,1762144285.130000,25,-25,1.003,TRUE,146.000,142809.490,FALSE,FALSE,FALSE,TRUE,FALSE,ECG samples:25
2213,-17604.7,TRUE,2197,2025-11-03T10:01:26.629582,1762144286.725000,11,50,11,38,1762144285.965000,48,-2,0.981,TRUE,2198,2025-11-03T10:01:27.629568,1762144286.881000,1,26,1,24,1762144286.131000,25,-25,1.001,TRUE,166.000,142975.491,FALSE,FALSE,FALSE,TRUE,FALSE,ECG samples:25
2214,-17603.6,TRUE,2198,2025-11-03T10:01:27.629568,1762144287.727000,10,48,10,37,1762144286.987000,47,-3,1.022,TRUE,2199,2025-11-03T10:01:28.629570,1762144287.882000,1,26,1,24,1762144287.132000,25,-25,1.001,TRUE,145.000,143120.491,FALSE,FALSE,FALSE,TRUE,FALSE,ECG samples:25
2215,-17602.7,TRUE,2199,2025-11-03T10:01:28.629570,1762144288.728000,10,49,10,38,1762144287.968000,49,-1,0.981,TRUE,2200,2025-11-03T10:01:29.629579,1762144288.885000,1,26,1,24,1762144288.135000,25,-25,1.003,TRUE,167.000,143287.491,FALSE,FALSE,FALSE,TRUE,FALSE,ECG samples:25
2216,-17601.6,TRUE,2200,2025-11-03T10:01:29.629579,1762144289.730000,11,49,11,37,1762144288.990000,48,-2,1.022,TRUE,2201,2025-11-03T10:01:30.629577,1762144289.886000,1,26,1,24,1762144289.136000,25,-25,1.001,TRUE,146.000,143433.491,FALSE,FALSE,FALSE,TRUE,FALSE,ECG samples:25
2217,-17600.7,TRUE,2201,2025-11-03T10:01:30.629577,1762144290.631000,11,45,11,33,1762144289.971000,48,-2,0.981,TRUE,2202,2025-11-03T10:01:31.629574,1762144290.787000,1,24,1,22,1762144290.099500,25,-25,0.964,TRUE,128.500,143561.990,FALSE,FALSE,FALSE,TRUE,FALSE,ECG samples:25
2218,-17599.6,TRUE,2202,2025-11-03T10:01:31.629574,1762144291.632000,15,48,15,32,1762144290.992000,47,-3,1.021,TRUE,2203,2025-11-03T10:01:32.629573,1762144291.789000,3,26,3,22,1762144291.101500,25,-25,1.002,TRUE,109.500,143671.491,FALSE,FALSE,FALSE,TRUE,FALSE,ECG samples:25
2219,-17598.6,TRUE,2203,2025-11-03T10:01:32.629573,1762144292.633000,15,48,15,32,1762144291.993000,48,-2,1.001,TRUE,2204,2025-11-03T10:01:33.629574,1762144292.790000,3,26,3,22,1762144292.102500,25,-25,1.001,TRUE,109.500,143780.991,FALSE,FALSE,FALSE,TRUE,FALSE,ECG samples:25
2220,-17597.7,TRUE,2204,2025-11-03T10:01:33.629574,1762144293.634000,16,50,16,33,1762144292.974000,48,-2,0.981,TRUE,2205,2025-11-03T10:01:34.629577,1762144293.791000,3,26,3,22,1762144293.103500,25,-25,1.001,TRUE,129.500,143910.491,FALSE,FALSE,FALSE,TRUE,FALSE,ECG samples:25
2221,-17596.6,TRUE,2205,2025-11-03T10:01:34.629577,1762144294.636000,15,48,15,32,1762144293.996000,47,-3,1.022,TRUE,2206,2025-11-03T10:01:35.629573,1762144294.792000,3,26,3,22,1762144294.104500,25,-25,1.001,TRUE,108.500,144018.991,FALSE,FALSE,FALSE,TRUE,FALSE,ECG samples:25
2222,-17595.7,TRUE,2206,2025-11-03T10:01:35.629573,1762144295.637000,15,49,15,33,1762144294.977000,48,-2,0.981,TRUE,2207,2025-11-03T10:01:36.629574,1762144295.793000,3,26,3,22,1762144295.105500,25,-25,1.001,TRUE,128.500,144147.491,FALSE,FALSE,FALSE,TRUE,FALSE,ECG samples:25
2223,-17594.7,TRUE,2207,2025-11-03T10:01:36.629574,1762144296.638000,15,49,15,33,1762144295.978000,48,-2,1.001,TRUE,2208,2025-11-03T10:01:37.629576,1762144296.795000,3,26,3,22,1762144296.107500,25,-25,1.002,TRUE,129.500,144276.991,FALSE,FALSE,FALSE,TRUE,FALSE,ECG samples:25
2224,-17593.7,TRUE,2208,2025-11-03T10:01:37.629576,1762144297.640000,15,50,15,34,1762144296.960000,49,-1,0.982,TRUE,2209,2025-11-03T10:01:38.629575,1762144297.797000,3,26,3,22,1762144297.109500,25,-25,1.002,TRUE,149.500,144426.491,FALSE,FALSE,FALSE,TRUE,FALSE,ECG samples:25
2225,-17592.6,TRUE,2209,2025-11-03T10:01:38.629575,1762144298.642000,15,49,15,33,1762144297.982000,47,-3,1.022,TRUE,2210,2025-11-03T10:01:39.629583,1762144298.798000,3,26,3,22,1762144298.110500,25,-25,1.001,TRUE,128.500,144554.991,FALSE,FALSE,FALSE,TRUE,FALSE,ECG samples:25
2226,-17591.6,TRUE,2210,2025-11-03T10:01:39.629583,1762144299.643000,14,48,14,33,1762144298.983000,48,-2,1.001,TRUE,2211,2025-11-03T10:01:40.629579,1762144299.800000,3,26,3,22,1762144299.112500,25,-25,1.002,TRUE,129.500,144684.491,FALSE,FALSE,FALSE,TRUE,FALSE,ECG samples:25
2227,-17590.7,TRUE,2211,2025-11-03T10:01:40.629579,1762144300.645000,15,50,15,34,1762144299.965000,48,-2,0.982,TRUE,2212,2025-11-03T10:01:41.629575,1762144300.801000,3,26,3,22,1762144300.113500,25,-25,1.001,TRUE,148.500,144832.992,FALSE,FALSE,FALSE,TRUE,FALSE,ECG samples:25
2228,-17589.7,TRUE,2212,2025-11-03T10:01:41.629575,1762144301.647000,14,49,14,34,1762144300.967000,48,-2,1.002,TRUE,2213,2025-11-03T10:01:42.629580,1762144301.802000,3,26,3,22,1762144301.114500,26,-24,1.001,TRUE,147.500,144980.492,FALSE,FALSE,FALSE,TRUE,FALSE,ECG samples:26
2229,-17588.7,TRUE,2213,2025-11-03T10:01:42.629580,1762144302.648000,14,49,14,34,1762144301.968000,49,-1,1.001,TRUE,2214,2025-11-03T10:01:43.629578,1762144302.804000,4,26,4,21,1762144302.147750,25,-25,1.033,TRUE,179.750,145160.242,FALSE,FALSE,FALSE,TRUE,FALSE,ECG samples:25
2230,-17587.6,TRUE,2214,2025-11-03T10:01:43.629578,1762144303.650000,15,49,15,33,1762144302.990000,47,-3,1.022,TRUE,2215,2025-11-03T10:01:44.629569,1762144303.805000,4,26,4,21,1762144303.148750,25,-25,1.001,TRUE,158.750,145318.992,FALSE,FALSE,FALSE,TRUE,FALSE,ECG samples:25
2231,-17586.7,TRUE,2215,2025-11-03T10:01:44.629569,1762144304.651000,14,49,14,34,1762144303.971000,49,-1,0.981,TRUE,2216,2025-11-03T10:01:45.629577,1762144304.806000,4,26,4,21,1762144304.149750,25,-25,1.001,TRUE,178.750,145497.742,FALSE,FALSE,FALSE,TRUE,FALSE,ECG samples:25
2232,-17585.7,TRUE,2216,2025-11-03T10:01:45.629577,1762144305.653000,15,50,15,34,1762144304.973000,48,-2,1.002,TRUE,2217,2025-11-03T10:01:46.629575,1762144305.808000,4,25,4,20,1762144305.183000,24,-26,1.033,TRUE,210.000,145707.742,FALSE,FALSE,FALSE,TRUE,FALSE,ECG samples:24
2233,-17584.6,TRUE,2217,2025-11-03T10:01:46.629575,1762144306.654000,14,48,14,33,1762144305.994000,46,-4,1.021,TRUE,2218,2025-11-03T10:01:47.629576,1762144306.809000,4,27,4,22,1762144306.121500,25,-25,0.938,TRUE,127.500,145835.242,FALSE,FALSE,FALSE,TRUE,TRUE,ECG samples:25;ICG interval:1.021s;ECG interval:0.938s
2234,-17583.6,TRUE,2218,2025-11-03T10:01:47.629576,1762144307.655000,13,46,13,32,1762144307.015000,46,-4,1.021,TRUE,2219,2025-11-03T10:01:48.629574,1762144307.811000,3,26,3,22,1762144307.123500,25,-25,1.002,TRUE,108.500,145943.742,FALSE,FALSE,FALSE,TRUE,FALSE,ECG samples:25
2235,-17582.7,TRUE,2219,2025-11-03T10:01:48.629574,1762144308.657000,14,49,14,34,1762144307.977000,48,-2,0.962,TRUE,2220,2025-11-03T10:01:49.629571,1762144308.813000,3,26,3,22,1762144308.125500,25,-25,1.002,TRUE,148.500,146092.242,FALSE,FALSE,FALSE,TRUE,FALSE,ECG samples:25
2236,-17581.6,TRUE,2220,2025-11-03T10:01:49.629571,1762144309.660000,14,49,14,34,1762144308.980000,48,-2,1.003,TRUE,2221,2025-11-03T10:01:50.629581,1762144309.814000,3,26,3,22,1762144309.126500,25,-25,1.001,TRUE,146.500,146238.742,FALSE,FALSE,FALSE,TRUE,FALSE,ECG samples:25
2237,-17580.7,TRUE,2221,2025-11-03T10:01:50.629581,1762144310.661000,14,50,14,35,1762144309.961000,49,-1,0.981,TRUE,2222,2025-11-03T10:01:51.629567,1762144310.816000,3,26,3,22,1762144310.128500,25,-25,1.002,TRUE,167.500,146406.242,FALSE,FALSE,FALSE,TRUE,FALSE,ECG samples:25
2238,-17579.6,TRUE,2222,2025-11-03T10:01:51.629567,1762144311.663000,14,49,14,34,1762144310.983000,48,-2,1.022,TRUE,2223,2025-11-03T10:01:52.629569,1762144311.818000,3,26,3,22,1762144311.130500,25,-25,1.002,TRUE,147.500,146553.742,FALSE,FALSE,FALSE,TRUE,FALSE,ECG samples:25
2239,-17578.6,TRUE,2223,2025-11-03T10:01:52.629569,1762144312.665000,14,49,14,34,1762144311.985000,48,-2,1.002,TRUE,2224,2025-11-03T10:01:53.629570,1762144312.820000,3,26,3,22,1762144312.132500,25,-25,1.002,TRUE,147.500,146701.242,FALSE,FALSE,FALSE,TRUE,FALSE,ECG samples:25
2240,-17577.7,TRUE,2224,2025-11-03T10:01:53.629570,1762144313.666000,14,50,14,35,1762144312.966000,49,-1,0.981,TRUE,2225,2025-11-03T10:01:54.629567,1762144313.822000,3,26,3,22,1762144313.134500,25,-25,1.002,TRUE,168.500,146869.742,FALSE,FALSE,FALSE,TRUE,FALSE,ECG samples:25
2241,-17576.6,TRUE,2225,2025-11-03T10:01:54.629567,1762144314.668000,14,49,14,34,1762144313.988000,48,-2,1.022,TRUE,2226,2025-11-03T10:01:55.629574,1762144314.824000,3,26,3,22,1762144314.136500,25,-25,1.002,TRUE,148.500,147018.242,FALSE,FALSE,FALSE,TRUE,FALSE,ECG samples:25
2242,-17575.6,TRUE,2226,2025-11-03T10:01:55.629574,1762144315.669000,14,49,14,34,1762144314.989000,48,-2,1.001,TRUE,2227,2025-11-03T10:01:56.629570,1762144315.826000,3,26,3,22,1762144315.138500,25,-25,1.002,TRUE,149.500,147167.742,FALSE,FALSE,FALSE,TRUE,FALSE,ECG samples:25
2243,-17574.6,TRUE,2227,2025-11-03T10:01:56.629570,1762144316.670000,14,49,14,34,1762144315.990000,48,-2,1.001,TRUE,2228,2025-11-03T10:01:57.629569,1762144316.827000,3,26,3,22,1762144316.139500,25,-25,1.001,TRUE,149.500,147317.242,FALSE,FALSE,FALSE,TRUE,FALSE,ECG samples:25
2244,-17573.6,TRUE,2228,2025-11-03T10:01:57.629569,1762144317.672000,14,49,14,34,1762144316.992000,48,-2,1.002,TRUE,2229,2025-11-03T10:01:58.629573,1762144317.829000,3,26,3,22,1762144317.141500,25,-25,1.002,TRUE,149.500,147466.742,FALSE,FALSE,FALSE,TRUE,FALSE,ECG samples:25
2245,-17572.6,TRUE,2229,2025-11-03T10:01:58.629573,1762144318.673000,14,49,14,34,1762144317.993000,47,-3,1.001,TRUE,2230,2025-11-03T10:01:59.629571,1762144318.831000,3,26,3,22,1762144318.143500,25,-25,1.002,TRUE,150.500,147617.242,FALSE,FALSE,FALSE,TRUE,FALSE,ECG samples:25
2246,-17571.6,TRUE,2230,2025-11-03T10:01:59.629571,1762144319.674000,13,47,13,33,1762144319.014000,47,-3,1.021,TRUE,2231,2025-11-03T10:02:00.629572,1762144319.833000,3,26,3,22,1762144319.145500,25,-25,1.002,TRUE,131.500,147748.742,FALSE,FALSE,FALSE,TRUE,FALSE,ECG samples:25
2247,-17570.6,TRUE,2231,2025-11-03T10:02:00.629572,1762144320.675000,14,48,14,33,1762144320.015000,47,-3,1.001,TRUE,2232,2025-11-03T10:02:01.629577,1762144320.834000,3,26,3,22,1762144320.146500,25,-25,1.001,TRUE,131.500,147880.243,FALSE,FALSE,FALSE,TRUE,FALSE,ECG samples:25
2248,-17569.6,TRUE,2232,2025-11-03T10:02:01.629577,1762144321.677000,14,49,14,34,1762144320.997000,47,-3,0.982,TRUE,2233,2025-11-03T10:02:02.629613,1762144321.836000,3,26,3,22,1762144321.148500,25,-25,1.002,TRUE,151.500,148031.743,FALSE,FALSE,FALSE,TRUE,FALSE,ECG samples:25
2249,-17568.7,TRUE,2233,2025-11-03T10:02:02.629613,1762144322.678000,13,49,13,35,1762144321.978000,49,-1,0.981,TRUE,2234,2025-11-03T10:02:03.629571,1762144322.837000,3,26,3,22,1762144322.149500,25,-25,1.001,TRUE,171.500,148203.243,FALSE,FALSE,FALSE,TRUE,FALSE,ECG samples:25
2250,-17567.6,TRUE,2234,2025-11-03T10:02:03.629571,1762144323.680000,14,50,14,35,1762144322.980000,48,-2,1.002,TRUE,2235,2025-11-03T10:02:04.629574,1762144323.838000,3,26,3,22,1762144323.150500,25,-25,1.001,TRUE,170.500,148373.743,FALSE,FALSE,FALSE,TRUE,FALSE,ECG samples:25
2251,-17566.6,TRUE,2235,2025-11-03T10:02:04.629574,1762144324.680000,13,48,13,34,1762144324.000000,47,-3,1.020,TRUE,2236,2025-11-03T10:02:05.629569,1762144324.840000,3,26,3,22,1762144324.152500,25,-25,1.002,TRUE,152.500,148526.242,FALSE,FALSE,FALSE,TRUE,FALSE,ECG samples:25
2252,-17565.6,TRUE,2236,2025-11-03T10:02:05.629569,1762144325.683000,13,48,13,34,1762144325.003000,48,-2,1.003,TRUE,2237,2025-11-03T10:02:06.629572,1762144325.841000,3,26,3,22,1762144325.153500,25,-25,1.001,TRUE,150.500,148676.743,FALSE,FALSE,FALSE,TRUE,FALSE,ECG samples:25
2253,-17564.6,TRUE,2237,2025-11-03T10:02:06.629572,1762144326.685000,14,50,14,35,1762144325.985000,49,-1,0.982,TRUE,2238,2025-11-03T10:02:07.629571,1762144326.843000,3,26,3,22,1762144326.155500,25,-25,1.002,TRUE,170.500,148847.243,FALSE,FALSE,FALSE,TRUE,FALSE,ECG samples:25
2254,-17563.6,TRUE,2238,2025-11-03T10:02:07.629571,1762144327.688000,14,50,14,35,1762144326.988000,48,-2,1.003,TRUE,2239,2025-11-03T10:02:08.629572,1762144327.845000,3,26,3,22,1762144327.157500,25,-25,1.002,TRUE,169.500,149016.743,FALSE,FALSE,FALSE,TRUE,FALSE,ECG samples:25
2255,-17562.6,TRUE,2239,2025-11-03T10:02:08.629572,1762144328.690000,13,49,13,35,1762144327.990000,49,-1,1.002,TRUE,2240,2025-11-03T10:02:09.629572,1762144328.846000,3,26,3,22,1762144328.158500,25,-25,1.001,TRUE,168.500,149185.243,FALSE,FALSE,FALSE,TRUE,FALSE,ECG samples:25
2256,-17561.6,TRUE,2240,2025-11-03T10:02:09.629572,1762144329.692000,14,50,14,35,1762144328.992000,48,-2,1.002,TRUE,2241,2025-11-03T10:02:10.629633,1762144329.847000,3,27,3,23,1762144329.128250,25,-25,0.970,TRUE,136.250,149321.493,FALSE,FALSE,FALSE,TRUE,FALSE,ECG samples:25
2257,-17560.6,TRUE,2241,2025-11-03T10:02:10.629633,1762144330.694000,13,49,13,35,1762144329.994000,48,-2,1.002,TRUE,2242,2025-11-03T10:02:11.629572,1762144330.849000,2,26,2,23,1762144330.130250,25,-25,1.002,TRUE,136.250,149457.743,FALSE,FALSE,FALSE,TRUE,FALSE,ECG samples:25
2258,-17559.6,TRUE,2242,2025-11-03T10:02:11.629572,1762144331.695000,13,49,13,35,1762144330.995000,48,-2,1.001,TRUE,2243,2025-11-03T10:02:12.629570,1762144331.850000,2,26,2,23,1762144331.131250,25,-25,1.001,TRUE,136.250,149593.993,FALSE,FALSE,FALSE,TRUE,FALSE,ECG samples:25
2259,-17558.7,TRUE,2243,2025-11-03T10:02:12.629570,1762144332.697000,13,50,13,36,1762144331.977000,49,-1,0.982,TRUE,2244,2025-11-03T10:02:13.629573,1762144332.851000,2,26,2,23,1762144332.132250,25,-25,1.001,TRUE,155.250,149749.243,FALSE,FALSE,FALSE,TRUE,FALSE,ECG samples:25
2260,-17557.6,TRUE,2244,2025-11-03T10:02:13.629573,1762144333.697000,13,49,13,35,1762144332.997000,48,-2,1.020,TRUE,2245,2025-11-03T10:02:14.629578,1762144333.853000,2,26,2,23,1762144333.134250,25,-25,1.002,TRUE,137.250,149886.493,FALSE,FALSE,FALSE,TRUE,FALSE,ECG samples:25
2261,-17556.6,TRUE,2245,2025-11-03T10:02:14.629578,1762144334.699000,13,49,13,35,1762144333.999000,48,-2,1.002,TRUE,2246,2025-11-03T10:02:15.629577,1762144334.854000,2,26,2,23,1762144334.135250,25,-25,1.001,TRUE,136.250,150022.743,FALSE,FALSE,FALSE,TRUE,FALSE,ECG samples:25
2262,-17555.6,TRUE,2246,2025-11-03T10:02:15.629577,1762144335.701000,13,50,13,36,1762144334.981000,49,-1,0.982,TRUE,2247,2025-11-03T10:02:16.629573,1762144335.856000,2,26,2,23,1762144335.137250,25,-25,1.002,TRUE,156.250,150178.993,FALSE,FALSE,FALSE,TRUE,FALSE,ECG samples:25
2263,-17554.6,TRUE,2247,2025-11-03T10:02:16.629573,1762144336.704000,13,50,13,36,1762144335.984000,48,-2,1.003,TRUE,2248,2025-11-03T10:02:17.629570,1762144336.857000,2,26,2,23,1762144336.138250,25,-25,1.001,TRUE,154.250,150333.243,FALSE,FALSE,FALSE,TRUE,FALSE,ECG samples:25
2264,-17553.6,TRUE,2248,2025-11-03T10:02:17.629570,1762144337.705000,12,48,12,35,1762144337.005000,48,-2,1.021,TRUE,2249,2025-11-03T10:02:18.629572,1762144337.859000,2,26,2,23,1762144337.140250,25,-25,1.002,TRUE,135.250,150468.493,FALSE,FALSE,FALSE,TRUE,FALSE,ECG samples:25
2265,-17552.6,TRUE,2249,2025-11-03T10:02:18.629572,1762144338.707000,13,50,13,36,1762144337.987000,48,-2,0.982,TRUE,2250,2025-11-03T10:02:19.629572,1762144338.861000,2,26,2,23,1762144338.142250,25,-25,1.002,TRUE,155.250,150623.743,FALSE,FALSE,FALSE,TRUE,FALSE,ECG samples:25
2266,-17551.6,TRUE,2250,2025-11-03T10:02:19.629572,1762144339.709000,12,49,12,36,1762144338.989000,49,-1,1.002,TRUE,2251,2025-11-03T10:02:20.629577,1762144339.862000,2,26,2,23,1762144339.143250,25,-25,1.001,TRUE,154.250,150777.993,FALSE,FALSE,FALSE,TRUE,FALSE,ECG samples:25
2267,-17550.6,TRUE,2251,2025-11-03T10:02:20.629577,1762144340.710000,13,49,13,35,1762144340.010000,47,-3,1.021,TRUE,2252,2025-11-03T10:02:21.629571,1762144340.863000,2,26,2,23,1762144340.144250,25,-25,1.001,TRUE,134.250,150912.243,FALSE,FALSE,FALSE,TRUE,FALSE,ECG samples:25
2268,-17549.6,TRUE,2252,2025-11-03T10:02:21.629571,1762144341.711000,12,49,12,36,1762144340.991000,48,-2,0.981,TRUE,2253,2025-11-03T10:02:22.629577,1762144341.865000,2,26,2,23,1762144341.146250,25,-25,1.002,TRUE,155.250,151067.493,FALSE,FALSE,FALSE,TRUE,FALSE,ECG samples:25
2269,-17548.6,TRUE,2253,2025-11-03T10:02:22.629577,1762144342.713000,12,49,12,36,1762144341.993000,48,-2,1.002,TRUE,2254,2025-11-03T10:02:23.629571,1762144342.866000,2,26,2,23,1762144342.147250,25,-25,1.001,TRUE,154.250,151221.743,FALSE,FALSE,FALSE,TRUE,FALSE,ECG samples:25
2270,-17547.7,TRUE,2254,2025-11-03T10:02:23.629571,1762144343.714000,12,50,12,37,1762144342.974000,49,-1,0.981,TRUE,2255,2025-11-03T10:02:24.629576,1762144343.868000,2,26,2,23,1762144343.149250,25,-25,1.002,TRUE,175.250,151396.993,FALSE,FALSE,FALSE,TRUE,FALSE,ECG samples:25
2271,-17546.7,TRUE,2255,2025-11-03T10:02:24.629576,1762144344.715000,12,50,12,37,1762144343.975000,48,-2,1.001,TRUE,2256,2025-11-03T10:02:25.629570,1762144344.869000,2,26,2,23,1762144344.150250,25,-25,1.001,TRUE,175.250,151572.243,FALSE,FALSE,FALSE,TRUE,FALSE,ECG samples:25
2272,-17545.6,TRUE,2256,2025-11-03T10:02:25.629570,1762144345.716000,11,48,11,36,1762144344.996000,48,-2,1.021,TRUE,2257,2025-11-03T10:02:26.629573,1762144345.871000,2,26,2,23,1762144345.152250,25,-25,1.002,TRUE,156.250,151728.493,FALSE,FALSE,FALSE,TRUE,FALSE,ECG samples:25
2273,-17544.6,TRUE,2257,2025-11-03T10:02:26.629573,1762144346.718000,12,48,12,35,1762144346.018000,47,-3,1.022,TRUE,2258,2025-11-03T10:02:27.629569,1762144346.872000,2,26,2,23,1762144346.153250,25,-25,1.001,TRUE,135.250,151863.743,FALSE,FALSE,FALSE,TRUE,FALSE,ECG samples:25
2274,-17543.7,TRUE,2258,2025-11-03T10:02:27.629569,1762144347.719000,12,50,12,37,1762144346.979000,48,-2,0.961,TRUE,2259,2025-11-03T10:02:28.629571,1762144347.873000,2,26,2,23,1762144347.154250,25,-25,1.001,TRUE,175.250,152038.993,FALSE,FALSE,FALSE,TRUE,FALSE,ECG samples:25
2275,-17542.6,TRUE,2259,2025-11-03T10:02:28.629571,1762144348.721000,11,48,11,36,1762144348.001000,48,-2,1.022,TRUE,2260,2025-11-03T10:02:29.629578,1762144348.875000,2,26,2,23,1762144348.156250,25,-25,1.002,TRUE,155.250,152194.243,FALSE,FALSE,FALSE,TRUE,FALSE,ECG samples:25
2276,-17541.6,TRUE,2260,2025-11-03T10:02:29.629578,1762144349.722000,12,48,12,35,1762144349.022000,47,-3,1.021,TRUE,2261,2025-11-03T10:02:30.629574,1762144349.876000,2,26,2,23,1762144349.157250,25,-25,1.001,TRUE,135.250,152329.493,FALSE,FALSE,FALSE,TRUE,FALSE,ECG samples:25
2277,-17540.6,TRUE,2261,2025-11-03T10:02:30.629574,1762144350.724000,12,49,12,36,1762144350.004000,47,-3,0.982,TRUE,2262,2025-11-03T10:02:31.629578,1762144350.877000,2,26,2,23,1762144350.158250,25,-25,1.001,TRUE,154.250,152483.743,FALSE,FALSE,FALSE,TRUE,FALSE,ECG samples:25
2278,-17539.6,TRUE,2262,2025-11-03T10:02:31.629578,1762144351.725000,11,49,11,37,1762144350.985000,49,-1,0.981,TRUE,2263,2025-11-03T10:02:32.629580,1762144351.878000,2,26,2,23,1762144351.159250,25,-25,1.001,TRUE,174.250,152657.994,FALSE,FALSE,FALSE,TRUE,FALSE,ECG samples:25
2279,-17538.6,TRUE,2263,2025-11-03T10:02:32.629580,1762144352.727000,12,49,12,36,1762144352.007000,48,-2,1.022,TRUE,2264,2025-11-03T10:02:33.629572,1762144352.880000,2,26,2,23,1762144352.161250,25,-25,1.002,TRUE,154.250,152812.244,FALSE,FALSE,FALSE,TRUE,FALSE,ECG samples:25
2280,-17537.6,TRUE,2264,2025-11-03T10:02:33.629572,1762144353.728000,12,49,12,36,1762144353.008000,48,-2,1.001,TRUE,2265,2025-11-03T10:02:34.629568,1762144353.881000,2,26,2,23,1762144353.162250,25,-25,1.001,TRUE,154.250,152966.494,FALSE,FALSE,FALSE,TRUE,FALSE,ECG samples:25
2281,-17536.6,TRUE,2265,2025-11-03T10:02:34.629568,1762144354.730000,12,49,12,36,1762144354.010000,47,-3,1.002,TRUE,2266,2025-11-03T10:02:35.629572,1762144354.882000,2,26,2,23,1762144354.163250,25,-25,1.001,TRUE,153.250,153119.744,FALSE,FALSE,FALSE,TRUE,FALSE,ECG samples:25
2282,-17535.7,TRUE,2266,2025-11-03T10:02:35.629572,1762144355.630000,11,45,11,33,1762144354.970000,48,-2,0.960,TRUE,2267,2025-11-03T10:02:36.629573,1762144355.783000,2,24,2,21,1762144355.126750,25,-25,0.964,TRUE,156.750,153276.494,FALSE,FALSE,FALSE,TRUE,FALSE,ECG samples:25
2283,-17534.6,TRUE,2267,2025-11-03T10:02:36.629573,1762144356.632000,15,48,15,32,1762144355.992000,48,-2,1.022,TRUE,2268,2025-11-03T10:02:37.629576,1762144356.785000,4,26,4,21,1762144356.128750,25,-25,1.002,TRUE,136.750,153413.244,FALSE,FALSE,FALSE,TRUE,FALSE,ECG samples:25
2284,-17533.6,TRUE,2268,2025-11-03T10:02:37.629576,1762144357.634000,16,47,16,30,1762144357.034000,46,-4,1.042,TRUE,2269,2025-11-03T10:02:38.629580,1762144357.786000,4,26,4,21,1762144357.129750,25,-25,1.001,TRUE,95.750,153508.994,FALSE,FALSE,FALSE,TRUE,FALSE,ECG samples:25
2285,-17532.6,TRUE,2269,2025-11-03T10:02:38.629580,1762144358.636000,16,48,16,31,1762144358.016000,48,-2,0.982,TRUE,2270,2025-11-03T10:02:39.629582,1762144358.788000,4,26,4,21,1762144358.131750,25,-25,1.002,TRUE,115.750,153624.744,FALSE,FALSE,FALSE,TRUE,FALSE,ECG samples:25
2286,-17531.7,TRUE,2270,2025-11-03T10:02:39.629582,1762144359.639000,17,51,17,33,1762144358.979000,48,-2,0.963,TRUE,2271,2025-11-03T10:02:40.629577,1762144359.788000,4,26,4,21,1762144359.131750,25,-25,1.000,TRUE,152.750,153777.494,FALSE,FALSE,FALSE,TRUE,FALSE,ECG samples:25
2287,-17530.6,TRUE,2271,2025-11-03T10:02:40.629577,1762144360.641000,15,49,15,33,1762144359.981000,49,-1,1.002,TRUE,2272,2025-11-03T10:02:41.629582,1762144360.790000,4,26,4,21,1762144360.133750,25,-25,1.002,TRUE,152.750,153930.244,FALSE,FALSE,FALSE,TRUE,FALSE,ECG samples:25
2288,-17529.6,TRUE,2272,2025-11-03T10:02:41.629582,1762144361.642000,16,49,16,32,1762144361.002000,47,-3,1.021,TRUE,2273,2025-11-03T10:02:42.629574,1762144361.791000,4,26,4,21,1762144361.134750,25,-25,1.001,TRUE,132.750,154062.994,FALSE,FALSE,FALSE,TRUE,FALSE,ECG samples:25
2289,-17528.6,TRUE,2273,2025-11-03T10:02:42.629574,1762144362.644000,15,49,15,33,1762144361.984000,49,-1,0.982,TRUE,2274,2025-11-03T10:02:43.629576,1762144362.793000,4,26,4,21,1762144362.136750,25,-25,1.002,TRUE,152.750,154215.744,FALSE,FALSE,FALSE,TRUE,FALSE,ECG samples:25
2290,-17527.6,TRUE,2274,2025-11-03T10:02:43.629576,1762144363.645000,16,48,16,31,1762144363.025000,47,-3,1.041,TRUE,2275,2025-11-03T10:02:44.629574,1762144363.794000,4,26,4,21,1762144363.137750,25,-25,1.001,TRUE,112.750,154328.494,FALSE,FALSE,FALSE,TRUE,FALSE,ECG samples:25
2291,-17526.6,TRUE,2275,2025-11-03T10:02:44.629574,1762144364.648000,16,49,16,32,1762144364.008000,47,-3,0.983,TRUE,2276,2025-11-03T10:02:45.629574,1762144364.795000,4,26,4,21,1762144364.138750,25,-25,1.001,TRUE,130.750,154459.244,FALSE,FALSE,FALSE,TRUE,FALSE,ECG samples:25
2292,-17525.6,TRUE,2276,2025-11-03T10:02:45.629574,1762144365.649000,15,49,15,33,1762144364.989000,48,-2,0.981,TRUE,2277,2025-11-03T10:02:46.629571,1762144365.797000,4,26,4,21,1762144365.140750,25,-25,1.002,TRUE,151.750,154610.994,FALSE,FALSE,FALSE,TRUE,FALSE,ECG samples:25
2293,-17524.6,TRUE,2277,2025-11-03T10:02:46.629571,1762144366.650000,15,49,15,33,1762144365.990000,47,-3,1.001,TRUE,2278,2025-11-03T10:02:47.629578,1762144366.799000,4,26,4,21,1762144366.142750,25,-25,1.002,TRUE,152.750,154763.744,FALSE,FALSE,FALSE,TRUE,FALSE,ECG samples:25
2294,-17523.7,TRUE,2278,2025-11-03T10:02:47.629578,1762144367.652000,14,49,14,34,1762144366.972000,49,-1,0.982,TRUE,2279,2025-11-03T10:02:48.629572,1762144367.800000,4,26,4,21,1762144367.143750,25,-25,1.001,TRUE,171.750,154935.494,FALSE,FALSE,FALSE,TRUE,FALSE,ECG samples:25
2295,-17522.6,TRUE,2279,2025-11-03T10:02:48.629572,1762144368.652000,15,49,15,33,1762144367.992000,49,-1,1.020,TRUE,2280,2025-11-03T10:02:49.629576,1762144368.802000,4,26,4,21,1762144368.145750,25,-25,1.002,TRUE,153.750,155089.245,FALSE,FALSE,FALSE,TRUE,FALSE,ECG samples:25
2296,-17521.6,TRUE,2280,2025-11-03T10:02:49.629576,1762144369.654000,16,50,16,33,1762144368.994000,49,-1,1.002,TRUE,2281,2025-11-03T10:02:50.629572,1762144369.803000,4,26,4,21,1762144369.146750,25,-25,1.001,TRUE,152.750,155241.995,FALSE,FALSE,FALSE,TRUE,FALSE,ECG samples:25
2297,-17520.6,TRUE,2281,2025-11-03T10:02:50.629572,1762144370.655000,16,49,16,32,1762144370.015000,48,-2,1.021,TRUE,2282,2025-11-03T10:02:51.629579,1762144370.804000,4,26,4,21,1762144370.147750,25,-25,1.001,TRUE,132.750,155374.745,FALSE,FALSE,FALSE,TRUE,FALSE,ECG samples:25
2298,-17519.6,TRUE,2282,2025-11-03T10:02:51.629579,1762144371.656000,16,50,16,33,1762144370.996000,48,-2,0.981,TRUE,2283,2025-11-03T10:02:52.629577,1762144371.806000,4,27,4,22,1762144371.118500,25,-25,0.971,TRUE,122.500,155497.245,FALSE,FALSE,FALSE,TRUE,FALSE,ECG samples:25
2299,-17518.6,TRUE,2283,2025-11-03T10:02:52.629577,1762144372.659000,15,48,15,32,1762144372.019000,48,-2,1.023,TRUE,2284,2025-11-03T10:02:53.629574,1762144372.807000,3,26,3,22,1762144372.119500,25,-25,1.001,TRUE,100.500,155597.745,FALSE,FALSE,FALSE,TRUE,FALSE,ECG samples:25
2300,-17517.6,TRUE,2284,2025-11-03T10:02:53.629574,1762144373.660000,16,50,16,33,1762144373.000000,48,-2,0.981,TRUE,2285,2025-11-03T10:02:54.629574,1762144373.809000,3,26,3,22,1762144373.121500,25,-25,1.002,TRUE,121.500,155719.245,FALSE,FALSE,FALSE,TRUE,FALSE,ECG samples:25
2301,-17516.6,TRUE,2285,2025-11-03T10:02:54.629574,1762144374.661000,15,48,15,32,1762144374.021000,47,-3,1.021,TRUE,2286,2025-11-03T10:02:55.629571,1762144374.810000,3,26,3,22,1762144374.122500,25,-25,1.001,TRUE,101.500,155820.745,FALSE,FALSE,FALSE,TRUE,FALSE,ECG samples:25
2302,-17515.6,TRUE,2286,2025-11-03T10:02:55.629571,1762144375.662000,15,49,15,33,1762144375.002000,48,-2,0.981,TRUE,2287,2025-11-03T10:02:56.629575,1762144375.811000,3,26,3,22,1762144375.123500,25,-25,1.001,TRUE,121.500,155942.245,FALSE,FALSE,FALSE,TRUE,FALSE,ECG samples:25
2303,-17514.6,TRUE,2287,2025-11-03T10:02:56.629575,1762144376.663000,15,50,15,34,1762144375.983000,48,-2,0.981,TRUE,2288,2025-11-03T10:02:57.629571,1762144376.813000,3,26,3,22,1762144376.125500,25,-25,1.002,TRUE,142.500,156084.745,FALSE,FALSE,FALSE,TRUE,FALSE,ECG samples:25
2304,-17513.6,TRUE,2288,2025-11-03T10:02:57.629571,1762144377.665000,14,48,14,33,1762144377.005000,48,-2,1.022,TRUE,2289,2025-11-03T10:02:58.629571,1762144377.814000,3,26,3,22,1762144377.126500,25,-25,1.001,TRUE,121.500,156206.245,FALSE,FALSE,FALSE,TRUE,FALSE,ECG samples:25
2305,-17512.6,TRUE,2289,2025-11-03T10:02:58.629571,1762144378.668000,15,50,15,34,1762144377.988000,49,-1,0.983,TRUE,2290,2025-11-03T10:02:59.629579,1762144378.816000,3,26,3,22,1762144378.128500,25,-25,1.002,TRUE,140.500,156346.745,FALSE,FALSE,FALSE,TRUE,FALSE,ECG samples:25
2306,-17511.6,TRUE,2290,2025-11-03T10:02:59.629579,1762144379.669000,15,50,15,34,1762144378.989000,49,-1,1.001,TRUE,2291,2025-11-03T10:03:00.629578,1762144379.817000,3,26,3,22,1762144379.129500,25,-25,1.001,TRUE,140.500,156487.245,FALSE,FALSE,FALSE,TRUE,FALSE,ECG samples:25
2307,-17510.6,TRUE,2291,2025-11-03T10:03:00.629578,1762144380.671000,15,50,15,34,1762144379.991000,48,-2,1.002,TRUE,2292,2025-11-03T10:03:01.629582,1762144380.818000,3,26,3,22,1762144380.130500,25,-25,1.001,TRUE,139.500,156626.745,FALSE,FALSE,FALSE,TRUE,FALSE,ECG samples:25
2308,-17509.6,TRUE,2292,2025-11-03T10:03:01.629582,1762144381.673000,14,49,14,34,1762144380.993000,49,-1,1.002,TRUE,2293,2025-11-03T10:03:02.629610,1762144381.819000,3,26,3,22,1762144381.131500,25,-25,1.001,TRUE,138.500,156765.245,FALSE,FALSE,FALSE,TRUE,FALSE,ECG samples:25
2309,-17508.6,TRUE,2293,2025-11-03T10:03:02.629610,1762144382.674000,15,49,15,33,1762144382.014000,47,-3,1.021,TRUE,2294,2025-11-03T10:03:03.629568,1762144382.820000,3,26,3,22,1762144382.132500,25,-25,1.001,TRUE,118.500,156883.745,FALSE,FALSE,FALSE,TRUE,FALSE,ECG samples:25
2310,-17507.6,TRUE,2294,2025-11-03T10:03:03.629568,1762144383.676000,14,48,14,33,1762144383.016000,48,-2,1.002,TRUE,2295,2025-11-03T10:03:04.629568,1762144383.822000,3,26,3,22,1762144383.134500,25,-25,1.002,TRUE,118.500,157002.245,FALSE,FALSE,FALSE,TRUE,FALSE,ECG samples:25
2311,-17506.6,TRUE,2295,2025-11-03T10:03:04.629568,1762144384.679000,15,50,15,34,1762144383.999000,48,-2,0.983,TRUE,2296,2025-11-03T10:03:05.629580,1762144384.824000,3,26,3,22,1762144384.136500,25,-25,1.002,TRUE,137.500,157139.745,FALSE,FALSE,FALSE,TRUE,FALSE,ECG samples:25
2312,-17505.6,TRUE,2296,2025-11-03T10:03:05.629580,1762144385.680000,14,48,14,33,1762144385.020000,48,-2,1.021,TRUE,2297,2025-11-03T10:03:06.629563,1762144385.825000,3,26,3,22,1762144385.137500,25,-25,1.001,TRUE,117.500,157257.246,FALSE,FALSE,FALSE,TRUE,FALSE,ECG samples:25
2313,-17504.6,TRUE,2297,2025-11-03T10:03:06.629563,1762144386.682000,15,49,15,33,1762144386.022000,48,-2,1.002,TRUE,2298,2025-11-03T10:03:07.629570,1762144386.826000,3,26,3,22,1762144386.138500,25,-25,1.001,TRUE,116.500,157373.746,FALSE,FALSE,FALSE,TRUE,FALSE,ECG samples:25
2314,-17503.6,TRUE,2298,2025-11-03T10:03:07.629570,1762144387.683000,15,50,15,34,1762144387.003000,48,-2,0.981,TRUE,2299,2025-11-03T10:03:08.629568,1762144387.828000,3,26,3,22,1762144387.140500,25,-25,1.002,TRUE,137.500,157511.246,FALSE,FALSE,FALSE,TRUE,FALSE,ECG samples:25
2315,-17502.6,TRUE,2299,2025-11-03T10:03:08.629568,1762144388.685000,14,48,14,33,1762144388.025000,47,-3,1.022,TRUE,2300,2025-11-03T10:03:09.629568,1762144388.829000,3,26,3,22,1762144388.141500,25,-25,1.001,TRUE,116.500,157627.746,FALSE,FALSE,FALSE,TRUE,FALSE,ECG samples:25
2316,-17501.6,TRUE,2300,2025-11-03T10:03:09.629568,1762144389.686000,14,48,14,33,1762144389.026000,48,-2,1.001,TRUE,2301,2025-11-03T10:03:10.629568,1762144389.830000,3,26,3,22,1762144389.142500,25,-25,1.001,TRUE,116.500,157744.246,FALSE,FALSE,FALSE,TRUE,FALSE,ECG samples:25
2317,-17500.6,TRUE,2301,2025-11-03T10:03:10.629568,1762144390.687000,15,49,15,33,1762144390.027000,47,-3,1.001,TRUE,2302,2025-11-03T10:03:11.629578,1762144390.832000,3,26,3,22,1762144390.144500,25,-25,1.002,TRUE,117.500,157861.746,FALSE,FALSE,FALSE,TRUE,FALSE,ECG samples:25
2318,-17499.6,TRUE,2302,2025-11-03T10:03:11.629578,1762144391.689000,14,49,14,34,1762144391.009000,48,-2,0.982,TRUE,2303,2025-11-03T10:03:12.629570,1762144391.833000,3,26,3,22,1762144391.145500,25,-25,1.001,TRUE,136.500,157998.246,FALSE,FALSE,FALSE,TRUE,FALSE,ECG samples:25
2319,-17498.6,TRUE,2303,2025-11-03T10:03:12.629570,1762144392.692000,14,50,14,35,1762144391.992000,49,-1,0.983,TRUE,2304,2025-11-03T10:03:13.629574,1762144392.834000,3,26,3,22,1762144392.146500,25,-25,1.001,TRUE,154.500,158152.746,FALSE,FALSE,FALSE,TRUE,FALSE,ECG samples:25
2320,-17497.6,TRUE,2304,2025-11-03T10:03:13.629574,1762144393.694000,14,49,14,34,1762144393.014000,47,-3,1.022,TRUE,2305,2025-11-03T10:03:14.629578,1762144393.836000,3,26,3,22,1762144393.148500,25,-25,1.002,TRUE,134.500,158287.246,FALSE,FALSE,FALSE,TRUE,FALSE,ECG samples:25
2321,-17496.6,TRUE,2305,2025-11-03T10:03:14.629578,1762144394.696000,13,49,13,35,1762144393.996000,48,-2,0.982,TRUE,2306,2025-11-03T10:03:15.629572,1762144394.837000,3,26,3,22,1762144394.149500,25,-25,1.001,TRUE,153.500,158440.746,FALSE,FALSE,FALSE,TRUE,FALSE,ECG samples:25
2322,-17495.6,TRUE,2306,2025-11-03T10:03:15.629572,1762144395.697000,13,48,13,34,1762144395.017000,48,-2,1.021,TRUE,2307,2025-11-03T10:03:16.629570,1762144395.838000,3,26,3,22,1762144395.150500,25,-25,1.001,TRUE,133.500,158574.246,FALSE,FALSE,FALSE,TRUE,FALSE,ECG samples:25
2323,-17494.6,TRUE,2307,2025-11-03T10:03:16.629570,1762144396.699000,14,49,14,34,1762144396.019000,47,-3,1.002,TRUE,2308,2025-11-03T10:03:17.629571,1762144396.839000,3,26,3,22,1762144396.151500,25,-25,1.001,TRUE,132.500,158706.746,FALSE,FALSE,FALSE,TRUE,FALSE,ECG samples:25
2324,-17493.6,TRUE,2308,2025-11-03T10:03:17.629571,1762144397.701000,13,49,13,35,1762144397.001000,48,-2,0.982,TRUE,2309,2025-11-03T10:03:18.629575,1762144397.840000,3,26,3,22,1762144397.152500,25,-25,1.001,TRUE,151.500,158858.246,FALSE,FALSE,FALSE,TRUE,FALSE,ECG samples:25
2325,-17492.6,TRUE,2309,2025-11-03T10:03:18.629575,1762144398.702000,13,48,13,34,1762144398.022000,47,-3,1.021,TRUE,2310,2025-11-03T10:03:19.629580,1762144398.842000,3,26,3,22,1762144398.154500,25,-25,1.002,TRUE,132.500,158990.746,FALSE,FALSE,FALSE,TRUE,FALSE,ECG samples:25
2326,-17491.6,TRUE,2310,2025-11-03T10:03:19.629580,1762144399.703000,13,48,13,34,1762144399.023000,48,-2,1.001,TRUE,2311,2025-11-03T10:03:20.629575,1762144399.843000,3,26,3,22,1762144399.155500,25,-25,1.001,TRUE,132.500,159123.246,FALSE,FALSE,FALSE,TRUE,FALSE,ECG samples:25
2327,-17490.6,TRUE,2311,2025-11-03T10:03:20.629575,1762144400.705000,14,50,14,35,1762144400.005000,49,-1,0.982,TRUE,2312,2025-11-03T10:03:21.629578,1762144400.845000,3,27,3,23,1762144400.126250,25,-25,0.971,TRUE,121.250,159244.497,FALSE,FALSE,FALSE,TRUE,FALSE,ECG samples:25
2328,-17489.6,TRUE,2312,2025-11-03T10:03:21.629578,1762144401.706000,14,49,14,34,1762144401.026000,48,-2,1.021,TRUE,2313,2025-11-03T10:03:22.629576,1762144401.846000,2,26,2,23,1762144401.127250,25,-25,1.001,TRUE,101.250,159345.747,FALSE,FALSE,FALSE,TRUE,FALSE,ECG samples:25
2329,-17488.6,TRUE,2313,2025-11-03T10:03:22.629576,1762144402.707000,14,50,14,35,1762144402.007000,48,-2,0.981,TRUE,2314,2025-11-03T10:03:23.629572,1762144402.847000,2,26,2,23,1762144402.128250,25,-25,1.001,TRUE,121.250,159466.996,FALSE,FALSE,FALSE,TRUE,FALSE,ECG samples:25
2330,-17487.6,TRUE,2314,2025-11-03T10:03:23.629572,1762144403.709000,13,48,13,34,1762144403.029000,48,-2,1.022,TRUE,2315,2025-11-03T10:03:24.629574,1762144403.849000,2,26,2,23,1762144403.130250,25,-25,1.002,TRUE,101.250,159568.246,FALSE,FALSE,FALSE,TRUE,FALSE,ECG samples:25
2331,-17486.6,TRUE,2315,2025-11-03T10:03:24.629574,1762144404.711000,14,49,14,34,1762144404.031000,48,-2,1.002,TRUE,2316,2025-11-03T10:03:25.629586,1762144404.850000,2,26,2,23,1762144404.131250,25,-25,1.001,TRUE,100.250,159668.496,FALSE,FALSE,FALSE,TRUE,FALSE,ECG samples:25
2332,-17485.6,TRUE,2316,2025-11-03T10:03:25.629586,1762144405.711000,14,50,14,35,1762144405.011000,48,-2,0.980,TRUE,2317,2025-11-03T10:03:26.629576,1762144405.852000,2,26,2,23,1762144405.133250,25,-25,1.002,TRUE,122.250,159790.746,FALSE,FALSE,FALSE,TRUE,FALSE,ECG samples:25
2333,-17484.6,TRUE,2317,2025-11-03T10:03:26.629576,1762144406.713000,13,49,13,35,1762144406.013000,48,-2,1.002,TRUE,2318,2025-11-03T10:03:27.629575,1762144406.854000,2,26,2,23,1762144406.135250,25,-25,1.002,TRUE,122.250,159912.997,FALSE,FALSE,FALSE,TRUE,FALSE,ECG samples:25
2334,-17483.6,TRUE,2318,2025-11-03T10:03:27.629575,1762144407.714000,13,49,13,35,1762144407.014000,48,-2,1.001,TRUE,2319,2025-11-03T10:03:28.629574,1762144407.855000,2,26,2,23,1762144407.136250,25,-25,1.001,TRUE,122.250,160035.247,FALSE,FALSE,FALSE,TRUE,FALSE,ECG samples:25
2335,-17482.6,TRUE,2319,2025-11-03T10:03:28.629574,1762144408.715000,13,50,13,36,1762144407.995000,49,-1,0.981,TRUE,2320,2025-11-03T10:03:29.629575,1762144408.856000,2,26,2,23,1762144408.137250,26,-24,1.001,TRUE,142.250,160177.497,FALSE,FALSE,FALSE,TRUE,FALSE,ECG samples:26
2336,-17481.6,TRUE,2320,2025-11-03T10:03:29.629575,1762144409.717000,13,50,13,36,1762144408.997000,49,-1,1.002,TRUE,2321,2025-11-03T10:03:30.629570,1762144409.858000,3,26,3,22,1762144409.170500,25,-25,1.033,TRUE,173.500,160350.997,FALSE,FALSE,FALSE,TRUE,FALSE,ECG samples:25
2337,-17480.6,TRUE,2321,2025-11-03T10:03:30.629570,1762144410.718000,13,50,13,36,1762144409.998000,49,-1,1.001,TRUE,2322,2025-11-03T10:03:31.629572,1762144410.860000,3,26,3,22,1762144410.172500,25,-25,1.002,TRUE,174.500,160525.497,FALSE,FALSE,FALSE,TRUE,FALSE,ECG samples:25
2338,-17479.6,TRUE,2322,2025-11-03T10:03:31.629572,1762144411.720000,13,49,13,35,1762144411.020000,48,-2,1.022,TRUE,2323,2025-11-03T10:03:32.629570,1762144411.861000,3,26,3,22,1762144411.173500,25,-25,1.001,TRUE,153.500,160678.997,FALSE,FALSE,FALSE,TRUE,FALSE,ECG samples:25
2339,-17478.6,TRUE,2323,2025-11-03T10:03:32.629570,1762144412.721000,13,50,13,36,1762144412.001000,49,-1,0.981,TRUE,2324,2025-11-03T10:03:33.629571,1762144412.863000,3,26,3,22,1762144412.175500,25,-25,1.002,TRUE,174.500,160853.497,FALSE,FALSE,FALSE,TRUE,FALSE,ECG samples:25
2340,-17477.6,TRUE,2324,2025-11-03T10:03:33.629571,1762144413.723000,13,49,13,35,1762144413.023000,48,-2,1.022,TRUE,2325,2025-11-03T10:03:34.629570,1762144413.864000,3,26,3,22,1762144413.176500,25,-25,1.001,TRUE,153.500,161006.997,FALSE,FALSE,FALSE,TRUE,FALSE,ECG samples:25
2341,-17476.6,TRUE,2325,2025-11-03T10:03:34.629570,1762144414.725000,13,49,13,35,1762144414.025000,48,-2,1.002,TRUE,2326,2025-11-03T10:03:35.629581,1762144414.865000,3,26,3,22,1762144414.177500,25,-25,1.001,TRUE,152.500,161159.497,FALSE,FALSE,FALSE,TRUE,FALSE,ECG samples:25
2342,-17475.6,TRUE,2326,2025-11-03T10:03:35.629581,1762144415.726000,13,50,13,36,1762144415.006000,48,-2,0.981,TRUE,2327,2025-11-03T10:03:36.629579,1762144415.866000,3,26,3,22,1762144415.178500,25,-25,1.001,TRUE,172.500,161331.997,FALSE,FALSE,FALSE,TRUE,FALSE,ECG samples:25
2343,-17474.6,TRUE,2327,2025-11-03T10:03:36.629579,1762144416.727000,12,49,12,36,1762144416.007000,48,-2,1.001,TRUE,2328,2025-11-03T10:03:37.629575,1762144416.868000,3,26,3,22,1762144416.180500,25,-25,1.002,TRUE,173.500,161505.497,FALSE,FALSE,FALSE,TRUE,FALSE,ECG samples:25
2344,-17473.6,TRUE,2328,2025-11-03T10:03:37.629575,1762144417.729000,12,49,12,36,1762144417.009000,48,-2,1.002,TRUE,2329,2025-11-03T10:03:38.629575,1762144417.869000,3,26,3,22,1762144417.181500,25,-25,1.001,TRUE,172.500,161677.997,FALSE,FALSE,FALSE,TRUE,FALSE,ECG samples:25
2345,-17472.6,TRUE,2329,2025-11-03T10:03:38.629575,1762144418.632000,12,43,12,30,1762144418.032000,47,-3,1.023,TRUE,2330,2025-11-03T10:03:39.629573,1762144418.770000,3,24,3,20,1762144418.145000,25,-25,0.964,TRUE,113.000,161790.997,FALSE,FALSE,FALSE,TRUE,FALSE,ECG samples:25
2346,-17471.6,TRUE,2330,2025-11-03T10:03:39.629573,1762144419.633000,17,50,17,32,1762144418.993000,49,-1,0.961,TRUE,2331,2025-11-03T10:03:40.629580,1762144419.772000,5,26,5,20,1762144419.147000,25,-25,1.002,TRUE,154.000,161944.997,FALSE,FALSE,FALSE,TRUE,FALSE,ECG samples:25
2347,-17470.6,TRUE,2331,2025-11-03T10:03:40.629580,1762144420.634000,17,48,17,30,1762144420.034000,47,-3,1.041,TRUE,2332,2025-11-03T10:03:41.629574,1762144420.773000,5,26,5,20,1762144420.148000,25,-25,1.001,TRUE,114.000,162058.997,FALSE,FALSE,FALSE,TRUE,FALSE,ECG samples:25
2348,-17469.6,TRUE,2332,2025-11-03T10:03:41.629574,1762144421.637000,17,49,17,31,1762144421.017000,48,-2,0.983,TRUE,2333,2025-11-03T10:03:42.629570,1762144421.774000,5,26,5,20,1762144421.149000,25,-25,1.001,TRUE,132.000,162190.997,FALSE,FALSE,FALSE,TRUE,FALSE,ECG samples:25
2349,-17468.6,TRUE,2333,2025-11-03T10:03:42.629570,1762144422.639000,17,49,17,31,1762144422.019000,47,-3,1.002,TRUE,2334,2025-11-03T10:03:43.629581,1762144422.776000,5,26,5,20,1762144422.151000,25,-25,1.002,TRUE,132.000,162322.997,FALSE,FALSE,FALSE,TRUE,FALSE,ECG samples:25
2350,-17467.6,TRUE,2334,2025-11-03T10:03:43.629581,1762144423.640000,16,49,16,32,1762144423.000000,49,-1,0.981,TRUE,2335,2025-11-03T10:03:44.629573,1762144423.778000,5,26,5,20,1762144423.153000,25,-25,1.002,TRUE,153.000,162475.997,FALSE,FALSE,FALSE,TRUE,FALSE,ECG samples:25
2351,-17466.6,TRUE,2335,2025-11-03T10:03:44.629573,1762144424.642000,17,50,17,32,1762144424.002000,49,-1,1.002,TRUE,2336,2025-11-03T10:03:45.629571,1762144424.780000,5,26,5,20,1762144424.155000,25,-25,1.002,TRUE,153.000,162628.997,FALSE,FALSE,FALSE,TRUE,FALSE,ECG samples:25
2352,-17465.6,TRUE,2336,2025-11-03T10:03:45.629571,1762144425.644000,17,50,17,32,1762144425.004000,48,-2,1.002,TRUE,2337,2025-11-03T10:03:46.629568,1762144425.780000,5,26,5,20,1762144425.155000,25,-25,1.000,TRUE,151.000,162779.997,FALSE,FALSE,FALSE,TRUE,FALSE,ECG samples:25
2353,-17464.6,TRUE,2337,2025-11-03T10:03:46.629568,1762144426.646000,16,48,16,31,1762144426.026000,48,-2,1.022,TRUE,2338,2025-11-03T10:03:47.629582,1762144426.782000,5,26,5,20,1762144426.157000,25,-25,1.002,TRUE,131.000,162910.997,FALSE,FALSE,FALSE,TRUE,FALSE,ECG samples:25
2354,-17463.6,TRUE,2338,2025-11-03T10:03:47.629582,1762144427.648000,17,50,17,32,1762144427.008000,49,-1,0.982,TRUE,2339,2025-11-03T10:03:48.629579,1762144427.783000,5,26,5,20,1762144427.158000,25,-25,1.001,TRUE,150.000,163060.997,FALSE,FALSE,FALSE,TRUE,FALSE,ECG samples:25
2355,-17462.6,TRUE,2339,2025-11-03T10:03:48.629579,1762144428.650000,17,49,17,31,1762144428.030000,48,-2,1.022,TRUE,2340,2025-11-03T10:03:49.629574,1762144428.785000,5,26,5,20,1762144428.160000,25,-25,1.002,TRUE,130.000,163190.997,FALSE,FALSE,FALSE,TRUE,FALSE,ECG samples:25
2356,-17461.6,TRUE,2340,2025-11-03T10:03:49.629574,1762144429.652000,17,50,17,32,1762144429.012000,48,-2,0.982,TRUE,2341,2025-11-03T10:03:50.629579,1762144429.786000,5,26,5,20,1762144429.161000,25,-25,1.001,TRUE,149.000,163339.997,FALSE,FALSE,FALSE,TRUE,FALSE,ECG samples:25
2357,-17460.6,TRUE,2341,2025-11-03T10:03:50.629579,1762144430.653000,16,49,16,32,1762144430.013000,49,-1,1.001,TRUE,2342,2025-11-03T10:03:51.629574,1762144430.787000,5,26,5,20,1762144430.162000,25,-25,1.001,TRUE,149.000,163488.997,FALSE,FALSE,FALSE,TRUE,FALSE,ECG samples:25
2358,-17459.6,TRUE,2342,2025-11-03T10:03:51.629574,1762144431.655000,17,50,17,32,1762144431.015000,49,-1,1.002,TRUE,2343,2025-11-03T10:03:52.629579,1762144431.788000,5,26,5,20,1762144431.163000,25,-25,1.001,TRUE,148.000,163636.997,FALSE,FALSE,FALSE,TRUE,FALSE,ECG samples:25
2359,-17458.6,TRUE,2343,2025-11-03T10:03:52.629579,1762144432.656000,17,49,17,31,1762144432.036000,46,-4,1.021,TRUE,2344,2025-11-03T10:03:53.629579,1762144432.790000,5,26,5,20,1762144432.165000,25,-25,1.002,TRUE,129.000,163765.997,FALSE,FALSE,FALSE,TRUE,FALSE,ECG samples:25
2360,-17457.6,TRUE,2344,2025-11-03T10:03:53.629579,1762144433.657000,15,48,15,32,1762144433.017000,48,-2,0.981,TRUE,2345,2025-11-03T10:03:54.629579,1762144433.791000,5,26,5,20,1762144433.166000,25,-25,1.001,TRUE,149.000,163914.997,FALSE,FALSE,FALSE,TRUE,FALSE,ECG samples:25
2361,-17456.6,TRUE,2345,2025-11-03T10:03:54.629579,1762144434.658000,16,49,16,32,1762144434.018000,49,-1,1.001,TRUE,2346,2025-11-03T10:03:55.629572,1762144434.793000,5,26,5,20,1762144434.168000,25,-25,1.002,TRUE,150.000,164064.997,FALSE,FALSE,FALSE,TRUE,FALSE,ECG samples:25
2362,-17455.6,TRUE,2346,2025-11-03T10:03:55.629572,1762144435.660000,17,51,17,33,1762144435.000000,49,-1,0.982,TRUE,2347,2025-11-03T10:03:56.629572,1762144435.794000,5,26,5,20,1762144435.169000,25,-25,1.001,TRUE,169.000,164233.997,FALSE,FALSE,FALSE,TRUE,FALSE,ECG samples:25
2363,-17454.6,TRUE,2347,2025-11-03T10:03:56.629572,1762144436.661000,16,50,16,33,1762144436.001000,49,-1,1.001,TRUE,2348,2025-11-03T10:03:57.629576,1762144436.796000,5,26,5,20,1762144436.171000,25,-25,1.002,TRUE,170.000,164403.997,FALSE,FALSE,FALSE,TRUE,FALSE,ECG samples:25
2364,-17453.6,TRUE,2348,2025-11-03T10:03:57.629576,1762144437.664000,16,49,16,32,1762144437.024000,48,-2,1.023,TRUE,2349,2025-11-03T10:03:58.629574,1762144437.797000,5,26,5,20,1762144437.172000,25,-25,1.001,TRUE,148.000,164551.997,FALSE,FALSE,FALSE,TRUE,FALSE,ECG samples:25
2365,-17452.6,TRUE,2349,2025-11-03T10:03:58.629574,1762144438.666000,16,49,16,32,1762144438.026000,48,-2,1.002,TRUE,2350,2025-11-03T10:03:59.629572,1762144438.798000,5,26,5,20,1762144438.173000,25,-25,1.001,TRUE,147.000,164698.997,FALSE,FALSE,FALSE,TRUE,FALSE,ECG samples:25
2366,-17451.6,TRUE,2350,2025-11-03T10:03:59.629572,1762144439.667000,16,50,16,33,1762144439.007000,49,-1,0.981,TRUE,2351,2025-11-03T10:04:00.629576,1762144439.799000,5,26,5,20,1762144439.174000,25,-25,1.001,TRUE,167.000,164865.998,FALSE,FALSE,FALSE,TRUE,FALSE,ECG samples:25
2367,-17450.6,TRUE,2351,2025-11-03T10:04:00.629576,1762144440.668000,16,48,16,31,1762144440.048000,47,-3,1.041,TRUE,2352,2025-11-03T10:04:01.629572,1762144440.800000,5,26,5,20,1762144440.175000,25,-25,1.001,TRUE,127.000,164992.997,FALSE,FALSE,FALSE,TRUE,FALSE,ECG samples:25
2368,-17449.6,TRUE,2352,2025-11-03T10:04:01.629572,1762144441.670000,16,49,16,32,1762144441.030000,47,-3,0.982,TRUE,2353,2025-11-03T10:04:02.629571,1762144441.801000,5,26,5,20,1762144441.176000,25,-25,1.001,TRUE,146.000,165138.998,FALSE,FALSE,FALSE,TRUE,FALSE,ECG samples:25
2369,-17448.6,TRUE,2353,2025-11-03T10:04:02.629571,1762144442.672000,15,49,15,33,1762144442.012000,48,-2,0.982,TRUE,2354,2025-11-03T10:04:03.629570,1762144442.803000,5,26,5,20,1762144442.178000,25,-25,1.002,TRUE,166.000,165304.998,FALSE,FALSE,FALSE,TRUE,FALSE,ECG samples:25
2370,-17447.6,TRUE,2354,2025-11-03T10:04:03.629570,1762144443.673000,15,48,15,32,1762144443.033000,47,-3,1.021,TRUE,2355,2025-11-03T10:04:04.629574,1762144443.804000,5,27,5,21,1762144443.147750,25,-25,0.970,TRUE,114.750,165419.748,FALSE,FALSE,FALSE,TRUE,FALSE,ECG samples:25
2371,-17446.6,TRUE,2355,2025-11-03T10:04:04.629574,1762144444.676000,15,50,15,34,1762144443.996000,49,-1,0.963,TRUE,2356,2025-11-03T10:04:05.629581,1762144444.805000,4,26,4,21,1762144444.148750,25,-25,1.001,TRUE,152.750,165572.498,FALSE,FALSE,FALSE,TRUE,FALSE,ECG samples:25
2372,-17445.6,TRUE,2356,2025-11-03T10:04:05.629581,1762144445.678000,15,48,15,32,1762144445.038000,48,-2,1.042,TRUE,2357,2025-11-03T10:04:06.629577,1762144445.806000,4,26,4,21,1762144445.149750,25,-25,1.001,TRUE,111.750,165684.248,FALSE,FALSE,FALSE,TRUE,FALSE,ECG samples:25
2373,-17444.6,TRUE,2357,2025-11-03T10:04:06.629577,1762144446.680000,16,49,16,32,1762144446.040000,47,-3,1.002,TRUE,2358,2025-11-03T10:04:07.629572,1762144446.808000,4,26,4,21,1762144446.151750,25,-25,1.002,TRUE,111.750,165795.998,FALSE,FALSE,FALSE,TRUE,FALSE,ECG samples:25
2374,-17443.6,TRUE,2358,2025-11-03T10:04:07.629572,1762144447.683000,15,49,15,33,1762144447.023000,49,-1,0.983,TRUE,2359,2025-11-03T10:04:08.629577,1762144447.809000,4,26,4,21,1762144447.152750,25,-25,1.001,TRUE,129.750,165925.748,FALSE,FALSE,FALSE,TRUE,FALSE,ECG samples:25
2375,-17442.6,TRUE,2359,2025-11-03T10:04:08.629577,1762144448.684000,16,49,16,32,1762144448.044000,48,-2,1.021,TRUE,2360,2025-11-03T10:04:09.629568,1762144448.810000,4,26,4,21,1762144448.153750,25,-25,1.001,TRUE,109.750,166035.498,FALSE,FALSE,FALSE,TRUE,FALSE,ECG samples:25
2376,-17441.6,TRUE,2360,2025-11-03T10:04:09.629568,1762144449.686000,16,49,16,32,1762144449.046000,48,-2,1.002,TRUE,2361,2025-11-03T10:04:10.629568,1762144449.812000,4,25,4,20,1762144449.187000,24,-26,1.033,TRUE,141.000,166176.498,FALSE,FALSE,FALSE,TRUE,FALSE,ECG samples:24
2377,-17440.6,TRUE,2361,2025-11-03T10:04:10.629568,1762144450.688000,16,50,16,33,1762144450.028000,47,-3,0.982,TRUE,2362,2025-11-03T10:04:11.629575,1762144450.813000,4,26,4,21,1762144450.156750,25,-25,0.970,TRUE,128.750,166305.248,FALSE,FALSE,FALSE,TRUE,FALSE,ECG samples:25
2378,-17439.6,TRUE,2362,2025-11-03T10:04:11.629575,1762144451.689000,14,49,14,34,1762144451.009000,48,-2,0.981,TRUE,2363,2025-11-03T10:04:12.629574,1762144451.814000,4,26,4,21,1762144451.157750,25,-25,1.001,TRUE,148.750,166453.998,FALSE,FALSE,FALSE,TRUE,FALSE,ECG samples:25
2379,-17438.6,TRUE,2363,2025-11-03T10:04:12.629574,1762144452.690000,14,49,14,34,1762144452.010000,49,-1,1.001,TRUE,2364,2025-11-03T10:04:13.629583,1762144452.816000,4,26,4,21,1762144452.159750,25,-25,1.002,TRUE,149.750,166603.748,FALSE,FALSE,FALSE,TRUE,FALSE,ECG samples:25
2380,-17437.6,TRUE,2364,2025-11-03T10:04:13.629583,1762144453.692000,15,49,15,33,1762144453.032000,48,-2,1.022,TRUE,2365,2025-11-03T10:04:14.629570,1762144453.817000,4,26,4,21,1762144453.160750,25,-25,1.001,TRUE,128.750,166732.498,FALSE,FALSE,FALSE,TRUE,FALSE,ECG samples:25
2381,-17436.6,TRUE,2365,2025-11-03T10:04:14.629570,1762144454.694000,15,49,15,33,1762144454.034000,48,-2,1.002,TRUE,2366,2025-11-03T10:04:15.629572,1762144454.819000,4,26,4,21,1762144454.162750,25,-25,1.002,TRUE,128.750,166861.248,FALSE,FALSE,FALSE,TRUE,FALSE,ECG samples:25
2382,-17435.6,TRUE,2366,2025-11-03T10:04:15.629572,1762144455.695000,15,49,15,33,1762144455.035000,49,-1,1.001,TRUE,2367,2025-11-03T10:04:16.629574,1762144455.820000,4,26,4,21,1762144455.163750,25,-25,1.001,TRUE,128.750,166989.998,FALSE,FALSE,FALSE,TRUE,FALSE,ECG samples:25
2383,-17434.6,TRUE,2367,2025-11-03T10:04:16.629574,1762144456.697000,16,50,16,33,1762144456.037000,48,-2,1.002,TRUE,2368,2025-11-03T10:04:17.629579,1762144456.821000,4,26,4,21,1762144456.164750,25,-25,1.001,TRUE,127.750,167117.748,FALSE,FALSE,FALSE,TRUE,FALSE,ECG samples:25
2384,-17433.6,TRUE,2368,2025-11-03T10:04:17.629579,1762144457.698000,15,49,15,33,1762144457.038000,47,-3,1.001,TRUE,2369,2025-11-03T10:04:18.629573,1762144457.823000,4,26,4,21,1762144457.166750,25,-25,1.002,TRUE,128.750,167246.499,FALSE,FALSE,FALSE,TRUE,FALSE,ECG samples:25
2385,-17432.6,TRUE,2369,2025-11-03T10:04:18.629573,1762144458.700000,14,49,14,34,1762144458.020000,48,-2,0.982,TRUE,2370,2025-11-03T10:04:19.629578,1762144458.824000,4,26,4,21,1762144458.167750,25,-25,1.001,TRUE,147.750,167394.248,FALSE,FALSE,FALSE,TRUE,FALSE,ECG samples:25
2386,-17431.6,TRUE,2370,2025-11-03T10:04:19.629578,1762144459.702000,14,49,14,34,1762144459.022000,48,-2,1.002,TRUE,2371,2025-11-03T10:04:20.629572,1762144459.826000,4,26,4,21,1762144459.169750,25,-25,1.002,TRUE,147.750,167541.999,FALSE,FALSE,FALSE,TRUE,FALSE,ECG samples:25
2387,-17430.6,TRUE,2371,2025-11-03T10:04:20.629572,1762144460.705000,14,49,14,34,1762144460.025000,48,-2,1.003,TRUE,2372,2025-11-03T10:04:21.629568,1762144460.827000,4,26,4,21,1762144460.170750,25,-25,1.001,TRUE,145.750,167687.749,FALSE,FALSE,FALSE,TRUE,FALSE,ECG samples:25
2388,-17429.6,TRUE,2372,2025-11-03T10:04:21.629568,1762144461.707000,14,49,14,34,1762144461.027000,49,-1,1.002,TRUE,2373,2025-11-03T10:04:22.629568,1762144461.828000,4,26,4,21,1762144461.171750,25,-25,1.001,TRUE,144.750,167832.499,FALSE,FALSE,FALSE,TRUE,FALSE,ECG samples:25
2389,-17428.6,TRUE,2373,2025-11-03T10:04:22.629568,1762144462.708000,15,49,15,33,1762144462.048000,47,-3,1.021,TRUE,2374,2025-11-03T10:04:23.629567,1762144462.829000,4,26,4,21,1762144462.172750,25,-25,1.001,TRUE,124.750,167957.249,FALSE,FALSE,FALSE,TRUE,FALSE,ECG samples:25
2390,-17427.6,TRUE,2374,2025-11-03T10:04:23.629567,1762144463.709000,14,49,14,34,1762144463.029000,48,-2,0.981,TRUE,2375,2025-11-03T10:04:24.629567,1762144463.831000,4,26,4,21,1762144463.174750,25,-25,1.002,TRUE,145.750,168102.999,FALSE,FALSE,FALSE,TRUE,FALSE,ECG samples:25
2391,-17426.6,TRUE,2375,2025-11-03T10:04:24.629567,1762144464.711000,14,48,14,33,1762144464.051000,48,-2,1.022,TRUE,2376,2025-11-03T10:04:25.629570,1762144464.832000,4,26,4,21,1762144464.175750,25,-25,1.001,TRUE,124.750,168227.749,FALSE,FALSE,FALSE,TRUE,FALSE,ECG samples:25
2392,-17425.6,TRUE,2376,2025-11-03T10:04:25.629570,1762144465.712000,15,50,15,34,1762144465.032000,48,-2,0.981,TRUE,2377,2025-11-03T10:04:26.629573,1762144465.834000,4,26,4,21,1762144465.177750,25,-25,1.002,TRUE,145.750,168373.499,FALSE,FALSE,FALSE,TRUE,FALSE,ECG samples:25
2393,-17424.6,TRUE,2377,2025-11-03T10:04:26.629573,1762144466.715000,14,48,14,33,1762144466.055000,47,-3,1.023,TRUE,2378,2025-11-03T10:04:27.629569,1762144466.835000,4,26,4,21,1762144466.178750,25,-25,1.001,TRUE,123.750,168497.250,FALSE,FALSE,FALSE,TRUE,FALSE,ECG samples:25
2394,-17423.6,TRUE,2378,2025-11-03T10:04:27.629569,1762144467.716000,14,49,14,34,1762144467.036000,48,-2,0.981,TRUE,2379,2025-11-03T10:04:28.629578,1762144467.837000,4,26,4,21,1762144467.180750,25,-25,1.002,TRUE,144.750,168641.999,FALSE,FALSE,FALSE,TRUE,FALSE,ECG samples:25
2395,-17422.6,TRUE,2379,2025-11-03T10:04:28.629578,1762144468.718000,14,49,14,34,1762144468.038000,47,-3,1.002,TRUE,2380,2025-11-03T10:04:29.629569,1762144468.838000,4,26,4,21,1762144468.181750,25,-25,1.001,TRUE,143.750,168785.750,FALSE,FALSE,FALSE,TRUE,FALSE,ECG samples:25
2396,-17421.6,TRUE,2380,2025-11-03T10:04:29.629569,1762144469.719000,13,48,13,34,1762144469.039000,48,-2,1.001,TRUE,2381,2025-11-03T10:04:30.629575,1762144469.840000,4,26,4,21,1762144469.183750,25,-25,1.002,TRUE,144.750,168930.500,FALSE,FALSE,FALSE,TRUE,FALSE,ECG samples:25
2397,-17420.6,TRUE,2381,2025-11-03T10:04:30.629575,1762144470.720000,14,50,14,35,1762144470.020000,48,-2,0.981,TRUE,2382,2025-11-03T10:04:31.629572,1762144470.842000,4,26,4,21,1762144470.185750,25,-25,1.002,TRUE,165.750,169096.250,FALSE,FALSE,FALSE,TRUE,FALSE,ECG samples:25
2398,-17419.6,TRUE,2382,2025-11-03T10:04:31.629572,1762144471.722000,13,48,13,34,1762144471.042000,48,-2,1.022,TRUE,2383,2025-11-03T10:04:32.629583,1762144471.843000,4,27,4,22,1762144471.155500,25,-25,0.970,TRUE,113.500,169209.750,FALSE,FALSE,FALSE,TRUE,FALSE,ECG samples:25
2399,-17418.6,TRUE,2383,2025-11-03T10:04:32.629583,1762144472.724000,14,50,14,35,1762144472.024000,48,-2,0.982,TRUE,2384,2025-11-03T10:04:33.629573,1762144472.845000,3,26,3,22,1762144472.157500,25,-25,1.002,TRUE,133.500,169343.250,FALSE,FALSE,FALSE,TRUE,FALSE,ECG samples:25
2400,-17417.6,TRUE,2384,2025-11-03T10:04:33.629573,1762144473.726000,13,48,13,34,1762144473.046000,47,-3,1.022,TRUE,2385,2025-11-03T10:04:34.629611,1762144473.848000,3,26,3,22,1762144473.160500,25,-25,1.003,TRUE,114.500,169457.750,FALSE,FALSE,FALSE,TRUE,FALSE,ECG samples:25
2401,-17416.6,TRUE,2385,2025-11-03T10:04:34.629611,1762144474.727000,13,49,13,35,1762144474.027000,49,-1,0.981,TRUE,2386,2025-11-03T10:04:35.629569,1762144474.850000,3,26,3,22,1762144474.162500,25,-25,1.002,TRUE,135.500,169593.250,FALSE,FALSE,FALSE,TRUE,FALSE,ECG samples:25
2402,-17415.6,TRUE,2386,2025-11-03T10:04:35.629569,1762144475.729000,14,50,14,35,1762144475.029000,48,-2,1.002,TRUE,2387,2025-11-03T10:04:36.629575,1762144475.853000,3,26,3,22,1762144475.165500,25,-25,1.003,TRUE,136.500,169729.750,FALSE,FALSE,FALSE,TRUE,FALSE,ECG samples:25
2403,-17414.6,TRUE,2387,2025-11-03T10:04:36.629575,1762144476.630000,13,44,13,30,1762144476.030000,48,-2,1.001,TRUE,2388,2025-11-03T10:04:37.629577,1762144476.754000,3,23,3,19,1762144476.160250,25,-25,0.995,TRUE,130.250,169859.999,FALSE,FALSE,FALSE,TRUE,FALSE,ECG samples:25
2404,-17413.6,TRUE,2388,2025-11-03T10:04:37.629577,1762144477.632000,18,49,18,30,1762144477.032000,47,-3,1.002,TRUE,2389,2025-11-03T10:04:38.629568,1762144477.756000,6,26,6,19,1762144477.162250,25,-25,1.002,TRUE,130.250,169990.249,FALSE,FALSE,FALSE,TRUE,FALSE,ECG samples:25
2405,-17412.6,TRUE,2389,2025-11-03T10:04:38.629568,1762144478.634000,17,49,17,31,1762144478.014000,49,-1,0.982,TRUE,2390,2025-11-03T10:04:39.629572,1762144478.757000,6,26,6,19,1762144478.163250,25,-25,1.001,TRUE,149.250,170139.499,FALSE,FALSE,FALSE,TRUE,FALSE,ECG samples:25
2406,-17411.6,TRUE,2390,2025-11-03T10:04:39.629572,1762144479.637000,18,48,18,29,1762144479.057000,48,-2,1.043,TRUE,2391,2025-11-03T10:04:40.629572,1762144479.758000,6,26,6,19,1762144479.164250,25,-25,1.001,TRUE,107.250,170246.749,FALSE,FALSE,FALSE,TRUE,FALSE,ECG samples:25
2407,-17410.6,TRUE,2391,2025-11-03T10:04:40.629572,1762144480.640000,19,50,19,30,1762144480.040000,48,-2,0.983,TRUE,2392,2025-11-03T10:04:41.629565,1762144480.760000,6,26,6,19,1762144480.166250,25,-25,1.002,TRUE,126.250,170372.999,FALSE,FALSE,FALSE,TRUE,FALSE,ECG samples:25
2408,-17409.6,TRUE,2392,2025-11-03T10:04:41.629565,1762144481.641000,18,49,18,30,1762144481.041000,48,-2,1.001,TRUE,2393,2025-11-03T10:04:42.629564,1762144481.761000,6,26,6,19,1762144481.167250,25,-25,1.001,TRUE,126.250,170499.249,FALSE,FALSE,FALSE,TRUE,FALSE,ECG samples:25
2409,-17408.6,TRUE,2393,2025-11-03T10:04:42.629564,1762144482.643000,18,50,18,31,1762144482.023000,47,-3,0.982,TRUE,2394,2025-11-03T10:04:43.629576,1762144482.762000,6,27,6,20,1762144482.137000,25,-25,0.970,TRUE,114.000,170613.249,FALSE,FALSE,FALSE,TRUE,FALSE,ECG samples:25
2410,-17407.6,TRUE,2394,2025-11-03T10:04:43.629576,1762144483.644000,16,48,16,31,1762144483.024000,49,-1,1.001,TRUE,2395,2025-11-03T10:04:44.629589,1762144483.764000,5,26,5,20,1762144483.139000,25,-25,1.002,TRUE,115.000,170728.248,FALSE,FALSE,FALSE,TRUE,FALSE,ECG samples:25
2411,-17406.6,TRUE,2395,2025-11-03T10:04:44.629589,1762144484.647000,18,50,18,31,1762144484.027000,49,-1,1.003,TRUE,2396,2025-11-03T10:04:45.629567,1762144484.767000,5,26,5,20,1762144484.142000,25,-25,1.003,TRUE,115.000,170843.248,FALSE,FALSE,FALSE,TRUE,FALSE,ECG samples:25
2412,-17405.6,TRUE,2396,2025-11-03T10:04:45.629567,1762144485.649000,18,49,18,30,1762144485.049000,48,-2,1.022,TRUE,2397,2025-11-03T10:04:46.629567,1762144485.769000,5,26,5,20,1762144485.144000,25,-25,1.002,TRUE,95.000,170938.248,FALSE,FALSE,FALSE,TRUE,FALSE,ECG samples:25
2413,-17404.6,TRUE,2397,2025-11-03T10:04:46.629567,1762144486.651000,18,49,18,30,1762144486.051000,47,-3,1.002,TRUE,2398,2025-11-03T10:04:47.629580,1762144486.770000,5,26,5,20,1762144486.145000,25,-25,1.001,TRUE,94.000,171032.248,FALSE,FALSE,FALSE,TRUE,FALSE,ECG samples:25
2414,-17403.6,TRUE,2398,2025-11-03T10:04:47.629580,1762144487.653000,17,49,17,31,1762144487.033000,48,-2,0.982,TRUE,2399,2025-11-03T10:04:48.629566,1762144487.771000,5,26,5,20,1762144487.146000,25,-25,1.001,TRUE,113.000,171145.248,FALSE,FALSE,FALSE,TRUE,FALSE,ECG samples:25
2415,-17402.6,TRUE,2399,2025-11-03T10:04:48.629566,1762144488.654000,17,50,17,32,1762144488.014000,50,+0,0.981,TRUE,2400,2025-11-03T10:04:49.629586,1762144488.772000,5,26,5,20,1762144488.147000,25,-25,1.001,TRUE,133.000,171278.248,FALSE,FALSE,FALSE,TRUE,FALSE,ECG samples:25
2416,-17401.6,TRUE,2400,2025-11-03T10:04:49.629586,1762144489.655000,18,50,18,31,1762144489.035000,48,-2,1.021,TRUE,2401,2025-11-03T10:04:50.629573,1762144489.773000,5,26,5,20,1762144489.148000,25,-25,1.001,TRUE,113.000,171391.248,FALSE,FALSE,FALSE,TRUE,FALSE,ECG samples:25
2417,-17400.6,TRUE,2401,2025-11-03T10:04:50.629573,1762144490.656000,17,50,17,32,1762144490.016000,49,-1,0.981,TRUE,2402,2025-11-03T10:04:51.629572,1762144490.775000,5,26,5,20,1762144490.150000,25,-25,1.002,TRUE,134.000,171525.248,FALSE,FALSE,FALSE,TRUE,FALSE,ECG samples:25
2418,-17399.6,TRUE,2402,2025-11-03T10:04:51.629572,1762144491.659000,17,48,17,30,1762144491.059000,47,-3,1.043,TRUE,2403,2025-11-03T10:04:52.629567,1762144491.775000,5,26,5,20,1762144491.150000,25,-25,1.000,TRUE,91.000,171616.248,FALSE,FALSE,FALSE,TRUE,FALSE,ECG samples:25
2419,-17398.6,TRUE,2403,2025-11-03T10:04:52.629567,1762144492.661000,17,50,17,32,1762144492.021000,49,-1,0.962,TRUE,2404,2025-11-03T10:04:53.629581,1762144492.777000,5,26,5,20,1762144492.152000,25,-25,1.002,TRUE,131.000,171747.248,FALSE,FALSE,FALSE,TRUE,FALSE,ECG samples:25
2420,-17397.6,TRUE,2404,2025-11-03T10:04:53.629581,1762144493.662000,17,49,17,31,1762144493.042000,47,-3,1.021,TRUE,2405,2025-11-03T10:04:54.629575,1762144493.778000,5,26,5,20,1762144493.153000,25,-25,1.001,TRUE,111.000,171858.248,FALSE,FALSE,FALSE,TRUE,FALSE,ECG samples:25
2421,-17396.6,TRUE,2405,2025-11-03T10:04:54.629575,1762144494.664000,16,48,16,31,1762144494.044000,48,-2,1.002,TRUE,2406,2025-11-03T10:04:55.629649,1762144494.779000,5,26,5,20,1762144494.154000,25,-25,1.001,TRUE,110.000,171968.248,FALSE,FALSE,FALSE,TRUE,FALSE,ECG samples:25
2422,-17395.6,TRUE,2406,2025-11-03T10:04:55.629649,1762144495.667000,17,49,17,31,1762144495.047000,48,-2,1.003,TRUE,2407,2025-11-03T10:04:56.629577,1762144495.780000,5,26,5,20,1762144495.155000,25,-25,1.001,TRUE,108.000,172076.248,FALSE,FALSE,FALSE,TRUE,FALSE,ECG samples:25
2423,-17394.6,TRUE,2407,2025-11-03T10:04:56.629577,1762144496.669000,17,50,17,32,1762144496.029000,49,-1,0.982,TRUE,2408,2025-11-03T10:04:57.629580,1762144496.782000,5,26,5,20,1762144496.157000,25,-25,1.002,TRUE,128.000,172204.248,FALSE,FALSE,FALSE,TRUE,FALSE,ECG samples:25
2424,-17393.6,TRUE,2408,2025-11-03T10:04:57.629580,1762144497.671000,17,49,17,31,1762144497.051000,48,-2,1.022,TRUE,2409,2025-11-03T10:04:58.629633,1762144497.784000,5,26,5,20,1762144497.159000,25,-25,1.002,TRUE,108.000,172312.248,FALSE,FALSE,FALSE,TRUE,FALSE,ECG samples:25
2425,-17392.6,TRUE,2409,2025-11-03T10:04:58.629633,1762144498.673000,17,50,17,32,1762144498.033000,48,-2,0.982,TRUE,2410,2025-11-03T10:04:59.629575,1762144498.785000,5,26,5,20,1762144498.160000,25,-25,1.001,TRUE,127.000,172439.248,FALSE,FALSE,FALSE,TRUE,FALSE,ECG samples:25
2426,-17391.6,TRUE,2410,2025-11-03T10:04:59.629575,1762144499.674000,16,49,16,32,1762144499.034000,49,-1,1.001,TRUE,2411,2025-11-03T10:05:00.629581,1762144499.786000,5,26,5,20,1762144499.161000,25,-25,1.001,TRUE,127.000,172566.248,FALSE,FALSE,FALSE,TRUE,FALSE,ECG samples:25
2427,-17390.6,TRUE,2411,2025-11-03T10:05:00.629581,1762144500.676000,17,50,17,32,1762144500.036000,47,-3,1.002,TRUE,2412,2025-11-03T10:05:01.629576,1762144500.787000,5,26,5,20,1762144500.162000,25,-25,1.001,TRUE,126.000,172692.248,FALSE,FALSE,FALSE,TRUE,FALSE,ECG samples:25
2428,-17389.6,TRUE,2412,2025-11-03T10:05:01.629576,1762144501.678000,15,48,15,32,1762144501.038000,49,-1,1.002,TRUE,2413,2025-11-03T10:05:02.629572,1762144501.789000,5,26,5,20,1762144501.164000,25,-25,1.002,TRUE,126.000,172818.248,FALSE,FALSE,FALSE,TRUE,FALSE,ECG samples:25
2429,-17388.6,TRUE,2413,2025-11-03T10:05:02.629572,1762144502.679000,17,49,17,31,1762144502.059000,48,-2,1.021,TRUE,2414,2025-11-03T10:05:03.629572,1762144502.790000,5,26,5,20,1762144502.165000,25,-25,1.001,TRUE,106.000,172924.248,FALSE,FALSE,FALSE,TRUE,FALSE,ECG samples:25
2430,-17387.6,TRUE,2414,2025-11-03T10:05:03.629572,1762144503.681000,17,50,17,32,1762144503.041000,47,-3,0.982,TRUE,2415,2025-11-03T10:05:04.629568,1762144503.793000,5,26,5,20,1762144503.168000,25,-25,1.003,TRUE,127.000,173051.248,FALSE,FALSE,FALSE,TRUE,FALSE,ECG samples:25
2431,-17386.6,TRUE,2415,2025-11-03T10:05:04.629568,1762144504.683000,15,49,15,33,1762144504.023000,49,-1,0.982,TRUE,2416,2025-11-03T10:05:05.629572,1762144504.794000,5,26,5,20,1762144504.169000,25,-25,1.001,TRUE,146.000,173197.248,FALSE,FALSE,FALSE,TRUE,FALSE,ECG samples:25
2432,-17385.6,TRUE,2416,2025-11-03T10:05:05.629572,1762144505.685000,16,49,16,32,1762144505.045000,48,-2,1.022,TRUE,2417,2025-11-03T10:05:06.629577,1762144505.795000,5,26,5,20,1762144505.170000,25,-25,1.001,TRUE,125.000,173322.248,FALSE,FALSE,FALSE,TRUE,FALSE,ECG samples:25
2433,-17384.6,TRUE,2417,2025-11-03T10:05:06.629577,1762144506.686000,16,50,16,33,1762144506.026000,49,-1,0.981,TRUE,2418,2025-11-03T10:05:07.629573,1762144506.797000,5,26,5,20,1762144506.172000,25,-25,1.002,TRUE,146.000,173468.248,FALSE,FALSE,FALSE,TRUE,FALSE,ECG samples:25
2434,-17383.6,TRUE,2418,2025-11-03T10:05:07.629573,1762144507.687000,16,48,16,31,1762144507.067000,46,-4,1.041,TRUE,2419,2025-11-03T10:05:08.629571,1762144507.798000,5,26,5,20,1762144507.173000,25,-25,1.001,TRUE,106.000,173574.248,FALSE,FALSE,FALSE,TRUE,FALSE,ECG samples:25
2435,-17382.6,TRUE,2419,2025-11-03T10:05:08.629571,1762144508.689000,15,48,15,32,1762144508.049000,48,-2,0.982,TRUE,2420,2025-11-03T10:05:09.629577,1762144508.799000,5,26,5,20,1762144508.174000,25,-25,1.001,TRUE,125.000,173699.249,FALSE,FALSE,FALSE,TRUE,FALSE,ECG samples:25
2436,-17381.6,TRUE,2420,2025-11-03T10:05:09.629577,1762144509.691000,16,49,16,32,1762144509.051000,48,-2,1.002,TRUE,2421,2025-11-03T10:05:10.629586,1762144509.800000,5,27,5,21,1762144509.143750,25,-25,0.970,TRUE,92.750,173791.999,FALSE,FALSE,FALSE,TRUE,FALSE,ECG samples:25
2437,-17380.6,TRUE,2421,2025-11-03T10:05:10.629586,1762144510.694000,16,49,16,32,1762144510.054000,48,-2,1.003,TRUE,2422,2025-11-03T10:05:11.629573,1762144510.802000,4,26,4,21,1762144510.145750,25,-25,1.002,TRUE,91.750,173883.749,FALSE,FALSE,FALSE,TRUE,FALSE,ECG samples:25
2438,-17379.6,TRUE,2422,2025-11-03T10:05:11.629573,1762144511.697000,16,49,16,32,1762144511.057000,48,-2,1.003,TRUE,2423,2025-11-03T10:05:12.629584,1762144511.803000,4,26,4,21,1762144511.146750,25,-25,1.001,TRUE,89.750,173973.499,FALSE,FALSE,FALSE,TRUE,FALSE,ECG samples:25
2439,-17378.6,TRUE,2423,2025-11-03T10:05:12.629584,1762144512.700000,16,50,16,33,1762144512.040000,48,-2,0.983,TRUE,2424,2025-11-03T10:05:13.629571,1762144512.804000,4,26,4,21,1762144512.147750,25,-25,1.001,TRUE,107.750,174081.249,FALSE,FALSE,FALSE,TRUE,FALSE,ECG samples:25
2440,-17377.6,TRUE,2424,2025-11-03T10:05:13.629571,1762144513.702000,15,49,15,33,1762144513.042000,49,-1,1.002,TRUE,2425,2025-11-03T10:05:14.629571,1762144513.806000,4,26,4,21,1762144513.149750,25,-25,1.002,TRUE,107.750,174188.999,FALSE,FALSE,FALSE,TRUE,FALSE,ECG samples:25
2441,-17376.6,TRUE,2425,2025-11-03T10:05:14.629571,1762144514.703000,16,50,16,33,1762144514.043000,48,-2,1.001,TRUE,2426,2025-11-03T10:05:15.629574,1762144514.808000,4,26,4,21,1762144514.151750,25,-25,1.002,TRUE,108.750,174297.749,FALSE,FALSE,FALSE,TRUE,FALSE,ECG samples:25
2442,-17375.6,TRUE,2426,2025-11-03T10:05:15.629574,1762144515.705000,15,49,15,33,1762144515.045000,48,-2,1.002,TRUE,2427,2025-11-03T10:05:16.629577,1762144515.809000,4,26,4,21,1762144515.152750,25,-25,1.001,TRUE,107.750,174405.499,FALSE,FALSE,FALSE,TRUE,FALSE,ECG samples:25
2443,-17374.6,TRUE,2427,2025-11-03T10:05:16.629577,1762144516.707000,15,49,15,33,1762144516.047000,49,-1,1.002,TRUE,2428,2025-11-03T10:05:17.629570,1762144516.810000,4,26,4,21,1762144516.153750,25,-25,1.001,TRUE,106.750,174512.249,FALSE,FALSE,FALSE,TRUE,FALSE,ECG samples:25
2444,-17373.6,TRUE,2428,2025-11-03T10:05:17.629570,1762144517.708000,16,50,16,33,1762144517.048000,48,-2,1.001,TRUE,2429,2025-11-03T10:05:18.629570,1762144517.812000,4,26,4,21,1762144517.155750,25,-25,1.002,TRUE,107.750,174619.999,FALSE,FALSE,FALSE,TRUE,FALSE,ECG samples:25
2445,-17372.6,TRUE,2429,2025-11-03T10:05:18.629570,1762144518.710000,15,49,15,33,1762144518.050000,48,-2,1.002,TRUE,2430,2025-11-03T10:05:19.629577,1762144518.814000,4,26,4,21,1762144518.157750,25,-25,1.002,TRUE,107.750,174727.749,FALSE,FALSE,FALSE,TRUE,FALSE,ECG samples:25
2446,-17371.6,TRUE,2430,2025-11-03T10:05:19.629577,1762144519.711000,15,50,15,34,1762144519.031000,49,-1,0.981,TRUE,2431,2025-11-03T10:05:20.629576,1762144519.816000,4,26,4,21,1762144519.159750,26,-24,1.002,TRUE,128.750,174856.499,FALSE,FALSE,FALSE,TRUE,FALSE,ECG samples:26
2447,-17370.6,TRUE,2431,2025-11-03T10:05:20.629576,1762144520.713000,15,49,15,33,1762144520.053000,47,-3,1.022,TRUE,2432,2025-11-03T10:05:21.629568,1762144520.818000,5,26,5,20,1762144520.193000,25,-25,1.033,TRUE,140.000,174996.500,FALSE,FALSE,FALSE,TRUE,FALSE,ECG samples:25
2448,-17369.6,TRUE,2432,2025-11-03T10:05:21.629568,1762144521.714000,14,48,14,33,1762144521.054000,48,-2,1.001,TRUE,2433,2025-11-03T10:05:22.629570,1762144521.820000,5,26,5,20,1762144521.195000,25,-25,1.002,TRUE,141.000,175137.500,FALSE,FALSE,FALSE,TRUE,FALSE,ECG samples:25
2449,-17368.6,TRUE,2433,2025-11-03T10:05:22.629570,1762144522.715000,15,50,15,34,1762144522.035000,48,-2,0.981,TRUE,2434,2025-11-03T10:05:23.629572,1762144522.821000,5,26,5,20,1762144522.196000,25,-25,1.001,TRUE,161.000,175298.500,FALSE,FALSE,FALSE,TRUE,FALSE,ECG samples:25
2450,-17367.6,TRUE,2434,2025-11-03T10:05:23.629572,1762144523.716000,14,49,14,34,1762144523.036000,49,-1,1.001,TRUE,2435,2025-11-03T10:05:24.629575,1762144523.822000,5,26,5,20,1762144523.197000,25,-25,1.001,TRUE,161.000,175459.500,FALSE,FALSE,FALSE,TRUE,FALSE,ECG samples:25
2451,-17366.6,TRUE,2435,2025-11-03T10:05:24.629575,1762144524.718000,15,49,15,33,1762144524.058000,48,-2,1.022,TRUE,2436,2025-11-03T10:05:25.629578,1762144524.824000,5,26,5,20,1762144524.199000,25,-25,1.002,TRUE,141.000,175600.500,FALSE,FALSE,FALSE,TRUE,FALSE,ECG samples:25
2452,-17365.6,TRUE,2436,2025-11-03T10:05:25.629578,1762144525.719000,15,50,15,34,1762144525.039000,48,-2,0.981,TRUE,2437,2025-11-03T10:05:26.629577,1762144525.826000,5,26,5,20,1762144525.201000,25,-25,1.002,TRUE,162.000,175762.500,FALSE,FALSE,FALSE,TRUE,FALSE,ECG samples:25
2453,-17364.6,TRUE,2437,2025-11-03T10:05:26.629577,1762144526.720000,14,49,14,34,1762144526.040000,48,-2,1.001,TRUE,2438,2025-11-03T10:05:27.629569,1762144526.828000,5,26,5,20,1762144526.203000,25,-25,1.002,TRUE,163.000,175925.500,FALSE,FALSE,FALSE,TRUE,FALSE,ECG samples:25
2454,-17363.6,TRUE,2438,2025-11-03T10:05:27.629569,1762144527.721000,14,48,14,33,1762144527.061000,48,-2,1.021,TRUE,2439,2025-11-03T10:05:28.629570,1762144527.830000,5,26,5,20,1762144527.205000,25,-25,1.002,TRUE,144.000,176069.500,FALSE,FALSE,FALSE,TRUE,FALSE,ECG samples:25
2455,-17362.6,TRUE,2439,2025-11-03T10:05:28.629570,1762144528.723000,15,49,15,33,1762144528.063000,48,-2,1.002,TRUE,2440,2025-11-03T10:05:29.629575,1762144528.833000,5,26,5,20,1762144528.208000,25,-25,1.003,TRUE,145.000,176214.500,FALSE,FALSE,FALSE,TRUE,FALSE,ECG samples:25
2456,-17361.6,TRUE,2440,2025-11-03T10:05:29.629575,1762144529.724000,15,49,15,33,1762144529.064000,47,-3,1.001,TRUE,2441,2025-11-03T10:05:30.629566,1762144529.834000,5,26,5,20,1762144529.209000,25,-25,1.001,TRUE,145.000,176359.500,FALSE,FALSE,FALSE,TRUE,FALSE,ECG samples:25
2457,-17360.6,TRUE,2441,2025-11-03T10:05:30.629566,1762144530.725000,14,49,14,34,1762144530.045000,48,-2,0.981,TRUE,2442,2025-11-03T10:05:31.629576,1762144530.836000,5,26,5,20,1762144530.211000,25,-25,1.002,TRUE,166.000,176525.500,FALSE,FALSE,FALSE,TRUE,FALSE,ECG samples:25
2458,-17359.6,TRUE,2442,2025-11-03T10:05:31.629576,1762144531.727000,14,48,14,33,1762144531.067000,48,-2,1.022,TRUE,2443,2025-11-03T10:05:32.629568,1762144531.839000,5,26,5,20,1762144531.214000,25,-25,1.003,TRUE,147.000,176672.500,FALSE,FALSE,FALSE,TRUE,FALSE,ECG samples:25
2459,-17358.5,TRUE,2443,2025-11-03T10:05:32.629568,1762144532.729000,15,48,15,32,1762144532.089000,46,-4,1.022,TRUE,2444,2025-11-03T10:05:33.629577,1762144532.840000,5,27,5,21,1762144532.183750,25,-25,0.970,TRUE,94.750,176767.250,FALSE,FALSE,FALSE,TRUE,FALSE,ECG samples:25
2460,-17357.6,TRUE,2444,2025-11-03T10:05:33.629577,1762144533.630000,14,43,14,28,1762144533.070000,47,-3,0.981,TRUE,2445,2025-11-03T10:05:34.629570,1762144533.742000,4,23,4,18,1762144533.179500,25,-25,0.996,TRUE,109.500,176876.750,FALSE,FALSE,FALSE,TRUE,FALSE,ECG samples:25
2461,-17356.6,TRUE,2445,2025-11-03T10:05:34.629570,1762144534.631000,19,49,19,29,1762144534.051000,47,-3,0.981,TRUE,2446,2025-11-03T10:05:35.629572,1762144534.745000,7,26,7,18,1762144534.182500,25,-25,1.003,TRUE,131.500,177008.250,FALSE,FALSE,FALSE,TRUE,FALSE,ECG samples:25
2462,-17355.6,TRUE,2446,2025-11-03T10:05:35.629572,1762144535.632000,18,47,18,28,1762144535.072000,47,-3,1.021,TRUE,2447,2025-11-03T10:05:36.629569,1762144535.747000,7,26,7,18,1762144535.184500,25,-25,1.002,TRUE,112.500,177120.750,FALSE,FALSE,FALSE,TRUE,FALSE,ECG samples:25
2463,-17354.6,TRUE,2447,2025-11-03T10:05:36.629569,1762144536.634000,19,49,19,29,1762144536.054000,48,-2,0.982,TRUE,2448,2025-11-03T10:05:37.629584,1762144536.749000,7,26,7,18,1762144536.186500,25,-25,1.002,TRUE,132.500,177253.250,FALSE,FALSE,FALSE,TRUE,FALSE,ECG samples:25
2464,-17353.6,TRUE,2448,2025-11-03T10:05:37.629584,1762144537.635000,19,49,19,29,1762144537.055000,48,-2,1.001,TRUE,2449,2025-11-03T10:05:38.629566,1762144537.751000,7,26,7,18,1762144537.188500,25,-25,1.002,TRUE,133.500,177386.750,FALSE,FALSE,FALSE,TRUE,FALSE,ECG samples:25
2465,-17352.6,TRUE,2449,2025-11-03T10:05:38.629566,1762144538.637000,19,49,19,29,1762144538.057000,48,-2,1.002,TRUE,2450,2025-11-03T10:05:39.629569,1762144538.752000,7,26,7,18,1762144538.189500,25,-25,1.001,TRUE,132.500,177519.250,FALSE,FALSE,FALSE,TRUE,FALSE,ECG samples:25
2466,-17351.6,TRUE,2450,2025-11-03T10:05:39.629569,1762144539.638000,19,49,19,29,1762144539.058000,48,-2,1.001,TRUE,2451,2025-11-03T10:05:40.629566,1762144539.754000,7,26,7,18,1762144539.191500,25,-25,1.002,TRUE,133.500,177652.750,FALSE,FALSE,FALSE,TRUE,FALSE,ECG samples:25
2467,-17350.6,TRUE,2451,2025-11-03T10:05:40.629566,1762144540.640000,19,49,19,29,1762144540.060000,47,-3,1.002,TRUE,2452,2025-11-03T10:05:41.629566,1762144540.755000,7,26,7,18,1762144540.192500,25,-25,1.001,TRUE,132.500,177785.249,FALSE,FALSE,FALSE,TRUE,FALSE,ECG samples:25
2468,-17349.6,TRUE,2452,2025-11-03T10:05:41.629566,1762144541.641000,18,49,18,30,1762144541.041000,49,-1,0.981,TRUE,2453,2025-11-03T10:05:42.629574,1762144541.756000,7,26,7,18,1762144541.193500,25,-25,1.001,TRUE,152.500,177937.749,FALSE,FALSE,FALSE,TRUE,FALSE,ECG samples:25
2469,-17348.6,TRUE,2453,2025-11-03T10:05:42.629574,1762144542.642000,19,50,19,30,1762144542.042000,48,-2,1.001,TRUE,2454,2025-11-03T10:05:43.629577,1762144542.758000,7,26,7,18,1762144542.195500,25,-25,1.002,TRUE,153.500,178091.249,FALSE,FALSE,FALSE,TRUE,FALSE,ECG samples:25
2470,-17347.6,TRUE,2454,2025-11-03T10:05:43.629577,1762144543.645000,18,49,18,30,1762144543.045000,48,-2,1.003,TRUE,2455,2025-11-03T10:05:44.629567,1762144543.759000,7,27,7,19,1762144543.165250,25,-25,0.970,TRUE,120.250,178211.499,FALSE,FALSE,FALSE,TRUE,FALSE,ECG samples:25
2471,-17346.6,TRUE,2455,2025-11-03T10:05:44.629567,1762144544.645000,18,48,18,29,1762144544.065000,48,-2,1.020,TRUE,2456,2025-11-03T10:05:45.629569,1762144544.760000,6,26,6,19,1762144544.166250,25,-25,1.001,TRUE,101.250,178312.749,FALSE,FALSE,FALSE,TRUE,FALSE,ECG samples:25
2472,-17345.6,TRUE,2456,2025-11-03T10:05:45.629569,1762144545.647000,19,49,19,29,1762144545.067000,47,-3,1.002,TRUE,2457,2025-11-03T10:05:46.629573,1762144545.761000,6,26,6,19,1762144545.167250,25,-25,1.001,TRUE,100.250,178412.999,FALSE,FALSE,FALSE,TRUE,FALSE,ECG samples:25
2473,-17344.6,TRUE,2457,2025-11-03T10:05:46.629573,1762144546.649000,18,49,18,30,1762144546.049000,48,-2,0.982,TRUE,2458,2025-11-03T10:05:47.629575,1762144546.764000,6,26,6,19,1762144546.170250,25,-25,1.003,TRUE,121.250,178534.249,FALSE,FALSE,FALSE,TRUE,FALSE,ECG samples:25
2474,-17343.6,TRUE,2458,2025-11-03T10:05:47.629575,1762144547.650000,18,49,18,30,1762144547.050000,48,-2,1.001,TRUE,2459,2025-11-03T10:05:48.629572,1762144547.765000,6,26,6,19,1762144547.171250,25,-25,1.001,TRUE,121.250,178655.499,FALSE,FALSE,FALSE,TRUE,FALSE,ECG samples:25
2475,-17342.6,TRUE,2459,2025-11-03T10:05:48.629572,1762144548.652000,18,49,18,30,1762144548.052000,49,-1,1.002,TRUE,2460,2025-11-03T10:05:49.629586,1762144548.767000,6,26,6,19,1762144548.173250,25,-25,1.002,TRUE,121.250,178776.749,FALSE,FALSE,FALSE,TRUE,FALSE,ECG samples:25
2476,-17341.6,TRUE,2460,2025-11-03T10:05:49.629586,1762144549.655000,19,50,19,30,1762144549.055000,48,-2,1.003,TRUE,2461,2025-11-03T10:05:50.629569,1762144549.769000,6,26,6,19,1762144549.175250,25,-25,1.002,TRUE,120.250,178896.999,FALSE,FALSE,FALSE,TRUE,FALSE,ECG samples:25
2477,-17340.6,TRUE,2461,2025-11-03T10:05:50.629569,1762144550.657000,18,49,18,30,1762144550.057000,48,-2,1.002,TRUE,2462,2025-11-03T10:05:51.629573,1762144550.771000,6,26,6,19,1762144550.177250,25,-25,1.002,TRUE,120.250,179017.248,FALSE,FALSE,FALSE,TRUE,FALSE,ECG samples:25
2478,-17339.6,TRUE,2462,2025-11-03T10:05:51.629573,1762144551.658000,18,49,18,30,1762144551.058000,48,-2,1.001,TRUE,2463,2025-11-03T10:05:52.629574,1762144551.772000,6,26,6,19,1762144551.178250,25,-25,1.001,TRUE,120.250,179137.498,FALSE,FALSE,FALSE,TRUE,FALSE,ECG samples:25
2479,-17338.6,TRUE,2463,2025-11-03T10:05:52.629574,1762144552.659000,18,49,18,30,1762144552.059000,48,-2,1.001,TRUE,2464,2025-11-03T10:05:53.629572,1762144552.773000,6,26,6,19,1762144552.179250,25,-25,1.001,TRUE,120.250,179257.748,FALSE,FALSE,FALSE,TRUE,FALSE,ECG samples:25
2480,-17337.6,TRUE,2464,2025-11-03T10:05:53.629572,1762144553.661000,18,49,18,30,1762144553.061000,47,-3,1.002,TRUE,2465,2025-11-03T10:05:54.629575,1762144553.776000,6,26,6,19,1762144553.182250,25,-25,1.003,TRUE,121.250,179378.998,FALSE,FALSE,FALSE,TRUE,FALSE,ECG samples:25
2481,-17336.6,TRUE,2465,2025-11-03T10:05:54.629575,1762144554.663000,17,49,17,31,1762144554.043000,49,-1,0.982,TRUE,2466,2025-11-03T10:05:55.629582,1762144554.777000,6,26,6,19,1762144554.183250,25,-25,1.001,TRUE,140.250,179519.248,FALSE,FALSE,FALSE,TRUE,FALSE,ECG samples:25
2482,-17335.6,TRUE,2466,2025-11-03T10:05:55.629582,1762144555.665000,18,49,18,30,1762144555.065000,47,-3,1.022,TRUE,2467,2025-11-03T10:05:56.629570,1762144555.778000,6,26,6,19,1762144555.184250,25,-25,1.001,TRUE,119.250,179638.498,FALSE,FALSE,FALSE,TRUE,FALSE,ECG samples:25
2483,-17334.6,TRUE,2467,2025-11-03T10:05:56.629570,1762144556.666000,17,49,17,31,1762144556.046000,49,-1,0.981,TRUE,2468,2025-11-03T10:05:57.629576,1762144556.780000,6,26,6,19,1762144556.186250,25,-25,1.002,TRUE,140.250,179778.748,FALSE,FALSE,FALSE,TRUE,FALSE,ECG samples:25
2484,-17333.6,TRUE,2468,2025-11-03T10:05:57.629576,1762144557.667000,18,49,18,30,1762144557.067000,48,-2,1.021,TRUE,2469,2025-11-03T10:05:58.629574,1762144557.780000,6,26,6,19,1762144557.186250,25,-25,1.000,TRUE,119.250,179897.998,FALSE,FALSE,FALSE,TRUE,FALSE,ECG samples:25
2485,-17332.6,TRUE,2469,2025-11-03T10:05:58.629574,1762144558.669000,18,49,18,30,1762144558.069000,48,-2,1.002,TRUE,2470,2025-11-03T10:05:59.629577,1762144558.782000,6,26,6,19,1762144558.188250,25,-25,1.002,TRUE,119.250,180017.248,FALSE,FALSE,FALSE,TRUE,FALSE,ECG samples:25
2486,-17331.6,TRUE,2470,2025-11-03T10:05:59.629577,1762144559.670000,18,50,18,31,1762144559.050000,48,-2,0.981,TRUE,2471,2025-11-03T10:06:00.629575,1762144559.783000,6,26,6,19,1762144559.189250,25,-25,1.001,TRUE,139.250,180156.498,FALSE,FALSE,FALSE,TRUE,FALSE,ECG samples:25
2487,-17330.6,TRUE,2471,2025-11-03T10:06:00.629575,1762144560.671000,17,49,17,31,1762144560.051000,49,-1,1.001,TRUE,2472,2025-11-03T10:06:01.629581,1762144560.784000,6,26,6,19,1762144560.190250,25,-25,1.001,TRUE,139.250,180295.748,FALSE,FALSE,FALSE,TRUE,FALSE,ECG samples:25
2488,-17329.6,TRUE,2472,2025-11-03T10:06:01.629581,1762144561.674000,18,49,18,30,1762144561.074000,47,-3,1.023,TRUE,2473,2025-11-03T10:06:02.629570,1762144561.786000,6,26,6,19,1762144561.192250,25,-25,1.002,TRUE,118.250,180413.997,FALSE,FALSE,FALSE,TRUE,FALSE,ECG samples:25
2489,-17328.6,TRUE,2473,2025-11-03T10:06:02.629570,1762144562.675000,17,48,17,30,1762144562.075000,47,-3,1.001,TRUE,2474,2025-11-03T10:06:03.629575,1762144562.787000,6,26,6,19,1762144562.193250,25,-25,1.001,TRUE,118.250,180532.247,FALSE,FALSE,FALSE,TRUE,FALSE,ECG samples:25
2490,-17327.6,TRUE,2474,2025-11-03T10:06:03.629575,1762144563.677000,17,49,17,31,1762144563.057000,48,-2,0.982,TRUE,2475,2025-11-03T10:06:04.629571,1762144563.789000,6,25,6,18,1762144563.226500,24,-26,1.033,TRUE,169.500,180701.747,FALSE,FALSE,FALSE,TRUE,FALSE,ECG samples:24
2491,-17326.6,TRUE,2475,2025-11-03T10:06:04.629571,1762144564.678000,17,50,17,32,1762144564.038000,49,-1,0.981,TRUE,2476,2025-11-03T10:06:05.629576,1762144564.790000,6,26,6,19,1762144564.196250,25,-25,0.970,TRUE,158.250,180859.997,FALSE,FALSE,FALSE,TRUE,FALSE,ECG samples:25
2492,-17325.6,TRUE,2476,2025-11-03T10:06:05.629576,1762144565.680000,17,49,17,31,1762144565.060000,48,-2,1.022,TRUE,2477,2025-11-03T10:06:06.629572,1762144565.791000,6,26,6,19,1762144565.197250,25,-25,1.001,TRUE,137.250,180997.247,FALSE,FALSE,FALSE,TRUE,FALSE,ECG samples:25
2493,-17324.6,TRUE,2477,2025-11-03T10:06:06.629572,1762144566.681000,17,49,17,31,1762144566.061000,48,-2,1.001,TRUE,2478,2025-11-03T10:06:07.629600,1762144566.792000,6,26,6,19,1762144566.198250,25,-25,1.001,TRUE,137.250,181134.497,FALSE,FALSE,FALSE,TRUE,FALSE,ECG samples:25
2494,-17323.6,TRUE,2478,2025-11-03T10:06:07.629600,1762144567.682000,17,49,17,31,1762144567.062000,49,-1,1.001,TRUE,2479,2025-11-03T10:06:08.629581,1762144567.794000,6,26,6,19,1762144567.200250,25,-25,1.002,TRUE,138.250,181272.747,FALSE,FALSE,FALSE,TRUE,FALSE,ECG samples:25
2495,-17322.6,TRUE,2479,2025-11-03T10:06:08.629581,1762144568.684000,18,50,18,31,1762144568.064000,48,-2,1.002,TRUE,2480,2025-11-03T10:06:09.629570,1762144568.795000,6,26,6,19,1762144568.201250,25,-25,1.001,TRUE,137.250,181409.997,FALSE,FALSE,FALSE,TRUE,FALSE,ECG samples:25
2496,-17321.6,TRUE,2480,2025-11-03T10:06:09.629570,1762144569.685000,17,50,17,32,1762144569.045000,49,-1,0.981,TRUE,2481,2025-11-03T10:06:10.629570,1762144569.796000,6,27,6,20,1762144569.171000,25,-25,0.970,TRUE,126.000,181535.997,FALSE,FALSE,FALSE,TRUE,FALSE,ECG samples:25
2497,-17320.5,TRUE,2481,2025-11-03T10:06:10.629570,1762144570.687000,17,48,17,30,1762144570.087000,47,-3,1.042,TRUE,2482,2025-11-03T10:06:11.629567,1762144570.798000,5,26,5,20,1762144570.173000,25,-25,1.002,TRUE,86.000,181621.997,FALSE,FALSE,FALSE,TRUE,FALSE,ECG samples:25
2498,-17319.6,TRUE,2482,2025-11-03T10:06:11.629567,1762144571.688000,17,49,17,31,1762144571.068000,48,-2,0.981,TRUE,2483,2025-11-03T10:06:12.629569,1762144571.799000,5,26,5,20,1762144571.174000,25,-25,1.001,TRUE,106.000,181727.997,FALSE,FALSE,FALSE,TRUE,FALSE,ECG samples:25
2499,-17318.6,TRUE,2483,2025-11-03T10:06:12.629569,1762144572.689000,17,49,17,31,1762144572.069000,48,-2,1.001,TRUE,2484,2025-11-03T10:06:13.629571,1762144572.800000,5,26,5,20,1762144572.175000,25,-25,1.001,TRUE,106.000,181833.997,FALSE,FALSE,FALSE,TRUE,FALSE,ECG samples:25
2500,-17317.6,TRUE,2484,2025-11-03T10:06:13.629571,1762144573.691000,17,50,17,32,1762144573.051000,48,-2,0.982,TRUE,2485,2025-11-03T10:06:14.629575,1762144573.802000,5,26,5,20,1762144573.177000,25,-25,1.002,TRUE,126.000,181959.997,FALSE,FALSE,FALSE,TRUE,FALSE,ECG samples:25
2501,-17316.6,TRUE,2485,2025-11-03T10:06:14.629575,1762144574.693000,16,49,16,32,1762144574.053000,49,-1,1.002,TRUE,2486,2025-11-03T10:06:15.629573,1762144574.803000,5,26,5,20,1762144574.178000,25,-25,1.001,TRUE,125.000,182084.997,FALSE,FALSE,FALSE,TRUE,FALSE,ECG samples:25
2502,-17315.6,TRUE,2486,2025-11-03T10:06:15.629573,1762144575.694000,17,50,17,32,1762144575.054000,49,-1,1.001,TRUE,2487,2025-11-03T10:06:16.629568,1762144575.804000,5,26,5,20,1762144575.179000,25,-25,1.001,TRUE,125.000,182209.997,FALSE,FALSE,FALSE,TRUE,FALSE,ECG samples:25
2503,-17314.5,TRUE,2487,2025-11-03T10:06:16.629568,1762144576.696000,17,48,17,30,1762144576.096000,47,-3,1.042,TRUE,2488,2025-11-03T10:06:17.629573,1762144576.806000,5,26,5,20,1762144576.181000,25,-25,1.002,TRUE,85.000,182294.997,FALSE,FALSE,FALSE,TRUE,FALSE,ECG samples:25
2504,-17313.6,TRUE,2488,2025-11-03T10:06:17.629573,1762144577.698000,17,50,17,32,1762144577.058000,48,-2,0.962,TRUE,2489,2025-11-03T10:06:18.629574,1762144577.807000,5,26,5,20,1762144577.182000,25,-25,1.001,TRUE,124.000,182418.997,FALSE,FALSE,FALSE,TRUE,FALSE,ECG samples:25
2505,-17312.6,TRUE,2489,2025-11-03T10:06:18.629574,1762144578.700000,16,49,16,32,1762144578.060000,48,-2,1.002,TRUE,2490,2025-11-03T10:06:19.629571,1762144578.808000,5,26,5,20,1762144578.183000,25,-25,1.001,TRUE,123.000,182541.997,FALSE,FALSE,FALSE,TRUE,FALSE,ECG samples:25
2506,-17311.6,TRUE,2490,2025-11-03T10:06:19.629571,1762144579.702000,16,49,16,32,1762144579.062000,49,-1,1.002,TRUE,2491,2025-11-03T10:06:20.629576,1762144579.810000,5,26,5,20,1762144579.185000,25,-25,1.002,TRUE,123.000,182664.997,FALSE,FALSE,FALSE,TRUE,FALSE,ECG samples:25
2507,-17310.6,TRUE,2491,2025-11-03T10:06:20.629576,1762144580.704000,17,50,17,32,1762144580.064000,49,-1,1.002,TRUE,2492,2025-11-03T10:06:21.629576,1762144580.811000,5,26,5,20,1762144580.186000,25,-25,1.001,TRUE,122.000,182786.997,FALSE,FALSE,FALSE,TRUE,FALSE,ECG samples:25
2508,-17309.5,TRUE,2492,2025-11-03T10:06:21.629576,1762144581.706000,17,49,17,31,1762144581.086000,47,-3,1.022,TRUE,2493,2025-11-03T10:06:22.629574,1762144581.812000,5,25,5,19,1762144581.218250,24,-26,1.032,TRUE,132.250,182919.247,FALSE,FALSE,FALSE,TRUE,FALSE,ECG samples:24
2509,-17308.6,TRUE,2493,2025-11-03T10:06:22.629574,1762144582.707000,16,49,16,32,1762144582.067000,49,-1,0.981,TRUE,2494,2025-11-03T10:06:23.629576,1762144582.813000,5,26,5,20,1762144582.188000,24,-26,0.970,TRUE,121.000,183040.247,FALSE,FALSE,FALSE,TRUE,FALSE,ECG samples:24
2510,-17307.6,TRUE,2494,2025-11-03T10:06:23.629576,1762144583.708000,17,50,17,32,1762144583.068000,48,-2,1.001,TRUE,2495,2025-11-03T10:06:24.629572,1762144583.815000,4,25,4,20,1762144583.190000,25,-25,1.002,TRUE,122.000,183162.247,FALSE,FALSE,FALSE,TRUE,FALSE,ECG samples:25
2511,-17306.6,TRUE,2495,2025-11-03T10:06:24.629572,1762144584.710000,16,50,16,33,1762144584.050000,49,-1,0.982,TRUE,2496,2025-11-03T10:06:25.629574,1762144584.816000,5,26,5,20,1762144584.191000,25,-25,1.001,TRUE,141.000,183303.247,FALSE,FALSE,FALSE,TRUE,FALSE,ECG samples:25
2512,-17305.6,TRUE,2496,2025-11-03T10:06:25.629574,1762144585.711000,16,49,16,32,1762144585.071000,48,-2,1.021,TRUE,2497,2025-11-03T10:06:26.629575,1762144585.817000,5,26,5,20,1762144585.192000,25,-25,1.001,TRUE,121.000,183424.248,FALSE,FALSE,FALSE,TRUE,FALSE,ECG samples:25
2513,-17304.6,TRUE,2497,2025-11-03T10:06:26.629575,1762144586.713000,16,50,16,33,1762144586.053000,49,-1,0.982,TRUE,2498,2025-11-03T10:06:27.629573,1762144586.818000,5,26,5,20,1762144586.193000,25,-25,1.001,TRUE,140.000,183564.248,FALSE,FALSE,FALSE,TRUE,FALSE,ECG samples:25
2514,-17303.6,TRUE,2498,2025-11-03T10:06:27.629573,1762144587.714000,16,49,16,32,1762144587.074000,48,-2,1.021,TRUE,2499,2025-11-03T10:06:28.629575,1762144587.820000,5,26,5,20,1762144587.195000,25,-25,1.002,TRUE,121.000,183685.248,FALSE,FALSE,FALSE,TRUE,FALSE,ECG samples:25
2515,-17302.6,TRUE,2499,2025-11-03T10:06:28.629575,1762144588.715000,16,49,16,32,1762144588.075000,48,-2,1.001,TRUE,2500,2025-11-03T10:06:29.629575,1762144588.821000,5,26,5,20,1762144588.196000,25,-25,1.001,TRUE,121.000,183806.248,FALSE,FALSE,FALSE,TRUE,FALSE,ECG samples:25
2516,-17301.6,TRUE,2500,2025-11-03T10:06:29.629575,1762144589.717000,16,49,16,32,1762144589.077000,48,-2,1.002,TRUE,2501,2025-11-03T10:06:30.629576,1762144589.822000,5,26,5,20,1762144589.197000,25,-25,1.001,TRUE,120.000,183926.248,FALSE,FALSE,FALSE,TRUE,FALSE,ECG samples:25
2517,-17300.6,TRUE,2501,2025-11-03T10:06:30.629576,1762144590.718000,16,49,16,32,1762144590.078000,48,-2,1.001,TRUE,2502,2025-11-03T10:06:31.629570,1762144590.824000,5,26,5,20,1762144590.199000,25,-25,1.002,TRUE,121.000,184047.248,FALSE,FALSE,FALSE,TRUE,FALSE,ECG samples:25
2518,-17299.6,TRUE,2502,2025-11-03T10:06:31.629570,1762144591.719000,16,49,16,32,1762144591.079000,47,-3,1.001,TRUE,2503,2025-11-03T10:06:32.629574,1762144591.825000,5,26,5,20,1762144591.200000,25,-25,1.001,TRUE,121.000,184168.248,FALSE,FALSE,FALSE,TRUE,FALSE,ECG samples:25
2519,-17298.5,TRUE,2503,2025-11-03T10:06:32.629574,1762144592.721000,15,48,15,32,1762144592.081000,47,-3,1.002,TRUE,2504,2025-11-03T10:06:33.629574,1762144592.826000,5,26,5,20,1762144592.201000,25,-25,1.001,TRUE,120.000,184288.248,FALSE,FALSE,FALSE,TRUE,FALSE,ECG samples:25
2520,-17297.6,TRUE,2504,2025-11-03T10:06:33.629574,1762144593.722000,15,49,15,33,1762144593.062000,48,-2,0.981,TRUE,2505,2025-11-03T10:06:34.629575,1762144593.827000,5,26,5,20,1762144593.202000,25,-25,1.001,TRUE,140.000,184428.248,FALSE,FALSE,FALSE,TRUE,FALSE,ECG samples:25
2521,-17296.6,TRUE,2505,2025-11-03T10:06:34.629575,1762144594.724000,15,49,15,33,1762144594.064000,48,-2,1.002,TRUE,2506,2025-11-03T10:06:35.629568,1762144594.828000,5,26,5,20,1762144594.203000,25,-25,1.001,TRUE,139.000,184567.249,FALSE,FALSE,FALSE,TRUE,FALSE,ECG samples:25
2522,-17295.6,TRUE,2506,2025-11-03T10:06:35.629568,1762144595.725000,15,50,15,34,1762144595.045000,50,+0,0.981,TRUE,2507,2025-11-03T10:06:36.629574,1762144595.830000,5,26,5,20,1762144595.205000,25,-25,1.002,TRUE,160.000,184727.249,FALSE,FALSE,FALSE,TRUE,FALSE,ECG samples:25
2523,-17294.5,TRUE,2507,2025-11-03T10:06:36.629574,1762144596.727000,16,49,16,32,1762144596.087000,48,-2,1.042,TRUE,2508,2025-11-03T10:06:37.629582,1762144596.831000,5,26,5,20,1762144596.206000,25,-25,1.001,TRUE,119.000,184846.249,FALSE,FALSE,FALSE,TRUE,FALSE,ECG samples:25
2524,-17293.5,TRUE,2508,2025-11-03T10:06:37.629582,1762144597.729000,16,49,16,32,1762144597.089000,47,-3,1.002,TRUE,2509,2025-11-03T10:06:38.629563,1762144597.833000,5,26,5,20,1762144597.208000,25,-25,1.002,TRUE,119.000,184965.249,FALSE,FALSE,FALSE,TRUE,FALSE,ECG samples:25
2525,-17292.6,TRUE,2509,2025-11-03T10:06:38.629563,1762144598.630000,15,44,15,28,1762144598.070000,48,-2,0.981,TRUE,2510,2025-11-03T10:06:39.629578,1762144598.734000,5,24,5,18,1762144598.171500,25,-25,0.964,TRUE,101.500,185066.749,FALSE,FALSE,FALSE,TRUE,FALSE,ECG samples:25
2526,-17291.6,TRUE,2510,2025-11-03T10:06:39.629578,1762144599.632000,20,49,20,28,1762144599.072000,48,-2,1.002,TRUE,2511,2025-11-03T10:06:40.629566,1762144599.735000,7,26,7,18,1762144599.172500,25,-25,1.001,TRUE,100.500,185167.248,FALSE,FALSE,FALSE,TRUE,FALSE,ECG samples:25
2527,-17290.5,TRUE,2511,2025-11-03T10:06:40.629566,1762144600.634000,20,47,20,26,1762144600.114000,46,-4,1.042,TRUE,2512,2025-11-03T10:06:41.629567,1762144600.737000,7,26,7,18,1762144600.174500,25,-25,1.002,TRUE,60.500,185227.748,FALSE,FALSE,FALSE,TRUE,FALSE,ECG samples:25
2528,-17289.6,TRUE,2512,2025-11-03T10:06:41.629567,1762144601.635000,20,50,20,29,1762144601.055000,48,-2,0.941,TRUE,2513,2025-11-03T10:06:42.629567,1762144601.738000,7,26,7,18,1762144601.175500,25,-25,1.001,TRUE,120.500,185348.248,FALSE,FALSE,FALSE,TRUE,TRUE,ECG samples:25;ICG interval:0.941s;ECG interval:1.001s
2529,-17288.6,TRUE,2513,2025-11-03T10:06:42.629567,1762144602.637000,19,48,19,28,1762144602.077000,48,-2,1.022,TRUE,2514,2025-11-03T10:06:43.629574,1762144602.740000,7,26,7,18,1762144602.177500,25,-25,1.002,TRUE,100.500,185448.748,FALSE,FALSE,FALSE,TRUE,FALSE,ECG samples:25
2530,-17287.6,TRUE,2514,2025-11-03T10:06:43.629574,1762144603.638000,20,49,20,28,1762144603.078000,48,-2,1.001,TRUE,2515,2025-11-03T10:06:44.629569,1762144603.741000,7,26,7,18,1762144603.178500,25,-25,1.001,TRUE,100.500,185549.248,FALSE,FALSE,FALSE,TRUE,FALSE,ECG samples:25
2531,-17286.5,TRUE,2515,2025-11-03T10:06:44.629569,1762144604.640000,20,49,20,28,1762144604.080000,48,-2,1.002,TRUE,2516,2025-11-03T10:06:45.629574,1762144604.743000,7,26,7,18,1762144604.180500,25,-25,1.002,TRUE,100.500,185649.748,FALSE,FALSE,FALSE,TRUE,FALSE,ECG samples:25
2532,-17285.5,TRUE,2516,2025-11-03T10:06:45.629574,1762144605.641000,20,49,20,28,1762144605.081000,48,-2,1.001,TRUE,2517,2025-11-03T10:06:46.629568,1762144605.743000,7,26,7,18,1762144605.180500,25,-25,1.000,TRUE,99.500,185749.248,FALSE,FALSE,FALSE,TRUE,FALSE,ECG samples:25
2533,-17284.6,TRUE,2517,2025-11-03T10:06:46.629568,1762144606.642000,20,50,20,29,1762144606.062000,49,-1,0.981,TRUE,2518,2025-11-03T10:06:47.629558,1762144606.745000,7,26,7,18,1762144606.182500,25,-25,1.002,TRUE,120.500,185869.748,FALSE,FALSE,FALSE,TRUE,FALSE,ECG samples:25
2534,-17283.5,TRUE,2518,2025-11-03T10:06:47.629558,1762144607.643000,20,48,20,27,1762144607.103000,47,-3,1.041,TRUE,2519,2025-11-03T10:06:48.629566,1762144607.746000,7,26,7,18,1762144607.183500,25,-25,1.001,TRUE,80.500,185950.248,FALSE,FALSE,FALSE,TRUE,FALSE,ECG samples:25
2535,-17282.6,TRUE,2519,2025-11-03T10:06:48.629566,1762144608.645000,20,50,20,29,1762144608.065000,48,-2,0.962,TRUE,2520,2025-11-03T10:06:49.629577,1762144608.747000,7,26,7,18,1762144608.184500,25,-25,1.001,TRUE,119.500,186069.748,FALSE,FALSE,FALSE,TRUE,FALSE,ECG samples:25
2536,-17281.6,TRUE,2520,2025-11-03T10:06:49.629577,1762144609.648000,19,50,19,30,1762144609.048000,49,-1,0.983,TRUE,2521,2025-11-03T10:06:50.629566,1762144609.849000,7,29,7,21,1762144609.192750,25,-25,1.008,TRUE,144.750,186214.498,FALSE,FALSE,FALSE,TRUE,FALSE,ECG samples:25
2537,-17280.6,TRUE,2521,2025-11-03T10:06:50.629566,1762144610.649000,19,49,19,29,1762144610.069000,48,-2,1.021,TRUE,2522,2025-11-03T10:06:51.629574,1762144610.850000,4,26,4,21,1762144610.193750,25,-25,1.001,TRUE,124.750,186339.247,FALSE,FALSE,FALSE,TRUE,FALSE,ECG samples:25
2538,-17279.6,TRUE,2522,2025-11-03T10:06:51.629574,1762144611.651000,19,49,19,29,1762144611.071000,47,-3,1.002,TRUE,2523,2025-11-03T10:06:52.629573,1762144611.852000,4,26,4,21,1762144611.195750,25,-25,1.002,TRUE,124.750,186463.997,FALSE,FALSE,FALSE,TRUE,FALSE,ECG samples:25
2539,-17278.6,TRUE,2523,2025-11-03T10:06:52.629573,1762144612.652000,18,49,18,30,1762144612.052000,49,-1,0.981,TRUE,2524,2025-11-03T10:06:53.629561,1762144612.853000,4,26,4,21,1762144612.196750,25,-25,1.001,TRUE,144.750,186608.747,FALSE,FALSE,FALSE,TRUE,FALSE,ECG samples:25
2540,-17277.6,TRUE,2524,2025-11-03T10:06:53.629561,1762144613.654000,19,49,19,29,1762144613.074000,48,-2,1.022,TRUE,2525,2025-11-03T10:06:54.629567,1762144613.855000,4,26,4,21,1762144613.198750,25,-25,1.002,TRUE,124.750,186733.497,FALSE,FALSE,FALSE,TRUE,FALSE,ECG samples:25
2541,-17276.5,TRUE,2525,2025-11-03T10:06:54.629567,1762144614.656000,19,48,19,28,1762144614.096000,47,-3,1.022,TRUE,2526,2025-11-03T10:06:55.629576,1762144614.757000,4,24,4,19,1762144614.163250,25,-25,0.964,TRUE,67.250,186800.747,FALSE,FALSE,FALSE,TRUE,FALSE,ECG samples:25
2542,-17275.6,TRUE,2526,2025-11-03T10:06:55.629576,1762144615.657000,19,50,19,30,1762144615.057000,48,-2,0.961,TRUE,2527,2025-11-03T10:06:56.629572,1762144615.759000,6,26,6,19,1762144615.165250,25,-25,1.002,TRUE,108.250,186908.997,FALSE,FALSE,FALSE,TRUE,FALSE,ECG samples:25
2543,-17274.6,TRUE,2527,2025-11-03T10:06:56.629572,1762144616.658000,18,48,18,29,1762144616.078000,49,-1,1.021,TRUE,2528,2025-11-03T10:06:57.629564,1762144616.761000,6,26,6,19,1762144616.167250,25,-25,1.002,TRUE,89.250,186998.247,FALSE,FALSE,FALSE,TRUE,FALSE,ECG samples:25
2544,-17273.6,TRUE,2528,2025-11-03T10:06:57.629564,1762144617.659000,20,50,20,29,1762144617.079000,48,-2,1.001,TRUE,2529,2025-11-03T10:06:58.629566,1762144617.763000,6,26,6,19,1762144617.169250,25,-25,1.002,TRUE,90.250,187088.497,FALSE,FALSE,FALSE,TRUE,FALSE,ECG samples:25
2545,-17272.5,TRUE,2529,2025-11-03T10:06:58.629566,1762144618.661000,19,49,19,29,1762144618.081000,48,-2,1.002,TRUE,2530,2025-11-03T10:06:59.629572,1762144618.764000,6,26,6,19,1762144618.170250,25,-25,1.001,TRUE,89.250,187177.747,FALSE,FALSE,FALSE,TRUE,FALSE,ECG samples:25
2546,-17271.5,TRUE,2530,2025-11-03T10:06:59.629572,1762144619.662000,19,49,19,29,1762144619.082000,48,-2,1.001,TRUE,2531,2025-11-03T10:07:00.629566,1762144619.766000,6,26,6,19,1762144619.172250,25,-25,1.002,TRUE,90.250,187267.997,FALSE,FALSE,FALSE,TRUE,FALSE,ECG samples:25
2547,-17270.5,TRUE,2531,2025-11-03T10:07:00.629566,1762144620.663000,19,49,19,29,1762144620.083000,48,-2,1.001,TRUE,2532,2025-11-03T10:07:01.629577,1762144620.767000,6,26,6,19,1762144620.173250,25,-25,1.001,TRUE,90.250,187358.247,FALSE,FALSE,FALSE,TRUE,FALSE,ECG samples:25
2548,-17269.6,TRUE,2532,2025-11-03T10:07:01.629577,1762144621.665000,19,50,19,30,1762144621.065000,49,-1,0.982,TRUE,2533,2025-11-03T10:07:02.629562,1762144621.768000,6,26,6,19,1762144621.174250,25,-25,1.001,TRUE,109.250,187467.496,FALSE,FALSE,FALSE,TRUE,FALSE,ECG samples:25
2549,-17268.5,TRUE,2533,2025-11-03T10:07:02.629562,1762144622.668000,19,49,19,29,1762144622.088000,48,-2,1.023,TRUE,2534,2025-11-03T10:07:03.629576,1762144622.769000,6,26,6,19,1762144622.175250,26,-24,1.001,TRUE,87.250,187554.746,FALSE,FALSE,FALSE,TRUE,FALSE,ECG samples:26
2550,-17267.6,TRUE,2534,2025-11-03T10:07:03.629576,1762144623.670000,19,50,19,30,1762144623.070000,48,-2,0.982,TRUE,2535,2025-11-03T10:07:04.629567,1762144623.772000,7,26,7,18,1762144623.209500,25,-25,1.034,TRUE,139.500,187694.246,FALSE,FALSE,FALSE,TRUE,FALSE,ECG samples:25
2551,-17266.6,TRUE,2535,2025-11-03T10:07:04.629567,1762144624.672000,18,49,18,30,1762144624.072000,48,-2,1.002,TRUE,2536,2025-11-03T10:07:05.629566,1762144624.773000,7,26,7,18,1762144624.210500,25,-25,1.001,TRUE,138.500,187832.746,FALSE,FALSE,FALSE,TRUE,FALSE,ECG samples:25
2552,-17265.5,TRUE,2536,2025-11-03T10:07:05.629566,1762144625.673000,18,48,18,29,1762144625.093000,47,-3,1.021,TRUE,2537,2025-11-03T10:07:06.629567,1762144625.875000,7,29,7,21,1762144625.218750,25,-25,1.008,TRUE,125.750,187958.496,FALSE,FALSE,FALSE,TRUE,FALSE,ECG samples:25
2553,-17264.6,TRUE,2537,2025-11-03T10:07:06.629567,1762144626.676000,18,49,18,30,1762144626.076000,49,-1,0.983,TRUE,2538,2025-11-03T10:07:07.629577,1762144626.877000,4,26,4,21,1762144626.220750,24,-26,1.002,TRUE,144.750,188103.246,FALSE,FALSE,FALSE,TRUE,FALSE,ECG samples:24
2554,-17263.6,TRUE,2538,2025-11-03T10:07:07.629577,1762144627.678000,19,50,19,30,1762144627.078000,49,-1,1.002,TRUE,2539,2025-11-03T10:07:08.629562,1762144627.879000,3,24,3,20,1762144627.254000,24,-26,1.033,TRUE,176.000,188279.246,FALSE,FALSE,FALSE,TRUE,FALSE,ECG samples:24
2555,-17262.5,TRUE,2539,2025-11-03T10:07:08.629562,1762144628.681000,19,50,19,30,1762144628.081000,48,-2,1.003,TRUE,2540,2025-11-03T10:07:09.629559,1762144628.882000,4,26,4,21,1762144628.225750,25,-25,0.972,TRUE,144.750,188423.996,FALSE,FALSE,FALSE,TRUE,FALSE,ECG samples:25
2556,-17261.6,TRUE,2540,2025-11-03T10:07:09.629559,1762144629.684000,18,50,18,31,1762144629.064000,49,-1,0.983,TRUE,2541,2025-11-03T10:07:10.629556,1762144629.883000,4,26,4,21,1762144629.226750,25,-25,1.001,TRUE,162.750,188586.746,FALSE,FALSE,FALSE,TRUE,FALSE,ECG samples:25
2557,-17260.5,TRUE,2541,2025-11-03T10:07:10.629556,1762144630.686000,18,49,18,30,1762144630.086000,48,-2,1.022,TRUE,2542,2025-11-03T10:07:11.629570,1762144630.884000,4,26,4,21,1762144630.227750,25,-25,1.001,TRUE,141.750,188728.495,FALSE,FALSE,FALSE,TRUE,FALSE,ECG samples:25
2558,-17259.5,TRUE,2542,2025-11-03T10:07:11.629570,1762144631.688000,18,49,18,30,1762144631.088000,47,-3,1.002,TRUE,2543,2025-11-03T10:07:12.629562,1762144631.886000,4,26,4,21,1762144631.229750,25,-25,1.002,TRUE,141.750,188870.245,FALSE,FALSE,FALSE,TRUE,FALSE,ECG samples:25
2559,-17258.6,TRUE,2543,2025-11-03T10:07:12.629562,1762144632.690000,17,49,17,31,1762144632.070000,48,-2,0.982,TRUE,2544,2025-11-03T10:07:13.629580,1762144632.887000,4,26,4,21,1762144632.230750,25,-25,1.001,TRUE,160.750,189030.995,FALSE,FALSE,FALSE,TRUE,FALSE,ECG samples:25
2560,-17257.5,TRUE,2544,2025-11-03T10:07:13.629580,1762144633.692000,17,48,17,30,1762144633.092000,47,-3,1.022,TRUE,2545,2025-11-03T10:07:14.629563,1762144633.889000,4,26,4,21,1762144633.232750,25,-25,1.002,TRUE,140.750,189171.745,FALSE,FALSE,FALSE,TRUE,FALSE,ECG samples:25
2561,-17256.6,TRUE,2545,2025-11-03T10:07:14.629563,1762144634.694000,17,49,17,31,1762144634.074000,47,-3,0.982,TRUE,2546,2025-11-03T10:07:15.629571,1762144634.890000,4,26,4,21,1762144634.233750,25,-25,1.001,TRUE,159.750,189331.495,FALSE,FALSE,FALSE,TRUE,FALSE,ECG samples:25
2562,-17255.6,TRUE,2546,2025-11-03T10:07:15.629571,1762144635.697000,16,48,16,31,1762144635.077000,49,-1,1.003,TRUE,2547,2025-11-03T10:07:16.629562,1762144635.891000,4,26,4,21,1762144635.234750,25,-25,1.001,TRUE,157.750,189489.245,FALSE,FALSE,FALSE,TRUE,FALSE,ECG samples:25
2563,-17254.6,TRUE,2547,2025-11-03T10:07:16.629562,1762144636.699000,18,50,18,31,1762144636.079000,49,-1,1.002,TRUE,2548,2025-11-03T10:07:17.629558,1762144636.893000,4,26,4,21,1762144636.236750,25,-25,1.002,TRUE,157.750,189646.995,FALSE,FALSE,FALSE,TRUE,FALSE,ECG samples:25
2564,-17253.5,TRUE,2548,2025-11-03T10:07:17.629558,1762144637.700000,18,49,18,30,1762144637.100000,47,-3,1.021,TRUE,2549,2025-11-03T10:07:18.629566,1762144637.895000,4,26,4,21,1762144637.238750,25,-25,1.002,TRUE,138.750,189785.745,FALSE,FALSE,FALSE,TRUE,FALSE,ECG samples:25
2565,-17252.5,TRUE,2549,2025-11-03T10:07:18.629566,1762144638.703000,17,49,17,31,1762144638.083000,49,-1,0.983,TRUE,2550,2025-11-03T10:07:19.629580,1762144638.896000,4,26,4,21,1762144638.239750,25,-25,1.001,TRUE,156.750,189942.494,FALSE,FALSE,FALSE,TRUE,FALSE,ECG samples:25
2566,-17251.5,TRUE,2550,2025-11-03T10:07:19.629580,1762144639.704000,18,50,18,31,1762144639.084000,48,-2,1.001,TRUE,2551,2025-11-03T10:07:20.629578,1762144639.898000,4,26,4,21,1762144639.241750,25,-25,1.002,TRUE,157.750,190100.244,FALSE,FALSE,FALSE,TRUE,FALSE,ECG samples:25
2567,-17250.5,TRUE,2551,2025-11-03T10:07:20.629578,1762144640.706000,17,49,17,31,1762144640.086000,48,-2,1.002,TRUE,2552,2025-11-03T10:07:21.629568,1762144640.899000,4,26,4,21,1762144640.242750,25,-25,1.001,TRUE,156.750,190256.994,FALSE,FALSE,FALSE,TRUE,FALSE,ECG samples:25
2568,-17249.5,TRUE,2552,2025-11-03T10:07:21.629568,1762144641.710000,17,49,17,31,1762144641.090000,49,-1,1.004,TRUE,2553,2025-11-03T10:07:22.629567,1762144641.900000,4,26,4,21,1762144641.243750,25,-25,1.001,TRUE,153.750,190410.744,FALSE,FALSE,FALSE,TRUE,FALSE,ECG samples:25
2569,-17248.5,TRUE,2553,2025-11-03T10:07:22.629567,1762144642.711000,18,50,18,31,1762144642.091000,48,-2,1.001,TRUE,2554,2025-11-03T10:07:23.629560,1762144642.902000,4,26,4,21,1762144642.245750,25,-25,1.002,TRUE,154.750,190565.494,FALSE,FALSE,FALSE,TRUE,FALSE,ECG samples:25
2570,-17247.5,TRUE,2554,2025-11-03T10:07:23.629560,1762144643.714000,17,49,17,31,1762144643.094000,47,-3,1.003,TRUE,2555,2025-11-03T10:07:24.629563,1762144643.903000,4,26,4,21,1762144643.246750,25,-25,1.001,TRUE,152.750,190718.244,FALSE,FALSE,FALSE,TRUE,FALSE,ECG samples:25
2571,-17246.6,TRUE,2555,2025-11-03T10:07:24.629563,1762144644.715000,16,49,16,32,1762144644.075000,49,-1,0.981,TRUE,2556,2025-11-03T10:07:25.629564,1762144644.905000,4,26,4,21,1762144644.248750,25,-25,1.002,TRUE,173.750,190891.994,FALSE,FALSE,FALSE,TRUE,FALSE,ECG samples:25
2572,-17245.5,TRUE,2556,2025-11-03T10:07:25.629564,1762144645.716000,17,49,17,31,1762144645.096000,47,-3,1.021,TRUE,2557,2025-11-03T10:07:26.629561,1762144645.907000,4,26,4,21,1762144645.250750,25,-25,1.002,TRUE,154.750,191046.744,FALSE,FALSE,FALSE,TRUE,FALSE,ECG samples:25
2573,-17244.6,TRUE,2557,2025-11-03T10:07:26.629561,1762144646.718000,16,49,16,32,1762144646.078000,48,-2,0.982,TRUE,2558,2025-11-03T10:07:27.629564,1762144646.909000,4,26,4,21,1762144646.252750,25,-25,1.002,TRUE,174.750,191221.494,FALSE,FALSE,FALSE,TRUE,FALSE,ECG samples:25
2574,-17243.5,TRUE,2558,2025-11-03T10:07:27.629564,1762144647.719000,16,48,16,31,1762144647.099000,47,-3,1.021,TRUE,2559,2025-11-03T10:07:28.629565,1762144647.911000,4,27,4,22,1762144647.223500,25,-25,0.971,TRUE,124.500,191345.994,FALSE,FALSE,FALSE,TRUE,FALSE,ECG samples:25
2575,-17242.5,TRUE,2559,2025-11-03T10:07:28.629565,1762144648.721000,16,49,16,32,1762144648.081000,49,-1,0.982,TRUE,2560,2025-11-03T10:07:29.629565,1762144648.913000,3,26,3,22,1762144648.225500,25,-25,1.002,TRUE,144.500,191490.494,FALSE,FALSE,FALSE,TRUE,FALSE,ECG samples:25
2576,-17241.5,TRUE,2560,2025-11-03T10:07:29.629565,1762144649.722000,17,50,17,32,1762144649.082000,48,-2,1.001,TRUE,2561,2025-11-03T10:07:30.629551,1762144649.915000,3,26,3,22,1762144649.227500,25,-25,1.002,TRUE,145.500,191635.994,FALSE,FALSE,FALSE,TRUE,FALSE,ECG samples:25
2577,-17240.5,TRUE,2561,2025-11-03T10:07:30.629551,1762144650.724000,16,49,16,32,1762144650.084000,48,-2,1.002,TRUE,2562,2025-11-03T10:07:31.629569,1762144650.917000,3,26,3,22,1762144650.229500,25,-25,1.002,TRUE,145.500,191781.494,FALSE,FALSE,FALSE,TRUE,FALSE,ECG samples:25
2578,-17239.5,TRUE,2562,2025-11-03T10:07:31.629569,1762144651.725000,16,49,16,32,1762144651.085000,49,-1,1.001,TRUE,2563,2025-11-03T10:07:32.629551,1762144651.918000,3,26,3,22,1762144651.230500,25,-25,1.001,TRUE,145.500,191926.995,FALSE,FALSE,FALSE,TRUE,FALSE,ECG samples:25
2579,-17238.5,TRUE,2563,2025-11-03T10:07:32.629551,1762144652.727000,17,50,17,32,1762144652.087000,48,-2,1.002,TRUE,2564,2025-11-03T10:07:33.629556,1762144652.920000,3,26,3,22,1762144652.232500,25,-25,1.002,TRUE,145.500,192072.495,FALSE,FALSE,FALSE,TRUE,FALSE,ECG samples:25
2580,-17237.6,TRUE,2564,2025-11-03T10:07:33.629556,1762144653.728000,16,50,16,33,1762144653.068000,49,-1,0.981,TRUE,2565,2025-11-03T10:07:34.629554,1762144653.921000,3,26,3,22,1762144653.233500,25,-25,1.001,TRUE,165.500,192237.995,FALSE,FALSE,FALSE,TRUE,FALSE,ECG samples:25
2581,-17236.6,TRUE,2565,2025-11-03T10:07:34.629554,1762144654.630000,16,45,16,28,1762144654.070000,49,-1,1.002,TRUE,2566,2025-11-03T10:07:35.629570,1762144654.823000,3,23,3,19,1762144654.229250,25,-25,0.996,TRUE,159.250,192397.245,FALSE,FALSE,FALSE,TRUE,FALSE,ECG samples:25
2582,-17235.5,TRUE,2566,2025-11-03T10:07:35.629570,1762144655.632000,21,49,21,27,1762144655.092000,48,-2,1.022,TRUE,2567,2025-11-03T10:07:36.629567,1762144655.824000,6,26,6,19,1762144655.230250,25,-25,1.001,TRUE,138.250,192535.495,FALSE,FALSE,FALSE,TRUE,FALSE,ECG samples:25
2583,-17234.5,TRUE,2567,2025-11-03T10:07:36.629567,1762144656.634000,21,48,21,26,1762144656.114000,47,-3,1.022,TRUE,2568,2025-11-03T10:07:37.629576,1762144656.825000,6,26,6,19,1762144656.231250,25,-25,1.001,TRUE,117.250,192652.745,FALSE,FALSE,FALSE,TRUE,FALSE,ECG samples:25
2584,-17233.6,TRUE,2568,2025-11-03T10:07:37.629576,1762144657.636000,21,50,21,28,1762144657.076000,49,-1,0.962,TRUE,2569,2025-11-03T10:07:38.629570,1762144657.827000,6,26,6,19,1762144657.233250,25,-25,1.002,TRUE,157.250,192809.994,FALSE,FALSE,FALSE,TRUE,FALSE,ECG samples:25
2585,-17232.6,TRUE,2569,2025-11-03T10:07:38.629570,1762144658.637000,21,50,21,28,1762144658.077000,49,-1,1.001,TRUE,2570,2025-11-03T10:07:39.629580,1762144658.829000,6,27,6,20,1762144658.204000,25,-25,0.971,TRUE,127.000,192936.994,FALSE,FALSE,FALSE,TRUE,FALSE,ECG samples:25
2586,-17231.5,TRUE,2570,2025-11-03T10:07:39.629580,1762144659.639000,21,49,21,27,1762144659.099000,47,-3,1.022,TRUE,2571,2025-11-03T10:07:40.629577,1762144659.832000,5,26,5,20,1762144659.207000,25,-25,1.003,TRUE,108.000,193044.994,FALSE,FALSE,FALSE,TRUE,FALSE,ECG samples:25
2587,-17230.5,TRUE,2571,2025-11-03T10:07:40.629577,1762144660.641000,20,49,20,28,1762144660.081000,49,-1,0.982,TRUE,2572,2025-11-03T10:07:41.629577,1762144660.833000,5,26,5,20,1762144660.208000,25,-25,1.001,TRUE,127.000,193171.994,FALSE,FALSE,FALSE,TRUE,FALSE,ECG samples:25
2588,-17229.5,TRUE,2572,2025-11-03T10:07:41.629577,1762144661.643000,21,50,21,28,1762144661.083000,48,-2,1.002,TRUE,2573,2025-11-03T10:07:42.629574,1762144661.835000,5,26,5,20,1762144661.210000,25,-25,1.002,TRUE,127.000,193298.994,FALSE,FALSE,FALSE,TRUE,FALSE,ECG samples:25
2589,-17228.5,TRUE,2573,2025-11-03T10:07:42.629574,1762144662.644000,20,49,20,28,1762144662.084000,49,-1,1.001,TRUE,2574,2025-11-03T10:07:43.629578,1762144662.836000,5,26,5,20,1762144662.211000,25,-25,1.001,TRUE,127.000,193425.994,FALSE,FALSE,FALSE,TRUE,FALSE,ECG samples:25
2590,-17227.5,TRUE,2574,2025-11-03T10:07:43.629578,1762144663.646000,21,49,21,27,1762144663.106000,48,-2,1.022,TRUE,2575,2025-11-03T10:07:44.629572,1762144663.838000,5,26,5,20,1762144663.213000,25,-25,1.002,TRUE,107.000,193532.994,FALSE,FALSE,FALSE,TRUE,FALSE,ECG samples:25
2591,-17226.5,TRUE,2575,2025-11-03T10:07:44.629572,1762144664.647000,21,50,21,28,1762144664.087000,48,-2,0.981,TRUE,2576,2025-11-03T10:07:45.629573,1762144664.840000,5,26,5,20,1762144664.215000,25,-25,1.002,TRUE,128.000,193660.994,FALSE,FALSE,FALSE,TRUE,FALSE,ECG samples:25
2592,-17225.5,TRUE,2576,2025-11-03T10:07:45.629573,1762144665.650000,20,49,20,28,1762144665.090000,48,-2,1.003,TRUE,2577,2025-11-03T10:07:46.629578,1762144665.841000,5,26,5,20,1762144665.216000,25,-25,1.001,TRUE,126.000,193786.994,FALSE,FALSE,FALSE,TRUE,FALSE,ECG samples:25
2593,-17224.5,TRUE,2577,2025-11-03T10:07:46.629578,1762144666.652000,20,49,20,28,1762144666.092000,48,-2,1.002,TRUE,2578,2025-11-03T10:07:47.629579,1762144666.842000,5,26,5,20,1762144666.217000,25,-25,1.001,TRUE,125.000,193911.994,FALSE,FALSE,FALSE,TRUE,FALSE,ECG samples:25
2594,-17223.5,TRUE,2578,2025-11-03T10:07:47.629579,1762144667.654000,20,49,20,28,1762144667.094000,48,-2,1.002,TRUE,2579,2025-11-03T10:07:48.629572,1762144667.843000,5,26,5,20,1762144667.218000,25,-25,1.001,TRUE,124.000,194035.994,FALSE,FALSE,FALSE,TRUE,FALSE,ECG samples:25
2595,-17222.5,TRUE,2579,2025-11-03T10:07:48.629572,1762144668.656000,20,49,20,28,1762144668.096000,48,-2,1.002,TRUE,2580,2025-11-03T10:07:49.629574,1762144668.844000,5,26,5,20,1762144668.219000,25,-25,1.001,TRUE,123.000,194158.994,FALSE,FALSE,FALSE,TRUE,FALSE,ECG samples:25
2596,-17221.5,TRUE,2580,2025-11-03T10:07:49.629574,1762144669.659000,20,49,20,28,1762144669.099000,47,-3,1.003,TRUE,2581,2025-11-03T10:07:50.629569,1762144669.846000,5,26,5,20,1762144669.221000,25,-25,1.002,TRUE,122.000,194280.994,FALSE,FALSE,FALSE,TRUE,FALSE,ECG samples:25
2597,-17220.5,TRUE,2581,2025-11-03T10:07:50.629569,1762144670.661000,19,49,19,29,1762144670.081000,48,-2,0.982,TRUE,2582,2025-11-03T10:07:51.629568,1762144670.849000,5,26,5,20,1762144670.224000,25,-25,1.003,TRUE,143.000,194423.994,FALSE,FALSE,FALSE,TRUE,FALSE,ECG samples:25
2598,-17219.5,TRUE,2582,2025-11-03T10:07:51.629568,1762144671.663000,19,49,19,29,1762144671.083000,49,-1,1.002,TRUE,2583,2025-11-03T10:07:52.629560,1762144671.850000,5,26,5,20,1762144671.225000,25,-25,1.001,TRUE,142.000,194565.994,FALSE,FALSE,FALSE,TRUE,FALSE,ECG samples:25
2599,-17218.5,TRUE,2583,2025-11-03T10:07:52.629560,1762144672.665000,20,49,20,28,1762144672.105000,48,-2,1.022,TRUE,2584,2025-11-03T10:07:53.629564,1762144672.852000,5,26,5,20,1762144672.227000,25,-25,1.002,TRUE,122.000,194687.994,FALSE,FALSE,FALSE,TRUE,FALSE,ECG samples:25
2600,-17217.5,TRUE,2584,2025-11-03T10:07:53.629564,1762144673.667000,20,49,20,28,1762144673.107000,47,-3,1.002,TRUE,2585,2025-11-03T10:07:54.629560,1762144673.854000,5,26,5,20,1762144673.229000,25,-25,1.002,TRUE,122.000,194809.994,FALSE,FALSE,FALSE,TRUE,FALSE,ECG samples:25
2601,-17216.5,TRUE,2585,2025-11-03T10:07:54.629560,1762144674.669000,19,49,19,29,1762144674.089000,48,-2,0.982,TRUE,2586,2025-11-03T10:07:55.629576,1762144674.855000,5,26,5,20,1762144674.230000,25,-25,1.001,TRUE,141.000,194950.994,FALSE,FALSE,FALSE,TRUE,FALSE,ECG samples:25
2602,-17215.5,TRUE,2586,2025-11-03T10:07:55.629576,1762144675.671000,19,49,19,29,1762144675.091000,49,-1,1.002,TRUE,2587,2025-11-03T10:07:56.629570,1762144675.857000,5,26,5,20,1762144675.232000,25,-25,1.002,TRUE,141.000,195091.994,FALSE,FALSE,FALSE,TRUE,FALSE,ECG samples:25
2603,-17214.5,TRUE,2587,2025-11-03T10:07:56.629570,1762144676.672000,20,49,20,28,1762144676.112000,48,-2,1.021,TRUE,2588,2025-11-03T10:07:57.629602,1762144676.858000,5,26,5,20,1762144676.233000,25,-25,1.001,TRUE,121.000,195212.994,FALSE,FALSE,FALSE,TRUE,FALSE,ECG samples:25
2604,-17213.5,TRUE,2588,2025-11-03T10:07:57.629602,1762144677.673000,20,50,20,29,1762144677.093000,49,-1,0.981,TRUE,2589,2025-11-03T10:07:58.629572,1762144677.859000,5,26,5,20,1762144677.234000,25,-25,1.001,TRUE,141.000,195353.993,FALSE,FALSE,FALSE,TRUE,FALSE,ECG samples:25
2605,-17212.5,TRUE,2589,2025-11-03T10:07:58.629572,1762144678.674000,20,50,20,29,1762144678.094000,48,-2,1.001,TRUE,2590,2025-11-03T10:07:59.629573,1762144678.861000,5,25,5,19,1762144678.267250,24,-26,1.033,TRUE,173.250,195527.243,FALSE,FALSE,FALSE,TRUE,FALSE,ECG samples:24
2606,-17211.5,TRUE,2590,2025-11-03T10:07:59.629573,1762144679.676000,19,48,19,28,1762144679.116000,46,-4,1.022,TRUE,2591,2025-11-03T10:08:00.629573,1762144679.862000,5,26,5,20,1762144679.237000,25,-25,0.970,TRUE,121.000,195648.243,FALSE,FALSE,FALSE,TRUE,FALSE,ECG samples:25
2607,-17210.5,TRUE,2591,2025-11-03T10:08:00.629573,1762144680.677000,18,48,18,29,1762144680.097000,48,-2,0.981,TRUE,2592,2025-11-03T10:08:01.629565,1762144680.863000,5,26,5,20,1762144680.238000,25,-25,1.001,TRUE,141.000,195789.243,FALSE,FALSE,FALSE,TRUE,FALSE,ECG samples:25
2608,-17209.5,TRUE,2592,2025-11-03T10:08:01.629565,1762144681.679000,19,49,19,29,1762144681.099000,49,-1,1.002,TRUE,2593,2025-11-03T10:08:02.629572,1762144681.864000,5,26,5,20,1762144681.239000,25,-25,1.001,TRUE,140.000,195929.243,FALSE,FALSE,FALSE,TRUE,FALSE,ECG samples:25
2609,-17208.5,TRUE,2593,2025-11-03T10:08:02.629572,1762144682.681000,20,50,20,29,1762144682.101000,47,-3,1.002,TRUE,2594,2025-11-03T10:08:03.629566,1762144682.866000,5,26,5,20,1762144682.241000,25,-25,1.002,TRUE,140.000,196069.243,FALSE,FALSE,FALSE,TRUE,FALSE,ECG samples:25
2610,-17207.5,TRUE,2594,2025-11-03T10:08:03.629566,1762144683.682000,18,48,18,29,1762144683.102000,48,-2,1.001,TRUE,2595,2025-11-03T10:08:04.629567,1762144683.867000,5,27,5,21,1762144683.210750,25,-25,0.970,TRUE,108.750,196177.993,FALSE,FALSE,FALSE,TRUE,FALSE,ECG samples:25
2611,-17206.5,TRUE,2595,2025-11-03T10:08:04.629567,1762144684.684000,19,49,19,29,1762144684.104000,48,-2,1.002,TRUE,2596,2025-11-03T10:08:05.629571,1762144684.869000,4,26,4,21,1762144684.212750,25,-25,1.002,TRUE,108.750,196286.743,FALSE,FALSE,FALSE,TRUE,FALSE,ECG samples:25
2612,-17205.5,TRUE,2596,2025-11-03T10:08:05.629571,1762144685.685000,19,49,19,29,1762144685.105000,47,-3,1.001,TRUE,2597,2025-11-03T10:08:06.629566,1762144685.870000,4,26,4,21,1762144685.213750,25,-25,1.001,TRUE,108.750,196395.493,FALSE,FALSE,FALSE,TRUE,FALSE,ECG samples:25
2613,-17204.5,TRUE,2597,2025-11-03T10:08:06.629566,1762144686.687000,18,49,18,30,1762144686.087000,48,-2,0.982,TRUE,2598,2025-11-03T10:08:07.629583,1762144686.872000,4,26,4,21,1762144686.215750,25,-25,1.002,TRUE,128.750,196524.243,FALSE,FALSE,FALSE,TRUE,FALSE,ECG samples:25
2614,-17203.5,TRUE,2598,2025-11-03T10:08:07.629583,1762144687.688000,18,49,18,30,1762144687.088000,49,-1,1.001,TRUE,2599,2025-11-03T10:08:08.629570,1762144687.873000,4,26,4,21,1762144687.216750,25,-25,1.001,TRUE,128.750,196652.992,FALSE,FALSE,FALSE,TRUE,FALSE,ECG samples:25
2615,-17202.5,TRUE,2599,2025-11-03T10:08:08.629570,1762144688.690000,19,49,19,29,1762144688.110000,48,-2,1.022,TRUE,2600,2025-11-03T10:08:09.629646,1762144688.875000,4,26,4,21,1762144688.218750,25,-25,1.002,TRUE,108.750,196761.742,FALSE,FALSE,FALSE,TRUE,FALSE,ECG samples:25
2616,-17201.5,TRUE,2600,2025-11-03T10:08:09.629646,1762144689.691000,19,49,19,29,1762144689.111000,48,-2,1.001,TRUE,2601,2025-11-03T10:08:10.629569,1762144689.876000,4,26,4,21,1762144689.219750,25,-25,1.001,TRUE,108.750,196870.492,FALSE,FALSE,FALSE,TRUE,FALSE,ECG samples:25
2617,-17200.5,TRUE,2601,2025-11-03T10:08:10.629569,1762144690.692000,19,50,19,30,1762144690.092000,49,-1,0.981,TRUE,2602,2025-11-03T10:08:11.629571,1762144690.878000,4,26,4,21,1762144690.221750,25,-25,1.002,TRUE,129.750,197000.242,FALSE,FALSE,FALSE,TRUE,FALSE,ECG samples:25
2618,-17199.5,TRUE,2602,2025-11-03T10:08:11.629571,1762144691.694000,19,49,19,29,1762144691.114000,48,-2,1.022,TRUE,2603,2025-11-03T10:08:12.629575,1762144691.880000,4,26,4,21,1762144691.223750,25,-25,1.002,TRUE,109.750,197109.992,FALSE,FALSE,FALSE,TRUE,FALSE,ECG samples:25
2619,-17198.5,TRUE,2603,2025-11-03T10:08:12.629575,1762144692.695000,19,50,19,30,1762144692.095000,49,-1,0.981,TRUE,2604,2025-11-03T10:08:13.629578,1762144692.881000,4,26,4,21,1762144692.224750,25,-25,1.001,TRUE,129.750,197239.742,FALSE,FALSE,FALSE,TRUE,FALSE,ECG samples:25
2620,-17197.5,TRUE,2604,2025-11-03T10:08:13.629578,1762144693.696000,19,50,19,30,1762144693.096000,49,-1,1.001,TRUE,2605,2025-11-03T10:08:14.629575,1762144693.883000,4,26,4,21,1762144693.226750,25,-25,1.002,TRUE,130.750,197370.492,FALSE,FALSE,FALSE,TRUE,FALSE,ECG samples:25
2621,-17196.5,TRUE,2605,2025-11-03T10:08:14.629575,1762144694.698000,19,50,19,30,1762144694.098000,48,-2,1.002,TRUE,2606,2025-11-03T10:08:15.629579,1762144694.884000,4,26,4,21,1762144694.227750,25,-25,1.001,TRUE,129.750,197500.242,FALSE,FALSE,FALSE,TRUE,FALSE,ECG samples:25
2622,-17195.5,TRUE,2606,2025-11-03T10:08:15.629579,1762144695.699000,18,49,18,30,1762144695.099000,48,-2,1.001,TRUE,2607,2025-11-03T10:08:16.629590,1762144695.886000,4,26,4,21,1762144695.229750,25,-25,1.002,TRUE,130.750,197630.992,FALSE,FALSE,FALSE,TRUE,FALSE,ECG samples:25
2623,-17194.5,TRUE,2607,2025-11-03T10:08:16.629590,1762144696.701000,18,49,18,30,1762144696.101000,49,-1,1.002,TRUE,2608,2025-11-03T10:08:17.629638,1762144696.887000,4,26,4,21,1762144696.230750,25,-25,1.001,TRUE,129.750,197760.742,FALSE,FALSE,FALSE,TRUE,FALSE,ECG samples:25
2624,-17193.5,TRUE,2608,2025-11-03T10:08:17.629638,1762144697.702000,19,50,19,30,1762144697.102000,48,-2,1.001,TRUE,2609,2025-11-03T10:08:18.629566,1762144697.889000,4,26,4,21,1762144697.232750,25,-25,1.002,TRUE,130.750,197891.492,FALSE,FALSE,FALSE,TRUE,FALSE,ECG samples:25
2625,-17192.5,TRUE,2609,2025-11-03T10:08:18.629566,1762144698.703000,18,50,18,31,1762144698.083000,50,+0,0.981,TRUE,2610,2025-11-03T10:08:19.629580,1762144698.890000,4,26,4,21,1762144698.233750,25,-25,1.001,TRUE,150.750,198042.242,FALSE,FALSE,FALSE,TRUE,FALSE,ECG samples:25
2626,-17191.5,TRUE,2610,2025-11-03T10:08:19.629580,1762144699.705000,19,49,19,29,1762144699.125000,47,-3,1.042,TRUE,2611,2025-11-03T10:08:20.629574,1762144699.892000,4,26,4,21,1762144699.235750,25,-25,1.002,TRUE,110.750,198152.992,FALSE,FALSE,FALSE,TRUE,FALSE,ECG samples:25
2627,-17190.5,TRUE,2611,2025-11-03T10:08:20.629574,1762144700.707000,18,50,18,31,1762144700.087000,49,-1,0.962,TRUE,2612,2025-11-03T10:08:21.629572,1762144700.893000,4,26,4,21,1762144700.236750,25,-25,1.001,TRUE,149.750,198302.742,FALSE,FALSE,FALSE,TRUE,FALSE,ECG samples:25
2628,-17189.5,TRUE,2612,2025-11-03T10:08:21.629572,1762144701.708000,18,49,18,30,1762144701.108000,48,-2,1.021,TRUE,2613,2025-11-03T10:08:22.629566,1762144701.895000,4,26,4,21,1762144701.238750,25,-25,1.002,TRUE,130.750,198433.491,FALSE,FALSE,FALSE,TRUE,FALSE,ECG samples:25
2629,-17188.5,TRUE,2613,2025-11-03T10:08:22.629566,1762144702.709000,18,49,18,30,1762144702.109000,48,-2,1.001,TRUE,2614,2025-11-03T10:08:23.629576,1762144702.896000,4,26,4,21,1762144702.239750,25,-25,1.001,TRUE,130.750,198564.241,FALSE,FALSE,FALSE,TRUE,FALSE,ECG samples:25
2630,-17187.5,TRUE,2614,2025-11-03T10:08:23.629576,1762144703.710000,18,48,18,29,1762144703.130000,47,-3,1.021,TRUE,2615,2025-11-03T10:08:24.629569,1762144703.897000,4,26,4,21,1762144703.240750,25,-25,1.001,TRUE,110.750,198674.991,FALSE,FALSE,FALSE,TRUE,FALSE,ECG samples:25
2631,-17186.5,TRUE,2615,2025-11-03T10:08:24.629569,1762144704.712000,18,50,18,31,1762144704.092000,49,-1,0.962,TRUE,2616,2025-11-03T10:08:25.629584,1762144704.898000,4,26,4,21,1762144704.241750,25,-25,1.001,TRUE,149.750,198824.741,FALSE,FALSE,FALSE,TRUE,FALSE,ECG samples:25
2632,-17185.5,TRUE,2616,2025-11-03T10:08:25.629584,1762144705.713000,18,49,18,30,1762144705.113000,48,-2,1.021,TRUE,2617,2025-11-03T10:08:26.629573,1762144705.900000,4,26,4,21,1762144705.243750,25,-25,1.002,TRUE,130.750,198955.491,FALSE,FALSE,FALSE,TRUE,FALSE,ECG samples:25
2633,-17184.5,TRUE,2617,2025-11-03T10:08:26.629573,1762144706.715000,18,49,18,30,1762144706.115000,48,-2,1.002,TRUE,2618,2025-11-03T10:08:27.629568,1762144706.901000,4,26,4,21,1762144706.244750,25,-25,1.001,TRUE,129.750,199085.241,FALSE,FALSE,FALSE,TRUE,FALSE,ECG samples:25
2634,-17183.5,TRUE,2618,2025-11-03T10:08:27.629568,1762144707.716000,18,49,18,30,1762144707.116000,48,-2,1.001,TRUE,2619,2025-11-03T10:08:28.629571,1762144707.902000,4,26,4,21,1762144707.245750,25,-25,1.001,TRUE,129.750,199214.991,FALSE,FALSE,FALSE,TRUE,FALSE,ECG samples:25
2635,-17182.5,TRUE,2619,2025-11-03T10:08:28.629571,1762144708.717000,18,48,18,29,1762144708.137000,47,-3,1.021,TRUE,2620,2025-11-03T10:08:29.629571,1762144708.904000,4,26,4,21,1762144708.247750,25,-25,1.002,TRUE,110.750,199325.741,FALSE,FALSE,FALSE,TRUE,FALSE,ECG samples:25
2636,-17181.5,TRUE,2620,2025-11-03T10:08:29.629571,1762144709.718000,18,48,18,29,1762144709.138000,46,-4,1.001,TRUE,2621,2025-11-03T10:08:30.629575,1762144709.905000,4,27,4,22,1762144709.217500,25,-25,0.970,TRUE,79.500,199405.241,FALSE,FALSE,FALSE,TRUE,FALSE,ECG samples:25
2637,-17180.5,TRUE,2621,2025-11-03T10:08:30.629575,1762144710.719000,17,49,17,31,1762144710.099000,49,-1,0.961,TRUE,2622,2025-11-03T10:08:31.629580,1762144710.906000,3,26,3,22,1762144710.218500,25,-25,1.001,TRUE,119.500,199524.740,FALSE,FALSE,FALSE,TRUE,FALSE,ECG samples:25
2638,-17179.5,TRUE,2622,2025-11-03T10:08:31.629580,1762144711.721000,18,50,18,31,1762144711.101000,49,-1,1.002,TRUE,2623,2025-11-03T10:08:32.629592,1762144711.907000,3,26,3,22,1762144711.219500,25,-25,1.001,TRUE,118.500,199643.240,FALSE,FALSE,FALSE,TRUE,FALSE,ECG samples:25
2639,-17178.5,TRUE,2623,2025-11-03T10:08:32.629592,1762144712.722000,18,49,18,30,1762144712.122000,47,-3,1.021,TRUE,2624,2025-11-03T10:08:33.629569,1762144712.909000,3,26,3,22,1762144712.221500,25,-25,1.002,TRUE,99.500,199742.740,FALSE,FALSE,FALSE,TRUE,FALSE,ECG samples:25
2640,-17177.5,TRUE,2624,2025-11-03T10:08:33.629569,1762144713.724000,17,48,17,30,1762144713.124000,48,-2,1.002,TRUE,2625,2025-11-03T10:08:34.629568,1762144713.910000,3,26,3,22,1762144713.222500,25,-25,1.001,TRUE,98.500,199841.240,FALSE,FALSE,FALSE,TRUE,FALSE,ECG samples:25
2641,-17176.5,TRUE,2625,2025-11-03T10:08:34.629568,1762144714.725000,18,50,18,31,1762144714.105000,48,-2,0.981,TRUE,2626,2025-11-03T10:08:35.629569,1762144714.911000,3,26,3,22,1762144714.223500,25,-25,1.001,TRUE,118.500,199959.740,FALSE,FALSE,FALSE,TRUE,FALSE,ECG samples:25
2642,-17175.5,TRUE,2626,2025-11-03T10:08:35.629569,1762144715.726000,17,48,17,30,1762144715.126000,47,-3,1.021,TRUE,2627,2025-11-03T10:08:36.629587,1762144715.913000,3,26,3,22,1762144715.225500,25,-25,1.002,TRUE,99.500,200059.240,FALSE,FALSE,FALSE,TRUE,FALSE,ECG samples:25
2643,-17174.5,TRUE,2627,2025-11-03T10:08:36.629587,1762144716.727000,17,49,17,31,1762144716.107000,49,-1,0.981,TRUE,2628,2025-11-03T10:08:37.629568,1762144716.914000,3,26,3,22,1762144716.226500,26,-24,1.001,TRUE,119.500,200178.740,FALSE,FALSE,FALSE,TRUE,FALSE,ECG samples:26
2644,-17173.5,TRUE,2628,2025-11-03T10:08:37.629568,1762144717.730000,18,50,18,31,1762144717.110000,48,-2,1.003,TRUE,2629,2025-11-03T10:08:38.629558,1762144717.915000,4,26,4,21,1762144717.258750,25,-25,1.032,TRUE,148.750,200327.490,FALSE,FALSE,FALSE,TRUE,FALSE,ECG samples:25
2645,-17172.5,TRUE,2629,2025-11-03T10:08:38.629558,1762144718.631000,17,44,17,26,1762144718.111000,48,-2,1.001,TRUE,2630,2025-11-03T10:08:39.629565,1762144718.817000,4,23,4,18,1762144718.254500,25,-25,0.996,TRUE,143.500,200470.990,FALSE,FALSE,FALSE,TRUE,FALSE,ECG samples:25
2646,-17171.5,TRUE,2630,2025-11-03T10:08:39.629565,1762144719.632000,22,50,22,27,1762144719.092000,48,-2,0.981,TRUE,2631,2025-11-03T10:08:40.629559,1762144719.818000,7,26,7,18,1762144719.255500,25,-25,1.001,TRUE,163.500,200634.490,FALSE,FALSE,FALSE,TRUE,FALSE,ECG samples:25
2647,-17170.5,TRUE,2631,2025-11-03T10:08:40.629559,1762144720.634000,21,49,21,27,1762144720.094000,48,-2,1.002,TRUE,2632,2025-11-03T10:08:41.629573,1762144720.819000,7,26,7,18,1762144720.256500,25,-25,1.001,TRUE,162.500,200796.990,FALSE,FALSE,FALSE,TRUE,FALSE,ECG samples:25
2648,-17169.5,TRUE,2632,2025-11-03T10:08:41.629573,1762144721.635000,21,48,21,26,1762144721.115000,48,-2,1.021,TRUE,2633,2025-11-03T10:08:42.629574,1762144721.821000,7,26,7,18,1762144721.258500,25,-25,1.002,TRUE,143.500,200940.490,FALSE,FALSE,FALSE,TRUE,FALSE,ECG samples:25
2649,-17168.5,TRUE,2633,2025-11-03T10:08:42.629574,1762144722.638000,22,49,22,26,1762144722.118000,48,-2,1.003,TRUE,2634,2025-11-03T10:08:43.629576,1762144722.822000,7,26,7,18,1762144722.259500,25,-25,1.001,TRUE,141.500,201081.990,FALSE,FALSE,FALSE,TRUE,FALSE,ECG samples:25
2650,-17167.5,TRUE,2634,2025-11-03T10:08:43.629576,1762144723.640000,22,49,22,26,1762144723.120000,47,-3,1.002,TRUE,2635,2025-11-03T10:08:44.629573,1762144723.824000,7,27,7,19,1762144723.230250,25,-25,0.971,TRUE,110.250,201192.240,FALSE,FALSE,FALSE,TRUE,FALSE,ECG samples:25
2651,-17166.5,TRUE,2635,2025-11-03T10:08:44.629573,1762144724.641000,21,49,21,27,1762144724.101000,48,-2,0.981,TRUE,2636,2025-11-03T10:08:45.629578,1762144724.826000,6,26,6,19,1762144724.232250,25,-25,1.002,TRUE,131.250,201323.490,FALSE,FALSE,FALSE,TRUE,FALSE,ECG samples:25
2652,-17165.5,TRUE,2636,2025-11-03T10:08:45.629578,1762144725.643000,21,49,21,27,1762144725.103000,49,-1,1.002,TRUE,2637,2025-11-03T10:08:46.629574,1762144725.828000,6,26,6,19,1762144725.234250,25,-25,1.002,TRUE,131.250,201454.740,FALSE,FALSE,FALSE,TRUE,FALSE,ECG samples:25
2653,-17164.5,TRUE,2637,2025-11-03T10:08:46.629574,1762144726.644000,22,49,22,26,1762144726.124000,48,-2,1.021,TRUE,2638,2025-11-03T10:08:47.629569,1762144726.830000,6,26,6,19,1762144726.236250,25,-25,1.002,TRUE,112.250,201566.990,FALSE,FALSE,FALSE,TRUE,FALSE,ECG samples:25
2654,-17163.5,TRUE,2638,2025-11-03T10:08:47.629569,1762144727.646000,22,49,22,26,1762144727.126000,47,-3,1.002,TRUE,2639,2025-11-03T10:08:48.629574,1762144727.830000,6,26,6,19,1762144727.236250,25,-25,1.000,TRUE,110.250,201677.240,FALSE,FALSE,FALSE,TRUE,FALSE,ECG samples:25
2655,-17162.5,TRUE,2639,2025-11-03T10:08:48.629574,1762144728.648000,21,49,21,27,1762144728.108000,48,-2,0.982,TRUE,2640,2025-11-03T10:08:49.629582,1762144728.833000,6,26,6,19,1762144728.239250,25,-25,1.003,TRUE,131.250,201808.490,FALSE,FALSE,FALSE,TRUE,FALSE,ECG samples:25
2656,-17161.5,TRUE,2640,2025-11-03T10:08:49.629582,1762144729.651000,21,49,21,27,1762144729.111000,48,-2,1.003,TRUE,2641,2025-11-03T10:08:50.629575,1762144729.835000,6,26,6,19,1762144729.241250,25,-25,1.002,TRUE,130.250,201938.740,FALSE,FALSE,FALSE,TRUE,FALSE,ECG samples:25
2657,-17160.5,TRUE,2641,2025-11-03T10:08:50.629575,1762144730.652000,21,48,21,26,1762144730.132000,47,-3,1.021,TRUE,2642,2025-11-03T10:08:51.629576,1762144730.836000,6,26,6,19,1762144730.242250,25,-25,1.001,TRUE,110.250,202048.990,FALSE,FALSE,FALSE,TRUE,FALSE,ECG samples:25
2658,-17159.5,TRUE,2642,2025-11-03T10:08:51.629576,1762144731.653000,21,50,21,28,1762144731.093000,48,-2,0.961,TRUE,2643,2025-11-03T10:08:52.629573,1762144731.838000,6,26,6,19,1762144731.244250,25,-25,1.002,TRUE,151.250,202200.239,FALSE,FALSE,FALSE,TRUE,FALSE,ECG samples:25
2659,-17158.5,TRUE,2643,2025-11-03T10:08:52.629573,1762144732.654000,20,49,20,28,1762144732.094000,48,-2,1.001,TRUE,2644,2025-11-03T10:08:53.629576,1762144732.839000,6,26,6,19,1762144732.245250,25,-25,1.001,TRUE,151.250,202351.489,FALSE,FALSE,FALSE,TRUE,FALSE,ECG samples:25
2660,-17157.5,TRUE,2644,2025-11-03T10:08:53.629576,1762144733.656000,20,47,20,26,1762144733.136000,48,-2,1.042,TRUE,2645,2025-11-03T10:08:54.629572,1762144733.841000,6,26,6,19,1762144733.247250,25,-25,1.002,TRUE,111.250,202462.739,FALSE,FALSE,FALSE,TRUE,FALSE,ECG samples:25
2661,-17156.5,TRUE,2645,2025-11-03T10:08:54.629572,1762144734.658000,22,50,22,27,1762144734.118000,48,-2,0.982,TRUE,2646,2025-11-03T10:08:55.629581,1762144734.842000,6,26,6,19,1762144734.248250,25,-25,1.001,TRUE,130.250,202592.989,FALSE,FALSE,FALSE,TRUE,FALSE,ECG samples:25
2662,-17155.5,TRUE,2646,2025-11-03T10:08:55.629581,1762144735.660000,21,49,21,27,1762144735.120000,47,-3,1.002,TRUE,2647,2025-11-03T10:08:56.629571,1762144735.843000,6,26,6,19,1762144735.249250,25,-25,1.001,TRUE,129.250,202722.239,FALSE,FALSE,FALSE,TRUE,FALSE,ECG samples:25
2663,-17154.5,TRUE,2647,2025-11-03T10:08:56.629571,1762144736.662000,20,48,20,27,1762144736.122000,48,-2,1.002,TRUE,2648,2025-11-03T10:08:57.629576,1762144736.844000,6,26,6,19,1762144736.250250,25,-25,1.001,TRUE,128.250,202850.489,FALSE,FALSE,FALSE,TRUE,FALSE,ECG samples:25
2664,-17153.5,TRUE,2648,2025-11-03T10:08:57.629576,1762144737.664000,21,49,21,27,1762144737.124000,48,-2,1.002,TRUE,2649,2025-11-03T10:08:58.629572,1762144737.845000,6,26,6,19,1762144737.251250,25,-25,1.001,TRUE,127.250,202977.739,FALSE,FALSE,FALSE,TRUE,FALSE,ECG samples:25
2665,-17152.5,TRUE,2649,2025-11-03T10:08:58.629572,1762144738.665000,21,50,21,28,1762144738.105000,48,-2,0.981,TRUE,2650,2025-11-03T10:08:59.629573,1762144738.847000,6,26,6,19,1762144738.253250,25,-25,1.002,TRUE,148.250,203125.989,FALSE,FALSE,FALSE,TRUE,FALSE,ECG samples:25
2666,-17151.5,TRUE,2650,2025-11-03T10:08:59.629573,1762144739.666000,20,48,20,27,1762144739.126000,47,-3,1.021,TRUE,2651,2025-11-03T10:09:00.629580,1762144739.848000,6,26,6,19,1762144739.254250,25,-25,1.001,TRUE,128.250,203254.239,FALSE,FALSE,FALSE,TRUE,FALSE,ECG samples:25
2667,-17150.5,TRUE,2651,2025-11-03T10:09:00.629580,1762144740.668000,20,49,20,28,1762144740.108000,49,-1,0.982,TRUE,2652,2025-11-03T10:09:01.629579,1762144740.850000,6,26,6,19,1762144740.256250,25,-25,1.002,TRUE,148.250,203402.489,FALSE,FALSE,FALSE,TRUE,FALSE,ECG samples:25
2668,-17149.5,TRUE,2652,2025-11-03T10:09:01.629579,1762144741.669000,21,50,21,28,1762144741.109000,48,-2,1.001,TRUE,2653,2025-11-03T10:09:02.629575,1762144741.851000,6,26,6,19,1762144741.257250,25,-25,1.001,TRUE,148.250,203550.739,FALSE,FALSE,FALSE,TRUE,FALSE,ECG samples:25
2669,-17148.5,TRUE,2653,2025-11-03T10:09:02.629575,1762144742.671000,20,49,20,28,1762144742.111000,47,-3,1.002,TRUE,2654,2025-11-03T10:09:03.629576,1762144742.852000,6,26,6,19,1762144742.258250,25,-25,1.001,TRUE,147.250,203697.989,FALSE,FALSE,FALSE,TRUE,FALSE,ECG samples:25
2670,-17147.5,TRUE,2654,2025-11-03T10:09:03.629576,1762144743.672000,19,48,19,28,1762144743.112000,48,-2,1.001,TRUE,2655,2025-11-03T10:09:04.629576,1762144743.853000,6,26,6,19,1762144743.259250,25,-25,1.001,TRUE,147.250,203845.239,FALSE,FALSE,FALSE,TRUE,FALSE,ECG samples:25
2671,-17146.5,TRUE,2655,2025-11-03T10:09:04.629576,1762144744.673000,20,49,20,28,1762144744.113000,48,-2,1.001,TRUE,2656,2025-11-03T10:09:05.629575,1762144744.854000,6,26,6,19,1762144744.260250,25,-25,1.001,TRUE,147.250,203992.489,FALSE,FALSE,FALSE,TRUE,FALSE,ECG samples:25
2672,-17145.5,TRUE,2656,2025-11-03T10:09:05.629575,1762144745.675000,20,49,20,28,1762144745.115000,48,-2,1.002,TRUE,2657,2025-11-03T10:09:06.629571,1762144745.856000,6,26,6,19,1762144745.262250,25,-25,1.002,TRUE,147.250,204139.739,FALSE,FALSE,FALSE,TRUE,FALSE,ECG samples:25
2673,-17144.5,TRUE,2657,2025-11-03T10:09:06.629571,1762144746.676000,20,49,20,28,1762144746.116000,48,-2,1.001,TRUE,2658,2025-11-03T10:09:07.629571,1762144746.857000,6,26,6,19,1762144746.263250,25,-25,1.001,TRUE,147.250,204286.989,FALSE,FALSE,FALSE,TRUE,FALSE,ECG samples:25
2674,-17143.5,TRUE,2658,2025-11-03T10:09:07.629571,1762144747.677000,20,49,20,28,1762144747.117000,48,-2,1.001,TRUE,2659,2025-11-03T10:09:08.629575,1762144747.859000,6,26,6,19,1762144747.265250,25,-25,1.002,TRUE,148.250,204435.239,FALSE,FALSE,FALSE,TRUE,FALSE,ECG samples:25
2675,-17142.5,TRUE,2659,2025-11-03T10:09:08.629575,1762144748.679000,20,49,20,28,1762144748.119000,48,-2,1.002,TRUE,2660,2025-11-03T10:09:09.629564,1762144748.861000,6,26,6,19,1762144748.267250,25,-25,1.002,TRUE,148.250,204583.489,FALSE,FALSE,FALSE,TRUE,FALSE,ECG samples:25
2676,-17141.5,TRUE,2660,2025-11-03T10:09:09.629564,1762144749.681000,20,49,20,28,1762144749.121000,48,-2,1.002,TRUE,2661,2025-11-03T10:09:10.629573,1762144749.862000,6,27,6,20,1762144749.237000,25,-25,0.970,TRUE,116.000,204699.489,FALSE,FALSE,FALSE,TRUE,FALSE,ECG samples:25
2677,-17140.5,TRUE,2661,2025-11-03T10:09:10.629573,1762144750.682000,20,49,20,28,1762144750.122000,48,-2,1.001,TRUE,2662,2025-11-03T10:09:11.629570,1762144750.864000,5,26,5,20,1762144750.239000,25,-25,1.002,TRUE,117.000,204816.489,FALSE,FALSE,FALSE,TRUE,FALSE,ECG samples:25
2678,-17139.5,TRUE,2662,2025-11-03T10:09:11.629570,1762144751.684000,20,49,20,28,1762144751.124000,48,-2,1.002,TRUE,2663,2025-11-03T10:09:12.629574,1762144751.865000,5,26,5,20,1762144751.240000,25,-25,1.001,TRUE,116.000,204932.489,FALSE,FALSE,FALSE,TRUE,FALSE,ECG samples:25
2679,-17138.5,TRUE,2663,2025-11-03T10:09:12.629574,1762144752.685000,20,49,20,28,1762144752.125000,48,-2,1.001,TRUE,2664,2025-11-03T10:09:13.629646,1762144752.867000,5,26,5,20,1762144752.242000,25,-25,1.002,TRUE,117.000,205049.489,FALSE,FALSE,FALSE,TRUE,FALSE,ECG samples:25
2680,-17137.5,TRUE,2664,2025-11-03T10:09:13.629646,1762144753.687000,20,50,20,29,1762144753.107000,49,-1,0.982,TRUE,2665,2025-11-03T10:09:14.629576,1762144753.869000,5,26,5,20,1762144753.244000,25,-25,1.002,TRUE,137.000,205186.489,FALSE,FALSE,FALSE,TRUE,FALSE,ECG samples:25
2681,-17136.5,TRUE,2665,2025-11-03T10:09:14.629576,1762144754.690000,20,49,20,28,1762144754.130000,48,-2,1.023,TRUE,2666,2025-11-03T10:09:15.629574,1762144754.871000,5,26,5,20,1762144754.246000,25,-25,1.002,TRUE,116.000,205302.489,FALSE,FALSE,FALSE,TRUE,FALSE,ECG samples:25
2682,-17135.5,TRUE,2666,2025-11-03T10:09:15.629574,1762144755.691000,20,49,20,28,1762144755.131000,48,-2,1.001,TRUE,2667,2025-11-03T10:09:16.629569,1762144755.872000,5,26,5,20,1762144755.247000,25,-25,1.001,TRUE,116.000,205418.489,FALSE,FALSE,FALSE,TRUE,FALSE,ECG samples:25
2683,-17134.5,TRUE,2667,2025-11-03T10:09:16.629569,1762144756.692000,20,49,20,28,1762144756.132000,46,-4,1.001,TRUE,2668,2025-11-03T10:09:17.629574,1762144756.873000,5,26,5,20,1762144756.248000,25,-25,1.001,TRUE,116.000,205534.489,FALSE,FALSE,FALSE,TRUE,FALSE,ECG samples:25
2684,-17133.5,TRUE,2668,2025-11-03T10:09:17.629574,1762144757.693000,18,48,18,29,1762144757.113000,48,-2,0.981,TRUE,2669,2025-11-03T10:09:18.629572,1762144757.874000,5,26,5,20,1762144757.249000,25,-25,1.001,TRUE,136.000,205670.489,FALSE,FALSE,FALSE,TRUE,FALSE,ECG samples:25
2685,-17132.5,TRUE,2669,2025-11-03T10:09:18.629572,1762144758.695000,19,49,19,29,1762144758.115000,49,-1,1.002,TRUE,2670,2025-11-03T10:09:19.629580,1762144758.876000,5,26,5,20,1762144758.251000,25,-25,1.002,TRUE,136.000,205806.489,FALSE,FALSE,FALSE,TRUE,FALSE,ECG samples:25
2686,-17131.5,TRUE,2670,2025-11-03T10:09:19.629580,1762144759.697000,20,49,20,28,1762144759.137000,48,-2,1.022,TRUE,2671,2025-11-03T10:09:20.629572,1762144759.877000,5,26,5,20,1762144759.252000,25,-25,1.001,TRUE,115.000,205921.489,FALSE,FALSE,FALSE,TRUE,FALSE,ECG samples:25
2687,-17130.5,TRUE,2671,2025-11-03T10:09:20.629572,1762144760.698000,20,49,20,28,1762144760.138000,48,-2,1.001,TRUE,2672,2025-11-03T10:09:21.629567,1762144760.878000,5,26,5,20,1762144760.253000,25,-25,1.001,TRUE,115.000,206036.489,FALSE,FALSE,FALSE,TRUE,FALSE,ECG samples:25
2688,-17129.5,TRUE,2672,2025-11-03T10:09:21.629567,1762144761.699000,20,50,20,29,1762144761.119000,49,-1,0.981,TRUE,2673,2025-11-03T10:09:22.629584,1762144761.880000,5,26,5,20,1762144761.255000,25,-25,1.002,TRUE,136.000,206172.489,FALSE,FALSE,FALSE,TRUE,FALSE,ECG samples:25
2689,-17128.5,TRUE,2673,2025-11-03T10:09:22.629584,1762144762.700000,20,50,20,29,1762144762.120000,48,-2,1.001,TRUE,2674,2025-11-03T10:09:23.629568,1762144762.881000,5,26,5,20,1762144762.256000,25,-25,1.001,TRUE,136.000,206308.489,FALSE,FALSE,FALSE,TRUE,FALSE,ECG samples:25
2690,-17127.5,TRUE,2674,2025-11-03T10:09:23.629568,1762144763.702000,19,47,19,27,1762144763.162000,47,-3,1.042,TRUE,2675,2025-11-03T10:09:24.629572,1762144763.882000,5,26,5,20,1762144763.257000,25,-25,1.001,TRUE,95.000,206403.489,FALSE,FALSE,FALSE,TRUE,FALSE,ECG samples:25
2691,-17126.5,TRUE,2675,2025-11-03T10:09:24.629572,1762144764.703000,20,49,20,28,1762144764.143000,46,-4,0.981,TRUE,2676,2025-11-03T10:09:25.629573,1762144764.884000,5,26,5,20,1762144764.259000,25,-25,1.002,TRUE,116.000,206519.489,FALSE,FALSE,FALSE,TRUE,FALSE,ECG samples:25
2692,-17125.5,TRUE,2676,2025-11-03T10:09:25.629573,1762144765.705000,18,48,18,29,1762144765.125000,47,-3,0.982,TRUE,2677,2025-11-03T10:09:26.629567,1762144765.886000,5,26,5,20,1762144765.261000,25,-25,1.002,TRUE,136.000,206655.488,FALSE,FALSE,FALSE,TRUE,FALSE,ECG samples:25
2693,-17124.5,TRUE,2677,2025-11-03T10:09:26.629567,1762144766.707000,18,49,18,30,1762144766.107000,49,-1,0.982,TRUE,2678,2025-11-03T10:09:27.629568,1762144766.887000,5,26,5,20,1762144766.262000,25,-25,1.001,TRUE,155.000,206810.488,FALSE,FALSE,FALSE,TRUE,FALSE,ECG samples:25
2694,-17123.5,TRUE,2678,2025-11-03T10:09:27.629568,1762144767.708000,19,48,19,28,1762144767.148000,47,-3,1.041,TRUE,2679,2025-11-03T10:09:28.629582,1762144767.888000,5,26,5,20,1762144767.263000,25,-25,1.001,TRUE,115.000,206925.488,FALSE,FALSE,FALSE,TRUE,FALSE,ECG samples:25
2695,-17122.5,TRUE,2679,2025-11-03T10:09:28.629582,1762144768.709000,19,49,19,29,1762144768.129000,48,-2,0.981,TRUE,2680,2025-11-03T10:09:29.629578,1762144768.890000,5,26,5,20,1762144768.265000,25,-25,1.002,TRUE,136.000,207061.488,FALSE,FALSE,FALSE,TRUE,FALSE,ECG samples:25
2696,-17121.5,TRUE,2680,2025-11-03T10:09:29.629578,1762144769.711000,19,49,19,29,1762144769.131000,48,-2,1.002,TRUE,2681,2025-11-03T10:09:30.629575,1762144769.891000,5,26,5,20,1762144769.266000,25,-25,1.001,TRUE,135.000,207196.488,FALSE,FALSE,FALSE,TRUE,FALSE,ECG samples:25
2697,-17120.5,TRUE,2681,2025-11-03T10:09:30.629575,1762144770.712000,19,49,19,29,1762144770.132000,47,-3,1.001,TRUE,2682,2025-11-03T10:09:31.629579,1762144770.893000,5,26,5,20,1762144770.268000,25,-25,1.002,TRUE,136.000,207332.488,FALSE,FALSE,FALSE,TRUE,FALSE,ECG samples:25
2698,-17119.5,TRUE,2682,2025-11-03T10:09:31.629579,1762144771.714000,18,48,18,29,1762144771.134000,48,-2,1.002,TRUE,2683,2025-11-03T10:09:32.629572,1762144771.895000,5,26,5,20,1762144771.270000,24,-26,1.002,TRUE,136.000,207468.488,FALSE,FALSE,FALSE,TRUE,FALSE,ECG samples:24
2699,-17118.5,TRUE,2683,2025-11-03T10:09:32.629572,1762144772.716000,19,50,19,30,1762144772.116000,48,-2,0.982,TRUE,2684,2025-11-03T10:09:33.629567,1762144772.896000,4,25,4,20,1762144772.271000,25,-25,1.001,TRUE,155.000,207623.488,FALSE,FALSE,FALSE,TRUE,FALSE,ECG samples:25
2700,-17117.5,TRUE,2684,2025-11-03T10:09:33.629567,1762144773.719000,18,48,18,29,1762144773.139000,47,-3,1.023,TRUE,2685,2025-11-03T10:09:34.629566,1762144773.899000,5,26,5,20,1762144773.274000,25,-25,1.003,TRUE,135.000,207758.488,FALSE,FALSE,FALSE,TRUE,FALSE,ECG samples:25
2701,-17116.5,TRUE,2685,2025-11-03T10:09:34.629566,1762144774.721000,18,49,18,30,1762144774.121000,49,-1,0.982,TRUE,2686,2025-11-03T10:09:35.629575,1762144774.900000,5,27,5,21,1762144774.243750,25,-25,0.970,TRUE,122.750,207881.238,FALSE,FALSE,FALSE,TRUE,FALSE,ECG samples:25
2702,-17115.5,TRUE,2686,2025-11-03T10:09:35.629575,1762144775.723000,19,49,19,29,1762144775.143000,47,-3,1.022,TRUE,2687,2025-11-03T10:09:36.629566,1762144775.901000,4,26,4,21,1762144775.244750,25,-25,1.001,TRUE,101.750,207982.988,FALSE,FALSE,FALSE,TRUE,FALSE,ECG samples:25
2703,-17114.5,TRUE,2687,2025-11-03T10:09:36.629566,1762144776.724000,18,49,18,30,1762144776.124000,49,-1,0.981,TRUE,2688,2025-11-03T10:09:37.629569,1762144776.903000,4,26,4,21,1762144776.246750,25,-25,1.002,TRUE,122.750,208105.738,FALSE,FALSE,FALSE,TRUE,FALSE,ECG samples:25
2704,-17113.5,TRUE,2688,2025-11-03T10:09:37.629569,1762144777.726000,19,49,19,29,1762144777.146000,48,-2,1.022,TRUE,2689,2025-11-03T10:09:38.629575,1762144777.904000,4,26,4,21,1762144777.247750,25,-25,1.001,TRUE,101.750,208207.488,FALSE,FALSE,FALSE,TRUE,FALSE,ECG samples:25
2705,-17112.5,TRUE,2689,2025-11-03T10:09:38.629575,1762144778.728000,19,50,19,30,1762144778.128000,48,-2,0.982,TRUE,2690,2025-11-03T10:09:39.629573,1762144778.905000,4,26,4,21,1762144778.248750,25,-25,1.001,TRUE,120.750,208328.238,FALSE,FALSE,FALSE,TRUE,FALSE,ECG samples:25
2706,-17111.5,TRUE,2690,2025-11-03T10:09:39.629573,1762144779.630000,18,45,18,26,1762144779.110000,49,-1,0.982,TRUE,2691,2025-11-03T10:09:40.629573,1762144779.807000,4,23,4,18,1762144779.244500,25,-25,0.996,TRUE,134.500,208462.737,FALSE,FALSE,FALSE,TRUE,FALSE,ECG samples:25
2707,-17110.5,TRUE,2691,2025-11-03T10:09:40.629573,1762144780.632000,23,50,23,26,1762144780.112000,49,-1,1.002,TRUE,2692,2025-11-03T10:09:41.629575,1762144780.808000,7,26,7,18,1762144780.245500,25,-25,1.001,TRUE,133.500,208596.237,FALSE,FALSE,FALSE,TRUE,FALSE,ECG samples:25
2708,-17109.5,TRUE,2692,2025-11-03T10:09:41.629575,1762144781.635000,23,50,23,26,1762144781.115000,48,-2,1.003,TRUE,2693,2025-11-03T10:09:42.629569,1762144781.809000,7,26,7,18,1762144781.246500,25,-25,1.001,TRUE,131.500,208727.737,FALSE,FALSE,FALSE,TRUE,FALSE,ECG samples:25
2709,-17108.5,TRUE,2693,2025-11-03T10:09:42.629569,1762144782.637000,22,49,22,26,1762144782.117000,49,-1,1.002,TRUE,2694,2025-11-03T10:09:43.629578,1762144782.810000,7,26,7,18,1762144782.247500,25,-25,1.001,TRUE,130.500,208858.237,FALSE,FALSE,FALSE,TRUE,FALSE,ECG samples:25
2710,-17107.5,TRUE,2694,2025-11-03T10:09:43.629578,1762144783.639000,23,50,23,26,1762144783.119000,49,-1,1.002,TRUE,2695,2025-11-03T10:09:44.629562,1762144783.812000,7,26,7,18,1762144783.249500,25,-25,1.002,TRUE,130.500,208988.737,FALSE,FALSE,FALSE,TRUE,FALSE,ECG samples:25
2711,-17106.5,TRUE,2695,2025-11-03T10:09:44.629562,1762144784.642000,23,50,23,26,1762144784.122000,48,-2,1.003,TRUE,2696,2025-11-03T10:09:45.629562,1762144784.813000,7,26,7,18,1762144784.250500,25,-25,1.001,TRUE,128.500,209117.237,FALSE,FALSE,FALSE,TRUE,FALSE,ECG samples:25
2712,-17105.5,TRUE,2696,2025-11-03T10:09:45.629562,1762144785.644000,22,49,22,26,1762144785.124000,48,-2,1.002,TRUE,2697,2025-11-03T10:09:46.629558,1762144785.814000,7,26,7,18,1762144785.251500,25,-25,1.001,TRUE,127.500,209244.737,FALSE,FALSE,FALSE,TRUE,FALSE,ECG samples:25
2713,-17104.5,TRUE,2697,2025-11-03T10:09:46.629558,1762144786.646000,22,49,22,26,1762144786.126000,48,-2,1.002,TRUE,2698,2025-11-03T10:09:47.629563,1762144786.815000,7,26,7,18,1762144786.252500,25,-25,1.001,TRUE,126.500,209371.237,FALSE,FALSE,FALSE,TRUE,FALSE,ECG samples:25
2714,-17103.5,TRUE,2698,2025-11-03T10:09:47.629563,1762144787.648000,22,49,22,26,1762144787.128000,48,-2,1.002,TRUE,2699,2025-11-03T10:09:48.629568,1762144787.816000,7,26,7,18,1762144787.253500,25,-25,1.001,TRUE,125.500,209496.737,FALSE,FALSE,FALSE,TRUE,FALSE,ECG samples:25
2715,-17102.5,TRUE,2699,2025-11-03T10:09:48.629568,1762144788.651000,22,49,22,26,1762144788.131000,48,-2,1.003,TRUE,2700,2025-11-03T10:09:49.629578,1762144788.817000,7,26,7,18,1762144788.254500,25,-25,1.001,TRUE,123.500,209620.237,FALSE,FALSE,FALSE,TRUE,FALSE,ECG samples:25
2716,-17101.5,TRUE,2700,2025-11-03T10:09:49.629578,1762144789.653000,22,49,22,26,1762144789.133000,48,-2,1.002,TRUE,2701,2025-11-03T10:09:50.629565,1762144789.818000,7,26,7,18,1762144789.255500,25,-25,1.001,TRUE,122.500,209742.737,FALSE,FALSE,FALSE,TRUE,FALSE,ECG samples:25
2717,-17100.5,TRUE,2701,2025-11-03T10:09:50.629565,1762144790.654000,22,48,22,25,1762144790.154000,47,-3,1.021,TRUE,2702,2025-11-03T10:09:51.629559,1762144790.820000,7,27,7,19,1762144790.226250,25,-25,0.971,TRUE,72.250,209814.987,FALSE,FALSE,FALSE,TRUE,FALSE,ECG samples:25
2718,-17099.5,TRUE,2702,2025-11-03T10:09:51.629559,1762144791.655000,22,50,22,27,1762144791.115000,49,-1,0.961,TRUE,2703,2025-11-03T10:09:52.629553,1762144791.821000,6,26,6,19,1762144791.227250,25,-25,1.001,TRUE,112.250,209927.237,FALSE,FALSE,FALSE,TRUE,FALSE,ECG samples:25
2719,-17098.5,TRUE,2703,2025-11-03T10:09:52.629553,1762144792.657000,22,49,22,26,1762144792.137000,48,-2,1.022,TRUE,2704,2025-11-03T10:09:53.629565,1762144792.822000,6,26,6,19,1762144792.228250,25,-25,1.001,TRUE,91.250,210018.487,FALSE,FALSE,FALSE,TRUE,FALSE,ECG samples:25
2720,-17097.5,TRUE,2704,2025-11-03T10:09:53.629565,1762144793.659000,22,49,22,26,1762144793.139000,48,-2,1.002,TRUE,2705,2025-11-03T10:09:54.629553,1762144793.823000,6,26,6,19,1762144793.229250,25,-25,1.001,TRUE,90.250,210108.737,FALSE,FALSE,FALSE,TRUE,FALSE,ECG samples:25
2721,-17096.5,TRUE,2705,2025-11-03T10:09:54.629553,1762144794.661000,22,49,22,26,1762144794.141000,47,-3,1.002,TRUE,2706,2025-11-03T10:09:55.629569,1762144794.825000,6,26,6,19,1762144794.231250,25,-25,1.002,TRUE,90.250,210198.987,FALSE,FALSE,FALSE,TRUE,FALSE,ECG samples:25
2722,-17095.5,TRUE,2706,2025-11-03T10:09:55.629569,1762144795.663000,21,49,21,27,1762144795.123000,48,-2,0.982,TRUE,2707,2025-11-03T10:09:56.629561,1762144795.826000,6,26,6,19,1762144795.232250,25,-25,1.001,TRUE,109.250,210308.237,FALSE,FALSE,FALSE,TRUE,FALSE,ECG samples:25
2723,-17094.5,TRUE,2707,2025-11-03T10:09:56.629561,1762144796.664000,21,49,21,27,1762144796.124000,48,-2,1.001,TRUE,2708,2025-11-03T10:09:57.629553,1762144796.827000,6,26,6,19,1762144796.233250,25,-25,1.001,TRUE,109.250,210417.487,FALSE,FALSE,FALSE,TRUE,FALSE,ECG samples:25
2724,-17093.5,TRUE,2708,2025-11-03T10:09:57.629553,1762144797.666000,21,49,21,27,1762144797.126000,49,-1,1.002,TRUE,2709,2025-11-03T10:09:58.629556,1762144797.828000,6,26,6,19,1762144797.234250,25,-25,1.001,TRUE,108.250,210525.737,FALSE,FALSE,FALSE,TRUE,FALSE,ECG samples:25
2725,-17092.5,TRUE,2709,2025-11-03T10:09:58.629556,1762144798.669000,22,49,22,26,1762144798.149000,48,-2,1.023,TRUE,2710,2025-11-03T10:09:59.629564,1762144798.829000,6,26,6,19,1762144798.235250,25,-25,1.001,TRUE,86.250,210611.987,FALSE,FALSE,FALSE,TRUE,FALSE,ECG samples:25
2726,-17091.5,TRUE,2710,2025-11-03T10:09:59.629564,1762144799.671000,22,51,22,28,1762144799.111000,48,-2,0.962,TRUE,2711,2025-11-03T10:10:00.629580,1762144799.831000,6,26,6,19,1762144799.237250,25,-25,1.002,TRUE,126.250,210738.237,FALSE,FALSE,FALSE,TRUE,FALSE,ECG samples:25
2727,-17090.5,TRUE,2711,2025-11-03T10:10:00.629580,1762144800.673000,20,48,20,27,1762144800.133000,49,-1,1.022,TRUE,2712,2025-11-03T10:10:01.629576,1762144800.832000,6,26,6,19,1762144800.238250,25,-25,1.001,TRUE,105.250,210843.487,FALSE,FALSE,FALSE,TRUE,FALSE,ECG samples:25
2728,-17089.5,TRUE,2712,2025-11-03T10:10:01.629576,1762144801.676000,22,50,22,27,1762144801.136000,49,-1,1.003,TRUE,2713,2025-11-03T10:10:02.629577,1762144801.834000,6,26,6,19,1762144801.240250,25,-25,1.002,TRUE,104.250,210947.737,FALSE,FALSE,FALSE,TRUE,FALSE,ECG samples:25
2729,-17088.5,TRUE,2713,2025-11-03T10:10:02.629577,1762144802.678000,22,49,22,26,1762144802.158000,48,-2,1.022,TRUE,2714,2025-11-03T10:10:03.629565,1762144802.836000,6,26,6,19,1762144802.242250,25,-25,1.002,TRUE,84.250,211031.987,FALSE,FALSE,FALSE,TRUE,FALSE,ECG samples:25
2730,-17087.5,TRUE,2714,2025-11-03T10:10:03.629565,1762144803.680000,22,50,22,27,1762144803.140000,48,-2,0.982,TRUE,2715,2025-11-03T10:10:04.629571,1762144803.837000,6,26,6,19,1762144803.243250,25,-25,1.001,TRUE,103.250,211135.237,FALSE,FALSE,FALSE,TRUE,FALSE,ECG samples:25
2731,-17086.5,TRUE,2715,2025-11-03T10:10:04.629571,1762144804.681000,21,49,21,27,1762144804.141000,48,-2,1.001,TRUE,2716,2025-11-03T10:10:05.629570,1762144804.839000,6,26,6,19,1762144804.245250,25,-25,1.002,TRUE,104.250,211239.486,FALSE,FALSE,FALSE,TRUE,FALSE,ECG samples:25
2732,-17085.5,TRUE,2716,2025-11-03T10:10:05.629570,1762144805.682000,21,49,21,27,1762144805.142000,48,-2,1.001,TRUE,2717,2025-11-03T10:10:06.629568,1762144805.840000,6,26,6,19,1762144805.246250,25,-25,1.001,TRUE,104.250,211343.736,FALSE,FALSE,FALSE,TRUE,FALSE,ECG samples:25
2733,-17084.5,TRUE,2717,2025-11-03T10:10:06.629568,1762144806.685000,21,49,21,27,1762144806.145000,48,-2,1.003,TRUE,2718,2025-11-03T10:10:07.629584,1762144806.842000,6,26,6,19,1762144806.248250,25,-25,1.002,TRUE,103.250,211446.986,FALSE,FALSE,FALSE,TRUE,FALSE,ECG samples:25
2734,-17083.5,TRUE,2718,2025-11-03T10:10:07.629584,1762144807.686000,21,50,21,28,1762144807.126000,49,-1,0.981,TRUE,2719,2025-11-03T10:10:08.629536,1762144807.843000,6,26,6,19,1762144807.249250,25,-25,1.001,TRUE,123.250,211570.236,FALSE,FALSE,FALSE,TRUE,FALSE,ECG samples:25
2735,-17082.5,TRUE,2719,2025-11-03T10:10:08.629536,1762144808.688000,21,50,21,28,1762144808.128000,49,-1,1.002,TRUE,2720,2025-11-03T10:10:09.629557,1762144808.845000,6,26,6,19,1762144808.251250,25,-25,1.002,TRUE,123.250,211693.486,FALSE,FALSE,FALSE,TRUE,FALSE,ECG samples:25
2736,-17081.5,TRUE,2720,2025-11-03T10:10:09.629557,1762144809.691000,21,49,21,27,1762144809.151000,47,-3,1.023,TRUE,2721,2025-11-03T10:10:10.629569,1762144809.846000,6,26,6,19,1762144809.252250,25,-25,1.001,TRUE,101.250,211794.736,FALSE,FALSE,FALSE,TRUE,FALSE,ECG samples:25
2737,-17080.5,TRUE,2721,2025-11-03T10:10:10.629569,1762144810.692000,20,49,20,28,1762144810.132000,48,-2,0.981,TRUE,2722,2025-11-03T10:10:11.629561,1762144810.848000,6,26,6,19,1762144810.254250,25,-25,1.002,TRUE,122.250,211916.986,FALSE,FALSE,FALSE,TRUE,FALSE,ECG samples:25
2738,-17079.5,TRUE,2722,2025-11-03T10:10:11.629561,1762144811.695000,20,49,20,28,1762144811.135000,48,-2,1.003,TRUE,2723,2025-11-03T10:10:12.629565,1762144811.849000,6,26,6,19,1762144811.255250,25,-25,1.001,TRUE,120.250,212037.236,FALSE,FALSE,FALSE,TRUE,FALSE,ECG samples:25
2739,-17078.5,TRUE,2723,2025-11-03T10:10:12.629565,1762144812.697000,20,49,20,28,1762144812.137000,49,-1,1.002,TRUE,2724,2025-11-03T10:10:13.629569,1762144812.850000,6,26,6,19,1762144812.256250,24,-26,1.001,TRUE,119.250,212156.486,FALSE,FALSE,FALSE,TRUE,FALSE,ECG samples:24
2740,-17077.5,TRUE,2724,2025-11-03T10:10:13.629569,1762144813.698000,21,50,21,28,1762144813.138000,47,-3,1.001,TRUE,2725,2025-11-03T10:10:14.629563,1762144813.852000,5,25,5,19,1762144813.258250,25,-25,1.002,TRUE,120.250,212276.736,FALSE,FALSE,FALSE,TRUE,FALSE,ECG samples:25
2741,-17076.5,TRUE,2725,2025-11-03T10:10:14.629563,1762144814.700000,19,49,19,29,1762144814.120000,49,-1,0.982,TRUE,2726,2025-11-03T10:10:15.629564,1762144814.853000,6,26,6,19,1762144814.259250,25,-25,1.001,TRUE,139.250,212415.986,FALSE,FALSE,FALSE,TRUE,FALSE,ECG samples:25
2742,-17075.5,TRUE,2726,2025-11-03T10:10:15.629564,1762144815.702000,20,49,20,28,1762144815.142000,48,-2,1.022,TRUE,2727,2025-11-03T10:10:16.629566,1762144815.855000,6,26,6,19,1762144815.261250,25,-25,1.002,TRUE,119.250,212535.236,FALSE,FALSE,FALSE,TRUE,FALSE,ECG samples:25
2743,-17074.5,TRUE,2727,2025-11-03T10:10:16.629566,1762144816.703000,20,49,20,28,1762144816.143000,48,-2,1.001,TRUE,2728,2025-11-03T10:10:17.629565,1762144816.857000,6,27,6,20,1762144816.232000,26,-24,0.971,TRUE,89.000,212624.236,FALSE,FALSE,FALSE,TRUE,FALSE,ECG samples:26
2744,-17073.5,TRUE,2728,2025-11-03T10:10:17.629565,1762144817.705000,20,50,20,29,1762144817.125000,49,-1,0.982,TRUE,2729,2025-11-03T10:10:18.629567,1762144817.858000,6,26,6,19,1762144817.264250,25,-25,1.032,TRUE,139.250,212763.486,FALSE,FALSE,FALSE,TRUE,FALSE,ECG samples:25
2745,-17072.5,TRUE,2729,2025-11-03T10:10:18.629567,1762144818.706000,20,49,20,28,1762144818.146000,49,-1,1.021,TRUE,2730,2025-11-03T10:10:19.629578,1762144818.859000,6,26,6,19,1762144818.265250,25,-25,1.001,TRUE,119.250,212882.736,FALSE,FALSE,FALSE,TRUE,FALSE,ECG samples:25
2746,-17071.5,TRUE,2730,2025-11-03T10:10:19.629578,1762144819.707000,21,49,21,27,1762144819.167000,47,-3,1.021,TRUE,2731,2025-11-03T10:10:20.629558,1762144819.860000,6,26,6,19,1762144819.266250,25,-25,1.001,TRUE,99.250,212981.986,FALSE,FALSE,FALSE,TRUE,FALSE,ECG samples:25
2747,-17070.5,TRUE,2731,2025-11-03T10:10:20.629558,1762144820.709000,20,50,20,29,1762144820.129000,49,-1,0.962,TRUE,2732,2025-11-03T10:10:21.629563,1762144820.862000,6,26,6,19,1762144820.268250,25,-25,1.002,TRUE,139.250,213121.235,FALSE,FALSE,FALSE,TRUE,FALSE,ECG samples:25
2748,-17069.5,TRUE,2732,2025-11-03T10:10:21.629563,1762144821.710000,20,49,20,28,1762144821.150000,48,-2,1.021,TRUE,2733,2025-11-03T10:10:22.629561,1762144821.863000,6,26,6,19,1762144821.269250,25,-25,1.001,TRUE,119.250,213240.485,FALSE,FALSE,FALSE,TRUE,FALSE,ECG samples:25
2749,-17068.5,TRUE,2733,2025-11-03T10:10:22.629561,1762144822.712000,20,50,20,29,1762144822.132000,48,-2,0.982,TRUE,2734,2025-11-03T10:10:23.629570,1762144822.864000,6,26,6,19,1762144822.270250,25,-25,1.001,TRUE,138.250,213378.735,FALSE,FALSE,FALSE,TRUE,FALSE,ECG samples:25
2750,-17067.5,TRUE,2734,2025-11-03T10:10:23.629570,1762144823.714000,19,49,19,29,1762144823.134000,49,-1,1.002,TRUE,2735,2025-11-03T10:10:24.629560,1762144823.866000,6,26,6,19,1762144823.272250,25,-25,1.002,TRUE,138.250,213516.985,FALSE,FALSE,FALSE,TRUE,FALSE,ECG samples:25
2751,-17066.5,TRUE,2735,2025-11-03T10:10:24.629560,1762144824.716000,20,50,20,29,1762144824.136000,48,-2,1.002,TRUE,2736,2025-11-03T10:10:25.629571,1762144824.868000,6,26,6,19,1762144824.274250,25,-25,1.002,TRUE,138.250,213655.235,FALSE,FALSE,FALSE,TRUE,FALSE,ECG samples:25
2752,-17065.5,TRUE,2736,2025-11-03T10:10:25.629571,1762144825.717000,19,49,19,29,1762144825.137000,49,-1,1.001,TRUE,2737,2025-11-03T10:10:26.629559,1762144825.869000,6,26,6,19,1762144825.275250,25,-25,1.001,TRUE,138.250,213793.485,FALSE,FALSE,FALSE,TRUE,FALSE,ECG samples:25
2753,-17064.5,TRUE,2737,2025-11-03T10:10:26.629559,1762144826.719000,20,50,20,29,1762144826.139000,47,-3,1.002,TRUE,2738,2025-11-03T10:10:27.629573,1762144826.872000,6,26,6,19,1762144826.278250,25,-25,1.003,TRUE,139.250,213932.735,FALSE,FALSE,FALSE,TRUE,FALSE,ECG samples:25
2754,-17063.5,TRUE,2738,2025-11-03T10:10:27.629573,1762144827.722000,18,48,18,29,1762144827.142000,49,-1,1.003,TRUE,2739,2025-11-03T10:10:28.629555,1762144827.874000,6,26,6,19,1762144827.280250,25,-25,1.002,TRUE,138.250,214070.985,FALSE,FALSE,FALSE,TRUE,FALSE,ECG samples:25
2755,-17062.5,TRUE,2739,2025-11-03T10:10:28.629555,1762144828.723000,20,49,20,28,1762144828.163000,47,-3,1.021,TRUE,2740,2025-11-03T10:10:29.629563,1762144828.875000,6,26,6,19,1762144828.281250,25,-25,1.001,TRUE,118.250,214189.235,FALSE,FALSE,FALSE,TRUE,FALSE,ECG samples:25
2756,-17061.5,TRUE,2740,2025-11-03T10:10:29.629563,1762144829.725000,19,48,19,28,1762144829.165000,46,-4,1.002,TRUE,2741,2025-11-03T10:10:30.629567,1762144829.877000,6,26,6,19,1762144829.283250,25,-25,1.002,TRUE,118.250,214307.485,FALSE,FALSE,FALSE,TRUE,FALSE,ECG samples:25
2757,-17060.5,TRUE,2741,2025-11-03T10:10:30.629567,1762144830.728000,18,48,18,29,1762144830.148000,48,-2,0.983,TRUE,2742,2025-11-03T10:10:31.629607,1762144830.879000,6,26,6,19,1762144830.285250,25,-25,1.002,TRUE,137.250,214444.735,FALSE,FALSE,FALSE,TRUE,FALSE,ECG samples:25
2758,-17059.5,TRUE,2742,2025-11-03T10:10:31.629607,1762144831.729000,19,49,19,29,1762144831.149000,48,-2,1.001,TRUE,2743,2025-11-03T10:10:32.629576,1762144831.881000,6,26,6,19,1762144831.287250,25,-25,1.002,TRUE,138.250,214582.985,FALSE,FALSE,FALSE,TRUE,FALSE,ECG samples:25
2759,-17058.5,TRUE,2743,2025-11-03T10:10:32.629576,1762144832.630000,19,45,19,25,1762144832.130000,48,-2,0.981,TRUE,2744,2025-11-03T10:10:33.629575,1762144832.782000,6,24,6,17,1762144832.250750,25,-25,0.964,TRUE,120.750,214703.735,FALSE,FALSE,FALSE,TRUE,FALSE,ECG samples:25
2760,-17057.5,TRUE,2744,2025-11-03T10:10:33.629575,1762144833.632000,23,48,23,24,1762144833.152000,47,-3,1.022,TRUE,2745,2025-11-03T10:10:34.629577,1762144833.783000,8,26,8,17,1762144833.251750,25,-25,1.001,TRUE,99.750,214803.485,FALSE,FALSE,FALSE,TRUE,FALSE,ECG samples:25
2761,-17056.5,TRUE,2745,2025-11-03T10:10:34.629577,1762144834.634000,23,49,23,25,1762144834.134000,48,-2,0.982,TRUE,2746,2025-11-03T10:10:35.629571,1762144834.784000,8,26,8,17,1762144834.252750,25,-25,1.001,TRUE,118.750,214922.235,FALSE,FALSE,FALSE,TRUE,FALSE,ECG samples:25
2762,-17055.5,TRUE,2746,2025-11-03T10:10:35.629571,1762144835.636000,23,50,23,26,1762144835.116000,50,+0,0.982,TRUE,2747,2025-11-03T10:10:36.629543,1762144835.786000,8,26,8,17,1762144835.254750,25,-25,1.002,TRUE,138.750,215060.985,FALSE,FALSE,FALSE,TRUE,FALSE,ECG samples:25
2763,-17054.5,TRUE,2747,2025-11-03T10:10:36.629543,1762144836.638000,24,50,24,25,1762144836.138000,48,-2,1.022,TRUE,2748,2025-11-03T10:10:37.629578,1762144836.788000,8,26,8,17,1762144836.256750,25,-25,1.002,TRUE,118.750,215179.735,FALSE,FALSE,FALSE,TRUE,FALSE,ECG samples:25
2764,-17053.5,TRUE,2748,2025-11-03T10:10:37.629578,1762144837.639000,23,49,23,25,1762144837.139000,49,-1,1.001,TRUE,2749,2025-11-03T10:10:38.629539,1762144837.790000,8,26,8,17,1762144837.258750,25,-25,1.002,TRUE,119.750,215299.485,FALSE,FALSE,FALSE,TRUE,FALSE,ECG samples:25
2765,-17052.5,TRUE,2749,2025-11-03T10:10:38.629539,1762144838.641000,24,49,24,24,1762144838.161000,48,-2,1.022,TRUE,2750,2025-11-03T10:10:39.629573,1762144838.792000,8,26,8,17,1762144838.260750,25,-25,1.002,TRUE,99.750,215399.235,FALSE,FALSE,FALSE,TRUE,FALSE,ECG samples:25
2766,-17051.5,TRUE,2750,2025-11-03T10:10:39.629573,1762144839.642000,24,50,24,25,1762144839.142000,48,-2,0.981,TRUE,2751,2025-11-03T10:10:40.629536,1762144839.793000,8,26,8,17,1762144839.261750,25,-25,1.001,TRUE,119.750,215518.985,FALSE,FALSE,FALSE,TRUE,FALSE,ECG samples:25
2767,-17050.5,TRUE,2751,2025-11-03T10:10:40.629536,1762144840.643000,23,50,23,26,1762144840.123000,48,-2,0.981,TRUE,2752,2025-11-03T10:10:41.629563,1762144840.794000,8,26,8,17,1762144840.262750,25,-25,1.001,TRUE,139.750,215658.735,FALSE,FALSE,FALSE,TRUE,FALSE,ECG samples:25
2768,-17049.5,TRUE,2752,2025-11-03T10:10:41.629563,1762144841.645000,22,48,22,25,1762144841.145000,48,-2,1.022,TRUE,2753,2025-11-03T10:10:42.629534,1762144841.796000,8,26,8,17,1762144841.264750,25,-25,1.002,TRUE,119.750,215778.485,FALSE,FALSE,FALSE,TRUE,FALSE,ECG samples:25
2769,-17048.5,TRUE,2753,2025-11-03T10:10:42.629534,1762144842.646000,23,48,23,24,1762144842.166000,48,-2,1.021,TRUE,2754,2025-11-03T10:10:43.629570,1762144842.798000,8,26,8,17,1762144842.266750,25,-25,1.002,TRUE,100.750,215879.235,FALSE,FALSE,FALSE,TRUE,FALSE,ECG samples:25
2770,-17047.5,TRUE,2754,2025-11-03T10:10:43.629570,1762144843.648000,24,50,24,25,1762144843.148000,48,-2,0.982,TRUE,2755,2025-11-03T10:10:44.629573,1762144843.799000,8,26,8,17,1762144843.267750,25,-25,1.001,TRUE,119.750,215998.985,FALSE,FALSE,FALSE,TRUE,FALSE,ECG samples:25
2771,-17046.5,TRUE,2755,2025-11-03T10:10:44.629573,1762144844.649000,23,48,23,24,1762144844.169000,48,-2,1.021,TRUE,2756,2025-11-03T10:10:45.629560,1762144844.801000,8,26,8,17,1762144844.269750,25,-25,1.002,TRUE,100.750,216099.735,FALSE,FALSE,FALSE,TRUE,FALSE,ECG samples:25
2772,-17045.5,TRUE,2756,2025-11-03T10:10:45.629560,1762144845.651000,24,50,24,25,1762144845.151000,48,-2,0.982,TRUE,2757,2025-11-03T10:10:46.629568,1762144845.803000,8,26,8,17,1762144845.271750,25,-25,1.002,TRUE,120.750,216220.485,FALSE,FALSE,FALSE,TRUE,FALSE,ECG samples:25
2773,-17044.5,TRUE,2757,2025-11-03T10:10:46.629568,1762144846.653000,23,49,23,25,1762144846.153000,47,-3,1.002,TRUE,2758,2025-11-03T10:10:47.629569,1762144846.804000,8,26,8,17,1762144846.272750,25,-25,1.001,TRUE,119.750,216340.235,FALSE,FALSE,FALSE,TRUE,FALSE,ECG samples:25
2774,-17043.5,TRUE,2758,2025-11-03T10:10:47.629569,1762144847.654000,22,49,22,26,1762144847.134000,47,-3,0.981,TRUE,2759,2025-11-03T10:10:48.629544,1762144847.806000,8,26,8,17,1762144847.274750,25,-25,1.002,TRUE,140.750,216480.985,FALSE,FALSE,FALSE,TRUE,FALSE,ECG samples:25
2775,-17042.5,TRUE,2759,2025-11-03T10:10:48.629544,1762144848.656000,21,47,21,25,1762144848.156000,47,-3,1.022,TRUE,2760,2025-11-03T10:10:49.629574,1762144848.807000,8,26,8,17,1762144848.275750,25,-25,1.001,TRUE,119.750,216600.735,FALSE,FALSE,FALSE,TRUE,FALSE,ECG samples:25
2776,-17041.5,TRUE,2760,2025-11-03T10:10:49.629574,1762144849.658000,22,49,22,26,1762144849.138000,48,-2,0.982,TRUE,2761,2025-11-03T10:10:50.629563,1762144849.809000,8,26,8,17,1762144849.277750,25,-25,1.002,TRUE,139.750,216740.485,FALSE,FALSE,FALSE,TRUE,FALSE,ECG samples:25
2777,-17040.5,TRUE,2761,2025-11-03T10:10:50.629563,1762144850.660000,22,49,22,26,1762144850.140000,49,-1,1.002,TRUE,2762,2025-11-03T10:10:51.629572,1762144850.811000,8,26,8,17,1762144850.279750,25,-25,1.002,TRUE,139.750,216880.235,FALSE,FALSE,FALSE,TRUE,FALSE,ECG samples:25
2778,-17039.5,TRUE,2762,2025-11-03T10:10:51.629572,1762144851.662000,23,49,23,25,1762144851.162000,47,-3,1.022,TRUE,2763,2025-11-03T10:10:52.629571,1762144851.812000,8,26,8,17,1762144851.280750,25,-25,1.001,TRUE,118.750,216998.985,FALSE,FALSE,FALSE,TRUE,FALSE,ECG samples:25
2779,-17038.5,TRUE,2763,2025-11-03T10:10:52.629571,1762144852.663000,22,49,22,26,1762144852.143000,49,-1,0.981,TRUE,2764,2025-11-03T10:10:53.629567,1762144852.813000,8,26,8,17,1762144852.281750,25,-25,1.001,TRUE,138.750,217137.735,FALSE,FALSE,FALSE,TRUE,FALSE,ECG samples:25
2780,-17037.5,TRUE,2764,2025-11-03T10:10:53.629567,1762144853.664000,23,50,23,26,1762144853.144000,48,-2,1.001,TRUE,2765,2025-11-03T10:10:54.629586,1762144853.816000,8,27,8,18,1762144853.253500,25,-25,0.972,TRUE,109.500,217247.235,FALSE,FALSE,FALSE,TRUE,FALSE,ECG samples:25
2781,-17036.5,TRUE,2765,2025-11-03T10:10:54.629586,1762144854.666000,22,49,22,26,1762144854.146000,48,-2,1.002,TRUE,2766,2025-11-03T10:10:55.629571,1762144854.818000,7,26,7,18,1762144854.255500,25,-25,1.002,TRUE,109.500,217356.735,FALSE,FALSE,FALSE,TRUE,FALSE,ECG samples:25
2782,-17035.5,TRUE,2766,2025-11-03T10:10:55.629571,1762144855.667000,22,49,22,26,1762144855.147000,48,-2,1.001,TRUE,2767,2025-11-03T10:10:56.629569,1762144855.820000,7,26,7,18,1762144855.257500,25,-25,1.002,TRUE,110.500,217467.235,FALSE,FALSE,FALSE,TRUE,FALSE,ECG samples:25
2783,-17034.5,TRUE,2767,2025-11-03T10:10:56.629569,1762144856.670000,22,49,22,26,1762144856.150000,48,-2,1.003,TRUE,2768,2025-11-03T10:10:57.629572,1762144856.821000,7,26,7,18,1762144856.258500,25,-25,1.001,TRUE,108.500,217575.735,FALSE,FALSE,FALSE,TRUE,FALSE,ECG samples:25
2784,-17033.5,TRUE,2768,2025-11-03T10:10:57.629572,1762144857.672000,22,49,22,26,1762144857.152000,48,-2,1.002,TRUE,2769,2025-11-03T10:10:58.629569,1762144857.823000,7,26,7,18,1762144857.260500,25,-25,1.002,TRUE,108.500,217684.235,FALSE,FALSE,FALSE,TRUE,FALSE,ECG samples:25
2785,-17032.5,TRUE,2769,2025-11-03T10:10:58.629569,1762144858.674000,22,48,22,25,1762144858.174000,48,-2,1.022,TRUE,2770,2025-11-03T10:10:59.629573,1762144858.825000,7,26,7,18,1762144858.262500,25,-25,1.002,TRUE,88.500,217772.735,FALSE,FALSE,FALSE,TRUE,FALSE,ECG samples:25
2786,-17031.5,TRUE,2770,2025-11-03T10:10:59.629573,1762144859.676000,23,49,23,25,1762144859.176000,47,-3,1.002,TRUE,2771,2025-11-03T10:11:00.629567,1762144859.827000,7,26,7,18,1762144859.264500,25,-25,1.002,TRUE,88.500,217861.235,FALSE,FALSE,FALSE,TRUE,FALSE,ECG samples:25
2787,-17030.5,TRUE,2771,2025-11-03T10:11:00.629567,1762144860.678000,22,50,22,27,1762144860.138000,48,-2,0.962,TRUE,2772,2025-11-03T10:11:01.629572,1762144860.828000,7,26,7,18,1762144860.265500,25,-25,1.001,TRUE,127.500,217988.735,FALSE,FALSE,FALSE,TRUE,FALSE,ECG samples:25
2788,-17029.5,TRUE,2772,2025-11-03T10:11:01.629572,1762144861.679000,21,49,21,27,1762144861.139000,49,-1,1.001,TRUE,2773,2025-11-03T10:11:02.629572,1762144861.830000,7,26,7,18,1762144861.267500,25,-25,1.002,TRUE,128.500,218117.235,FALSE,FALSE,FALSE,TRUE,FALSE,ECG samples:25
2789,-17028.5,TRUE,2773,2025-11-03T10:11:02.629572,1762144862.680000,22,49,22,26,1762144862.160000,48,-2,1.021,TRUE,2774,2025-11-03T10:11:03.629572,1762144862.831000,7,26,7,18,1762144862.268500,25,-25,1.001,TRUE,108.500,218225.735,FALSE,FALSE,FALSE,TRUE,FALSE,ECG samples:25
2790,-17027.5,TRUE,2774,2025-11-03T10:11:03.629572,1762144863.682000,22,49,22,26,1762144863.162000,48,-2,1.002,TRUE,2775,2025-11-03T10:11:04.629571,1762144863.833000,7,26,7,18,1762144863.270500,25,-25,1.002,TRUE,108.500,218334.235,FALSE,FALSE,FALSE,TRUE,FALSE,ECG samples:25
2791,-17026.5,TRUE,2775,2025-11-03T10:11:04.629571,1762144864.683000,22,50,22,27,1762144864.143000,49,-1,0.981,TRUE,2776,2025-11-03T10:11:05.629577,1762144864.834000,7,26,7,18,1762144864.271500,25,-25,1.001,TRUE,128.500,218462.735,FALSE,FALSE,FALSE,TRUE,FALSE,ECG samples:25
2792,-17025.5,TRUE,2776,2025-11-03T10:11:05.629577,1762144865.684000,22,50,22,27,1762144865.144000,48,-2,1.001,TRUE,2777,2025-11-03T10:11:06.629576,1762144865.836000,7,26,7,18,1762144865.273500,25,-25,1.002,TRUE,129.500,218592.235,FALSE,FALSE,FALSE,TRUE,FALSE,ECG samples:25
2793,-17024.5,TRUE,2777,2025-11-03T10:11:06.629576,1762144866.686000,21,48,21,26,1762144866.166000,48,-2,1.022,TRUE,2778,2025-11-03T10:11:07.629579,1762144866.838000,7,26,7,18,1762144866.275500,25,-25,1.002,TRUE,109.500,218701.735,FALSE,FALSE,FALSE,TRUE,FALSE,ECG samples:25
2794,-17023.5,TRUE,2778,2025-11-03T10:11:07.629579,1762144867.687000,22,50,22,27,1762144867.147000,48,-2,0.981,TRUE,2779,2025-11-03T10:11:08.629570,1762144867.839000,7,25,7,17,1762144867.307750,24,-26,1.032,TRUE,160.750,218862.484,FALSE,FALSE,FALSE,TRUE,FALSE,ECG samples:24
2795,-17022.5,TRUE,2779,2025-11-03T10:11:08.629570,1762144868.690000,21,49,21,27,1762144868.150000,47,-3,1.003,TRUE,2780,2025-11-03T10:11:09.629577,1762144868.842000,7,26,7,18,1762144868.279500,25,-25,0.972,TRUE,129.500,218991.984,FALSE,FALSE,FALSE,TRUE,FALSE,ECG samples:25
2796,-17021.5,TRUE,2780,2025-11-03T10:11:09.629577,1762144869.691000,20,49,20,28,1762144869.131000,49,-1,0.981,TRUE,2781,2025-11-03T10:11:10.629572,1762144869.843000,7,26,7,18,1762144869.280500,25,-25,1.001,TRUE,149.500,219141.484,FALSE,FALSE,FALSE,TRUE,FALSE,ECG samples:25
2797,-17020.5,TRUE,2781,2025-11-03T10:11:10.629572,1762144870.693000,21,49,21,27,1762144870.153000,49,-1,1.022,TRUE,2782,2025-11-03T10:11:11.629571,1762144870.845000,7,26,7,18,1762144870.282500,25,-25,1.002,TRUE,129.500,219270.984,FALSE,FALSE,FALSE,TRUE,FALSE,ECG samples:25
2798,-17019.5,TRUE,2782,2025-11-03T10:11:11.629571,1762144871.695000,22,49,22,26,1762144871.175000,48,-2,1.022,TRUE,2783,2025-11-03T10:11:12.629572,1762144871.847000,7,26,7,18,1762144871.284500,25,-25,1.002,TRUE,109.500,219380.484,FALSE,FALSE,FALSE,TRUE,FALSE,ECG samples:25
2799,-17018.5,TRUE,2783,2025-11-03T10:11:12.629572,1762144872.697000,22,49,22,26,1762144872.177000,48,-2,1.002,TRUE,2784,2025-11-03T10:11:13.629580,1762144872.849000,7,26,7,18,1762144872.286500,25,-25,1.002,TRUE,109.500,219489.984,FALSE,FALSE,FALSE,TRUE,FALSE,ECG samples:25
2800,-17017.5,TRUE,2784,2025-11-03T10:11:13.629580,1762144873.700000,22,50,22,27,1762144873.160000,48,-2,0.983,TRUE,2785,2025-11-03T10:11:14.629571,1762144873.850000,7,26,7,18,1762144873.287500,25,-25,1.001,TRUE,127.500,219617.484,FALSE,FALSE,FALSE,TRUE,FALSE,ECG samples:25
2801,-17016.5,TRUE,2785,2025-11-03T10:11:14.629571,1762144874.701000,21,49,21,27,1762144874.161000,47,-3,1.001,TRUE,2786,2025-11-03T10:11:15.629573,1762144874.851000,7,26,7,18,1762144874.288500,25,-25,1.001,TRUE,127.500,219744.984,FALSE,FALSE,FALSE,TRUE,FALSE,ECG samples:25
2802,-17015.5,TRUE,2786,2025-11-03T10:11:15.629573,1762144875.702000,20,48,20,27,1762144875.162000,48,-2,1.001,TRUE,2787,2025-11-03T10:11:16.629569,1762144875.853000,7,27,7,19,1762144875.259250,25,-25,0.971,TRUE,97.250,219842.234,FALSE,FALSE,FALSE,TRUE,FALSE,ECG samples:25
2803,-17014.5,TRUE,2787,2025-11-03T10:11:16.629569,1762144876.704000,21,49,21,27,1762144876.164000,48,-2,1.002,TRUE,2788,2025-11-03T10:11:17.629581,1762144876.853000,6,26,6,19,1762144876.259250,25,-25,1.000,TRUE,95.250,219937.484,FALSE,FALSE,FALSE,TRUE,FALSE,ECG samples:25
2804,-17013.4,TRUE,2788,2025-11-03T10:11:17.629581,1762144877.705000,21,48,21,26,1762144877.185000,47,-3,1.021,TRUE,2789,2025-11-03T10:11:18.629567,1762144877.855000,6,26,6,19,1762144877.261250,25,-25,1.002,TRUE,76.250,220013.734,FALSE,FALSE,FALSE,TRUE,FALSE,ECG samples:25
2805,-17012.5,TRUE,2789,2025-11-03T10:11:18.629567,1762144878.707000,21,50,21,28,1762144878.147000,49,-1,0.962,TRUE,2790,2025-11-03T10:11:19.629589,1762144878.856000,6,26,6,19,1762144878.262250,25,-25,1.001,TRUE,115.250,220128.984,FALSE,FALSE,FALSE,TRUE,FALSE,ECG samples:25
2806,-17011.5,TRUE,2790,2025-11-03T10:11:19.629589,1762144879.708000,21,50,21,28,1762144879.148000,48,-2,1.001,TRUE,2791,2025-11-03T10:11:20.629572,1762144879.857000,6,26,6,19,1762144879.263250,25,-25,1.001,TRUE,115.250,220244.234,FALSE,FALSE,FALSE,TRUE,FALSE,ECG samples:25
2807,-17010.5,TRUE,2791,2025-11-03T10:11:20.629572,1762144880.709000,20,49,20,28,1762144880.149000,49,-1,1.001,TRUE,2792,2025-11-03T10:11:21.629568,1762144880.859000,6,26,6,19,1762144880.265250,25,-25,1.002,TRUE,116.250,220360.484,FALSE,FALSE,FALSE,TRUE,FALSE,ECG samples:25
2808,-17009.5,TRUE,2792,2025-11-03T10:11:21.629568,1762144881.711000,21,49,21,27,1762144881.171000,47,-3,1.022,TRUE,2793,2025-11-03T10:11:22.629566,1762144881.860000,6,26,6,19,1762144881.266250,25,-25,1.001,TRUE,95.250,220455.734,FALSE,FALSE,FALSE,TRUE,FALSE,ECG samples:25
2809,-17008.5,TRUE,2793,2025-11-03T10:11:22.629566,1762144882.712000,20,48,20,27,1762144882.172000,48,-2,1.001,TRUE,2794,2025-11-03T10:11:23.629568,1762144882.861000,6,26,6,19,1762144882.267250,25,-25,1.001,TRUE,95.250,220550.984,FALSE,FALSE,FALSE,TRUE,FALSE,ECG samples:25
2810,-17007.5,TRUE,2794,2025-11-03T10:11:23.629568,1762144883.713000,21,49,21,27,1762144883.173000,48,-2,1.001,TRUE,2795,2025-11-03T10:11:24.629576,1762144883.863000,6,26,6,19,1762144883.269250,25,-25,1.002,TRUE,96.250,220647.233,FALSE,FALSE,FALSE,TRUE,FALSE,ECG samples:25
2811,-17006.5,TRUE,2795,2025-11-03T10:11:24.629576,1762144884.715000,21,50,21,28,1762144884.155000,48,-2,0.982,TRUE,2796,2025-11-03T10:11:25.629574,1762144884.864000,6,26,6,19,1762144884.270250,25,-25,1.001,TRUE,115.250,220762.484,FALSE,FALSE,FALSE,TRUE,FALSE,ECG samples:25
2812,-17005.5,TRUE,2796,2025-11-03T10:11:25.629574,1762144885.716000,20,49,20,28,1762144885.156000,48,-2,1.001,TRUE,2797,2025-11-03T10:11:26.629575,1762144885.865000,6,26,6,19,1762144885.271250,25,-25,1.001,TRUE,115.250,220877.733,FALSE,FALSE,FALSE,TRUE,FALSE,ECG samples:25
2813,-17004.5,TRUE,2797,2025-11-03T10:11:26.629575,1762144886.718000,20,48,20,27,1762144886.178000,48,-2,1.022,TRUE,2798,2025-11-03T10:11:27.629570,1762144886.867000,6,26,6,19,1762144886.273250,25,-25,1.002,TRUE,95.250,220972.984,FALSE,FALSE,FALSE,TRUE,FALSE,ECG samples:25
2814,-17003.5,TRUE,2798,2025-11-03T10:11:27.629570,1762144887.719000,21,49,21,27,1762144887.179000,48,-2,1.001,TRUE,2799,2025-11-03T10:11:28.629567,1762144887.869000,6,26,6,19,1762144887.275250,25,-25,1.002,TRUE,96.250,221069.233,FALSE,FALSE,FALSE,TRUE,FALSE,ECG samples:25
2815,-17002.4,TRUE,2799,2025-11-03T10:11:28.629567,1762144888.721000,21,49,21,27,1762144888.181000,48,-2,1.002,TRUE,2800,2025-11-03T10:11:29.629587,1762144888.869000,6,26,6,19,1762144888.275250,25,-25,1.000,TRUE,94.250,221163.483,FALSE,FALSE,FALSE,TRUE,FALSE,ECG samples:25
2816,-17001.4,TRUE,2800,2025-11-03T10:11:29.629587,1762144889.722000,21,49,21,27,1762144889.182000,47,-3,1.001,TRUE,2801,2025-11-03T10:11:30.629571,1762144889.871000,6,26,6,19,1762144889.277250,25,-25,1.002,TRUE,95.250,221258.734,FALSE,FALSE,FALSE,TRUE,FALSE,ECG samples:25
2817,-17000.5,TRUE,2801,2025-11-03T10:11:30.629571,1762144890.724000,20,50,20,29,1762144890.144000,49,-1,0.962,TRUE,2802,2025-11-03T10:11:31.629571,1762144890.872000,6,26,6,19,1762144890.278250,25,-25,1.001,TRUE,134.250,221392.983,FALSE,FALSE,FALSE,TRUE,FALSE,ECG samples:25
2818,-16999.5,TRUE,2802,2025-11-03T10:11:31.629571,1762144891.725000,20,50,20,29,1762144891.145000,48,-2,1.001,TRUE,2803,2025-11-03T10:11:32.629573,1762144891.873000,6,26,6,19,1762144891.279250,25,-25,1.001,TRUE,134.250,221527.233,FALSE,FALSE,FALSE,TRUE,FALSE,ECG samples:25
2819,-16998.5,TRUE,2803,2025-11-03T10:11:32.629573,1762144892.726000,19,48,19,28,1762144892.166000,48,-2,1.021,TRUE,2804,2025-11-03T10:11:33.629566,1762144892.874000,6,26,6,19,1762144892.280250,25,-25,1.001,TRUE,114.250,221641.483,FALSE,FALSE,FALSE,TRUE,FALSE,ECG samples:25
2820,-16997.5,TRUE,2804,2025-11-03T10:11:33.629566,1762144893.729000,20,50,20,29,1762144893.149000,49,-1,0.983,TRUE,2805,2025-11-03T10:11:34.629566,1762144893.876000,6,26,6,19,1762144893.282250,25,-25,1.002,TRUE,133.250,221774.733,FALSE,FALSE,FALSE,TRUE,FALSE,ECG samples:25
2821,-16996.5,TRUE,2805,2025-11-03T10:11:34.629566,1762144894.630000,20,44,20,23,1762144894.170000,47,-3,1.021,TRUE,2806,2025-11-03T10:11:35.629568,1762144894.777000,6,24,6,17,1762144894.245750,25,-25,0.964,TRUE,75.750,221850.483,FALSE,FALSE,FALSE,TRUE,FALSE,ECG samples:25
2822,-16995.5,TRUE,2806,2025-11-03T10:11:35.629568,1762144895.632000,24,48,24,23,1762144895.172000,48,-2,1.002,TRUE,2807,2025-11-03T10:11:36.629568,1762144895.779000,8,26,8,17,1762144895.247750,25,-25,1.002,TRUE,75.750,221926.233,FALSE,FALSE,FALSE,TRUE,FALSE,ECG samples:25
2823,-16994.5,TRUE,2807,2025-11-03T10:11:36.629568,1762144896.633000,25,50,25,24,1762144896.153000,48,-2,0.981,TRUE,2808,2025-11-03T10:11:37.629576,1762144896.780000,8,26,8,17,1762144896.248750,25,-25,1.001,TRUE,95.750,222021.983,FALSE,FALSE,FALSE,TRUE,FALSE,ECG samples:25
2824,-16993.5,TRUE,2808,2025-11-03T10:11:37.629576,1762144897.635000,24,49,24,24,1762144897.155000,48,-2,1.002,TRUE,2809,2025-11-03T10:11:38.629577,1762144897.781000,8,26,8,17,1762144897.249750,25,-25,1.001,TRUE,94.750,222116.733,FALSE,FALSE,FALSE,TRUE,FALSE,ECG samples:25
2825,-16992.5,TRUE,2809,2025-11-03T10:11:38.629577,1762144898.637000,24,49,24,24,1762144898.157000,49,-1,1.002,TRUE,2810,2025-11-03T10:11:39.629569,1762144898.783000,8,26,8,17,1762144898.251750,25,-25,1.002,TRUE,94.750,222211.483,FALSE,FALSE,FALSE,TRUE,FALSE,ECG samples:25
2826,-16991.5,TRUE,2810,2025-11-03T10:11:39.629569,1762144899.639000,25,50,25,24,1762144899.159000,49,-1,1.002,TRUE,2811,2025-11-03T10:11:40.629570,1762144899.784000,8,26,8,17,1762144899.252750,25,-25,1.001,TRUE,93.750,222305.233,FALSE,FALSE,FALSE,TRUE,FALSE,ECG samples:25
2827,-16990.5,TRUE,2811,2025-11-03T10:11:40.629570,1762144900.641000,25,50,25,24,1762144900.161000,48,-2,1.002,TRUE,2812,2025-11-03T10:11:41.629579,1762144900.785000,8,26,8,17,1762144900.253750,25,-25,1.001,TRUE,92.750,222397.983,FALSE,FALSE,FALSE,TRUE,FALSE,ECG samples:25
2828,-16989.5,TRUE,2812,2025-11-03T10:11:41.629579,1762144901.642000,24,49,24,24,1762144901.162000,49,-1,1.001,TRUE,2813,2025-11-03T10:11:42.629570,1762144901.786000,8,26,8,17,1762144901.254750,25,-25,1.001,TRUE,92.750,222490.733,FALSE,FALSE,FALSE,TRUE,FALSE,ECG samples:25
2829,-16988.5,TRUE,2813,2025-11-03T10:11:42.629570,1762144902.644000,25,50,25,24,1762144902.164000,49,-1,1.002,TRUE,2814,2025-11-03T10:11:43.629574,1762144902.788000,8,26,8,17,1762144902.256750,25,-25,1.002,TRUE,92.750,222583.483,FALSE,FALSE,FALSE,TRUE,FALSE,ECG samples:25
2830,-16987.5,TRUE,2814,2025-11-03T10:11:43.629574,1762144903.645000,25,50,25,24,1762144903.165000,48,-2,1.001,TRUE,2815,2025-11-03T10:11:44.629580,1762144903.789000,8,26,8,17,1762144903.257750,25,-25,1.001,TRUE,92.750,222676.233,FALSE,FALSE,FALSE,TRUE,FALSE,ECG samples:25
2831,-16986.5,TRUE,2815,2025-11-03T10:11:44.629580,1762144904.647000,24,50,24,25,1762144904.147000,48,-2,0.982,TRUE,2816,2025-11-03T10:11:45.629572,1762144904.790000,8,26,8,17,1762144904.258750,25,-25,1.001,TRUE,111.750,222787.983,FALSE,FALSE,FALSE,TRUE,FALSE,ECG samples:25
2832,-16985.5,TRUE,2816,2025-11-03T10:11:45.629572,1762144905.648000,23,49,23,25,1762144905.148000,48,-2,1.001,TRUE,2817,2025-11-03T10:11:46.629575,1762144905.791000,8,26,8,17,1762144905.259750,25,-25,1.001,TRUE,111.750,222899.733,FALSE,FALSE,FALSE,TRUE,FALSE,ECG samples:25
2833,-16984.5,TRUE,2817,2025-11-03T10:11:46.629575,1762144906.649000,23,48,23,24,1762144906.169000,47,-3,1.021,TRUE,2818,2025-11-03T10:11:47.629576,1762144906.792000,8,26,8,17,1762144906.260750,25,-25,1.001,TRUE,91.750,222991.483,FALSE,FALSE,FALSE,TRUE,FALSE,ECG samples:25
2834,-16983.5,TRUE,2818,2025-11-03T10:11:47.629576,1762144907.651000,23,49,23,25,1762144907.151000,49,-1,0.982,TRUE,2819,2025-11-03T10:11:48.629580,1762144907.793000,8,26,8,17,1762144907.261750,25,-25,1.001,TRUE,110.750,223102.233,FALSE,FALSE,FALSE,TRUE,FALSE,ECG samples:25
2835,-16982.5,TRUE,2819,2025-11-03T10:11:48.629580,1762144908.653000,24,49,24,24,1762144908.173000,48,-2,1.022,TRUE,2820,2025-11-03T10:11:49.629576,1762144908.795000,8,26,8,17,1762144908.263750,25,-25,1.002,TRUE,90.750,223192.983,FALSE,FALSE,FALSE,TRUE,FALSE,ECG samples:25
2836,-16981.5,TRUE,2820,2025-11-03T10:11:49.629576,1762144909.654000,24,49,24,24,1762144909.174000,48,-2,1.001,TRUE,2821,2025-11-03T10:11:50.629571,1762144909.796000,8,26,8,17,1762144909.264750,25,-25,1.001,TRUE,90.750,223283.733,FALSE,FALSE,FALSE,TRUE,FALSE,ECG samples:25
2837,-16980.5,TRUE,2821,2025-11-03T10:11:50.629571,1762144910.656000,24,50,24,25,1762144910.156000,49,-1,0.982,TRUE,2822,2025-11-03T10:11:51.629571,1762144910.797000,8,26,8,17,1762144910.265750,25,-25,1.001,TRUE,109.750,223393.483,FALSE,FALSE,FALSE,TRUE,FALSE,ECG samples:25
2838,-16979.5,TRUE,2822,2025-11-03T10:11:51.629571,1762144911.658000,24,49,24,24,1762144911.178000,48,-2,1.022,TRUE,2823,2025-11-03T10:11:52.629589,1762144911.798000,8,26,8,17,1762144911.266750,25,-25,1.001,TRUE,88.750,223482.233,FALSE,FALSE,FALSE,TRUE,FALSE,ECG samples:25
2839,-16978.5,TRUE,2823,2025-11-03T10:11:52.629589,1762144912.659000,24,49,24,24,1762144912.179000,48,-2,1.001,TRUE,2824,2025-11-03T10:11:53.629590,1762144912.801000,8,26,8,17,1762144912.269750,25,-25,1.003,TRUE,90.750,223572.984,FALSE,FALSE,FALSE,TRUE,FALSE,ECG samples:25
2840,-16977.5,TRUE,2824,2025-11-03T10:11:53.629590,1762144913.661000,24,50,24,25,1762144913.161000,48,-2,0.982,TRUE,2825,2025-11-03T10:11:54.629578,1762144913.802000,8,26,8,17,1762144913.270750,25,-25,1.001,TRUE,109.750,223682.734,FALSE,FALSE,FALSE,TRUE,FALSE,ECG samples:25
2841,-16976.5,TRUE,2825,2025-11-03T10:11:54.629578,1762144914.662000,23,49,23,25,1762144914.162000,49,-1,1.001,TRUE,2826,2025-11-03T10:11:55.629571,1762144914.804000,8,26,8,17,1762144914.272750,25,-25,1.002,TRUE,110.750,223793.483,FALSE,FALSE,FALSE,TRUE,FALSE,ECG samples:25
2842,-16975.4,TRUE,2826,2025-11-03T10:11:55.629571,1762144915.664000,24,49,24,24,1762144915.184000,47,-3,1.022,TRUE,2827,2025-11-03T10:11:56.629577,1762144915.805000,8,26,8,17,1762144915.273750,25,-25,1.001,TRUE,89.750,223883.234,FALSE,FALSE,FALSE,TRUE,FALSE,ECG samples:25
2843,-16974.5,TRUE,2827,2025-11-03T10:11:56.629577,1762144916.665000,23,49,23,25,1762144916.165000,48,-2,0.981,TRUE,2828,2025-11-03T10:11:57.629574,1762144916.806000,8,26,8,17,1762144916.274750,25,-25,1.001,TRUE,109.750,223992.984,FALSE,FALSE,FALSE,TRUE,FALSE,ECG samples:25
2844,-16973.5,TRUE,2828,2025-11-03T10:11:57.629574,1762144917.666000,23,49,23,25,1762144917.166000,48,-2,1.001,TRUE,2829,2025-11-03T10:11:58.629568,1762144917.808000,8,26,8,17,1762144917.276750,25,-25,1.002,TRUE,110.750,224103.734,FALSE,FALSE,FALSE,TRUE,FALSE,ECG samples:25
2845,-16972.5,TRUE,2829,2025-11-03T10:11:58.629568,1762144918.667000,23,49,23,25,1762144918.167000,49,-1,1.001,TRUE,2830,2025-11-03T10:11:59.629570,1762144918.809000,8,26,8,17,1762144918.277750,25,-25,1.001,TRUE,110.750,224214.484,FALSE,FALSE,FALSE,TRUE,FALSE,ECG samples:25
2846,-16971.5,TRUE,2830,2025-11-03T10:11:59.629570,1762144919.669000,24,51,24,26,1762144919.149000,48,-2,0.982,TRUE,2831,2025-11-03T10:12:00.629593,1762144919.810000,8,27,8,18,1762144919.247500,25,-25,0.970,TRUE,98.500,224312.984,FALSE,FALSE,FALSE,TRUE,FALSE,ECG samples:25
2847,-16970.5,TRUE,2831,2025-11-03T10:12:00.629593,1762144920.670000,22,48,22,25,1762144920.170000,48,-2,1.021,TRUE,2832,2025-11-03T10:12:01.629577,1762144920.812000,7,25,7,17,1762144920.280750,24,-26,1.033,TRUE,110.750,224423.734,FALSE,FALSE,FALSE,TRUE,FALSE,ECG samples:24
2848,-16969.5,TRUE,2832,2025-11-03T10:12:01.629577,1762144921.672000,23,50,23,26,1762144921.152000,48,-2,0.982,TRUE,2833,2025-11-03T10:12:02.629579,1762144921.813000,7,26,7,18,1762144921.250500,25,-25,0.970,TRUE,98.500,224522.234,FALSE,FALSE,FALSE,TRUE,FALSE,ECG samples:25
2849,-16968.5,TRUE,2833,2025-11-03T10:12:02.629579,1762144922.673000,22,49,22,26,1762144922.153000,48,-2,1.001,TRUE,2834,2025-11-03T10:12:03.629574,1762144922.814000,7,26,7,18,1762144922.251500,25,-25,1.001,TRUE,98.500,224620.733,FALSE,FALSE,FALSE,TRUE,FALSE,ECG samples:25
2850,-16967.5,TRUE,2834,2025-11-03T10:12:03.629574,1762144923.674000,22,48,22,25,1762144923.174000,48,-2,1.021,TRUE,2835,2025-11-03T10:12:04.629569,1762144923.816000,7,26,7,18,1762144923.253500,25,-25,1.002,TRUE,79.500,224700.233,FALSE,FALSE,FALSE,TRUE,FALSE,ECG samples:25
2851,-16966.5,TRUE,2835,2025-11-03T10:12:04.629569,1762144924.677000,23,50,23,26,1762144924.157000,49,-1,0.983,TRUE,2836,2025-11-03T10:12:05.629574,1762144924.816000,7,26,7,18,1762144924.253500,25,-25,1.000,TRUE,96.500,224796.733,FALSE,FALSE,FALSE,TRUE,FALSE,ECG samples:25
2852,-16965.5,TRUE,2836,2025-11-03T10:12:05.629574,1762144925.678000,23,50,23,26,1762144925.158000,49,-1,1.001,TRUE,2837,2025-11-03T10:12:06.629569,1762144925.819000,7,26,7,18,1762144925.256500,26,-24,1.003,TRUE,98.500,224895.233,FALSE,FALSE,FALSE,TRUE,FALSE,ECG samples:26
2853,-16964.5,TRUE,2837,2025-11-03T10:12:06.629569,1762144926.679000,23,49,23,25,1762144926.179000,47,-3,1.021,TRUE,2838,2025-11-03T10:12:07.629577,1762144926.819000,8,26,8,17,1762144926.287750,25,-25,1.031,TRUE,108.750,225003.983,FALSE,FALSE,FALSE,TRUE,FALSE,ECG samples:25
2854,-16963.4,TRUE,2838,2025-11-03T10:12:07.629577,1762144927.681000,22,48,22,25,1762144927.181000,48,-2,1.002,TRUE,2839,2025-11-03T10:12:08.629573,1762144927.821000,8,26,8,17,1762144927.289750,25,-25,1.002,TRUE,108.750,225112.734,FALSE,FALSE,FALSE,TRUE,FALSE,ECG samples:25
2855,-16962.5,TRUE,2839,2025-11-03T10:12:08.629573,1762144928.684000,23,50,23,26,1762144928.164000,48,-2,0.983,TRUE,2840,2025-11-03T10:12:09.629569,1762144928.822000,8,26,8,17,1762144928.290750,25,-25,1.001,TRUE,126.750,225239.484,FALSE,FALSE,FALSE,TRUE,FALSE,ECG samples:25
2856,-16961.5,TRUE,2840,2025-11-03T10:12:09.629569,1762144929.686000,22,49,22,26,1762144929.166000,47,-3,1.002,TRUE,2841,2025-11-03T10:12:10.629561,1762144929.825000,8,26,8,17,1762144929.293750,25,-25,1.003,TRUE,127.750,225367.234,FALSE,FALSE,FALSE,TRUE,FALSE,ECG samples:25
2857,-16960.5,TRUE,2841,2025-11-03T10:12:10.629561,1762144930.687000,21,48,21,26,1762144930.167000,49,-1,1.001,TRUE,2842,2025-11-03T10:12:11.629569,1762144930.826000,8,26,8,17,1762144930.294750,25,-25,1.001,TRUE,127.750,225494.983,FALSE,FALSE,FALSE,TRUE,FALSE,ECG samples:25
2858,-16959.4,TRUE,2842,2025-11-03T10:12:11.629569,1762144931.689000,23,49,23,25,1762144931.189000,47,-3,1.022,TRUE,2843,2025-11-03T10:12:12.629567,1762144931.829000,8,26,8,17,1762144931.297750,25,-25,1.003,TRUE,108.750,225603.734,FALSE,FALSE,FALSE,TRUE,FALSE,ECG samples:25
2859,-16958.5,TRUE,2843,2025-11-03T10:12:12.629567,1762144932.690000,22,49,22,26,1762144932.170000,49,-1,0.981,TRUE,2844,2025-11-03T10:12:13.629575,1762144932.830000,8,26,8,17,1762144932.298750,25,-25,1.001,TRUE,128.750,225732.483,FALSE,FALSE,FALSE,TRUE,FALSE,ECG samples:25
2860,-16957.5,TRUE,2844,2025-11-03T10:12:13.629575,1762144933.692000,23,50,23,26,1762144933.172000,47,-3,1.002,TRUE,2845,2025-11-03T10:12:14.629573,1762144933.831000,8,26,8,17,1762144933.299750,25,-25,1.001,TRUE,127.750,225860.234,FALSE,FALSE,FALSE,TRUE,FALSE,ECG samples:25
2861,-16956.5,TRUE,2845,2025-11-03T10:12:14.629573,1762144934.693000,21,48,21,26,1762144934.173000,49,-1,1.001,TRUE,2846,2025-11-03T10:12:15.629578,1762144934.833000,8,26,8,17,1762144934.301750,25,-25,1.002,TRUE,128.750,225988.983,FALSE,FALSE,FALSE,TRUE,FALSE,ECG samples:25
2862,-16955.5,TRUE,2846,2025-11-03T10:12:15.629578,1762144935.694000,23,50,23,26,1762144935.174000,47,-3,1.001,TRUE,2847,2025-11-03T10:12:16.629575,1762144935.834000,8,26,8,17,1762144935.302750,25,-25,1.001,TRUE,128.750,226117.733,FALSE,FALSE,FALSE,TRUE,FALSE,ECG samples:25
2863,-16954.5,TRUE,2847,2025-11-03T10:12:16.629575,1762144936.696000,21,48,21,26,1762144936.176000,48,-2,1.002,TRUE,2848,2025-11-03T10:12:17.629574,1762144936.836000,8,25,8,16,1762144936.336000,24,-26,1.033,TRUE,160.000,226277.733,FALSE,FALSE,FALSE,TRUE,FALSE,ECG samples:24
2864,-16953.5,TRUE,2848,2025-11-03T10:12:17.629574,1762144937.697000,22,49,22,26,1762144937.177000,48,-2,1.001,TRUE,2849,2025-11-03T10:12:18.629572,1762144937.837000,8,26,8,17,1762144937.305750,25,-25,0.970,TRUE,128.750,226406.483,FALSE,FALSE,FALSE,TRUE,FALSE,ECG samples:25
2865,-16952.5,TRUE,2849,2025-11-03T10:12:18.629572,1762144938.699000,22,49,22,26,1762144938.179000,48,-2,1.002,TRUE,2850,2025-11-03T10:12:19.629579,1762144938.838000,8,26,8,17,1762144938.306750,25,-25,1.001,TRUE,127.750,226534.233,FALSE,FALSE,FALSE,TRUE,FALSE,ECG samples:25
2866,-16951.4,TRUE,2850,2025-11-03T10:12:19.629579,1762144939.700000,22,49,22,26,1762144939.180000,47,-3,1.001,TRUE,2851,2025-11-03T10:12:20.629573,1762144939.840000,8,26,8,17,1762144939.308750,25,-25,1.002,TRUE,128.750,226662.983,FALSE,FALSE,FALSE,TRUE,FALSE,ECG samples:25
2867,-16950.4,TRUE,2851,2025-11-03T10:12:20.629573,1762144940.702000,21,48,21,26,1762144940.182000,48,-2,1.002,TRUE,2852,2025-11-03T10:12:21.629568,1762144940.841000,8,26,8,17,1762144940.309750,25,-25,1.001,TRUE,127.750,226790.733,FALSE,FALSE,FALSE,TRUE,FALSE,ECG samples:25
2868,-16949.5,TRUE,2852,2025-11-03T10:12:21.629568,1762144941.704000,22,50,22,27,1762144941.164000,48,-2,0.982,TRUE,2853,2025-11-03T10:12:22.629597,1762144941.842000,8,26,8,17,1762144941.310750,25,-25,1.001,TRUE,146.750,226937.483,FALSE,FALSE,FALSE,TRUE,FALSE,ECG samples:25
2869,-16948.4,TRUE,2853,2025-11-03T10:12:22.629597,1762144942.706000,21,48,21,26,1762144942.186000,48,-2,1.022,TRUE,2854,2025-11-03T10:12:23.629572,1762144942.843000,8,26,8,17,1762144942.311750,25,-25,1.001,TRUE,125.750,227063.233,FALSE,FALSE,FALSE,TRUE,FALSE,ECG samples:25
2870,-16947.4,TRUE,2854,2025-11-03T10:12:23.629572,1762144943.707000,22,49,22,26,1762144943.187000,48,-2,1.001,TRUE,2855,2025-11-03T10:12:24.629572,1762144943.845000,8,26,8,17,1762144943.313750,25,-25,1.002,TRUE,126.750,227189.983,FALSE,FALSE,FALSE,TRUE,FALSE,ECG samples:25
2871,-16946.5,TRUE,2855,2025-11-03T10:12:24.629572,1762144944.709000,22,50,22,27,1762144944.169000,48,-2,0.982,TRUE,2856,2025-11-03T10:12:25.629576,1762144944.846000,8,26,8,17,1762144944.314750,25,-25,1.001,TRUE,145.750,227335.733,FALSE,FALSE,FALSE,TRUE,FALSE,ECG samples:25
2872,-16945.5,TRUE,2856,2025-11-03T10:12:25.629576,1762144945.710000,21,49,21,27,1762144945.170000,48,-2,1.001,TRUE,2857,2025-11-03T10:12:26.629571,1762144945.847000,8,26,8,17,1762144945.315750,25,-25,1.001,TRUE,145.750,227481.483,FALSE,FALSE,FALSE,TRUE,FALSE,ECG samples:25
2873,-16944.4,TRUE,2857,2025-11-03T10:12:26.629571,1762144946.712000,21,48,21,26,1762144946.192000,48,-2,1.022,TRUE,2858,2025-11-03T10:12:27.629571,1762144946.849000,8,27,8,18,1762144946.286500,25,-25,0.971,TRUE,94.500,227575.983,FALSE,FALSE,FALSE,TRUE,FALSE,ECG samples:25
2874,-16943.4,TRUE,2858,2025-11-03T10:12:27.629571,1762144947.713000,22,49,22,26,1762144947.193000,47,-3,1.001,TRUE,2859,2025-11-03T10:12:28.629577,1762144947.850000,7,26,7,18,1762144947.287500,25,-25,1.001,TRUE,94.500,227670.483,FALSE,FALSE,FALSE,TRUE,FALSE,ECG samples:25
2875,-16942.5,TRUE,2859,2025-11-03T10:12:28.629577,1762144948.714000,21,49,21,27,1762144948.174000,48,-2,0.981,TRUE,2860,2025-11-03T10:12:29.629573,1762144948.851000,7,26,7,18,1762144948.288500,25,-25,1.001,TRUE,114.500,227784.983,FALSE,FALSE,FALSE,TRUE,FALSE,ECG samples:25
2876,-16941.5,TRUE,2860,2025-11-03T10:12:29.629573,1762144949.716000,21,49,21,27,1762144949.176000,48,-2,1.002,TRUE,2861,2025-11-03T10:12:30.629572,1762144949.852000,7,26,7,18,1762144949.289500,25,-25,1.001,TRUE,113.500,227898.483,FALSE,FALSE,FALSE,TRUE,FALSE,ECG samples:25
2877,-16940.5,TRUE,2861,2025-11-03T10:12:30.629572,1762144950.716000,21,49,21,27,1762144950.176000,48,-2,1.000,TRUE,2862,2025-11-03T10:12:31.629575,1762144950.854000,7,26,7,18,1762144950.291500,25,-25,1.002,TRUE,115.500,228013.983,FALSE,FALSE,FALSE,TRUE,FALSE,ECG samples:25
2878,-16939.5,TRUE,2862,2025-11-03T10:12:31.629575,1762144951.718000,21,49,21,27,1762144951.178000,49,-1,1.002,TRUE,2863,2025-11-03T10:12:32.629571,1762144951.856000,7,26,7,18,1762144951.293500,25,-25,1.002,TRUE,115.500,228129.483,FALSE,FALSE,FALSE,TRUE,FALSE,ECG samples:25
2879,-16938.4,TRUE,2863,2025-11-03T10:12:32.629571,1762144952.720000,22,49,22,26,1762144952.200000,47,-3,1.022,TRUE,2864,2025-11-03T10:12:33.629569,1762144952.857000,7,26,7,18,1762144952.294500,25,-25,1.001,TRUE,94.500,228223.983,FALSE,FALSE,FALSE,TRUE,FALSE,ECG samples:25
2880,-16937.4,TRUE,2864,2025-11-03T10:12:33.629569,1762144953.721000,21,49,21,27,1762144953.181000,48,-2,0.981,TRUE,2865,2025-11-03T10:12:34.629585,1762144953.858000,7,26,7,18,1762144953.295500,25,-25,1.001,TRUE,114.500,228338.483,FALSE,FALSE,FALSE,TRUE,FALSE,ECG samples:25
2881,-16936.4,TRUE,2865,2025-11-03T10:12:34.629585,1762144954.724000,21,48,21,26,1762144954.204000,48,-2,1.023,TRUE,2866,2025-11-03T10:12:35.629575,1762144954.859000,7,26,7,18,1762144954.296500,25,-25,1.001,TRUE,92.500,228430.983,FALSE,FALSE,FALSE,TRUE,FALSE,ECG samples:25
2882,-16935.4,TRUE,2866,2025-11-03T10:12:35.629575,1762144955.726000,22,49,22,26,1762144955.206000,46,-4,1.002,TRUE,2867,2025-11-03T10:12:36.629570,1762144955.860000,7,26,7,18,1762144955.297500,25,-25,1.001,TRUE,91.500,228522.482,FALSE,FALSE,FALSE,TRUE,FALSE,ECG samples:25
2883,-16934.5,TRUE,2867,2025-11-03T10:12:36.629570,1762144956.728000,20,49,20,28,1762144956.168000,48,-2,0.962,TRUE,2868,2025-11-03T10:12:37.629570,1762144956.861000,7,26,7,18,1762144956.298500,25,-25,1.001,TRUE,130.500,228652.982,FALSE,FALSE,FALSE,TRUE,FALSE,ECG samples:25
2884,-16933.5,TRUE,2868,2025-11-03T10:12:37.629570,1762144957.730000,20,49,20,28,1762144957.170000,49,-1,1.002,TRUE,2869,2025-11-03T10:12:38.629577,1762144957.863000,7,26,7,18,1762144957.300500,25,-25,1.002,TRUE,130.500,228783.482,FALSE,FALSE,FALSE,TRUE,FALSE,ECG samples:25
2885,-16932.4,TRUE,2869,2025-11-03T10:12:38.629577,1762144958.632000,21,44,21,22,1762144958.192000,48,-2,1.022,TRUE,2870,2025-11-03T10:12:39.629570,1762144958.764000,7,23,7,15,1762144958.295250,25,-25,0.995,TRUE,103.250,228886.732,FALSE,FALSE,FALSE,TRUE,FALSE,ECG samples:25
2886,-16931.4,TRUE,2870,2025-11-03T10:12:39.629570,1762144959.633000,26,49,26,22,1762144959.193000,48,-2,1.001,TRUE,2871,2025-11-03T10:12:40.629571,1762144959.766000,10,26,10,15,1762144959.297250,25,-25,1.002,TRUE,104.250,228990.983,FALSE,FALSE,FALSE,TRUE,FALSE,ECG samples:25
2887,-16930.4,TRUE,2871,2025-11-03T10:12:40.629571,1762144960.635000,26,49,26,22,1762144960.195000,47,-3,1.002,TRUE,2872,2025-11-03T10:12:41.629570,1762144960.767000,10,26,10,15,1762144960.298250,25,-25,1.001,TRUE,103.250,229094.233,FALSE,FALSE,FALSE,TRUE,FALSE,ECG samples:25
2888,-16929.5,TRUE,2872,2025-11-03T10:12:41.629570,1762144961.637000,25,49,25,23,1762144961.177000,48,-2,0.982,TRUE,2873,2025-11-03T10:12:42.629568,1762144961.768000,10,27,10,16,1762144961.268000,25,-25,0.970,TRUE,91.000,229185.232,FALSE,FALSE,FALSE,TRUE,FALSE,ECG samples:25
2889,-16928.5,TRUE,2873,2025-11-03T10:12:42.629568,1762144962.638000,25,49,25,23,1762144962.178000,49,-1,1.001,TRUE,2874,2025-11-03T10:12:43.629577,1762144962.770000,9,26,9,16,1762144962.270000,25,-25,1.002,TRUE,92.000,229277.232,FALSE,FALSE,FALSE,TRUE,FALSE,ECG samples:25
2890,-16927.4,TRUE,2874,2025-11-03T10:12:43.629577,1762144963.640000,26,50,26,23,1762144963.180000,48,-2,1.002,TRUE,2875,2025-11-03T10:12:44.629564,1762144963.771000,9,26,9,16,1762144963.271000,25,-25,1.001,TRUE,91.000,229368.232,FALSE,FALSE,FALSE,TRUE,FALSE,ECG samples:25
2891,-16926.5,TRUE,2875,2025-11-03T10:12:44.629564,1762144964.641000,25,50,25,24,1762144964.161000,49,-1,0.981,TRUE,2876,2025-11-03T10:12:45.629569,1762144964.773000,9,26,9,16,1762144964.273000,25,-25,1.002,TRUE,112.000,229480.232,FALSE,FALSE,FALSE,TRUE,FALSE,ECG samples:25
2892,-16925.5,TRUE,2876,2025-11-03T10:12:45.629569,1762144965.643000,25,50,25,24,1762144965.163000,49,-1,1.002,TRUE,2877,2025-11-03T10:12:46.629570,1762144965.774000,9,26,9,16,1762144965.274000,25,-25,1.001,TRUE,111.000,229591.232,FALSE,FALSE,FALSE,TRUE,FALSE,ECG samples:25
2893,-16924.4,TRUE,2877,2025-11-03T10:12:46.629570,1762144966.645000,25,48,25,22,1762144966.205000,47,-3,1.042,TRUE,2878,2025-11-03T10:12:47.629576,1762144966.775000,9,26,9,16,1762144966.275000,25,-25,1.001,TRUE,70.000,229661.232,FALSE,FALSE,FALSE,TRUE,FALSE,ECG samples:25
2894,-16923.5,TRUE,2878,2025-11-03T10:12:47.629576,1762144967.646000,25,50,25,24,1762144967.166000,48,-2,0.961,TRUE,2879,2025-11-03T10:12:48.629570,1762144967.776000,9,26,9,16,1762144967.276000,25,-25,1.001,TRUE,110.000,229771.233,FALSE,FALSE,FALSE,TRUE,FALSE,ECG samples:25
2895,-16922.5,TRUE,2879,2025-11-03T10:12:48.629570,1762144968.647000,24,49,24,24,1762144968.167000,48,-2,1.001,TRUE,2880,2025-11-03T10:12:49.629577,1762144968.777000,9,26,9,16,1762144968.277000,25,-25,1.001,TRUE,110.000,229881.233,FALSE,FALSE,FALSE,TRUE,FALSE,ECG samples:25
2896,-16921.4,TRUE,2880,2025-11-03T10:12:49.629577,1762144969.649000,24,48,24,23,1762144969.189000,49,-1,1.022,TRUE,2881,2025-11-03T10:12:50.629567,1762144969.779000,9,26,9,16,1762144969.279000,25,-25,1.002,TRUE,90.000,229971.233,FALSE,FALSE,FALSE,TRUE,FALSE,ECG samples:25
2897,-16920.4,TRUE,2881,2025-11-03T10:12:50.629567,1762144970.650000,26,50,26,23,1762144970.190000,47,-3,1.001,TRUE,2882,2025-11-03T10:12:51.629570,1762144970.781000,9,26,9,16,1762144970.281000,25,-25,1.002,TRUE,91.000,230062.232,FALSE,FALSE,FALSE,TRUE,FALSE,ECG samples:25
2898,-16919.5,TRUE,2882,2025-11-03T10:12:51.629570,1762144971.652000,24,49,24,24,1762144971.172000,47,-3,0.982,TRUE,2883,2025-11-03T10:12:52.629568,1762144971.782000,9,26,9,16,1762144971.282000,25,-25,1.001,TRUE,110.000,230172.233,FALSE,FALSE,FALSE,TRUE,FALSE,ECG samples:25
2899,-16918.4,TRUE,2883,2025-11-03T10:12:52.629568,1762144972.653000,23,47,23,23,1762144972.193000,47,-3,1.021,TRUE,2884,2025-11-03T10:12:53.629566,1762144972.783000,9,26,9,16,1762144972.283000,25,-25,1.001,TRUE,90.000,230262.233,FALSE,FALSE,FALSE,TRUE,FALSE,ECG samples:25
2900,-16917.4,TRUE,2884,2025-11-03T10:12:53.629566,1762144973.654000,24,48,24,23,1762144973.194000,47,-3,1.001,TRUE,2885,2025-11-03T10:12:54.629564,1762144973.785000,9,26,9,16,1762144973.285000,25,-25,1.002,TRUE,91.000,230353.233,FALSE,FALSE,FALSE,TRUE,FALSE,ECG samples:25
2901,-16916.5,TRUE,2885,2025-11-03T10:12:54.629564,1762144974.655000,24,49,24,24,1762144974.175000,48,-2,0.981,TRUE,2886,2025-11-03T10:12:55.629544,1762144974.786000,9,26,9,16,1762144974.286000,25,-25,1.001,TRUE,111.000,230464.233,FALSE,FALSE,FALSE,TRUE,FALSE,ECG samples:25
2902,-16915.4,TRUE,2886,2025-11-03T10:12:55.629544,1762144975.657000,24,48,24,23,1762144975.197000,48,-2,1.022,TRUE,2887,2025-11-03T10:12:56.629569,1762144975.788000,9,26,9,16,1762144975.288000,25,-25,1.002,TRUE,91.000,230555.233,FALSE,FALSE,FALSE,TRUE,FALSE,ECG samples:25
2903,-16914.4,TRUE,2887,2025-11-03T10:12:56.629569,1762144976.658000,25,49,25,23,1762144976.198000,47,-3,1.001,TRUE,2888,2025-11-03T10:12:57.629578,1762144976.789000,9,26,9,16,1762144976.289000,25,-25,1.001,TRUE,91.000,230646.233,FALSE,FALSE,FALSE,TRUE,FALSE,ECG samples:25
2904,-16913.4,TRUE,2888,2025-11-03T10:12:57.629578,1762144977.660000,24,49,24,24,1762144977.180000,49,-1,0.982,TRUE,2889,2025-11-03T10:12:58.629573,1762144977.790000,9,26,9,16,1762144977.290000,25,-25,1.001,TRUE,110.000,230756.233,FALSE,FALSE,FALSE,TRUE,FALSE,ECG samples:25
2905,-16912.4,TRUE,2889,2025-11-03T10:12:58.629573,1762144978.661000,25,49,25,23,1762144978.201000,48,-2,1.021,TRUE,2890,2025-11-03T10:12:59.629574,1762144978.792000,9,26,9,16,1762144978.292000,25,-25,1.002,TRUE,91.000,230847.233,FALSE,FALSE,FALSE,TRUE,FALSE,ECG samples:25
2906,-16911.4,TRUE,2890,2025-11-03T10:12:59.629574,1762144979.662000,25,50,25,24,1762144979.182000,48,-2,0.981,TRUE,2891,2025-11-03T10:13:00.629571,1762144979.794000,9,26,9,16,1762144979.294000,25,-25,1.002,TRUE,112.000,230959.233,FALSE,FALSE,FALSE,TRUE,FALSE,ECG samples:25
2907,-16910.5,TRUE,2891,2025-11-03T10:13:00.629571,1762144980.664000,24,50,24,25,1762144980.164000,49,-1,0.982,TRUE,2892,2025-11-03T10:13:01.629564,1762144980.795000,9,26,9,16,1762144980.295000,25,-25,1.001,TRUE,131.000,231090.233,FALSE,FALSE,FALSE,TRUE,FALSE,ECG samples:25
2908,-16909.4,TRUE,2892,2025-11-03T10:13:01.629564,1762144981.666000,24,49,24,24,1762144981.186000,48,-2,1.022,TRUE,2893,2025-11-03T10:13:02.629571,1762144981.797000,9,26,9,16,1762144981.297000,25,-25,1.002,TRUE,111.000,231201.233,FALSE,FALSE,FALSE,TRUE,FALSE,ECG samples:25
2909,-16908.4,TRUE,2893,2025-11-03T10:13:02.629571,1762144982.668000,24,49,24,24,1762144982.188000,48,-2,1.002,TRUE,2894,2025-11-03T10:13:03.629578,1762144982.799000,9,26,9,16,1762144982.299000,25,-25,1.002,TRUE,111.000,231312.233,FALSE,FALSE,FALSE,TRUE,FALSE,ECG samples:25
2910,-16907.5,TRUE,2894,2025-11-03T10:13:03.629578,1762144983.671000,24,50,24,25,1762144983.171000,49,-1,0.983,TRUE,2895,2025-11-03T10:13:04.629565,1762144983.800000,9,26,9,16,1762144983.300000,25,-25,1.001,TRUE,129.000,231441.233,FALSE,FALSE,FALSE,TRUE,FALSE,ECG samples:25
2911,-16906.4,TRUE,2895,2025-11-03T10:13:04.629565,1762144984.672000,24,49,24,24,1762144984.192000,48,-2,1.021,TRUE,2896,2025-11-03T10:13:05.629574,1762144984.802000,9,26,9,16,1762144984.302000,25,-25,1.002,TRUE,110.000,231551.233,FALSE,FALSE,FALSE,TRUE,FALSE,ECG samples:25
2912,-16905.4,TRUE,2896,2025-11-03T10:13:05.629574,1762144985.674000,24,49,24,24,1762144985.194000,47,-3,1.002,TRUE,2897,2025-11-03T10:13:06.629563,1762144985.802000,9,26,9,16,1762144985.302000,25,-25,1.000,TRUE,108.000,231659.233,FALSE,FALSE,FALSE,TRUE,FALSE,ECG samples:25
2913,-16904.4,TRUE,2897,2025-11-03T10:13:06.629563,1762144986.676000,23,48,23,24,1762144986.196000,48,-2,1.002,TRUE,2898,2025-11-03T10:13:07.629574,1762144986.804000,9,26,9,16,1762144986.304000,25,-25,1.002,TRUE,108.000,231767.233,FALSE,FALSE,FALSE,TRUE,FALSE,ECG samples:25
2914,-16903.4,TRUE,2898,2025-11-03T10:13:07.629574,1762144987.676000,24,48,24,23,1762144987.216000,47,-3,1.020,TRUE,2899,2025-11-03T10:13:08.629571,1762144987.805000,9,26,9,16,1762144987.305000,25,-25,1.001,TRUE,89.000,231856.233,FALSE,FALSE,FALSE,TRUE,FALSE,ECG samples:25
2915,-16902.4,TRUE,2899,2025-11-03T10:13:08.629571,1762144988.678000,24,49,24,24,1762144988.198000,48,-2,0.982,TRUE,2900,2025-11-03T10:13:09.629573,1762144988.807000,9,27,9,17,1762144988.275750,25,-25,0.971,TRUE,77.750,231933.983,FALSE,FALSE,FALSE,TRUE,FALSE,ECG samples:25
2916,-16901.4,TRUE,2900,2025-11-03T10:13:09.629573,1762144989.680000,24,49,24,24,1762144989.200000,48,-2,1.002,TRUE,2901,2025-11-03T10:13:10.629565,1762144989.808000,8,26,8,17,1762144989.276750,25,-25,1.001,TRUE,76.750,232010.733,FALSE,FALSE,FALSE,TRUE,FALSE,ECG samples:25
2917,-16900.4,TRUE,2901,2025-11-03T10:13:10.629565,1762144990.681000,24,49,24,24,1762144990.201000,47,-3,1.001,TRUE,2902,2025-11-03T10:13:11.629572,1762144990.809000,8,26,8,17,1762144990.277750,25,-25,1.001,TRUE,76.750,232087.483,FALSE,FALSE,FALSE,TRUE,FALSE,ECG samples:25
2918,-16899.4,TRUE,2902,2025-11-03T10:13:11.629572,1762144991.681000,23,49,23,25,1762144991.181000,49,-1,0.980,TRUE,2903,2025-11-03T10:13:12.629571,1762144991.810000,8,26,8,17,1762144991.278750,25,-25,1.001,TRUE,97.750,232185.233,FALSE,FALSE,FALSE,TRUE,FALSE,ECG samples:25
2919,-16898.4,TRUE,2903,2025-11-03T10:13:12.629571,1762144992.684000,24,49,24,24,1762144992.204000,48,-2,1.023,TRUE,2904,2025-11-03T10:13:13.629574,1762144992.812000,8,26,8,17,1762144992.280750,25,-25,1.002,TRUE,76.750,232261.983,FALSE,FALSE,FALSE,TRUE,FALSE,ECG samples:25
2920,-16897.4,TRUE,2904,2025-11-03T10:13:13.629574,1762144993.687000,24,49,24,24,1762144993.207000,48,-2,1.003,TRUE,2905,2025-11-03T10:13:14.629570,1762144993.813000,8,26,8,17,1762144993.281750,25,-25,1.001,TRUE,74.750,232336.733,FALSE,FALSE,FALSE,TRUE,FALSE,ECG samples:25
2921,-16896.4,TRUE,2905,2025-11-03T10:13:14.629570,1762144994.689000,24,49,24,24,1762144994.209000,47,-3,1.002,TRUE,2906,2025-11-03T10:13:15.629570,1762144994.814000,8,26,8,17,1762144994.282750,25,-25,1.001,TRUE,73.750,232410.483,FALSE,FALSE,FALSE,TRUE,FALSE,ECG samples:25
2922,-16895.4,TRUE,2906,2025-11-03T10:13:15.629570,1762144995.691000,23,49,23,25,1762144995.191000,48,-2,0.982,TRUE,2907,2025-11-03T10:13:16.629567,1762144995.815000,8,26,8,17,1762144995.283750,25,-25,1.001,TRUE,92.750,232503.233,FALSE,FALSE,FALSE,TRUE,FALSE,ECG samples:25
2923,-16894.4,TRUE,2907,2025-11-03T10:13:16.629567,1762144996.693000,23,49,23,25,1762144996.193000,49,-1,1.002,TRUE,2908,2025-11-03T10:13:17.629571,1762144996.817000,8,26,8,17,1762144996.285750,25,-25,1.002,TRUE,92.750,232595.983,FALSE,FALSE,FALSE,TRUE,FALSE,ECG samples:25
2924,-16893.4,TRUE,2908,2025-11-03T10:13:17.629571,1762144997.694000,24,50,24,25,1762144997.194000,48,-2,1.001,TRUE,2909,2025-11-03T10:13:18.629571,1762144997.818000,8,26,8,17,1762144997.286750,25,-25,1.001,TRUE,92.750,232688.733,FALSE,FALSE,FALSE,TRUE,FALSE,ECG samples:25
2925,-16892.4,TRUE,2909,2025-11-03T10:13:18.629571,1762144998.695000,23,49,23,25,1762144998.195000,49,-1,1.001,TRUE,2910,2025-11-03T10:13:19.629574,1762144998.820000,8,26,8,17,1762144998.288750,25,-25,1.002,TRUE,93.750,232782.483,FALSE,FALSE,FALSE,TRUE,FALSE,ECG samples:25
2926,-16891.4,TRUE,2910,2025-11-03T10:13:19.629574,1762144999.699000,24,50,24,25,1762144999.199000,48,-2,1.004,TRUE,2911,2025-11-03T10:13:20.629572,1762144999.821000,8,26,8,17,1762144999.289750,25,-25,1.001,TRUE,90.750,232873.233,FALSE,FALSE,FALSE,TRUE,FALSE,ECG samples:25
2927,-16890.4,TRUE,2911,2025-11-03T10:13:20.629572,1762145000.700000,23,50,23,26,1762145000.180000,49,-1,0.981,TRUE,2912,2025-11-03T10:13:21.629566,1762145000.822000,8,26,8,17,1762145000.290750,25,-25,1.001,TRUE,110.750,232983.983,FALSE,FALSE,FALSE,TRUE,FALSE,ECG samples:25
2928,-16889.4,TRUE,2912,2025-11-03T10:13:21.629566,1762145001.701000,23,49,23,25,1762145001.201000,47,-3,1.021,TRUE,2913,2025-11-03T10:13:22.629586,1762145001.824000,8,26,8,17,1762145001.292750,25,-25,1.002,TRUE,91.750,233075.733,FALSE,FALSE,FALSE,TRUE,FALSE,ECG samples:25
2929,-16888.4,TRUE,2913,2025-11-03T10:13:22.629586,1762145002.703000,22,48,22,25,1762145002.203000,48,-2,1.002,TRUE,2914,2025-11-03T10:13:23.629575,1762145002.826000,8,26,8,17,1762145002.294750,25,-25,1.002,TRUE,91.750,233167.483,FALSE,FALSE,FALSE,TRUE,FALSE,ECG samples:25
2930,-16887.4,TRUE,2914,2025-11-03T10:13:23.629575,1762145003.705000,23,49,23,25,1762145003.205000,49,-1,1.002,TRUE,2915,2025-11-03T10:13:24.629570,1762145003.826000,8,26,8,17,1762145003.294750,25,-25,1.000,TRUE,89.750,233257.233,FALSE,FALSE,FALSE,TRUE,FALSE,ECG samples:25
2931,-16886.4,TRUE,2915,2025-11-03T10:13:24.629570,1762145004.707000,24,50,24,25,1762145004.207000,48,-2,1.002,TRUE,2916,2025-11-03T10:13:25.629571,1762145004.828000,8,26,8,17,1762145004.296750,25,-25,1.002,TRUE,89.750,233346.983,FALSE,FALSE,FALSE,TRUE,FALSE,ECG samples:25
2932,-16885.5,TRUE,2916,2025-11-03T10:13:25.629571,1762145005.708000,23,51,23,27,1762145005.168000,50,+0,0.961,TRUE,2917,2025-11-03T10:13:26.629575,1762145005.829000,8,26,8,17,1762145005.297750,25,-25,1.001,TRUE,129.750,233476.733,FALSE,FALSE,FALSE,TRUE,FALSE,ECG samples:25
2933,-16884.4,TRUE,2917,2025-11-03T10:13:26.629575,1762145006.709000,23,50,23,26,1762145006.189000,49,-1,1.021,TRUE,2918,2025-11-03T10:13:27.629579,1762145006.831000,8,26,8,17,1762145006.299750,25,-25,1.002,TRUE,110.750,233587.483,FALSE,FALSE,FALSE,TRUE,FALSE,ECG samples:25
2934,-16883.4,TRUE,2918,2025-11-03T10:13:27.629579,1762145007.711000,23,49,23,25,1762145007.211000,47,-3,1.022,TRUE,2919,2025-11-03T10:13:28.629581,1762145007.832000,8,26,8,17,1762145007.300750,25,-25,1.001,TRUE,89.750,233677.233,FALSE,FALSE,FALSE,TRUE,FALSE,ECG samples:25
2935,-16882.4,TRUE,2919,2025-11-03T10:13:28.629581,1762145008.713000,22,49,22,26,1762145008.193000,48,-2,0.982,TRUE,2920,2025-11-03T10:13:29.629596,1762145008.833000,8,26,8,17,1762145008.301750,25,-25,1.001,TRUE,108.750,233785.983,FALSE,FALSE,FALSE,TRUE,FALSE,ECG samples:25
2936,-16881.4,TRUE,2920,2025-11-03T10:13:29.629596,1762145009.714000,22,49,22,26,1762145009.194000,49,-1,1.001,TRUE,2921,2025-11-03T10:13:30.629572,1762145009.834000,8,26,8,17,1762145009.302750,25,-25,1.001,TRUE,108.750,233894.733,FALSE,FALSE,FALSE,TRUE,FALSE,ECG samples:25
2937,-16880.4,TRUE,2921,2025-11-03T10:13:30.629572,1762145010.716000,23,49,23,25,1762145010.216000,48,-2,1.022,TRUE,2922,2025-11-03T10:13:31.629573,1762145010.835000,8,26,8,17,1762145010.303750,25,-25,1.001,TRUE,87.750,233982.483,FALSE,FALSE,FALSE,TRUE,FALSE,ECG samples:25
2938,-16879.4,TRUE,2922,2025-11-03T10:13:31.629573,1762145011.718000,23,50,23,26,1762145011.198000,48,-2,0.982,TRUE,2923,2025-11-03T10:13:32.629570,1762145011.837000,8,26,8,17,1762145011.305750,25,-25,1.002,TRUE,107.750,234090.233,FALSE,FALSE,FALSE,TRUE,FALSE,ECG samples:25
2939,-16878.4,TRUE,2923,2025-11-03T10:13:32.629570,1762145012.719000,22,48,22,25,1762145012.219000,48,-2,1.021,TRUE,2924,2025-11-03T10:13:33.629571,1762145012.839000,8,26,8,17,1762145012.307750,25,-25,1.002,TRUE,88.750,234178.983,FALSE,FALSE,FALSE,TRUE,FALSE,ECG samples:25
2940,-16877.4,TRUE,2924,2025-11-03T10:13:33.629571,1762145013.721000,23,50,23,26,1762145013.201000,48,-2,0.982,TRUE,2925,2025-11-03T10:13:34.629576,1762145013.840000,8,26,8,17,1762145013.308750,25,-25,1.001,TRUE,107.750,234286.733,FALSE,FALSE,FALSE,TRUE,FALSE,ECG samples:25
2941,-16876.4,TRUE,2925,2025-11-03T10:13:34.629576,1762145014.722000,22,49,22,26,1762145014.202000,48,-2,1.001,TRUE,2926,2025-11-03T10:13:35.629575,1762145014.842000,8,26,8,17,1762145014.310750,25,-25,1.002,TRUE,108.750,234395.483,FALSE,FALSE,FALSE,TRUE,FALSE,ECG samples:25
2942,-16875.4,TRUE,2926,2025-11-03T10:13:35.629575,1762145015.723000,22,49,22,26,1762145015.203000,48,-2,1.001,TRUE,2927,2025-11-03T10:13:36.629575,1762145015.844000,8,27,8,18,1762145015.281500,25,-25,0.971,TRUE,78.500,234473.983,FALSE,FALSE,FALSE,TRUE,FALSE,ECG samples:25
2943,-16874.4,TRUE,2927,2025-11-03T10:13:36.629575,1762145016.725000,22,50,22,27,1762145016.185000,48,-2,0.982,TRUE,2928,2025-11-03T10:13:37.629580,1762145016.845000,7,26,7,18,1762145016.282500,25,-25,1.001,TRUE,97.500,234571.483,FALSE,FALSE,FALSE,TRUE,FALSE,ECG samples:25
2944,-16873.4,TRUE,2928,2025-11-03T10:13:37.629580,1762145017.726000,21,49,21,27,1762145017.186000,48,-2,1.001,TRUE,2929,2025-11-03T10:13:38.629576,1762145017.846000,7,26,7,18,1762145017.283500,25,-25,1.001,TRUE,97.500,234668.983,FALSE,FALSE,FALSE,TRUE,FALSE,ECG samples:25
2945,-16872.4,TRUE,2929,2025-11-03T10:13:38.629576,1762145018.727000,21,48,21,26,1762145018.207000,48,-2,1.021,TRUE,2930,2025-11-03T10:13:39.629575,1762145018.848000,7,26,7,18,1762145018.285500,25,-25,1.002,TRUE,78.500,234747.483,FALSE,FALSE,FALSE,TRUE,FALSE,ECG samples:25
2946,-16871.4,TRUE,2930,2025-11-03T10:13:39.629575,1762145019.728000,22,49,22,26,1762145019.208000,48,-2,1.001,TRUE,2931,2025-11-03T10:13:40.629569,1762145019.849000,7,26,7,18,1762145019.286500,25,-25,1.001,TRUE,78.500,234825.983,FALSE,FALSE,FALSE,TRUE,FALSE,ECG samples:25
2947,-16870.4,TRUE,2931,2025-11-03T10:13:40.629569,1762145020.630000,22,45,22,22,1762145020.190000,48,-2,0.982,TRUE,2932,2025-11-03T10:13:41.629572,1762145020.750000,7,23,7,15,1762145020.281250,25,-25,0.995,TRUE,91.250,234917.233,FALSE,FALSE,FALSE,TRUE,FALSE,ECG samples:25
2948,-16869.4,TRUE,2932,2025-11-03T10:13:41.629572,1762145021.632000,26,49,26,22,1762145021.192000,48,-2,1.002,TRUE,2933,2025-11-03T10:13:42.629556,1762145021.751000,10,26,10,15,1762145021.282250,25,-25,1.001,TRUE,90.250,235007.483,FALSE,FALSE,FALSE,TRUE,FALSE,ECG samples:25
2949,-16868.4,TRUE,2933,2025-11-03T10:13:42.629556,1762145022.634000,26,49,26,22,1762145022.194000,49,-1,1.002,TRUE,2934,2025-11-03T10:13:43.629573,1762145022.753000,10,26,10,15,1762145022.284250,25,-25,1.002,TRUE,90.250,235097.733,FALSE,FALSE,FALSE,TRUE,FALSE,ECG samples:25
2950,-16867.4,TRUE,2934,2025-11-03T10:13:43.629573,1762145023.635000,27,49,27,21,1762145023.215000,48,-2,1.021,TRUE,2935,2025-11-03T10:13:44.629561,1762145023.755000,10,26,10,15,1762145023.286250,25,-25,1.002,TRUE,71.250,235168.983,FALSE,FALSE,FALSE,TRUE,FALSE,ECG samples:25
2951,-16866.4,TRUE,2935,2025-11-03T10:13:44.629561,1762145024.636000,27,49,27,21,1762145024.216000,48,-2,1.001,TRUE,2936,2025-11-03T10:13:45.629564,1762145024.756000,10,26,10,15,1762145024.287250,25,-25,1.001,TRUE,71.250,235240.233,FALSE,FALSE,FALSE,TRUE,FALSE,ECG samples:25
2952,-16865.4,TRUE,2936,2025-11-03T10:13:45.629564,1762145025.638000,27,50,27,22,1762145025.198000,48,-2,0.982,TRUE,2937,2025-11-03T10:13:46.629554,1762145025.758000,10,26,10,15,1762145025.289250,26,-24,1.002,TRUE,91.250,235331.483,FALSE,FALSE,FALSE,TRUE,FALSE,ECG samples:26
2953,-16864.4,TRUE,2937,2025-11-03T10:13:46.629554,1762145026.640000,26,49,26,22,1762145026.200000,47,-3,1.002,TRUE,2938,2025-11-03T10:13:47.629573,1762145026.760000,11,26,11,14,1762145026.322500,25,-25,1.033,TRUE,122.500,235453.983,FALSE,FALSE,FALSE,TRUE,FALSE,ECG samples:25
2954,-16863.4,TRUE,2938,2025-11-03T10:13:47.629573,1762145027.641000,25,48,25,22,1762145027.201000,48,-2,1.001,TRUE,2939,2025-11-03T10:13:48.629551,1762145027.762000,11,26,11,14,1762145027.324500,25,-25,1.002,TRUE,123.500,235577.483,FALSE,FALSE,FALSE,TRUE,FALSE,ECG samples:25
2955,-16862.4,TRUE,2939,2025-11-03T10:13:48.629551,1762145028.644000,26,50,26,23,1762145028.184000,49,-1,0.983,TRUE,2940,2025-11-03T10:13:49.629566,1762145028.764000,11,27,11,15,1762145028.295250,25,-25,0.971,TRUE,111.250,235688.733,FALSE,FALSE,FALSE,TRUE,FALSE,ECG samples:25
2956,-16861.4,TRUE,2940,2025-11-03T10:13:49.629566,1762145029.646000,26,49,26,22,1762145029.206000,49,-1,1.022,TRUE,2941,2025-11-03T10:13:50.629553,1762145029.766000,10,26,10,15,1762145029.297250,25,-25,1.002,TRUE,91.250,235779.983,FALSE,FALSE,FALSE,TRUE,FALSE,ECG samples:25
2957,-16860.4,TRUE,2941,2025-11-03T10:13:50.629553,1762145030.648000,27,50,27,22,1762145030.208000,48,-2,1.002,TRUE,2942,2025-11-03T10:13:51.629575,1762145030.767000,10,26,10,15,1762145030.298250,25,-25,1.001,TRUE,90.250,235870.233,FALSE,FALSE,FALSE,TRUE,FALSE,ECG samples:25
2958,-16859.4,TRUE,2942,2025-11-03T10:13:51.629575,1762145031.649000,26,49,26,22,1762145031.209000,48,-2,1.001,TRUE,2943,2025-11-03T10:13:52.629552,1762145031.769000,10,26,10,15,1762145031.300250,25,-25,1.002,TRUE,91.250,235961.483,FALSE,FALSE,FALSE,TRUE,FALSE,ECG samples:25
2959,-16858.4,TRUE,2943,2025-11-03T10:13:52.629552,1762145032.651000,26,50,26,23,1762145032.191000,48,-2,0.982,TRUE,2944,2025-11-03T10:13:53.629556,1762145032.770000,10,26,10,15,1762145032.301250,24,-26,1.001,TRUE,110.250,236071.733,FALSE,FALSE,FALSE,TRUE,FALSE,ECG samples:24
2960,-16857.4,TRUE,2944,2025-11-03T10:13:53.629556,1762145033.652000,25,49,25,23,1762145033.192000,49,-1,1.001,TRUE,2945,2025-11-03T10:13:54.629552,1762145033.771000,9,25,9,15,1762145033.302250,25,-25,1.001,TRUE,110.250,236181.983,FALSE,FALSE,FALSE,TRUE,FALSE,ECG samples:25
2961,-16856.4,TRUE,2945,2025-11-03T10:13:54.629552,1762145034.654000,26,48,26,21,1762145034.234000,47,-3,1.042,TRUE,2946,2025-11-03T10:13:55.629578,1762145034.773000,10,26,10,15,1762145034.304250,25,-25,1.002,TRUE,70.250,236252.234,FALSE,FALSE,FALSE,TRUE,FALSE,ECG samples:25
2962,-16855.4,TRUE,2946,2025-11-03T10:13:55.629578,1762145035.656000,26,49,26,22,1762145035.216000,48,-2,0.982,TRUE,2947,2025-11-03T10:13:56.629577,1762145035.774000,10,26,10,15,1762145035.305250,25,-25,1.001,TRUE,89.250,236341.484,FALSE,FALSE,FALSE,TRUE,FALSE,ECG samples:25
2963,-16854.4,TRUE,2947,2025-11-03T10:13:56.629577,1762145036.657000,26,49,26,22,1762145036.217000,47,-3,1.001,TRUE,2948,2025-11-03T10:13:57.629579,1762145036.775000,10,26,10,15,1762145036.306250,25,-25,1.001,TRUE,89.250,236430.734,FALSE,FALSE,FALSE,TRUE,FALSE,ECG samples:25
2964,-16853.4,TRUE,2948,2025-11-03T10:13:57.629579,1762145037.660000,25,49,25,23,1762145037.200000,48,-2,0.983,TRUE,2949,2025-11-03T10:13:58.629568,1762145037.777000,10,26,10,15,1762145037.308250,25,-25,1.002,TRUE,108.250,236538.984,FALSE,FALSE,FALSE,TRUE,FALSE,ECG samples:25
2965,-16852.4,TRUE,2949,2025-11-03T10:13:58.629568,1762145038.662000,25,49,25,23,1762145038.202000,49,-1,1.002,TRUE,2950,2025-11-03T10:13:59.629566,1762145038.778000,10,26,10,15,1762145038.309250,25,-25,1.001,TRUE,107.250,236646.234,FALSE,FALSE,FALSE,TRUE,FALSE,ECG samples:25
2966,-16851.4,TRUE,2950,2025-11-03T10:13:59.629566,1762145039.663000,26,49,26,22,1762145039.223000,47,-3,1.021,TRUE,2951,2025-11-03T10:14:00.629543,1762145039.780000,10,26,10,15,1762145039.311250,25,-25,1.002,TRUE,88.250,236734.484,FALSE,FALSE,FALSE,TRUE,FALSE,ECG samples:25
2967,-16850.4,TRUE,2951,2025-11-03T10:14:00.629543,1762145040.665000,25,50,25,24,1762145040.185000,49,-1,0.962,TRUE,2952,2025-11-03T10:14:01.629581,1762145040.781000,10,26,10,15,1762145040.312250,25,-25,1.001,TRUE,127.250,236861.734,FALSE,FALSE,FALSE,TRUE,FALSE,ECG samples:25
2968,-16849.4,TRUE,2952,2025-11-03T10:14:01.629581,1762145041.666000,25,49,25,23,1762145041.206000,49,-1,1.021,TRUE,2953,2025-11-03T10:14:02.629559,1762145041.783000,10,26,10,15,1762145041.314250,25,-25,1.002,TRUE,108.250,236969.984,FALSE,FALSE,FALSE,TRUE,FALSE,ECG samples:25
2969,-16848.4,TRUE,2953,2025-11-03T10:14:02.629559,1762145042.668000,26,51,26,24,1762145042.188000,49,-1,0.982,TRUE,2954,2025-11-03T10:14:03.629565,1762145042.785000,10,26,10,15,1762145042.316250,25,-25,1.002,TRUE,128.250,237098.234,FALSE,FALSE,FALSE,TRUE,FALSE,ECG samples:25
2970,-16847.4,TRUE,2954,2025-11-03T10:14:03.629565,1762145043.669000,25,49,25,23,1762145043.209000,48,-2,1.021,TRUE,2955,2025-11-03T10:14:04.629548,1762145043.787000,10,26,10,15,1762145043.318250,25,-25,1.002,TRUE,109.250,237207.484,FALSE,FALSE,FALSE,TRUE,FALSE,ECG samples:25
2971,-16846.4,TRUE,2955,2025-11-03T10:14:04.629548,1762145044.671000,25,50,25,24,1762145044.191000,49,-1,0.982,TRUE,2956,2025-11-03T10:14:05.629559,1762145044.789000,10,26,10,15,1762145044.320250,25,-25,1.002,TRUE,129.250,237336.734,FALSE,FALSE,FALSE,TRUE,FALSE,ECG samples:25
2972,-16845.4,TRUE,2956,2025-11-03T10:14:05.629559,1762145045.673000,25,49,25,23,1762145045.213000,48,-2,1.022,TRUE,2957,2025-11-03T10:14:06.629545,1762145045.791000,10,26,10,15,1762145045.322250,25,-25,1.002,TRUE,109.250,237445.984,FALSE,FALSE,FALSE,TRUE,FALSE,ECG samples:25
2973,-16844.4,TRUE,2957,2025-11-03T10:14:06.629545,1762145046.674000,25,49,25,23,1762145046.214000,48,-2,1.001,TRUE,2958,2025-11-03T10:14:07.629579,1762145046.793000,10,26,10,15,1762145046.324250,25,-25,1.002,TRUE,110.250,237556.234,FALSE,FALSE,FALSE,TRUE,FALSE,ECG samples:25
2974,-16843.4,TRUE,2958,2025-11-03T10:14:07.629579,1762145047.675000,25,49,25,23,1762145047.215000,48,-2,1.001,TRUE,2959,2025-11-03T10:14:08.629570,1762145047.795000,10,26,10,15,1762145047.326250,25,-25,1.002,TRUE,111.250,237667.484,FALSE,FALSE,FALSE,TRUE,FALSE,ECG samples:25
2975,-16842.4,TRUE,2959,2025-11-03T10:14:08.629570,1762145048.676000,25,49,25,23,1762145048.216000,47,-3,1.001,TRUE,2960,2025-11-03T10:14:09.629567,1762145048.797000,10,26,10,15,1762145048.328250,25,-25,1.002,TRUE,112.250,237779.734,FALSE,FALSE,FALSE,TRUE,FALSE,ECG samples:25
2976,-16841.4,TRUE,2960,2025-11-03T10:14:09.629567,1762145049.679000,24,48,24,23,1762145049.219000,47,-3,1.003,TRUE,2961,2025-11-03T10:14:10.629571,1762145049.798000,10,26,10,15,1762145049.329250,25,-25,1.001,TRUE,110.250,237889.984,FALSE,FALSE,FALSE,TRUE,FALSE,ECG samples:25
2977,-16840.4,TRUE,2961,2025-11-03T10:14:10.629571,1762145050.681000,24,49,24,24,1762145050.201000,48,-2,0.982,TRUE,2962,2025-11-03T10:14:11.629572,1762145050.800000,10,26,10,15,1762145050.331250,25,-25,1.002,TRUE,130.250,238020.234,FALSE,FALSE,FALSE,TRUE,FALSE,ECG samples:25
2978,-16839.4,TRUE,2962,2025-11-03T10:14:11.629572,1762145051.682000,24,48,24,23,1762145051.222000,48,-2,1.021,TRUE,2963,2025-11-03T10:14:12.629574,1762145051.801000,10,27,10,16,1762145051.301000,25,-25,0.970,TRUE,79.000,238099.234,FALSE,FALSE,FALSE,TRUE,FALSE,ECG samples:25
2979,-16838.4,TRUE,2963,2025-11-03T10:14:12.629574,1762145052.684000,25,49,25,23,1762145052.224000,48,-2,1.002,TRUE,2964,2025-11-03T10:14:13.629571,1762145052.803000,9,26,9,16,1762145052.303000,25,-25,1.002,TRUE,79.000,238178.234,FALSE,FALSE,FALSE,TRUE,FALSE,ECG samples:25
2980,-16837.4,TRUE,2964,2025-11-03T10:14:13.629571,1762145053.686000,25,49,25,23,1762145053.226000,47,-3,1.002,TRUE,2965,2025-11-03T10:14:14.629576,1762145053.805000,9,26,9,16,1762145053.305000,25,-25,1.002,TRUE,79.000,238257.234,FALSE,FALSE,FALSE,TRUE,FALSE,ECG samples:25
2981,-16836.4,TRUE,2965,2025-11-03T10:14:14.629576,1762145054.687000,24,48,24,23,1762145054.227000,48,-2,1.001,TRUE,2966,2025-11-03T10:14:15.629577,1762145054.807000,9,26,9,16,1762145054.307000,25,-25,1.002,TRUE,80.000,238337.234,FALSE,FALSE,FALSE,TRUE,FALSE,ECG samples:25
2982,-16835.4,TRUE,2966,2025-11-03T10:14:15.629577,1762145055.688000,25,49,25,23,1762145055.228000,47,-3,1.001,TRUE,2967,2025-11-03T10:14:16.629571,1762145055.808000,9,26,9,16,1762145055.308000,25,-25,1.001,TRUE,80.000,238417.234,FALSE,FALSE,FALSE,TRUE,FALSE,ECG samples:25
2983,-16834.4,TRUE,2967,2025-11-03T10:14:16.629571,1762145056.690000,24,49,24,24,1762145056.210000,48,-2,0.982,TRUE,2968,2025-11-03T10:14:17.629573,1762145056.810000,9,26,9,16,1762145056.310000,25,-25,1.002,TRUE,100.000,238517.234,FALSE,FALSE,FALSE,TRUE,FALSE,ECG samples:25
2984,-16833.4,TRUE,2968,2025-11-03T10:14:17.629573,1762145057.693000,24,49,24,24,1762145057.213000,48,-2,1.003,TRUE,2969,2025-11-03T10:14:18.629559,1762145057.811000,9,26,9,16,1762145057.311000,25,-25,1.001,TRUE,98.000,238615.234,FALSE,FALSE,FALSE,TRUE,FALSE,ECG samples:25
2985,-16832.4,TRUE,2969,2025-11-03T10:14:18.629559,1762145058.694000,24,50,24,25,1762145058.194000,49,-1,0.981,TRUE,2970,2025-11-03T10:14:19.629580,1762145058.813000,9,26,9,16,1762145058.313000,25,-25,1.002,TRUE,119.000,238734.234,FALSE,FALSE,FALSE,TRUE,FALSE,ECG samples:25
2986,-16831.4,TRUE,2970,2025-11-03T10:14:19.629580,1762145059.696000,24,49,24,24,1762145059.216000,48,-2,1.022,TRUE,2971,2025-11-03T10:14:20.629564,1762145059.814000,9,26,9,16,1762145059.314000,25,-25,1.001,TRUE,98.000,238832.234,FALSE,FALSE,FALSE,TRUE,FALSE,ECG samples:25
2987,-16830.4,TRUE,2971,2025-11-03T10:14:20.629564,1762145060.699000,24,48,24,23,1762145060.239000,47,-3,1.023,TRUE,2972,2025-11-03T10:14:21.629566,1762145060.815000,9,26,9,16,1762145060.315000,25,-25,1.001,TRUE,76.000,238908.234,FALSE,FALSE,FALSE,TRUE,FALSE,ECG samples:25
2988,-16829.4,TRUE,2972,2025-11-03T10:14:21.629566,1762145061.701000,24,50,24,25,1762145061.201000,49,-1,0.962,TRUE,2973,2025-11-03T10:14:22.629564,1762145061.816000,9,26,9,16,1762145061.316000,25,-25,1.001,TRUE,115.000,239023.234,FALSE,FALSE,FALSE,TRUE,FALSE,ECG samples:25
2989,-16828.4,TRUE,2973,2025-11-03T10:14:22.629564,1762145062.702000,24,49,24,24,1762145062.222000,48,-2,1.021,TRUE,2974,2025-11-03T10:14:23.629570,1762145062.818000,9,26,9,16,1762145062.318000,25,-25,1.002,TRUE,96.000,239119.235,FALSE,FALSE,FALSE,TRUE,FALSE,ECG samples:25
2990,-16827.4,TRUE,2974,2025-11-03T10:14:23.629570,1762145063.704000,24,49,24,24,1762145063.224000,48,-2,1.002,TRUE,2975,2025-11-03T10:14:24.629563,1762145063.819000,9,26,9,16,1762145063.319000,25,-25,1.001,TRUE,95.000,239214.235,FALSE,FALSE,FALSE,TRUE,FALSE,ECG samples:25
2991,-16826.4,TRUE,2975,2025-11-03T10:14:24.629563,1762145064.706000,24,49,24,24,1762145064.226000,48,-2,1.002,TRUE,2976,2025-11-03T10:14:25.629574,1762145064.821000,9,26,9,16,1762145064.321000,25,-25,1.002,TRUE,95.000,239309.235,FALSE,FALSE,FALSE,TRUE,FALSE,ECG samples:25
2992,-16825.4,TRUE,2976,2025-11-03T10:14:25.629574,1762145065.709000,24,49,24,24,1762145065.229000,48,-2,1.003,TRUE,2977,2025-11-03T10:14:26.629568,1762145065.822000,9,26,9,16,1762145065.322000,25,-25,1.001,TRUE,93.000,239402.235,FALSE,FALSE,FALSE,TRUE,FALSE,ECG samples:25
2993,-16824.4,TRUE,2977,2025-11-03T10:14:26.629568,1762145066.711000,24,50,24,25,1762145066.211000,48,-2,0.982,TRUE,2978,2025-11-03T10:14:27.629570,1762145066.824000,9,26,9,16,1762145066.324000,25,-25,1.002,TRUE,113.000,239515.234,FALSE,FALSE,FALSE,TRUE,FALSE,ECG samples:25
2994,-16823.4,TRUE,2978,2025-11-03T10:14:27.629570,1762145067.713000,23,49,23,25,1762145067.213000,48,-2,1.002,TRUE,2979,2025-11-03T10:14:28.629570,1762145067.825000,9,26,9,16,1762145067.325000,25,-25,1.001,TRUE,112.000,239627.234,FALSE,FALSE,FALSE,TRUE,FALSE,ECG samples:25
2995,-16822.4,TRUE,2979,2025-11-03T10:14:28.629570,1762145068.713000,23,49,23,25,1762145068.213000,49,-1,1.000,TRUE,2980,2025-11-03T10:14:29.629562,1762145068.827000,9,26,9,16,1762145068.327000,25,-25,1.002,TRUE,114.000,239741.234,FALSE,FALSE,FALSE,TRUE,FALSE,ECG samples:25
2996,-16821.4,TRUE,2980,2025-11-03T10:14:29.629562,1762145069.715000,24,50,24,25,1762145069.215000,48,-2,1.002,TRUE,2981,2025-11-03T10:14:30.629562,1762145069.828000,9,26,9,16,1762145069.328000,24,-26,1.001,TRUE,113.000,239854.234,FALSE,FALSE,FALSE,TRUE,FALSE,ECG samples:24
2997,-16820.4,TRUE,2981,2025-11-03T10:14:30.629562,1762145070.717000,23,49,23,25,1762145070.217000,48,-2,1.002,TRUE,2982,2025-11-03T10:14:31.629575,1762145070.830000,8,25,8,16,1762145070.330000,25,-25,1.002,TRUE,113.000,239967.234,FALSE,FALSE,FALSE,TRUE,FALSE,ECG samples:25
2998,-16819.4,TRUE,2982,2025-11-03T10:14:31.629575,1762145071.719000,23,48,23,24,1762145071.239000,48,-2,1.022,TRUE,2983,2025-11-03T10:14:32.629565,1762145071.833000,9,26,9,16,1762145071.333000,25,-25,1.003,TRUE,94.000,240061.234,FALSE,FALSE,FALSE,TRUE,FALSE,ECG samples:25
2999,-16818.4,TRUE,2983,2025-11-03T10:14:32.629565,1762145072.721000,24,50,24,25,1762145072.221000,48,-2,0.982,TRUE,2984,2025-11-03T10:14:33.629560,1762145072.834000,9,26,9,16,1762145072.334000,25,-25,1.001,TRUE,113.000,240174.234,FALSE,FALSE,FALSE,TRUE,FALSE,ECG samples:25
3000,-16817.4,TRUE,2984,2025-11-03T10:14:33.629560,1762145073.723000,23,48,23,24,1762145073.243000,47,-3,1.022,TRUE,2985,2025-11-03T10:14:34.629561,1762145073.836000,9,26,9,16,1762145073.336000,25,-25,1.002,TRUE,93.000,240267.234,FALSE,FALSE,FALSE,TRUE,FALSE,ECG samples:25
3001,-16816.4,TRUE,2985,2025-11-03T10:14:34.629561,1762145074.724000,23,50,23,26,1762145074.204000,49,-1,0.961,TRUE,2986,2025-11-03T10:14:35.629568,1762145074.837000,9,26,9,16,1762145074.337000,25,-25,1.001,TRUE,133.000,240400.234,FALSE,FALSE,FALSE,TRUE,FALSE,ECG samples:25
3002,-16815.4,TRUE,2986,2025-11-03T10:14:35.629568,1762145075.726000,23,49,23,25,1762145075.226000,47,-3,1.022,TRUE,2987,2025-11-03T10:14:36.629561,1762145075.838000,9,26,9,16,1762145075.338000,25,-25,1.001,TRUE,112.000,240512.234,FALSE,FALSE,FALSE,TRUE,FALSE,ECG samples:25
3003,-16814.4,TRUE,2987,2025-11-03T10:14:36.629561,1762145076.728000,22,47,22,24,1762145076.248000,47,-3,1.022,TRUE,2988,2025-11-03T10:14:37.629568,1762145076.840000,9,27,9,17,1762145076.308750,25,-25,0.971,TRUE,60.750,240572.984,FALSE,FALSE,FALSE,TRUE,FALSE,ECG samples:25
3004,-16813.4,TRUE,2988,2025-11-03T10:14:37.629568,1762145077.729000,23,49,23,25,1762145077.229000,48,-2,0.981,TRUE,2989,2025-11-03T10:14:38.629563,1762145077.842000,8,26,8,17,1762145077.310750,25,-25,1.002,TRUE,81.750,240654.734,FALSE,FALSE,FALSE,TRUE,FALSE,ECG samples:25
3005,-16812.4,TRUE,2989,2025-11-03T10:14:38.629563,1762145078.630000,23,45,23,21,1762145078.210000,48,-2,0.981,TRUE,2990,2025-11-03T10:14:39.629574,1762145078.742000,8,23,8,14,1762145078.304500,25,-25,0.994,TRUE,94.500,240749.234,FALSE,FALSE,FALSE,TRUE,FALSE,ECG samples:25
3006,-16811.4,TRUE,2990,2025-11-03T10:14:39.629574,1762145079.632000,27,48,27,20,1762145079.232000,48,-2,1.022,TRUE,2991,2025-11-03T10:14:40.629563,1762145079.744000,11,26,11,14,1762145079.306500,25,-25,1.002,TRUE,74.500,240823.734,FALSE,FALSE,FALSE,TRUE,FALSE,ECG samples:25
3007,-16810.4,TRUE,2991,2025-11-03T10:14:40.629563,1762145080.634000,28,50,28,21,1762145080.214000,48,-2,0.982,TRUE,2992,2025-11-03T10:14:41.629560,1762145080.746000,11,26,11,14,1762145080.308500,25,-25,1.002,TRUE,94.500,240918.234,FALSE,FALSE,FALSE,TRUE,FALSE,ECG samples:25
3008,-16809.4,TRUE,2992,2025-11-03T10:14:41.629560,1762145081.636000,27,48,27,20,1762145081.236000,47,-3,1.022,TRUE,2993,2025-11-03T10:14:42.629555,1762145081.747000,11,26,11,14,1762145081.309500,25,-25,1.001,TRUE,73.500,240991.735,FALSE,FALSE,FALSE,TRUE,FALSE,ECG samples:25
3009,-16808.4,TRUE,2993,2025-11-03T10:14:42.629555,1762145082.637000,27,49,27,21,1762145082.217000,48,-2,0.981,TRUE,2994,2025-11-03T10:14:43.629572,1762145082.748000,11,26,11,14,1762145082.310500,25,-25,1.001,TRUE,93.500,241085.234,FALSE,FALSE,FALSE,TRUE,FALSE,ECG samples:25
3010,-16807.4,TRUE,2994,2025-11-03T10:14:43.629572,1762145083.639000,27,49,27,21,1762145083.219000,48,-2,1.002,TRUE,2995,2025-11-03T10:14:44.629569,1762145083.750000,11,26,11,14,1762145083.312500,25,-25,1.002,TRUE,93.500,241178.735,FALSE,FALSE,FALSE,TRUE,FALSE,ECG samples:25
3011,-16806.4,TRUE,2995,2025-11-03T10:14:44.629569,1762145084.640000,27,49,27,21,1762145084.220000,48,-2,1.001,TRUE,2996,2025-11-03T10:14:45.629562,1762145084.752000,11,26,11,14,1762145084.314500,25,-25,1.002,TRUE,94.500,241273.235,FALSE,FALSE,FALSE,TRUE,FALSE,ECG samples:25
3012,-16805.4,TRUE,2996,2025-11-03T10:14:45.629562,1762145085.642000,27,49,27,21,1762145085.222000,48,-2,1.002,TRUE,2997,2025-11-03T10:14:46.629564,1762145085.754000,11,26,11,14,1762145085.316500,25,-25,1.002,TRUE,94.500,241367.735,FALSE,FALSE,FALSE,TRUE,FALSE,ECG samples:25
3013,-16804.4,TRUE,2997,2025-11-03T10:14:46.629564,1762145086.644000,27,49,27,21,1762145086.224000,47,-3,1.002,TRUE,2998,2025-11-03T10:14:47.629571,1762145086.755000,11,26,11,14,1762145086.317500,25,-25,1.001,TRUE,93.500,241461.235,FALSE,FALSE,FALSE,TRUE,FALSE,ECG samples:25
3014,-16803.4,TRUE,2998,2025-11-03T10:14:47.629571,1762145087.645000,26,48,26,21,1762145087.225000,48,-2,1.001,TRUE,2999,2025-11-03T10:14:48.629568,1762145087.756000,11,26,11,14,1762145087.318500,25,-25,1.001,TRUE,93.500,241554.735,FALSE,FALSE,FALSE,TRUE,FALSE,ECG samples:25
3015,-16802.4,TRUE,2999,2025-11-03T10:14:48.629568,1762145088.647000,27,49,27,21,1762145088.227000,47,-3,1.002,TRUE,3000,2025-11-03T10:14:49.629573,1762145088.758000,11,26,11,14,1762145088.320500,25,-25,1.002,TRUE,93.500,241648.235,FALSE,FALSE,FALSE,TRUE,FALSE,ECG samples:25
3016,-16801.4,TRUE,3000,2025-11-03T10:14:49.629573,1762145089.649000,26,48,26,21,1762145089.229000,48,-2,1.002,TRUE,3001,2025-11-03T10:14:50.629578,1762145089.759000,11,26,11,14,1762145089.321500,25,-25,1.001,TRUE,92.500,241740.735,FALSE,FALSE,FALSE,TRUE,FALSE,ECG samples:25
3017,-16800.4,TRUE,3001,2025-11-03T10:14:50.629578,1762145090.651000,27,49,27,21,1762145090.231000,48,-2,1.002,TRUE,3002,2025-11-03T10:14:51.629586,1762145090.760000,11,27,11,15,1762145090.291250,25,-25,0.970,TRUE,60.250,241800.985,FALSE,FALSE,FALSE,TRUE,FALSE,ECG samples:25
3018,-16799.4,TRUE,3002,2025-11-03T10:14:51.629586,1762145091.652000,27,49,27,21,1762145091.232000,48,-2,1.001,TRUE,3003,2025-11-03T10:14:52.629577,1762145091.763000,10,26,10,15,1762145091.294250,25,-25,1.003,TRUE,62.250,241863.235,FALSE,FALSE,FALSE,TRUE,FALSE,ECG samples:25
3019,-16798.4,TRUE,3003,2025-11-03T10:14:52.629577,1762145092.654000,27,50,27,22,1762145092.214000,49,-1,0.982,TRUE,3004,2025-11-03T10:14:53.629568,1762145092.764000,10,26,10,15,1762145092.295250,25,-25,1.001,TRUE,81.250,241944.485,FALSE,FALSE,FALSE,TRUE,FALSE,ECG samples:25
3020,-16797.4,TRUE,3004,2025-11-03T10:14:53.629568,1762145093.656000,27,50,27,22,1762145093.216000,49,-1,1.002,TRUE,3005,2025-11-03T10:14:54.629578,1762145093.766000,10,26,10,15,1762145093.297250,25,-25,1.002,TRUE,81.250,242025.735,FALSE,FALSE,FALSE,TRUE,FALSE,ECG samples:25
3021,-16796.4,TRUE,3005,2025-11-03T10:14:54.629578,1762145094.658000,27,49,27,21,1762145094.238000,47,-3,1.022,TRUE,3006,2025-11-03T10:14:55.629571,1762145094.768000,10,26,10,15,1762145094.299250,25,-25,1.002,TRUE,61.250,242086.985,FALSE,FALSE,FALSE,TRUE,FALSE,ECG samples:25
3022,-16795.4,TRUE,3006,2025-11-03T10:14:55.629571,1762145095.660000,26,49,26,22,1762145095.220000,49,-1,0.982,TRUE,3007,2025-11-03T10:14:56.629573,1762145095.770000,10,26,10,15,1762145095.301250,25,-25,1.002,TRUE,81.250,242168.235,FALSE,FALSE,FALSE,TRUE,FALSE,ECG samples:25
3023,-16794.4,TRUE,3007,2025-11-03T10:14:56.629573,1762145096.661000,27,49,27,21,1762145096.241000,48,-2,1.021,TRUE,3008,2025-11-03T10:14:57.629575,1762145096.772000,10,26,10,15,1762145096.303250,25,-25,1.002,TRUE,62.250,242230.485,FALSE,FALSE,FALSE,TRUE,FALSE,ECG samples:25
3024,-16793.4,TRUE,3008,2025-11-03T10:14:57.629575,1762145097.663000,27,50,27,22,1762145097.223000,48,-2,0.982,TRUE,3009,2025-11-03T10:14:58.629568,1762145097.773000,10,26,10,15,1762145097.304250,25,-25,1.001,TRUE,81.250,242311.735,FALSE,FALSE,FALSE,TRUE,FALSE,ECG samples:25
3025,-16792.4,TRUE,3009,2025-11-03T10:14:58.629568,1762145098.664000,26,48,26,21,1762145098.244000,48,-2,1.021,TRUE,3010,2025-11-03T10:14:59.629573,1762145098.775000,10,26,10,15,1762145098.306250,25,-25,1.002,TRUE,62.250,242373.986,FALSE,FALSE,FALSE,TRUE,FALSE,ECG samples:25
3026,-16791.4,TRUE,3010,2025-11-03T10:14:59.629573,1762145099.667000,27,49,27,21,1762145099.247000,47,-3,1.003,TRUE,3011,2025-11-03T10:15:00.629580,1762145099.777000,10,26,10,15,1762145099.308250,25,-25,1.002,TRUE,61.250,242435.236,FALSE,FALSE,FALSE,TRUE,FALSE,ECG samples:25
3027,-16790.4,TRUE,3011,2025-11-03T10:15:00.629580,1762145100.669000,26,49,26,22,1762145100.229000,48,-2,0.982,TRUE,3012,2025-11-03T10:15:01.629577,1762145100.778000,10,26,10,15,1762145100.309250,25,-25,1.001,TRUE,80.250,242515.486,FALSE,FALSE,FALSE,TRUE,FALSE,ECG samples:25
3028,-16789.4,TRUE,3012,2025-11-03T10:15:01.629577,1762145101.671000,26,49,26,22,1762145101.231000,48,-2,1.002,TRUE,3013,2025-11-03T10:15:02.629586,1762145101.780000,10,26,10,15,1762145101.311250,25,-25,1.002,TRUE,80.250,242595.736,FALSE,FALSE,FALSE,TRUE,FALSE,ECG samples:25
3029,-16788.4,TRUE,3013,2025-11-03T10:15:02.629586,1762145102.672000,26,48,26,21,1762145102.252000,46,-4,1.021,TRUE,3014,2025-11-03T10:15:03.629583,1762145102.781000,10,26,10,15,1762145102.312250,25,-25,1.001,TRUE,60.250,242655.986,FALSE,FALSE,FALSE,TRUE,FALSE,ECG samples:25
3030,-16787.4,TRUE,3014,2025-11-03T10:15:03.629583,1762145103.673000,25,49,25,23,1762145103.213000,48,-2,0.961,TRUE,3015,2025-11-03T10:15:04.629580,1762145103.783000,10,26,10,15,1762145103.314250,25,-25,1.002,TRUE,101.250,242757.236,FALSE,FALSE,FALSE,TRUE,FALSE,ECG samples:25
3031,-16786.4,TRUE,3015,2025-11-03T10:15:04.629580,1762145104.675000,25,48,25,22,1762145104.235000,47,-3,1.022,TRUE,3016,2025-11-03T10:15:05.629575,1762145104.785000,10,26,10,15,1762145104.316250,25,-25,1.002,TRUE,81.250,242838.486,FALSE,FALSE,FALSE,TRUE,FALSE,ECG samples:25
3032,-16785.4,TRUE,3016,2025-11-03T10:15:05.629575,1762145105.677000,25,48,25,22,1762145105.237000,48,-2,1.002,TRUE,3017,2025-11-03T10:15:06.629623,1762145105.787000,10,26,10,15,1762145105.318250,25,-25,1.002,TRUE,81.250,242919.736,FALSE,FALSE,FALSE,TRUE,FALSE,ECG samples:25
3033,-16784.4,TRUE,3017,2025-11-03T10:15:06.629623,1762145106.678000,26,49,26,22,1762145106.238000,48,-2,1.001,TRUE,3018,2025-11-03T10:15:07.629572,1762145106.788000,10,26,10,15,1762145106.319250,25,-25,1.001,TRUE,81.250,243000.986,FALSE,FALSE,FALSE,TRUE,FALSE,ECG samples:25
3034,-16783.4,TRUE,3018,2025-11-03T10:15:07.629572,1762145107.680000,26,49,26,22,1762145107.240000,48,-2,1.002,TRUE,3019,2025-11-03T10:15:08.629570,1762145107.789000,10,26,10,15,1762145107.320250,25,-25,1.001,TRUE,80.250,243081.236,FALSE,FALSE,FALSE,TRUE,FALSE,ECG samples:25
3035,-16782.4,TRUE,3019,2025-11-03T10:15:08.629570,1762145108.682000,26,49,26,22,1762145108.242000,47,-3,1.002,TRUE,3020,2025-11-03T10:15:09.629571,1762145108.791000,10,26,10,15,1762145108.322250,25,-25,1.002,TRUE,80.250,243161.486,FALSE,FALSE,FALSE,TRUE,FALSE,ECG samples:25
3036,-16781.4,TRUE,3020,2025-11-03T10:15:09.629571,1762145109.685000,25,48,25,22,1762145109.245000,47,-3,1.003,TRUE,3021,2025-11-03T10:15:10.629574,1762145109.792000,10,26,10,15,1762145109.323250,25,-25,1.001,TRUE,78.250,243239.736,FALSE,FALSE,FALSE,TRUE,FALSE,ECG samples:25
3037,-16780.4,TRUE,3021,2025-11-03T10:15:10.629574,1762145110.687000,25,48,25,22,1762145110.247000,47,-3,1.002,TRUE,3022,2025-11-03T10:15:11.629571,1762145110.794000,10,26,10,15,1762145110.325250,25,-25,1.002,TRUE,78.250,243317.986,FALSE,FALSE,FALSE,TRUE,FALSE,ECG samples:25
3038,-16779.4,TRUE,3022,2025-11-03T10:15:11.629571,1762145111.689000,25,49,25,23,1762145111.229000,47,-3,0.982,TRUE,3023,2025-11-03T10:15:12.629578,1762145111.796000,10,26,10,15,1762145111.327250,25,-25,1.002,TRUE,98.250,243416.236,FALSE,FALSE,FALSE,TRUE,FALSE,ECG samples:25
3039,-16778.4,TRUE,3023,2025-11-03T10:15:12.629578,1762145112.692000,24,48,24,23,1762145112.232000,48,-2,1.003,TRUE,3024,2025-11-03T10:15:13.629572,1762145112.797000,10,26,10,15,1762145112.328250,25,-25,1.001,TRUE,96.250,243512.486,FALSE,FALSE,FALSE,TRUE,FALSE,ECG samples:25
3040,-16777.4,TRUE,3024,2025-11-03T10:15:13.629572,1762145113.693000,25,48,25,22,1762145113.253000,48,-2,1.021,TRUE,3025,2025-11-03T10:15:14.629570,1762145113.799000,10,27,10,16,1762145113.299000,25,-25,0.971,TRUE,46.000,243558.486,FALSE,FALSE,FALSE,TRUE,FALSE,ECG samples:25
3041,-16776.4,TRUE,3025,2025-11-03T10:15:14.629570,1762145114.695000,26,51,26,24,1762145114.215000,48,-2,0.962,TRUE,3026,2025-11-03T10:15:15.629567,1762145114.800000,9,26,9,16,1762145114.300000,25,-25,1.001,TRUE,85.000,243643.486,FALSE,FALSE,FALSE,TRUE,FALSE,ECG samples:25
3042,-16775.4,TRUE,3026,2025-11-03T10:15:15.629567,1762145115.696000,24,48,24,23,1762145115.236000,48,-2,1.021,TRUE,3027,2025-11-03T10:15:16.629570,1762145115.802000,9,25,9,15,1762145115.333250,24,-26,1.033,TRUE,97.250,243740.736,FALSE,FALSE,FALSE,TRUE,FALSE,ECG samples:24
3043,-16774.4,TRUE,3027,2025-11-03T10:15:16.629570,1762145116.697000,25,49,25,23,1762145116.237000,48,-2,1.001,TRUE,3028,2025-11-03T10:15:17.629571,1762145116.803000,9,26,9,16,1762145116.303000,25,-25,0.970,TRUE,66.000,243806.736,FALSE,FALSE,FALSE,TRUE,FALSE,ECG samples:25
3044,-16773.4,TRUE,3028,2025-11-03T10:15:17.629571,1762145117.699000,25,49,25,23,1762145117.239000,47,-3,1.002,TRUE,3029,2025-11-03T10:15:18.629564,1762145117.804000,9,26,9,16,1762145117.304000,25,-25,1.001,TRUE,65.000,243871.737,FALSE,FALSE,FALSE,TRUE,FALSE,ECG samples:25
3045,-16772.4,TRUE,3029,2025-11-03T10:15:18.629564,1762145118.700000,24,49,24,24,1762145118.220000,49,-1,0.981,TRUE,3030,2025-11-03T10:15:19.629576,1762145118.805000,9,26,9,16,1762145118.305000,25,-25,1.001,TRUE,85.000,243956.737,FALSE,FALSE,FALSE,TRUE,FALSE,ECG samples:25
3046,-16771.4,TRUE,3030,2025-11-03T10:15:19.629576,1762145119.702000,25,49,25,23,1762145119.242000,48,-2,1.022,TRUE,3031,2025-11-03T10:15:20.629570,1762145119.807000,9,26,9,16,1762145119.307000,25,-25,1.002,TRUE,65.000,244021.737,FALSE,FALSE,FALSE,TRUE,FALSE,ECG samples:25
3047,-16770.4,TRUE,3031,2025-11-03T10:15:20.629570,1762145120.704000,25,49,25,23,1762145120.244000,48,-2,1.002,TRUE,3032,2025-11-03T10:15:21.629569,1762145120.808000,9,26,9,16,1762145120.308000,25,-25,1.001,TRUE,64.000,244085.737,FALSE,FALSE,FALSE,TRUE,FALSE,ECG samples:25
3048,-16769.4,TRUE,3032,2025-11-03T10:15:21.629569,1762145121.707000,25,49,25,23,1762145121.247000,48,-2,1.003,TRUE,3033,2025-11-03T10:15:22.629575,1762145121.809000,9,26,9,16,1762145121.309000,25,-25,1.001,TRUE,62.000,244147.737,FALSE,FALSE,FALSE,TRUE,FALSE,ECG samples:25
3049,-16768.4,TRUE,3033,2025-11-03T10:15:22.629575,1762145122.709000,25,48,25,22,1762145122.269000,47,-3,1.022,TRUE,3034,2025-11-03T10:15:23.629575,1762145122.811000,9,26,9,16,1762145122.311000,25,-25,1.002,TRUE,42.000,244189.737,FALSE,FALSE,FALSE,TRUE,FALSE,ECG samples:25
3050,-16767.4,TRUE,3034,2025-11-03T10:15:23.629575,1762145123.710000,25,50,25,24,1762145123.230000,47,-3,0.961,TRUE,3035,2025-11-03T10:15:24.629578,1762145123.812000,9,26,9,16,1762145123.312000,25,-25,1.001,TRUE,82.000,244271.737,FALSE,FALSE,FALSE,TRUE,FALSE,ECG samples:25
3051,-16766.4,TRUE,3035,2025-11-03T10:15:24.629578,1762145124.711000,23,48,23,24,1762145124.231000,47,-3,1.001,TRUE,3036,2025-11-03T10:15:25.629578,1762145124.814000,9,26,9,16,1762145124.314000,25,-25,1.002,TRUE,83.000,244354.737,FALSE,FALSE,FALSE,TRUE,FALSE,ECG samples:25
3052,-16765.4,TRUE,3036,2025-11-03T10:15:25.629578,1762145125.713000,23,48,23,24,1762145125.233000,48,-2,1.002,TRUE,3037,2025-11-03T10:15:26.629577,1762145125.816000,9,26,9,16,1762145125.316000,25,-25,1.002,TRUE,83.000,244437.737,FALSE,FALSE,FALSE,TRUE,FALSE,ECG samples:25
3053,-16764.4,TRUE,3037,2025-11-03T10:15:26.629577,1762145126.714000,24,48,24,23,1762145126.254000,47,-3,1.021,TRUE,3038,2025-11-03T10:15:27.629575,1762145126.816000,9,26,9,16,1762145126.316000,25,-25,1.000,TRUE,62.000,244499.737,FALSE,FALSE,FALSE,TRUE,FALSE,ECG samples:25
3054,-16763.4,TRUE,3038,2025-11-03T10:15:27.629575,1762145127.715000,24,50,24,25,1762145127.215000,49,-1,0.961,TRUE,3039,2025-11-03T10:15:28.629576,1762145127.818000,9,26,9,16,1762145127.318000,25,-25,1.002,TRUE,103.000,244602.737,FALSE,FALSE,FALSE,TRUE,FALSE,ECG samples:25
3055,-16762.4,TRUE,3039,2025-11-03T10:15:28.629576,1762145128.717000,24,48,24,23,1762145128.257000,46,-4,1.042,TRUE,3040,2025-11-03T10:15:29.629574,1762145128.820000,9,26,9,16,1762145128.320000,25,-25,1.002,TRUE,63.000,244665.737,FALSE,FALSE,FALSE,TRUE,FALSE,ECG samples:25
3056,-16761.4,TRUE,3040,2025-11-03T10:15:29.629574,1762145129.719000,23,48,23,24,1762145129.239000,47,-3,0.982,TRUE,3041,2025-11-03T10:15:30.629570,1762145129.822000,9,26,9,16,1762145129.322000,25,-25,1.002,TRUE,83.000,244748.737,FALSE,FALSE,FALSE,TRUE,FALSE,ECG samples:25
3057,-16760.4,TRUE,3041,2025-11-03T10:15:30.629570,1762145130.720000,23,48,23,24,1762145130.240000,48,-2,1.001,TRUE,3042,2025-11-03T10:15:31.629576,1762145130.823000,9,26,9,16,1762145130.323000,25,-25,1.001,TRUE,83.000,244831.737,FALSE,FALSE,FALSE,TRUE,FALSE,ECG samples:25
3058,-16759.4,TRUE,3042,2025-11-03T10:15:31.629576,1762145131.722000,24,49,24,24,1762145131.242000,48,-2,1.002,TRUE,3043,2025-11-03T10:15:32.629574,1762145131.825000,9,26,9,16,1762145131.325000,25,-25,1.002,TRUE,83.000,244914.737,FALSE,FALSE,FALSE,TRUE,FALSE,ECG samples:25
3059,-16758.4,TRUE,3043,2025-11-03T10:15:32.629574,1762145132.724000,24,49,24,24,1762145132.244000,48,-2,1.002,TRUE,3044,2025-11-03T10:15:33.629577,1762145132.827000,9,26,9,16,1762145132.327000,26,-24,1.002,TRUE,83.000,244997.737,FALSE,FALSE,FALSE,TRUE,FALSE,ECG samples:26
3060,-16757.4,TRUE,3044,2025-11-03T10:15:33.629577,1762145133.725000,24,50,24,25,1762145133.225000,49,-1,0.981,TRUE,3045,2025-11-03T10:15:34.629573,1762145133.828000,10,26,10,15,1762145133.359250,25,-25,1.032,TRUE,134.250,245131.987,FALSE,FALSE,FALSE,TRUE,FALSE,ECG samples:25
3061,-16756.4,TRUE,3045,2025-11-03T10:15:34.629573,1762145134.726000,24,49,24,24,1762145134.246000,48,-2,1.021,TRUE,3046,2025-11-03T10:15:35.629577,1762145134.830000,10,26,10,15,1762145134.361250,25,-25,1.002,TRUE,115.250,245247.237,FALSE,FALSE,FALSE,TRUE,FALSE,ECG samples:25
3062,-16755.4,TRUE,3046,2025-11-03T10:15:35.629577,1762145135.728000,24,48,24,23,1762145135.268000,47,-3,1.022,TRUE,3047,2025-11-03T10:15:36.629573,1762145135.831000,10,26,10,15,1762145135.362250,24,-26,1.001,TRUE,94.250,245341.487,FALSE,FALSE,FALSE,TRUE,FALSE,ECG samples:24
3063,-16754.4,TRUE,3047,2025-11-03T10:15:36.629573,1762145136.730000,24,50,24,25,1762145136.230000,48,-2,0.962,TRUE,3048,2025-11-03T10:15:37.629577,1762145136.832000,9,25,9,15,1762145136.363250,25,-25,1.001,TRUE,133.250,245474.737,FALSE,FALSE,FALSE,TRUE,FALSE,ECG samples:25
3064,-16753.4,TRUE,3048,2025-11-03T10:15:37.629577,1762145137.631000,23,44,23,20,1762145137.231000,48,-2,1.001,TRUE,3049,2025-11-03T10:15:38.629575,1762145137.734000,10,24,10,13,1762145137.327750,25,-25,0.964,TRUE,96.750,245571.487,FALSE,FALSE,FALSE,TRUE,FALSE,ECG samples:25
3065,-16752.4,TRUE,3049,2025-11-03T10:15:38.629575,1762145138.632000,28,48,28,19,1762145138.252000,48,-2,1.021,TRUE,3050,2025-11-03T10:15:39.629571,1762145138.736000,12,26,12,13,1762145138.329750,25,-25,1.002,TRUE,77.750,245649.237,FALSE,FALSE,FALSE,TRUE,FALSE,ECG samples:25
3066,-16751.4,TRUE,3050,2025-11-03T10:15:39.629571,1762145139.634000,29,50,29,20,1762145139.234000,49,-1,0.982,TRUE,3051,2025-11-03T10:15:40.629577,1762145139.739000,12,26,12,13,1762145139.332750,25,-25,1.003,TRUE,98.750,245747.988,FALSE,FALSE,FALSE,TRUE,FALSE,ECG samples:25
3067,-16750.4,TRUE,3051,2025-11-03T10:15:40.629577,1762145140.636000,29,49,29,19,1762145140.256000,49,-1,1.022,TRUE,3052,2025-11-03T10:15:41.629579,1762145140.741000,12,26,12,13,1762145140.334750,25,-25,1.002,TRUE,78.750,245826.738,FALSE,FALSE,FALSE,TRUE,FALSE,ECG samples:25
3068,-16749.4,TRUE,3052,2025-11-03T10:15:41.629579,1762145141.637000,30,51,30,20,1762145141.237000,48,-2,0.981,TRUE,3053,2025-11-03T10:15:42.629571,1762145141.742000,12,26,12,13,1762145141.335750,25,-25,1.001,TRUE,98.750,245925.488,FALSE,FALSE,FALSE,TRUE,FALSE,ECG samples:25
3069,-16748.4,TRUE,3053,2025-11-03T10:15:42.629571,1762145142.640000,28,49,28,20,1762145142.240000,49,-1,1.003,TRUE,3054,2025-11-03T10:15:43.629575,1762145142.745000,12,26,12,13,1762145142.338750,25,-25,1.003,TRUE,98.750,246024.238,FALSE,FALSE,FALSE,TRUE,FALSE,ECG samples:25
3070,-16747.4,TRUE,3054,2025-11-03T10:15:43.629575,1762145143.643000,29,50,29,20,1762145143.243000,48,-2,1.003,TRUE,3055,2025-11-03T10:15:44.629589,1762145143.746000,12,26,12,13,1762145143.339750,25,-25,1.001,TRUE,96.750,246120.988,FALSE,FALSE,FALSE,TRUE,FALSE,ECG samples:25
3071,-16746.4,TRUE,3055,2025-11-03T10:15:44.629589,1762145144.645000,28,50,28,21,1762145144.225000,48,-2,0.982,TRUE,3056,2025-11-03T10:15:45.629577,1762145144.748000,12,26,12,13,1762145144.341750,25,-25,1.002,TRUE,116.750,246237.738,FALSE,FALSE,FALSE,TRUE,FALSE,ECG samples:25
3072,-16745.4,TRUE,3056,2025-11-03T10:15:45.629577,1762145145.646000,27,49,27,21,1762145145.226000,48,-2,1.001,TRUE,3057,2025-11-03T10:15:46.629576,1762145145.750000,12,26,12,13,1762145145.343750,25,-25,1.002,TRUE,117.750,246355.488,FALSE,FALSE,FALSE,TRUE,FALSE,ECG samples:25
3073,-16744.4,TRUE,3057,2025-11-03T10:15:46.629576,1762145146.647000,27,49,27,21,1762145146.227000,49,-1,1.001,TRUE,3058,2025-11-03T10:15:47.629576,1762145146.751000,12,26,12,13,1762145146.344750,25,-25,1.001,TRUE,117.750,246473.238,FALSE,FALSE,FALSE,TRUE,FALSE,ECG samples:25
3074,-16743.4,TRUE,3058,2025-11-03T10:15:47.629576,1762145147.649000,28,49,28,20,1762145147.249000,48,-2,1.022,TRUE,3059,2025-11-03T10:15:48.629572,1762145147.752000,12,26,12,13,1762145147.345750,25,-25,1.001,TRUE,96.750,246569.988,FALSE,FALSE,FALSE,TRUE,FALSE,ECG samples:25
3075,-16742.4,TRUE,3059,2025-11-03T10:15:48.629572,1762145148.650000,28,49,28,20,1762145148.250000,47,-3,1.001,TRUE,3060,2025-11-03T10:15:49.629575,1762145148.753000,12,26,12,13,1762145148.346750,25,-25,1.001,TRUE,96.750,246666.738,FALSE,FALSE,FALSE,TRUE,FALSE,ECG samples:25
3076,-16741.4,TRUE,3060,2025-11-03T10:15:49.629575,1762145149.652000,27,48,27,20,1762145149.252000,48,-2,1.002,TRUE,3061,2025-11-03T10:15:50.629577,1762145149.755000,12,26,12,13,1762145149.348750,25,-25,1.002,TRUE,96.750,246763.489,FALSE,FALSE,FALSE,TRUE,FALSE,ECG samples:25
3077,-16740.4,TRUE,3061,2025-11-03T10:15:50.629577,1762145150.653000,28,49,28,20,1762145150.253000,47,-3,1.001,TRUE,3062,2025-11-03T10:15:51.629569,1762145150.757000,12,27,12,14,1762145150.319500,25,-25,0.971,TRUE,66.500,246829.988,FALSE,FALSE,FALSE,TRUE,FALSE,ECG samples:25
3078,-16739.4,TRUE,3062,2025-11-03T10:15:51.629569,1762145151.654000,27,48,27,20,1762145151.254000,48,-2,1.001,TRUE,3063,2025-11-03T10:15:52.629574,1762145151.758000,11,26,11,14,1762145151.320500,25,-25,1.001,TRUE,66.500,246896.488,FALSE,FALSE,FALSE,TRUE,FALSE,ECG samples:25
3079,-16738.4,TRUE,3063,2025-11-03T10:15:52.629574,1762145152.656000,28,50,28,21,1762145152.236000,47,-3,0.982,TRUE,3064,2025-11-03T10:15:53.629574,1762145152.760000,11,26,11,14,1762145152.322500,25,-25,1.002,TRUE,86.500,246982.989,FALSE,FALSE,FALSE,TRUE,FALSE,ECG samples:25
3080,-16737.4,TRUE,3064,2025-11-03T10:15:53.629574,1762145153.658000,26,47,26,20,1762145153.258000,48,-2,1.022,TRUE,3065,2025-11-03T10:15:54.629569,1762145153.762000,11,26,11,14,1762145153.324500,25,-25,1.002,TRUE,66.500,247049.489,FALSE,FALSE,FALSE,TRUE,FALSE,ECG samples:25
3081,-16736.4,TRUE,3065,2025-11-03T10:15:54.629569,1762145154.659000,28,49,28,20,1762145154.259000,48,-2,1.001,TRUE,3066,2025-11-03T10:15:55.629577,1762145154.763000,11,26,11,14,1762145154.325500,25,-25,1.001,TRUE,66.500,247115.989,FALSE,FALSE,FALSE,TRUE,FALSE,ECG samples:25
3082,-16735.4,TRUE,3066,2025-11-03T10:15:55.629577,1762145155.661000,28,50,28,21,1762145155.241000,48,-2,0.982,TRUE,3067,2025-11-03T10:15:56.629568,1762145155.765000,11,26,11,14,1762145155.327500,25,-25,1.002,TRUE,86.500,247202.489,FALSE,FALSE,FALSE,TRUE,FALSE,ECG samples:25
3083,-16734.4,TRUE,3067,2025-11-03T10:15:56.629568,1762145156.663000,27,49,27,21,1762145156.243000,49,-1,1.002,TRUE,3068,2025-11-03T10:15:57.629569,1762145156.766000,11,26,11,14,1762145156.328500,25,-25,1.001,TRUE,85.500,247287.989,FALSE,FALSE,FALSE,TRUE,FALSE,ECG samples:25
3084,-16733.4,TRUE,3068,2025-11-03T10:15:57.629569,1762145157.665000,28,50,28,21,1762145157.245000,48,-2,1.002,TRUE,3069,2025-11-03T10:15:58.629578,1762145157.767000,11,26,11,14,1762145157.329500,25,-25,1.001,TRUE,84.500,247372.489,FALSE,FALSE,FALSE,TRUE,FALSE,ECG samples:25
3085,-16732.4,TRUE,3069,2025-11-03T10:15:58.629578,1762145158.666000,27,50,27,22,1762145158.226000,49,-1,0.981,TRUE,3070,2025-11-03T10:15:59.629567,1762145158.769000,11,26,11,14,1762145158.331500,25,-25,1.002,TRUE,105.500,247477.989,FALSE,FALSE,FALSE,TRUE,FALSE,ECG samples:25
3086,-16731.4,TRUE,3070,2025-11-03T10:15:59.629567,1762145159.668000,27,49,27,21,1762145159.248000,48,-2,1.022,TRUE,3071,2025-11-03T10:16:00.629572,1762145159.770000,11,26,11,14,1762145159.332500,25,-25,1.001,TRUE,84.500,247562.490,FALSE,FALSE,FALSE,TRUE,FALSE,ECG samples:25
3087,-16730.4,TRUE,3071,2025-11-03T10:16:00.629572,1762145160.670000,27,50,27,22,1762145160.230000,49,-1,0.982,TRUE,3072,2025-11-03T10:16:01.629571,1762145160.771000,11,26,11,14,1762145160.333500,25,-25,1.001,TRUE,103.500,247665.989,FALSE,FALSE,FALSE,TRUE,FALSE,ECG samples:25
3088,-16729.4,TRUE,3072,2025-11-03T10:16:01.629571,1762145161.671000,27,48,27,20,1762145161.271000,47,-3,1.041,TRUE,3073,2025-11-03T10:16:02.629611,1762145161.773000,11,26,11,14,1762145161.335500,25,-25,1.002,TRUE,64.500,247730.489,FALSE,FALSE,FALSE,TRUE,FALSE,ECG samples:25
3089,-16728.4,TRUE,3073,2025-11-03T10:16:02.629611,1762145162.673000,27,49,27,21,1762145162.253000,47,-3,0.982,TRUE,3074,2025-11-03T10:16:03.629580,1762145162.775000,11,26,11,14,1762145162.337500,25,-25,1.002,TRUE,84.500,247814.990,FALSE,FALSE,FALSE,TRUE,FALSE,ECG samples:25
3090,-16727.4,TRUE,3074,2025-11-03T10:16:03.629580,1762145163.674000,26,48,26,21,1762145163.254000,47,-3,1.001,TRUE,3075,2025-11-03T10:16:04.629568,1762145163.777000,11,26,11,14,1762145163.339500,25,-25,1.002,TRUE,85.500,247900.490,FALSE,FALSE,FALSE,TRUE,FALSE,ECG samples:25
3091,-16726.4,TRUE,3075,2025-11-03T10:16:04.629568,1762145164.676000,26,48,26,21,1762145164.256000,46,-4,1.002,TRUE,3076,2025-11-03T10:16:05.629573,1762145164.778000,11,26,11,14,1762145164.340500,25,-25,1.001,TRUE,84.500,247984.990,FALSE,FALSE,FALSE,TRUE,FALSE,ECG samples:25
3092,-16725.4,TRUE,3076,2025-11-03T10:16:05.629573,1762145165.677000,25,48,25,22,1762145165.237000,48,-2,0.981,TRUE,3077,2025-11-03T10:16:06.629573,1762145165.779000,11,26,11,14,1762145165.341500,25,-25,1.001,TRUE,104.500,248089.490,FALSE,FALSE,FALSE,TRUE,FALSE,ECG samples:25
3093,-16724.4,TRUE,3077,2025-11-03T10:16:06.629573,1762145166.680000,26,49,26,22,1762145166.240000,48,-2,1.003,TRUE,3078,2025-11-03T10:16:07.629571,1762145166.880000,11,29,11,17,1762145166.348750,25,-25,1.007,TRUE,108.750,248198.240,FALSE,FALSE,FALSE,TRUE,FALSE,ECG samples:25
3094,-16723.4,TRUE,3078,2025-11-03T10:16:07.629571,1762145167.682000,26,49,26,22,1762145167.242000,47,-3,1.002,TRUE,3079,2025-11-03T10:16:08.629576,1762145167.882000,8,26,8,17,1762145167.350750,25,-25,1.002,TRUE,108.750,248306.990,FALSE,FALSE,FALSE,TRUE,FALSE,ECG samples:25
3095,-16722.4,TRUE,3079,2025-11-03T10:16:08.629576,1762145168.684000,25,48,25,22,1762145168.244000,48,-2,1.002,TRUE,3080,2025-11-03T10:16:09.629573,1762145168.883000,8,26,8,17,1762145168.351750,25,-25,1.001,TRUE,107.750,248414.740,FALSE,FALSE,FALSE,TRUE,FALSE,ECG samples:25
3096,-16721.4,TRUE,3080,2025-11-03T10:16:09.629573,1762145169.686000,26,49,26,22,1762145169.246000,48,-2,1.002,TRUE,3081,2025-11-03T10:16:10.629577,1762145169.885000,8,26,8,17,1762145169.353750,25,-25,1.002,TRUE,107.750,248522.490,FALSE,FALSE,FALSE,TRUE,FALSE,ECG samples:25
3097,-16720.4,TRUE,3081,2025-11-03T10:16:10.629577,1762145170.687000,26,49,26,22,1762145170.247000,48,-2,1.001,TRUE,3082,2025-11-03T10:16:11.629569,1762145170.886000,8,26,8,17,1762145170.354750,25,-25,1.001,TRUE,107.750,248630.240,FALSE,FALSE,FALSE,TRUE,FALSE,ECG samples:25
3098,-16719.4,TRUE,3082,2025-11-03T10:16:11.629569,1762145171.688000,26,49,26,22,1762145171.248000,48,-2,1.001,TRUE,3083,2025-11-03T10:16:12.629568,1762145171.887000,8,26,8,17,1762145171.355750,25,-25,1.001,TRUE,107.750,248737.990,FALSE,FALSE,FALSE,TRUE,FALSE,ECG samples:25
3099,-16718.4,TRUE,3083,2025-11-03T10:16:12.629568,1762145172.690000,26,49,26,22,1762145172.250000,48,-2,1.002,TRUE,3084,2025-11-03T10:16:13.629570,1762145172.889000,8,26,8,17,1762145172.357750,25,-25,1.002,TRUE,107.750,248845.740,FALSE,FALSE,FALSE,TRUE,FALSE,ECG samples:25
3100,-16717.4,TRUE,3084,2025-11-03T10:16:13.629570,1762145173.692000,26,49,26,22,1762145173.252000,47,-3,1.002,TRUE,3085,2025-11-03T10:16:14.629568,1762145173.890000,8,26,8,17,1762145173.358750,25,-25,1.001,TRUE,106.750,248952.490,FALSE,FALSE,FALSE,TRUE,FALSE,ECG samples:25
3101,-16716.4,TRUE,3085,2025-11-03T10:16:14.629568,1762145174.695000,25,49,25,23,1762145174.235000,49,-1,0.983,TRUE,3086,2025-11-03T10:16:15.629569,1762145174.892000,8,26,8,17,1762145174.360750,25,-25,1.002,TRUE,125.750,249078.240,FALSE,FALSE,FALSE,TRUE,FALSE,ECG samples:25
3102,-16715.4,TRUE,3086,2025-11-03T10:16:15.629569,1762145175.697000,26,48,26,21,1762145175.277000,46,-4,1.042,TRUE,3087,2025-11-03T10:16:16.629565,1762145175.893000,8,26,8,17,1762145175.361750,25,-25,1.001,TRUE,84.750,249162.990,FALSE,FALSE,FALSE,TRUE,FALSE,ECG samples:25
3103,-16714.4,TRUE,3087,2025-11-03T10:16:16.629565,1762145176.698000,25,48,25,22,1762145176.258000,47,-3,0.981,TRUE,3088,2025-11-03T10:16:17.629563,1762145176.894000,8,26,8,17,1762145176.362750,25,-25,1.001,TRUE,104.750,249267.740,FALSE,FALSE,FALSE,TRUE,FALSE,ECG samples:25
3104,-16713.4,TRUE,3088,2025-11-03T10:16:17.629563,1762145177.700000,25,49,25,23,1762145177.240000,49,-1,0.982,TRUE,3089,2025-11-03T10:16:18.629567,1762145177.896000,8,26,8,17,1762145177.364750,25,-25,1.002,TRUE,124.750,249392.490,FALSE,FALSE,FALSE,TRUE,FALSE,ECG samples:25
3105,-16712.4,TRUE,3089,2025-11-03T10:16:18.629567,1762145178.701000,26,49,26,22,1762145178.261000,48,-2,1.021,TRUE,3090,2025-11-03T10:16:19.629566,1762145178.897000,8,26,8,17,1762145178.365750,25,-25,1.001,TRUE,104.750,249497.240,FALSE,FALSE,FALSE,TRUE,FALSE,ECG samples:25
3106,-16711.4,TRUE,3090,2025-11-03T10:16:19.629566,1762145179.703000,26,50,26,23,1762145179.243000,48,-2,0.982,TRUE,3091,2025-11-03T10:16:20.629571,1762145179.899000,8,26,8,17,1762145179.367750,25,-25,1.002,TRUE,124.750,249621.990,FALSE,FALSE,FALSE,TRUE,FALSE,ECG samples:25
3107,-16710.4,TRUE,3091,2025-11-03T10:16:20.629571,1762145180.704000,25,48,25,22,1762145180.264000,48,-2,1.021,TRUE,3092,2025-11-03T10:16:21.629568,1762145180.900000,8,26,8,17,1762145180.368750,25,-25,1.001,TRUE,104.750,249726.740,FALSE,FALSE,FALSE,TRUE,FALSE,ECG samples:25
3108,-16709.4,TRUE,3092,2025-11-03T10:16:21.629568,1762145181.706000,26,50,26,23,1762145181.246000,49,-1,0.982,TRUE,3093,2025-11-03T10:16:22.629580,1762145181.901000,8,26,8,17,1762145181.369750,25,-25,1.001,TRUE,123.750,249850.490,FALSE,FALSE,FALSE,TRUE,FALSE,ECG samples:25
3109,-16708.4,TRUE,3093,2025-11-03T10:16:22.629580,1762145182.708000,26,50,26,23,1762145182.248000,49,-1,1.002,TRUE,3094,2025-11-03T10:16:23.629573,1762145182.902000,8,26,8,17,1762145182.370750,25,-25,1.001,TRUE,122.750,249973.240,FALSE,FALSE,FALSE,TRUE,FALSE,ECG samples:25
3110,-16707.4,TRUE,3094,2025-11-03T10:16:23.629573,1762145183.709000,26,49,26,22,1762145183.269000,47,-3,1.021,TRUE,3095,2025-11-03T10:16:24.629569,1762145183.904000,8,26,8,17,1762145183.372750,25,-25,1.002,TRUE,103.750,250076.990,FALSE,FALSE,FALSE,TRUE,FALSE,ECG samples:25
3111,-16706.4,TRUE,3095,2025-11-03T10:16:24.629569,1762145184.711000,25,50,25,24,1762145184.231000,49,-1,0.962,TRUE,3096,2025-11-03T10:16:25.629567,1762145184.905000,8,26,8,17,1762145184.373750,25,-25,1.001,TRUE,142.750,250219.740,FALSE,FALSE,FALSE,TRUE,FALSE,ECG samples:25
3112,-16705.4,TRUE,3096,2025-11-03T10:16:25.629567,1762145185.712000,25,49,25,23,1762145185.252000,48,-2,1.021,TRUE,3097,2025-11-03T10:16:26.629570,1762145185.907000,8,26,8,17,1762145185.375750,25,-25,1.002,TRUE,123.750,250343.491,FALSE,FALSE,FALSE,TRUE,FALSE,ECG samples:25
3113,-16704.4,TRUE,3097,2025-11-03T10:16:26.629570,1762145186.713000,25,49,25,23,1762145186.253000,48,-2,1.001,TRUE,3098,2025-11-03T10:16:27.629574,1762145186.908000,8,26,8,17,1762145186.376750,25,-25,1.001,TRUE,123.750,250467.241,FALSE,FALSE,FALSE,TRUE,FALSE,ECG samples:25
3114,-16703.4,TRUE,3098,2025-11-03T10:16:27.629574,1762145187.715000,25,50,25,24,1762145187.235000,48,-2,0.982,TRUE,3099,2025-11-03T10:16:28.629569,1762145187.911000,8,26,8,17,1762145187.379750,25,-25,1.003,TRUE,144.750,250611.991,FALSE,FALSE,FALSE,TRUE,FALSE,ECG samples:25
3115,-16702.4,TRUE,3099,2025-11-03T10:16:28.629569,1762145188.716000,24,48,24,23,1762145188.256000,48,-2,1.021,TRUE,3100,2025-11-03T10:16:29.629570,1762145188.912000,8,26,8,17,1762145188.380750,25,-25,1.001,TRUE,124.750,250736.741,FALSE,FALSE,FALSE,TRUE,FALSE,ECG samples:25
3116,-16701.4,TRUE,3100,2025-11-03T10:16:29.629570,1762145189.719000,25,50,25,24,1762145189.239000,48,-2,0.983,TRUE,3101,2025-11-03T10:16:30.629571,1762145189.914000,8,27,8,18,1762145189.351500,25,-25,0.971,TRUE,112.500,250849.241,FALSE,FALSE,FALSE,TRUE,FALSE,ECG samples:25
3117,-16700.3,TRUE,3101,2025-11-03T10:16:30.629571,1762145190.720000,24,47,24,22,1762145190.280000,48,-2,1.041,TRUE,3102,2025-11-03T10:16:31.629575,1762145190.916000,7,26,7,18,1762145190.353500,25,-25,1.002,TRUE,73.500,250922.740,FALSE,FALSE,FALSE,TRUE,FALSE,ECG samples:25
3118,-16699.4,TRUE,3102,2025-11-03T10:16:31.629575,1762145191.722000,26,50,26,23,1762145191.262000,47,-3,0.982,TRUE,3103,2025-11-03T10:16:32.629579,1762145191.917000,7,25,7,17,1762145191.385750,24,-26,1.032,TRUE,123.750,251046.491,FALSE,FALSE,FALSE,TRUE,FALSE,ECG samples:24
3119,-16698.4,TRUE,3103,2025-11-03T10:16:32.629579,1762145192.723000,24,49,24,24,1762145192.243000,48,-2,0.981,TRUE,3104,2025-11-03T10:16:33.629577,1762145192.919000,7,26,7,18,1762145192.356500,25,-25,0.971,TRUE,113.500,251159.991,FALSE,FALSE,FALSE,TRUE,FALSE,ECG samples:25
3120,-16697.4,TRUE,3104,2025-11-03T10:16:33.629577,1762145193.724000,24,49,24,24,1762145193.244000,48,-2,1.001,TRUE,3105,2025-11-03T10:16:34.629569,1762145193.920000,7,26,7,18,1762145193.357500,25,-25,1.001,TRUE,113.500,251273.491,FALSE,FALSE,FALSE,TRUE,FALSE,ECG samples:25
3121,-16696.4,TRUE,3105,2025-11-03T10:16:34.629569,1762145194.726000,24,49,24,24,1762145194.246000,49,-1,1.002,TRUE,3106,2025-11-03T10:16:35.629568,1762145194.922000,7,26,7,18,1762145194.359500,25,-25,1.002,TRUE,113.500,251386.991,FALSE,FALSE,FALSE,TRUE,FALSE,ECG samples:25
3122,-16695.4,TRUE,3106,2025-11-03T10:16:35.629568,1762145195.728000,25,49,25,23,1762145195.268000,47,-3,1.022,TRUE,3107,2025-11-03T10:16:36.629577,1762145195.923000,7,26,7,18,1762145195.360500,25,-25,1.001,TRUE,92.500,251479.491,FALSE,FALSE,FALSE,TRUE,FALSE,ECG samples:25
3123,-16694.4,TRUE,3107,2025-11-03T10:16:36.629577,1762145196.729000,24,49,24,24,1762145196.249000,47,-3,0.981,TRUE,3108,2025-11-03T10:16:37.629573,1762145196.924000,7,26,7,18,1762145196.361500,25,-25,1.001,TRUE,112.500,251591.991,FALSE,FALSE,FALSE,TRUE,FALSE,ECG samples:25
3124,-16693.4,TRUE,3108,2025-11-03T10:16:37.629573,1762145197.630000,23,43,23,19,1762145197.250000,48,-2,1.001,TRUE,3109,2025-11-03T10:16:38.629578,1762145197.825000,7,23,7,15,1762145197.356250,25,-25,0.995,TRUE,106.250,251698.241,FALSE,FALSE,FALSE,TRUE,FALSE,ECG samples:25
3125,-16692.4,TRUE,3109,2025-11-03T10:16:38.629578,1762145198.632000,29,49,29,19,1762145198.252000,47,-3,1.002,TRUE,3110,2025-11-03T10:16:39.629571,1762145198.826000,10,26,10,15,1762145198.357250,25,-25,1.001,TRUE,105.250,251803.491,FALSE,FALSE,FALSE,TRUE,FALSE,ECG samples:25
3126,-16691.4,TRUE,3110,2025-11-03T10:16:39.629571,1762145199.633000,28,48,28,19,1762145199.253000,49,-1,1.001,TRUE,3111,2025-11-03T10:16:40.629568,1762145199.828000,10,26,10,15,1762145199.359250,25,-25,1.002,TRUE,106.250,251909.741,FALSE,FALSE,FALSE,TRUE,FALSE,ECG samples:25
3127,-16690.4,TRUE,3111,2025-11-03T10:16:40.629568,1762145200.634000,30,50,30,19,1762145200.254000,48,-2,1.001,TRUE,3112,2025-11-03T10:16:41.629573,1762145200.829000,10,26,10,15,1762145200.360250,25,-25,1.001,TRUE,106.250,252015.991,FALSE,FALSE,FALSE,TRUE,FALSE,ECG samples:25
3128,-16689.4,TRUE,3112,2025-11-03T10:16:41.629573,1762145201.636000,29,48,29,18,1762145201.276000,47,-3,1.022,TRUE,3113,2025-11-03T10:16:42.629574,1762145201.830000,10,26,10,15,1762145201.361250,25,-25,1.001,TRUE,85.250,252101.241,FALSE,FALSE,FALSE,TRUE,FALSE,ECG samples:25
3129,-16688.4,TRUE,3113,2025-11-03T10:16:42.629574,1762145202.638000,29,49,29,19,1762145202.258000,49,-1,0.982,TRUE,3114,2025-11-03T10:16:43.629579,1762145202.832000,10,26,10,15,1762145202.363250,25,-25,1.002,TRUE,105.250,252206.491,FALSE,FALSE,FALSE,TRUE,FALSE,ECG samples:25
3130,-16687.4,TRUE,3114,2025-11-03T10:16:43.629579,1762145203.640000,30,50,30,19,1762145203.260000,47,-3,1.002,TRUE,3115,2025-11-03T10:16:44.629577,1762145203.833000,10,27,10,16,1762145203.333000,25,-25,0.970,TRUE,73.000,252279.491,FALSE,FALSE,FALSE,TRUE,FALSE,ECG samples:25
3131,-16686.4,TRUE,3115,2025-11-03T10:16:44.629577,1762145204.642000,28,49,28,20,1762145204.242000,49,-1,0.982,TRUE,3116,2025-11-03T10:16:45.629573,1762145204.834000,9,26,9,16,1762145204.334000,25,-25,1.001,TRUE,92.000,252371.491,FALSE,FALSE,FALSE,TRUE,FALSE,ECG samples:25
3132,-16685.4,TRUE,3116,2025-11-03T10:16:45.629573,1762145205.643000,29,50,29,20,1762145205.243000,49,-1,1.001,TRUE,3117,2025-11-03T10:16:46.629575,1762145205.835000,9,26,9,16,1762145205.335000,25,-25,1.001,TRUE,92.000,252463.492,FALSE,FALSE,FALSE,TRUE,FALSE,ECG samples:25
3133,-16684.4,TRUE,3117,2025-11-03T10:16:46.629575,1762145206.644000,29,49,29,19,1762145206.264000,48,-2,1.021,TRUE,3118,2025-11-03T10:16:47.629583,1762145206.836000,9,26,9,16,1762145206.336000,25,-25,1.001,TRUE,72.000,252535.492,FALSE,FALSE,FALSE,TRUE,FALSE,ECG samples:25
3134,-16683.4,TRUE,3118,2025-11-03T10:16:47.629583,1762145207.646000,29,49,29,19,1762145207.266000,48,-2,1.002,TRUE,3119,2025-11-03T10:16:48.629572,1762145207.838000,9,26,9,16,1762145207.338000,25,-25,1.002,TRUE,72.000,252607.492,FALSE,FALSE,FALSE,TRUE,FALSE,ECG samples:25
3135,-16682.4,TRUE,3119,2025-11-03T10:16:48.629572,1762145208.647000,29,50,29,20,1762145208.247000,48,-2,0.981,TRUE,3120,2025-11-03T10:16:49.629577,1762145208.840000,9,26,9,16,1762145208.340000,25,-25,1.002,TRUE,93.000,252700.492,FALSE,FALSE,FALSE,TRUE,FALSE,ECG samples:25
3136,-16681.4,TRUE,3120,2025-11-03T10:16:49.629577,1762145209.649000,28,49,28,20,1762145209.249000,48,-2,1.002,TRUE,3121,2025-11-03T10:16:50.629572,1762145209.841000,9,26,9,16,1762145209.341000,25,-25,1.001,TRUE,92.000,252792.492,FALSE,FALSE,FALSE,TRUE,FALSE,ECG samples:25
3137,-16680.4,TRUE,3121,2025-11-03T10:16:50.629572,1762145210.650000,28,48,28,19,1762145210.270000,48,-2,1.021,TRUE,3122,2025-11-03T10:16:51.629576,1762145210.842000,9,26,9,16,1762145210.342000,25,-25,1.001,TRUE,72.000,252864.492,FALSE,FALSE,FALSE,TRUE,FALSE,ECG samples:25
3138,-16679.4,TRUE,3122,2025-11-03T10:16:51.629576,1762145211.651000,29,50,29,20,1762145211.251000,47,-3,0.981,TRUE,3123,2025-11-03T10:16:52.629570,1762145211.844000,9,26,9,16,1762145211.344000,25,-25,1.002,TRUE,93.000,252957.492,FALSE,FALSE,FALSE,TRUE,FALSE,ECG samples:25
3139,-16678.4,TRUE,3123,2025-11-03T10:16:52.629570,1762145212.652000,27,48,27,20,1762145212.252000,49,-1,1.001,TRUE,3124,2025-11-03T10:16:53.629575,1762145212.845000,9,26,9,16,1762145212.345000,25,-25,1.001,TRUE,93.000,253050.493,FALSE,FALSE,FALSE,TRUE,FALSE,ECG samples:25
3140,-16677.4,TRUE,3124,2025-11-03T10:16:53.629575,1762145213.654000,29,49,29,19,1762145213.274000,48,-2,1.022,TRUE,3125,2025-11-03T10:16:54.629573,1762145213.846000,9,26,9,16,1762145213.346000,25,-25,1.001,TRUE,72.000,253122.493,FALSE,FALSE,FALSE,TRUE,FALSE,ECG samples:25
3141,-16676.4,TRUE,3125,2025-11-03T10:16:54.629573,1762145214.655000,29,50,29,20,1762145214.255000,48,-2,0.981,TRUE,3126,2025-11-03T10:16:55.629571,1762145214.848000,9,26,9,16,1762145214.348000,25,-25,1.002,TRUE,93.000,253215.493,FALSE,FALSE,FALSE,TRUE,FALSE,ECG samples:25
3142,-16675.4,TRUE,3126,2025-11-03T10:16:55.629571,1762145215.656000,28,49,28,20,1762145215.256000,49,-1,1.001,TRUE,3127,2025-11-03T10:16:56.629574,1762145215.849000,9,26,9,16,1762145215.349000,25,-25,1.001,TRUE,93.000,253308.493,FALSE,FALSE,FALSE,TRUE,FALSE,ECG samples:25
3143,-16674.4,TRUE,3127,2025-11-03T10:16:56.629574,1762145216.658000,29,49,29,19,1762145216.278000,47,-3,1.022,TRUE,3128,2025-11-03T10:16:57.629572,1762145216.851000,9,26,9,16,1762145216.351000,25,-25,1.002,TRUE,73.000,253381.493,FALSE,FALSE,FALSE,TRUE,FALSE,ECG samples:25
3144,-16673.4,TRUE,3128,2025-11-03T10:16:57.629572,1762145217.659000,28,48,28,19,1762145217.279000,48,-2,1.001,TRUE,3129,2025-11-03T10:16:58.629574,1762145217.852000,9,26,9,16,1762145217.352000,25,-25,1.001,TRUE,73.000,253454.493,FALSE,FALSE,FALSE,TRUE,FALSE,ECG samples:25
3145,-16672.4,TRUE,3129,2025-11-03T10:16:58.629574,1762145218.661000,29,50,29,20,1762145218.261000,48,-2,0.982,TRUE,3130,2025-11-03T10:16:59.629570,1762145218.854000,9,26,9,16,1762145218.354000,25,-25,1.002,TRUE,93.000,253547.493,FALSE,FALSE,FALSE,TRUE,FALSE,ECG samples:25
3146,-16671.4,TRUE,3130,2025-11-03T10:16:59.629570,1762145219.663000,28,49,28,20,1762145219.263000,48,-2,1.002,TRUE,3131,2025-11-03T10:17:00.629579,1762145219.855000,9,26,9,16,1762145219.355000,25,-25,1.001,TRUE,92.000,253639.493,FALSE,FALSE,FALSE,TRUE,FALSE,ECG samples:25
3147,-16670.4,TRUE,3131,2025-11-03T10:17:00.629579,1762145220.664000,28,49,28,20,1762145220.264000,48,-2,1.001,TRUE,3132,2025-11-03T10:17:01.629571,1762145220.857000,9,26,9,16,1762145220.357000,25,-25,1.002,TRUE,93.000,253732.494,FALSE,FALSE,FALSE,TRUE,FALSE,ECG samples:25
3148,-16669.4,TRUE,3132,2025-11-03T10:17:01.629571,1762145221.667000,28,49,28,20,1762145221.267000,47,-3,1.003,TRUE,3133,2025-11-03T10:17:02.629620,1762145221.859000,9,26,9,16,1762145221.359000,25,-25,1.002,TRUE,92.000,253824.494,FALSE,FALSE,FALSE,TRUE,FALSE,ECG samples:25
3149,-16668.4,TRUE,3133,2025-11-03T10:17:02.629620,1762145222.668000,27,49,27,21,1762145222.248000,48,-2,0.981,TRUE,3134,2025-11-03T10:17:03.629566,1762145222.860000,9,26,9,16,1762145222.360000,25,-25,1.001,TRUE,112.000,253936.494,FALSE,FALSE,FALSE,TRUE,FALSE,ECG samples:25
3150,-16667.4,TRUE,3134,2025-11-03T10:17:03.629566,1762145223.670000,27,49,27,21,1762145223.250000,49,-1,1.002,TRUE,3135,2025-11-03T10:17:04.629570,1762145223.861000,9,26,9,16,1762145223.361000,25,-25,1.001,TRUE,111.000,254047.494,FALSE,FALSE,FALSE,TRUE,FALSE,ECG samples:25
3151,-16666.4,TRUE,3135,2025-11-03T10:17:04.629570,1762145224.672000,28,49,28,20,1762145224.272000,48,-2,1.022,TRUE,3136,2025-11-03T10:17:05.629571,1762145224.862000,9,26,9,16,1762145224.362000,25,-25,1.001,TRUE,90.000,254137.494,FALSE,FALSE,FALSE,TRUE,FALSE,ECG samples:25
3152,-16665.4,TRUE,3136,2025-11-03T10:17:05.629571,1762145225.673000,28,49,28,20,1762145225.273000,48,-2,1.001,TRUE,3137,2025-11-03T10:17:06.629566,1762145225.864000,9,26,9,16,1762145225.364000,25,-25,1.002,TRUE,91.000,254228.494,FALSE,FALSE,FALSE,TRUE,FALSE,ECG samples:25
3153,-16664.4,TRUE,3137,2025-11-03T10:17:06.629566,1762145226.674000,28,50,28,21,1762145226.254000,48,-2,0.981,TRUE,3138,2025-11-03T10:17:07.629572,1762145226.865000,9,26,9,16,1762145226.365000,25,-25,1.001,TRUE,111.000,254339.494,FALSE,FALSE,FALSE,TRUE,FALSE,ECG samples:25
3154,-16663.4,TRUE,3138,2025-11-03T10:17:07.629572,1762145227.676000,27,48,27,20,1762145227.276000,47,-3,1.022,TRUE,3139,2025-11-03T10:17:08.629573,1762145227.866000,9,26,9,16,1762145227.366000,25,-25,1.001,TRUE,90.000,254429.494,FALSE,FALSE,FALSE,TRUE,FALSE,ECG samples:25
3155,-16662.4,TRUE,3139,2025-11-03T10:17:08.629573,1762145228.677000,27,49,27,21,1762145228.257000,48,-2,0.981,TRUE,3140,2025-11-03T10:17:09.629566,1762145228.868000,9,26,9,16,1762145228.368000,25,-25,1.002,TRUE,111.000,254540.494,FALSE,FALSE,FALSE,TRUE,FALSE,ECG samples:25
3156,-16661.4,TRUE,3140,2025-11-03T10:17:09.629566,1762145229.679000,27,49,27,21,1762145229.259000,48,-2,1.002,TRUE,3141,2025-11-03T10:17:10.629567,1762145229.869000,9,26,9,16,1762145229.369000,25,-25,1.001,TRUE,110.000,254650.494,FALSE,FALSE,FALSE,TRUE,FALSE,ECG samples:25
3157,-16660.4,TRUE,3141,2025-11-03T10:17:10.629567,1762145230.680000,27,49,27,21,1762145230.260000,48,-2,1.001,TRUE,3142,2025-11-03T10:17:11.629570,1762145230.871000,9,27,9,17,1762145230.339750,25,-25,0.971,TRUE,79.750,254730.244,FALSE,FALSE,FALSE,TRUE,FALSE,ECG samples:25
3158,-16659.4,TRUE,3142,2025-11-03T10:17:11.629570,1762145231.682000,27,49,27,21,1762145231.262000,48,-2,1.002,TRUE,3143,2025-11-03T10:17:12.629548,1762145231.873000,8,26,8,17,1762145231.341750,25,-25,1.002,TRUE,79.750,254809.994,FALSE,FALSE,FALSE,TRUE,FALSE,ECG samples:25
3159,-16658.4,TRUE,3143,2025-11-03T10:17:12.629548,1762145232.683000,27,49,27,21,1762145232.263000,47,-3,1.001,TRUE,3144,2025-11-03T10:17:13.629571,1762145232.874000,8,26,8,17,1762145232.342750,25,-25,1.001,TRUE,79.750,254889.744,FALSE,FALSE,FALSE,TRUE,FALSE,ECG samples:25
3160,-16657.4,TRUE,3144,2025-11-03T10:17:13.629571,1762145233.684000,26,49,26,22,1762145233.244000,49,-1,0.981,TRUE,3145,2025-11-03T10:17:14.629566,1762145233.875000,8,26,8,17,1762145233.343750,25,-25,1.001,TRUE,99.750,254989.494,FALSE,FALSE,FALSE,TRUE,FALSE,ECG samples:25
3161,-16656.3,TRUE,3145,2025-11-03T10:17:14.629566,1762145234.687000,27,48,27,20,1762145234.287000,47,-3,1.043,TRUE,3146,2025-11-03T10:17:15.629573,1762145234.877000,8,26,8,17,1762145234.345750,25,-25,1.002,TRUE,58.750,255048.244,FALSE,FALSE,FALSE,TRUE,FALSE,ECG samples:25
3162,-16655.4,TRUE,3146,2025-11-03T10:17:15.629573,1762145235.688000,27,49,27,21,1762145235.268000,48,-2,0.981,TRUE,3147,2025-11-03T10:17:16.629575,1762145235.878000,8,26,8,17,1762145235.346750,26,-24,1.001,TRUE,78.750,255126.995,FALSE,FALSE,FALSE,TRUE,FALSE,ECG samples:26
3163,-16654.3,TRUE,3147,2025-11-03T10:17:16.629575,1762145236.690000,27,48,27,20,1762145236.290000,47,-3,1.022,TRUE,3148,2025-11-03T10:17:17.629568,1762145236.879000,9,26,9,16,1762145236.379000,25,-25,1.032,TRUE,89.000,255215.995,FALSE,FALSE,FALSE,TRUE,FALSE,ECG samples:25
3164,-16653.3,TRUE,3148,2025-11-03T10:17:17.629568,1762145237.691000,27,48,27,20,1762145237.291000,48,-2,1.001,TRUE,3149,2025-11-03T10:17:18.629577,1762145237.882000,9,26,9,16,1762145237.382000,25,-25,1.003,TRUE,91.000,255306.995,FALSE,FALSE,FALSE,TRUE,FALSE,ECG samples:25
3165,-16652.4,TRUE,3149,2025-11-03T10:17:18.629577,1762145238.693000,28,50,28,21,1762145238.273000,48,-2,0.982,TRUE,3150,2025-11-03T10:17:19.629572,1762145238.883000,9,26,9,16,1762145238.383000,25,-25,1.001,TRUE,110.000,255416.995,FALSE,FALSE,FALSE,TRUE,FALSE,ECG samples:25
3166,-16651.4,TRUE,3150,2025-11-03T10:17:19.629572,1762145239.695000,27,50,27,22,1762145239.255000,49,-1,0.982,TRUE,3151,2025-11-03T10:17:20.629579,1762145239.885000,9,26,9,16,1762145239.385000,25,-25,1.002,TRUE,130.000,255546.995,FALSE,FALSE,FALSE,TRUE,FALSE,ECG samples:25
3167,-16650.3,TRUE,3151,2025-11-03T10:17:20.629579,1762145240.698000,27,48,27,20,1762145240.298000,47,-3,1.043,TRUE,3152,2025-11-03T10:17:21.629568,1762145240.886000,9,26,9,16,1762145240.386000,25,-25,1.001,TRUE,88.000,255634.995,FALSE,FALSE,FALSE,TRUE,FALSE,ECG samples:25
3168,-16649.4,TRUE,3152,2025-11-03T10:17:21.629568,1762145241.699000,27,49,27,21,1762145241.279000,48,-2,0.981,TRUE,3153,2025-11-03T10:17:22.629573,1762145241.887000,9,26,9,16,1762145241.387000,25,-25,1.001,TRUE,108.000,255742.995,FALSE,FALSE,FALSE,TRUE,FALSE,ECG samples:25
3169,-16648.4,TRUE,3153,2025-11-03T10:17:22.629573,1762145242.700000,27,50,27,22,1762145242.260000,49,-1,0.981,TRUE,3154,2025-11-03T10:17:23.629576,1762145242.888000,9,26,9,16,1762145242.388000,25,-25,1.001,TRUE,128.000,255870.995,FALSE,FALSE,FALSE,TRUE,FALSE,ECG samples:25
3170,-16647.3,TRUE,3154,2025-11-03T10:17:23.629576,1762145243.701000,27,49,27,21,1762145243.281000,49,-1,1.021,TRUE,3155,2025-11-03T10:17:24.629572,1762145243.890000,9,26,9,16,1762145243.390000,25,-25,1.002,TRUE,109.000,255979.995,FALSE,FALSE,FALSE,TRUE,FALSE,ECG samples:25
3171,-16646.3,TRUE,3155,2025-11-03T10:17:24.629572,1762145244.704000,28,50,28,21,1762145244.284000,48,-2,1.003,TRUE,3156,2025-11-03T10:17:25.629576,1762145244.891000,9,26,9,16,1762145244.391000,25,-25,1.001,TRUE,107.000,256086.995,FALSE,FALSE,FALSE,TRUE,FALSE,ECG samples:25
3172,-16645.4,TRUE,3156,2025-11-03T10:17:25.629576,1762145245.705000,27,50,27,22,1762145245.265000,48,-2,0.981,TRUE,3157,2025-11-03T10:17:26.629569,1762145245.892000,9,26,9,16,1762145245.392000,25,-25,1.001,TRUE,127.000,256213.995,FALSE,FALSE,FALSE,TRUE,FALSE,ECG samples:25
3173,-16644.4,TRUE,3157,2025-11-03T10:17:26.629569,1762145246.706000,26,49,26,22,1762145246.266000,48,-2,1.001,TRUE,3158,2025-11-03T10:17:27.629569,1762145246.894000,9,26,9,16,1762145246.394000,25,-25,1.002,TRUE,128.000,256341.995,FALSE,FALSE,FALSE,TRUE,FALSE,ECG samples:25
3174,-16643.4,TRUE,3158,2025-11-03T10:17:27.629569,1762145247.708000,26,49,26,22,1762145247.268000,49,-1,1.002,TRUE,3159,2025-11-03T10:17:28.629565,1762145247.895000,9,26,9,16,1762145247.395000,25,-25,1.001,TRUE,127.000,256468.996,FALSE,FALSE,FALSE,TRUE,FALSE,ECG samples:25
3175,-16642.3,TRUE,3159,2025-11-03T10:17:28.629565,1762145248.709000,27,49,27,21,1762145248.289000,48,-2,1.021,TRUE,3160,2025-11-03T10:17:29.629565,1762145248.897000,9,26,9,16,1762145248.397000,25,-25,1.002,TRUE,108.000,256576.996,FALSE,FALSE,FALSE,TRUE,FALSE,ECG samples:25
3176,-16641.3,TRUE,3160,2025-11-03T10:17:29.629565,1762145249.710000,27,49,27,21,1762145249.290000,47,-3,1.001,TRUE,3161,2025-11-03T10:17:30.629568,1762145249.898000,9,26,9,16,1762145249.398000,25,-25,1.001,TRUE,108.000,256684.996,FALSE,FALSE,FALSE,TRUE,FALSE,ECG samples:25
3177,-16640.4,TRUE,3161,2025-11-03T10:17:30.629568,1762145250.711000,26,49,26,22,1762145250.271000,48,-2,0.981,TRUE,3162,2025-11-03T10:17:31.629579,1762145250.900000,9,26,9,16,1762145250.400000,25,-25,1.002,TRUE,129.000,256813.996,FALSE,FALSE,FALSE,TRUE,FALSE,ECG samples:25
3178,-16639.4,TRUE,3162,2025-11-03T10:17:31.629579,1762145251.713000,26,49,26,22,1762145251.273000,48,-2,1.002,TRUE,3163,2025-11-03T10:17:32.629560,1762145251.901000,9,26,9,16,1762145251.401000,25,-25,1.001,TRUE,128.000,256941.996,FALSE,FALSE,FALSE,TRUE,FALSE,ECG samples:25
3179,-16638.4,TRUE,3163,2025-11-03T10:17:32.629560,1762145252.714000,26,49,26,22,1762145252.274000,49,-1,1.001,TRUE,3164,2025-11-03T10:17:33.629565,1762145252.902000,9,26,9,16,1762145252.402000,25,-25,1.001,TRUE,128.000,257069.996,FALSE,FALSE,FALSE,TRUE,FALSE,ECG samples:25
3180,-16637.3,TRUE,3164,2025-11-03T10:17:33.629565,1762145253.715000,27,49,27,21,1762145253.295000,47,-3,1.021,TRUE,3165,2025-11-03T10:17:34.629565,1762145253.904000,9,26,9,16,1762145253.404000,25,-25,1.002,TRUE,109.000,257178.996,FALSE,FALSE,FALSE,TRUE,FALSE,ECG samples:25
3181,-16636.4,TRUE,3165,2025-11-03T10:17:34.629565,1762145254.716000,26,50,26,23,1762145254.256000,49,-1,0.961,TRUE,3166,2025-11-03T10:17:35.629563,1762145254.906000,9,26,9,16,1762145254.406000,25,-25,1.002,TRUE,150.000,257328.996,FALSE,FALSE,FALSE,TRUE,FALSE,ECG samples:25
3182,-16635.4,TRUE,3166,2025-11-03T10:17:35.629563,1762145255.718000,26,49,26,22,1762145255.278000,48,-2,1.022,TRUE,3167,2025-11-03T10:17:36.629567,1762145255.909000,9,26,9,16,1762145255.409000,25,-25,1.003,TRUE,131.000,257459.996,FALSE,FALSE,FALSE,TRUE,FALSE,ECG samples:25
3183,-16634.4,TRUE,3167,2025-11-03T10:17:36.629567,1762145256.719000,26,49,26,22,1762145256.279000,48,-2,1.001,TRUE,3168,2025-11-03T10:17:37.629573,1762145256.910000,9,27,9,17,1762145256.378750,25,-25,0.970,TRUE,99.750,257559.746,FALSE,FALSE,FALSE,TRUE,FALSE,ECG samples:25
3184,-16633.4,TRUE,3168,2025-11-03T10:17:37.629573,1762145257.721000,26,50,26,23,1762145257.261000,48,-2,0.982,TRUE,3169,2025-11-03T10:17:38.629560,1762145257.912000,8,26,8,17,1762145257.380750,25,-25,1.002,TRUE,119.750,257679.496,FALSE,FALSE,FALSE,TRUE,FALSE,ECG samples:25
3185,-16632.3,TRUE,3169,2025-11-03T10:17:38.629560,1762145258.723000,25,48,25,22,1762145258.283000,47,-3,1.022,TRUE,3170,2025-11-03T10:17:39.629568,1762145258.914000,8,26,8,17,1762145258.382750,25,-25,1.002,TRUE,99.750,257779.246,FALSE,FALSE,FALSE,TRUE,FALSE,ECG samples:25
3186,-16631.4,TRUE,3170,2025-11-03T10:17:39.629568,1762145259.724000,25,49,25,23,1762145259.264000,48,-2,0.981,TRUE,3171,2025-11-03T10:17:40.629567,1762145259.916000,8,26,8,17,1762145259.384750,25,-25,1.002,TRUE,120.750,257899.996,FALSE,FALSE,FALSE,TRUE,FALSE,ECG samples:25
3187,-16630.4,TRUE,3171,2025-11-03T10:17:40.629567,1762145260.725000,25,49,25,23,1762145260.265000,48,-2,1.001,TRUE,3172,2025-11-03T10:17:41.629568,1762145260.918000,8,26,8,17,1762145260.386750,25,-25,1.002,TRUE,121.750,258021.746,FALSE,FALSE,FALSE,TRUE,FALSE,ECG samples:25
3188,-16629.3,TRUE,3172,2025-11-03T10:17:41.629568,1762145261.727000,25,48,25,22,1762145261.287000,48,-2,1.022,TRUE,3173,2025-11-03T10:17:42.629567,1762145261.920000,8,26,8,17,1762145261.388750,25,-25,1.002,TRUE,101.750,258123.496,FALSE,FALSE,FALSE,TRUE,FALSE,ECG samples:25
3189,-16628.4,TRUE,3173,2025-11-03T10:17:42.629567,1762145262.729000,26,50,26,23,1762145262.269000,48,-2,0.982,TRUE,3174,2025-11-03T10:17:43.629571,1762145262.922000,8,26,8,17,1762145262.390750,25,-25,1.002,TRUE,121.750,258245.246,FALSE,FALSE,FALSE,TRUE,FALSE,ECG samples:25
3190,-16627.4,TRUE,3174,2025-11-03T10:17:43.629571,1762145263.631000,25,44,25,18,1762145263.271000,48,-2,1.002,TRUE,3175,2025-11-03T10:17:44.629578,1762145263.823000,8,23,8,14,1762145263.385500,25,-25,0.995,TRUE,114.500,258359.746,FALSE,FALSE,FALSE,TRUE,FALSE,ECG samples:25
3191,-16626.4,TRUE,3175,2025-11-03T10:17:44.629578,1762145264.634000,30,49,30,18,1762145264.274000,48,-2,1.003,TRUE,3176,2025-11-03T10:17:45.629566,1762145264.825000,11,26,11,14,1762145264.387500,25,-25,1.002,TRUE,113.500,258473.246,FALSE,FALSE,FALSE,TRUE,FALSE,ECG samples:25
3192,-16625.4,TRUE,3176,2025-11-03T10:17:45.629566,1762145265.635000,30,49,30,18,1762145265.275000,48,-2,1.001,TRUE,3177,2025-11-03T10:17:46.629579,1762145265.826000,11,26,11,14,1762145265.388500,25,-25,1.001,TRUE,113.500,258586.746,FALSE,FALSE,FALSE,TRUE,FALSE,ECG samples:25
3193,-16624.4,TRUE,3177,2025-11-03T10:17:46.629579,1762145266.636000,30,49,30,18,1762145266.276000,48,-2,1.001,TRUE,3178,2025-11-03T10:17:47.629578,1762145266.828000,11,26,11,14,1762145266.390500,25,-25,1.002,TRUE,114.500,258701.246,FALSE,FALSE,FALSE,TRUE,FALSE,ECG samples:25
3194,-16623.4,TRUE,3178,2025-11-03T10:17:47.629578,1762145267.638000,30,50,30,19,1762145267.258000,48,-2,0.982,TRUE,3179,2025-11-03T10:17:48.629576,1762145267.829000,11,27,11,15,1762145267.360250,25,-25,0.970,TRUE,102.250,258803.496,FALSE,FALSE,FALSE,TRUE,FALSE,ECG samples:25
3195,-16622.3,TRUE,3179,2025-11-03T10:17:48.629576,1762145268.640000,29,48,29,18,1762145268.280000,49,-1,1.022,TRUE,3180,2025-11-03T10:17:49.629572,1762145268.831000,10,26,10,15,1762145268.362250,25,-25,1.002,TRUE,82.250,258885.746,FALSE,FALSE,FALSE,TRUE,FALSE,ECG samples:25
3196,-16621.3,TRUE,3180,2025-11-03T10:17:49.629572,1762145269.643000,31,50,31,18,1762145269.283000,48,-2,1.003,TRUE,3181,2025-11-03T10:17:50.629578,1762145269.832000,10,26,10,15,1762145269.363250,25,-25,1.001,TRUE,80.250,258965.996,FALSE,FALSE,FALSE,TRUE,FALSE,ECG samples:25
3197,-16620.3,TRUE,3181,2025-11-03T10:17:50.629578,1762145270.645000,30,48,30,17,1762145270.305000,47,-3,1.022,TRUE,3182,2025-11-03T10:17:51.629578,1762145270.834000,10,26,10,15,1762145270.365250,25,-25,1.002,TRUE,60.250,259026.246,FALSE,FALSE,FALSE,TRUE,FALSE,ECG samples:25
3198,-16619.3,TRUE,3182,2025-11-03T10:17:51.629578,1762145271.646000,30,49,30,18,1762145271.286000,48,-2,0.981,TRUE,3183,2025-11-03T10:17:52.629567,1762145271.835000,10,26,10,15,1762145271.366250,25,-25,1.001,TRUE,80.250,259106.496,FALSE,FALSE,FALSE,TRUE,FALSE,ECG samples:25
3199,-16618.4,TRUE,3183,2025-11-03T10:17:52.629567,1762145272.649000,30,50,30,19,1762145272.269000,48,-2,0.983,TRUE,3184,2025-11-03T10:17:53.629578,1762145272.837000,10,26,10,15,1762145272.368250,25,-25,1.002,TRUE,99.250,259205.746,FALSE,FALSE,FALSE,TRUE,FALSE,ECG samples:25
3200,-16617.4,TRUE,3184,2025-11-03T10:17:53.629578,1762145273.650000,29,49,29,19,1762145273.270000,48,-2,1.001,TRUE,3185,2025-11-03T10:17:54.629581,1762145273.838000,10,26,10,15,1762145273.369250,25,-25,1.001,TRUE,99.250,259304.996,FALSE,FALSE,FALSE,TRUE,FALSE,ECG samples:25
3201,-16616.4,TRUE,3185,2025-11-03T10:17:54.629581,1762145274.651000,29,49,29,19,1762145274.271000,49,-1,1.001,TRUE,3186,2025-11-03T10:17:55.629577,1762145274.839000,10,26,10,15,1762145274.370250,25,-25,1.001,TRUE,99.250,259404.246,FALSE,FALSE,FALSE,TRUE,FALSE,ECG samples:25
3202,-16615.3,TRUE,3186,2025-11-03T10:17:55.629577,1762145275.653000,30,49,30,18,1762145275.293000,48,-2,1.022,TRUE,3187,2025-11-03T10:17:56.629572,1762145275.841000,10,26,10,15,1762145275.372250,25,-25,1.002,TRUE,79.250,259483.496,FALSE,FALSE,FALSE,TRUE,FALSE,ECG samples:25
3203,-16614.3,TRUE,3187,2025-11-03T10:17:56.629572,1762145276.654000,30,49,30,18,1762145276.294000,49,-1,1.001,TRUE,3188,2025-11-03T10:17:57.629585,1762145276.842000,10,26,10,15,1762145276.373250,25,-25,1.001,TRUE,79.250,259562.746,FALSE,FALSE,FALSE,TRUE,FALSE,ECG samples:25
3204,-16613.3,TRUE,3188,2025-11-03T10:17:57.629585,1762145277.656000,31,50,31,18,1762145277.296000,48,-2,1.002,TRUE,3189,2025-11-03T10:17:58.629571,1762145277.843000,10,26,10,15,1762145277.374250,25,-25,1.001,TRUE,78.250,259640.996,FALSE,FALSE,FALSE,TRUE,FALSE,ECG samples:25
3205,-16612.4,TRUE,3189,2025-11-03T10:17:58.629571,1762145278.657000,30,50,30,19,1762145278.277000,49,-1,0.981,TRUE,3190,2025-11-03T10:17:59.629565,1762145278.845000,10,26,10,15,1762145278.376250,25,-25,1.002,TRUE,99.250,259740.246,FALSE,FALSE,FALSE,TRUE,FALSE,ECG samples:25
3206,-16611.4,TRUE,3190,2025-11-03T10:17:59.629565,1762145279.659000,30,50,30,19,1762145279.279000,47,-3,1.002,TRUE,3191,2025-11-03T10:18:00.629613,1762145279.846000,10,26,10,15,1762145279.377250,25,-25,1.001,TRUE,98.250,259838.496,FALSE,FALSE,FALSE,TRUE,FALSE,ECG samples:25
3207,-16610.4,TRUE,3191,2025-11-03T10:18:00.629613,1762145280.661000,28,49,28,20,1762145280.261000,49,-1,0.982,TRUE,3192,2025-11-03T10:18:01.629575,1762145280.848000,10,26,10,15,1762145280.379250,25,-25,1.002,TRUE,118.250,259956.746,FALSE,FALSE,FALSE,TRUE,FALSE,ECG samples:25
3208,-16609.3,TRUE,3192,2025-11-03T10:18:01.629575,1762145281.662000,29,49,29,19,1762145281.282000,48,-2,1.021,TRUE,3193,2025-11-03T10:18:02.629571,1762145281.849000,10,26,10,15,1762145281.380250,25,-25,1.001,TRUE,98.250,260054.996,FALSE,FALSE,FALSE,TRUE,FALSE,ECG samples:25
3209,-16608.3,TRUE,3193,2025-11-03T10:18:02.629571,1762145282.664000,29,49,29,19,1762145282.284000,48,-2,1.002,TRUE,3194,2025-11-03T10:18:03.629570,1762145282.850000,10,26,10,15,1762145282.381250,25,-25,1.001,TRUE,97.250,260152.246,FALSE,FALSE,FALSE,TRUE,FALSE,ECG samples:25
3210,-16607.3,TRUE,3194,2025-11-03T10:18:03.629570,1762145283.665000,29,49,29,19,1762145283.285000,47,-3,1.001,TRUE,3195,2025-11-03T10:18:04.629573,1762145283.852000,10,26,10,15,1762145283.383250,25,-25,1.002,TRUE,98.250,260250.496,FALSE,FALSE,FALSE,TRUE,FALSE,ECG samples:25
3211,-16606.4,TRUE,3195,2025-11-03T10:18:04.629573,1762145284.667000,28,49,28,20,1762145284.267000,49,-1,0.982,TRUE,3196,2025-11-03T10:18:05.629573,1762145284.853000,10,26,10,15,1762145284.384250,25,-25,1.001,TRUE,117.250,260367.746,FALSE,FALSE,FALSE,TRUE,FALSE,ECG samples:25
3212,-16605.4,TRUE,3196,2025-11-03T10:18:05.629573,1762145285.668000,29,50,29,20,1762145285.268000,48,-2,1.001,TRUE,3197,2025-11-03T10:18:06.629572,1762145285.854000,10,26,10,15,1762145285.385250,25,-25,1.001,TRUE,117.250,260484.997,FALSE,FALSE,FALSE,TRUE,FALSE,ECG samples:25
3213,-16604.4,TRUE,3197,2025-11-03T10:18:06.629572,1762145286.670000,28,49,28,20,1762145286.270000,49,-1,1.002,TRUE,3198,2025-11-03T10:18:07.629581,1762145286.855000,10,26,10,15,1762145286.386250,25,-25,1.001,TRUE,116.250,260601.247,FALSE,FALSE,FALSE,TRUE,FALSE,ECG samples:25
3214,-16603.3,TRUE,3198,2025-11-03T10:18:07.629581,1762145287.671000,29,48,29,18,1762145287.311000,47,-3,1.041,TRUE,3199,2025-11-03T10:18:08.629581,1762145287.857000,10,26,10,15,1762145287.388250,25,-25,1.002,TRUE,77.250,260678.497,FALSE,FALSE,FALSE,TRUE,FALSE,ECG samples:25
3215,-16602.4,TRUE,3199,2025-11-03T10:18:08.629581,1762145288.672000,29,50,29,20,1762145288.272000,49,-1,0.961,TRUE,3200,2025-11-03T10:18:09.629580,1762145288.858000,10,26,10,15,1762145288.389250,25,-25,1.001,TRUE,117.250,260795.747,FALSE,FALSE,FALSE,TRUE,FALSE,ECG samples:25
3216,-16601.4,TRUE,3200,2025-11-03T10:18:09.629580,1762145289.673000,29,50,29,20,1762145289.273000,49,-1,1.001,TRUE,3201,2025-11-03T10:18:10.629570,1762145289.859000,10,26,10,15,1762145289.390250,25,-25,1.001,TRUE,117.250,260912.997,FALSE,FALSE,FALSE,TRUE,FALSE,ECG samples:25
3217,-16600.4,TRUE,3201,2025-11-03T10:18:10.629570,1762145290.675000,29,50,29,20,1762145290.275000,48,-2,1.002,TRUE,3202,2025-11-03T10:18:11.629569,1762145290.862000,10,26,10,15,1762145290.393250,25,-25,1.003,TRUE,118.250,261031.247,FALSE,FALSE,FALSE,TRUE,FALSE,ECG samples:25
3218,-16599.3,TRUE,3202,2025-11-03T10:18:11.629569,1762145291.676000,28,48,28,19,1762145291.296000,48,-2,1.021,TRUE,3203,2025-11-03T10:18:12.629568,1762145291.863000,10,26,10,15,1762145291.394250,25,-25,1.001,TRUE,98.250,261129.497,FALSE,FALSE,FALSE,TRUE,FALSE,ECG samples:25
3219,-16598.4,TRUE,3203,2025-11-03T10:18:12.629568,1762145292.678000,29,50,29,20,1762145292.278000,48,-2,0.982,TRUE,3204,2025-11-03T10:18:13.629577,1762145292.864000,10,26,10,15,1762145292.395250,25,-25,1.001,TRUE,117.250,261246.747,FALSE,FALSE,FALSE,TRUE,FALSE,ECG samples:25
3220,-16597.3,TRUE,3204,2025-11-03T10:18:13.629577,1762145293.680000,28,49,28,20,1762145293.280000,47,-3,1.002,TRUE,3205,2025-11-03T10:18:14.629574,1762145293.865000,10,26,10,15,1762145293.396250,25,-25,1.001,TRUE,116.250,261362.997,FALSE,FALSE,FALSE,TRUE,FALSE,ECG samples:25
3221,-16596.3,TRUE,3205,2025-11-03T10:18:14.629574,1762145294.681000,27,47,27,19,1762145294.301000,47,-3,1.021,TRUE,3206,2025-11-03T10:18:15.629574,1762145294.867000,10,26,10,15,1762145294.398250,25,-25,1.002,TRUE,97.250,261460.247,FALSE,FALSE,FALSE,TRUE,FALSE,ECG samples:25
3222,-16595.3,TRUE,3206,2025-11-03T10:18:15.629574,1762145295.683000,28,49,28,20,1762145295.283000,49,-1,0.982,TRUE,3207,2025-11-03T10:18:16.629571,1762145295.868000,10,26,10,15,1762145295.399250,24,-26,1.001,TRUE,116.250,261576.497,FALSE,FALSE,FALSE,TRUE,FALSE,ECG samples:24
3223,-16594.3,TRUE,3207,2025-11-03T10:18:16.629571,1762145296.684000,29,50,29,20,1762145296.284000,48,-2,1.001,TRUE,3208,2025-11-03T10:18:17.629571,1762145296.869000,9,26,9,16,1762145296.369000,25,-25,0.970,TRUE,85.000,261661.497,FALSE,FALSE,FALSE,TRUE,FALSE,ECG samples:25
3224,-16593.3,TRUE,3208,2025-11-03T10:18:17.629571,1762145297.686000,28,49,28,20,1762145297.286000,48,-2,1.002,TRUE,3209,2025-11-03T10:18:18.629574,1762145297.871000,9,26,9,16,1762145297.371000,25,-25,1.002,TRUE,85.000,261746.497,FALSE,FALSE,FALSE,TRUE,FALSE,ECG samples:25
3225,-16592.3,TRUE,3209,2025-11-03T10:18:18.629574,1762145298.687000,28,49,28,20,1762145298.287000,48,-2,1.001,TRUE,3210,2025-11-03T10:18:19.629569,1762145298.872000,9,26,9,16,1762145298.372000,25,-25,1.001,TRUE,85.000,261831.497,FALSE,FALSE,FALSE,TRUE,FALSE,ECG samples:25
3226,-16591.3,TRUE,3210,2025-11-03T10:18:19.629569,1762145299.688000,28,49,28,20,1762145299.288000,49,-1,1.001,TRUE,3211,2025-11-03T10:18:20.629574,1762145299.873000,9,26,9,16,1762145299.373000,25,-25,1.001,TRUE,85.000,261916.497,FALSE,FALSE,FALSE,TRUE,FALSE,ECG samples:25
3227,-16590.3,TRUE,3211,2025-11-03T10:18:20.629574,1762145300.690000,29,49,29,19,1762145300.310000,47,-3,1.022,TRUE,3212,2025-11-03T10:18:21.629569,1762145300.875000,9,26,9,16,1762145300.375000,25,-25,1.002,TRUE,65.000,261981.498,FALSE,FALSE,FALSE,TRUE,FALSE,ECG samples:25
3228,-16589.3,TRUE,3212,2025-11-03T10:18:21.629569,1762145301.691000,28,49,28,20,1762145301.291000,48,-2,0.981,TRUE,3213,2025-11-03T10:18:22.629570,1762145301.876000,9,26,9,16,1762145301.376000,25,-25,1.001,TRUE,85.000,262066.498,FALSE,FALSE,FALSE,TRUE,FALSE,ECG samples:25
3229,-16588.3,TRUE,3213,2025-11-03T10:18:22.629570,1762145302.693000,28,49,28,20,1762145302.293000,47,-3,1.002,TRUE,3214,2025-11-03T10:18:23.629573,1762145302.877000,9,26,9,16,1762145302.377000,25,-25,1.001,TRUE,84.000,262150.498,FALSE,FALSE,FALSE,TRUE,FALSE,ECG samples:25
3230,-16587.3,TRUE,3214,2025-11-03T10:18:23.629573,1762145303.694000,27,48,27,20,1762145303.294000,48,-2,1.001,TRUE,3215,2025-11-03T10:18:24.629568,1762145303.878000,9,26,9,16,1762145303.378000,25,-25,1.001,TRUE,84.000,262234.498,FALSE,FALSE,FALSE,TRUE,FALSE,ECG samples:25
3231,-16586.4,TRUE,3215,2025-11-03T10:18:24.629568,1762145304.696000,28,50,28,21,1762145304.276000,49,-1,0.982,TRUE,3216,2025-11-03T10:18:25.629572,1762145304.881000,9,26,9,16,1762145304.381000,25,-25,1.003,TRUE,105.000,262339.498,FALSE,FALSE,FALSE,TRUE,FALSE,ECG samples:25
3232,-16585.3,TRUE,3216,2025-11-03T10:18:25.629572,1762145305.698000,28,49,28,20,1762145305.298000,48,-2,1.022,TRUE,3217,2025-11-03T10:18:26.629562,1762145305.883000,9,26,9,16,1762145305.383000,25,-25,1.002,TRUE,85.000,262424.498,FALSE,FALSE,FALSE,TRUE,FALSE,ECG samples:25
3233,-16584.3,TRUE,3217,2025-11-03T10:18:26.629562,1762145306.700000,28,49,28,20,1762145306.300000,48,-2,1.002,TRUE,3218,2025-11-03T10:18:27.629564,1762145306.884000,9,26,9,16,1762145306.384000,25,-25,1.001,TRUE,84.000,262508.498,FALSE,FALSE,FALSE,TRUE,FALSE,ECG samples:25
3234,-16583.3,TRUE,3218,2025-11-03T10:18:27.629564,1762145307.702000,28,50,28,21,1762145307.282000,49,-1,0.982,TRUE,3219,2025-11-03T10:18:28.629577,1762145307.885000,9,26,9,16,1762145307.385000,25,-25,1.001,TRUE,103.000,262611.498,FALSE,FALSE,FALSE,TRUE,FALSE,ECG samples:25
3235,-16582.3,TRUE,3219,2025-11-03T10:18:28.629577,1762145308.703000,28,49,28,20,1762145308.303000,47,-3,1.021,TRUE,3220,2025-11-03T10:18:29.629572,1762145308.887000,9,26,9,16,1762145308.387000,25,-25,1.002,TRUE,84.000,262695.498,FALSE,FALSE,FALSE,TRUE,FALSE,ECG samples:25
3236,-16581.3,TRUE,3220,2025-11-03T10:18:29.629572,1762145309.705000,27,49,27,21,1762145309.285000,48,-2,0.982,TRUE,3221,2025-11-03T10:18:30.629571,1762145309.887000,9,26,9,16,1762145309.387000,25,-25,1.000,TRUE,102.000,262797.498,FALSE,FALSE,FALSE,TRUE,FALSE,ECG samples:25
3237,-16580.4,TRUE,3221,2025-11-03T10:18:30.629571,1762145310.708000,27,50,27,22,1762145310.268000,48,-2,0.983,TRUE,3222,2025-11-03T10:18:31.629597,1762145310.889000,9,26,9,16,1762145310.389000,25,-25,1.002,TRUE,121.000,262918.499,FALSE,FALSE,FALSE,TRUE,FALSE,ECG samples:25
3238,-16579.4,TRUE,3222,2025-11-03T10:18:31.629597,1762145311.709000,26,49,26,22,1762145311.269000,49,-1,1.001,TRUE,3223,2025-11-03T10:18:32.629567,1762145311.890000,9,26,9,16,1762145311.390000,25,-25,1.001,TRUE,121.000,263039.499,FALSE,FALSE,FALSE,TRUE,FALSE,ECG samples:25
3239,-16578.4,TRUE,3223,2025-11-03T10:18:32.629567,1762145312.711000,27,50,27,22,1762145312.271000,49,-1,1.002,TRUE,3224,2025-11-03T10:18:33.629565,1762145312.891000,9,26,9,16,1762145312.391000,25,-25,1.001,TRUE,120.000,263159.499,FALSE,FALSE,FALSE,TRUE,FALSE,ECG samples:25
3240,-16577.4,TRUE,3224,2025-11-03T10:18:33.629565,1762145313.712000,27,50,27,22,1762145313.272000,49,-1,1.001,TRUE,3225,2025-11-03T10:18:34.629566,1762145313.893000,9,26,9,16,1762145313.393000,25,-25,1.002,TRUE,121.000,263280.499,FALSE,FALSE,FALSE,TRUE,FALSE,ECG samples:25
3241,-16576.3,TRUE,3225,2025-11-03T10:18:34.629566,1762145314.714000,27,48,27,20,1762145314.314000,47,-3,1.042,TRUE,3226,2025-11-03T10:18:35.629565,1762145314.894000,9,26,9,16,1762145314.394000,25,-25,1.001,TRUE,80.000,263360.499,FALSE,FALSE,FALSE,TRUE,FALSE,ECG samples:25
3242,-16575.3,TRUE,3226,2025-11-03T10:18:35.629565,1762145315.716000,27,48,27,20,1762145315.316000,48,-2,1.002,TRUE,3227,2025-11-03T10:18:36.629566,1762145315.896000,9,26,9,16,1762145315.396000,25,-25,1.002,TRUE,80.000,263440.499,FALSE,FALSE,FALSE,TRUE,FALSE,ECG samples:25
3243,-16574.3,TRUE,3227,2025-11-03T10:18:36.629566,1762145316.718000,28,49,28,20,1762145316.318000,47,-3,1.002,TRUE,3228,2025-11-03T10:18:37.629572,1762145316.897000,9,26,9,16,1762145316.397000,24,-26,1.001,TRUE,79.000,263519.499,FALSE,FALSE,FALSE,TRUE,FALSE,ECG samples:24
3244,-16573.3,TRUE,3228,2025-11-03T10:18:37.629572,1762145317.720000,27,50,27,22,1762145317.280000,49,-1,0.962,TRUE,3229,2025-11-03T10:18:38.629569,1762145317.899000,8,25,8,16,1762145317.399000,25,-25,1.002,TRUE,119.000,263638.499,FALSE,FALSE,FALSE,TRUE,FALSE,ECG samples:25
3245,-16572.3,TRUE,3229,2025-11-03T10:18:38.629569,1762145318.721000,27,49,27,21,1762145318.301000,48,-2,1.021,TRUE,3230,2025-11-03T10:18:39.629566,1762145318.900000,9,26,9,16,1762145318.400000,25,-25,1.001,TRUE,99.000,263737.499,FALSE,FALSE,FALSE,TRUE,FALSE,ECG samples:25
3246,-16571.3,TRUE,3230,2025-11-03T10:18:39.629566,1762145319.723000,27,49,27,21,1762145319.303000,47,-3,1.002,TRUE,3231,2025-11-03T10:18:40.629565,1762145319.903000,9,26,9,16,1762145319.403000,25,-25,1.003,TRUE,100.000,263837.499,FALSE,FALSE,FALSE,TRUE,FALSE,ECG samples:25
3247,-16570.3,TRUE,3231,2025-11-03T10:18:40.629565,1762145320.725000,26,49,26,22,1762145320.285000,48,-2,0.982,TRUE,3232,2025-11-03T10:18:41.629568,1762145320.904000,9,26,9,16,1762145320.404000,25,-25,1.001,TRUE,119.000,263956.500,FALSE,FALSE,FALSE,TRUE,FALSE,ECG samples:25
3248,-16569.3,TRUE,3232,2025-11-03T10:18:41.629568,1762145321.727000,26,49,26,22,1762145321.287000,49,-1,1.002,TRUE,3233,2025-11-03T10:18:42.629570,1762145321.906000,9,27,9,17,1762145321.374750,25,-25,0.971,TRUE,87.750,264044.250,FALSE,FALSE,FALSE,TRUE,FALSE,ECG samples:25
3249,-16568.3,TRUE,3233,2025-11-03T10:18:42.629570,1762145322.729000,27,49,27,21,1762145322.309000,48,-2,1.022,TRUE,3234,2025-11-03T10:18:43.629571,1762145322.909000,8,26,8,17,1762145322.377750,25,-25,1.003,TRUE,68.750,264112.999,FALSE,FALSE,FALSE,TRUE,FALSE,ECG samples:25
3250,-16567.3,TRUE,3234,2025-11-03T10:18:43.629571,1762145323.630000,27,45,27,17,1762145323.290000,48,-2,0.981,TRUE,3235,2025-11-03T10:18:44.629568,1762145323.810000,8,23,8,14,1762145323.372500,25,-25,0.995,TRUE,82.500,264195.499,FALSE,FALSE,FALSE,TRUE,FALSE,ECG samples:25
3251,-16566.3,TRUE,3235,2025-11-03T10:18:44.629568,1762145324.632000,31,49,31,17,1762145324.292000,49,-1,1.002,TRUE,3236,2025-11-03T10:18:45.629569,1762145324.812000,11,26,11,14,1762145324.374500,25,-25,1.002,TRUE,82.500,264277.999,FALSE,FALSE,FALSE,TRUE,FALSE,ECG samples:25
3252,-16565.3,TRUE,3236,2025-11-03T10:18:45.629569,1762145325.633000,32,49,32,16,1762145325.313000,48,-2,1.021,TRUE,3237,2025-11-03T10:18:46.629576,1762145325.814000,11,26,11,14,1762145325.376500,25,-25,1.002,TRUE,63.500,264341.499,FALSE,FALSE,FALSE,TRUE,FALSE,ECG samples:25
3253,-16564.3,TRUE,3237,2025-11-03T10:18:46.629576,1762145326.635000,32,50,32,17,1762145326.295000,46,-4,0.982,TRUE,3238,2025-11-03T10:18:47.629575,1762145326.815000,11,26,11,14,1762145326.377500,25,-25,1.001,TRUE,82.500,264423.999,FALSE,FALSE,FALSE,TRUE,FALSE,ECG samples:25
3254,-16563.3,TRUE,3238,2025-11-03T10:18:47.629575,1762145327.637000,29,47,29,17,1762145327.297000,47,-3,1.002,TRUE,3239,2025-11-03T10:18:48.629569,1762145327.817000,11,26,11,14,1762145327.379500,25,-25,1.002,TRUE,82.500,264506.499,FALSE,FALSE,FALSE,TRUE,FALSE,ECG samples:25
3255,-16562.3,TRUE,3239,2025-11-03T10:18:48.629569,1762145328.640000,30,48,30,17,1762145328.300000,47,-3,1.003,TRUE,3240,2025-11-03T10:18:49.629570,1762145328.819000,11,26,11,14,1762145328.381500,24,-26,1.002,TRUE,81.500,264587.999,FALSE,FALSE,FALSE,TRUE,FALSE,ECG samples:24
3256,-16561.3,TRUE,3240,2025-11-03T10:18:49.629570,1762145329.641000,30,48,30,17,1762145329.301000,48,-2,1.001,TRUE,3241,2025-11-03T10:18:50.629576,1762145329.819000,10,25,10,14,1762145329.381500,25,-25,1.000,TRUE,80.500,264668.499,FALSE,FALSE,FALSE,TRUE,FALSE,ECG samples:25
3257,-16560.3,TRUE,3241,2025-11-03T10:18:50.629576,1762145330.643000,31,49,31,17,1762145330.303000,46,-4,1.002,TRUE,3242,2025-11-03T10:18:51.629573,1762145330.820000,11,26,11,14,1762145330.382500,25,-25,1.001,TRUE,79.500,264747.998,FALSE,FALSE,FALSE,TRUE,FALSE,ECG samples:25
3258,-16559.3,TRUE,3242,2025-11-03T10:18:51.629573,1762145331.646000,29,48,29,18,1762145331.286000,49,-1,0.983,TRUE,3243,2025-11-03T10:18:52.629571,1762145331.822000,11,26,11,14,1762145331.384500,25,-25,1.002,TRUE,98.500,264846.498,FALSE,FALSE,FALSE,TRUE,FALSE,ECG samples:25
3259,-16558.3,TRUE,3243,2025-11-03T10:18:52.629571,1762145332.649000,31,50,31,18,1762145332.289000,49,-1,1.003,TRUE,3244,2025-11-03T10:18:53.629573,1762145332.823000,11,26,11,14,1762145332.385500,25,-25,1.001,TRUE,96.500,264942.998,FALSE,FALSE,FALSE,TRUE,FALSE,ECG samples:25
3260,-16557.3,TRUE,3244,2025-11-03T10:18:53.629573,1762145333.651000,31,50,31,18,1762145333.291000,48,-2,1.002,TRUE,3245,2025-11-03T10:18:54.629570,1762145333.824000,11,26,11,14,1762145333.386500,25,-25,1.001,TRUE,95.500,265038.498,FALSE,FALSE,FALSE,TRUE,FALSE,ECG samples:25
3261,-16556.3,TRUE,3245,2025-11-03T10:18:54.629570,1762145334.652000,30,49,30,18,1762145334.292000,49,-1,1.001,TRUE,3246,2025-11-03T10:18:55.629579,1762145334.827000,11,27,11,15,1762145334.358250,25,-25,0.972,TRUE,66.250,265104.748,FALSE,FALSE,FALSE,TRUE,FALSE,ECG samples:25
3262,-16555.3,TRUE,3246,2025-11-03T10:18:55.629579,1762145335.653000,31,50,31,18,1762145335.293000,49,-1,1.001,TRUE,3247,2025-11-03T10:18:56.629571,1762145335.828000,10,26,10,15,1762145335.359250,25,-25,1.001,TRUE,66.250,265170.998,FALSE,FALSE,FALSE,TRUE,FALSE,ECG samples:25
3263,-16554.3,TRUE,3247,2025-11-03T10:18:56.629571,1762145336.655000,31,49,31,17,1762145336.315000,47,-3,1.022,TRUE,3248,2025-11-03T10:18:57.629561,1762145336.829000,10,26,10,15,1762145336.360250,25,-25,1.001,TRUE,45.250,265216.248,FALSE,FALSE,FALSE,TRUE,FALSE,ECG samples:25
3264,-16553.3,TRUE,3248,2025-11-03T10:18:57.629561,1762145337.656000,30,49,30,18,1762145337.296000,48,-2,0.981,TRUE,3249,2025-11-03T10:18:58.629592,1762145337.831000,10,26,10,15,1762145337.362250,25,-25,1.002,TRUE,66.250,265282.498,FALSE,FALSE,FALSE,TRUE,FALSE,ECG samples:25
3265,-16552.3,TRUE,3249,2025-11-03T10:18:58.629592,1762145338.657000,30,49,30,18,1762145338.297000,49,-1,1.001,TRUE,3250,2025-11-03T10:18:59.629579,1762145338.832000,10,26,10,15,1762145338.363250,25,-25,1.001,TRUE,66.250,265348.748,FALSE,FALSE,FALSE,TRUE,FALSE,ECG samples:25
3266,-16551.4,TRUE,3250,2025-11-03T10:18:59.629579,1762145339.659000,31,51,31,19,1762145339.279000,48,-2,0.982,TRUE,3251,2025-11-03T10:19:00.629587,1762145339.834000,10,26,10,15,1762145339.365250,25,-25,1.002,TRUE,86.250,265434.998,FALSE,FALSE,FALSE,TRUE,FALSE,ECG samples:25
3267,-16550.3,TRUE,3251,2025-11-03T10:19:00.629587,1762145340.662000,29,48,29,18,1762145340.302000,48,-2,1.023,TRUE,3252,2025-11-03T10:19:01.629575,1762145340.835000,10,26,10,15,1762145340.366250,25,-25,1.001,TRUE,64.250,265499.248,FALSE,FALSE,FALSE,TRUE,FALSE,ECG samples:25
3268,-16549.3,TRUE,3252,2025-11-03T10:19:01.629575,1762145341.663000,30,50,30,19,1762145341.283000,49,-1,0.981,TRUE,3253,2025-11-03T10:19:02.629573,1762145341.836000,10,26,10,15,1762145341.367250,25,-25,1.001,TRUE,84.250,265583.498,FALSE,FALSE,FALSE,TRUE,FALSE,ECG samples:25
3269,-16548.3,TRUE,3253,2025-11-03T10:19:02.629573,1762145342.665000,30,50,30,19,1762145342.285000,48,-2,1.002,TRUE,3254,2025-11-03T10:19:03.629570,1762145342.837000,10,26,10,15,1762145342.368250,25,-25,1.001,TRUE,83.250,265666.748,FALSE,FALSE,FALSE,TRUE,FALSE,ECG samples:25
3270,-16547.3,TRUE,3254,2025-11-03T10:19:03.629570,1762145343.666000,29,49,29,19,1762145343.286000,48,-2,1.001,TRUE,3255,2025-11-03T10:19:04.629572,1762145343.839000,10,26,10,15,1762145343.370250,25,-25,1.002,TRUE,84.250,265750.998,FALSE,FALSE,FALSE,TRUE,FALSE,ECG samples:25
3271,-16546.3,TRUE,3255,2025-11-03T10:19:04.629572,1762145344.667000,29,49,29,19,1762145344.287000,48,-2,1.001,TRUE,3256,2025-11-03T10:19:05.629574,1762145344.841000,10,26,10,15,1762145344.372250,25,-25,1.002,TRUE,85.250,265836.248,FALSE,FALSE,FALSE,TRUE,FALSE,ECG samples:25
3272,-16545.3,TRUE,3256,2025-11-03T10:19:05.629574,1762145345.669000,29,48,29,18,1762145345.309000,47,-3,1.022,TRUE,3257,2025-11-03T10:19:06.629573,1762145345.841000,10,26,10,15,1762145345.372250,25,-25,1.000,TRUE,63.250,265899.498,FALSE,FALSE,FALSE,TRUE,FALSE,ECG samples:25
3273,-16544.3,TRUE,3257,2025-11-03T10:19:06.629573,1762145346.670000,29,48,29,18,1762145346.310000,48,-2,1.001,TRUE,3258,2025-11-03T10:19:07.629575,1762145346.843000,10,26,10,15,1762145346.374250,26,-24,1.002,TRUE,64.250,265963.748,FALSE,FALSE,FALSE,TRUE,FALSE,ECG samples:26
3274,-16543.3,TRUE,3258,2025-11-03T10:19:07.629575,1762145347.671000,30,48,30,17,1762145347.331000,46,-4,1.021,TRUE,3259,2025-11-03T10:19:08.629578,1762145347.844000,11,26,11,14,1762145347.406500,25,-25,1.032,TRUE,75.500,266039.248,FALSE,FALSE,FALSE,TRUE,FALSE,ECG samples:25
3275,-16542.3,TRUE,3259,2025-11-03T10:19:08.629578,1762145348.672000,29,48,29,18,1762145348.312000,48,-2,0.981,TRUE,3260,2025-11-03T10:19:09.629574,1762145348.846000,11,26,11,14,1762145348.408500,25,-25,1.002,TRUE,96.500,266135.748,FALSE,FALSE,FALSE,TRUE,FALSE,ECG samples:25
3276,-16541.3,TRUE,3260,2025-11-03T10:19:09.629574,1762145349.674000,30,49,30,18,1762145349.314000,47,-3,1.002,TRUE,3261,2025-11-03T10:19:10.629574,1762145349.847000,11,26,11,14,1762145349.409500,25,-25,1.001,TRUE,95.500,266231.248,FALSE,FALSE,FALSE,TRUE,FALSE,ECG samples:25
3277,-16540.3,TRUE,3261,2025-11-03T10:19:10.629574,1762145350.675000,29,49,29,19,1762145350.295000,48,-2,0.981,TRUE,3262,2025-11-03T10:19:11.629572,1762145350.848000,11,26,11,14,1762145350.410500,25,-25,1.001,TRUE,115.500,266346.748,FALSE,FALSE,FALSE,TRUE,FALSE,ECG samples:25
3278,-16539.3,TRUE,3262,2025-11-03T10:19:11.629572,1762145351.676000,29,48,29,18,1762145351.316000,47,-3,1.021,TRUE,3263,2025-11-03T10:19:12.629580,1762145351.849000,11,26,11,14,1762145351.411500,25,-25,1.001,TRUE,95.500,266442.248,FALSE,FALSE,FALSE,TRUE,FALSE,ECG samples:25
3279,-16538.3,TRUE,3263,2025-11-03T10:19:12.629580,1762145352.679000,29,49,29,19,1762145352.299000,48,-2,0.983,TRUE,3264,2025-11-03T10:19:13.629583,1762145352.851000,11,26,11,14,1762145352.413500,25,-25,1.002,TRUE,114.500,266556.748,FALSE,FALSE,FALSE,TRUE,FALSE,ECG samples:25
3280,-16537.3,TRUE,3264,2025-11-03T10:19:13.629583,1762145353.681000,29,49,29,19,1762145353.301000,49,-1,1.002,TRUE,3265,2025-11-03T10:19:14.629579,1762145353.852000,11,26,11,14,1762145353.414500,25,-25,1.001,TRUE,113.500,266670.248,FALSE,FALSE,FALSE,TRUE,FALSE,ECG samples:25
3281,-16536.3,TRUE,3265,2025-11-03T10:19:14.629579,1762145354.683000,30,49,30,18,1762145354.323000,47,-3,1.022,TRUE,3266,2025-11-03T10:19:15.629586,1762145354.854000,11,26,11,14,1762145354.416500,25,-25,1.002,TRUE,93.500,266763.748,FALSE,FALSE,FALSE,TRUE,FALSE,ECG samples:25
3282,-16535.3,TRUE,3266,2025-11-03T10:19:15.629586,1762145355.685000,29,49,29,19,1762145355.305000,48,-2,0.982,TRUE,3267,2025-11-03T10:19:16.629589,1762145355.855000,11,26,11,14,1762145355.417500,25,-25,1.001,TRUE,112.500,266876.248,FALSE,FALSE,FALSE,TRUE,FALSE,ECG samples:25
3283,-16534.3,TRUE,3267,2025-11-03T10:19:16.629589,1762145356.686000,29,48,29,18,1762145356.326000,48,-2,1.021,TRUE,3268,2025-11-03T10:19:17.629577,1762145356.856000,11,26,11,14,1762145356.418500,25,-25,1.001,TRUE,92.500,266968.748,FALSE,FALSE,FALSE,TRUE,FALSE,ECG samples:25
3284,-16533.3,TRUE,3268,2025-11-03T10:19:17.629577,1762145357.687000,30,50,30,19,1762145357.307000,48,-2,0.981,TRUE,3269,2025-11-03T10:19:18.629575,1762145357.858000,11,26,11,14,1762145357.420500,25,-25,1.002,TRUE,113.500,267082.248,FALSE,FALSE,FALSE,TRUE,FALSE,ECG samples:25
3285,-16532.3,TRUE,3269,2025-11-03T10:19:18.629575,1762145358.688000,29,49,29,19,1762145358.308000,49,-1,1.001,TRUE,3270,2025-11-03T10:19:19.629574,1762145358.859000,11,26,11,14,1762145358.421500,25,-25,1.001,TRUE,113.500,267195.748,FALSE,FALSE,FALSE,TRUE,FALSE,ECG samples:25
3286,-16531.3,TRUE,3270,2025-11-03T10:19:19.629574,1762145359.690000,30,49,30,18,1762145359.330000,47,-3,1.022,TRUE,3271,2025-11-03T10:19:20.629578,1762145359.860000,11,26,11,14,1762145359.422500,25,-25,1.001,TRUE,92.500,267288.248,FALSE,FALSE,FALSE,TRUE,FALSE,ECG samples:25
3287,-16530.3,TRUE,3271,2025-11-03T10:19:20.629578,1762145360.691000,29,49,29,19,1762145360.311000,48,-2,0.981,TRUE,3272,2025-11-03T10:19:21.629577,1762145360.862000,11,25,11,13,1762145360.455750,24,-26,1.033,TRUE,144.750,267432.998,FALSE,FALSE,FALSE,TRUE,FALSE,ECG samples:24
3288,-16529.3,TRUE,3272,2025-11-03T10:19:21.629577,1762145361.693000,29,49,29,19,1762145361.313000,47,-3,1.002,TRUE,3273,2025-11-03T10:19:22.629572,1762145361.863000,11,27,11,15,1762145361.394250,25,-25,0.938,TRUE,81.250,267514.248,FALSE,FALSE,FALSE,TRUE,TRUE,ECG samples:25;ICG interval:1.002s;ECG interval:0.938s
3289,-16528.3,TRUE,3273,2025-11-03T10:19:22.629572,1762145362.694000,28,49,28,20,1762145362.294000,49,-1,0.981,TRUE,3274,2025-11-03T10:19:23.629570,1762145362.865000,10,26,10,15,1762145362.396250,25,-25,1.002,TRUE,102.250,267616.498,FALSE,FALSE,FALSE,TRUE,FALSE,ECG samples:25
3290,-16527.3,TRUE,3274,2025-11-03T10:19:23.629570,1762145363.696000,29,50,29,20,1762145363.296000,49,-1,1.002,TRUE,3275,2025-11-03T10:19:24.629564,1762145363.866000,10,26,10,15,1762145363.397250,25,-25,1.001,TRUE,101.250,267717.748,FALSE,FALSE,FALSE,TRUE,FALSE,ECG samples:25
3291,-16526.3,TRUE,3275,2025-11-03T10:19:24.629564,1762145364.698000,29,50,29,20,1762145364.298000,49,-1,1.002,TRUE,3276,2025-11-03T10:19:25.629570,1762145364.867000,10,26,10,15,1762145364.398250,25,-25,1.001,TRUE,100.250,267817.998,FALSE,FALSE,FALSE,TRUE,FALSE,ECG samples:25
3292,-16525.3,TRUE,3276,2025-11-03T10:19:25.629570,1762145365.700000,29,49,29,19,1762145365.320000,47,-3,1.022,TRUE,3277,2025-11-03T10:19:26.629579,1762145365.868000,10,26,10,15,1762145365.399250,25,-25,1.001,TRUE,79.250,267897.249,FALSE,FALSE,FALSE,TRUE,FALSE,ECG samples:25
3293,-16524.3,TRUE,3277,2025-11-03T10:19:26.629579,1762145366.701000,28,48,28,19,1762145366.321000,48,-2,1.001,TRUE,3278,2025-11-03T10:19:27.629573,1762145366.870000,10,26,10,15,1762145366.401250,25,-25,1.002,TRUE,80.250,267977.499,FALSE,FALSE,FALSE,TRUE,FALSE,ECG samples:25
3294,-16523.3,TRUE,3278,2025-11-03T10:19:27.629573,1762145367.703000,29,49,29,19,1762145367.323000,47,-3,1.002,TRUE,3279,2025-11-03T10:19:28.629577,1762145367.872000,10,26,10,15,1762145367.403250,25,-25,1.002,TRUE,80.250,268057.749,FALSE,FALSE,FALSE,TRUE,FALSE,ECG samples:25
3295,-16522.3,TRUE,3279,2025-11-03T10:19:28.629577,1762145368.705000,28,49,28,20,1762145368.305000,49,-1,0.982,TRUE,3280,2025-11-03T10:19:29.629573,1762145368.873000,10,26,10,15,1762145368.404250,25,-25,1.001,TRUE,99.250,268156.999,FALSE,FALSE,FALSE,TRUE,FALSE,ECG samples:25
3296,-16521.3,TRUE,3280,2025-11-03T10:19:29.629573,1762145369.707000,29,49,29,19,1762145369.327000,48,-2,1.022,TRUE,3281,2025-11-03T10:19:30.629568,1762145369.875000,10,26,10,15,1762145369.406250,25,-25,1.002,TRUE,79.250,268236.249,FALSE,FALSE,FALSE,TRUE,FALSE,ECG samples:25
3297,-16520.3,TRUE,3281,2025-11-03T10:19:30.629568,1762145370.708000,29,50,29,20,1762145370.308000,48,-2,0.981,TRUE,3282,2025-11-03T10:19:31.629574,1762145370.876000,10,26,10,15,1762145370.407250,25,-25,1.001,TRUE,99.250,268335.499,FALSE,FALSE,FALSE,TRUE,FALSE,ECG samples:25
3298,-16519.3,TRUE,3282,2025-11-03T10:19:31.629574,1762145371.709000,28,49,28,20,1762145371.309000,48,-2,1.001,TRUE,3283,2025-11-03T10:19:32.629573,1762145371.877000,10,26,10,15,1762145371.408250,25,-25,1.001,TRUE,99.250,268434.749,FALSE,FALSE,FALSE,TRUE,FALSE,ECG samples:25
3299,-16518.3,TRUE,3283,2025-11-03T10:19:32.629573,1762145372.710000,28,49,28,20,1762145372.310000,48,-2,1.001,TRUE,3284,2025-11-03T10:19:33.629571,1762145372.878000,10,26,10,15,1762145372.409250,25,-25,1.001,TRUE,99.250,268533.999,FALSE,FALSE,FALSE,TRUE,FALSE,ECG samples:25
3300,-16517.3,TRUE,3284,2025-11-03T10:19:33.629571,1762145373.712000,28,48,28,19,1762145373.332000,47,-3,1.022,TRUE,3285,2025-11-03T10:19:34.629571,1762145373.881000,10,26,10,15,1762145373.412250,25,-25,1.003,TRUE,80.250,268614.249,FALSE,FALSE,FALSE,TRUE,FALSE,ECG samples:25
3301,-16516.3,TRUE,3285,2025-11-03T10:19:34.629571,1762145374.713000,28,49,28,20,1762145374.313000,48,-2,0.981,TRUE,3286,2025-11-03T10:19:35.629575,1762145374.882000,10,26,10,15,1762145374.413250,25,-25,1.001,TRUE,100.250,268714.499,FALSE,FALSE,FALSE,TRUE,FALSE,ECG samples:25
3302,-16515.3,TRUE,3286,2025-11-03T10:19:35.629575,1762145375.714000,28,50,28,21,1762145375.294000,48,-2,0.981,TRUE,3287,2025-11-03T10:19:36.629568,1762145375.884000,10,26,10,15,1762145375.415250,25,-25,1.002,TRUE,121.250,268835.749,FALSE,FALSE,FALSE,TRUE,FALSE,ECG samples:25
3303,-16514.3,TRUE,3287,2025-11-03T10:19:36.629568,1762145376.715000,27,47,27,19,1762145376.335000,47,-3,1.041,TRUE,3288,2025-11-03T10:19:37.629578,1762145376.885000,10,26,10,15,1762145376.416250,25,-25,1.001,TRUE,81.250,268917.000,FALSE,FALSE,FALSE,TRUE,FALSE,ECG samples:25
3304,-16513.3,TRUE,3288,2025-11-03T10:19:37.629578,1762145377.717000,28,49,28,20,1762145377.317000,47,-3,0.982,TRUE,3289,2025-11-03T10:19:38.629579,1762145377.887000,10,26,10,15,1762145377.418250,25,-25,1.002,TRUE,101.250,269018.250,FALSE,FALSE,FALSE,TRUE,FALSE,ECG samples:25
3305,-16512.3,TRUE,3289,2025-11-03T10:19:38.629579,1762145378.718000,27,48,27,20,1762145378.318000,48,-2,1.001,TRUE,3290,2025-11-03T10:19:39.629572,1762145378.888000,10,26,10,15,1762145378.419250,25,-25,1.001,TRUE,101.250,269119.500,FALSE,FALSE,FALSE,TRUE,FALSE,ECG samples:25
3306,-16511.3,TRUE,3290,2025-11-03T10:19:39.629572,1762145379.720000,28,49,28,20,1762145379.320000,47,-3,1.002,TRUE,3291,2025-11-03T10:19:40.629573,1762145379.890000,10,26,10,15,1762145379.421250,25,-25,1.002,TRUE,101.250,269220.750,FALSE,FALSE,FALSE,TRUE,FALSE,ECG samples:25
3307,-16510.3,TRUE,3291,2025-11-03T10:19:40.629573,1762145380.721000,27,48,27,20,1762145380.321000,48,-2,1.001,TRUE,3292,2025-11-03T10:19:41.629571,1762145380.892000,10,26,10,15,1762145380.423250,25,-25,1.002,TRUE,102.250,269323.000,FALSE,FALSE,FALSE,TRUE,FALSE,ECG samples:25
3308,-16509.3,TRUE,3292,2025-11-03T10:19:41.629571,1762145381.723000,28,49,28,20,1762145381.323000,48,-2,1.002,TRUE,3293,2025-11-03T10:19:42.629575,1762145381.893000,10,26,10,15,1762145381.424250,25,-25,1.001,TRUE,101.250,269424.250,FALSE,FALSE,FALSE,TRUE,FALSE,ECG samples:25
3309,-16508.3,TRUE,3293,2025-11-03T10:19:42.629575,1762145382.725000,28,50,28,21,1762145382.305000,48,-2,0.982,TRUE,3294,2025-11-03T10:19:43.629606,1762145382.895000,10,26,10,15,1762145382.426250,25,-25,1.002,TRUE,121.250,269545.500,FALSE,FALSE,FALSE,TRUE,FALSE,ECG samples:25
3310,-16507.3,TRUE,3294,2025-11-03T10:19:43.629606,1762145383.727000,27,49,27,21,1762145383.307000,48,-2,1.002,TRUE,3295,2025-11-03T10:19:44.629580,1762145383.897000,10,26,10,15,1762145383.428250,25,-25,1.002,TRUE,121.250,269666.750,FALSE,FALSE,FALSE,TRUE,FALSE,ECG samples:25
3311,-16506.3,TRUE,3295,2025-11-03T10:19:44.629580,1762145384.729000,27,49,27,21,1762145384.309000,48,-2,1.002,TRUE,3296,2025-11-03T10:19:45.629574,1762145384.898000,10,26,10,15,1762145384.429250,25,-25,1.001,TRUE,120.250,269787.000,FALSE,FALSE,FALSE,TRUE,FALSE,ECG samples:25
3312,-16505.3,TRUE,3296,2025-11-03T10:19:45.629574,1762145385.631000,27,45,27,17,1762145385.291000,49,-1,0.982,TRUE,3297,2025-11-03T10:19:46.629587,1762145385.800000,10,24,10,13,1762145385.393750,25,-25,0.964,TRUE,102.750,269889.750,FALSE,FALSE,FALSE,TRUE,FALSE,ECG samples:25
3313,-16504.3,TRUE,3297,2025-11-03T10:19:46.629587,1762145386.632000,32,49,32,16,1762145386.312000,48,-2,1.021,TRUE,3298,2025-11-03T10:19:47.629567,1762145386.801000,12,26,12,13,1762145386.394750,25,-25,1.001,TRUE,82.750,269972.500,FALSE,FALSE,FALSE,TRUE,FALSE,ECG samples:25
3314,-16503.3,TRUE,3298,2025-11-03T10:19:47.629567,1762145387.633000,32,49,32,16,1762145387.313000,48,-2,1.001,TRUE,3299,2025-11-03T10:19:48.629569,1762145387.804000,12,26,12,13,1762145387.397750,25,-25,1.003,TRUE,84.750,270057.250,FALSE,FALSE,FALSE,TRUE,FALSE,ECG samples:25
3315,-16502.3,TRUE,3299,2025-11-03T10:19:48.629569,1762145388.634000,32,49,32,16,1762145388.314000,48,-2,1.001,TRUE,3300,2025-11-03T10:19:49.629574,1762145388.805000,12,26,12,13,1762145388.398750,25,-25,1.001,TRUE,84.750,270142.000,FALSE,FALSE,FALSE,TRUE,FALSE,ECG samples:25
3316,-16501.3,TRUE,3300,2025-11-03T10:19:49.629574,1762145389.637000,32,49,32,16,1762145389.317000,48,-2,1.003,TRUE,3301,2025-11-03T10:19:50.629568,1762145389.807000,12,26,12,13,1762145389.400750,25,-25,1.002,TRUE,83.750,270225.750,FALSE,FALSE,FALSE,TRUE,FALSE,ECG samples:25
3317,-16500.3,TRUE,3301,2025-11-03T10:19:50.629568,1762145390.638000,32,49,32,16,1762145390.318000,48,-2,1.001,TRUE,3302,2025-11-03T10:19:51.629570,1762145390.808000,12,26,12,13,1762145390.401750,25,-25,1.001,TRUE,83.750,270309.500,FALSE,FALSE,FALSE,TRUE,FALSE,ECG samples:25
3318,-16499.3,TRUE,3302,2025-11-03T10:19:51.629570,1762145391.639000,32,50,32,17,1762145391.299000,49,-1,0.981,TRUE,3303,2025-11-03T10:19:52.629574,1762145391.810000,12,26,12,13,1762145391.403750,25,-25,1.002,TRUE,104.750,270414.250,FALSE,FALSE,FALSE,TRUE,FALSE,ECG samples:25
3319,-16498.3,TRUE,3303,2025-11-03T10:19:52.629574,1762145392.641000,32,49,32,16,1762145392.321000,47,-3,1.022,TRUE,3304,2025-11-03T10:19:53.629567,1762145392.811000,12,26,12,13,1762145392.404750,25,-25,1.001,TRUE,83.750,270498.000,FALSE,FALSE,FALSE,TRUE,FALSE,ECG samples:25
3320,-16497.3,TRUE,3304,2025-11-03T10:19:53.629567,1762145393.643000,31,49,31,17,1762145393.303000,48,-2,0.982,TRUE,3305,2025-11-03T10:19:54.629568,1762145393.812000,12,26,12,13,1762145393.405750,25,-25,1.001,TRUE,102.750,270600.750,FALSE,FALSE,FALSE,TRUE,FALSE,ECG samples:25
3321,-16496.3,TRUE,3305,2025-11-03T10:19:54.629568,1762145394.644000,31,49,31,17,1762145394.304000,49,-1,1.001,TRUE,3306,2025-11-03T10:19:55.629581,1762145394.814000,12,26,12,13,1762145394.407750,25,-25,1.002,TRUE,103.750,270704.500,FALSE,FALSE,FALSE,TRUE,FALSE,ECG samples:25
3322,-16495.3,TRUE,3306,2025-11-03T10:19:55.629581,1762145395.645000,32,48,32,15,1762145395.345000,47,-3,1.041,TRUE,3307,2025-11-03T10:19:56.629572,1762145395.815000,12,25,12,12,1762145395.440000,24,-26,1.032,TRUE,95.000,270799.500,FALSE,FALSE,FALSE,TRUE,FALSE,ECG samples:24
3323,-16494.3,TRUE,3307,2025-11-03T10:19:56.629572,1762145396.647000,32,50,32,17,1762145396.307000,48,-2,0.962,TRUE,3308,2025-11-03T10:19:57.629573,1762145396.816000,12,26,12,13,1762145396.409750,25,-25,0.970,TRUE,102.750,270902.250,FALSE,FALSE,FALSE,TRUE,FALSE,ECG samples:25
3324,-16493.3,TRUE,3308,2025-11-03T10:19:57.629573,1762145397.648000,31,48,31,16,1762145397.328000,47,-3,1.021,TRUE,3309,2025-11-03T10:19:58.629570,1762145397.818000,12,26,12,13,1762145397.411750,25,-25,1.002,TRUE,83.750,270986.000,FALSE,FALSE,FALSE,TRUE,FALSE,ECG samples:25
3325,-16492.3,TRUE,3309,2025-11-03T10:19:58.629570,1762145398.649000,31,48,31,16,1762145398.329000,47,-3,1.001,TRUE,3310,2025-11-03T10:19:59.629571,1762145398.820000,12,26,12,13,1762145398.413750,25,-25,1.002,TRUE,84.750,271070.750,FALSE,FALSE,FALSE,TRUE,FALSE,ECG samples:25
3326,-16491.3,TRUE,3310,2025-11-03T10:19:59.629571,1762145399.651000,31,49,31,17,1762145399.311000,49,-1,0.982,TRUE,3311,2025-11-03T10:20:00.629583,1762145399.821000,12,26,12,13,1762145399.414750,25,-25,1.001,TRUE,103.750,271174.500,FALSE,FALSE,FALSE,TRUE,FALSE,ECG samples:25
3327,-16490.3,TRUE,3311,2025-11-03T10:20:00.629583,1762145400.652000,32,50,32,17,1762145400.312000,48,-2,1.001,TRUE,3312,2025-11-03T10:20:01.629572,1762145400.822000,12,27,12,14,1762145400.384500,25,-25,0.970,TRUE,72.500,271247.000,FALSE,FALSE,FALSE,TRUE,FALSE,ECG samples:25
3328,-16489.3,TRUE,3312,2025-11-03T10:20:01.629572,1762145401.654000,31,49,31,17,1762145401.314000,49,-1,1.002,TRUE,3313,2025-11-03T10:20:02.629569,1762145401.824000,11,26,11,14,1762145401.386500,25,-25,1.002,TRUE,72.500,271319.499,FALSE,FALSE,FALSE,TRUE,FALSE,ECG samples:25
3329,-16488.3,TRUE,3313,2025-11-03T10:20:02.629569,1762145402.655000,32,49,32,16,1762145402.335000,48,-2,1.021,TRUE,3314,2025-11-03T10:20:03.629569,1762145402.825000,11,26,11,14,1762145402.387500,25,-25,1.001,TRUE,52.500,271371.999,FALSE,FALSE,FALSE,TRUE,FALSE,ECG samples:25
3330,-16487.3,TRUE,3314,2025-11-03T10:20:03.629569,1762145403.657000,32,50,32,17,1762145403.317000,48,-2,0.982,TRUE,3315,2025-11-03T10:20:04.629617,1762145403.826000,11,26,11,14,1762145403.388500,25,-25,1.001,TRUE,71.500,271443.499,FALSE,FALSE,FALSE,TRUE,FALSE,ECG samples:25
3331,-16486.3,TRUE,3315,2025-11-03T10:20:04.629617,1762145404.658000,31,49,31,17,1762145404.318000,48,-2,1.001,TRUE,3316,2025-11-03T10:20:05.629571,1762145404.828000,11,26,11,14,1762145404.390500,25,-25,1.002,TRUE,72.500,271515.999,FALSE,FALSE,FALSE,TRUE,FALSE,ECG samples:25
3332,-16485.3,TRUE,3316,2025-11-03T10:20:05.629571,1762145405.660000,31,49,31,17,1762145405.320000,48,-2,1.002,TRUE,3317,2025-11-03T10:20:06.629567,1762145405.829000,11,26,11,14,1762145405.391500,25,-25,1.001,TRUE,71.500,271587.499,FALSE,FALSE,FALSE,TRUE,FALSE,ECG samples:25
3333,-16484.3,TRUE,3317,2025-11-03T10:20:06.629567,1762145406.661000,31,49,31,17,1762145406.321000,48,-2,1.001,TRUE,3318,2025-11-03T10:20:07.629567,1762145406.830000,11,26,11,14,1762145406.392500,25,-25,1.001,TRUE,71.500,271658.999,FALSE,FALSE,FALSE,TRUE,FALSE,ECG samples:25
3334,-16483.3,TRUE,3318,2025-11-03T10:20:07.629567,1762145407.662000,31,49,31,17,1762145407.322000,48,-2,1.001,TRUE,3319,2025-11-03T10:20:08.629575,1762145407.831000,11,26,11,14,1762145407.393500,25,-25,1.001,TRUE,71.500,271730.499,FALSE,FALSE,FALSE,TRUE,FALSE,ECG samples:25
3335,-16482.3,TRUE,3319,2025-11-03T10:20:08.629575,1762145408.664000,31,50,31,18,1762145408.304000,49,-1,0.982,TRUE,3320,2025-11-03T10:20:09.629567,1762145408.833000,11,26,11,14,1762145408.395500,25,-25,1.002,TRUE,91.500,271821.999,FALSE,FALSE,FALSE,TRUE,FALSE,ECG samples:25
3336,-16481.3,TRUE,3320,2025-11-03T10:20:09.629567,1762145409.665000,31,49,31,17,1762145409.325000,49,-1,1.021,TRUE,3321,2025-11-03T10:20:10.629575,1762145409.834000,11,26,11,14,1762145409.396500,25,-25,1.001,TRUE,71.500,271893.499,FALSE,FALSE,FALSE,TRUE,FALSE,ECG samples:25
3337,-16480.3,TRUE,3321,2025-11-03T10:20:10.629575,1762145410.667000,32,49,32,16,1762145410.347000,47,-3,1.022,TRUE,3322,2025-11-03T10:20:11.629568,1762145410.836000,11,26,11,14,1762145410.398500,25,-25,1.002,TRUE,51.500,271944.999,FALSE,FALSE,FALSE,TRUE,FALSE,ECG samples:25
3338,-16479.3,TRUE,3322,2025-11-03T10:20:11.629568,1762145411.669000,31,49,31,17,1762145411.329000,48,-2,0.982,TRUE,3323,2025-11-03T10:20:12.629570,1762145411.837000,11,26,11,14,1762145411.399500,25,-25,1.001,TRUE,70.500,272015.498,FALSE,FALSE,FALSE,TRUE,FALSE,ECG samples:25
3339,-16478.3,TRUE,3323,2025-11-03T10:20:12.629570,1762145412.670000,31,50,31,18,1762145412.310000,48,-2,0.981,TRUE,3324,2025-11-03T10:20:13.629567,1762145412.840000,11,26,11,14,1762145412.402500,25,-25,1.003,TRUE,92.500,272107.998,FALSE,FALSE,FALSE,TRUE,FALSE,ECG samples:25
3340,-16477.3,TRUE,3324,2025-11-03T10:20:13.629567,1762145413.671000,30,49,30,18,1762145413.311000,48,-2,1.001,TRUE,3325,2025-11-03T10:20:14.629571,1762145413.842000,11,26,11,14,1762145413.404500,25,-25,1.002,TRUE,93.500,272201.498,FALSE,FALSE,FALSE,TRUE,FALSE,ECG samples:25
3341,-16476.3,TRUE,3325,2025-11-03T10:20:14.629571,1762145414.673000,30,49,30,18,1762145414.313000,48,-2,1.002,TRUE,3326,2025-11-03T10:20:15.629567,1762145414.844000,11,26,11,14,1762145414.406500,25,-25,1.002,TRUE,93.500,272294.998,FALSE,FALSE,FALSE,TRUE,FALSE,ECG samples:25
3342,-16475.3,TRUE,3326,2025-11-03T10:20:15.629567,1762145415.674000,30,48,30,17,1762145415.334000,47,-3,1.021,TRUE,3327,2025-11-03T10:20:16.629569,1762145415.846000,11,26,11,14,1762145415.408500,25,-25,1.002,TRUE,74.500,272369.498,FALSE,FALSE,FALSE,TRUE,FALSE,ECG samples:25
3343,-16474.3,TRUE,3327,2025-11-03T10:20:16.629569,1762145416.675000,30,48,30,17,1762145416.335000,48,-2,1.001,TRUE,3328,2025-11-03T10:20:17.629567,1762145416.848000,11,26,11,14,1762145416.410500,25,-25,1.002,TRUE,75.500,272444.998,FALSE,FALSE,FALSE,TRUE,FALSE,ECG samples:25
3344,-16473.3,TRUE,3328,2025-11-03T10:20:17.629567,1762145417.678000,31,50,31,18,1762145417.318000,48,-2,0.983,TRUE,3329,2025-11-03T10:20:18.629571,1762145417.850000,11,26,11,14,1762145417.412500,25,-25,1.002,TRUE,94.500,272539.498,FALSE,FALSE,FALSE,TRUE,FALSE,ECG samples:25
3345,-16472.3,TRUE,3329,2025-11-03T10:20:18.629571,1762145418.679000,30,49,30,18,1762145418.319000,48,-2,1.001,TRUE,3330,2025-11-03T10:20:19.629575,1762145418.852000,11,26,11,14,1762145418.414500,25,-25,1.002,TRUE,95.500,272634.998,FALSE,FALSE,FALSE,TRUE,FALSE,ECG samples:25
3346,-16471.3,TRUE,3330,2025-11-03T10:20:19.629575,1762145419.680000,30,48,30,17,1762145419.340000,47,-3,1.021,TRUE,3331,2025-11-03T10:20:20.629572,1762145419.854000,11,26,11,14,1762145419.416500,25,-25,1.002,TRUE,76.500,272711.498,FALSE,FALSE,FALSE,TRUE,FALSE,ECG samples:25
3347,-16470.3,TRUE,3331,2025-11-03T10:20:20.629572,1762145420.682000,30,48,30,17,1762145420.342000,47,-3,1.002,TRUE,3332,2025-11-03T10:20:21.629573,1762145420.856000,11,26,11,14,1762145420.418500,25,-25,1.002,TRUE,76.500,272787.997,FALSE,FALSE,FALSE,TRUE,FALSE,ECG samples:25
3348,-16469.3,TRUE,3332,2025-11-03T10:20:21.629573,1762145421.684000,30,49,30,18,1762145421.324000,47,-3,0.982,TRUE,3333,2025-11-03T10:20:22.629572,1762145421.858000,11,26,11,14,1762145421.420500,25,-25,1.002,TRUE,96.500,272884.497,FALSE,FALSE,FALSE,TRUE,FALSE,ECG samples:25
3349,-16468.3,TRUE,3333,2025-11-03T10:20:22.629572,1762145422.685000,29,49,29,19,1762145422.305000,49,-1,0.981,TRUE,3334,2025-11-03T10:20:23.629571,1762145422.859000,11,26,11,14,1762145422.421500,25,-25,1.001,TRUE,116.500,273000.998,FALSE,FALSE,FALSE,TRUE,FALSE,ECG samples:25
3350,-16467.3,TRUE,3334,2025-11-03T10:20:23.629571,1762145423.687000,30,49,30,18,1762145423.327000,48,-2,1.022,TRUE,3335,2025-11-03T10:20:24.629571,1762145423.861000,11,27,11,15,1762145423.392250,25,-25,0.971,TRUE,65.250,273066.247,FALSE,FALSE,FALSE,TRUE,FALSE,ECG samples:25
3351,-16466.3,TRUE,3335,2025-11-03T10:20:24.629571,1762145424.689000,30,48,30,17,1762145424.349000,47,-3,1.022,TRUE,3336,2025-11-03T10:20:25.629560,1762145424.863000,10,26,10,15,1762145424.394250,25,-25,1.002,TRUE,45.250,273111.497,FALSE,FALSE,FALSE,TRUE,FALSE,ECG samples:25
3352,-16465.3,TRUE,3336,2025-11-03T10:20:25.629560,1762145425.692000,30,50,30,19,1762145425.312000,49,-1,0.963,TRUE,3337,2025-11-03T10:20:26.629559,1762145425.865000,10,26,10,15,1762145425.396250,25,-25,1.002,TRUE,84.250,273195.748,FALSE,FALSE,FALSE,TRUE,FALSE,ECG samples:25
3353,-16464.3,TRUE,3337,2025-11-03T10:20:26.629559,1762145426.693000,30,50,30,19,1762145426.313000,48,-2,1.001,TRUE,3338,2025-11-03T10:20:27.629568,1762145426.867000,10,26,10,15,1762145426.398250,25,-25,1.002,TRUE,85.250,273280.998,FALSE,FALSE,FALSE,TRUE,FALSE,ECG samples:25
3354,-16463.3,TRUE,3338,2025-11-03T10:20:27.629568,1762145427.697000,29,48,29,18,1762145427.337000,49,-1,1.024,TRUE,3339,2025-11-03T10:20:28.629544,1762145428.069000,10,31,10,20,1762145427.444000,25,-25,1.046,TRUE,107.000,273387.998,FALSE,FALSE,FALSE,TRUE,FALSE,ECG samples:25
3355,-16462.3,TRUE,3339,2025-11-03T10:20:28.629544,1762145428.698000,31,51,31,19,1762145428.318000,49,-1,0.981,TRUE,3340,2025-11-03T10:20:29.629544,1762145428.869000,5,21,5,15,1762145428.400250,25,-25,0.956,TRUE,82.250,273470.248,FALSE,FALSE,FALSE,TRUE,FALSE,ECG samples:25
3356,-16461.3,TRUE,3340,2025-11-03T10:20:29.629544,1762145429.698000,30,50,30,19,1762145429.318000,49,-1,1.000,TRUE,3341,2025-11-03T10:20:30.629541,1762145429.870000,10,26,10,15,1762145429.401250,25,-25,1.001,TRUE,83.250,273553.498,FALSE,FALSE,FALSE,TRUE,FALSE,ECG samples:25
3357,-16460.3,TRUE,3341,2025-11-03T10:20:30.629541,1762145430.699000,30,50,30,19,1762145430.319000,50,+0,1.001,TRUE,3342,2025-11-03T10:20:31.629548,1762145430.871000,10,26,10,15,1762145430.402250,25,-25,1.001,TRUE,83.250,273636.748,FALSE,FALSE,FALSE,TRUE,FALSE,ECG samples:25
3358,-16459.3,TRUE,3342,2025-11-03T10:20:31.629548,1762145431.700000,31,51,31,19,1762145431.320000,49,-1,1.001,TRUE,3343,2025-11-03T10:20:32.629542,1762145431.872000,10,26,10,15,1762145431.403250,25,-25,1.001,TRUE,83.250,273719.998,FALSE,FALSE,FALSE,TRUE,FALSE,ECG samples:25
3359,-16458.3,TRUE,3343,2025-11-03T10:20:32.629542,1762145432.701000,30,50,30,19,1762145432.321000,49,-1,1.001,TRUE,3344,2025-11-03T10:20:33.629552,1762145432.873000,10,26,10,15,1762145432.404250,25,-25,1.001,TRUE,83.250,273803.248,FALSE,FALSE,FALSE,TRUE,FALSE,ECG samples:25
3360,-16457.3,TRUE,3344,2025-11-03T10:20:33.629552,1762145433.702000,30,48,30,17,1762145433.362000,47,-3,1.041,TRUE,3345,2025-11-03T10:20:34.629557,1762145433.875000,10,26,10,15,1762145433.406250,25,-25,1.002,TRUE,44.250,273847.498,FALSE,FALSE,FALSE,TRUE,FALSE,ECG samples:25
3361,-16456.3,TRUE,3345,2025-11-03T10:20:34.629557,1762145434.704000,30,50,30,19,1762145434.324000,47,-3,0.962,TRUE,3346,2025-11-03T10:20:35.629567,1762145434.876000,10,26,10,15,1762145434.407250,25,-25,1.001,TRUE,83.250,273930.748,FALSE,FALSE,FALSE,TRUE,FALSE,ECG samples:25
3362,-16455.3,TRUE,3346,2025-11-03T10:20:35.629567,1762145435.705000,28,48,28,19,1762145435.325000,48,-2,1.001,TRUE,3347,2025-11-03T10:20:36.629574,1762145435.877000,10,26,10,15,1762145435.408250,25,-25,1.001,TRUE,83.250,274013.999,FALSE,FALSE,FALSE,TRUE,FALSE,ECG samples:25
3363,-16454.3,TRUE,3347,2025-11-03T10:20:36.629574,1762145436.707000,29,48,29,18,1762145436.347000,47,-3,1.022,TRUE,3348,2025-11-03T10:20:37.629567,1762145436.878000,10,26,10,15,1762145436.409250,25,-25,1.001,TRUE,62.250,274076.248,FALSE,FALSE,FALSE,TRUE,FALSE,ECG samples:25
3364,-16453.3,TRUE,3348,2025-11-03T10:20:37.629567,1762145437.708000,29,49,29,19,1762145437.328000,48,-2,0.981,TRUE,3349,2025-11-03T10:20:38.629555,1762145437.880000,10,26,10,15,1762145437.411250,25,-25,1.002,TRUE,83.250,274159.499,FALSE,FALSE,FALSE,TRUE,FALSE,ECG samples:25
3365,-16452.3,TRUE,3349,2025-11-03T10:20:38.629555,1762145438.709000,29,48,29,18,1762145438.349000,47,-3,1.021,TRUE,3350,2025-11-03T10:20:39.629579,1762145438.881000,10,26,10,15,1762145438.412250,25,-25,1.001,TRUE,63.250,274222.749,FALSE,FALSE,FALSE,TRUE,FALSE,ECG samples:25
3366,-16451.3,TRUE,3350,2025-11-03T10:20:39.629579,1762145439.711000,29,49,29,19,1762145439.331000,49,-1,0.982,TRUE,3351,2025-11-03T10:20:40.629571,1762145439.882000,10,26,10,15,1762145439.413250,25,-25,1.001,TRUE,82.250,274304.999,FALSE,FALSE,FALSE,TRUE,FALSE,ECG samples:25
3367,-16450.3,TRUE,3351,2025-11-03T10:20:40.629571,1762145440.712000,30,50,30,19,1762145440.332000,48,-2,1.001,TRUE,3352,2025-11-03T10:20:41.629577,1762145440.883000,10,26,10,15,1762145440.414250,25,-25,1.001,TRUE,82.250,274387.249,FALSE,FALSE,FALSE,TRUE,FALSE,ECG samples:25
3368,-16449.3,TRUE,3352,2025-11-03T10:20:41.629577,1762145441.715000,29,49,29,19,1762145441.335000,48,-2,1.003,TRUE,3353,2025-11-03T10:20:42.629571,1762145441.886000,10,26,10,15,1762145441.417250,25,-25,1.003,TRUE,82.250,274469.499,FALSE,FALSE,FALSE,TRUE,FALSE,ECG samples:25
3369,-16448.3,TRUE,3353,2025-11-03T10:20:42.629571,1762145442.718000,29,49,29,19,1762145442.338000,48,-2,1.003,TRUE,3354,2025-11-03T10:20:43.629575,1762145442.887000,10,26,10,15,1762145442.418250,25,-25,1.001,TRUE,80.250,274549.749,FALSE,FALSE,FALSE,TRUE,FALSE,ECG samples:25
3370,-16447.3,TRUE,3354,2025-11-03T10:20:43.629575,1762145443.719000,29,50,29,20,1762145443.319000,48,-2,0.981,TRUE,3355,2025-11-03T10:20:44.629580,1762145443.889000,10,26,10,15,1762145443.420250,24,-26,1.002,TRUE,101.250,274650.999,FALSE,FALSE,FALSE,TRUE,FALSE,ECG samples:24
3371,-16446.3,TRUE,3355,2025-11-03T10:20:44.629580,1762145444.720000,28,49,28,20,1762145444.320000,49,-1,1.001,TRUE,3356,2025-11-03T10:20:45.629568,1762145444.890000,9,25,9,15,1762145444.421250,25,-25,1.001,TRUE,101.250,274752.249,FALSE,FALSE,FALSE,TRUE,FALSE,ECG samples:25
3372,-16445.3,TRUE,3356,2025-11-03T10:20:45.629568,1762145445.723000,29,49,29,19,1762145445.343000,47,-3,1.023,TRUE,3357,2025-11-03T10:20:46.629569,1762145445.892000,10,26,10,15,1762145445.423250,25,-25,1.002,TRUE,80.250,274832.499,FALSE,FALSE,FALSE,TRUE,FALSE,ECG samples:25
3373,-16444.3,TRUE,3357,2025-11-03T10:20:46.629569,1762145446.726000,28,48,28,19,1762145446.346000,48,-2,1.003,TRUE,3358,2025-11-03T10:20:47.629570,1762145446.893000,10,26,10,15,1762145446.424250,25,-25,1.001,TRUE,78.250,274910.749,FALSE,FALSE,FALSE,TRUE,FALSE,ECG samples:25
3374,-16443.3,TRUE,3358,2025-11-03T10:20:47.629570,1762145447.728000,29,50,29,20,1762145447.328000,48,-2,0.982,TRUE,3359,2025-11-03T10:20:48.629573,1762145447.894000,10,26,10,15,1762145447.425250,25,-25,1.001,TRUE,97.250,275007.999,FALSE,FALSE,FALSE,TRUE,FALSE,ECG samples:25
3375,-16442.3,TRUE,3359,2025-11-03T10:20:48.629573,1762145448.730000,28,49,28,20,1762145448.330000,48,-2,1.002,TRUE,3360,2025-11-03T10:20:49.629575,1762145448.896000,10,26,10,15,1762145448.427250,25,-25,1.002,TRUE,97.250,275105.249,FALSE,FALSE,FALSE,TRUE,FALSE,ECG samples:25
3376,-16441.3,TRUE,3360,2025-11-03T10:20:49.629575,1762145449.630000,28,44,28,15,1762145449.330000,49,-1,1.000,TRUE,3361,2025-11-03T10:20:50.629577,1762145449.798000,10,24,10,13,1762145449.391750,25,-25,0.965,TRUE,61.750,275166.999,FALSE,FALSE,FALSE,TRUE,FALSE,ECG samples:25
3377,-16440.3,TRUE,3361,2025-11-03T10:20:50.629577,1762145450.633000,34,50,34,15,1762145450.333000,49,-1,1.003,TRUE,3362,2025-11-03T10:20:51.629580,1762145450.800000,12,26,12,13,1762145450.393750,25,-25,1.002,TRUE,60.750,275227.749,FALSE,FALSE,FALSE,TRUE,FALSE,ECG samples:25
3378,-16439.3,TRUE,3362,2025-11-03T10:20:51.629580,1762145451.634000,34,49,34,14,1762145451.354000,48,-2,1.021,TRUE,3363,2025-11-03T10:20:52.629577,1762145451.802000,12,26,12,13,1762145451.395750,25,-25,1.002,TRUE,41.750,275269.499,FALSE,FALSE,FALSE,TRUE,FALSE,ECG samples:25
3379,-16438.3,TRUE,3363,2025-11-03T10:20:52.629577,1762145452.636000,34,50,34,15,1762145452.336000,49,-1,0.982,TRUE,3364,2025-11-03T10:20:53.629576,1762145452.803000,12,26,12,13,1762145452.396750,26,-24,1.001,TRUE,60.750,275330.249,FALSE,FALSE,FALSE,TRUE,FALSE,ECG samples:26
3380,-16437.3,TRUE,3364,2025-11-03T10:20:53.629576,1762145453.637000,34,50,34,15,1762145453.337000,46,-4,1.001,TRUE,3365,2025-11-03T10:20:54.629574,1762145453.804000,13,26,13,12,1762145453.429000,25,-25,1.032,TRUE,92.000,275422.249,FALSE,FALSE,FALSE,TRUE,FALSE,ECG samples:25
3381,-16436.3,TRUE,3365,2025-11-03T10:20:54.629574,1762145454.639000,31,48,31,16,1762145454.319000,49,-1,0.982,TRUE,3366,2025-11-03T10:20:55.629571,1762145454.806000,13,26,13,12,1762145454.431000,25,-25,1.002,TRUE,112.000,275534.249,FALSE,FALSE,FALSE,TRUE,FALSE,ECG samples:25
3382,-16435.3,TRUE,3366,2025-11-03T10:20:55.629571,1762145455.640000,33,49,33,15,1762145455.340000,47,-3,1.021,TRUE,3367,2025-11-03T10:20:56.629572,1762145455.807000,13,26,13,12,1762145455.432000,25,-25,1.001,TRUE,92.000,275626.249,FALSE,FALSE,FALSE,TRUE,FALSE,ECG samples:25
3383,-16434.3,TRUE,3367,2025-11-03T10:20:56.629572,1762145456.641000,32,49,32,16,1762145456.321000,48,-2,0.981,TRUE,3368,2025-11-03T10:20:57.629580,1762145456.808000,13,26,13,12,1762145456.433000,25,-25,1.001,TRUE,112.000,275738.249,FALSE,FALSE,FALSE,TRUE,FALSE,ECG samples:25
3384,-16433.3,TRUE,3368,2025-11-03T10:20:57.629580,1762145457.643000,32,49,32,16,1762145457.323000,48,-2,1.002,TRUE,3369,2025-11-03T10:20:58.629572,1762145457.810000,13,26,13,12,1762145457.435000,25,-25,1.002,TRUE,112.000,275850.249,FALSE,FALSE,FALSE,TRUE,FALSE,ECG samples:25
3385,-16432.3,TRUE,3369,2025-11-03T10:20:58.629572,1762145458.645000,32,49,32,16,1762145458.325000,49,-1,1.002,TRUE,3370,2025-11-03T10:20:59.629578,1762145458.811000,13,26,13,12,1762145458.436000,25,-25,1.001,TRUE,111.000,275961.249,FALSE,FALSE,FALSE,TRUE,FALSE,ECG samples:25
3386,-16431.3,TRUE,3370,2025-11-03T10:20:59.629578,1762145459.646000,33,49,33,15,1762145459.346000,47,-3,1.021,TRUE,3371,2025-11-03T10:21:00.629580,1762145459.812000,13,26,13,12,1762145459.437000,25,-25,1.001,TRUE,91.000,276052.249,FALSE,FALSE,FALSE,TRUE,FALSE,ECG samples:25
3387,-16430.3,TRUE,3371,2025-11-03T10:21:00.629580,1762145460.648000,32,48,32,15,1762145460.348000,48,-2,1.002,TRUE,3372,2025-11-03T10:21:01.629582,1762145460.814000,13,26,13,12,1762145460.439000,25,-25,1.002,TRUE,91.000,276143.249,FALSE,FALSE,FALSE,TRUE,FALSE,ECG samples:25
3388,-16429.3,TRUE,3372,2025-11-03T10:21:01.629582,1762145461.649000,33,49,33,15,1762145461.349000,48,-2,1.001,TRUE,3373,2025-11-03T10:21:02.629586,1762145461.815000,13,26,13,12,1762145461.440000,25,-25,1.001,TRUE,91.000,276234.249,FALSE,FALSE,FALSE,TRUE,FALSE,ECG samples:25
3389,-16428.3,TRUE,3373,2025-11-03T10:21:02.629586,1762145462.650000,33,50,33,16,1762145462.330000,48,-2,0.981,TRUE,3374,2025-11-03T10:21:03.629580,1762145462.816000,13,26,13,12,1762145462.441000,25,-25,1.001,TRUE,111.000,276345.249,FALSE,FALSE,FALSE,TRUE,FALSE,ECG samples:25
3390,-16427.3,TRUE,3374,2025-11-03T10:21:03.629580,1762145463.652000,32,48,32,15,1762145463.352000,48,-2,1.022,TRUE,3375,2025-11-03T10:21:04.629574,1762145463.818000,13,26,13,12,1762145463.443000,25,-25,1.002,TRUE,91.000,276436.249,FALSE,FALSE,FALSE,TRUE,FALSE,ECG samples:25
3391,-16426.3,TRUE,3375,2025-11-03T10:21:04.629574,1762145464.654000,33,50,33,16,1762145464.334000,49,-1,0.982,TRUE,3376,2025-11-03T10:21:05.629570,1762145464.819000,13,27,13,13,1762145464.412750,25,-25,0.970,TRUE,78.750,276514.999,FALSE,FALSE,FALSE,TRUE,FALSE,ECG samples:25
3392,-16425.3,TRUE,3376,2025-11-03T10:21:05.629570,1762145465.656000,33,49,33,15,1762145465.356000,46,-4,1.022,TRUE,3377,2025-11-03T10:21:06.629574,1762145465.820000,12,26,12,13,1762145465.413750,25,-25,1.001,TRUE,57.750,276572.749,FALSE,FALSE,FALSE,TRUE,FALSE,ECG samples:25
3393,-16424.3,TRUE,3377,2025-11-03T10:21:06.629574,1762145466.658000,31,49,31,17,1762145466.318000,49,-1,0.962,TRUE,3378,2025-11-03T10:21:07.629573,1762145466.822000,12,26,12,13,1762145466.415750,25,-25,1.002,TRUE,97.750,276670.499,FALSE,FALSE,FALSE,TRUE,FALSE,ECG samples:25
3394,-16423.3,TRUE,3378,2025-11-03T10:21:07.629573,1762145467.660000,32,49,32,16,1762145467.340000,48,-2,1.022,TRUE,3379,2025-11-03T10:21:08.629570,1762145467.823000,12,26,12,13,1762145467.416750,25,-25,1.001,TRUE,76.750,276747.248,FALSE,FALSE,FALSE,TRUE,FALSE,ECG samples:25
3395,-16422.3,TRUE,3379,2025-11-03T10:21:08.629570,1762145468.661000,32,48,32,15,1762145468.361000,47,-3,1.021,TRUE,3380,2025-11-03T10:21:09.629571,1762145468.824000,12,26,12,13,1762145468.417750,25,-25,1.001,TRUE,56.750,276803.998,FALSE,FALSE,FALSE,TRUE,FALSE,ECG samples:25
3396,-16421.3,TRUE,3380,2025-11-03T10:21:09.629571,1762145469.663000,32,49,32,16,1762145469.343000,48,-2,0.982,TRUE,3381,2025-11-03T10:21:10.629564,1762145469.826000,12,26,12,13,1762145469.419750,25,-25,1.002,TRUE,76.750,276880.748,FALSE,FALSE,FALSE,TRUE,FALSE,ECG samples:25
3397,-16420.3,TRUE,3381,2025-11-03T10:21:10.629564,1762145470.664000,32,49,32,16,1762145470.344000,48,-2,1.001,TRUE,3382,2025-11-03T10:21:11.629573,1762145470.827000,12,26,12,13,1762145470.420750,25,-25,1.001,TRUE,76.750,276957.498,FALSE,FALSE,FALSE,TRUE,FALSE,ECG samples:25
3398,-16419.3,TRUE,3382,2025-11-03T10:21:11.629573,1762145471.666000,32,49,32,16,1762145471.346000,49,-1,1.002,TRUE,3383,2025-11-03T10:21:12.629566,1762145471.828000,12,26,12,13,1762145471.421750,24,-26,1.001,TRUE,75.750,277033.248,FALSE,FALSE,FALSE,TRUE,FALSE,ECG samples:24
3399,-16418.3,TRUE,3383,2025-11-03T10:21:12.629566,1762145472.666000,33,50,33,16,1762145472.346000,46,-4,1.000,TRUE,3384,2025-11-03T10:21:13.629563,1762145472.830000,11,25,11,13,1762145472.423750,25,-25,1.002,TRUE,77.750,277110.998,FALSE,FALSE,FALSE,TRUE,FALSE,ECG samples:25
3400,-16417.3,TRUE,3384,2025-11-03T10:21:13.629563,1762145473.669000,30,48,30,17,1762145473.329000,49,-1,0.983,TRUE,3385,2025-11-03T10:21:14.629573,1762145473.831000,12,26,12,13,1762145473.424750,25,-25,1.001,TRUE,95.750,277206.748,FALSE,FALSE,FALSE,TRUE,FALSE,ECG samples:25
3401,-16416.3,TRUE,3385,2025-11-03T10:21:14.629573,1762145474.670000,32,49,32,16,1762145474.350000,47,-3,1.021,TRUE,3386,2025-11-03T10:21:15.629570,1762145474.833000,12,26,12,13,1762145474.426750,25,-25,1.002,TRUE,76.750,277283.498,FALSE,FALSE,FALSE,TRUE,FALSE,ECG samples:25
3402,-16415.3,TRUE,3386,2025-11-03T10:21:15.629570,1762145475.672000,31,49,31,17,1762145475.332000,48,-2,0.982,TRUE,3387,2025-11-03T10:21:16.629573,1762145475.834000,12,26,12,13,1762145475.427750,25,-25,1.001,TRUE,95.750,277379.248,FALSE,FALSE,FALSE,TRUE,FALSE,ECG samples:25
3403,-16414.3,TRUE,3387,2025-11-03T10:21:16.629573,1762145476.673000,31,48,31,16,1762145476.353000,48,-2,1.021,TRUE,3388,2025-11-03T10:21:17.629571,1762145476.836000,12,26,12,13,1762145476.429750,25,-25,1.002,TRUE,76.750,277455.998,FALSE,FALSE,FALSE,TRUE,FALSE,ECG samples:25
3404,-16413.3,TRUE,3388,2025-11-03T10:21:17.629571,1762145477.674000,32,50,32,17,1762145477.334000,49,-1,0.981,TRUE,3389,2025-11-03T10:21:18.629574,1762145477.837000,12,26,12,13,1762145477.430750,25,-25,1.001,TRUE,96.750,277552.747,FALSE,FALSE,FALSE,TRUE,FALSE,ECG samples:25
3405,-16412.3,TRUE,3389,2025-11-03T10:21:18.629574,1762145478.676000,32,49,32,16,1762145478.356000,47,-3,1.022,TRUE,3390,2025-11-03T10:21:19.629579,1762145478.838000,12,26,12,13,1762145478.431750,25,-25,1.001,TRUE,75.750,277628.497,FALSE,FALSE,FALSE,TRUE,FALSE,ECG samples:25
3406,-16411.3,TRUE,3390,2025-11-03T10:21:19.629579,1762145479.677000,31,49,31,17,1762145479.337000,48,-2,0.981,TRUE,3391,2025-11-03T10:21:20.629581,1762145479.840000,12,26,12,13,1762145479.433750,25,-25,1.002,TRUE,96.750,277725.247,FALSE,FALSE,FALSE,TRUE,FALSE,ECG samples:25
3407,-16410.3,TRUE,3391,2025-11-03T10:21:20.629581,1762145480.679000,31,49,31,17,1762145480.339000,49,-1,1.002,TRUE,3392,2025-11-03T10:21:21.629580,1762145480.841000,12,26,12,13,1762145480.434750,25,-25,1.001,TRUE,95.750,277820.997,FALSE,FALSE,FALSE,TRUE,FALSE,ECG samples:25
3408,-16409.3,TRUE,3392,2025-11-03T10:21:21.629580,1762145481.680000,32,50,32,17,1762145481.340000,49,-1,1.001,TRUE,3393,2025-11-03T10:21:22.629568,1762145481.842000,12,26,12,13,1762145481.435750,25,-25,1.001,TRUE,95.750,277916.747,FALSE,FALSE,FALSE,TRUE,FALSE,ECG samples:25
3409,-16408.3,TRUE,3393,2025-11-03T10:21:22.629568,1762145482.682000,32,49,32,16,1762145482.362000,47,-3,1.022,TRUE,3394,2025-11-03T10:21:23.629573,1762145482.844000,12,26,12,13,1762145482.437750,25,-25,1.002,TRUE,75.750,277992.497,FALSE,FALSE,FALSE,TRUE,FALSE,ECG samples:25
3410,-16407.3,TRUE,3394,2025-11-03T10:21:23.629573,1762145483.684000,31,49,31,17,1762145483.344000,48,-2,0.982,TRUE,3395,2025-11-03T10:21:24.629573,1762145483.846000,12,26,12,13,1762145483.439750,25,-25,1.002,TRUE,95.750,278088.247,FALSE,FALSE,FALSE,TRUE,FALSE,ECG samples:25
3411,-16406.3,TRUE,3395,2025-11-03T10:21:24.629573,1762145484.685000,31,49,31,17,1762145484.345000,48,-2,1.001,TRUE,3396,2025-11-03T10:21:25.629572,1762145484.848000,12,26,12,13,1762145484.441750,25,-25,1.002,TRUE,96.750,278184.997,FALSE,FALSE,FALSE,TRUE,FALSE,ECG samples:25
3412,-16405.3,TRUE,3396,2025-11-03T10:21:25.629572,1762145485.687000,31,50,31,18,1762145485.327000,49,-1,0.982,TRUE,3397,2025-11-03T10:21:26.629577,1762145485.849000,12,26,12,13,1762145485.442750,25,-25,1.001,TRUE,115.750,278300.747,FALSE,FALSE,FALSE,TRUE,FALSE,ECG samples:25
3413,-16404.3,TRUE,3397,2025-11-03T10:21:26.629577,1762145486.688000,31,49,31,17,1762145486.348000,49,-1,1.021,TRUE,3398,2025-11-03T10:21:27.629568,1762145486.850000,12,26,12,13,1762145486.443750,25,-25,1.001,TRUE,95.750,278396.497,FALSE,FALSE,FALSE,TRUE,FALSE,ECG samples:25
3414,-16403.3,TRUE,3398,2025-11-03T10:21:27.629568,1762145487.689000,32,50,32,17,1762145487.349000,48,-2,1.001,TRUE,3399,2025-11-03T10:21:28.629569,1762145487.851000,12,26,12,13,1762145487.444750,25,-25,1.001,TRUE,95.750,278492.247,FALSE,FALSE,FALSE,TRUE,FALSE,ECG samples:25
3415,-16402.3,TRUE,3399,2025-11-03T10:21:28.629569,1762145488.690000,31,49,31,17,1762145488.350000,48,-2,1.001,TRUE,3400,2025-11-03T10:21:29.629570,1762145488.852000,12,26,12,13,1762145488.445750,25,-25,1.001,TRUE,95.750,278587.997,FALSE,FALSE,FALSE,TRUE,FALSE,ECG samples:25
3416,-16401.3,TRUE,3400,2025-11-03T10:21:29.629570,1762145489.692000,31,49,31,17,1762145489.352000,47,-3,1.002,TRUE,3401,2025-11-03T10:21:30.629577,1762145489.854000,12,26,12,13,1762145489.447750,25,-25,1.002,TRUE,95.750,278683.747,FALSE,FALSE,FALSE,TRUE,FALSE,ECG samples:25
3417,-16400.3,TRUE,3401,2025-11-03T10:21:30.629577,1762145490.693000,30,49,30,18,1762145490.333000,48,-2,0.981,TRUE,3402,2025-11-03T10:21:31.629583,1762145490.855000,12,26,12,13,1762145490.448750,25,-25,1.001,TRUE,115.750,278799.497,FALSE,FALSE,FALSE,TRUE,FALSE,ECG samples:25
3418,-16399.3,TRUE,3402,2025-11-03T10:21:31.629583,1762145491.694000,30,48,30,17,1762145491.354000,48,-2,1.021,TRUE,3403,2025-11-03T10:21:32.629574,1762145491.857000,12,27,12,14,1762145491.419500,25,-25,0.971,TRUE,65.500,278864.997,FALSE,FALSE,FALSE,TRUE,FALSE,ECG samples:25
3419,-16398.3,TRUE,3403,2025-11-03T10:21:32.629574,1762145492.696000,31,49,31,17,1762145492.356000,48,-2,1.002,TRUE,3404,2025-11-03T10:21:33.629569,1762145492.858000,11,26,11,14,1762145492.420500,25,-25,1.001,TRUE,64.500,278929.497,FALSE,FALSE,FALSE,TRUE,FALSE,ECG samples:25
3420,-16397.3,TRUE,3404,2025-11-03T10:21:33.629569,1762145493.697000,31,50,31,18,1762145493.337000,49,-1,0.981,TRUE,3405,2025-11-03T10:21:34.629569,1762145493.860000,11,26,11,14,1762145493.422500,25,-25,1.002,TRUE,85.500,279014.996,FALSE,FALSE,FALSE,TRUE,FALSE,ECG samples:25
3421,-16396.3,TRUE,3405,2025-11-03T10:21:34.629569,1762145494.699000,31,50,31,18,1762145494.339000,49,-1,1.002,TRUE,3406,2025-11-03T10:21:35.629571,1762145494.862000,11,26,11,14,1762145494.424500,25,-25,1.002,TRUE,85.500,279100.496,FALSE,FALSE,FALSE,TRUE,FALSE,ECG samples:25
3422,-16395.3,TRUE,3406,2025-11-03T10:21:35.629571,1762145495.700000,31,50,31,18,1762145495.340000,49,-1,1.001,TRUE,3407,2025-11-03T10:21:36.629581,1762145495.864000,11,26,11,14,1762145495.426500,25,-25,1.002,TRUE,86.500,279186.996,FALSE,FALSE,FALSE,TRUE,FALSE,ECG samples:25
3423,-16394.3,TRUE,3407,2025-11-03T10:21:36.629581,1762145496.701000,31,50,31,18,1762145496.341000,48,-2,1.001,TRUE,3408,2025-11-03T10:21:37.629577,1762145496.865000,11,26,11,14,1762145496.427500,25,-25,1.001,TRUE,86.500,279273.496,FALSE,FALSE,FALSE,TRUE,FALSE,ECG samples:25
3424,-16393.3,TRUE,3408,2025-11-03T10:21:37.629577,1762145497.702000,30,49,30,18,1762145497.342000,47,-3,1.001,TRUE,3409,2025-11-03T10:21:38.629576,1762145497.866000,11,26,11,14,1762145497.428500,25,-25,1.001,TRUE,86.500,279359.996,FALSE,FALSE,FALSE,TRUE,FALSE,ECG samples:25
3425,-16392.3,TRUE,3409,2025-11-03T10:21:38.629576,1762145498.705000,29,48,29,18,1762145498.345000,49,-1,1.003,TRUE,3410,2025-11-03T10:21:39.629585,1762145498.868000,11,26,11,14,1762145498.430500,25,-25,1.002,TRUE,85.500,279445.496,FALSE,FALSE,FALSE,TRUE,FALSE,ECG samples:25
3426,-16391.3,TRUE,3410,2025-11-03T10:21:39.629585,1762145499.706000,31,49,31,17,1762145499.366000,48,-2,1.021,TRUE,3411,2025-11-03T10:21:40.629575,1762145499.869000,11,26,11,14,1762145499.431500,25,-25,1.001,TRUE,65.500,279510.996,FALSE,FALSE,FALSE,TRUE,FALSE,ECG samples:25
3427,-16390.3,TRUE,3411,2025-11-03T10:21:40.629575,1762145500.708000,31,49,31,17,1762145500.368000,48,-2,1.002,TRUE,3412,2025-11-03T10:21:41.629575,1762145500.870000,11,26,11,14,1762145500.432500,25,-25,1.001,TRUE,64.500,279575.496,FALSE,FALSE,FALSE,TRUE,FALSE,ECG samples:25
3428,-16389.3,TRUE,3412,2025-11-03T10:21:41.629575,1762145501.710000,31,50,31,18,1762145501.350000,47,-3,0.982,TRUE,3413,2025-11-03T10:21:42.629574,1762145501.872000,11,26,11,14,1762145501.434500,25,-25,1.002,TRUE,84.500,279659.996,FALSE,FALSE,FALSE,TRUE,FALSE,ECG samples:25
3429,-16388.3,TRUE,3413,2025-11-03T10:21:42.629574,1762145502.711000,29,48,29,18,1762145502.351000,47,-3,1.001,TRUE,3414,2025-11-03T10:21:43.629576,1762145502.873000,11,26,11,14,1762145502.435500,25,-25,1.001,TRUE,84.500,279744.495,FALSE,FALSE,FALSE,TRUE,FALSE,ECG samples:25
3430,-16387.3,TRUE,3414,2025-11-03T10:21:43.629576,1762145503.713000,29,48,29,18,1762145503.353000,48,-2,1.002,TRUE,3415,2025-11-03T10:21:44.629568,1762145503.874000,11,26,11,14,1762145503.436500,25,-25,1.001,TRUE,83.500,279827.995,FALSE,FALSE,FALSE,TRUE,FALSE,ECG samples:25
3431,-16386.3,TRUE,3415,2025-11-03T10:21:44.629568,1762145504.715000,30,49,30,18,1762145504.355000,48,-2,1.002,TRUE,3416,2025-11-03T10:21:45.629569,1762145504.876000,11,26,11,14,1762145504.438500,25,-25,1.002,TRUE,83.500,279911.495,FALSE,FALSE,FALSE,TRUE,FALSE,ECG samples:25
3432,-16385.3,TRUE,3416,2025-11-03T10:21:45.629569,1762145505.716000,30,50,30,19,1762145505.336000,48,-2,0.981,TRUE,3417,2025-11-03T10:21:46.629575,1762145505.878000,11,26,11,14,1762145505.440500,25,-25,1.002,TRUE,104.500,280015.995,FALSE,FALSE,FALSE,TRUE,FALSE,ECG samples:25
3433,-16384.3,TRUE,3417,2025-11-03T10:21:46.629575,1762145506.718000,29,48,29,18,1762145506.358000,48,-2,1.022,TRUE,3418,2025-11-03T10:21:47.629575,1762145506.879000,11,26,11,14,1762145506.441500,25,-25,1.001,TRUE,83.500,280099.495,FALSE,FALSE,FALSE,TRUE,FALSE,ECG samples:25
3434,-16383.3,TRUE,3418,2025-11-03T10:21:47.629575,1762145507.720000,30,50,30,19,1762145507.340000,49,-1,0.982,TRUE,3419,2025-11-03T10:21:48.629575,1762145507.881000,11,26,11,14,1762145507.443500,25,-25,1.002,TRUE,103.500,280202.995,FALSE,FALSE,FALSE,TRUE,FALSE,ECG samples:25
3435,-16382.3,TRUE,3419,2025-11-03T10:21:48.629575,1762145508.722000,30,49,30,18,1762145508.362000,47,-3,1.022,TRUE,3420,2025-11-03T10:21:49.629577,1762145508.883000,11,26,11,14,1762145508.445500,25,-25,1.002,TRUE,83.500,280286.495,FALSE,FALSE,FALSE,TRUE,FALSE,ECG samples:25
3436,-16381.3,TRUE,3420,2025-11-03T10:21:49.629577,1762145509.723000,29,48,29,18,1762145509.363000,48,-2,1.001,TRUE,3421,2025-11-03T10:21:50.629575,1762145509.884000,11,26,11,14,1762145509.446500,25,-25,1.001,TRUE,83.500,280369.995,FALSE,FALSE,FALSE,TRUE,FALSE,ECG samples:25
3437,-16380.3,TRUE,3421,2025-11-03T10:21:50.629575,1762145510.725000,30,50,30,19,1762145510.345000,49,-1,0.982,TRUE,3422,2025-11-03T10:21:51.629566,1762145510.885000,11,26,11,14,1762145510.447500,25,-25,1.001,TRUE,102.500,280472.495,FALSE,FALSE,FALSE,TRUE,FALSE,ECG samples:25
3438,-16379.3,TRUE,3422,2025-11-03T10:21:51.629566,1762145511.727000,30,49,30,18,1762145511.367000,48,-2,1.022,TRUE,3423,2025-11-03T10:21:52.629572,1762145511.887000,11,26,11,14,1762145511.449500,25,-25,1.002,TRUE,82.500,280554.995,FALSE,FALSE,FALSE,TRUE,FALSE,ECG samples:25
3439,-16378.3,TRUE,3423,2025-11-03T10:21:52.629572,1762145512.728000,30,50,30,19,1762145512.348000,47,-3,0.981,TRUE,3424,2025-11-03T10:21:53.629576,1762145512.888000,11,26,11,14,1762145512.450500,25,-25,1.001,TRUE,102.500,280657.495,FALSE,FALSE,FALSE,TRUE,FALSE,ECG samples:25
3440,-16377.3,TRUE,3424,2025-11-03T10:21:53.629576,1762145513.730000,28,48,28,19,1762145513.350000,49,-1,1.002,TRUE,3425,2025-11-03T10:21:54.629574,1762145513.889000,11,26,11,14,1762145513.451500,25,-25,1.001,TRUE,101.500,280758.996,FALSE,FALSE,FALSE,TRUE,FALSE,ECG samples:25
3441,-16376.3,TRUE,3425,2025-11-03T10:21:54.629574,1762145514.631000,30,45,30,14,1762145514.351000,48,-2,1.001,TRUE,3426,2025-11-03T10:21:55.629569,1762145514.790000,11,24,11,12,1762145514.415000,25,-25,0.964,TRUE,64.000,280822.995,FALSE,FALSE,FALSE,TRUE,FALSE,ECG samples:25
3442,-16375.3,TRUE,3426,2025-11-03T10:21:55.629569,1762145515.633000,34,49,34,14,1762145515.353000,48,-2,1.002,TRUE,3427,2025-11-03T10:21:56.629569,1762145515.792000,13,26,13,12,1762145515.417000,25,-25,1.002,TRUE,64.000,280886.996,FALSE,FALSE,FALSE,TRUE,FALSE,ECG samples:25
3443,-16374.3,TRUE,3427,2025-11-03T10:21:56.629569,1762145516.634000,34,49,34,14,1762145516.354000,48,-2,1.001,TRUE,3428,2025-11-03T10:21:57.629569,1762145516.793000,13,26,13,12,1762145516.418000,25,-25,1.001,TRUE,64.000,280950.995,FALSE,FALSE,FALSE,TRUE,FALSE,ECG samples:25
3444,-16373.3,TRUE,3428,2025-11-03T10:21:57.629569,1762145517.635000,34,49,34,14,1762145517.355000,48,-2,1.001,TRUE,3429,2025-11-03T10:21:58.629569,1762145517.794000,13,26,13,12,1762145517.419000,25,-25,1.001,TRUE,64.000,281014.995,FALSE,FALSE,FALSE,TRUE,FALSE,ECG samples:25
3445,-16372.3,TRUE,3429,2025-11-03T10:21:58.629569,1762145518.636000,34,49,34,14,1762145518.356000,47,-3,1.001,TRUE,3430,2025-11-03T10:21:59.629568,1762145518.797000,13,26,13,12,1762145518.422000,25,-25,1.003,TRUE,66.000,281080.995,FALSE,FALSE,FALSE,TRUE,FALSE,ECG samples:25
3446,-16371.3,TRUE,3430,2025-11-03T10:21:59.629568,1762145519.638000,33,48,33,14,1762145519.358000,47,-3,1.002,TRUE,3431,2025-11-03T10:22:00.629577,1762145519.797000,13,26,13,12,1762145519.422000,25,-25,1.000,TRUE,64.000,281144.995,FALSE,FALSE,FALSE,TRUE,FALSE,ECG samples:25
3447,-16370.3,TRUE,3431,2025-11-03T10:22:00.629577,1762145520.639000,33,48,33,14,1762145520.359000,48,-2,1.001,TRUE,3432,2025-11-03T10:22:01.629571,1762145520.799000,13,26,13,12,1762145520.424000,25,-25,1.002,TRUE,65.000,281209.995,FALSE,FALSE,FALSE,TRUE,FALSE,ECG samples:25
3448,-16369.3,TRUE,3432,2025-11-03T10:22:01.629571,1762145521.640000,34,49,34,14,1762145521.360000,47,-3,1.001,TRUE,3433,2025-11-03T10:22:02.629565,1762145521.801000,13,26,13,12,1762145521.426000,25,-25,1.002,TRUE,66.000,281275.995,FALSE,FALSE,FALSE,TRUE,FALSE,ECG samples:25
3449,-16368.3,TRUE,3433,2025-11-03T10:22:02.629565,1762145522.642000,33,49,33,15,1762145522.342000,49,-1,0.982,TRUE,3434,2025-11-03T10:22:03.629576,1762145522.802000,13,26,13,12,1762145522.427000,25,-25,1.001,TRUE,85.000,281360.995,FALSE,FALSE,FALSE,TRUE,FALSE,ECG samples:25
3450,-16367.2,TRUE,3434,2025-11-03T10:22:03.629576,1762145523.643000,34,48,34,13,1762145523.383000,46,-4,1.041,TRUE,3435,2025-11-03T10:22:04.629573,1762145523.803000,13,26,13,12,1762145523.428000,25,-25,1.001,TRUE,45.000,281405.995,FALSE,FALSE,FALSE,TRUE,FALSE,ECG samples:25
3451,-16366.3,TRUE,3435,2025-11-03T10:22:04.629573,1762145524.645000,33,49,33,15,1762145524.345000,47,-3,0.962,TRUE,3436,2025-11-03T10:22:05.629571,1762145524.804000,13,26,13,12,1762145524.429000,25,-25,1.001,TRUE,84.000,281489.995,FALSE,FALSE,FALSE,TRUE,FALSE,ECG samples:25
3452,-16365.3,TRUE,3436,2025-11-03T10:22:05.629571,1762145525.646000,32,48,32,15,1762145525.346000,49,-1,1.001,TRUE,3437,2025-11-03T10:22:06.629567,1762145525.805000,13,26,13,12,1762145525.430000,25,-25,1.001,TRUE,84.000,281573.995,FALSE,FALSE,FALSE,TRUE,FALSE,ECG samples:25
3453,-16364.3,TRUE,3437,2025-11-03T10:22:06.629567,1762145526.648000,34,49,34,14,1762145526.368000,47,-3,1.022,TRUE,3438,2025-11-03T10:22:07.629572,1762145526.807000,13,26,13,12,1762145526.432000,25,-25,1.002,TRUE,64.000,281637.995,FALSE,FALSE,FALSE,TRUE,FALSE,ECG samples:25
3454,-16363.3,TRUE,3438,2025-11-03T10:22:07.629572,1762145527.649000,33,49,33,15,1762145527.349000,49,-1,0.981,TRUE,3439,2025-11-03T10:22:08.629614,1762145527.808000,13,26,13,12,1762145527.433000,25,-25,1.001,TRUE,84.000,281721.995,FALSE,FALSE,FALSE,TRUE,FALSE,ECG samples:25
3455,-16362.3,TRUE,3439,2025-11-03T10:22:08.629614,1762145528.650000,34,50,34,15,1762145528.350000,49,-1,1.001,TRUE,3440,2025-11-03T10:22:09.629571,1762145528.809000,13,26,13,12,1762145528.434000,25,-25,1.001,TRUE,84.000,281805.995,FALSE,FALSE,FALSE,TRUE,FALSE,ECG samples:25
3456,-16361.3,TRUE,3440,2025-11-03T10:22:09.629571,1762145529.652000,34,49,34,14,1762145529.372000,47,-3,1.022,TRUE,3441,2025-11-03T10:22:10.629571,1762145529.810000,13,26,13,12,1762145529.435000,25,-25,1.001,TRUE,63.000,281868.995,FALSE,FALSE,FALSE,TRUE,FALSE,ECG samples:25
3457,-16360.3,TRUE,3441,2025-11-03T10:22:10.629571,1762145530.654000,33,49,33,15,1762145530.354000,49,-1,0.982,TRUE,3442,2025-11-03T10:22:11.629574,1762145530.812000,13,26,13,12,1762145530.437000,25,-25,1.002,TRUE,83.000,281951.995,FALSE,FALSE,FALSE,TRUE,FALSE,ECG samples:25
3458,-16359.3,TRUE,3442,2025-11-03T10:22:11.629574,1762145531.655000,34,49,34,14,1762145531.375000,47,-3,1.021,TRUE,3443,2025-11-03T10:22:12.629568,1762145531.813000,13,26,13,12,1762145531.438000,25,-25,1.001,TRUE,63.000,282014.995,FALSE,FALSE,FALSE,TRUE,FALSE,ECG samples:25
3459,-16358.3,TRUE,3443,2025-11-03T10:22:12.629568,1762145532.656000,33,49,33,15,1762145532.356000,48,-2,0.981,TRUE,3444,2025-11-03T10:22:13.629575,1762145532.814000,13,26,13,12,1762145532.439000,25,-25,1.001,TRUE,83.000,282097.995,FALSE,FALSE,FALSE,TRUE,FALSE,ECG samples:25
3460,-16357.3,TRUE,3444,2025-11-03T10:22:13.629575,1762145533.658000,33,49,33,15,1762145533.358000,48,-2,1.002,TRUE,3445,2025-11-03T10:22:14.629577,1762145533.815000,13,27,13,13,1762145533.408750,25,-25,0.970,TRUE,50.750,282148.745,FALSE,FALSE,FALSE,TRUE,FALSE,ECG samples:25
3461,-16356.3,TRUE,3445,2025-11-03T10:22:14.629577,1762145534.659000,33,49,33,15,1762145534.359000,48,-2,1.001,TRUE,3446,2025-11-03T10:22:15.629571,1762145534.817000,12,26,12,13,1762145534.410750,25,-25,1.002,TRUE,51.750,282200.495,FALSE,FALSE,FALSE,TRUE,FALSE,ECG samples:25
3462,-16355.3,TRUE,3446,2025-11-03T10:22:15.629571,1762145535.661000,33,49,33,15,1762145535.361000,48,-2,1.002,TRUE,3447,2025-11-03T10:22:16.629572,1762145535.818000,12,26,12,13,1762145535.411750,25,-25,1.001,TRUE,50.750,282251.245,FALSE,FALSE,FALSE,TRUE,FALSE,ECG samples:25
3463,-16354.3,TRUE,3447,2025-11-03T10:22:16.629572,1762145536.662000,33,49,33,15,1762145536.362000,47,-3,1.001,TRUE,3448,2025-11-03T10:22:17.629574,1762145536.820000,12,26,12,13,1762145536.413750,25,-25,1.002,TRUE,51.750,282302.995,FALSE,FALSE,FALSE,TRUE,FALSE,ECG samples:25
3464,-16353.3,TRUE,3448,2025-11-03T10:22:17.629574,1762145537.664000,32,49,32,16,1762145537.344000,48,-2,0.982,TRUE,3449,2025-11-03T10:22:18.629576,1762145537.821000,12,26,12,13,1762145537.414750,25,-25,1.001,TRUE,70.750,282373.745,FALSE,FALSE,FALSE,TRUE,FALSE,ECG samples:25
3465,-16352.3,TRUE,3449,2025-11-03T10:22:18.629576,1762145538.666000,32,49,32,16,1762145538.346000,49,-1,1.002,TRUE,3450,2025-11-03T10:22:19.629569,1762145538.823000,12,26,12,13,1762145538.416750,25,-25,1.002,TRUE,70.750,282444.495,FALSE,FALSE,FALSE,TRUE,FALSE,ECG samples:25
3466,-16351.3,TRUE,3450,2025-11-03T10:22:19.629569,1762145539.667000,33,49,33,15,1762145539.367000,46,-4,1.021,TRUE,3451,2025-11-03T10:22:20.629575,1762145539.824000,12,26,12,13,1762145539.417750,25,-25,1.001,TRUE,50.750,282495.245,FALSE,FALSE,FALSE,TRUE,FALSE,ECG samples:25
3467,-16350.3,TRUE,3451,2025-11-03T10:22:20.629575,1762145540.669000,31,48,31,16,1762145540.349000,48,-2,0.982,TRUE,3452,2025-11-03T10:22:21.629575,1762145540.825000,12,26,12,13,1762145540.418750,25,-25,1.001,TRUE,69.750,282564.995,FALSE,FALSE,FALSE,TRUE,FALSE,ECG samples:25
3468,-16349.3,TRUE,3452,2025-11-03T10:22:21.629575,1762145541.670000,32,49,32,16,1762145541.350000,47,-3,1.001,TRUE,3453,2025-11-03T10:22:22.629575,1762145541.827000,12,26,12,13,1762145541.420750,25,-25,1.002,TRUE,70.750,282635.745,FALSE,FALSE,FALSE,TRUE,FALSE,ECG samples:25
3469,-16348.3,TRUE,3453,2025-11-03T10:22:22.629575,1762145542.671000,31,48,31,16,1762145542.351000,48,-2,1.001,TRUE,3454,2025-11-03T10:22:23.629568,1762145542.829000,12,25,12,12,1762145542.454000,24,-26,1.033,TRUE,103.000,282738.744,FALSE,FALSE,FALSE,TRUE,FALSE,ECG samples:24
3470,-16347.3,TRUE,3454,2025-11-03T10:22:23.629568,1762145543.673000,32,49,32,16,1762145543.353000,49,-1,1.002,TRUE,3455,2025-11-03T10:22:24.629573,1762145543.830000,12,26,12,13,1762145543.423750,25,-25,0.970,TRUE,70.750,282809.494,FALSE,FALSE,FALSE,TRUE,FALSE,ECG samples:25
3471,-16346.3,TRUE,3455,2025-11-03T10:22:24.629573,1762145544.674000,33,50,33,16,1762145544.354000,49,-1,1.001,TRUE,3456,2025-11-03T10:22:25.629575,1762145544.831000,12,26,12,13,1762145544.424750,25,-25,1.001,TRUE,70.750,282880.244,FALSE,FALSE,FALSE,TRUE,FALSE,ECG samples:25
3472,-16345.3,TRUE,3456,2025-11-03T10:22:25.629575,1762145545.676000,33,50,33,16,1762145545.356000,48,-2,1.002,TRUE,3457,2025-11-03T10:22:26.629567,1762145545.832000,12,26,12,13,1762145545.425750,25,-25,1.001,TRUE,69.750,282949.994,FALSE,FALSE,FALSE,TRUE,FALSE,ECG samples:25
3473,-16344.3,TRUE,3457,2025-11-03T10:22:26.629567,1762145546.678000,32,49,32,16,1762145546.358000,48,-2,1.002,TRUE,3458,2025-11-03T10:22:27.629568,1762145546.834000,12,26,12,13,1762145546.427750,25,-25,1.002,TRUE,69.750,283019.744,FALSE,FALSE,FALSE,TRUE,FALSE,ECG samples:25
3474,-16343.3,TRUE,3458,2025-11-03T10:22:27.629568,1762145547.679000,32,48,32,15,1762145547.379000,48,-2,1.021,TRUE,3459,2025-11-03T10:22:28.629568,1762145547.836000,12,26,12,13,1762145547.429750,25,-25,1.002,TRUE,50.750,283070.494,FALSE,FALSE,FALSE,TRUE,FALSE,ECG samples:25
3475,-16342.3,TRUE,3459,2025-11-03T10:22:28.629568,1762145548.681000,33,51,33,17,1762145548.341000,48,-2,0.962,TRUE,3460,2025-11-03T10:22:29.629573,1762145548.838000,12,26,12,13,1762145548.431750,25,-25,1.002,TRUE,90.750,283161.244,FALSE,FALSE,FALSE,TRUE,FALSE,ECG samples:25
3476,-16341.3,TRUE,3460,2025-11-03T10:22:29.629573,1762145549.683000,31,48,31,16,1762145549.363000,48,-2,1.022,TRUE,3461,2025-11-03T10:22:30.629573,1762145549.840000,12,26,12,13,1762145549.433750,25,-25,1.002,TRUE,70.750,283231.994,FALSE,FALSE,FALSE,TRUE,FALSE,ECG samples:25
3477,-16340.3,TRUE,3461,2025-11-03T10:22:30.629573,1762145550.685000,32,49,32,16,1762145550.365000,48,-2,1.002,TRUE,3462,2025-11-03T10:22:31.629569,1762145550.841000,12,26,12,13,1762145550.434750,25,-25,1.001,TRUE,69.750,283301.744,FALSE,FALSE,FALSE,TRUE,FALSE,ECG samples:25
3478,-16339.3,TRUE,3462,2025-11-03T10:22:31.629569,1762145551.687000,32,49,32,16,1762145551.367000,48,-2,1.002,TRUE,3463,2025-11-03T10:22:32.629574,1762145551.843000,12,26,12,13,1762145551.436750,25,-25,1.002,TRUE,69.750,283371.494,FALSE,FALSE,FALSE,TRUE,FALSE,ECG samples:25
3479,-16338.3,TRUE,3463,2025-11-03T10:22:32.629574,1762145552.688000,32,49,32,16,1762145552.368000,48,-2,1.001,TRUE,3464,2025-11-03T10:22:33.629574,1762145552.844000,12,26,12,13,1762145552.437750,25,-25,1.001,TRUE,69.750,283441.244,FALSE,FALSE,FALSE,TRUE,FALSE,ECG samples:25
3480,-16337.3,TRUE,3464,2025-11-03T10:22:33.629574,1762145553.690000,32,49,32,16,1762145553.370000,48,-2,1.002,TRUE,3465,2025-11-03T10:22:34.629576,1762145553.845000,12,26,12,13,1762145553.438750,25,-25,1.001,TRUE,68.750,283509.994,FALSE,FALSE,FALSE,TRUE,FALSE,ECG samples:25
3481,-16336.3,TRUE,3465,2025-11-03T10:22:34.629576,1762145554.692000,32,49,32,16,1762145554.372000,48,-2,1.002,TRUE,3466,2025-11-03T10:22:35.629574,1762145554.847000,12,26,12,13,1762145554.440750,25,-25,1.002,TRUE,68.750,283578.744,FALSE,FALSE,FALSE,TRUE,FALSE,ECG samples:25
3482,-16335.2,TRUE,3466,2025-11-03T10:22:35.629574,1762145555.693000,32,48,32,15,1762145555.393000,48,-2,1.021,TRUE,3467,2025-11-03T10:22:36.629575,1762145555.848000,12,26,12,13,1762145555.441750,25,-25,1.001,TRUE,48.750,283627.494,FALSE,FALSE,FALSE,TRUE,FALSE,ECG samples:25
3483,-16334.3,TRUE,3467,2025-11-03T10:22:36.629575,1762145556.694000,33,50,33,16,1762145556.374000,47,-3,0.981,TRUE,3468,2025-11-03T10:22:37.629571,1762145556.849000,12,26,12,13,1762145556.442750,25,-25,1.001,TRUE,68.750,283696.244,FALSE,FALSE,FALSE,TRUE,FALSE,ECG samples:25
3484,-16333.3,TRUE,3468,2025-11-03T10:22:37.629571,1762145557.696000,31,48,31,16,1762145557.376000,48,-2,1.002,TRUE,3469,2025-11-03T10:22:38.629582,1762145557.851000,12,26,12,13,1762145557.444750,25,-25,1.002,TRUE,68.750,283764.993,FALSE,FALSE,FALSE,TRUE,FALSE,ECG samples:25
3485,-16332.3,TRUE,3469,2025-11-03T10:22:38.629582,1762145558.699000,32,49,32,16,1762145558.379000,48,-2,1.003,TRUE,3470,2025-11-03T10:22:39.629569,1762145558.852000,12,26,12,13,1762145558.445750,25,-25,1.001,TRUE,66.750,283831.743,FALSE,FALSE,FALSE,TRUE,FALSE,ECG samples:25
3486,-16331.2,TRUE,3470,2025-11-03T10:22:39.629569,1762145559.700000,32,49,32,16,1762145559.380000,48,-2,1.001,TRUE,3471,2025-11-03T10:22:40.629532,1762145559.854000,12,27,12,14,1762145559.416500,25,-25,0.971,TRUE,36.500,283868.243,FALSE,FALSE,FALSE,TRUE,FALSE,ECG samples:25
3487,-16330.2,TRUE,3471,2025-11-03T10:22:40.629532,1762145560.702000,32,49,32,16,1762145560.382000,48,-2,1.002,TRUE,3472,2025-11-03T10:22:41.629572,1762145560.855000,11,26,11,14,1762145560.417500,25,-25,1.001,TRUE,35.500,283903.744,FALSE,FALSE,FALSE,TRUE,FALSE,ECG samples:25
3488,-16329.3,TRUE,3472,2025-11-03T10:22:41.629572,1762145561.703000,32,50,32,17,1762145561.363000,49,-1,0.981,TRUE,3473,2025-11-03T10:22:42.629572,1762145561.859000,11,26,11,14,1762145561.421500,25,-25,1.004,TRUE,58.500,283962.243,FALSE,FALSE,FALSE,TRUE,FALSE,ECG samples:25
3489,-16328.2,TRUE,3473,2025-11-03T10:22:42.629572,1762145562.706000,32,48,32,15,1762145562.406000,46,-4,1.043,TRUE,3474,2025-11-03T10:22:43.629576,1762145562.860000,11,26,11,14,1762145562.422500,25,-25,1.001,TRUE,16.500,283978.743,FALSE,FALSE,FALSE,TRUE,FALSE,ECG samples:25
3490,-16327.3,TRUE,3474,2025-11-03T10:22:43.629576,1762145563.708000,31,49,31,17,1762145563.368000,48,-2,0.962,TRUE,3475,2025-11-03T10:22:44.629568,1762145563.861000,11,26,11,14,1762145563.423500,26,-24,1.001,TRUE,55.500,284034.243,FALSE,FALSE,FALSE,TRUE,FALSE,ECG samples:26
3491,-16326.3,TRUE,3475,2025-11-03T10:22:44.629568,1762145564.709000,31,49,31,17,1762145564.369000,48,-2,1.001,TRUE,3476,2025-11-03T10:22:45.629569,1762145564.863000,12,26,12,13,1762145564.456750,25,-25,1.033,TRUE,87.750,284121.993,FALSE,FALSE,FALSE,TRUE,FALSE,ECG samples:25
3492,-16325.3,TRUE,3476,2025-11-03T10:22:45.629569,1762145565.710000,31,50,31,18,1762145565.350000,50,+0,0.981,TRUE,3477,2025-11-03T10:22:46.629569,1762145565.865000,12,26,12,13,1762145565.458750,25,-25,1.002,TRUE,108.750,284230.743,FALSE,FALSE,FALSE,TRUE,FALSE,ECG samples:25
3493,-16324.2,TRUE,3477,2025-11-03T10:22:46.629569,1762145566.712000,32,49,32,16,1762145566.392000,47,-3,1.042,TRUE,3478,2025-11-03T10:22:47.629569,1762145566.866000,12,26,12,13,1762145566.459750,25,-25,1.001,TRUE,67.750,284298.493,FALSE,FALSE,FALSE,TRUE,FALSE,ECG samples:25
3494,-16323.3,TRUE,3478,2025-11-03T10:22:47.629569,1762145567.713000,31,49,31,17,1762145567.373000,47,-3,0.981,TRUE,3479,2025-11-03T10:22:48.629565,1762145567.867000,12,26,12,13,1762145567.460750,25,-25,1.001,TRUE,87.750,284386.243,FALSE,FALSE,FALSE,TRUE,FALSE,ECG samples:25
3495,-16322.3,TRUE,3479,2025-11-03T10:22:48.629565,1762145568.714000,30,49,30,18,1762145568.354000,49,-1,0.981,TRUE,3480,2025-11-03T10:22:49.629580,1762145568.868000,12,26,12,13,1762145568.461750,25,-25,1.001,TRUE,107.750,284493.993,FALSE,FALSE,FALSE,TRUE,FALSE,ECG samples:25
3496,-16321.3,TRUE,3480,2025-11-03T10:22:49.629580,1762145569.716000,31,49,31,17,1762145569.376000,47,-3,1.022,TRUE,3481,2025-11-03T10:22:50.629564,1762145569.870000,12,26,12,13,1762145569.463750,25,-25,1.002,TRUE,87.750,284581.742,FALSE,FALSE,FALSE,TRUE,FALSE,ECG samples:25
3497,-16320.3,TRUE,3481,2025-11-03T10:22:50.629564,1762145570.718000,30,48,30,17,1762145570.378000,48,-2,1.002,TRUE,3482,2025-11-03T10:22:51.629570,1762145570.871000,12,25,12,12,1762145570.496000,24,-26,1.032,TRUE,118.000,284699.742,FALSE,FALSE,FALSE,TRUE,FALSE,ECG samples:24
3498,-16319.3,TRUE,3482,2025-11-03T10:22:51.629570,1762145571.719000,31,49,31,17,1762145571.379000,47,-3,1.001,TRUE,3483,2025-11-03T10:22:52.629609,1762145571.872000,12,26,12,13,1762145571.465750,25,-25,0.970,TRUE,86.750,284786.492,FALSE,FALSE,FALSE,TRUE,FALSE,ECG samples:25
3499,-16318.2,TRUE,3483,2025-11-03T10:22:52.629609,1762145572.721000,30,48,30,17,1762145572.381000,48,-2,1.002,TRUE,3484,2025-11-03T10:22:53.629565,1762145572.873000,12,26,12,13,1762145572.466750,25,-25,1.001,TRUE,85.750,284872.242,FALSE,FALSE,FALSE,TRUE,FALSE,ECG samples:25
3500,-16317.2,TRUE,3484,2025-11-03T10:22:53.629565,1762145573.722000,31,49,31,17,1762145573.382000,48,-2,1.001,TRUE,3485,2025-11-03T10:22:54.629569,1762145573.874000,12,26,12,13,1762145573.467750,25,-25,1.001,TRUE,85.750,284957.992,FALSE,FALSE,FALSE,TRUE,FALSE,ECG samples:25
3501,-16316.3,TRUE,3485,2025-11-03T10:22:54.629569,1762145574.724000,31,50,31,18,1762145574.364000,49,-1,0.982,TRUE,3486,2025-11-03T10:22:55.629579,1762145574.876000,12,26,12,13,1762145574.469750,25,-25,1.002,TRUE,105.750,285063.742,FALSE,FALSE,FALSE,TRUE,FALSE,ECG samples:25
3502,-16315.2,TRUE,3486,2025-11-03T10:22:55.629579,1762145575.725000,31,49,31,17,1762145575.385000,49,-1,1.021,TRUE,3487,2025-11-03T10:22:56.629574,1762145575.877000,12,26,12,13,1762145575.470750,25,-25,1.001,TRUE,85.750,285149.492,FALSE,FALSE,FALSE,TRUE,FALSE,ECG samples:25
3503,-16314.2,TRUE,3487,2025-11-03T10:22:56.629574,1762145576.727000,32,50,32,17,1762145576.387000,48,-2,1.002,TRUE,3488,2025-11-03T10:22:57.629577,1762145576.879000,12,26,12,13,1762145576.472750,25,-25,1.002,TRUE,85.750,285235.242,FALSE,FALSE,FALSE,TRUE,FALSE,ECG samples:25
3504,-16313.3,TRUE,3488,2025-11-03T10:22:57.629577,1762145577.728000,31,50,31,18,1762145577.368000,47,-3,0.981,TRUE,3489,2025-11-03T10:22:58.629571,1762145577.881000,12,26,12,13,1762145577.474750,25,-25,1.002,TRUE,106.750,285341.992,FALSE,FALSE,FALSE,TRUE,FALSE,ECG samples:25
3505,-16312.2,TRUE,3489,2025-11-03T10:22:58.629571,1762145578.730000,29,47,29,17,1762145578.390000,47,-3,1.022,TRUE,3490,2025-11-03T10:22:59.629569,1762145578.882000,12,26,12,13,1762145578.475750,25,-25,1.001,TRUE,85.750,285427.742,FALSE,FALSE,FALSE,TRUE,FALSE,ECG samples:25
3506,-16311.3,TRUE,3490,2025-11-03T10:22:59.629569,1762145579.631000,30,44,30,13,1762145579.371000,48,-2,0.981,TRUE,3491,2025-11-03T10:23:00.629574,1762145579.783000,12,24,12,11,1762145579.439250,25,-25,0.964,TRUE,68.250,285495.992,FALSE,FALSE,FALSE,TRUE,FALSE,ECG samples:25
3507,-16310.3,TRUE,3491,2025-11-03T10:23:00.629574,1762145580.632000,35,49,35,13,1762145580.372000,48,-2,1.001,TRUE,3492,2025-11-03T10:23:01.629570,1762145580.784000,14,26,14,11,1762145580.440250,25,-25,1.001,TRUE,68.250,285564.242,FALSE,FALSE,FALSE,TRUE,FALSE,ECG samples:25
3508,-16309.3,TRUE,3492,2025-11-03T10:23:01.629570,1762145581.635000,35,50,35,14,1762145581.355000,48,-2,0.983,TRUE,3493,2025-11-03T10:23:02.629574,1762145581.785000,14,26,14,11,1762145581.441250,25,-25,1.001,TRUE,86.250,285650.492,FALSE,FALSE,FALSE,TRUE,FALSE,ECG samples:25
3509,-16308.3,TRUE,3493,2025-11-03T10:23:02.629574,1762145582.636000,34,48,34,13,1762145582.376000,48,-2,1.021,TRUE,3494,2025-11-03T10:23:03.629569,1762145582.786000,14,26,14,11,1762145582.442250,25,-25,1.001,TRUE,66.250,285716.742,FALSE,FALSE,FALSE,TRUE,FALSE,ECG samples:25
3510,-16307.3,TRUE,3494,2025-11-03T10:23:03.629569,1762145583.639000,35,49,35,13,1762145583.379000,48,-2,1.003,TRUE,3495,2025-11-03T10:23:04.629574,1762145583.788000,14,26,14,11,1762145583.444250,25,-25,1.002,TRUE,65.250,285781.992,FALSE,FALSE,FALSE,TRUE,FALSE,ECG samples:25
3511,-16306.2,TRUE,3495,2025-11-03T10:23:04.629574,1762145584.641000,35,49,35,13,1762145584.381000,48,-2,1.002,TRUE,3496,2025-11-03T10:23:05.629586,1762145584.790000,14,26,14,11,1762145584.446250,25,-25,1.002,TRUE,65.250,285847.242,FALSE,FALSE,FALSE,TRUE,FALSE,ECG samples:25
3512,-16305.2,TRUE,3496,2025-11-03T10:23:05.629586,1762145585.643000,35,49,35,13,1762145585.383000,48,-2,1.002,TRUE,3497,2025-11-03T10:23:06.629578,1762145585.791000,14,26,14,11,1762145585.447250,25,-25,1.001,TRUE,64.250,285911.492,FALSE,FALSE,FALSE,TRUE,FALSE,ECG samples:25
3513,-16304.3,TRUE,3497,2025-11-03T10:23:06.629578,1762145586.646000,35,50,35,14,1762145586.366000,48,-2,0.983,TRUE,3498,2025-11-03T10:23:07.629580,1762145586.793000,14,26,14,11,1762145586.449250,25,-25,1.002,TRUE,83.250,285994.742,FALSE,FALSE,FALSE,TRUE,FALSE,ECG samples:25
3514,-16303.3,TRUE,3498,2025-11-03T10:23:07.629580,1762145587.649000,34,49,34,14,1762145587.369000,49,-1,1.003,TRUE,3499,2025-11-03T10:23:08.629571,1762145587.794000,14,26,14,11,1762145587.450250,25,-25,1.001,TRUE,81.250,286075.992,FALSE,FALSE,FALSE,TRUE,FALSE,ECG samples:25
3515,-16302.3,TRUE,3499,2025-11-03T10:23:08.629571,1762145588.650000,35,50,35,14,1762145588.370000,48,-2,1.001,TRUE,3500,2025-11-03T10:23:09.629563,1762145588.796000,14,26,14,11,1762145588.452250,25,-25,1.002,TRUE,82.250,286158.242,FALSE,FALSE,FALSE,TRUE,FALSE,ECG samples:25
3516,-16301.3,TRUE,3500,2025-11-03T10:23:09.629563,1762145589.652000,34,49,34,14,1762145589.372000,48,-2,1.002,TRUE,3501,2025-11-03T10:23:10.629562,1762145589.797000,14,26,14,11,1762145589.453250,25,-25,1.001,TRUE,81.250,286239.492,FALSE,FALSE,FALSE,TRUE,FALSE,ECG samples:25
3517,-16300.3,TRUE,3501,2025-11-03T10:23:10.629562,1762145590.653000,34,49,34,14,1762145590.373000,49,-1,1.001,TRUE,3502,2025-11-03T10:23:11.629701,1762145590.799000,14,26,14,11,1762145590.455250,25,-25,1.002,TRUE,82.250,286321.742,FALSE,FALSE,FALSE,TRUE,FALSE,ECG samples:25
3518,-16299.3,TRUE,3502,2025-11-03T10:23:11.629701,1762145591.655000,35,50,35,14,1762145591.375000,48,-2,1.002,TRUE,3503,2025-11-03T10:23:12.629569,1762145591.800000,14,26,14,11,1762145591.456250,25,-25,1.001,TRUE,81.250,286402.992,FALSE,FALSE,FALSE,TRUE,FALSE,ECG samples:25
3519,-16298.3,TRUE,3503,2025-11-03T10:23:12.629569,1762145592.656000,34,49,34,14,1762145592.376000,49,-1,1.001,TRUE,3504,2025-11-03T10:23:13.629580,1762145592.803000,14,26,14,11,1762145592.459250,25,-25,1.003,TRUE,83.250,286486.242,FALSE,FALSE,FALSE,TRUE,FALSE,ECG samples:25
3520,-16297.3,TRUE,3504,2025-11-03T10:23:13.629580,1762145593.658000,35,50,35,14,1762145593.378000,49,-1,1.002,TRUE,3505,2025-11-03T10:23:14.629571,1762145593.804000,14,26,14,11,1762145593.460250,25,-25,1.001,TRUE,82.250,286568.491,FALSE,FALSE,FALSE,TRUE,FALSE,ECG samples:25
3521,-16296.2,TRUE,3505,2025-11-03T10:23:14.629571,1762145594.660000,35,50,35,14,1762145594.380000,48,-2,1.002,TRUE,3506,2025-11-03T10:23:15.629570,1762145594.805000,14,26,14,11,1762145594.461250,25,-25,1.001,TRUE,81.250,286649.741,FALSE,FALSE,FALSE,TRUE,FALSE,ECG samples:25
3522,-16295.3,TRUE,3506,2025-11-03T10:23:15.629570,1762145595.661000,34,50,34,15,1762145595.361000,48,-2,0.981,TRUE,3507,2025-11-03T10:23:16.629571,1762145595.807000,14,26,14,11,1762145595.463250,25,-25,1.002,TRUE,102.250,286751.991,FALSE,FALSE,FALSE,TRUE,FALSE,ECG samples:25
3523,-16294.2,TRUE,3507,2025-11-03T10:23:16.629571,1762145596.662000,33,48,33,14,1762145596.382000,49,-1,1.021,TRUE,3508,2025-11-03T10:23:17.629572,1762145596.808000,14,26,14,11,1762145596.464250,25,-25,1.001,TRUE,82.250,286834.241,FALSE,FALSE,FALSE,TRUE,FALSE,ECG samples:25
3524,-16293.2,TRUE,3508,2025-11-03T10:23:17.629572,1762145597.664000,35,50,35,14,1762145597.384000,47,-3,1.002,TRUE,3509,2025-11-03T10:23:18.629574,1762145597.810000,14,26,14,11,1762145597.466250,25,-25,1.002,TRUE,82.250,286916.491,FALSE,FALSE,FALSE,TRUE,FALSE,ECG samples:25
3525,-16292.3,TRUE,3509,2025-11-03T10:23:18.629574,1762145598.665000,33,49,33,15,1762145598.365000,48,-2,0.981,TRUE,3510,2025-11-03T10:23:19.629568,1762145598.812000,14,27,14,12,1762145598.437000,25,-25,0.971,TRUE,72.000,286988.491,FALSE,FALSE,FALSE,TRUE,FALSE,ECG samples:25
3526,-16291.3,TRUE,3510,2025-11-03T10:23:19.629568,1762145599.666000,33,49,33,15,1762145599.366000,48,-2,1.001,TRUE,3511,2025-11-03T10:23:20.629565,1762145599.813000,13,26,13,12,1762145599.438000,25,-25,1.001,TRUE,72.000,287060.491,FALSE,FALSE,FALSE,TRUE,FALSE,ECG samples:25
3527,-16290.2,TRUE,3511,2025-11-03T10:23:20.629565,1762145600.668000,33,48,33,14,1762145600.388000,48,-2,1.022,TRUE,3512,2025-11-03T10:23:21.629570,1762145600.815000,13,26,13,12,1762145600.440000,25,-25,1.002,TRUE,52.000,287112.491,FALSE,FALSE,FALSE,TRUE,FALSE,ECG samples:25
3528,-16289.3,TRUE,3512,2025-11-03T10:23:21.629570,1762145601.670000,34,50,34,15,1762145601.370000,48,-2,0.982,TRUE,3513,2025-11-03T10:23:22.629576,1762145601.816000,13,26,13,12,1762145601.441000,25,-25,1.001,TRUE,71.000,287183.491,FALSE,FALSE,FALSE,TRUE,FALSE,ECG samples:25
3529,-16288.3,TRUE,3513,2025-11-03T10:23:22.629576,1762145602.673000,33,49,33,15,1762145602.373000,49,-1,1.003,TRUE,3514,2025-11-03T10:23:23.629566,1762145602.817000,13,26,13,12,1762145602.442000,25,-25,1.001,TRUE,69.000,287252.491,FALSE,FALSE,FALSE,TRUE,FALSE,ECG samples:25
3530,-16287.2,TRUE,3514,2025-11-03T10:23:23.629566,1762145603.674000,34,49,34,14,1762145603.394000,48,-2,1.021,TRUE,3515,2025-11-03T10:23:24.629568,1762145603.819000,13,26,13,12,1762145603.444000,25,-25,1.002,TRUE,50.000,287302.491,FALSE,FALSE,FALSE,TRUE,FALSE,ECG samples:25
3531,-16286.3,TRUE,3515,2025-11-03T10:23:24.629568,1762145604.676000,34,50,34,15,1762145604.376000,48,-2,0.982,TRUE,3516,2025-11-03T10:23:25.629572,1762145604.820000,13,26,13,12,1762145604.445000,25,-25,1.001,TRUE,69.000,287371.491,FALSE,FALSE,FALSE,TRUE,FALSE,ECG samples:25
3532,-16285.2,TRUE,3516,2025-11-03T10:23:25.629572,1762145605.677000,33,48,33,14,1762145605.397000,48,-2,1.021,TRUE,3517,2025-11-03T10:23:26.629571,1762145605.821000,13,26,13,12,1762145605.446000,25,-25,1.001,TRUE,49.000,287420.491,FALSE,FALSE,FALSE,TRUE,FALSE,ECG samples:25
3533,-16284.2,TRUE,3517,2025-11-03T10:23:26.629571,1762145606.680000,34,50,34,15,1762145606.380000,49,-1,0.983,TRUE,3518,2025-11-03T10:23:27.629574,1762145606.823000,13,26,13,12,1762145606.448000,25,-25,1.002,TRUE,68.000,287488.491,FALSE,FALSE,FALSE,TRUE,FALSE,ECG samples:25
3534,-16283.2,TRUE,3518,2025-11-03T10:23:27.629574,1762145607.682000,34,50,34,15,1762145607.382000,48,-2,1.002,TRUE,3519,2025-11-03T10:23:28.629574,1762145607.824000,13,26,13,12,1762145607.449000,25,-25,1.001,TRUE,67.000,287555.490,FALSE,FALSE,FALSE,TRUE,FALSE,ECG samples:25
3535,-16282.2,TRUE,3519,2025-11-03T10:23:28.629574,1762145608.684000,33,49,33,15,1762145608.384000,49,-1,1.002,TRUE,3520,2025-11-03T10:23:29.629575,1762145608.825000,13,26,13,12,1762145608.450000,25,-25,1.001,TRUE,66.000,287621.490,FALSE,FALSE,FALSE,TRUE,FALSE,ECG samples:25
3536,-16281.2,TRUE,3520,2025-11-03T10:23:29.629575,1762145609.686000,34,50,34,15,1762145609.386000,47,-3,1.002,TRUE,3521,2025-11-03T10:23:30.629574,1762145609.826000,13,26,13,12,1762145609.451000,25,-25,1.001,TRUE,65.000,287686.490,FALSE,FALSE,FALSE,TRUE,FALSE,ECG samples:25
3537,-16280.3,TRUE,3521,2025-11-03T10:23:30.629574,1762145610.688000,32,49,32,16,1762145610.368000,49,-1,0.982,TRUE,3522,2025-11-03T10:23:31.629585,1762145610.828000,13,26,13,12,1762145610.453000,25,-25,1.002,TRUE,85.000,287771.490,FALSE,FALSE,FALSE,TRUE,FALSE,ECG samples:25
3538,-16279.2,TRUE,3522,2025-11-03T10:23:31.629585,1762145611.690000,33,48,33,14,1762145611.410000,47,-3,1.042,TRUE,3523,2025-11-03T10:23:32.629573,1762145611.829000,13,26,13,12,1762145611.454000,25,-25,1.001,TRUE,44.000,287815.490,FALSE,FALSE,FALSE,TRUE,FALSE,ECG samples:25
3539,-16278.2,TRUE,3523,2025-11-03T10:23:32.629573,1762145612.691000,33,49,33,15,1762145612.391000,48,-2,0.981,TRUE,3524,2025-11-03T10:23:33.629571,1762145612.830000,13,26,13,12,1762145612.455000,25,-25,1.001,TRUE,64.000,287879.490,FALSE,FALSE,FALSE,TRUE,FALSE,ECG samples:25
3540,-16277.3,TRUE,3524,2025-11-03T10:23:33.629571,1762145613.692000,33,50,33,16,1762145613.372000,48,-2,0.981,TRUE,3525,2025-11-03T10:23:34.629567,1762145613.831000,13,26,13,12,1762145613.456000,25,-25,1.001,TRUE,84.000,287963.490,FALSE,FALSE,FALSE,TRUE,FALSE,ECG samples:25
3541,-16276.3,TRUE,3525,2025-11-03T10:23:34.629567,1762145614.694000,32,49,32,16,1762145614.374000,48,-2,1.002,TRUE,3526,2025-11-03T10:23:35.629573,1762145614.833000,13,26,13,12,1762145614.458000,25,-25,1.002,TRUE,84.000,288047.490,FALSE,FALSE,FALSE,TRUE,FALSE,ECG samples:25
3542,-16275.3,TRUE,3526,2025-11-03T10:23:35.629573,1762145615.695000,32,49,32,16,1762145615.375000,48,-2,1.001,TRUE,3527,2025-11-03T10:23:36.629572,1762145615.834000,13,26,13,12,1762145615.459000,25,-25,1.001,TRUE,84.000,288131.490,FALSE,FALSE,FALSE,TRUE,FALSE,ECG samples:25
3543,-16274.3,TRUE,3527,2025-11-03T10:23:36.629572,1762145616.697000,32,49,32,16,1762145616.377000,48,-2,1.002,TRUE,3528,2025-11-03T10:23:37.629571,1762145616.836000,13,26,13,12,1762145616.461000,25,-25,1.002,TRUE,84.000,288215.490,FALSE,FALSE,FALSE,TRUE,FALSE,ECG samples:25
3544,-16273.3,TRUE,3528,2025-11-03T10:23:37.629571,1762145617.698000,32,49,32,16,1762145617.378000,48,-2,1.001,TRUE,3529,2025-11-03T10:23:38.629574,1762145617.838000,13,26,13,12,1762145617.463000,25,-25,1.002,TRUE,85.000,288300.490,FALSE,FALSE,FALSE,TRUE,FALSE,ECG samples:25
3545,-16272.2,TRUE,3529,2025-11-03T10:23:38.629574,1762145618.700000,32,49,32,16,1762145618.380000,48,-2,1.002,TRUE,3530,2025-11-03T10:23:39.629579,1762145618.839000,13,26,13,12,1762145618.464000,25,-25,1.001,TRUE,84.000,288384.490,FALSE,FALSE,FALSE,TRUE,FALSE,ECG samples:25
3546,-16271.2,TRUE,3530,2025-11-03T10:23:39.629579,1762145619.702000,32,49,32,16,1762145619.382000,48,-2,1.002,TRUE,3531,2025-11-03T10:23:40.629569,1762145619.841000,13,26,13,12,1762145619.466000,25,-25,1.002,TRUE,84.000,288468.490,FALSE,FALSE,FALSE,TRUE,FALSE,ECG samples:25
3547,-16270.2,TRUE,3531,2025-11-03T10:23:40.629569,1762145620.704000,32,49,32,16,1762145620.384000,49,-1,1.002,TRUE,3532,2025-11-03T10:23:41.629568,1762145620.842000,13,26,13,12,1762145620.467000,25,-25,1.001,TRUE,83.000,288551.490,FALSE,FALSE,FALSE,TRUE,FALSE,ECG samples:25
3548,-16269.2,TRUE,3532,2025-11-03T10:23:41.629568,1762145621.706000,33,50,33,16,1762145621.386000,49,-1,1.002,TRUE,3533,2025-11-03T10:23:42.629570,1762145621.843000,13,26,13,12,1762145621.468000,25,-25,1.001,TRUE,82.000,288633.490,FALSE,FALSE,FALSE,TRUE,FALSE,ECG samples:25
3549,-16268.2,TRUE,3533,2025-11-03T10:23:42.629570,1762145622.708000,33,50,33,16,1762145622.388000,48,-2,1.002,TRUE,3534,2025-11-03T10:23:43.629571,1762145622.844000,13,26,13,12,1762145622.469000,25,-25,1.001,TRUE,81.000,288714.490,FALSE,FALSE,FALSE,TRUE,FALSE,ECG samples:25
3550,-16267.2,TRUE,3534,2025-11-03T10:23:43.629571,1762145623.711000,32,49,32,16,1762145623.391000,48,-2,1.003,TRUE,3535,2025-11-03T10:23:44.629568,1762145623.846000,13,26,13,12,1762145623.471000,25,-25,1.002,TRUE,80.000,288794.490,FALSE,FALSE,FALSE,TRUE,FALSE,ECG samples:25
3551,-16266.2,TRUE,3535,2025-11-03T10:23:44.629568,1762145624.713000,32,49,32,16,1762145624.393000,48,-2,1.002,TRUE,3536,2025-11-03T10:23:45.629576,1762145624.847000,13,26,13,12,1762145624.472000,25,-25,1.001,TRUE,79.000,288873.490,FALSE,FALSE,FALSE,TRUE,FALSE,ECG samples:25
3552,-16265.2,TRUE,3536,2025-11-03T10:23:45.629576,1762145625.714000,32,49,32,16,1762145625.394000,47,-3,1.001,TRUE,3537,2025-11-03T10:23:46.629572,1762145625.848000,13,26,13,12,1762145625.473000,25,-25,1.001,TRUE,79.000,288952.490,FALSE,FALSE,FALSE,TRUE,FALSE,ECG samples:25
3553,-16264.3,TRUE,3537,2025-11-03T10:23:46.629572,1762145626.717000,31,49,31,17,1762145626.377000,49,-1,0.983,TRUE,3538,2025-11-03T10:23:47.629572,1762145626.849000,13,26,13,12,1762145626.474000,25,-25,1.001,TRUE,97.000,289049.489,FALSE,FALSE,FALSE,TRUE,FALSE,ECG samples:25
3554,-16263.2,TRUE,3538,2025-11-03T10:23:47.629572,1762145627.719000,32,49,32,16,1762145627.399000,47,-3,1.022,TRUE,3539,2025-11-03T10:23:48.629583,1762145627.851000,13,27,13,13,1762145627.444750,25,-25,0.971,TRUE,45.750,289095.239,FALSE,FALSE,FALSE,TRUE,FALSE,ECG samples:25
3555,-16262.2,TRUE,3539,2025-11-03T10:23:48.629583,1762145628.721000,31,49,31,17,1762145628.381000,49,-1,0.982,TRUE,3540,2025-11-03T10:23:49.629590,1762145628.853000,12,26,12,13,1762145628.446750,25,-25,1.002,TRUE,65.750,289160.989,FALSE,FALSE,FALSE,TRUE,FALSE,ECG samples:25
3556,-16261.2,TRUE,3540,2025-11-03T10:23:49.629590,1762145629.724000,32,49,32,16,1762145629.404000,47,-3,1.023,TRUE,3541,2025-11-03T10:23:50.629568,1762145629.853000,12,26,12,13,1762145629.446750,25,-25,1.000,TRUE,42.750,289203.739,FALSE,FALSE,FALSE,TRUE,FALSE,ECG samples:25
3557,-16260.2,TRUE,3541,2025-11-03T10:23:50.629568,1762145630.725000,31,48,31,16,1762145630.405000,48,-2,1.001,TRUE,3542,2025-11-03T10:23:51.629579,1762145630.855000,12,26,12,13,1762145630.448750,25,-25,1.002,TRUE,43.750,289247.489,FALSE,FALSE,FALSE,TRUE,FALSE,ECG samples:25
3558,-16259.2,TRUE,3542,2025-11-03T10:23:51.629579,1762145631.727000,32,50,32,17,1762145631.387000,49,-1,0.982,TRUE,3543,2025-11-03T10:23:52.629574,1762145631.856000,12,26,12,13,1762145631.449750,25,-25,1.001,TRUE,62.750,289310.239,FALSE,FALSE,FALSE,TRUE,FALSE,ECG samples:25
3559,-16258.2,TRUE,3543,2025-11-03T10:23:52.629574,1762145632.729000,32,49,32,16,1762145632.409000,47,-3,1.022,TRUE,3544,2025-11-03T10:23:53.629567,1762145632.857000,12,26,12,13,1762145632.450750,25,-25,1.001,TRUE,41.750,289351.989,FALSE,FALSE,FALSE,TRUE,FALSE,ECG samples:25
3560,-16257.3,TRUE,3544,2025-11-03T10:23:53.629567,1762145633.630000,31,45,31,13,1762145633.370000,48,-2,0.961,TRUE,3545,2025-11-03T10:23:54.629569,1762145633.759000,12,23,12,10,1762145633.446500,25,-25,0.996,TRUE,76.500,289428.489,FALSE,FALSE,FALSE,TRUE,FALSE,ECG samples:25
3561,-16256.2,TRUE,3545,2025-11-03T10:23:54.629569,1762145634.632000,35,48,35,12,1762145634.392000,48,-2,1.022,TRUE,3546,2025-11-03T10:23:55.629579,1762145634.760000,15,26,15,10,1762145634.447500,25,-25,1.001,TRUE,55.500,289483.989,FALSE,FALSE,FALSE,TRUE,FALSE,ECG samples:25
3562,-16255.2,TRUE,3546,2025-11-03T10:23:55.629579,1762145635.633000,36,49,36,12,1762145635.393000,48,-2,1.001,TRUE,3547,2025-11-03T10:23:56.629571,1762145635.761000,15,26,15,10,1762145635.448500,25,-25,1.001,TRUE,55.500,289539.489,FALSE,FALSE,FALSE,TRUE,FALSE,ECG samples:25
3563,-16254.3,TRUE,3547,2025-11-03T10:23:56.629571,1762145636.634000,36,50,36,13,1762145636.374000,49,-1,0.981,TRUE,3548,2025-11-03T10:23:57.629571,1762145636.763000,15,26,15,10,1762145636.450500,25,-25,1.002,TRUE,76.500,289615.989,FALSE,FALSE,FALSE,TRUE,FALSE,ECG samples:25
3564,-16253.2,TRUE,3548,2025-11-03T10:23:57.629571,1762145637.636000,36,49,36,12,1762145637.396000,47,-3,1.022,TRUE,3549,2025-11-03T10:23:58.629570,1762145637.765000,15,26,15,10,1762145637.452500,25,-25,1.002,TRUE,56.500,289672.489,FALSE,FALSE,FALSE,TRUE,FALSE,ECG samples:25
3565,-16252.3,TRUE,3549,2025-11-03T10:23:58.629570,1762145638.637000,35,49,35,13,1762145638.377000,48,-2,0.981,TRUE,3550,2025-11-03T10:23:59.629568,1762145638.766000,15,26,15,10,1762145638.453500,25,-25,1.001,TRUE,76.500,289748.989,FALSE,FALSE,FALSE,TRUE,FALSE,ECG samples:25
3566,-16251.2,TRUE,3550,2025-11-03T10:23:59.629568,1762145639.639000,35,48,35,12,1762145639.399000,48,-2,1.022,TRUE,3551,2025-11-03T10:24:00.629570,1762145639.767000,15,26,15,10,1762145639.454500,25,-25,1.001,TRUE,55.500,289804.489,FALSE,FALSE,FALSE,TRUE,FALSE,ECG samples:25
3567,-16250.2,TRUE,3551,2025-11-03T10:24:00.629570,1762145640.641000,36,50,36,13,1762145640.381000,48,-2,0.982,TRUE,3552,2025-11-03T10:24:01.629569,1762145640.769000,15,27,15,11,1762145640.425250,25,-25,0.971,TRUE,44.250,289848.739,FALSE,FALSE,FALSE,TRUE,FALSE,ECG samples:25
3568,-16249.2,TRUE,3552,2025-11-03T10:24:01.629569,1762145641.643000,35,49,35,13,1762145641.383000,47,-3,1.002,TRUE,3553,2025-11-03T10:24:02.629558,1762145641.771000,14,26,14,11,1762145641.427250,25,-25,1.002,TRUE,44.250,289892.989,FALSE,FALSE,FALSE,TRUE,FALSE,ECG samples:25
3569,-16248.2,TRUE,3553,2025-11-03T10:24:02.629558,1762145642.645000,34,48,34,13,1762145642.385000,48,-2,1.002,TRUE,3554,2025-11-03T10:24:03.629567,1762145642.772000,14,26,14,11,1762145642.428250,25,-25,1.001,TRUE,43.250,289936.239,FALSE,FALSE,FALSE,TRUE,FALSE,ECG samples:25
3570,-16247.2,TRUE,3554,2025-11-03T10:24:03.629567,1762145643.648000,35,49,35,13,1762145643.388000,49,-1,1.003,TRUE,3555,2025-11-03T10:24:04.629558,1762145643.773000,14,26,14,11,1762145643.429250,25,-25,1.001,TRUE,41.250,289977.489,FALSE,FALSE,FALSE,TRUE,FALSE,ECG samples:25
3571,-16246.2,TRUE,3555,2025-11-03T10:24:04.629558,1762145644.649000,36,50,36,13,1762145644.389000,48,-2,1.001,TRUE,3556,2025-11-03T10:24:05.629574,1762145644.774000,14,26,14,11,1762145644.430250,25,-25,1.001,TRUE,41.250,290018.739,FALSE,FALSE,FALSE,TRUE,FALSE,ECG samples:25
3572,-16245.2,TRUE,3556,2025-11-03T10:24:05.629574,1762145645.652000,35,49,35,13,1762145645.392000,48,-2,1.003,TRUE,3557,2025-11-03T10:24:06.629574,1762145645.775000,14,26,14,11,1762145645.431250,25,-25,1.001,TRUE,39.250,290057.989,FALSE,FALSE,FALSE,TRUE,FALSE,ECG samples:25
3573,-16244.2,TRUE,3557,2025-11-03T10:24:06.629574,1762145646.653000,35,49,35,13,1762145646.393000,48,-2,1.001,TRUE,3558,2025-11-03T10:24:07.629572,1762145646.777000,14,26,14,11,1762145646.433250,25,-25,1.002,TRUE,40.250,290098.239,FALSE,FALSE,FALSE,TRUE,FALSE,ECG samples:25
3574,-16243.2,TRUE,3558,2025-11-03T10:24:07.629572,1762145647.656000,35,49,35,13,1762145647.396000,46,-4,1.003,TRUE,3559,2025-11-03T10:24:08.629573,1762145647.778000,14,26,14,11,1762145647.434250,25,-25,1.001,TRUE,38.250,290136.489,FALSE,FALSE,FALSE,TRUE,FALSE,ECG samples:25
3575,-16242.3,TRUE,3559,2025-11-03T10:24:08.629573,1762145648.658000,33,48,33,14,1762145648.378000,49,-1,0.982,TRUE,3560,2025-11-03T10:24:09.629571,1762145648.780000,14,26,14,11,1762145648.436250,25,-25,1.002,TRUE,58.250,290194.739,FALSE,FALSE,FALSE,TRUE,FALSE,ECG samples:25
3576,-16241.2,TRUE,3560,2025-11-03T10:24:09.629571,1762145649.660000,35,48,35,12,1762145649.420000,47,-3,1.042,TRUE,3561,2025-11-03T10:24:10.629572,1762145649.781000,14,26,14,11,1762145649.437250,25,-25,1.001,TRUE,17.250,290211.989,FALSE,FALSE,FALSE,TRUE,FALSE,ECG samples:25
3577,-16240.2,TRUE,3561,2025-11-03T10:24:10.629572,1762145650.662000,35,49,35,13,1762145650.402000,49,-1,0.982,TRUE,3562,2025-11-03T10:24:11.629567,1762145650.783000,14,26,14,11,1762145650.439250,24,-26,1.002,TRUE,37.250,290249.239,FALSE,FALSE,FALSE,TRUE,FALSE,ECG samples:24
3578,-16239.2,TRUE,3562,2025-11-03T10:24:11.629567,1762145651.663000,36,51,36,14,1762145651.383000,48,-2,0.981,TRUE,3563,2025-11-03T10:24:12.629573,1762145651.784000,13,25,13,11,1762145651.440250,25,-25,1.001,TRUE,57.250,290306.489,FALSE,FALSE,FALSE,TRUE,FALSE,ECG samples:25
3579,-16238.2,TRUE,3563,2025-11-03T10:24:12.629573,1762145652.665000,34,49,34,14,1762145652.385000,49,-1,1.002,TRUE,3564,2025-11-03T10:24:13.629577,1762145652.786000,14,26,14,11,1762145652.442250,25,-25,1.002,TRUE,57.250,290363.739,FALSE,FALSE,FALSE,TRUE,FALSE,ECG samples:25
3580,-16237.2,TRUE,3564,2025-11-03T10:24:13.629577,1762145653.667000,35,49,35,13,1762145653.407000,49,-1,1.022,TRUE,3565,2025-11-03T10:24:14.629567,1762145653.787000,14,26,14,11,1762145653.443250,25,-25,1.001,TRUE,36.250,290399.989,FALSE,FALSE,FALSE,TRUE,FALSE,ECG samples:25
3581,-16236.2,TRUE,3565,2025-11-03T10:24:14.629567,1762145654.670000,36,50,36,13,1762145654.410000,47,-3,1.003,TRUE,3566,2025-11-03T10:24:15.629563,1762145654.788000,14,26,14,11,1762145654.444250,25,-25,1.001,TRUE,34.250,290434.239,FALSE,FALSE,FALSE,TRUE,FALSE,ECG samples:25
3582,-16235.2,TRUE,3566,2025-11-03T10:24:15.629563,1762145655.671000,34,49,34,14,1762145655.391000,48,-2,0.981,TRUE,3567,2025-11-03T10:24:16.629559,1762145655.790000,14,26,14,11,1762145655.446250,25,-25,1.002,TRUE,55.250,290489.489,FALSE,FALSE,FALSE,TRUE,FALSE,ECG samples:25
3583,-16234.2,TRUE,3567,2025-11-03T10:24:16.629559,1762145656.673000,34,49,34,14,1762145656.393000,49,-1,1.002,TRUE,3568,2025-11-03T10:24:17.629563,1762145656.791000,14,26,14,11,1762145656.447250,25,-25,1.001,TRUE,54.250,290543.739,FALSE,FALSE,FALSE,TRUE,FALSE,ECG samples:25
3584,-16233.2,TRUE,3568,2025-11-03T10:24:17.629563,1762145657.676000,35,50,35,14,1762145657.396000,47,-3,1.003,TRUE,3569,2025-11-03T10:24:18.629570,1762145657.793000,14,26,14,11,1762145657.449250,25,-25,1.002,TRUE,53.250,290596.988,FALSE,FALSE,FALSE,TRUE,FALSE,ECG samples:25
3585,-16232.3,TRUE,3569,2025-11-03T10:24:18.629570,1762145658.677000,33,49,33,15,1762145658.377000,49,-1,0.981,TRUE,3570,2025-11-03T10:24:19.629579,1762145658.794000,14,26,14,11,1762145658.450250,25,-25,1.001,TRUE,73.250,290670.238,FALSE,FALSE,FALSE,TRUE,FALSE,ECG samples:25
3586,-16231.2,TRUE,3570,2025-11-03T10:24:19.629579,1762145659.679000,34,49,34,14,1762145659.399000,49,-1,1.022,TRUE,3571,2025-11-03T10:24:20.629566,1762145659.795000,14,26,14,11,1762145659.451250,25,-25,1.001,TRUE,52.250,290722.488,FALSE,FALSE,FALSE,TRUE,FALSE,ECG samples:25
3587,-16230.2,TRUE,3571,2025-11-03T10:24:20.629566,1762145660.680000,35,50,35,14,1762145660.400000,48,-2,1.001,TRUE,3572,2025-11-03T10:24:21.629563,1762145660.796000,14,26,14,11,1762145660.452250,25,-25,1.001,TRUE,52.250,290774.738,FALSE,FALSE,FALSE,TRUE,FALSE,ECG samples:25
3588,-16229.2,TRUE,3572,2025-11-03T10:24:21.629563,1762145661.682000,34,49,34,14,1762145661.402000,48,-2,1.002,TRUE,3573,2025-11-03T10:24:22.629564,1762145661.798000,14,26,14,11,1762145661.454250,25,-25,1.002,TRUE,52.250,290826.988,FALSE,FALSE,FALSE,TRUE,FALSE,ECG samples:25
3589,-16228.2,TRUE,3573,2025-11-03T10:24:22.629564,1762145662.684000,34,48,34,13,1762145662.424000,48,-2,1.022,TRUE,3574,2025-11-03T10:24:23.629569,1762145662.799000,14,26,14,11,1762145662.455250,25,-25,1.001,TRUE,31.250,290858.238,FALSE,FALSE,FALSE,TRUE,FALSE,ECG samples:25
3590,-16227.2,TRUE,3574,2025-11-03T10:24:23.629569,1762145663.685000,35,50,35,14,1762145663.405000,47,-3,0.981,TRUE,3575,2025-11-03T10:24:24.629566,1762145663.800000,14,26,14,11,1762145663.456250,25,-25,1.001,TRUE,51.250,290909.488,FALSE,FALSE,FALSE,TRUE,FALSE,ECG samples:25
3591,-16226.2,TRUE,3575,2025-11-03T10:24:24.629566,1762145664.686000,33,49,33,15,1762145664.386000,48,-2,0.981,TRUE,3576,2025-11-03T10:24:25.629575,1762145664.802000,14,26,14,11,1762145664.458250,25,-25,1.002,TRUE,72.250,290981.738,FALSE,FALSE,FALSE,TRUE,FALSE,ECG samples:25
3592,-16225.2,TRUE,3576,2025-11-03T10:24:25.629575,1762145665.688000,33,48,33,14,1762145665.408000,47,-3,1.022,TRUE,3577,2025-11-03T10:24:26.629570,1762145665.802000,14,26,14,11,1762145665.458250,26,-24,1.000,TRUE,50.250,291031.988,FALSE,FALSE,FALSE,TRUE,FALSE,ECG samples:26
3593,-16224.2,TRUE,3577,2025-11-03T10:24:26.629570,1762145666.689000,33,49,33,15,1762145666.389000,48,-2,0.981,TRUE,3578,2025-11-03T10:24:27.629563,1762145666.804000,15,26,15,10,1762145666.491500,25,-25,1.033,TRUE,102.500,291134.488,FALSE,FALSE,FALSE,TRUE,FALSE,ECG samples:25
3594,-16223.2,TRUE,3578,2025-11-03T10:24:27.629563,1762145667.691000,33,48,33,14,1762145667.411000,48,-2,1.022,TRUE,3579,2025-11-03T10:24:28.629576,1762145667.805000,15,26,15,10,1762145667.492500,25,-25,1.001,TRUE,81.500,291215.988,FALSE,FALSE,FALSE,TRUE,FALSE,ECG samples:25
3595,-16222.2,TRUE,3579,2025-11-03T10:24:28.629576,1762145668.692000,34,49,34,14,1762145668.412000,46,-4,1.001,TRUE,3580,2025-11-03T10:24:29.629568,1762145668.806000,15,26,15,10,1762145668.493500,25,-25,1.001,TRUE,81.500,291297.488,FALSE,FALSE,FALSE,TRUE,FALSE,ECG samples:25
3596,-16221.2,TRUE,3580,2025-11-03T10:24:29.629568,1762145669.694000,32,48,32,15,1762145669.394000,49,-1,0.982,TRUE,3581,2025-11-03T10:24:30.629567,1762145669.807000,15,27,15,11,1762145669.463250,25,-25,0.970,TRUE,69.250,291366.738,FALSE,FALSE,FALSE,TRUE,FALSE,ECG samples:25
3597,-16220.2,TRUE,3581,2025-11-03T10:24:30.629567,1762145670.695000,34,50,34,15,1762145670.395000,48,-2,1.001,TRUE,3582,2025-11-03T10:24:31.629571,1762145670.808000,14,26,14,11,1762145670.464250,25,-25,1.001,TRUE,69.250,291435.988,FALSE,FALSE,FALSE,TRUE,FALSE,ECG samples:25
3598,-16219.2,TRUE,3582,2025-11-03T10:24:31.629571,1762145671.697000,33,49,33,15,1762145671.397000,48,-2,1.002,TRUE,3583,2025-11-03T10:24:32.629563,1762145671.809000,14,26,14,11,1762145671.465250,25,-25,1.001,TRUE,68.250,291504.238,FALSE,FALSE,FALSE,TRUE,FALSE,ECG samples:25
3599,-16218.2,TRUE,3583,2025-11-03T10:24:32.629563,1762145672.698000,33,49,33,15,1762145672.398000,48,-2,1.001,TRUE,3584,2025-11-03T10:24:33.629573,1762145672.811000,14,26,14,11,1762145672.467250,25,-25,1.002,TRUE,69.250,291573.488,FALSE,FALSE,FALSE,TRUE,FALSE,ECG samples:25
3600,-16217.2,TRUE,3584,2025-11-03T10:24:33.629573,1762145673.700000,33,49,33,15,1762145673.400000,47,-3,1.002,TRUE,3585,2025-11-03T10:24:34.629564,1762145673.812000,14,26,14,11,1762145673.468250,25,-25,1.001,TRUE,68.250,291641.738,FALSE,FALSE,FALSE,TRUE,FALSE,ECG samples:25
3601,-16216.2,TRUE,3585,2025-11-03T10:24:34.629564,1762145674.701000,32,48,32,15,1762145674.401000,48,-2,1.001,TRUE,3586,2025-11-03T10:24:35.629803,1762145674.814000,14,26,14,11,1762145674.470250,25,-25,1.002,TRUE,69.250,291710.988,FALSE,FALSE,FALSE,TRUE,FALSE,ECG samples:25
3602,-16215.2,TRUE,3586,2025-11-03T10:24:35.629803,1762145675.703000,33,49,33,15,1762145675.403000,49,-1,1.002,TRUE,3587,2025-11-03T10:24:36.629567,1762145675.815000,14,26,14,11,1762145675.471250,25,-25,1.001,TRUE,68.250,291779.238,FALSE,FALSE,FALSE,TRUE,FALSE,ECG samples:25
3603,-16214.2,TRUE,3587,2025-11-03T10:24:36.629567,1762145676.706000,34,49,34,14,1762145676.426000,48,-2,1.023,TRUE,3588,2025-11-03T10:24:37.629573,1762145676.817000,14,26,14,11,1762145676.473250,25,-25,1.002,TRUE,47.250,291826.488,FALSE,FALSE,FALSE,TRUE,FALSE,ECG samples:25
3604,-16213.2,TRUE,3588,2025-11-03T10:24:37.629573,1762145677.708000,34,50,34,15,1762145677.408000,49,-1,0.982,TRUE,3589,2025-11-03T10:24:38.629571,1762145677.818000,14,26,14,11,1762145677.474250,25,-25,1.001,TRUE,66.250,291892.738,FALSE,FALSE,FALSE,TRUE,FALSE,ECG samples:25
3605,-16212.2,TRUE,3589,2025-11-03T10:24:38.629571,1762145678.709000,34,50,34,15,1762145678.409000,47,-3,1.001,TRUE,3590,2025-11-03T10:24:39.629568,1762145678.820000,14,26,14,11,1762145678.476250,25,-25,1.002,TRUE,67.250,291959.988,FALSE,FALSE,FALSE,TRUE,FALSE,ECG samples:25
3606,-16211.2,TRUE,3590,2025-11-03T10:24:39.629568,1762145679.711000,32,49,32,16,1762145679.391000,49,-1,0.982,TRUE,3591,2025-11-03T10:24:40.629571,1762145679.820000,14,26,14,11,1762145679.476250,25,-25,1.000,TRUE,85.250,292045.238,FALSE,FALSE,FALSE,TRUE,FALSE,ECG samples:25
3607,-16210.2,TRUE,3591,2025-11-03T10:24:40.629571,1762145680.714000,33,49,33,15,1762145680.414000,47,-3,1.023,TRUE,3592,2025-11-03T10:24:41.629574,1762145680.822000,14,26,14,11,1762145680.478250,25,-25,1.002,TRUE,64.250,292109.488,FALSE,FALSE,FALSE,TRUE,FALSE,ECG samples:25
3608,-16209.2,TRUE,3592,2025-11-03T10:24:41.629574,1762145681.716000,32,49,32,16,1762145681.396000,48,-2,0.982,TRUE,3593,2025-11-03T10:24:42.629578,1762145681.823000,14,26,14,11,1762145681.479250,25,-25,1.001,TRUE,83.250,292192.738,FALSE,FALSE,FALSE,TRUE,FALSE,ECG samples:25
3609,-16208.2,TRUE,3593,2025-11-03T10:24:42.629578,1762145682.717000,32,49,32,16,1762145682.397000,49,-1,1.001,TRUE,3594,2025-11-03T10:24:43.629575,1762145682.825000,14,26,14,11,1762145682.481250,25,-25,1.002,TRUE,84.250,292276.988,FALSE,FALSE,FALSE,TRUE,FALSE,ECG samples:25
3610,-16207.2,TRUE,3594,2025-11-03T10:24:43.629575,1762145683.719000,33,49,33,15,1762145683.419000,48,-2,1.022,TRUE,3595,2025-11-03T10:24:44.629568,1762145683.827000,14,26,14,11,1762145683.483250,25,-25,1.002,TRUE,64.250,292341.237,FALSE,FALSE,FALSE,TRUE,FALSE,ECG samples:25
3611,-16206.2,TRUE,3595,2025-11-03T10:24:44.629568,1762145684.720000,33,49,33,15,1762145684.420000,47,-3,1.001,TRUE,3596,2025-11-03T10:24:45.629570,1762145684.828000,14,26,14,11,1762145684.484250,25,-25,1.001,TRUE,64.250,292405.487,FALSE,FALSE,FALSE,TRUE,FALSE,ECG samples:25
3612,-16205.2,TRUE,3596,2025-11-03T10:24:45.629570,1762145685.721000,32,48,32,15,1762145685.421000,47,-3,1.001,TRUE,3597,2025-11-03T10:24:46.629570,1762145685.829000,14,26,14,11,1762145685.485250,25,-25,1.001,TRUE,64.250,292469.737,FALSE,FALSE,FALSE,TRUE,FALSE,ECG samples:25
3613,-16204.2,TRUE,3597,2025-11-03T10:24:46.629570,1762145686.722000,32,49,32,16,1762145686.402000,48,-2,0.981,TRUE,3598,2025-11-03T10:24:47.629574,1762145686.831000,14,26,14,11,1762145686.487250,25,-25,1.002,TRUE,85.250,292554.987,FALSE,FALSE,FALSE,TRUE,FALSE,ECG samples:25
3614,-16203.2,TRUE,3598,2025-11-03T10:24:47.629574,1762145687.724000,32,48,32,15,1762145687.424000,47,-3,1.022,TRUE,3599,2025-11-03T10:24:48.629572,1762145687.832000,14,26,14,11,1762145687.488250,25,-25,1.001,TRUE,64.250,292619.237,FALSE,FALSE,FALSE,TRUE,FALSE,ECG samples:25
3615,-16202.2,TRUE,3599,2025-11-03T10:24:48.629572,1762145688.725000,32,48,32,15,1762145688.425000,47,-3,1.001,TRUE,3600,2025-11-03T10:24:49.629575,1762145688.833000,14,26,14,11,1762145688.489250,25,-25,1.001,TRUE,64.250,292683.487,FALSE,FALSE,FALSE,TRUE,FALSE,ECG samples:25
3616,-16201.2,TRUE,3600,2025-11-03T10:24:49.629575,1762145689.726000,32,49,32,16,1762145689.406000,49,-1,0.981,TRUE,3601,2025-11-03T10:24:50.629566,1762145689.835000,14,26,14,11,1762145689.491250,,,1.002,TRUE,85.250,292768.737,FALSE,FALSE,FALSE,FALSE,FALSE,
3617,-16200.2,TRUE,3601,2025-11-03T10:24:50.629566,1762145690.727000,33,49,33,15,1762145690.427000,,,1.021,FALSE,,,,,,,,,,,,FALSE,,292768.737,FALSE,TRUE,FALSE,FALSE,FALSE,ECG missing
