{"I_cal_in":2.56,"I_cal_in_ADC":-59,"I_cal_quad":-5.7,"I_coef":0.062484878170642216,"I_offset":-446,"I_phase_coef":-65.81406420433379,"I_phase_cos":0.40969912640444045,"I_phase_sin":-0.9122207111348867,"Q_cal_in":-4.43,"Q_cal_in_ADC":-863,"Q_cal_quad":-5.7,"Q_coef":0.058235126856563124,"Q_offset":-193,"Q_phase_coef":-40.47323574962641,"Q_phase_cos":0.7607092555857868,"Q_phase_sin":-0.6490927733892267,"stimulate_current":0,"stimulate_frequency":0,"type":"calib_data"}