{"I_cal_in":14.3,"I_cal_in_ADC":1590,"I_cal_quad":-20.78,"I_coef":0.252249558968891,"I_offset":-570,"I_phase_coef":-55.465740823338315,"I_phase_cos":0.566898909891199,"I_phase_sin":-0.8237873669607773,"Q_cal_in":-16.02,"Q_cal_in_ADC":-2512,"Q_cal_quad":-20.78,"Q_coef":0.24882966061143116,"Q_offset":-92,"Q_phase_coef":-49.92319435288613,"Q_phase_cos":0.6438139231727928,"Q_phase_sin":-0.7651820909619208,"stimulate_current":0,"stimulate_frequency":1,"type":"calib_data"}