{"I_cal_in":88.59,"I_cal_in_ADC":13110,"I_cal_quad":19.41,"I_coef":0.9069143399461715,"I_offset":-271,"I_phase_coef":12.35818104913093,"I_phase_cos":0.9768287488458736,"I_phase_sin":0.21402241805055205,"Q_cal_in":-92.45,"Q_cal_in_ADC":-13871,"Q_cal_quad":19.41,"Q_coef":0.9531897292774404,"Q_offset":93,"Q_phase_coef":14.093100409671756,"Q_phase_cos":0.9699013445107215,"Q_phase_sin":0.24349821748073386,"stimulate_current":0,"stimulate_frequency":10,"type":"calib_data"}