{"I_cal_in":85.94,"I_cal_in_ADC":12618,"I_cal_quad":26.19,"I_coef":0.8984208201060347,"I_offset":-362,"I_phase_coef":16.94846894914299,"I_phase_cos":0.9565673243175404,"I_phase_sin":0.29151149899786344,"Q_cal_in":-89.86,"Q_cal_in_ADC":-13561,"Q_cal_quad":26.19,"Q_coef":0.9474185980864003,"Q_offset":11,"Q_phase_coef":18.47319700116109,"Q_phase_cos":0.9484719867384869,"Q_phase_sin":0.31686099534708856,"stimulate_current":0,"stimulate_frequency":11,"type":"calib_data"}