{"I_cal_in":82.6,"I_cal_in_ADC":12260,"I_cal_quad":32.7,"I_coef":0.8883721067210518,"I_offset":-216,"I_phase_coef":21.597809120146984,"I_phase_cos":0.9297905615798036,"I_phase_sin":0.3680889995600434,"Q_cal_in":-86.56,"Q_cal_in_ADC":-12918,"Q_cal_quad":32.7,"Q_coef":0.9397585700593531,"Q_offset":156,"Q_phase_coef":22.914391559994318,"Q_phase_cos":0.9210876363120909,"Q_phase_sin":0.3893553213107603,"stimulate_current":0,"stimulate_frequency":12,"type":"calib_data"}