{"I_cal_in":78.73,"I_cal_in_ADC":11629,"I_cal_quad":38.78,"I_coef":0.8776275576803637,"I_offset":-262,"I_phase_coef":26.22345278863286,"I_phase_cos":0.8970775736360123,"I_phase_sin":0.441873089109673,"Q_cal_in":-82.61,"Q_cal_in_ADC":-12379,"Q_cal_quad":38.78,"Q_coef":0.929792503734032,"Q_offset":99,"Q_phase_coef":27.317412943918814,"Q_phase_cos":0.8884778019637666,"Q_phase_sin":0.4589195958091505,"stimulate_current":0,"stimulate_frequency":13,"type":"calib_data"}