{"I_cal_in":74.33,"I_cal_in_ADC":10855,"I_cal_quad":44.21,"I_coef":0.8648394648719495,"I_offset":-372,"I_phase_coef":30.743336797196783,"I_phase_cos":0.8594658664311243,"I_phase_sin":0.5111931380992871,"Q_cal_in":-78.26,"Q_cal_in_ADC":-11689,"Q_cal_quad":44.21,"Q_coef":0.9189655325418903,"Q_offset":131,"Q_phase_coef":31.612812176325306,"Q_phase_cos":0.8516097419185042,"Q_phase_sin":0.5241763514977555,"stimulate_current":0,"stimulate_frequency":14,"type":"calib_data"}