{"I_cal_in":69.62,"I_cal_in_ADC":10171,"I_cal_quad":49.01,"I_coef":0.8514061604193383,"I_offset":-344,"I_phase_coef":35.14418083024227,"I_phase_cos":0.8177060871360203,"I_phase_sin":0.5756359570602753,"Q_cal_in":-73.44,"Q_cal_in_ADC":-11086,"Q_cal_quad":49.01,"Q_coef":0.90543885492064,"Q_offset":7,"Q_phase_coef":35.79661340573624,"Q_phase_cos":0.8110983927946948,"Q_phase_sin":0.5849097342375685,"stimulate_current":0,"stimulate_frequency":15,"type":"calib_data"}