{"I_cal_in":64.77,"I_cal_in_ADC":9566,"I_cal_quad":53.08,"I_coef":0.8374150285252826,"I_offset":-217,"I_phase_coef":39.33513987905899,"I_phase_cos":0.7734516075507057,"I_phase_sin":0.6338553547752271,"Q_cal_in":-68.69,"Q_cal_in_ADC":-10235,"Q_cal_quad":53.08,"Q_coef":0.8929815059675089,"Q_offset":140,"Q_phase_coef":39.71602597179301,"Q_phase_cos":0.7692208577777566,"Q_phase_sin":0.6389829981773008,"stimulate_current":0,"stimulate_frequency":16,"type":"calib_data"}