{"I_cal_in":30.53,"I_cal_in_ADC":3909,"I_cal_quad":-39.73,"I_coef":0.5010542685178921,"I_offset":-702,"I_phase_coef":-52.45999345852484,"I_phase_cos":0.6093152362578826,"I_phase_sin":-0.7929280817728684,"Q_cal_in":-30.58,"Q_cal_in_ADC":-4833,"Q_cal_quad":-39.73,"Q_coef":0.5008837489877267,"Q_offset":-213,"Q_phase_coef":-52.37282263682735,"Q_phase_cos":0.610520905535494,"Q_phase_sin":-0.7920001413535988,"stimulate_current":0,"stimulate_frequency":2,"type":"calib_data"}