{"I_cal_in":78.08,"I_cal_in_ADC":11369,"I_cal_quad":-23.28,"I_coef":0.8147665187033646,"I_offset":-425,"I_phase_coef":-16.602251565313473,"I_phase_cos":0.9583113469642573,"I_phase_sin":-0.28572602660512186,"Q_cal_in":-80.62,"Q_cal_in_ADC":-12008,"Q_cal_quad":-23.28,"Q_coef":0.8325249125401594,"Q_offset":169,"Q_phase_coef":-14.446863146060158,"Q_phase_cos":0.9683794296799623,"Q_phase_sin":-0.24948202374662387,"stimulate_current":0,"stimulate_frequency":3,"type":"calib_data"}