{"I_cal_in":95.63,"I_cal_in_ADC":14113,"I_cal_quad":-2.03,"I_coef":0.9565154363626338,"I_offset":-331,"I_phase_coef":-1.216072015064132,"I_phase_cos":0.999774769591327,"I_phase_sin":-0.0212228671156582,"Q_cal_in":-99.01,"Q_cal_in_ADC":-14757,"Q_cal_quad":-2.03,"Q_coef":0.9901853412366799,"Q_offset":197,"Q_phase_coef":0.75224960628748,"Q_phase_cos":0.9999138128660103,"Q_phase_sin":0.01312885523407548,"stimulate_current":0,"stimulate_frequency":4,"type":"calib_data"}