{"I_cal_in":94.33,"I_cal_in_ADC":13964,"I_cal_quad":-1.89,"I_coef":0.9434893216141876,"I_offset":-283,"I_phase_coef":-1.147827161495772,"I_phase_cos":0.9997993388903822,"I_phase_sin":-0.02003202322169853,"Q_cal_in":-97.89,"Q_cal_in_ADC":-14686,"Q_cal_quad":-1.89,"Q_coef":0.979032389658279,"Q_offset":99,"Q_phase_coef":0.9422605851781698,"Q_phase_cos":0.9998647749965401,"Q_phase_sin":0.016444808333276432,"stimulate_current":0,"stimulate_frequency":5,"type":"calib_data"}