{"I_cal_in":94.25,"I_cal_in_ADC":13963,"I_cal_quad":-1.45,"I_coef":0.9426115318624104,"I_offset":-272,"I_phase_coef":-0.8814039965821377,"I_phase_cos":0.9998816778082589,"I_phase_sin":-0.015382795043203982,"Q_cal_in":-98.19,"Q_cal_in_ADC":-14729,"Q_cal_quad":-1.45,"Q_coef":0.982190826672699,"Q_offset":101,"Q_phase_coef":1.3943362795708032,"Q_phase_cos":0.9997039000316422,"Q_phase_sin":0.02433335697194852,"stimulate_current":0,"stimulate_frequency":6,"type":"calib_data"}