{"I_cal_in":94.49,"I_cal_in_ADC":13920,"I_cal_quad":0.71,"I_coef":0.9449266744038926,"I_offset":-351,"I_phase_coef":0.43051368266785184,"I_phase_cos":0.9999717709271893,"I_phase_sin":0.007513810534006819,"Q_cal_in":-101.11,"Q_cal_in_ADC":-14671,"Q_cal_quad":0.71,"Q_coef":1.0137102643260547,"Q_offset":600,"Q_phase_coef":4.112597311062155,"Q_phase_cos":0.9974250390689392,"Q_phase_sin":0.07171674447662138,"stimulate_current":0,"stimulate_frequency":7,"type":"calib_data"}