{"I_cal_in":92.98,"I_cal_in_ADC":13686,"I_cal_quad":4.93,"I_coef":0.9311060788116465,"I_offset":-358,"I_phase_coef":3.035103603567999,"I_phase_cos":0.9985972824779391,"I_phase_sin":0.05294778019591567,"Q_cal_in":-96.8,"Q_cal_in_ADC":-14617,"Q_cal_quad":4.93,"Q_coef":0.9719376317439304,"Q_offset":3,"Q_phase_coef":5.1592041283000745,"Q_phase_cos":0.9959486785825289,"Q_phase_sin":0.0899234654009432,"stimulate_current":0,"stimulate_frequency":8,"type":"calib_data"}