{"I_cal_in":90.8,"I_cal_in_ADC":13353,"I_cal_quad":12.22,"I_coef":0.9161860291447366,"I_offset":-361,"I_phase_coef":7.664897239193928,"I_phase_cos":0.9910651015357894,"I_phase_sin":0.13337902577937608,"Q_cal_in":-94.75,"Q_cal_in_ADC":-14298,"Q_cal_quad":12.22,"Q_coef":0.9610812920871991,"Q_offset":13,"Q_phase_coef":9.643637360724618,"Q_phase_cos":0.9858687374324973,"Q_phase_sin":0.1675196482602977,"stimulate_current":0,"stimulate_frequency":9,"type":"calib_data"}