{"I_cal_in":3.57,"I_cal_in_ADC":-41,"I_cal_quad":-4.85,"I_coef":0.06022242107388243,"I_offset":-581,"I_phase_coef":-53.64386674633701,"I_phase_cos":0.5928024706313667,"I_phase_sin":-0.8053478942751062,"Q_cal_in":-3.66,"Q_cal_in_ADC":-879,"Q_cal_quad":-4.85,"Q_coef":0.05956979100181568,"Q_offset":-325,"Q_phase_coef":-52.0912732553276,"Q_phase_cos":0.6144053787075472,"Q_phase_sin":-0.7889905136408393,"stimulate_current":1,"stimulate_frequency":0,"type":"calib_data"}