{"I_cal_in":14.59,"I_cal_in_ADC":1594,"I_cal_quad":-21.03,"I_coef":0.25595487883609486,"I_offset":-611,"I_phase_coef":-55.24821611457228,"I_phase_cos":0.5700223440297444,"I_phase_sin":-0.8216291908804334,"Q_cal_in":-13.79,"Q_cal_in_ADC":-2516,"Q_cal_quad":-21.03,"Q_coef":0.25812332323910603,"Q_offset":-432,"Q_phase_coef":-57.707563832444485,"Q_phase_cos":0.534240758524017,"Q_phase_sin":-0.8453323677298078,"stimulate_current":1,"stimulate_frequency":1,"type":"calib_data"}