{"I_cal_in":59.09,"I_cal_in_ADC":17579,"I_cal_quad":9.03,"I_coef":0.5977599016327543,"I_offset":-271,"I_phase_coef":8.688591767175465,"I_phase_cos":0.9885239849410831,"I_phase_sin":0.1510639970217969,"Q_cal_in":-61.05,"Q_cal_in_ADC":-18346,"Q_cal_quad":9.03,"Q_coef":0.6202422913668496,"Q_offset":95,"Q_phase_coef":10.168516729367854,"Q_phase_cos":0.9842927650976843,"Q_phase_sin":0.17654391118459695,"stimulate_current":1,"stimulate_frequency":10,"type":"calib_data"}