{"I_cal_in":55.74,"I_cal_in_ADC":16480,"I_cal_quad":11.13,"I_coef":0.5684034218756957,"I_offset":-360,"I_phase_coef":11.29214059605578,"I_phase_cos":0.9806415277385471,"I_phase_sin":0.19581162905866575,"Q_cal_in":-57.66,"Q_cal_in_ADC":-17412,"Q_cal_quad":11.13,"Q_coef":0.5911392813880667,"Q_offset":7,"Q_phase_coef":12.733810082143371,"Q_phase_cos":0.975404643464182,"Q_phase_sin":0.22042182629792387,"stimulate_current":1,"stimulate_frequency":11,"type":"calib_data"}