{"I_cal_in":55.34,"I_cal_in_ADC":16507,"I_cal_quad":19.27,"I_coef":0.585990486270895,"I_offset":-212,"I_phase_coef":19.19868239465819,"I_phase_cos":0.9443839327865318,"I_phase_sin":0.32884492925183356,"Q_cal_in":-57.29,"Q_cal_in_ADC":-17150,"Q_cal_quad":19.27,"Q_coef":0.6109711122467248,"Q_offset":158,"Q_phase_coef":20.333233690875698,"Q_phase_cos":0.9376875412215058,"Q_phase_sin":0.3474796037726055,"stimulate_current":1,"stimulate_frequency":12,"type":"calib_data"}