{"I_cal_in":57.73,"I_cal_in_ADC":17182,"I_cal_quad":30.79,"I_coef":0.6542764706146782,"I_offset":-258,"I_phase_coef":28.07300206059346,"I_phase_cos":0.8823487102595015,"I_phase_sin":0.47059616817755157,"Q_cal_in":-59.65,"Q_cal_in_ADC":-17921,"Q_cal_quad":30.79,"Q_coef":0.6805394992210223,"Q_offset":99,"Q_phase_coef":28.775752938683514,"Q_phase_cos":0.8765104754136711,"Q_phase_sin":0.4813827858265191,"stimulate_current":1,"stimulate_frequency":13,"type":"calib_data"}