{"I_cal_in":59.96,"I_cal_in_ADC":17742,"I_cal_quad":41.78,"I_coef":0.7308057197367848,"I_offset":-370,"I_phase_coef":34.86870144556504,"I_phase_cos":0.8204642955120257,"I_phase_sin":0.571697769621288,"Q_cal_in":-61.9,"Q_cal_in_ADC":-18566,"Q_cal_quad":41.78,"Q_coef":0.7581753359217115,"Q_offset":132,"Q_phase_coef":35.27061568171095,"Q_phase_cos":0.8164338388131336,"Q_phase_sin":0.5774389897130693,"stimulate_current":1,"stimulate_frequency":14,"type":"calib_data"}