{"I_cal_in":56.34,"I_cal_in_ADC":16670,"I_cal_quad":46.58,"I_coef":0.7310192883912161,"I_offset":-349,"I_phase_coef":39.58278763079223,"I_phase_cos":0.7707046981481122,"I_phase_sin":0.6371924891682476,"Q_cal_in":-58.24,"Q_cal_in_ADC":-17594,"Q_cal_quad":46.58,"Q_coef":0.7581575825644693,"Q_offset":0,"Q_phase_coef":39.8094415134106,"Q_phase_cos":0.7681780323689846,"Q_phase_sin":0.6402362927745624,"stimulate_current":1,"stimulate_frequency":15,"type":"calib_data"}