{"I_cal_in":51.7,"I_cal_in_ADC":15404,"I_cal_quad":49.81,"I_coef":0.7179084969548697,"I_offset":-214,"I_phase_coef":43.93334141798617,"I_phase_cos":0.7201474870306495,"I_phase_sin":0.6938210121662794,"Q_cal_in":-53.62,"Q_cal_in_ADC":-16056,"Q_cal_quad":49.81,"Q_coef":0.7456820233853033,"Q_offset":143,"Q_phase_coef":44.021980403541896,"Q_phase_cos":0.7190732553343836,"Q_phase_sin":0.6949342799594882,"stimulate_current":1,"stimulate_frequency":16,"type":"calib_data"}