{"I_cal_in":30.51,"I_cal_in_ADC":3942,"I_cal_quad":-40.14,"I_coef":0.5041904104601752,"I_offset":-667,"I_phase_coef":-52.761908910844674,"I_phase_cos":0.6051285261882209,"I_phase_sin":-0.7961277955160665,"Q_cal_in":-30.61,"Q_cal_in_ADC":-4868,"Q_cal_quad":-40.14,"Q_coef":0.5040013591251515,"Q_offset":-244,"Q_phase_coef":-52.6026113708087,"Q_phase_cos":0.607339632042521,"Q_phase_sin":-0.7944423020902496,"stimulate_current":1,"stimulate_frequency":2,"type":"calib_data"}