{"I_cal_in":78.3,"I_cal_in_ADC":11398,"I_cal_quad":-23.03,"I_coef":0.816166092165069,"I_offset":-428,"I_phase_coef":-16.389936501913866,"I_phase_cos":0.9593635505279466,"I_phase_sin":-0.28217295745413296,"Q_cal_in":-80.8,"Q_cal_in_ADC":-12043,"Q_cal_quad":-23.03,"Q_coef":0.8336738510952589,"Q_offset":161,"Q_phase_coef":-14.25627098131959,"Q_phase_cos":0.9692039626029659,"Q_phase_sin":-0.24625937317127344,"stimulate_current":1,"stimulate_frequency":3,"type":"calib_data"}