{"I_cal_in":67.2,"I_cal_in_ADC":19970,"I_cal_quad":-16.96,"I_coef":0.6930715403188908,"I_offset":-331,"I_phase_coef":-14.164565267959912,"I_phase_cos":0.969596875512742,"I_phase_sin":-0.24470778286750156,"Q_cal_in":-68.89,"Q_cal_in_ADC":-20614,"Q_cal_quad":-16.96,"Q_coef":0.7056639568519849,"Q_offset":197,"Q_phase_coef":-12.513836248945328,"Q_phase_cos":0.9762437110621747,"Q_phase_sin":-0.21667537149282406,"stimulate_current":1,"stimulate_frequency":4,"type":"calib_data"}