{"I_cal_in":79.51,"I_cal_in_ADC":23743,"I_cal_quad":-4.75,"I_coef":0.796517582982322,"I_offset":-276,"I_phase_coef":-3.418838796165061,"I_phase_cos":0.9982202740873414,"I_phase_sin":-0.05963459064161578,"Q_cal_in":-81.38,"Q_cal_in_ADC":-24468,"Q_cal_quad":-4.75,"Q_coef":0.8143059191728867,"Q_offset":116,"Q_phase_coef":-2.019793132737269,"Q_phase_cos":0.999378711168647,"Q_phase_sin":-0.0352447395066849,"stimulate_current":1,"stimulate_frequency":5,"type":"calib_data"}