{"I_cal_in":78.19,"I_cal_in_ADC":23348,"I_cal_quad":-5.25,"I_coef":0.7836605515144934,"I_offset":-271,"I_phase_coef":-3.8413099027147215,"I_phase_cos":0.9977534258792394,"I_phase_sin":-0.06699329180030704,"Q_cal_in":-80.16,"Q_cal_in_ADC":-24111,"Q_cal_quad":-5.25,"Q_coef":0.8022748718487946,"Q_offset":104,"Q_phase_coef":-2.3502666622147106,"Q_phase_cos":0.9991588022104699,"Q_phase_sin":-0.04100838896297962,"stimulate_current":1,"stimulate_frequency":6,"type":"calib_data"}