{"I_cal_in":76.97,"I_cal_in_ADC":22900,"I_cal_quad":-4.73,"I_coef":0.7711519824262919,"I_offset":-350,"I_phase_coef":-3.5165474963354533,"I_phase_cos":0.9981171254702302,"I_phase_sin":-0.06133680659314265,"Q_cal_in":-80.35,"Q_cal_in_ADC":-23674,"Q_cal_quad":-4.73,"Q_coef":0.8036150882107677,"Q_offset":599,"Q_phase_coef":-0.9696928457872107,"Q_phase_cos":0.9998567868965428,"Q_phase_sin":-0.016923524955560654,"stimulate_current":1,"stimulate_frequency":7,"type":"calib_data"}