{"I_cal_in":73.67,"I_cal_in_ADC":21890,"I_cal_quad":0.1,"I_coef":0.7367006787020085,"I_offset":-363,"I_phase_coef":0.07777350932952184,"I_phase_cos":0.9999990787275916,"I_phase_sin":0.0013574033917844327,"Q_cal_in":-75.62,"Q_cal_in_ADC":-22834,"Q_cal_quad":0.1,"Q_coef":0.7564724251418555,"Q_offset":10,"Q_phase_coef":1.537721570294974,"Q_phase_cos":0.9996398743261471,"Q_phase_sin":0.026835082582413093,"stimulate_current":1,"stimulate_frequency":8,"type":"calib_data"}