{"I_cal_in":67.69,"I_cal_in_ADC":20088,"I_cal_quad":9.26,"I_coef":0.6832044862264884,"I_offset":-359,"I_phase_coef":7.789716602754682,"I_phase_cos":0.990772182628206,"I_phase_sin":0.13553775167878843,"Q_cal_in":-69.61,"Q_cal_in_ADC":-21026,"Q_cal_quad":9.26,"Q_coef":0.7049891984988139,"Q_offset":1,"Q_phase_coef":9.108253174526771,"Q_phase_cos":0.987391014617327,"Q_phase_sin":0.15830029770333817,"stimulate_current":1,"stimulate_frequency":9,"type":"calib_data"}