{"I_cal_in":3.56,"I_cal_in_ADC":-39,"I_cal_quad":-4.84,"I_coef":0.060082609796845536,"I_offset":-577,"I_phase_coef":-53.664135433108065,"I_phase_cos":0.5925175374434063,"I_phase_sin":-0.8055575509062041,"Q_cal_in":-3.65,"Q_cal_in_ADC":-875,"Q_cal_quad":-4.84,"Q_coef":0.05950840276801252,"Q_offset":-323,"Q_phase_coef":-52.16723872851977,"Q_phase_cos":0.6133587577924341,"Q_phase_sin":-0.7898044278423122,"stimulate_current":2,"stimulate_frequency":0,"type":"calib_data"}