{"I_cal_in":15.76,"I_cal_in_ADC":1637,"I_cal_quad":-20.0,"I_coef":0.25463259807023925,"I_offset":-744,"I_phase_coef":-51.7618900648948,"I_phase_cos":0.6189309663978166,"I_phase_sin":-0.7854453888297166,"Q_cal_in":-14.24,"Q_cal_in_ADC":-2558,"Q_cal_quad":-20.0,"Q_coef":0.25779792473951374,"Q_offset":-406,"Q_phase_coef":-56.47019997074701,"Q_phase_cos":0.5523706218499818,"Q_phase_sin":-0.8335986421036592,"stimulate_current":2,"stimulate_frequency":1,"type":"calib_data"}