{"I_cal_in":74.55,"I_cal_in_ADC":44766,"I_cal_quad":19.81,"I_coef":0.7713714150783655,"I_offset":-273,"I_phase_coef":14.881178300927026,"I_phase_cos":0.9664604954595872,"I_phase_sin":0.2568153241455992,"Q_cal_in":-75.53,"Q_cal_in_ADC":-45536,"Q_cal_quad":19.81,"Q_coef":0.783416932418492,"Q_offset":96,"Q_phase_coef":15.396877728559835,"Q_phase_cos":0.964109873995585,"Q_phase_sin":0.2655035797578203,"stimulate_current":2,"stimulate_frequency":10,"type":"calib_data"}