{"I_cal_in":69.88,"I_cal_in_ADC":41858,"I_cal_quad":27.08,"I_coef":0.7494358411498611,"I_offset":-359,"I_phase_coef":21.18241880382101,"I_phase_cos":0.9324347217339238,"I_phase_sin":0.3613384697274565,"Q_cal_in":-70.84,"Q_cal_in_ADC":-42796,"Q_cal_quad":27.08,"Q_coef":0.7619494208935395,"Q_offset":3,"Q_phase_coef":21.608711402883788,"Q_phase_cos":0.9297205045044304,"Q_phase_sin":0.3682659141218848,"stimulate_current":2,"stimulate_frequency":11,"type":"calib_data"}