{"I_cal_in":69.32,"I_cal_in_ADC":41671,"I_cal_quad":34.27,"I_coef":0.7732848957531757,"I_offset":-213,"I_phase_coef":26.30659067807443,"I_phase_cos":0.8964354584022056,"I_phase_sin":0.4431743098592555,"Q_cal_in":-70.3,"Q_cal_in_ADC":-42319,"Q_cal_quad":34.27,"Q_coef":0.7866049898138201,"Q_offset":157,"Q_phase_coef":26.65626048239383,"Q_phase_cos":0.893714137468657,"Q_phase_sin":0.44863686929258767,"stimulate_current":2,"stimulate_frequency":12,"type":"calib_data"}