{"I_cal_in":68.95,"I_cal_in_ADC":41395,"I_cal_quad":40.61,"I_coef":0.8002046363274835,"I_offset":-261,"I_phase_coef":30.497128840338927,"I_phase_cos":0.8616545927107355,"I_phase_sin":0.5074951850613919,"Q_cal_in":-69.92,"Q_cal_in_ADC":-42145,"Q_cal_quad":40.61,"Q_coef":0.8137483210428148,"Q_offset":100,"Q_phase_coef":30.769346004979404,"Q_phase_cos":0.8592337236456332,"Q_phase_sin":0.511583236775854,"stimulate_current":2,"stimulate_frequency":13,"type":"calib_data"}