{"I_cal_in":67.85,"I_cal_in_ADC":40627,"I_cal_quad":46.21,"I_coef":0.8209133084558929,"I_offset":-366,"I_phase_coef":34.25725727545351,"I_phase_cos":0.8265184557383203,"I_phase_sin":0.562909621807926,"Q_cal_in":-68.82,"Q_cal_in_ADC":-41447,"Q_cal_quad":46.21,"Q_coef":0.834790686339995,"Q_offset":134,"Q_phase_coef":34.472467235270685,"Q_phase_cos":0.8243982728380713,"Q_phase_sin":0.5660101480906548,"stimulate_current":2,"stimulate_frequency":14,"type":"calib_data"}