{"I_cal_in":64.38,"I_cal_in_ADC":38552,"I_cal_quad":51.48,"I_coef":0.8243163713041248,"I_offset":-344,"I_phase_coef":38.64678204549037,"I_phase_cos":0.7810108138231736,"I_phase_sin":0.6245175007085583,"Q_cal_in":-65.32,"Q_cal_in_ADC":-39461,"Q_cal_quad":51.48,"Q_coef":0.8380932227383776,"Q_offset":1,"Q_phase_coef":38.79540288761759,"Q_phase_cos":0.7793882378212541,"Q_phase_sin":0.6265412793630443,"stimulate_current":2,"stimulate_frequency":15,"type":"calib_data"}