{"I_cal_in":59.73,"I_cal_in_ADC":35872,"I_cal_quad":55.91,"I_coef":0.8181443026752676,"I_offset":-213,"I_phase_coef":43.10800485631163,"I_phase_cos":0.7300668085652812,"I_phase_sin":0.6833757787859511,"Q_cal_in":-60.67,"Q_cal_in_ADC":-36517,"Q_cal_quad":55.91,"Q_coef":0.8320464229837179,"Q_offset":139,"Q_phase_coef":43.18347379498289,"Q_phase_cos":0.7291660455968001,"Q_phase_sin":0.6843368161576032,"stimulate_current":2,"stimulate_frequency":16,"type":"calib_data"}