{"I_cal_in":30.06,"I_cal_in_ADC":3940,"I_cal_quad":-40.54,"I_coef":0.5046875469040226,"I_offset":-601,"I_phase_coef":-53.44343907242393,"I_phase_cos":0.5956160437165804,"I_phase_sin":-0.8032692751919549,"Q_cal_in":-31.42,"Q_cal_in_ADC":-4866,"Q_cal_quad":-40.54,"Q_coef":0.5022239341170431,"Q_offset":-120,"Q_phase_coef":-51.27248732996011,"Q_phase_cos":0.6256173365221894,"Q_phase_sin":-0.7801300841801203,"stimulate_current":2,"stimulate_frequency":2,"type":"calib_data"}