{"I_cal_in":78.53,"I_cal_in_ADC":11429,"I_cal_quad":-22.8,"I_coef":0.8177286163514152,"I_offset":-432,"I_phase_coef":-16.189857436694286,"I_phase_cos":0.9603430579498282,"I_phase_sin":-0.27882110940094335,"Q_cal_in":-80.92,"Q_cal_in_ADC":-12069,"Q_cal_quad":-22.8,"Q_coef":0.8345671213269787,"Q_offset":153,"Q_phase_coef":-14.162790174185421,"Q_phase_cos":0.9696044563957367,"Q_phase_sin":-0.2446777434453898,"stimulate_current":2,"stimulate_frequency":3,"type":"calib_data"}