{"I_cal_in":67.4,"I_cal_in_ADC":20029,"I_cal_quad":-16.76,"I_coef":0.6945255646842671,"I_offset":-332,"I_phase_coef":-13.96421361124832,"I_phase_cos":0.9704466390757005,"I_phase_sin":-0.24131581114107925,"Q_cal_in":-69.09,"Q_cal_in_ADC":-20675,"Q_cal_quad":-16.76,"Q_coef":0.7071871180953454,"Q_offset":196,"Q_phase_coef":-12.320537031129618,"Q_phase_cos":0.9769691533137492,"Q_phase_sin":-0.21338058363734946,"stimulate_current":2,"stimulate_frequency":4,"type":"calib_data"}