{"I_cal_in":80.78,"I_cal_in_ADC":48522,"I_cal_quad":-2.95,"I_coef":0.8083384748977375,"I_offset":-283,"I_phase_coef":-2.0914517406972184,"I_phase_cos":0.9993338497245161,"I_phase_sin":-0.03649461322960291,"Q_cal_in":-81.72,"Q_cal_in_ADC":-49253,"Q_cal_quad":-2.95,"Q_coef":0.8174471542552461,"Q_offset":119,"Q_phase_coef":-1.4089733415503305,"Q_phase_cos":0.99969765109101,"Q_phase_sin":-0.024588745456350095,"stimulate_current":2,"stimulate_frequency":5,"type":"calib_data"}