{"I_cal_in":80.6,"I_cal_in_ADC":48422,"I_cal_quad":-3.19,"I_coef":0.8066310246946864,"I_offset":-273,"I_phase_coef":-2.266478811333991,"I_phase_cos":0.9992177034165958,"I_phase_sin":-0.03954720190941614,"Q_cal_in":-81.57,"Q_cal_in_ADC":-49183,"Q_cal_quad":-3.19,"Q_coef":0.8159993259801138,"Q_offset":100,"Q_phase_coef":-1.5519517445647864,"Q_phase_cos":0.9996331786429428,"Q_phase_sin":-0.027083355704314135,"stimulate_current":2,"stimulate_frequency":6,"type":"calib_data"}