{"I_cal_in":80.18,"I_cal_in_ADC":48086,"I_cal_quad":-2.97,"I_coef":0.802349880039874,"I_offset":-355,"I_phase_coef":-2.1213606968118928,"I_phase_cos":0.999314663024756,"I_phase_sin":-0.03701627025671645,"Q_cal_in":-81.9,"Q_cal_in_ADC":-48889,"Q_cal_quad":-2.97,"Q_coef":0.8190923574298565,"Q_offset":593,"Q_phase_coef":-0.8604213805516904,"Q_phase_cos":0.9998872441806851,"Q_phase_sin":-0.015016621615900397,"stimulate_current":2,"stimulate_frequency":7,"type":"calib_data"}