{"I_cal_in":79.96,"I_cal_in_ADC":47943,"I_cal_quad":-0.67,"I_coef":0.7996280697924505,"I_offset":-363,"I_phase_coef":-0.48008096410640644,"I_phase_cos":0.9999648964393437,"I_phase_sin":-0.008378895455407208,"Q_cal_in":-80.91,"Q_cal_in_ADC":-48884,"Q_cal_quad":-0.67,"Q_coef":0.8091048448748778,"Q_offset":0,"Q_phase_coef":0.19827900409357874,"Q_phase_cos":0.9999940120555346,"Q_phase_sin":0.0034606145516691356,"stimulate_current":2,"stimulate_frequency":8,"type":"calib_data"}