{"I_cal_in":78.87,"I_cal_in_ADC":47288,"I_cal_quad":9.17,"I_coef":0.7940129595919704,"I_offset":-362,"I_phase_coef":6.631847854061204,"I_phase_cos":0.9933087243378236,"I_phase_sin":0.11548929887381568,"Q_cal_in":-79.86,"Q_cal_in_ADC":-48237,"Q_cal_quad":9.17,"Q_coef":0.8050369680952546,"Q_offset":9,"Q_phase_coef":7.250370529066911,"Q_phase_cos":0.9920041335362714,"Q_phase_sin":0.12620538438177456,"stimulate_current":2,"stimulate_frequency":9,"type":"calib_data"}