{"I_cal_in":3.6,"I_cal_in_ADC":-36,"I_cal_quad":-4.87,"I_coef":0.06056145638935709,"I_offset":-580,"I_phase_coef":-53.52745773052723,"I_phase_cos":0.5944374879056995,"I_phase_sin":-0.8041418239168768,"Q_cal_in":-3.66,"Q_cal_in_ADC":-883,"Q_cal_quad":-4.87,"Q_coef":0.05988589149374,"Q_offset":-329,"Q_phase_coef":-52.326406660169546,"Q_phase_cos":0.6111623136448738,"Q_phase_sin":-0.7915052914417218,"stimulate_current":3,"stimulate_frequency":0,"type":"calib_data"}