{"I_cal_in":13.17,"I_cal_in_ADC":1571,"I_cal_quad":-22.4,"I_coef":0.25984782084905,"I_offset":-419,"I_phase_coef":-59.54675271107604,"I_phase_cos":0.5068351143745274,"I_phase_sin":-0.8620430191335927,"Q_cal_in":-14.71,"Q_cal_in_ADC":-2498,"Q_cal_quad":-22.4,"Q_coef":0.2550862011164069,"Q_offset":-275,"Q_phase_coef":-54.78348645493288,"Q_phase_cos":0.5766678062404164,"Q_phase_sin":-0.8169787275357087,"stimulate_current":3,"stimulate_frequency":1,"type":"calib_data"}