{"I_cal_in":84.97,"I_cal_in_ADC":128071,"I_cal_quad":16.4,"I_coef":0.8653820485773899,"I_offset":-271,"I_phase_coef":10.924287385267611,"I_phase_cos":0.9818784678938398,"I_phase_sin":0.18951167321947712,"Q_cal_in":-85.38,"Q_cal_in_ADC":-128858,"Q_cal_quad":16.4,"Q_coef":0.8702294697377237,"Q_offset":97,"Q_phase_coef":11.151111505636006,"Q_phase_cos":0.9811205316424466,"Q_phase_sin":0.19339726572431923,"stimulate_current":3,"stimulate_frequency":10,"type":"calib_data"}