{"I_cal_in":81.58,"I_cal_in_ADC":122857,"I_cal_quad":25.2,"I_coef":0.8538346678368126,"I_offset":-360,"I_phase_coef":17.165878923484122,"I_phase_cos":0.9554542942919227,"I_phase_sin":0.29513910537088073,"Q_cal_in":-81.98,"Q_cal_in_ADC":-123823,"Q_cal_quad":25.2,"Q_coef":0.8589305734458403,"Q_offset":1,"Q_phase_coef":17.361187454273608,"Q_phase_cos":0.9544426818003963,"Q_phase_sin":0.29839431488831614,"stimulate_current":3,"stimulate_frequency":11,"type":"calib_data"}