{"I_cal_in":78.37,"I_cal_in_ADC":118147,"I_cal_quad":32.87,"I_coef":0.8498407968555051,"I_offset":-218,"I_phase_coef":22.754185313976354,"I_phase_cos":0.9221727209375772,"I_phase_sin":0.38677832508891363,"Q_cal_in":-78.78,"Q_cal_in_ADC":-118828,"Q_cal_quad":32.87,"Q_coef":0.8553660502965967,"Q_offset":156,"Q_phase_coef":22.92593143700347,"Q_phase_cos":0.9210091980232693,"Q_phase_sin":0.38954082861304057,"stimulate_current":3,"stimulate_frequency":12,"type":"calib_data"}