{"I_cal_in":75.67,"I_cal_in_ADC":114030,"I_cal_quad":39.36,"I_coef":0.8529453968455425,"I_offset":-260,"I_phase_coef":27.481344985924867,"I_phase_cos":0.8871611275452239,"I_phase_sin":0.46145978565058826,"Q_cal_in":-76.07,"Q_cal_in_ADC":-114794,"Q_cal_quad":39.36,"Q_coef":0.858573293318631,"Q_offset":97,"Q_phase_coef":27.624581427271675,"Q_phase_cos":0.8860047312439422,"Q_phase_sin":0.4636761975919724,"stimulate_current":3,"stimulate_frequency":13,"type":"calib_data"}