{"I_cal_in":72.23,"I_cal_in_ADC":108730,"I_cal_quad":45.37,"I_coef":0.8529718518216178,"I_offset":-366,"I_phase_coef":32.134259155371524,"I_phase_cos":0.8468040281252502,"I_phase_sin":0.5319050083904554,"Q_cal_in":-72.62,"Q_cal_in_ADC":-109553,"Q_cal_quad":45.37,"Q_coef":0.8587230810919199,"Q_offset":131,"Q_phase_coef":32.25575139079969,"Q_phase_cos":0.8456742528413135,"Q_phase_sin":0.533699407982889,"stimulate_current":3,"stimulate_frequency":14,"type":"calib_data"}