{"I_cal_in":67.71,"I_cal_in_ADC":101921,"I_cal_quad":50.81,"I_coef":0.8465400285869535,"I_offset":-345,"I_phase_coef":36.884787752878665,"I_phase_cos":0.7998440441501825,"I_phase_sin":0.6002078848511413,"Q_cal_in":-68.07,"Q_cal_in_ADC":-102821,"Q_cal_quad":50.81,"Q_coef":0.8521216169068826,"Q_offset":0,"Q_phase_coef":36.9815144060137,"Q_phase_cos":0.7988296347543369,"Q_phase_sin":0.6015573244822581,"stimulate_current":3,"stimulate_frequency":15,"type":"calib_data"}