{"I_cal_in":62.66,"I_cal_in_ADC":94435,"I_cal_quad":55.4,"I_coef":0.8363872069801163,"I_offset":-214,"I_phase_coef":41.48107560097734,"I_phase_cos":0.7491745387431499,"I_phase_sin":0.6623726371907196,"Q_cal_in":-63.03,"Q_cal_in_ADC":-95064,"Q_cal_quad":55.4,"Q_coef":0.8421403327237094,"Q_offset":139,"Q_phase_coef":41.543703117402636,"Q_phase_cos":0.7484500807145045,"Q_phase_sin":0.6631911313327793,"stimulate_current":3,"stimulate_frequency":16,"type":"calib_data"}