{"I_cal_in":30.47,"I_cal_in_ADC":3966,"I_cal_quad":-40.52,"I_coef":0.5069804039605476,"I_offset":-637,"I_phase_coef":-53.057773506056044,"I_phase_cos":0.6010094228882884,"I_phase_sin":-0.79924193683733,"Q_cal_in":-31.07,"Q_cal_in_ADC":-4891,"Q_cal_quad":-40.52,"Q_coef":0.5057818699795397,"Q_offset":-197,"Q_phase_coef":-52.099184168725564,"Q_phase_cos":0.6142964357590925,"Q_phase_sin":-0.7890753379834368,"stimulate_current":3,"stimulate_frequency":2,"type":"calib_data"}