{"I_cal_in":78.42,"I_cal_in_ADC":11416,"I_cal_quad":-22.5,"I_coef":0.8158398372229686,"I_offset":-428,"I_phase_coef":-16.009064283105708,"I_phase_cos":0.961218077642951,"I_phase_sin":-0.27578942549051766,"Q_cal_in":-80.93,"Q_cal_in_ADC":-12061,"Q_cal_quad":-22.5,"Q_coef":0.8337425561886594,"Q_offset":163,"Q_phase_coef":-13.90790486994771,"Q_phase_cos":0.9706833290357694,"Q_phase_sin":-0.24036196606792062,"stimulate_current":3,"stimulate_frequency":3,"type":"calib_data"}