{"I_cal_in":67.55,"I_cal_in_ADC":20077,"I_cal_quad":-16.6,"I_coef":0.6955977645162469,"I_offset":-330,"I_phase_coef":-13.806502208122321,"I_phase_cos":0.9711072037009437,"I_phase_sin":-0.238643665158189,"Q_cal_in":-69.26,"Q_cal_in_ADC":-20723,"Q_cal_quad":-16.6,"Q_coef":0.708488108580518,"Q_offset":200,"Q_phase_coef":-12.156887728392984,"Q_phase_cos":0.9775746291460692,"Q_phase_sin":-0.21058927904792596,"stimulate_current":3,"stimulate_frequency":4,"type":"calib_data"}