{"I_cal_in":80.78,"I_cal_in_ADC":48522,"I_cal_quad":-2.95,"I_coef":0.8083384748977375,"I_offset":-284,"I_phase_coef":-2.0914517406972184,"I_phase_cos":0.9993338497245161,"I_phase_sin":-0.03649461322960291,"Q_cal_in":-81.72,"Q_cal_in_ADC":-49252,"Q_cal_quad":-2.95,"Q_coef":0.8174496192426784,"Q_offset":119,"Q_phase_coef":-1.415980312376557,"Q_phase_cos":0.9996946365417483,"Q_phase_sin":-0.024711003008006997,"stimulate_current":3,"stimulate_frequency":5,"type":"calib_data"}