{"I_cal_in":82.15,"I_cal_in_ADC":123809,"I_cal_quad":-1.49,"I_coef":0.8216351136605593,"I_offset":-273,"I_phase_coef":-1.0390913186896114,"I_phase_cos":0.9998355551529958,"I_phase_sin":-0.018134570629068338,"Q_cal_in":-82.54,"Q_cal_in_ADC":-124564,"Q_cal_quad":-1.49,"Q_coef":0.8254732945407744,"Q_offset":101,"Q_phase_coef":-0.7635283092437603,"Q_phase_cos":0.9999112090708941,"Q_phase_sin":-0.013325688514392822,"stimulate_current":3,"stimulate_frequency":6,"type":"calib_data"}