{"I_cal_in":82.39,"I_cal_in_ADC":124086,"I_cal_quad":-1.43,"I_coef":0.8240240894537004,"I_offset":-355,"I_phase_coef":-0.9943529412645059,"I_phase_cos":0.9998494104052436,"I_phase_sin":-0.017353861595818646,"Q_cal_in":-83.13,"Q_cal_in_ADC":-124969,"Q_cal_quad":-1.43,"Q_coef":0.8313269994412548,"Q_offset":593,"Q_phase_coef":-0.46177482373611484,"Q_phase_cos":0.9999675224775896,"Q_phase_sin":-0.008059403826055396,"stimulate_current":3,"stimulate_frequency":7,"type":"calib_data"}