{"I_cal_in":84.41,"I_cal_in_ADC":127136,"I_cal_quad":-0.23,"I_coef":0.8441031335091701,"I_offset":-364,"I_phase_coef":-0.156118903858293,"I_phase_cos":0.9999962877650304,"I_phase_sin":-0.0027247855252453142,"Q_cal_in":-84.8,"Q_cal_in_ADC":-128084,"Q_cal_quad":-0.23,"Q_coef":0.8480013266499057,"Q_offset":2,"Q_phase_coef":0.10134856088866628,"Q_phase_cos":0.999998435556804,"Q_phase_sin":0.001768865157234913,"stimulate_current":3,"stimulate_frequency":8,"type":"calib_data"}