{"I_cal_in":86.46,"I_cal_in_ADC":130226,"I_cal_quad":7.17,"I_coef":0.8675678935968065,"I_offset":-363,"I_phase_coef":4.740606889877133,"I_phase_cos":0.9965790647409712,"I_phase_sin":0.0826448287554102,"Q_cal_in":-86.86,"Q_cal_in_ADC":-131187,"Q_cal_quad":7.17,"Q_coef":0.871901141185169,"Q_offset":1,"Q_phase_coef":4.987388239797072,"Q_phase_cos":0.9962138583960541,"Q_phase_sin":0.08693646150865866,"stimulate_current":3,"stimulate_frequency":9,"type":"calib_data"}