{"I_cal_in":3.61,"I_cal_in_ADC":-36,"I_cal_quad":-4.85,"I_coef":0.06046040026331284,"I_offset":-582,"I_phase_coef":-53.33858756520851,"I_phase_cos":0.5970850315707446,"I_phase_sin":-0.8021779510022468,"Q_cal_in":-3.68,"Q_cal_in_ADC":-887,"Q_cal_quad":-4.85,"Q_coef":0.06000833275471,"Q_offset":-330,"Q_phase_coef":-52.17526110028379,"Q_phase_cos":0.6132481658909547,"Q_phase_sin":-0.789890300631284,"stimulate_current":4,"stimulate_frequency":0,"type":"calib_data"}