{"I_cal_in":13.49,"I_cal_in_ADC":1600,"I_cal_quad":-22.26,"I_coef":0.26028593892102586,"I_offset":-438,"I_phase_coef":-58.78330861320483,"I_phase_cos":0.5182761718101507,"I_phase_sin":-0.8552133124161568,"Q_cal_in":-14.46,"Q_cal_in_ADC":-2523,"Q_cal_quad":-22.26,"Q_coef":0.2571146047971605,"Q_offset":-338,"Q_phase_coef":-55.77840111674587,"Q_phase_cos":0.5623951238167741,"Q_phase_sin":-0.8268686260265988,"stimulate_current":4,"stimulate_frequency":1,"type":"calib_data"}