{"I_cal_in":88.85,"I_cal_in_ADC":268140,"I_cal_quad":15.45,"I_coef":0.9018328559106726,"I_offset":-273,"I_phase_coef":9.864446224450832,"I_phase_cos":0.9852158237268822,"I_phase_sin":0.17131777688891764,"Q_cal_in":-89.07,"Q_cal_in_ADC":-268961,"Q_cal_quad":15.45,"Q_coef":0.9044136774728696,"Q_offset":93,"Q_phase_coef":9.990364559073145,"Q_phase_cos":0.9848369415296895,"Q_phase_sin":0.17348255992591027,"stimulate_current":4,"stimulate_frequency":10,"type":"calib_data"}