{"I_cal_in":86.06,"I_cal_in_ADC":259622,"I_cal_quad":23.92,"I_coef":0.893223936087698,"I_offset":-362,"I_phase_coef":15.533038354038368,"I_phase_cos":0.9634761958679812,"I_phase_sin":0.26779398797539056,"Q_cal_in":-86.28,"Q_cal_in_ADC":-260627,"Q_cal_quad":23.92,"Q_coef":0.8960149161704842,"Q_offset":0,"Q_phase_coef":15.649389371576309,"Q_phase_cos":0.9629303981763575,"Q_phase_sin":0.2697499736198721,"stimulate_current":4,"stimulate_frequency":11,"type":"calib_data"}