{"I_cal_in":82.16,"I_cal_in_ADC":247978,"I_cal_quad":31.77,"I_coef":0.880885832557205,"I_offset":-217,"I_phase_coef":21.140714578828742,"I_phase_cos":0.9326974843208699,"I_phase_sin":0.3606596771771426,"Q_cal_in":-82.37,"Q_cal_in_ADC":-248679,"Q_cal_quad":31.77,"Q_coef":0.883783785775684,"Q_offset":154,"Q_phase_coef":21.248827119807412,"Q_phase_cos":0.9320152884192718,"Q_phase_sin":0.3624189594278169,"stimulate_current":4,"stimulate_frequency":12,"type":"calib_data"}