{"I_cal_in":77.67,"I_cal_in_ADC":234381,"I_cal_quad":38.74,"I_coef":0.8679525620677666,"I_offset":-259,"I_phase_coef":26.508959902192792,"I_phase_cos":0.8948645743375987,"I_phase_sin":0.44633775730447495,"Q_cal_in":-77.88,"Q_cal_in_ADC":-235150,"Q_cal_quad":38.74,"Q_coef":0.8710381449741452,"Q_offset":104,"Q_phase_coef":26.60623517743925,"Q_phase_cos":0.8941055044416188,"Q_phase_sin":0.4478563909638874,"stimulate_current":4,"stimulate_frequency":13,"type":"calib_data"}