{"I_cal_in":73.1,"I_cal_in_ADC":220463,"I_cal_quad":45.01,"I_coef":0.8584585080247035,"I_offset":-364,"I_phase_coef":31.621931348371653,"I_phase_cos":0.8515263034459486,"I_phase_sin":0.5243118867045438,"Q_cal_in":-73.29,"Q_cal_in_ADC":-221275,"Q_cal_quad":45.01,"Q_coef":0.861440479661828,"Q_offset":132,"Q_phase_coef":31.702927585327807,"Q_phase_cos":0.8507842588122996,"Q_phase_sin":0.5255151234333851,"stimulate_current":4,"stimulate_frequency":14,"type":"calib_data"}