{"I_cal_in":67.95,"I_cal_in_ADC":204914,"I_cal_quad":50.54,"I_coef":0.8468467452851195,"I_offset":-348,"I_phase_coef":36.64121370744293,"I_phase_cos":0.8023883941021979,"I_phase_sin":0.5968021992336288,"Q_cal_in":-68.13,"Q_cal_in_ADC":-205790,"Q_cal_quad":50.54,"Q_coef":0.8498433326207837,"Q_offset":8,"Q_phase_coef":36.70943967876299,"Q_phase_cos":0.8016771725430586,"Q_phase_sin":0.5977572341873973,"stimulate_current":4,"stimulate_frequency":15,"type":"calib_data"}