{"I_cal_in":62.35,"I_cal_in_ADC":188121,"I_cal_quad":55.14,"I_coef":0.8323426037395899,"I_offset":-218,"I_phase_coef":41.48833797524978,"I_phase_cos":0.7490905754417814,"I_phase_sin":0.6624675914973508,"Q_cal_in":-62.52,"Q_cal_in_ADC":-188717,"Q_cal_quad":55.14,"Q_coef":0.8353388773426029,"Q_offset":140,"Q_phase_coef":41.54468048225406,"Q_phase_cos":0.7484387677356753,"Q_phase_sin":0.663203898473391,"stimulate_current":4,"stimulate_frequency":16,"type":"calib_data"}