{"I_cal_in":30.7,"I_cal_in_ADC":3976,"I_cal_quad":-40.3,"I_coef":0.5066142516747827,"I_offset":-662,"I_phase_coef":-52.700335518607694,"I_phase_cos":0.6059837420386596,"I_phase_sin":-0.7954770294513999,"Q_cal_in":-31.4,"Q_cal_in_ADC":-4903,"Q_cal_quad":-40.3,"Q_coef":0.5055397511571171,"Q_offset":-160,"Q_phase_coef":-51.602153941783484,"Q_phase_cos":0.6211183181565709,"Q_phase_sin":-0.783716807814119,"stimulate_current":4,"stimulate_frequency":2,"type":"calib_data"}