{"I_cal_in":78.83,"I_cal_in_ADC":11458,"I_cal_quad":-22.47,"I_coef":0.819699322922741,"I_offset":-449,"I_phase_coef":-15.909871081981478,"I_phase_cos":0.9616940967929768,"I_phase_sin":-0.2741249061897525,"Q_cal_in":-81.2,"Q_cal_in_ADC":-12103,"Q_cal_quad":-22.47,"Q_coef":0.8365316551093569,"Q_offset":161,"Q_phase_coef":-13.90999394788972,"Q_phase_cos":0.970674564483576,"Q_phase_sin":-0.24039735827296443,"stimulate_current":4,"stimulate_frequency":3,"type":"calib_data"}