{"I_cal_in":67.59,"I_cal_in_ADC":20092,"I_cal_quad":-16.59,"I_coef":0.695962369672384,"I_offset":-326,"I_phase_coef":-13.790648844531557,"I_phase_cos":0.9711731976517235,"I_phase_sin":-0.23837495708007236,"Q_cal_in":-69.31,"Q_cal_in_ADC":-20734,"Q_cal_quad":-16.59,"Q_coef":0.7088928339318997,"Q_offset":203,"Q_phase_coef":-12.116772636836323,"Q_phase_cos":0.9777218315999836,"Q_phase_sin":-0.2099047879701018,"stimulate_current":4,"stimulate_frequency":4,"type":"calib_data"}