{"I_cal_in":81.55,"I_cal_in_ADC":48995,"I_cal_quad":-2.7,"I_coef":0.8159468426313076,"I_offset":-275,"I_phase_coef":-1.8962859140504016,"I_phase_cos":0.9994523630609726,"I_phase_sin":-0.03309039092905734,"Q_cal_in":-82.48,"Q_cal_in_ADC":-49715,"Q_cal_quad":-2.7,"Q_coef":0.8249898969078349,"Q_offset":115,"Q_phase_coef":-1.2293642866044414,"Q_phase_cos":0.9997698191110623,"Q_phase_sin":-0.021454808193823716,"stimulate_current":4,"stimulate_frequency":5,"type":"calib_data"}