{"I_cal_in":82.17,"I_cal_in_ADC":123834,"I_cal_quad":-1.5,"I_coef":0.8218368998773419,"I_offset":-272,"I_phase_coef":-1.0458089884524873,"I_phase_cos":0.9998334220848902,"I_phase_sin":-0.018251796679169225,"Q_cal_in":-82.56,"Q_cal_in_ADC":-124587,"Q_cal_quad":-1.5,"Q_coef":0.8256746150875659,"Q_offset":106,"Q_phase_coef":-0.7702820206763012,"Q_phase_cos":0.9999096313654284,"Q_phase_sin":-0.013443552456584613,"stimulate_current":4,"stimulate_frequency":6,"type":"calib_data"}