{"I_cal_in":83.18,"I_cal_in_ADC":250931,"I_cal_quad":-0.87,"I_coef":0.8318454964715504,"I_offset":-355,"I_phase_coef":-0.599248744884152,"I_phase_cos":0.9999453065842836,"I_phase_sin":-0.010458672958984451,"Q_cal_in":-83.6,"Q_cal_in_ADC":-251933,"Q_cal_quad":-0.87,"Q_coef":0.8360115788671828,"Q_offset":593,"Q_phase_coef":-0.30155394986827855,"Q_phase_cos":0.9999861498722319,"Q_phase_sin":-0.005263084999327536,"stimulate_current":4,"stimulate_frequency":7,"type":"calib_data"}