{"I_cal_in":86.47,"I_cal_in_ADC":260842,"I_cal_quad":0.46,"I_coef":0.8647122353708196,"I_offset":-363,"I_phase_coef":0.30479715457061485,"I_phase_cos":0.9999858503553908,"I_phase_sin":0.005319688807256617,"Q_cal_in":-86.66,"Q_cal_in_ADC":-261788,"Q_cal_quad":0.46,"Q_coef":0.86662589968221,"Q_offset":0,"Q_phase_coef":0.44296569847456424,"Q_phase_cos":0.99997011434551,"Q_phase_sin":0.007731132894201382,"stimulate_current":4,"stimulate_frequency":8,"type":"calib_data"}