{"I_cal_in":89.56,"I_cal_in_ADC":270192,"I_cal_quad":6.85,"I_coef":0.8982157925576683,"I_offset":-363,"I_phase_coef":4.373754371155544,"I_phase_cos":0.9970877905072013,"I_phase_sin":0.07626229750976248,"Q_cal_in":-89.77,"Q_cal_in_ADC":-271166,"Q_cal_quad":6.85,"Q_coef":0.9004797499111237,"Q_offset":2,"Q_phase_coef":4.5031384706049185,"Q_phase_cos":0.9969130345114389,"Q_phase_sin":0.07851370339752561,"stimulate_current":4,"stimulate_frequency":9,"type":"calib_data"}