sync_num,icg_timestamp,ecg_timestamp,time_diff_ms,elapsed_time_s,elapsed_time_min,icg_samples_between,ecg_samples_between,icg_sample_deviation,ecg_sample_deviation,,,
1381,1761653255,1761653255,9.5,-18440.8,-307.35,782,400,382,0,,,1407439
2928,1761654803,1761654803,6.5,-16893.2,-281.55,782,400,382,0,,,1436737
236,1761652110,1761652110,4.5,-19586.2,-326.44,398,399,-2,-1,,,-29298
3569,1761655444,1761655444,9,-16252,-270.87,397,398,-3,-2,,,
237,1761652111,1761652111,6,-19585.2,-326.42,396,400,-4,0,,,
468,1761652342,1761652342,6.5,-19354.1,-322.57,396,399,-4,-1,,,
584,1761652458,1761652458,9,-19238.1,-320.63,396,401,-4,1,,,
736,1761652610,1761652610,5.5,-19086,-318.1,396,400,-4,0,,,
924,1761652798,1761652798,6,-18898,-314.97,396,401,-4,1,,,
962,1761652836,1761652836,7,-18859.9,-314.33,396,400,-4,0,,,
1808,1761653683,1761653683,1.5,-18013.6,-300.23,396,399,-4,-1,,,
2379,1761654254,1761654254,7.5,-17442.4,-290.71,396,400,-4,0,,,
2767,1761654642,1761654642,9,-17054.3,-284.24,396,400,-4,0,,,
2855,1761654730,1761654730,12,-16966.2,-282.77,396,399,-4,-1,,,
3252,1761655127,1761655127,6,-16569.1,-276.15,396,400,-4,0,,,
3389,1761655264,1761655264,5,-16432.1,-273.87,396,401,-4,1,,,
152,1761652026,1761652026,1,-19670.3,-327.84,395,397,-5,-3,,,
153,1761652027,1761652027,8,-19669.3,-327.82,395,399,-5,-1,,,
154,1761652028,1761652028,5.5,-19668.3,-327.8,395,400,-5,0,,,
238,1761652112,1761652112,7,-19584.2,-326.4,395,400,-5,0,,,
239,1761652113,1761652113,1,-19583.2,-326.39,395,399,-5,-1,,,
352,1761652226,1761652226,3,-19470.2,-324.5,395,399,-5,-1,,,
355,1761652229,1761652229,3,-19467.2,-324.45,395,400,-5,0,,,
466,1761652340,1761652340,5.5,-19356.1,-322.6,395,400,-5,0,,,
469,1761652343,1761652343,4,-19353.1,-322.55,395,400,-5,0,,,
471,1761652345,1761652345,4,-19351.1,-322.52,395,399,-5,-1,,,
585,1761652459,1761652459,7,-19237.1,-320.62,395,400,-5,0,,,
587,1761652461,1761652461,6.5,-19235.1,-320.58,395,400,-5,0,,,
894,1761652768,1761652768,2.5,-18928,-315.47,395,399,-5,-1,,,
923,1761652797,1761652797,4,-18899,-314.98,395,400,-5,0,,,
925,1761652799,1761652799,1.5,-18897,-314.95,395,399,-5,-1,,,
967,1761652841,1761652841,3.5,-18854.9,-314.25,395,400,-5,0,,,
1013,1761652887,1761652887,9,-18808.9,-313.48,395,400,-5,0,,,
1019,1761652893,1761652893,8.5,-18802.9,-313.38,395,401,-5,1,,,
1153,1761653027,1761653027,10,-18668.9,-311.15,395,400,-5,0,,,
1155,1761653029,1761653029,3.5,-18666.9,-311.11,395,400,-5,0,,,
1157,1761653031,1761653031,4,-18664.9,-311.08,395,400,-5,0,,,
1308,1761653182,1761653182,6.5,-18513.8,-308.56,395,398,-5,-2,,,
1533,1761653407,1761653407,5,-18288.7,-304.81,395,400,-5,0,,,
1760,1761653635,1761653635,6.5,-18061.6,-301.03,395,400,-5,0,,,
1816,1761653691,1761653691,8,-18005.6,-300.09,395,400,-5,0,,,
1868,1761653743,1761653743,2.5,-17953.6,-299.23,395,398,-5,-2,,,
2016,1761653891,1761653891,4.5,-17805.6,-296.76,395,399,-5,-1,,,
2018,1761653893,1761653893,6,-17803.6,-296.73,395,399,-5,-1,,,
2135,1761654010,1761654010,6.5,-17686.5,-294.78,395,398,-5,-2,,,
2238,1761654113,1761654113,2.5,-17583.5,-293.06,395,399,-5,-1,,,
2277,1761654152,1761654152,6.5,-17544.5,-292.41,395,400,-5,0,,,
2280,1761654155,1761654155,5.5,-17541.5,-292.36,395,400,-5,0,,,
2319,1761654194,1761654194,7.5,-17502.4,-291.71,395,401,-5,1,,,
2330,1761654205,1761654205,6.5,-17491.4,-291.52,395,401,-5,1,,,
2375,1761654250,1761654250,8.5,-17446.4,-290.77,395,400,-5,0,,,
2720,1761654595,1761654595,6.5,-17101.3,-285.02,395,399,-5,-1,,,
2844,1761654719,1761654719,9,-16977.2,-282.95,395,401,-5,1,,,
3096,1761654971,1761654971,7.5,-16725.2,-278.75,395,401,-5,1,,,
3099,1761654974,1761654974,11,-16722.2,-278.7,395,400,-5,0,,,
3443,1761655318,1761655318,8.5,-16378,-272.97,395,400,-5,0,,,
3568,1761655443,1761655443,6,-16253,-270.88,395,400,-5,0,,,
3581,1761655456,1761655456,1.5,-16240,-270.67,395,399,-5,-1,,,
41,1761651915,1761651915,4,-19781.3,-329.69,394,399,-6,-1,,,
48,1761651922,1761651922,8.5,-19774.3,-329.57,394,400,-6,0,,,
126,1761652000,1761652000,7,-19696.3,-328.27,394,400,-6,0,,,
127,1761652001,1761652001,7,-19695.3,-328.25,394,400,-6,0,,,
161,1761652035,1761652035,9,-19661.3,-327.69,394,400,-6,0,,,
271,1761652145,1761652145,5.5,-19551.2,-325.85,394,399,-6,-1,,,
313,1761652187,1761652187,10,-19509.2,-325.15,394,400,-6,0,,,
326,1761652200,1761652200,7.5,-19496.2,-324.94,394,399,-6,-1,,,
353,1761652227,1761652227,6.5,-19469.2,-324.49,394,399,-6,-1,,,
354,1761652228,1761652228,5.5,-19468.2,-324.47,394,400,-6,0,,,
356,1761652230,1761652230,5.5,-19466.2,-324.44,394,401,-6,1,,,
427,1761652301,1761652301,6.5,-19395.2,-323.25,394,400,-6,0,,,
448,1761652322,1761652322,7.5,-19374.1,-322.9,394,400,-6,0,,,
472,1761652346,1761652346,5,-19350.1,-322.5,394,400,-6,0,,,
476,1761652350,1761652350,9.5,-19346.1,-322.44,394,399,-6,-1,,,
498,1761652372,1761652372,2.5,-19324.1,-322.07,394,399,-6,-1,,,
582,1761652456,1761652456,6.5,-19240.1,-320.67,394,398,-6,-2,,,
583,1761652457,1761652457,3,-19239.1,-320.65,394,400,-6,0,,,
588,1761652462,1761652462,8,-19234.1,-320.57,394,399,-6,-1,,,
651,1761652525,1761652525,4,-19171.1,-319.52,394,399,-6,-1,,,
679,1761652553,1761652553,6,-19143.1,-319.05,394,400,-6,0,,,
732,1761652606,1761652606,7,-19090,-318.17,394,401,-6,1,,,
734,1761652608,1761652608,8,-19088,-318.13,394,399,-6,-1,,,
735,1761652609,1761652609,7,-19087,-318.12,394,400,-6,0,,,
777,1761652651,1761652651,7,-19045,-317.42,394,400,-6,0,,,
859,1761652733,1761652733,9.5,-18963,-316.05,394,399,-6,-1,,,
921,1761652795,1761652795,6.5,-18901,-315.02,394,400,-6,0,,,
922,1761652796,1761652796,8,-18900,-315,394,400,-6,0,,,
926,1761652800,1761652800,7.5,-18896,-314.93,394,400,-6,0,,,
992,1761652866,1761652866,3,-18829.9,-313.83,394,399,-6,-1,,,
1014,1761652888,1761652888,2,-18807.9,-313.47,394,399,-6,-1,,,
1015,1761652889,1761652889,8,-18806.9,-313.45,394,398,-6,-2,,,
1040,1761652914,1761652914,0,-18781.9,-313.03,394,399,-6,-1,,,
1156,1761653030,1761653030,6,-18665.9,-311.1,394,400,-6,0,,,
1158,1761653032,1761653032,6,-18663.9,-311.06,394,400,-6,0,,,
1191,1761653065,1761653065,5,-18630.9,-310.51,394,398,-6,-2,,,
1202,1761653076,1761653076,9.5,-18619.9,-310.33,394,399,-6,-1,,,
1204,1761653078,1761653078,6.5,-18617.9,-310.3,394,399,-6,-1,,,
1225,1761653099,1761653099,1,-18596.9,-309.95,394,399,-6,-1,,,
1229,1761653103,1761653103,3,-18592.9,-309.88,394,400,-6,0,,,
1298,1761653172,1761653172,5.5,-18523.8,-308.73,394,400,-6,0,,,
1342,1761653216,1761653216,9,-18479.8,-308,394,399,-6,-1,,,
1354,1761653228,1761653228,1.5,-18467.8,-307.8,394,399,-6,-1,,,
1383,1761653257,1761653257,4,-18438.8,-307.31,394,398,-6,-2,,,
1384,1761653258,1761653258,1.5,-18437.8,-307.3,394,399,-6,-1,,,
1394,1761653268,1761653268,4.5,-18427.8,-307.13,394,400,-6,0,,,
1405,1761653279,1761653279,11.5,-18416.8,-306.95,394,401,-6,1,,,
1415,1761653289,1761653289,8.5,-18406.8,-306.78,394,400,-6,0,,,
1447,1761653321,1761653321,8.5,-18374.8,-306.25,394,400,-6,0,,,
1448,1761653322,1761653322,8.5,-18373.8,-306.23,394,400,-6,0,,,
1450,1761653324,1761653324,3.5,-18371.8,-306.2,394,400,-6,0,,,
1451,1761653325,1761653325,4.5,-18370.8,-306.18,394,400,-6,0,,,
1452,1761653326,1761653326,6,-18369.8,-306.16,394,399,-6,-1,,,
1479,1761653353,1761653353,5,-18342.8,-305.71,394,398,-6,-2,,,
1490,1761653364,1761653364,7,-18331.8,-305.53,394,400,-6,0,,,
1593,1761653467,1761653467,5,-18228.7,-303.81,394,398,-6,-2,,,
1621,1761653495,1761653495,4.5,-18200.7,-303.35,394,400,-6,0,,,
1680,1761653555,1761653554,6,-18141.7,-302.36,394,400,-6,0,,,
1724,1761653599,1761653599,5.5,-18097.7,-301.63,394,400,-6,0,,,
1740,1761653615,1761653615,8,-18081.7,-301.36,394,398,-6,-2,,,
1809,1761653684,1761653684,3.5,-18012.6,-300.21,394,400,-6,0,,,
1810,1761653685,1761653685,1,-18011.6,-300.19,394,400,-6,0,,,
1818,1761653693,1761653693,7,-18003.6,-300.06,394,400,-6,0,,,
1819,1761653694,1761653694,3.5,-18002.6,-300.04,394,400,-6,0,,,
1845,1761653720,1761653720,2.5,-17976.6,-299.61,394,400,-6,0,,,
1846,1761653721,1761653721,7.5,-17975.6,-299.59,394,400,-6,0,,,
1871,1761653746,1761653746,6.5,-17950.6,-299.18,394,400,-6,0,,,
1916,1761653791,1761653791,12,-17905.6,-298.43,394,398,-6,-2,,,
2012,1761653887,1761653887,6,-17809.6,-296.83,394,400,-6,0,,,
2013,1761653888,1761653888,4.5,-17808.6,-296.81,394,400,-6,0,,,
2021,1761653896,1761653896,4,-17800.6,-296.68,394,400,-6,0,,,
2022,1761653897,1761653897,6.5,-17799.6,-296.66,394,400,-6,0,,,
2036,1761653911,1761653911,7,-17785.5,-296.43,394,399,-6,-1,,,
2232,1761654107,1761654107,7.5,-17589.5,-293.16,394,401,-6,1,,,
2276,1761654151,1761654151,4.5,-17545.5,-292.42,394,400,-6,0,,,
2278,1761654153,1761654153,5.5,-17543.5,-292.39,394,400,-6,0,,,
2281,1761654156,1761654156,6.5,-17540.5,-292.34,394,400,-6,0,,,
2414,1761654289,1761654289,3,-17407.4,-290.12,394,398,-6,-2,,,
2464,1761654339,1761654339,3,-17357.4,-289.29,394,399,-6,-1,,,
2476,1761654351,1761654351,3,-17345.4,-289.09,394,399,-6,-1,,,
2482,1761654357,1761654357,6.5,-17339.4,-288.99,394,401,-6,1,,,
2489,1761654364,1761654364,6,-17332.4,-288.87,394,399,-6,-1,,,
2618,1761654493,1761654493,9.5,-17203.3,-286.72,394,400,-6,0,,,
2628,1761654503,1761654503,9,-17193.3,-286.56,394,398,-6,-2,,,
2653,1761654528,1761654528,8,-17168.3,-286.14,394,397,-6,-3,,,
2710,1761654585,1761654585,8.5,-17111.3,-285.19,394,400,-6,0,,,
2739,1761654614,1761654614,7.5,-17082.3,-284.7,394,400,-6,0,,,
2748,1761654623,1761654623,5,-17073.3,-284.55,394,400,-6,0,,,
2765,1761654640,1761654640,8,-17056.3,-284.27,394,400,-6,0,,,
2781,1761654656,1761654656,6.5,-17040.3,-284,394,400,-6,0,,,
2812,1761654687,1761654687,7.5,-17009.3,-283.49,394,400,-6,0,,,
2845,1761654720,1761654720,5.5,-16976.2,-282.94,394,400,-6,0,,,
2856,1761654731,1761654731,6,-16965.2,-282.75,394,400,-6,0,,,
2857,1761654732,1761654732,5,-16964.2,-282.74,394,400,-6,0,,,
2858,1761654733,1761654733,6,-16963.2,-282.72,394,399,-6,-1,,,
2940,1761654815,1761654815,6,-16881.2,-281.35,394,400,-6,0,,,
3022,1761654897,1761654897,3,-16799.2,-279.99,394,399,-6,-1,,,
3028,1761654903,1761654903,5,-16793.2,-279.89,394,400,-6,0,,,
3184,1761655059,1761655059,5.5,-16637.1,-277.29,394,399,-6,-1,,,
3188,1761655063,1761655063,7.5,-16633.1,-277.22,394,400,-6,0,,,
3312,1761655187,1761655187,10,-16509.1,-275.15,394,400,-6,0,,,
3390,1761655265,1761655265,1,-16431.1,-273.85,394,399,-6,-1,,,
3440,1761655315,1761655315,11,-16381,-273.02,394,399,-6,-1,,,
3500,1761655375,1761655375,2.5,-16321,-272.02,394,399,-6,-1,,,
3501,1761655376,1761655376,5.5,-16320,-272,394,400,-6,0,,,
3516,1761655391,1761655391,5,-16305,-271.75,394,399,-6,-1,,,
3523,1761655398,1761655398,10.5,-16298,-271.63,394,398,-6,-2,,,
3566,1761655441,1761655441,9.5,-16255,-270.92,394,399,-6,-1,,,
3571,1761655446,1761655446,4,-16250,-270.83,394,400,-6,0,,,
3572,1761655447,1761655447,4,-16249,-270.82,394,400,-6,0,,,
21,1761651895,1761651895,19,-19801.3,-330.02,393,399,-7,-1,,,
38,1761651912,1761651912,8,-19784.3,-329.74,393,400,-7,0,,,
39,1761651913,1761651913,6.5,-19783.3,-329.72,393,400,-7,0,,,
74,1761651948,1761651948,6,-19748.3,-329.14,393,400,-7,0,,,
75,1761651949,1761651949,4.5,-19747.3,-329.12,393,397,-7,-3,,,
77,1761651951,1761651951,10.5,-19745.3,-329.09,393,399,-7,-1,,,
87,1761651961,1761651961,7.5,-19735.3,-328.92,393,399,-7,-1,,,
96,1761651970,1761651970,5,-19726.3,-328.77,393,399,-7,-1,,,
101,1761651975,1761651975,12,-19721.3,-328.69,393,401,-7,1,,,
121,1761651995,1761651995,9,-19701.3,-328.35,393,400,-7,0,,,
132,1761652006,1761652006,9,-19690.3,-328.17,393,399,-7,-1,,,
134,1761652008,1761652008,4,-19688.3,-328.14,393,400,-7,0,,,
144,1761652018,1761652018,6,-19678.3,-327.97,393,400,-7,0,,,
150,1761652024,1761652024,6,-19672.3,-327.87,393,400,-7,0,,,
162,1761652036,1761652036,7,-19660.3,-327.67,393,401,-7,1,,,
167,1761652041,1761652041,9,-19655.2,-327.59,393,400,-7,0,,,
176,1761652050,1761652050,2.5,-19646.2,-327.44,393,399,-7,-1,,,
178,1761652052,1761652052,7.5,-19644.2,-327.4,393,399,-7,-1,,,
201,1761652075,1761652075,7.5,-19621.2,-327.02,393,399,-7,-1,,,
204,1761652078,1761652078,9.5,-19618.2,-326.97,393,400,-7,0,,,
205,1761652079,1761652079,4,-19617.2,-326.95,393,400,-7,0,,,
230,1761652104,1761652104,7.5,-19592.2,-326.54,393,399,-7,-1,,,
235,1761652109,1761652109,8.5,-19587.2,-326.45,393,398,-7,-2,,,
240,1761652114,1761652114,9.5,-19582.2,-326.37,393,400,-7,0,,,
262,1761652136,1761652136,4.5,-19560.2,-326,393,400,-7,0,,,
270,1761652144,1761652144,2.5,-19552.2,-325.87,393,399,-7,-1,,,
272,1761652146,1761652146,5.5,-19550.2,-325.84,393,400,-7,0,,,
314,1761652188,1761652188,9,-19508.2,-325.14,393,400,-7,0,,,
315,1761652189,1761652189,9.5,-19507.2,-325.12,393,400,-7,0,,,
316,1761652190,1761652190,5.5,-19506.2,-325.1,393,400,-7,0,,,
345,1761652219,1761652219,10.5,-19477.2,-324.62,393,399,-7,-1,,,
362,1761652236,1761652236,4.5,-19460.2,-324.34,393,399,-7,-1,,,
364,1761652238,1761652238,8.5,-19458.2,-324.3,393,400,-7,0,,,
373,1761652247,1761652247,5,-19449.2,-324.15,393,401,-7,1,,,
386,1761652260,1761652260,9.5,-19436.2,-323.94,393,400,-7,0,,,
394,1761652268,1761652268,11,-19428.2,-323.8,393,400,-7,0,,,
403,1761652277,1761652277,5,-19419.2,-323.65,393,399,-7,-1,,,
415,1761652289,1761652289,10.5,-19407.2,-323.45,393,399,-7,-1,,,
436,1761652310,1761652310,6,-19386.2,-323.1,393,399,-7,-1,,,
437,1761652311,1761652311,9,-19385.2,-323.09,393,401,-7,1,,,
445,1761652319,1761652319,7.5,-19377.1,-322.95,393,399,-7,-1,,,
465,1761652339,1761652339,10.5,-19357.1,-322.62,393,399,-7,-1,,,
470,1761652344,1761652344,10,-19352.1,-322.54,393,401,-7,1,,,
474,1761652348,1761652348,6,-19348.1,-322.47,393,400,-7,0,,,
489,1761652363,1761652363,4,-19333.1,-322.22,393,400,-7,0,,,
493,1761652367,1761652367,9,-19329.1,-322.15,393,400,-7,0,,,
503,1761652377,1761652377,10.5,-19319.1,-321.99,393,399,-7,-1,,,
508,1761652382,1761652382,7,-19314.1,-321.9,393,400,-7,0,,,
510,1761652384,1761652384,5,-19312.1,-321.87,393,400,-7,0,,,
544,1761652418,1761652418,4.5,-19278.1,-321.3,393,399,-7,-1,,,
577,1761652451,1761652451,2.5,-19245.1,-320.75,393,398,-7,-2,,,
609,1761652483,1761652483,9.5,-19213.1,-320.22,393,399,-7,-1,,,
613,1761652487,1761652487,9,-19209.1,-320.15,393,399,-7,-1,,,
614,1761652488,1761652488,1.5,-19208.1,-320.13,393,398,-7,-2,,,
617,1761652491,1761652491,7.5,-19205.1,-320.08,393,398,-7,-2,,,
622,1761652496,1761652496,5.5,-19200.1,-320,393,400,-7,0,,,
646,1761652520,1761652520,9,-19176.1,-319.6,393,400,-7,0,,,
650,1761652524,1761652524,8.5,-19172.1,-319.53,393,400,-7,0,,,
680,1761652554,1761652554,9,-19142.1,-319.03,393,400,-7,0,,,
694,1761652568,1761652568,12,-19128,-318.8,393,400,-7,0,,,
720,1761652594,1761652594,3.5,-19102,-318.37,393,398,-7,-2,,,
722,1761652596,1761652596,5.5,-19100,-318.33,393,400,-7,0,,,
733,1761652607,1761652607,3,-19089,-318.15,393,400,-7,0,,,
770,1761652644,1761652644,8.5,-19052,-317.53,393,400,-7,0,,,
772,1761652646,1761652646,12.5,-19050,-317.5,393,399,-7,-1,,,
788,1761652662,1761652662,3,-19034,-317.23,393,400,-7,0,,,
816,1761652690,1761652690,5.5,-19006,-316.77,393,401,-7,1,,,
835,1761652709,1761652709,10.5,-18987,-316.45,393,399,-7,-1,,,
837,1761652711,1761652711,9,-18985,-316.42,393,401,-7,1,,,
841,1761652715,1761652715,7.5,-18981,-316.35,393,400,-7,0,,,
866,1761652740,1761652740,9,-18956,-315.93,393,401,-7,1,,,
895,1761652769,1761652769,2.5,-18927,-315.45,393,400,-7,0,,,
911,1761652785,1761652785,7,-18911,-315.18,393,400,-7,0,,,
937,1761652811,1761652811,4.5,-18885,-314.75,393,399,-7,-1,,,
943,1761652817,1761652817,2,-18879,-314.65,393,398,-7,-2,,,
944,1761652818,1761652818,6.5,-18878,-314.63,393,400,-7,0,,,
952,1761652826,1761652826,9,-18869.9,-314.5,393,400,-7,0,,,
993,1761652867,1761652867,7.5,-18828.9,-313.82,393,400,-7,0,,,
1017,1761652891,1761652891,9,-18804.9,-313.42,393,400,-7,0,,,
1021,1761652895,1761652895,9,-18800.9,-313.35,393,400,-7,0,,,
1026,1761652900,1761652900,4,-18795.9,-313.27,393,399,-7,-1,,,
1059,1761652933,1761652933,6.5,-18762.9,-312.72,393,399,-7,-1,,,
1084,1761652958,1761652958,10.5,-18737.9,-312.3,393,400,-7,0,,,
1088,1761652962,1761652962,8.5,-18733.9,-312.23,393,399,-7,-1,,,
1098,1761652972,1761652972,2.5,-18723.9,-312.07,393,400,-7,0,,,
1124,1761652998,1761652998,8,-18697.9,-311.63,393,400,-7,0,,,
1134,1761653008,1761653008,2,-18687.9,-311.46,393,399,-7,-1,,,
1150,1761653024,1761653024,9.5,-18671.9,-311.2,393,400,-7,0,,,
1154,1761653028,1761653028,9.5,-18667.9,-311.13,393,401,-7,1,,,
1170,1761653044,1761653044,7.5,-18651.9,-310.86,393,398,-7,-2,,,
1190,1761653064,1761653064,8.5,-18631.9,-310.53,393,399,-7,-1,,,
1195,1761653069,1761653069,4,-18626.9,-310.45,393,400,-7,0,,,
1234,1761653108,1761653108,8.5,-18587.8,-309.8,393,399,-7,-1,,,
1238,1761653112,1761653112,7.5,-18583.8,-309.73,393,400,-7,0,,,
1244,1761653118,1761653118,8.5,-18577.8,-309.63,393,398,-7,-2,,,
1251,1761653125,1761653125,4.5,-18570.8,-309.51,393,401,-7,1,,,
1258,1761653132,1761653132,8,-18563.8,-309.4,393,400,-7,0,,,
1275,1761653149,1761653149,9,-18546.8,-309.11,393,397,-7,-3,,,
1276,1761653150,1761653150,3,-18545.8,-309.1,393,399,-7,-1,,,
1290,1761653164,1761653164,9.5,-18531.8,-308.86,393,400,-7,0,,,
1310,1761653184,1761653184,10,-18511.8,-308.53,393,399,-7,-1,,,
1311,1761653185,1761653185,5,-18510.8,-308.51,393,400,-7,0,,,
1325,1761653199,1761653199,3.5,-18496.8,-308.28,393,398,-7,-2,,,
1337,1761653211,1761653211,8,-18484.8,-308.08,393,399,-7,-1,,,
1339,1761653213,1761653213,4,-18482.8,-308.05,393,400,-7,0,,,
1346,1761653220,1761653220,4,-18475.8,-307.93,393,400,-7,0,,,
1353,1761653227,1761653227,6,-18468.8,-307.81,393,400,-7,0,,,
1365,1761653239,1761653239,8.5,-18456.8,-307.61,393,400,-7,0,,,
1366,1761653240,1761653240,5.5,-18455.8,-307.6,393,400,-7,0,,,
1372,1761653246,1761653246,8.5,-18449.8,-307.5,393,399,-7,-1,,,
1377,1761653251,1761653251,9,-18444.8,-307.41,393,398,-7,-2,,,
1378,1761653252,1761653252,11,-18443.8,-307.4,393,399,-7,-1,,,
1391,1761653265,1761653265,6,-18430.8,-307.18,393,401,-7,1,,,
1395,1761653269,1761653269,8,-18426.8,-307.11,393,399,-7,-1,,,
1396,1761653270,1761653270,6,-18425.8,-307.1,393,398,-7,-2,,,
1397,1761653271,1761653271,7.5,-18424.8,-307.08,393,399,-7,-1,,,
1403,1761653277,1761653277,8,-18418.8,-306.98,393,399,-7,-1,,,
1429,1761653303,1761653303,8.5,-18392.8,-306.55,393,400,-7,0,,,
1445,1761653319,1761653319,8.5,-18376.8,-306.28,393,400,-7,0,,,
1446,1761653320,1761653320,4,-18375.8,-306.26,393,399,-7,-1,,,
1449,1761653323,1761653323,3.5,-18372.8,-306.21,393,400,-7,0,,,
1457,1761653331,1761653331,4,-18364.8,-306.08,393,400,-7,0,,,
1467,1761653341,1761653341,3.5,-18354.8,-305.91,393,398,-7,-2,,,
1503,1761653377,1761653377,4.5,-18318.7,-305.31,393,400,-7,0,,,
1526,1761653400,1761653400,1,-18295.7,-304.93,393,397,-7,-3,,,
1529,1761653403,1761653403,10,-18292.7,-304.88,393,399,-7,-1,,,
1548,1761653422,1761653422,4,-18273.7,-304.56,393,400,-7,0,,,
1587,1761653461,1761653461,3.5,-18234.7,-303.91,393,399,-7,-1,,,
1604,1761653478,1761653478,7,-18217.7,-303.63,393,400,-7,0,,,
1605,1761653479,1761653479,5.5,-18216.7,-303.61,393,400,-7,0,,,
1622,1761653496,1761653496,6,-18199.7,-303.33,393,400,-7,0,,,
1662,1761653536,1761653536,6.5,-18159.7,-302.66,393,399,-7,-1,,,
1671,1761653545,1761653545,6.5,-18150.7,-302.51,393,401,-7,1,,,
1678,1761653553,1761653553,6,-18143.7,-302.39,393,397,-7,-3,,,
1689,1761653564,1761653564,3,-18132.7,-302.21,393,400,-7,0,,,
1690,1761653565,1761653565,7,-18131.7,-302.19,393,396,-7,-4,,,
1695,1761653570,1761653570,0.5,-18126.7,-302.11,393,398,-7,-2,,,
1702,1761653577,1761653577,9,-18119.7,-301.99,393,400,-7,0,,,
1742,1761653617,1761653617,11.5,-18079.7,-301.33,393,399,-7,-1,,,
1743,1761653618,1761653618,4,-18078.7,-301.31,393,399,-7,-1,,,
1764,1761653639,1761653639,9.5,-18057.6,-300.96,393,401,-7,1,,,
1775,1761653650,1761653650,6.5,-18046.6,-300.78,393,398,-7,-2,,,
1778,1761653653,1761653653,8,-18043.6,-300.73,393,397,-7,-3,,,
1794,1761653669,1761653669,9.5,-18027.6,-300.46,393,400,-7,0,,,
1802,1761653677,1761653677,14,-18019.6,-300.33,393,400,-7,0,,,
1805,1761653680,1761653680,4,-18016.6,-300.28,393,399,-7,-1,,,
1806,1761653681,1761653681,4,-18015.6,-300.26,393,398,-7,-2,,,
1813,1761653688,1761653688,1.5,-18008.6,-300.14,393,396,-7,-4,,,
1815,1761653690,1761653690,10,-18006.6,-300.11,393,400,-7,0,,,
1817,1761653692,1761653692,4.5,-18004.6,-300.08,393,400,-7,0,,,
1821,1761653696,1761653696,4,-18000.6,-300.01,393,400,-7,0,,,
1823,1761653698,1761653698,2,-17998.6,-299.98,393,400,-7,0,,,
1847,1761653722,1761653722,6.5,-17974.6,-299.58,393,400,-7,0,,,
1870,1761653745,1761653745,9,-17951.6,-299.19,393,400,-7,0,,,
1880,1761653755,1761653755,3.5,-17941.6,-299.03,393,400,-7,0,,,
1882,1761653757,1761653757,7,-17939.6,-298.99,393,399,-7,-1,,,
1883,1761653758,1761653758,5.5,-17938.6,-298.98,393,399,-7,-1,,,
1884,1761653759,1761653759,6.5,-17937.6,-298.96,393,400,-7,0,,,
1903,1761653778,1761653778,6.5,-17918.6,-298.64,393,399,-7,-1,,,
1941,1761653816,1761653816,8,-17880.6,-298.01,393,399,-7,-1,,,
1951,1761653826,1761653826,8.5,-17870.6,-297.84,393,400,-7,0,,,
1983,1761653858,1761653858,9,-17838.6,-297.31,393,400,-7,0,,,
2009,1761653884,1761653884,3,-17812.6,-296.88,393,399,-7,-1,,,
2026,1761653901,1761653901,10,-17795.5,-296.59,393,399,-7,-1,,,
2029,1761653904,1761653904,4.5,-17792.6,-296.54,393,401,-7,1,,,
2037,1761653912,1761653912,1.5,-17784.5,-296.41,393,399,-7,-1,,,
2040,1761653915,1761653915,11.5,-17781.5,-296.36,393,399,-7,-1,,,
2073,1761653948,1761653948,5.5,-17748.5,-295.81,393,400,-7,0,,,
2113,1761653988,1761653988,9,-17708.5,-295.14,393,399,-7,-1,,,
2134,1761654009,1761654009,7,-17687.5,-294.79,393,400,-7,0,,,
2151,1761654026,1761654026,9.5,-17670.5,-294.51,393,398,-7,-2,,,
2154,1761654029,1761654029,2,-17667.5,-294.46,393,399,-7,-1,,,
2179,1761654054,1761654054,4,-17642.5,-294.04,393,400,-7,0,,,
2182,1761654057,1761654057,9.5,-17639.5,-293.99,393,399,-7,-1,,,
2189,1761654064,1761654064,13.5,-17632.5,-293.87,393,401,-7,1,,,
2196,1761654071,1761654071,5.5,-17625.5,-293.76,393,399,-7,-1,,,
2227,1761654102,1761654102,5,-17594.5,-293.24,393,400,-7,0,,,
2245,1761654120,1761654120,5.5,-17576.5,-292.94,393,399,-7,-1,,,
2247,1761654122,1761654122,2.5,-17574.5,-292.91,393,400,-7,0,,,
2254,1761654129,1761654129,2.5,-17567.5,-292.79,393,400,-7,0,,,
2261,1761654136,1761654136,7,-17560.5,-292.67,393,400,-7,0,,,
2279,1761654154,1761654154,5.5,-17542.5,-292.37,393,399,-7,-1,,,
2284,1761654159,1761654159,6.5,-17537.5,-292.29,393,399,-7,-1,,,
2297,1761654172,1761654172,9,-17524.5,-292.07,393,399,-7,-1,,,
2300,1761654175,1761654175,3,-17521.5,-292.02,393,400,-7,0,,,
2301,1761654176,1761654176,9,-17520.4,-292.01,393,400,-7,0,,,
2325,1761654200,1761654200,7.5,-17496.4,-291.61,393,400,-7,0,,,
2337,1761654212,1761654212,12,-17484.4,-291.41,393,400,-7,0,,,
2339,1761654214,1761654214,10,-17482.4,-291.37,393,398,-7,-2,,,
2342,1761654217,1761654217,5,-17479.4,-291.32,393,400,-7,0,,,
2344,1761654219,1761654219,3.5,-17477.4,-291.29,393,400,-7,0,,,
2347,1761654222,1761654222,8,-17474.4,-291.24,393,399,-7,-1,,,
2393,1761654268,1761654268,8,-17428.4,-290.47,393,400,-7,0,,,
2401,1761654276,1761654276,7,-17420.4,-290.34,393,399,-7,-1,,,
2413,1761654288,1761654288,9.5,-17408.4,-290.14,393,398,-7,-2,,,
2415,1761654290,1761654290,7.5,-17406.4,-290.11,393,400,-7,0,,,
2449,1761654324,1761654324,9.5,-17372.4,-289.54,393,399,-7,-1,,,
2466,1761654341,1761654341,1.5,-17355.4,-289.26,393,398,-7,-2,,,
2485,1761654360,1761654360,8.5,-17336.4,-288.94,393,400,-7,0,,,
2502,1761654377,1761654377,1,-17319.4,-288.66,393,399,-7,-1,,,
2503,1761654378,1761654378,7,-17318.4,-288.64,393,400,-7,0,,,
2513,1761654388,1761654388,10.5,-17308.4,-288.47,393,400,-7,0,,,
2518,1761654393,1761654393,4.5,-17303.4,-288.39,393,399,-7,-1,,,
2527,1761654402,1761654402,9.5,-17294.4,-288.24,393,399,-7,-1,,,
2534,1761654409,1761654409,6,-17287.4,-288.12,393,399,-7,-1,,,
2545,1761654420,1761654420,2,-17276.4,-287.94,393,399,-7,-1,,,
2605,1761654480,1761654480,3,-17216.3,-286.94,393,400,-7,0,,,
2606,1761654481,1761654481,6,-17215.3,-286.92,393,400,-7,0,,,
2645,1761654520,1761654520,7.5,-17176.3,-286.27,393,400,-7,0,,,
2650,1761654525,1761654525,7.5,-17171.3,-286.19,393,400,-7,0,,,
2654,1761654529,1761654529,11.5,-17167.3,-286.12,393,400,-7,0,,,
2723,1761654598,1761654598,7.5,-17098.3,-284.97,393,400,-7,0,,,
2743,1761654618,1761654618,6.5,-17078.3,-284.64,393,398,-7,-2,,,
2744,1761654619,1761654619,9,-17077.3,-284.62,393,400,-7,0,,,
2747,1761654622,1761654622,10,-17074.3,-284.57,393,399,-7,-1,,,
2749,1761654624,1761654624,6,-17072.3,-284.54,393,399,-7,-1,,,
2764,1761654639,1761654639,4.5,-17057.3,-284.29,393,399,-7,-1,,,
2777,1761654652,1761654652,6,-17044.3,-284.07,393,400,-7,0,,,
2787,1761654662,1761654662,5.5,-17034.3,-283.9,393,399,-7,-1,,,
2789,1761654664,1761654664,6.5,-17032.3,-283.87,393,399,-7,-1,,,
2792,1761654667,1761654667,2.5,-17029.3,-283.82,393,399,-7,-1,,,
2793,1761654668,1761654668,8,-17028.3,-283.8,393,400,-7,0,,,
2795,1761654670,1761654670,7,-17026.3,-283.77,393,400,-7,0,,,
2803,1761654678,1761654678,9,-17018.3,-283.64,393,398,-7,-2,,,
2805,1761654680,1761654680,5.5,-17016.3,-283.6,393,400,-7,0,,,
2806,1761654681,1761654681,7.5,-17015.3,-283.59,393,400,-7,0,,,
2811,1761654686,1761654686,11,-17010.3,-283.5,393,399,-7,-1,,,
2836,1761654711,1761654711,4.5,-16985.3,-283.09,393,400,-7,0,,,
2852,1761654727,1761654727,12,-16969.2,-282.82,393,397,-7,-3,,,
2854,1761654729,1761654729,7.5,-16967.2,-282.79,393,400,-7,0,,,
2870,1761654745,1761654745,5,-16951.2,-282.52,393,400,-7,0,,,
2877,1761654752,1761654752,6.5,-16944.2,-282.4,393,400,-7,0,,,
2880,1761654755,1761654755,6,-16941.2,-282.35,393,400,-7,0,,,
2895,1761654770,1761654770,9,-16926.2,-282.1,393,400,-7,0,,,
2897,1761654772,1761654772,7,-16924.2,-282.07,393,400,-7,0,,,
2912,1761654787,1761654787,5.5,-16909.2,-281.82,393,399,-7,-1,,,
2949,1761654824,1761654824,1.5,-16872.2,-281.2,393,400,-7,0,,,
2952,1761654827,1761654827,3.5,-16869.2,-281.15,393,398,-7,-2,,,
2958,1761654833,1761654833,6,-16863.2,-281.05,393,400,-7,0,,,
3014,1761654889,1761654889,1.5,-16807.2,-280.12,393,401,-7,1,,,
3085,1761654960,1761654960,8.5,-16736.2,-278.94,393,401,-7,1,,,
3121,1761654996,1761654996,2.5,-16700.2,-278.34,393,397,-7,-3,,,
3125,1761655000,1761655000,6.5,-16696.1,-278.27,393,399,-7,-1,,,
3133,1761655008,1761655008,9.5,-16688.1,-278.14,393,401,-7,1,,,
3139,1761655014,1761655014,8,-16682.1,-278.04,393,399,-7,-1,,,
3162,1761655037,1761655037,3,-16659.1,-277.65,393,400,-7,0,,,
3166,1761655041,1761655041,5.5,-16655.1,-277.59,393,400,-7,0,,,
3185,1761655060,1761655060,5.5,-16636.1,-277.27,393,399,-7,-1,,,
3197,1761655072,1761655072,4,-16624.1,-277.07,393,400,-7,0,,,
3202,1761655077,1761655077,8.5,-16619.1,-276.99,393,400,-7,0,,,
3222,1761655097,1761655097,13.5,-16599.1,-276.65,393,400,-7,0,,,
3225,1761655100,1761655100,3.5,-16596.1,-276.6,393,400,-7,0,,,
3238,1761655113,1761655113,7,-16583.1,-276.39,393,399,-7,-1,,,
3246,1761655121,1761655121,12.5,-16575.1,-276.25,393,399,-7,-1,,,
3249,1761655124,1761655124,4,-16572.1,-276.2,393,400,-7,0,,,
3263,1761655138,1761655138,9,-16558.1,-275.97,393,400,-7,0,,,
3266,1761655141,1761655141,6.5,-16555.1,-275.92,393,400,-7,0,,,
3294,1761655169,1761655169,8.5,-16527.1,-275.45,393,400,-7,0,,,
3299,1761655174,1761655174,6.5,-16522.1,-275.37,393,401,-7,1,,,
3311,1761655186,1761655186,4.5,-16510.1,-275.17,393,400,-7,0,,,
3318,1761655193,1761655193,8,-16503.1,-275.05,393,401,-7,1,,,
3333,1761655208,1761655208,6.5,-16488.1,-274.8,393,400,-7,0,,,
3345,1761655220,1761655220,8,-16476.1,-274.6,393,399,-7,-1,,,
3374,1761655249,1761655249,7.5,-16447.1,-274.12,393,399,-7,-1,,,
3391,1761655266,1761655266,5.5,-16430.1,-273.83,393,400,-7,0,,,
3405,1761655280,1761655280,12,-16416,-273.6,393,401,-7,1,,,
3407,1761655282,1761655282,5,-16414,-273.57,393,400,-7,0,,,
3419,1761655294,1761655294,13,-16402,-273.37,393,398,-7,-2,,,
3422,1761655297,1761655297,6,-16399,-273.32,393,399,-7,-1,,,
3439,1761655314,1761655314,8,-16382,-273.03,393,400,-7,0,,,
3474,1761655349,1761655349,8.5,-16347,-272.45,393,400,-7,0,,,
3476,1761655351,1761655351,8,-16345,-272.42,393,400,-7,0,,,
3490,1761655365,1761655365,4.5,-16331,-272.18,393,398,-7,-2,,,
3491,1761655366,1761655366,8,-16330,-272.17,393,400,-7,0,,,
3493,1761655368,1761655368,11,-16328,-272.13,393,397,-7,-3,,,
3495,1761655370,1761655370,11,-16326,-272.1,393,400,-7,0,,,
3511,1761655386,1761655386,6,-16310,-271.83,393,399,-7,-1,,,
3513,1761655388,1761655388,10,-16308,-271.8,393,399,-7,-1,,,
3522,1761655397,1761655397,9.5,-16299,-271.65,393,401,-7,1,,,
3529,1761655404,1761655404,12.5,-16292,-271.53,393,399,-7,-1,,,
3567,1761655442,1761655442,5,-16254,-270.9,393,401,-7,1,,,
3570,1761655445,1761655445,9,-16251,-270.85,393,400,-7,0,,,
3582,1761655457,1761655457,8.5,-16239,-270.65,393,399,-7,-1,,,
3617,1761655492,1761655492,10.5,-16204,-270.07,393,400,-7,0,,,
24,1761651898,1761651898,11,-19798.3,-329.97,392,399,-8,-1,,,
25,1761651899,1761651899,8,-19797.3,-329.96,392,400,-8,0,,,
26,1761651900,1761651900,10.5,-19796.3,-329.94,392,400,-8,0,,,
29,1761651903,1761651903,6,-19793.3,-329.89,392,399,-8,-1,,,
30,1761651904,1761651904,8,-19792.3,-329.87,392,400,-8,0,,,
40,1761651914,1761651914,10,-19782.3,-329.71,392,398,-8,-2,,,
46,1761651920,1761651920,16,-19776.3,-329.6,392,401,-8,1,,,
53,1761651927,1761651927,9,-19769.3,-329.49,392,400,-8,0,,,
57,1761651931,1761651931,6.5,-19765.3,-329.42,392,399,-8,-1,,,
59,1761651933,1761651933,9,-19763.3,-329.39,392,400,-8,0,,,
60,1761651934,1761651934,4.5,-19762.3,-329.37,392,401,-8,1,,,
66,1761651940,1761651940,2.5,-19756.3,-329.27,392,400,-8,0,,,
72,1761651946,1761651946,3.5,-19750.3,-329.17,392,397,-8,-3,,,
73,1761651947,1761651947,7,-19749.3,-329.15,392,399,-8,-1,,,
79,1761651953,1761651953,11.5,-19743.3,-329.05,392,399,-8,-1,,,
84,1761651958,1761651958,4,-19738.3,-328.97,392,399,-8,-1,,,
91,1761651965,1761651965,11.5,-19731.3,-328.85,392,399,-8,-1,,,
97,1761651971,1761651971,9.5,-19725.3,-328.75,392,400,-8,0,,,
98,1761651972,1761651972,4.5,-19724.3,-328.74,392,399,-8,-1,,,
100,1761651974,1761651974,8.5,-19722.3,-328.7,392,399,-8,-1,,,
103,1761651977,1761651977,6.5,-19719.3,-328.65,392,400,-8,0,,,
104,1761651978,1761651978,3,-19718.3,-328.64,392,398,-8,-2,,,
107,1761651981,1761651981,10,-19715.3,-328.59,392,400,-8,0,,,
108,1761651982,1761651982,8,-19714.3,-328.57,392,399,-8,-1,,,
109,1761651983,1761651983,9,-19713.3,-328.55,392,399,-8,-1,,,
111,1761651985,1761651985,11.5,-19711.3,-328.52,392,400,-8,0,,,
113,1761651987,1761651987,11.5,-19709.3,-328.49,392,399,-8,-1,,,
116,1761651990,1761651990,8,-19706.3,-328.44,392,398,-8,-2,,,
117,1761651991,1761651991,9,-19705.3,-328.42,392,399,-8,-1,,,
128,1761652002,1761652002,0,-19694.3,-328.24,392,398,-8,-2,,,
131,1761652005,1761652005,11.5,-19691.3,-328.19,392,400,-8,0,,,
135,1761652009,1761652009,8.5,-19687.3,-328.12,392,399,-8,-1,,,
137,1761652011,1761652011,0.5,-19685.3,-328.09,392,399,-8,-1,,,
140,1761652014,1761652014,9,-19682.3,-328.04,392,401,-8,1,,,
146,1761652020,1761652020,11.5,-19676.3,-327.94,392,399,-8,-1,,,
149,1761652023,1761652023,0,-19673.3,-327.89,392,398,-8,-2,,,
151,1761652025,1761652025,3.5,-19671.3,-327.85,392,400,-8,0,,,
156,1761652030,1761652030,8.5,-19666.3,-327.77,392,399,-8,-1,,,
168,1761652042,1761652042,5.5,-19654.3,-327.57,392,400,-8,0,,,
171,1761652045,1761652045,2,-19651.3,-327.52,392,400,-8,0,,,
172,1761652046,1761652046,3,-19650.2,-327.5,392,398,-8,-2,,,
180,1761652054,1761652054,5,-19642.2,-327.37,392,401,-8,1,,,
189,1761652063,1761652063,1,-19633.2,-327.22,392,398,-8,-2,,,
200,1761652074,1761652074,11,-19622.2,-327.04,392,400,-8,0,,,
210,1761652084,1761652084,11.5,-19612.2,-326.87,392,400,-8,0,,,
212,1761652086,1761652086,8.5,-19610.2,-326.84,392,400,-8,0,,,
216,1761652090,1761652090,10,-19606.2,-326.77,392,401,-8,1,,,
218,1761652092,1761652092,7.5,-19604.2,-326.74,392,399,-8,-1,,,
220,1761652094,1761652094,7.5,-19602.2,-326.7,392,400,-8,0,,,
221,1761652095,1761652095,4,-19601.2,-326.69,392,401,-8,1,,,
223,1761652097,1761652097,4,-19599.2,-326.65,392,399,-8,-1,,,
227,1761652101,1761652101,1,-19595.2,-326.59,392,399,-8,-1,,,
241,1761652115,1761652115,7,-19581.2,-326.35,392,400,-8,0,,,
243,1761652117,1761652117,4.5,-19579.2,-326.32,392,400,-8,0,,,
248,1761652122,1761652122,13.5,-19574.2,-326.24,392,400,-8,0,,,
250,1761652124,1761652124,6,-19572.2,-326.2,392,401,-8,1,,,
251,1761652125,1761652125,8,-19571.2,-326.19,392,400,-8,0,,,
252,1761652126,1761652126,0.5,-19570.2,-326.17,392,399,-8,-1,,,
254,1761652128,1761652128,7.5,-19568.2,-326.14,392,400,-8,0,,,
258,1761652132,1761652132,3,-19564.2,-326.07,392,399,-8,-1,,,
259,1761652133,1761652133,9,-19563.2,-326.05,392,401,-8,1,,,
266,1761652140,1761652140,3,-19556.2,-325.94,392,399,-8,-1,,,
269,1761652143,1761652143,8,-19553.2,-325.89,392,401,-8,1,,,
279,1761652153,1761652153,11,-19543.2,-325.72,392,401,-8,1,,,
281,1761652155,1761652155,10,-19541.2,-325.69,392,399,-8,-1,,,
306,1761652180,1761652180,11,-19516.2,-325.27,392,400,-8,0,,,
309,1761652183,1761652183,12,-19513.2,-325.22,392,400,-8,0,,,
312,1761652186,1761652186,5.5,-19510.2,-325.17,392,400,-8,0,,,
317,1761652191,1761652191,5.5,-19505.2,-325.09,392,398,-8,-2,,,
319,1761652193,1761652193,10,-19503.2,-325.05,392,400,-8,0,,,
321,1761652195,1761652195,12,-19501.2,-325.02,392,400,-8,0,,,
323,1761652197,1761652197,10,-19499.2,-324.99,392,399,-8,-1,,,
327,1761652201,1761652201,8.5,-19495.2,-324.92,392,400,-8,0,,,
329,1761652203,1761652203,11,-19493.2,-324.89,392,400,-8,0,,,
333,1761652207,1761652207,10.5,-19489.2,-324.82,392,400,-8,0,,,
340,1761652214,1761652214,3.5,-19482.2,-324.7,392,398,-8,-2,,,
350,1761652224,1761652224,5.5,-19472.2,-324.54,392,400,-8,0,,,
357,1761652231,1761652231,1,-19465.2,-324.42,392,400,-8,0,,,
361,1761652235,1761652235,6,-19461.2,-324.35,392,400,-8,0,,,
371,1761652245,1761652245,5.5,-19451.2,-324.19,392,399,-8,-1,,,
375,1761652249,1761652249,0.5,-19447.2,-324.12,392,399,-8,-1,,,
377,1761652251,1761652251,6.5,-19445.2,-324.09,392,401,-8,1,,,
393,1761652267,1761652267,9,-19429.2,-323.82,392,400,-8,0,,,
407,1761652281,1761652281,5.5,-19415.2,-323.59,392,399,-8,-1,,,
409,1761652283,1761652283,9,-19413.2,-323.55,392,399,-8,-1,,,
411,1761652285,1761652285,7,-19411.2,-323.52,392,400,-8,0,,,
414,1761652288,1761652288,2,-19408.2,-323.47,392,399,-8,-1,,,
420,1761652294,1761652294,4,-19402.2,-323.37,392,400,-8,0,,,
421,1761652295,1761652295,7,-19401.2,-323.35,392,399,-8,-1,,,
422,1761652296,1761652296,3.5,-19400.2,-323.34,392,401,-8,1,,,
428,1761652302,1761652302,4.5,-19394.2,-323.24,392,398,-8,-2,,,
429,1761652303,1761652303,10,-19393.2,-323.22,392,401,-8,1,,,
431,1761652305,1761652305,7.5,-19391.2,-323.19,392,400,-8,0,,,
432,1761652306,1761652306,3.5,-19390.2,-323.17,392,399,-8,-1,,,
434,1761652308,1761652308,8.5,-19388.2,-323.14,392,396,-8,-4,,,
442,1761652316,1761652316,7.5,-19380.1,-323,392,401,-8,1,,,
451,1761652325,1761652325,10,-19371.1,-322.85,392,399,-8,-1,,,
462,1761652336,1761652336,8,-19360.1,-322.67,392,399,-8,-1,,,
473,1761652347,1761652347,7.5,-19349.1,-322.49,392,399,-8,-1,,,
477,1761652351,1761652351,9,-19345.1,-322.42,392,400,-8,0,,,
479,1761652353,1761652353,12.5,-19343.1,-322.39,392,401,-8,1,,,
495,1761652369,1761652369,12.5,-19327.1,-322.12,392,401,-8,1,,,
496,1761652370,1761652370,5,-19326.1,-322.1,392,398,-8,-2,,,
497,1761652371,1761652371,7.5,-19325.1,-322.09,392,399,-8,-1,,,
501,1761652375,1761652375,13,-19321.1,-322.02,392,401,-8,1,,,
504,1761652378,1761652378,7,-19318.1,-321.97,392,399,-8,-1,,,
507,1761652381,1761652381,9.5,-19315.1,-321.92,392,399,-8,-1,,,
509,1761652383,1761652383,11,-19313.1,-321.89,392,398,-8,-2,,,
512,1761652386,1761652386,6.5,-19310.1,-321.84,392,400,-8,0,,,
529,1761652403,1761652403,4,-19293.1,-321.55,392,399,-8,-1,,,
530,1761652404,1761652404,3.5,-19292.1,-321.54,392,400,-8,0,,,
531,1761652405,1761652405,3,-19291.1,-321.52,392,400,-8,0,,,
540,1761652414,1761652414,5.5,-19282.1,-321.37,392,399,-8,-1,,,
545,1761652419,1761652419,6.5,-19277.1,-321.29,392,400,-8,0,,,
555,1761652429,1761652429,2,-19267.1,-321.12,392,399,-8,-1,,,
557,1761652431,1761652431,0.5,-19265.1,-321.09,392,399,-8,-1,,,
559,1761652433,1761652433,3,-19263.1,-321.05,392,400,-8,0,,,
565,1761652439,1761652439,5,-19257.1,-320.95,392,399,-8,-1,,,
573,1761652447,1761652447,7.5,-19249.1,-320.82,392,401,-8,1,,,
581,1761652455,1761652455,4,-19241.1,-320.68,392,400,-8,0,,,
586,1761652460,1761652460,7,-19236.1,-320.6,392,400,-8,0,,,
589,1761652463,1761652463,11.5,-19233.1,-320.55,392,401,-8,1,,,
590,1761652464,1761652464,8,-19232.1,-320.53,392,400,-8,0,,,
597,1761652471,1761652471,9.5,-19225.1,-320.42,392,399,-8,-1,,,
598,1761652472,1761652472,5.5,-19224.1,-320.4,392,400,-8,0,,,
599,1761652473,1761652473,10,-19223.1,-320.38,392,399,-8,-1,,,
600,1761652474,1761652474,6,-19222.1,-320.37,392,397,-8,-3,,,
607,1761652481,1761652481,10,-19215.1,-320.25,392,401,-8,1,,,
632,1761652506,1761652506,9.5,-19190.1,-319.83,392,400,-8,0,,,
658,1761652532,1761652532,5.5,-19164.1,-319.4,392,399,-8,-1,,,
662,1761652536,1761652536,8.5,-19160.1,-319.33,392,399,-8,-1,,,
664,1761652538,1761652538,8.5,-19158.1,-319.3,392,399,-8,-1,,,
665,1761652539,1761652539,3.5,-19157.1,-319.28,392,398,-8,-2,,,
669,1761652543,1761652543,5,-19153.1,-319.22,392,399,-8,-1,,,
674,1761652548,1761652548,8,-19148.1,-319.13,392,397,-8,-3,,,
683,1761652557,1761652557,5,-19139.1,-318.98,392,399,-8,-1,,,
692,1761652566,1761652566,13,-19130,-318.83,392,400,-8,0,,,
698,1761652572,1761652572,14,-19124,-318.73,392,399,-8,-1,,,
701,1761652575,1761652575,7,-19121,-318.68,392,400,-8,0,,,
704,1761652578,1761652578,1.5,-19118.1,-318.63,392,399,-8,-1,,,
705,1761652579,1761652579,5.5,-19117.1,-318.62,392,400,-8,0,,,
707,1761652581,1761652581,9.5,-19115,-318.58,392,399,-8,-1,,,
725,1761652599,1761652599,7,-19097,-318.28,392,400,-8,0,,,
726,1761652600,1761652600,7,-19096,-318.27,392,399,-8,-1,,,
729,1761652603,1761652603,8,-19093,-318.22,392,398,-8,-2,,,
738,1761652612,1761652612,11.5,-19084,-318.07,392,400,-8,0,,,
751,1761652625,1761652625,8,-19071,-317.85,392,397,-8,-3,,,
755,1761652629,1761652629,4.5,-19067,-317.78,392,400,-8,0,,,
764,1761652638,1761652638,9.5,-19058,-317.63,392,399,-8,-1,,,
765,1761652639,1761652639,5,-19057,-317.62,392,399,-8,-1,,,
789,1761652663,1761652663,7,-19033,-317.22,392,399,-8,-1,,,
795,1761652669,1761652669,5.5,-19027,-317.12,392,398,-8,-2,,,
802,1761652676,1761652676,4.5,-19020,-317,392,399,-8,-1,,,
803,1761652677,1761652677,11,-19019,-316.98,392,400,-8,0,,,
808,1761652682,1761652682,5.5,-19014,-316.9,392,400,-8,0,,,
811,1761652685,1761652685,9.5,-19011,-316.85,392,399,-8,-1,,,
831,1761652705,1761652705,15,-18991,-316.52,392,399,-8,-1,,,
832,1761652706,1761652706,4,-18990,-316.5,392,399,-8,-1,,,
834,1761652708,1761652708,4.5,-18988,-316.47,392,399,-8,-1,,,
843,1761652717,1761652717,10.5,-18979,-316.32,392,400,-8,0,,,
862,1761652736,1761652736,5.5,-18960,-316,392,400,-8,0,,,
864,1761652738,1761652738,10.5,-18958,-315.97,392,400,-8,0,,,
870,1761652744,1761652744,8,-18952,-315.87,392,400,-8,0,,,
871,1761652745,1761652745,2,-18951,-315.85,392,400,-8,0,,,
876,1761652750,1761652750,7.5,-18946,-315.77,392,400,-8,0,,,
878,1761652752,1761652752,7.5,-18944,-315.73,392,399,-8,-1,,,
879,1761652753,1761652753,5.5,-18943,-315.72,392,400,-8,0,,,
883,1761652757,1761652757,0.5,-18939,-315.65,392,397,-8,-3,,,
885,1761652759,1761652759,4.5,-18937,-315.62,392,399,-8,-1,,,
886,1761652760,1761652760,8.5,-18936,-315.6,392,400,-8,0,,,
888,1761652762,1761652762,10,-18934,-315.57,392,401,-8,1,,,
896,1761652770,1761652770,10,-18926,-315.43,392,398,-8,-2,,,
899,1761652773,1761652773,4,-18923,-315.38,392,400,-8,0,,,
902,1761652776,1761652776,10.5,-18920,-315.33,392,399,-8,-1,,,
903,1761652777,1761652777,10.5,-18919,-315.32,392,400,-8,0,,,
904,1761652778,1761652778,10,-18918,-315.3,392,400,-8,0,,,
905,1761652779,1761652779,3,-18917,-315.28,392,399,-8,-1,,,
908,1761652782,1761652782,8.5,-18914,-315.23,392,400,-8,0,,,
918,1761652792,1761652792,10,-18904,-315.07,392,401,-8,1,,,
946,1761652820,1761652820,8,-18876,-314.6,392,398,-8,-2,,,
953,1761652827,1761652827,5.5,-18869,-314.48,392,399,-8,-1,,,
955,1761652829,1761652829,6,-18866.9,-314.45,392,399,-8,-1,,,
965,1761652839,1761652839,8.5,-18856.9,-314.28,392,400,-8,0,,,
966,1761652840,1761652840,12,-18855.9,-314.27,392,399,-8,-1,,,
968,1761652842,1761652842,10.5,-18853.9,-314.23,392,399,-8,-1,,,
970,1761652844,1761652844,15.5,-18851.9,-314.2,392,400,-8,0,,,
971,1761652845,1761652845,5.5,-18850.9,-314.18,392,399,-8,-1,,,
982,1761652856,1761652856,4,-18839.9,-314,392,399,-8,-1,,,
987,1761652861,1761652861,8,-18834.9,-313.92,392,401,-8,1,,,
988,1761652862,1761652862,1.5,-18833.9,-313.9,392,399,-8,-1,,,
989,1761652863,1761652863,3,-18832.9,-313.88,392,399,-8,-1,,,
990,1761652864,1761652864,2.5,-18831.9,-313.87,392,399,-8,-1,,,
991,1761652865,1761652865,9,-18830.9,-313.85,392,399,-8,-1,,,
1001,1761652875,1761652875,8,-18820.9,-313.68,392,398,-8,-2,,,
1002,1761652876,1761652876,4,-18819.9,-313.67,392,398,-8,-2,,,
1003,1761652877,1761652877,7,-18818.9,-313.65,392,400,-8,0,,,
1008,1761652882,1761652882,5.5,-18813.9,-313.57,392,401,-8,1,,,
1011,1761652885,1761652885,8,-18810.9,-313.52,392,398,-8,-2,,,
1016,1761652890,1761652890,3,-18805.9,-313.43,392,398,-8,-2,,,
1031,1761652905,1761652905,11,-18790.9,-313.18,392,400,-8,0,,,
1037,1761652911,1761652911,8,-18784.9,-313.08,392,400,-8,0,,,
1039,1761652913,1761652913,9,-18782.9,-313.05,392,400,-8,0,,,
1042,1761652916,1761652916,3.5,-18779.9,-313,392,399,-8,-1,,,
1043,1761652917,1761652917,13.5,-18778.9,-312.98,392,400,-8,0,,,
1047,1761652921,1761652921,10.5,-18774.9,-312.92,392,400,-8,0,,,
1050,1761652924,1761652924,2,-18771.9,-312.87,392,399,-8,-1,,,
1053,1761652927,1761652927,12,-18768.9,-312.82,392,401,-8,1,,,
1071,1761652945,1761652945,7,-18750.9,-312.52,392,400,-8,0,,,
1073,1761652947,1761652947,8,-18748.9,-312.48,392,400,-8,0,,,
1082,1761652956,1761652956,10.5,-18739.9,-312.33,392,399,-8,-1,,,
1085,1761652959,1761652959,7,-18736.9,-312.28,392,398,-8,-2,,,
1091,1761652965,1761652965,6.5,-18730.9,-312.18,392,398,-8,-2,,,
1095,1761652969,1761652969,8,-18726.9,-312.11,392,400,-8,0,,,
1096,1761652970,1761652970,0.5,-18725.9,-312.1,392,398,-8,-2,,,
1097,1761652971,1761652971,5,-18724.9,-312.08,392,400,-8,0,,,
1104,1761652978,1761652978,12.5,-18717.9,-311.96,392,400,-8,0,,,
1111,1761652985,1761652985,2.5,-18710.9,-311.85,392,399,-8,-1,,,
1114,1761652988,1761652988,12,-18707.9,-311.8,392,401,-8,1,,,
1120,1761652994,1761652994,13.5,-18701.9,-311.7,392,400,-8,0,,,
1121,1761652995,1761652995,7.5,-18700.9,-311.68,392,398,-8,-2,,,
1126,1761653000,1761653000,10.5,-18695.9,-311.6,392,398,-8,-2,,,
1128,1761653002,1761653002,14.5,-18693.9,-311.56,392,401,-8,1,,,
1141,1761653015,1761653015,3.5,-18680.9,-311.35,392,400,-8,0,,,
1144,1761653018,1761653018,10.5,-18677.9,-311.3,392,400,-8,0,,,
1148,1761653022,1761653022,12,-18673.9,-311.23,392,399,-8,-1,,,
1152,1761653026,1761653026,8.5,-18669.9,-311.16,392,399,-8,-1,,,
1163,1761653037,1761653037,5.5,-18658.9,-310.98,392,399,-8,-1,,,
1181,1761653055,1761653055,4,-18640.9,-310.68,392,399,-8,-1,,,
1186,1761653060,1761653060,7,-18635.9,-310.6,392,400,-8,0,,,
1189,1761653063,1761653063,5,-18632.9,-310.55,392,398,-8,-2,,,
1192,1761653066,1761653066,10,-18629.9,-310.5,392,400,-8,0,,,
1196,1761653070,1761653070,9.5,-18625.9,-310.43,392,401,-8,1,,,
1197,1761653071,1761653071,2,-18624.9,-310.41,392,399,-8,-1,,,
1205,1761653079,1761653079,6.5,-18616.9,-310.28,392,399,-8,-1,,,
1208,1761653082,1761653082,7.5,-18613.9,-310.23,392,400,-8,0,,,
1209,1761653083,1761653083,2.5,-18612.9,-310.21,392,400,-8,0,,,
1216,1761653090,1761653090,8,-18605.9,-310.1,392,400,-8,0,,,
1217,1761653091,1761653091,7,-18604.9,-310.08,392,400,-8,0,,,
1226,1761653100,1761653100,9.5,-18595.8,-309.93,392,399,-8,-1,,,
1228,1761653102,1761653102,10,-18593.8,-309.9,392,400,-8,0,,,
1231,1761653105,1761653105,6,-18590.9,-309.85,392,400,-8,0,,,
1261,1761653135,1761653135,5,-18560.8,-309.35,392,398,-8,-2,,,
1263,1761653137,1761653137,4.5,-18558.8,-309.31,392,400,-8,0,,,
1265,1761653139,1761653139,5,-18556.8,-309.28,392,399,-8,-1,,,
1266,1761653140,1761653140,11,-18555.8,-309.26,392,399,-8,-1,,,
1272,1761653146,1761653146,5.5,-18549.8,-309.16,392,400,-8,0,,,
1273,1761653147,1761653147,14,-18548.8,-309.15,392,401,-8,1,,,
1274,1761653148,1761653148,5.5,-18547.8,-309.13,392,400,-8,0,,,
1281,1761653155,1761653155,7,-18540.8,-309.01,392,401,-8,1,,,
1299,1761653173,1761653173,3,-18522.8,-308.71,392,399,-8,-1,,,
1303,1761653177,1761653177,4.5,-18518.8,-308.65,392,399,-8,-1,,,
1305,1761653179,1761653179,7,-18516.8,-308.61,392,400,-8,0,,,
1306,1761653180,1761653180,9,-18515.8,-308.6,392,399,-8,-1,,,
1316,1761653190,1761653190,10,-18505.8,-308.43,392,399,-8,-1,,,
1318,1761653192,1761653192,10.5,-18503.8,-308.4,392,400,-8,0,,,
1329,1761653203,1761653203,7.5,-18492.8,-308.21,392,399,-8,-1,,,
1332,1761653206,1761653206,9,-18489.8,-308.16,392,399,-8,-1,,,
1338,1761653212,1761653212,10,-18483.8,-308.06,392,399,-8,-1,,,
1340,1761653214,1761653214,10.5,-18481.8,-308.03,392,399,-8,-1,,,
1343,1761653217,1761653217,3.5,-18478.8,-307.98,392,399,-8,-1,,,
1344,1761653218,1761653218,5.5,-18477.8,-307.96,392,399,-8,-1,,,
1352,1761653226,1761653226,1,-18469.8,-307.83,392,399,-8,-1,,,
1358,1761653232,1761653232,5.5,-18463.8,-307.73,392,399,-8,-1,,,
1361,1761653235,1761653235,6,-18460.8,-307.68,392,399,-8,-1,,,
1364,1761653238,1761653238,7,-18457.8,-307.63,392,399,-8,-1,,,
1369,1761653243,1761653243,7.5,-18452.8,-307.55,392,399,-8,-1,,,
1373,1761653247,1761653247,2.5,-18448.8,-307.48,392,398,-8,-2,,,
1376,1761653250,1761653250,12.5,-18445.8,-307.43,392,400,-8,0,,,
1379,1761653253,1761653253,9.5,-18442.8,-307.38,392,398,-8,-2,,,
1380,1761653254,1761653254,15.5,-18441.8,-307.36,392,400,-8,0,,,
1392,1761653266,1761653266,2,-18429.8,-307.16,392,399,-8,-1,,,
1398,1761653272,1761653272,5.5,-18423.8,-307.06,392,400,-8,0,,,
1399,1761653273,1761653273,10.5,-18422.8,-307.05,392,400,-8,0,,,
1400,1761653274,1761653274,5,-18421.8,-307.03,392,401,-8,1,,,
1401,1761653275,1761653275,6,-18420.8,-307.01,392,400,-8,0,,,
1423,1761653297,1761653297,11.5,-18398.8,-306.65,392,400,-8,0,,,
1424,1761653298,1761653298,4.5,-18397.8,-306.63,392,397,-8,-3,,,
1428,1761653302,1761653302,5,-18393.8,-306.56,392,399,-8,-1,,,
1432,1761653306,1761653306,5.5,-18389.8,-306.5,392,398,-8,-2,,,
1441,1761653315,1761653315,12.5,-18380.8,-306.35,392,400,-8,0,,,
1443,1761653317,1761653317,14,-18378.8,-306.31,392,399,-8,-1,,,
1444,1761653318,1761653318,2.5,-18377.8,-306.3,392,399,-8,-1,,,
1454,1761653328,1761653328,10.5,-18367.8,-306.13,392,400,-8,0,,,
1460,1761653334,1761653334,13,-18361.8,-306.03,392,401,-8,1,,,
1465,1761653339,1761653339,2.5,-18356.8,-305.95,392,399,-8,-1,,,
1476,1761653350,1761653350,10,-18345.8,-305.76,392,401,-8,1,,,
1478,1761653352,1761653352,10,-18343.8,-305.73,392,400,-8,0,,,
1497,1761653371,1761653371,8.5,-18324.7,-305.41,392,400,-8,0,,,
1502,1761653376,1761653376,2,-18319.8,-305.33,392,399,-8,-1,,,
1509,1761653383,1761653383,5,-18312.7,-305.21,392,399,-8,-1,,,
1511,1761653385,1761653385,9,-18310.7,-305.18,392,401,-8,1,,,
1521,1761653395,1761653395,7.5,-18300.7,-305.01,392,398,-8,-2,,,
1524,1761653398,1761653398,4,-18297.7,-304.96,392,399,-8,-1,,,
1525,1761653399,1761653399,8.5,-18296.7,-304.95,392,400,-8,0,,,
1527,1761653401,1761653401,9,-18294.7,-304.91,392,400,-8,0,,,
1534,1761653408,1761653408,5,-18287.7,-304.8,392,399,-8,-1,,,
1541,1761653415,1761653415,10,-18280.7,-304.68,392,400,-8,0,,,
1543,1761653417,1761653417,13.5,-18278.7,-304.65,392,400,-8,0,,,
1547,1761653421,1761653421,10.5,-18274.7,-304.58,392,399,-8,-1,,,
1550,1761653424,1761653424,2,-18271.7,-304.53,392,400,-8,0,,,
1561,1761653435,1761653435,9.5,-18260.7,-304.35,392,399,-8,-1,,,
1568,1761653442,1761653442,9.5,-18253.7,-304.23,392,400,-8,0,,,
1573,1761653447,1761653447,7.5,-18248.7,-304.15,392,398,-8,-2,,,
1574,1761653448,1761653448,4.5,-18247.7,-304.13,392,400,-8,0,,,
1575,1761653449,1761653449,8,-18246.7,-304.11,392,400,-8,0,,,
1578,1761653452,1761653452,3,-18243.7,-304.06,392,398,-8,-2,,,
1580,1761653454,1761653454,2,-18241.7,-304.03,392,399,-8,-1,,,
1585,1761653459,1761653459,6,-18236.7,-303.95,392,400,-8,0,,,
1592,1761653466,1761653466,1.5,-18229.7,-303.83,392,399,-8,-1,,,
1597,1761653471,1761653471,9,-18224.7,-303.75,392,401,-8,1,,,
1598,1761653472,1761653472,5,-18223.7,-303.73,392,400,-8,0,,,
1599,1761653473,1761653473,4.5,-18222.7,-303.71,392,400,-8,0,,,
1608,1761653482,1761653482,5.5,-18213.7,-303.56,392,400,-8,0,,,
1610,1761653484,1761653484,4,-18211.7,-303.53,392,399,-8,-1,,,
1613,1761653487,1761653487,11.5,-18208.7,-303.48,392,399,-8,-1,,,
1615,1761653489,1761653489,9.5,-18206.7,-303.45,392,400,-8,0,,,
1623,1761653497,1761653497,8,-18198.7,-303.31,392,400,-8,0,,,
1627,1761653501,1761653501,12.5,-18194.7,-303.24,392,400,-8,0,,,
1638,1761653512,1761653512,3,-18183.7,-303.06,392,401,-8,1,,,
1645,1761653519,1761653519,13.5,-18176.7,-302.94,392,398,-8,-2,,,
1647,1761653521,1761653521,15,-18174.7,-302.91,392,400,-8,0,,,
1648,1761653522,1761653522,9,-18173.7,-302.89,392,400,-8,0,,,
1655,1761653529,1761653529,2.5,-18166.7,-302.78,392,399,-8,-1,,,
1659,1761653533,1761653533,4,-18162.7,-302.71,392,400,-8,0,,,
1664,1761653538,1761653538,7.5,-18157.7,-302.63,392,399,-8,-1,,,
1669,1761653543,1761653543,5.5,-18152.7,-302.54,392,399,-8,-1,,,
1674,1761653549,1761653548,10.5,-18147.7,-302.46,392,400,-8,0,,,
1686,1761653561,1761653560,10.5,-18135.7,-302.26,392,400,-8,0,,,
1691,1761653566,1761653566,4.5,-18130.7,-302.18,392,399,-8,-1,,,
1693,1761653568,1761653568,3,-18128.7,-302.14,392,399,-8,-1,,,
1697,1761653572,1761653572,5.5,-18124.7,-302.08,392,400,-8,0,,,
1699,1761653574,1761653574,2.5,-18122.7,-302.04,392,399,-8,-1,,,
1700,1761653575,1761653575,8.5,-18121.7,-302.03,392,399,-8,-1,,,
1703,1761653578,1761653578,3,-18118.7,-301.98,392,400,-8,0,,,
1705,1761653580,1761653580,3.5,-18116.7,-301.94,392,400,-8,0,,,
1708,1761653583,1761653583,8,-18113.7,-301.89,392,400,-8,0,,,
1711,1761653586,1761653586,5.5,-18110.7,-301.84,392,401,-8,1,,,
1729,1761653604,1761653604,6,-18092.7,-301.54,392,400,-8,0,,,
1734,1761653609,1761653609,7.5,-18087.7,-301.46,392,399,-8,-1,,,
1745,1761653620,1761653620,5,-18076.7,-301.28,392,399,-8,-1,,,
1761,1761653636,1761653636,5.5,-18060.6,-301.01,392,399,-8,-1,,,
1768,1761653643,1761653643,6.5,-18053.6,-300.89,392,400,-8,0,,,
1770,1761653645,1761653645,6.5,-18051.6,-300.86,392,400,-8,0,,,
1774,1761653649,1761653649,11.5,-18047.6,-300.79,392,399,-8,-1,,,
1780,1761653655,1761653655,11.5,-18041.6,-300.69,392,400,-8,0,,,
1790,1761653665,1761653665,13,-18031.6,-300.53,392,397,-8,-3,,,
1791,1761653666,1761653666,4.5,-18030.6,-300.51,392,398,-8,-2,,,
1803,1761653678,1761653678,9.5,-18018.6,-300.31,392,399,-8,-1,,,
1807,1761653682,1761653682,9,-18014.6,-300.24,392,400,-8,0,,,
1820,1761653695,1761653695,8,-18001.6,-300.03,392,400,-8,0,,,
1824,1761653699,1761653699,8.5,-17997.6,-299.96,392,400,-8,0,,,
1826,1761653701,1761653701,9.5,-17995.6,-299.93,392,400,-8,0,,,
1838,1761653713,1761653713,9.5,-17983.6,-299.73,392,400,-8,0,,,
1856,1761653731,1761653731,10.5,-17965.6,-299.43,392,400,-8,0,,,
1858,1761653733,1761653733,10,-17963.6,-299.39,392,399,-8,-1,,,
1866,1761653741,1761653741,12.5,-17955.6,-299.26,392,399,-8,-1,,,
1869,1761653744,1761653744,3,-17952.6,-299.21,392,399,-8,-1,,,
1872,1761653747,1761653747,6.5,-17949.6,-299.16,392,400,-8,0,,,
1873,1761653748,1761653748,4,-17948.6,-299.14,392,398,-8,-2,,,
1886,1761653761,1761653761,9,-17935.6,-298.93,392,399,-8,-1,,,
1913,1761653788,1761653788,6.5,-17908.6,-298.48,392,399,-8,-1,,,
1914,1761653789,1761653789,11,-17907.6,-298.46,392,401,-8,1,,,
1917,1761653792,1761653792,7.5,-17904.6,-298.41,392,399,-8,-1,,,
1918,1761653793,1761653793,12,-17903.6,-298.39,392,401,-8,1,,,
1930,1761653805,1761653805,4,-17891.6,-298.19,392,399,-8,-1,,,
1931,1761653806,1761653806,7.5,-17890.6,-298.18,392,399,-8,-1,,,
1935,1761653810,1761653810,9,-17886.6,-298.11,392,398,-8,-2,,,
1946,1761653821,1761653821,2.5,-17875.6,-297.93,392,399,-8,-1,,,
1947,1761653822,1761653822,8.5,-17874.6,-297.91,392,398,-8,-2,,,
1950,1761653825,1761653825,2.5,-17871.6,-297.86,392,399,-8,-1,,,
1953,1761653828,1761653828,11,-17868.6,-297.81,392,401,-8,1,,,
1956,1761653831,1761653831,5.5,-17865.6,-297.76,392,398,-8,-2,,,
1958,1761653833,1761653833,6.5,-17863.6,-297.73,392,400,-8,0,,,
1969,1761653844,1761653844,9.5,-17852.6,-297.54,392,400,-8,0,,,
1971,1761653846,1761653846,8.5,-17850.6,-297.51,392,400,-8,0,,,
1972,1761653847,1761653847,7,-17849.6,-297.49,392,401,-8,1,,,
1977,1761653852,1761653852,7,-17844.6,-297.41,392,400,-8,0,,,
1979,1761653854,1761653854,13,-17842.6,-297.38,392,400,-8,0,,,
1981,1761653856,1761653856,8,-17840.6,-297.34,392,400,-8,0,,,
1985,1761653860,1761653860,12.5,-17836.6,-297.28,392,399,-8,-1,,,
1991,1761653866,1761653866,13.5,-17830.6,-297.18,392,401,-8,1,,,
1993,1761653868,1761653868,9.5,-17828.6,-297.14,392,399,-8,-1,,,
2006,1761653881,1761653881,6,-17815.6,-296.93,392,400,-8,0,,,
2023,1761653898,1761653898,4,-17798.6,-296.64,392,400,-8,0,,,
2028,1761653903,1761653903,6,-17793.5,-296.56,392,399,-8,-1,,,
2030,1761653905,1761653905,8.5,-17791.5,-296.53,392,399,-8,-1,,,
2031,1761653906,1761653906,1,-17790.5,-296.51,392,399,-8,-1,,,
2038,1761653913,1761653913,12,-17783.5,-296.39,392,399,-8,-1,,,
2044,1761653919,1761653919,9,-17777.5,-296.29,392,399,-8,-1,,,
2045,1761653920,1761653920,4.5,-17776.5,-296.28,392,399,-8,-1,,,
2051,1761653926,1761653926,8,-17770.5,-296.18,392,399,-8,-1,,,
2052,1761653927,1761653927,9.5,-17769.5,-296.16,392,400,-8,0,,,
2057,1761653932,1761653932,3.5,-17764.5,-296.08,392,399,-8,-1,,,
2060,1761653935,1761653935,7.5,-17761.5,-296.03,392,399,-8,-1,,,
2061,1761653936,1761653936,7,-17760.5,-296.01,392,399,-8,-1,,,
2062,1761653937,1761653937,12.5,-17759.5,-295.99,392,400,-8,0,,,
2068,1761653943,1761653943,13.5,-17753.5,-295.89,392,399,-8,-1,,,
2083,1761653958,1761653958,8.5,-17738.5,-295.64,392,400,-8,0,,,
2085,1761653960,1761653960,7,-17736.5,-295.61,392,400,-8,0,,,
2087,1761653962,1761653962,7,-17734.5,-295.58,392,399,-8,-1,,,
2093,1761653968,1761653968,10.5,-17728.5,-295.48,392,401,-8,1,,,
2099,1761653974,1761653974,7,-17722.5,-295.38,392,400,-8,0,,,
2101,1761653976,1761653976,11.5,-17720.5,-295.34,392,399,-8,-1,,,
2102,1761653977,1761653977,3.5,-17719.5,-295.33,392,399,-8,-1,,,
2103,1761653978,1761653978,10.5,-17718.5,-295.31,392,400,-8,0,,,
2106,1761653981,1761653981,3,-17715.5,-295.26,392,399,-8,-1,,,
2108,1761653983,1761653983,4,-17713.5,-295.23,392,399,-8,-1,,,
2114,1761653989,1761653989,2,-17707.5,-295.13,392,399,-8,-1,,,
2119,1761653994,1761653994,11,-17702.5,-295.04,392,400,-8,0,,,
2120,1761653995,1761653995,6.5,-17701.5,-295.03,392,400,-8,0,,,
2121,1761653996,1761653996,11,-17700.5,-295.01,392,400,-8,0,,,
2123,1761653998,1761653998,8.5,-17698.5,-294.98,392,399,-8,-1,,,
2125,1761654000,1761654000,9.5,-17696.5,-294.94,392,399,-8,-1,,,
2133,1761654008,1761654008,11.5,-17688.5,-294.81,392,399,-8,-1,,,
2136,1761654011,1761654011,6.5,-17685.5,-294.76,392,400,-8,0,,,
2137,1761654012,1761654012,14,-17684.5,-294.74,392,399,-8,-1,,,
2138,1761654013,1761654013,5.5,-17683.5,-294.73,392,399,-8,-1,,,
2142,1761654017,1761654017,6,-17679.5,-294.66,392,399,-8,-1,,,
2144,1761654019,1761654019,5,-17677.5,-294.63,392,400,-8,0,,,
2145,1761654020,1761654020,13,-17676.5,-294.61,392,400,-8,0,,,
2150,1761654025,1761654025,4.5,-17671.5,-294.53,392,398,-8,-2,,,
2153,1761654028,1761654028,11.5,-17668.5,-294.47,392,400,-8,0,,,
2155,1761654030,1761654030,11.5,-17666.5,-294.44,392,399,-8,-1,,,
2159,1761654034,1761654034,2.5,-17662.5,-294.38,392,399,-8,-1,,,
2166,1761654041,1761654041,7.5,-17655.5,-294.26,392,399,-8,-1,,,
2174,1761654049,1761654049,7,-17647.5,-294.12,392,400,-8,0,,,
2175,1761654050,1761654050,2.5,-17646.5,-294.11,392,398,-8,-2,,,
2176,1761654051,1761654051,8.5,-17645.5,-294.09,392,397,-8,-3,,,
2184,1761654059,1761654059,3,-17637.5,-293.96,392,399,-8,-1,,,
2185,1761654060,1761654060,12.5,-17636.5,-293.94,392,400,-8,0,,,
2188,1761654063,1761654063,4,-17633.5,-293.89,392,399,-8,-1,,,
2191,1761654066,1761654066,11.5,-17630.5,-293.84,392,399,-8,-1,,,
2193,1761654068,1761654068,8,-17628.5,-293.81,392,400,-8,0,,,
2202,1761654077,1761654077,7,-17619.5,-293.66,392,400,-8,0,,,
2209,1761654084,1761654084,3.5,-17612.5,-293.54,392,399,-8,-1,,,
2213,1761654088,1761654088,4,-17608.5,-293.47,392,400,-8,0,,,
2215,1761654090,1761654090,1,-17606.5,-293.44,392,400,-8,0,,,
2216,1761654091,1761654091,9,-17605.5,-293.42,392,399,-8,-1,,,
2220,1761654095,1761654095,10,-17601.5,-293.36,392,399,-8,-1,,,
2222,1761654097,1761654097,8.5,-17599.5,-293.32,392,400,-8,0,,,
2224,1761654099,1761654099,8.5,-17597.5,-293.29,392,399,-8,-1,,,
2228,1761654103,1761654103,8.5,-17593.5,-293.22,392,400,-8,0,,,
2229,1761654104,1761654104,4.5,-17592.5,-293.21,392,399,-8,-1,,,
2230,1761654105,1761654105,7,-17591.5,-293.19,392,400,-8,0,,,
2240,1761654115,1761654115,6,-17581.5,-293.02,392,399,-8,-1,,,
2241,1761654116,1761654116,1,-17580.5,-293.01,392,398,-8,-2,,,
2244,1761654119,1761654119,11.5,-17577.5,-292.96,392,401,-8,1,,,
2248,1761654123,1761654123,2.5,-17573.5,-292.89,392,399,-8,-1,,,
2249,1761654124,1761654124,8.5,-17572.5,-292.87,392,399,-8,-1,,,
2251,1761654126,1761654126,6,-17570.5,-292.84,392,399,-8,-1,,,
2253,1761654128,1761654128,6,-17568.5,-292.81,392,400,-8,0,,,
2255,1761654130,1761654130,7.5,-17566.5,-292.77,392,400,-8,0,,,
2256,1761654131,1761654131,6.5,-17565.5,-292.76,392,399,-8,-1,,,
2259,1761654134,1761654134,8,-17562.5,-292.71,392,397,-8,-3,,,
2265,1761654140,1761654140,8.5,-17556.5,-292.61,392,400,-8,0,,,
2267,1761654142,1761654142,9.5,-17554.5,-292.57,392,400,-8,0,,,
2285,1761654160,1761654160,7.5,-17536.5,-292.27,392,401,-8,1,,,
2293,1761654168,1761654168,10,-17528.5,-292.14,392,398,-8,-2,,,
2302,1761654177,1761654177,5.5,-17519.5,-291.99,392,400,-8,0,,,
2304,1761654179,1761654179,0.5,-17517.5,-291.96,392,399,-8,-1,,,
2313,1761654188,1761654188,10,-17508.4,-291.81,392,400,-8,0,,,
2318,1761654193,1761654193,9,-17503.4,-291.72,392,398,-8,-2,,,
2333,1761654208,1761654208,9.5,-17488.4,-291.47,392,398,-8,-2,,,
2338,1761654213,1761654213,4,-17483.4,-291.39,392,400,-8,0,,,
2341,1761654216,1761654216,10,-17480.4,-291.34,392,399,-8,-1,,,
2346,1761654221,1761654221,8,-17475.4,-291.26,392,400,-8,0,,,
2348,1761654223,1761654223,8,-17473.4,-291.22,392,399,-8,-1,,,
2350,1761654225,1761654225,5,-17471.4,-291.19,392,399,-8,-1,,,
2351,1761654226,1761654226,9.5,-17470.4,-291.17,392,398,-8,-2,,,
2352,1761654227,1761654227,13.5,-17469.4,-291.16,392,400,-8,0,,,
2354,1761654229,1761654229,13.5,-17467.4,-291.12,392,399,-8,-1,,,
2356,1761654231,1761654231,1.5,-17465.4,-291.09,392,400,-8,0,,,
2357,1761654232,1761654232,6.5,-17464.4,-291.07,392,399,-8,-1,,,
2373,1761654248,1761654248,8.5,-17448.4,-290.81,392,400,-8,0,,,
2374,1761654249,1761654249,4.5,-17447.4,-290.79,392,399,-8,-1,,,
2385,1761654260,1761654260,9.5,-17436.4,-290.61,392,400,-8,0,,,
2389,1761654264,1761654264,3.5,-17432.4,-290.54,392,400,-8,0,,,
2390,1761654265,1761654265,2,-17431.4,-290.52,392,399,-8,-1,,,
2391,1761654266,1761654266,8.5,-17430.4,-290.51,392,400,-8,0,,,
2392,1761654267,1761654267,7,-17429.4,-290.49,392,401,-8,1,,,
2394,1761654269,1761654269,0.5,-17427.4,-290.46,392,399,-8,-1,,,
2400,1761654275,1761654275,4.5,-17421.4,-290.36,392,400,-8,0,,,
2403,1761654278,1761654278,4.5,-17418.4,-290.31,392,398,-8,-2,,,
2405,1761654280,1761654280,10.5,-17416.4,-290.27,392,401,-8,1,,,
2410,1761654285,1761654285,8,-17411.4,-290.19,392,401,-8,1,,,
2412,1761654287,1761654287,3,-17409.4,-290.16,392,400,-8,0,,,
2418,1761654293,1761654293,5,-17403.4,-290.06,392,400,-8,0,,,
2420,1761654295,1761654295,11,-17401.4,-290.02,392,399,-8,-1,,,
2421,1761654296,1761654296,7.5,-17400.4,-290.01,392,399,-8,-1,,,
2423,1761654298,1761654298,4.5,-17398.4,-289.97,392,399,-8,-1,,,
2425,1761654300,1761654300,5.5,-17396.4,-289.94,392,400,-8,0,,,
2429,1761654304,1761654304,5.5,-17392.4,-289.87,392,400,-8,0,,,
2433,1761654308,1761654308,4.5,-17388.4,-289.81,392,399,-8,-1,,,
2437,1761654312,1761654312,5,-17384.4,-289.74,392,400,-8,0,,,
2441,1761654316,1761654316,3.5,-17380.4,-289.67,392,399,-8,-1,,,
2442,1761654317,1761654317,9.5,-17379.4,-289.66,392,400,-8,0,,,
2447,1761654322,1761654322,4,-17374.4,-289.57,392,400,-8,0,,,
2450,1761654325,1761654325,3.5,-17371.4,-289.52,392,400,-8,0,,,
2451,1761654326,1761654326,12.5,-17370.4,-289.51,392,398,-8,-2,,,
2459,1761654334,1761654334,10,-17362.4,-289.37,392,399,-8,-1,,,
2467,1761654342,1761654342,5,-17354.4,-289.24,392,397,-8,-3,,,
2473,1761654348,1761654348,11,-17348.4,-289.14,392,398,-8,-2,,,
2477,1761654352,1761654352,7.5,-17344.4,-289.07,392,399,-8,-1,,,
2481,1761654356,1761654356,10,-17340.4,-289.01,392,399,-8,-1,,,
2490,1761654365,1761654365,6.5,-17331.4,-288.86,392,400,-8,0,,,
2493,1761654368,1761654368,11,-17328.4,-288.81,392,400,-8,0,,,
2495,1761654370,1761654370,11,-17326.4,-288.77,392,400,-8,0,,,
2499,1761654374,1761654374,8.5,-17322.4,-288.71,392,399,-8,-1,,,
2500,1761654375,1761654375,6,-17321.4,-288.69,392,399,-8,-1,,,
2506,1761654381,1761654381,4.5,-17315.4,-288.59,392,399,-8,-1,,,
2509,1761654384,1761654384,10,-17312.4,-288.54,392,400,-8,0,,,
2510,1761654385,1761654385,4,-17311.4,-288.52,392,397,-8,-3,,,
2520,1761654395,1761654395,5,-17301.4,-288.36,392,399,-8,-1,,,
2524,1761654399,1761654399,6,-17297.4,-288.29,392,400,-8,0,,,
2528,1761654403,1761654403,7,-17293.4,-288.22,392,399,-8,-1,,,
2529,1761654404,1761654404,9.5,-17292.4,-288.21,392,399,-8,-1,,,
2535,1761654410,1761654410,8,-17286.4,-288.11,392,399,-8,-1,,,
2537,1761654412,1761654412,13,-17284.4,-288.07,392,400,-8,0,,,
2539,1761654414,1761654414,9,-17282.4,-288.04,392,399,-8,-1,,,
2544,1761654419,1761654419,7,-17277.4,-287.96,392,399,-8,-1,,,
2546,1761654421,1761654421,10,-17275.4,-287.92,392,400,-8,0,,,
2549,1761654424,1761654424,3.5,-17272.4,-287.87,392,399,-8,-1,,,
2551,1761654426,1761654426,1.5,-17270.4,-287.84,392,398,-8,-2,,,
2552,1761654427,1761654427,5,-17269.4,-287.82,392,398,-8,-2,,,
2558,1761654433,1761654433,2.5,-17263.4,-287.72,392,399,-8,-1,,,
2561,1761654436,1761654436,9.5,-17260.4,-287.67,392,399,-8,-1,,,
2564,1761654439,1761654439,3.5,-17257.4,-287.62,392,400,-8,0,,,
2567,1761654442,1761654442,10.5,-17254.3,-287.57,392,399,-8,-1,,,
2584,1761654459,1761654459,1,-17237.3,-287.29,392,399,-8,-1,,,
2588,1761654463,1761654463,7,-17233.3,-287.22,392,400,-8,0,,,
2592,1761654467,1761654467,5.5,-17229.3,-287.16,392,399,-8,-1,,,
2604,1761654479,1761654479,8,-17217.3,-286.96,392,399,-8,-1,,,
2610,1761654485,1761654485,9,-17211.3,-286.86,392,401,-8,1,,,
2613,1761654488,1761654488,5,-17208.3,-286.81,392,399,-8,-1,,,
2623,1761654498,1761654498,5,-17198.3,-286.64,392,399,-8,-1,,,
2627,1761654502,1761654502,5.5,-17194.3,-286.57,392,398,-8,-2,,,
2630,1761654505,1761654505,9,-17191.3,-286.52,392,400,-8,0,,,
2632,1761654507,1761654507,12,-17189.3,-286.49,392,401,-8,1,,,
2646,1761654521,1761654521,9.5,-17175.3,-286.26,392,400,-8,0,,,
2657,1761654532,1761654532,4.5,-17164.3,-286.07,392,400,-8,0,,,
2658,1761654533,1761654533,11.5,-17163.3,-286.06,392,399,-8,-1,,,
2660,1761654535,1761654535,3,-17161.3,-286.02,392,400,-8,0,,,
2663,1761654538,1761654538,7,-17158.3,-285.97,392,399,-8,-1,,,
2665,1761654540,1761654540,10.5,-17156.3,-285.94,392,400,-8,0,,,
2672,1761654547,1761654547,3.5,-17149.3,-285.82,392,399,-8,-1,,,
2679,1761654554,1761654554,7.5,-17142.3,-285.71,392,399,-8,-1,,,
2681,1761654556,1761654556,12.5,-17140.3,-285.67,392,400,-8,0,,,
2685,1761654560,1761654560,7.5,-17136.3,-285.61,392,399,-8,-1,,,
2688,1761654563,1761654563,3.5,-17133.3,-285.56,392,400,-8,0,,,
2689,1761654564,1761654564,10.5,-17132.3,-285.54,392,400,-8,0,,,
2690,1761654565,1761654565,3.5,-17131.3,-285.52,392,400,-8,0,,,
2691,1761654566,1761654566,11,-17130.3,-285.51,392,399,-8,-1,,,
2712,1761654587,1761654587,4,-17109.3,-285.15,392,399,-8,-1,,,
2714,1761654589,1761654589,6,-17107.3,-285.12,392,398,-8,-2,,,
2716,1761654591,1761654591,6,-17105.3,-285.09,392,401,-8,1,,,
2718,1761654593,1761654593,5.5,-17103.3,-285.05,392,400,-8,0,,,
2719,1761654594,1761654594,10,-17102.3,-285.04,392,400,-8,0,,,
2721,1761654596,1761654596,9,-17100.3,-285,392,398,-8,-2,,,
2725,1761654600,1761654600,8,-17096.3,-284.94,392,400,-8,0,,,
2745,1761654620,1761654620,11,-17076.3,-284.6,392,398,-8,-2,,,
2753,1761654628,1761654628,5.5,-17068.3,-284.47,392,400,-8,0,,,
2760,1761654635,1761654635,4,-17061.3,-284.35,392,399,-8,-1,,,
2762,1761654637,1761654637,6.5,-17059.3,-284.32,392,400,-8,0,,,
2770,1761654645,1761654645,11.5,-17051.3,-284.19,392,400,-8,0,,,
2780,1761654655,1761654655,5.5,-17041.3,-284.02,392,399,-8,-1,,,
2784,1761654659,1761654659,1.5,-17037.3,-283.95,392,400,-8,0,,,
2810,1761654685,1761654685,1.5,-17011.3,-283.52,392,399,-8,-1,,,
2819,1761654694,1761654694,4,-17002.3,-283.37,392,399,-8,-1,,,
2824,1761654699,1761654699,5.5,-16997.3,-283.29,392,399,-8,-1,,,
2826,1761654701,1761654701,7,-16995.3,-283.25,392,398,-8,-2,,,
2832,1761654707,1761654707,9,-16989.3,-283.15,392,401,-8,1,,,
2833,1761654708,1761654708,5.5,-16988.3,-283.14,392,399,-8,-1,,,
2838,1761654713,1761654713,9.5,-16983.2,-283.05,392,400,-8,0,,,
2839,1761654714,1761654714,8,-16982.3,-283.04,392,401,-8,1,,,
2859,1761654734,1761654734,8.5,-16962.2,-282.7,392,400,-8,0,,,
2862,1761654737,1761654737,5.5,-16959.2,-282.65,392,400,-8,0,,,
2868,1761654743,1761654743,4,-16953.2,-282.55,392,400,-8,0,,,
2872,1761654747,1761654747,3,-16949.2,-282.49,392,399,-8,-1,,,
2873,1761654748,1761654748,5.5,-16948.2,-282.47,392,398,-8,-2,,,
2879,1761654754,1761654754,6,-16942.2,-282.37,392,399,-8,-1,,,
2881,1761654756,1761654756,9.5,-16940.2,-282.34,392,399,-8,-1,,,
2885,1761654760,1761654760,7.5,-16936.2,-282.27,392,400,-8,0,,,
2889,1761654764,1761654764,11.5,-16932.2,-282.2,392,401,-8,1,,,
2891,1761654766,1761654766,7.5,-16930.2,-282.17,392,401,-8,1,,,
2901,1761654776,1761654776,11,-16920.2,-282,392,399,-8,-1,,,
2905,1761654780,1761654780,10.5,-16916.2,-281.94,392,400,-8,0,,,
2906,1761654781,1761654781,8,-16915.2,-281.92,392,399,-8,-1,,,
2909,1761654784,1761654784,11.5,-16912.2,-281.87,392,400,-8,0,,,
2911,1761654786,1761654786,8.5,-16910.2,-281.84,392,400,-8,0,,,
2913,1761654788,1761654788,10.5,-16908.2,-281.8,392,400,-8,0,,,
2914,1761654789,1761654789,5.5,-16907.2,-281.79,392,399,-8,-1,,,
2915,1761654790,1761654790,12.5,-16906.2,-281.77,392,400,-8,0,,,
2919,1761654794,1761654794,9,-16902.2,-281.7,392,399,-8,-1,,,
2931,1761654806,1761654806,5,-16890.2,-281.5,392,401,-8,1,,,
2942,1761654817,1761654817,7,-16879.2,-281.32,392,399,-8,-1,,,
2954,1761654829,1761654829,9.5,-16867.2,-281.12,392,400,-8,0,,,
2955,1761654830,1761654830,8,-16866.2,-281.1,392,399,-8,-1,,,
2961,1761654836,1761654836,1.5,-16860.2,-281,392,399,-8,-1,,,
2964,1761654839,1761654839,11.5,-16857.2,-280.95,392,400,-8,0,,,
2971,1761654846,1761654846,3.5,-16850.2,-280.84,392,400,-8,0,,,
2985,1761654860,1761654860,6,-16836.2,-280.6,392,399,-8,-1,,,
2986,1761654861,1761654861,9.5,-16835.2,-280.59,392,400,-8,0,,,
2988,1761654863,1761654863,6.5,-16833.2,-280.55,392,400,-8,0,,,
3000,1761654875,1761654875,13,-16821.2,-280.35,392,399,-8,-1,,,
3003,1761654878,1761654878,3.5,-16818.2,-280.3,392,399,-8,-1,,,
3004,1761654879,1761654879,12,-16817.2,-280.29,392,399,-8,-1,,,
3006,1761654881,1761654881,8,-16815.2,-280.25,392,399,-8,-1,,,
3007,1761654882,1761654882,9,-16814.2,-280.24,392,401,-8,1,,,
3018,1761654893,1761654893,2.5,-16803.2,-280.05,392,399,-8,-1,,,
3020,1761654895,1761654895,4.5,-16801.2,-280.02,392,400,-8,0,,,
3024,1761654899,1761654899,4,-16797.2,-279.95,392,399,-8,-1,,,
3029,1761654904,1761654904,6.5,-16792.2,-279.87,392,397,-8,-3,,,
3036,1761654911,1761654911,4,-16785.2,-279.75,392,400,-8,0,,,
3037,1761654912,1761654912,10,-16784.2,-279.74,392,400,-8,0,,,
3041,1761654916,1761654916,10,-16780.2,-279.67,392,399,-8,-1,,,
3045,1761654920,1761654920,7.5,-16776.2,-279.6,392,399,-8,-1,,,
3046,1761654921,1761654921,4,-16775.2,-279.59,392,398,-8,-2,,,
3048,1761654923,1761654923,4.5,-16773.2,-279.55,392,400,-8,0,,,
3052,1761654927,1761654927,5.5,-16769.2,-279.49,392,400,-8,0,,,
3068,1761654943,1761654943,5.5,-16753.2,-279.22,392,400,-8,0,,,
3077,1761654952,1761654952,9,-16744.2,-279.07,392,400,-8,0,,,
3078,1761654953,1761654953,6.5,-16743.2,-279.05,392,399,-8,-1,,,
3080,1761654955,1761654955,5.5,-16741.2,-279.02,392,398,-8,-2,,,
3081,1761654956,1761654956,9,-16740.2,-279,392,400,-8,0,,,
3090,1761654965,1761654965,8,-16731.2,-278.85,392,400,-8,0,,,
3092,1761654967,1761654967,7.5,-16729.2,-278.82,392,398,-8,-2,,,
3095,1761654970,1761654970,11,-16726.2,-278.77,392,399,-8,-1,,,
3101,1761654976,1761654976,4.5,-16720.2,-278.67,392,399,-8,-1,,,
3103,1761654978,1761654978,9,-16718.2,-278.64,392,399,-8,-1,,,
3104,1761654979,1761654979,6.5,-16717.2,-278.62,392,399,-8,-1,,,
3107,1761654982,1761654982,10,-16714.2,-278.57,392,400,-8,0,,,
3109,1761654984,1761654984,12.5,-16712.2,-278.54,392,400,-8,0,,,
3110,1761654985,1761654985,2.5,-16711.2,-278.52,392,399,-8,-1,,,
3112,1761654987,1761654987,4.5,-16709.2,-278.49,392,399,-8,-1,,,
3119,1761654994,1761654994,11.5,-16702.1,-278.37,392,400,-8,0,,,
3127,1761655002,1761655002,7,-16694.1,-278.24,392,399,-8,-1,,,
3129,1761655004,1761655004,9,-16692.1,-278.2,392,400,-8,0,,,
3134,1761655009,1761655009,4,-16687.1,-278.12,392,400,-8,0,,,
3147,1761655022,1761655022,9.5,-16674.1,-277.9,392,399,-8,-1,,,
3149,1761655024,1761655024,12.5,-16672.1,-277.87,392,400,-8,0,,,
3150,1761655025,1761655025,4,-16671.1,-277.85,392,399,-8,-1,,,
3151,1761655026,1761655026,13.5,-16670.1,-277.84,392,401,-8,1,,,
3157,1761655032,1761655032,3,-16664.1,-277.74,392,399,-8,-1,,,
3163,1761655038,1761655038,4,-16658.1,-277.64,392,400,-8,0,,,
3164,1761655039,1761655039,9.5,-16657.1,-277.62,392,400,-8,0,,,
3167,1761655042,1761655042,0.5,-16654.1,-277.57,392,398,-8,-2,,,
3168,1761655043,1761655043,8,-16653.1,-277.55,392,400,-8,0,,,
3180,1761655055,1761655055,9.5,-16641.1,-277.35,392,400,-8,0,,,
3190,1761655065,1761655065,9.5,-16631.1,-277.19,392,399,-8,-1,,,
3193,1761655068,1761655068,2,-16628.1,-277.14,392,400,-8,0,,,
3195,1761655070,1761655070,3,-16626.1,-277.1,392,399,-8,-1,,,
3196,1761655071,1761655071,7.5,-16625.1,-277.09,392,398,-8,-2,,,
3199,1761655074,1761655074,0.5,-16622.1,-277.04,392,399,-8,-1,,,
3201,1761655076,1761655076,6.5,-16620.1,-277,392,400,-8,0,,,
3212,1761655087,1761655087,9.5,-16609.1,-276.82,392,400,-8,0,,,
3213,1761655088,1761655088,6,-16608.1,-276.8,392,400,-8,0,,,
3214,1761655089,1761655089,9,-16607.1,-276.79,392,399,-8,-1,,,
3216,1761655091,1761655091,12.5,-16605.1,-276.75,392,399,-8,-1,,,
3223,1761655098,1761655098,2.5,-16598.1,-276.64,392,398,-8,-2,,,
3226,1761655101,1761655101,9.5,-16595.1,-276.59,392,400,-8,0,,,
3236,1761655111,1761655111,7,-16585.1,-276.42,392,400,-8,0,,,
3237,1761655112,1761655112,7,-16584.1,-276.4,392,399,-8,-1,,,
3248,1761655123,1761655123,7,-16573.1,-276.22,392,398,-8,-2,,,
3253,1761655128,1761655128,13,-16568.1,-276.13,392,398,-8,-2,,,
3256,1761655131,1761655131,4,-16565.1,-276.09,392,398,-8,-2,,,
3258,1761655133,1761655133,8,-16563.1,-276.05,392,398,-8,-2,,,
3259,1761655134,1761655134,12.5,-16562.1,-276.03,392,400,-8,0,,,
3264,1761655139,1761655139,5.5,-16557.1,-275.95,392,400,-8,0,,,
3265,1761655140,1761655140,9,-16556.1,-275.93,392,399,-8,-1,,,
3271,1761655146,1761655146,4,-16550.1,-275.83,392,400,-8,0,,,
3276,1761655151,1761655151,8.5,-16545.1,-275.75,392,400,-8,0,,,
3278,1761655153,1761655153,9,-16543.1,-275.72,392,400,-8,0,,,
3280,1761655155,1761655155,3,-16541.1,-275.68,392,398,-8,-2,,,
3285,1761655160,1761655160,4.5,-16536.1,-275.6,392,399,-8,-1,,,
3286,1761655161,1761655161,8.5,-16535.1,-275.58,392,401,-8,1,,,
3287,1761655162,1761655162,5,-16534.1,-275.57,392,399,-8,-1,,,
3289,1761655164,1761655164,1.5,-16532.1,-275.53,392,399,-8,-1,,,
3290,1761655165,1761655165,8,-16531.1,-275.52,392,400,-8,0,,,
3295,1761655170,1761655170,6.5,-16526.1,-275.43,392,399,-8,-1,,,
3297,1761655172,1761655172,5,-16524.1,-275.4,392,400,-8,0,,,
3298,1761655173,1761655173,11,-16523.1,-275.38,392,398,-8,-2,,,
3302,1761655177,1761655177,11,-16519.1,-275.32,392,400,-8,0,,,
3308,1761655183,1761655183,9,-16513.1,-275.22,392,400,-8,0,,,
3310,1761655185,1761655185,14.5,-16511.1,-275.18,392,400,-8,0,,,
3326,1761655201,1761655201,12.5,-16495.1,-274.92,392,398,-8,-2,,,
3328,1761655203,1761655203,12.5,-16493.1,-274.88,392,400,-8,0,,,
3329,1761655204,1761655204,9,-16492.1,-274.87,392,400,-8,0,,,
3331,1761655206,1761655206,9,-16490.1,-274.83,392,399,-8,-1,,,
3334,1761655209,1761655209,16,-16487.1,-274.78,392,401,-8,1,,,
3337,1761655212,1761655212,4.5,-16484.1,-274.73,392,398,-8,-2,,,
3344,1761655219,1761655219,13,-16477.1,-274.62,392,401,-8,1,,,
3347,1761655222,1761655222,8,-16474.1,-274.57,392,399,-8,-1,,,
3351,1761655226,1761655226,10,-16470.1,-274.5,392,399,-8,-1,,,
3352,1761655227,1761655227,3.5,-16469.1,-274.48,392,399,-8,-1,,,
3360,1761655235,1761655235,5.5,-16461.1,-274.35,392,400,-8,0,,,
3372,1761655247,1761655247,10,-16449.1,-274.15,392,400,-8,0,,,
3376,1761655251,1761655251,7.5,-16445.1,-274.08,392,401,-8,1,,,
3378,1761655253,1761655253,9,-16443.1,-274.05,392,399,-8,-1,,,
3381,1761655256,1761655256,4,-16440.1,-274,392,400,-8,0,,,
3397,1761655272,1761655272,10.5,-16424,-273.73,392,399,-8,-1,,,
3406,1761655281,1761655281,5,-16415,-273.58,392,399,-8,-1,,,
3409,1761655284,1761655284,10.5,-16412,-273.53,392,399,-8,-1,,,
3412,1761655287,1761655287,5.5,-16409,-273.48,392,399,-8,-1,,,
3418,1761655293,1761655293,2.5,-16403,-273.38,392,399,-8,-1,,,
3420,1761655295,1761655295,4.5,-16401,-273.35,392,399,-8,-1,,,
3425,1761655300,1761655300,9,-16396,-273.27,392,400,-8,0,,,
3441,1761655316,1761655316,7,-16380,-273,392,398,-8,-2,,,
3442,1761655317,1761655317,6.5,-16379,-272.98,392,400,-8,0,,,
3445,1761655320,1761655320,11,-16376,-272.93,392,400,-8,0,,,
3448,1761655323,1761655323,6,-16373,-272.88,392,399,-8,-1,,,
3457,1761655332,1761655332,9,-16364,-272.73,392,399,-8,-1,,,
3458,1761655333,1761655333,4,-16363,-272.72,392,399,-8,-1,,,
3459,1761655334,1761655334,8.5,-16362,-272.7,392,400,-8,0,,,
3460,1761655335,1761655335,2.5,-16361,-272.68,392,399,-8,-1,,,
3461,1761655336,1761655336,10.5,-16360,-272.67,392,401,-8,1,,,
3462,1761655337,1761655337,3,-16359,-272.65,392,399,-8,-1,,,
3468,1761655343,1761655343,5,-16353,-272.55,392,400,-8,0,,,
3471,1761655346,1761655346,8.5,-16350,-272.5,392,399,-8,-1,,,
3481,1761655356,1761655356,16,-16340,-272.33,392,400,-8,0,,,
3482,1761655357,1761655357,5,-16339,-272.32,392,400,-8,0,,,
3488,1761655363,1761655363,6.5,-16333,-272.22,392,399,-8,-1,,,
3503,1761655378,1761655378,11.5,-16318,-271.97,392,399,-8,-1,,,
3504,1761655379,1761655379,6,-16317,-271.95,392,401,-8,1,,,
3507,1761655382,1761655382,9,-16314,-271.9,392,400,-8,0,,,
3510,1761655385,1761655385,6,-16311,-271.85,392,401,-8,1,,,
3521,1761655396,1761655396,8.5,-16300,-271.67,392,399,-8,-1,,,
3524,1761655399,1761655399,2,-16297,-271.62,392,398,-8,-2,,,
3528,1761655403,1761655403,9,-16293,-271.55,392,400,-8,0,,,
3540,1761655415,1761655415,8,-16281,-271.35,392,400,-8,0,,,
3541,1761655416,1761655416,5.5,-16280,-271.33,392,401,-8,1,,,
3547,1761655422,1761655422,0.5,-16274,-271.23,392,399,-8,-1,,,
3552,1761655427,1761655427,9.5,-16269,-271.15,392,400,-8,0,,,
3559,1761655434,1761655434,3,-16262,-271.03,392,400,-8,0,,,
3560,1761655435,1761655435,10,-16261,-271.02,392,401,-8,1,,,
3573,1761655448,1761655448,5.5,-16248,-270.8,392,400,-8,0,,,
3577,1761655452,1761655452,3,-16244,-270.73,392,400,-8,0,,,
3580,1761655455,1761655455,12,-16241,-270.68,392,401,-8,1,,,
3588,1761655463,1761655463,12,-16233,-270.55,392,400,-8,0,,,
3590,1761655465,1761655465,9.5,-16231,-270.52,392,399,-8,-1,,,
3593,1761655468,1761655468,5.5,-16228,-270.47,392,400,-8,0,,,
3600,1761655475,1761655475,11,-16221,-270.35,392,399,-8,-1,,,
3611,1761655486,1761655486,4,-16210,-270.17,392,399,-8,-1,,,
22,1761651896,1761651896,4,-19800.3,-330.01,391,393,-9,-7,,,
23,1761651897,1761651897,6.5,-19799.3,-329.99,391,399,-9,-1,,,
27,1761651901,1761651901,5,-19795.3,-329.92,391,400,-9,0,,,
28,1761651902,1761651902,9,-19794.3,-329.91,391,399,-9,-1,,,
32,1761651906,1761651906,10,-19790.3,-329.84,391,399,-9,-1,,,
35,1761651909,1761651909,9.5,-19787.3,-329.79,391,400,-9,0,,,
45,1761651919,1761651919,6.5,-19777.3,-329.62,391,398,-9,-2,,,
47,1761651921,1761651921,6.5,-19775.3,-329.59,391,400,-9,0,,,
51,1761651925,1761651925,6.5,-19771.3,-329.52,391,399,-9,-1,,,
52,1761651926,1761651926,3,-19770.3,-329.51,391,399,-9,-1,,,
56,1761651930,1761651930,4,-19766.3,-329.44,391,399,-9,-1,,,
61,1761651935,1761651935,8.5,-19761.3,-329.35,391,399,-9,-1,,,
65,1761651939,1761651939,11,-19757.3,-329.29,391,400,-9,0,,,
67,1761651941,1761651941,9.5,-19755.3,-329.25,391,400,-9,0,,,
68,1761651942,1761651942,3.5,-19754.3,-329.24,391,399,-9,-1,,,
69,1761651943,1761651943,10.5,-19753.3,-329.22,391,400,-9,0,,,
70,1761651944,1761651944,7,-19752.3,-329.2,391,401,-9,1,,,
78,1761651952,1761651952,8,-19744.3,-329.07,391,400,-9,0,,,
88,1761651962,1761651962,4.5,-19734.3,-328.9,391,399,-9,-1,,,
89,1761651963,1761651963,10.5,-19733.3,-328.89,391,401,-9,1,,,
93,1761651967,1761651967,12.5,-19729.3,-328.82,391,400,-9,0,,,
94,1761651968,1761651968,2.5,-19728.3,-328.8,391,397,-9,-3,,,
105,1761651979,1761651979,11.5,-19717.3,-328.62,391,400,-9,0,,,
115,1761651989,1761651989,12.5,-19707.3,-328.45,391,400,-9,0,,,
123,1761651997,1761651997,13,-19699.3,-328.32,391,399,-9,-1,,,
130,1761652004,1761652004,8,-19692.3,-328.2,391,400,-9,0,,,
133,1761652007,1761652007,14,-19689.3,-328.15,391,401,-9,1,,,
136,1761652010,1761652010,4.5,-19686.3,-328.1,391,400,-9,0,,,
138,1761652012,1761652012,11.5,-19684.3,-328.07,391,400,-9,0,,,
142,1761652016,1761652016,11.5,-19680.3,-328,391,400,-9,0,,,
145,1761652019,1761652019,7,-19677.3,-327.95,391,401,-9,1,,,
148,1761652022,1761652022,11.5,-19674.3,-327.9,391,400,-9,0,,,
155,1761652029,1761652029,12.5,-19667.3,-327.79,391,399,-9,-1,,,
157,1761652031,1761652031,13.5,-19665.2,-327.75,391,401,-9,1,,,
160,1761652034,1761652034,8,-19662.3,-327.7,391,397,-9,-3,,,
163,1761652037,1761652037,10.5,-19659.2,-327.65,391,400,-9,0,,,
165,1761652039,1761652039,13,-19657.2,-327.62,391,400,-9,0,,,
169,1761652043,1761652043,9,-19653.2,-327.55,391,400,-9,0,,,
175,1761652049,1761652049,1.5,-19647.3,-327.45,391,398,-9,-2,,,
177,1761652051,1761652051,3.5,-19645.2,-327.42,391,399,-9,-1,,,
181,1761652055,1761652055,1,-19641.2,-327.35,391,400,-9,0,,,
182,1761652056,1761652056,8,-19640.2,-327.34,391,397,-9,-3,,,
188,1761652062,1761652062,9.5,-19634.2,-327.24,391,400,-9,0,,,
191,1761652065,1761652065,6,-19631.2,-327.19,391,401,-9,1,,,
192,1761652066,1761652066,10.5,-19630.2,-327.17,391,398,-9,-2,,,
194,1761652068,1761652068,9,-19628.2,-327.14,391,399,-9,-1,,,
202,1761652076,1761652076,12,-19620.2,-327,391,399,-9,-1,,,
208,1761652082,1761652082,13,-19614.2,-326.9,391,400,-9,0,,,
209,1761652083,1761652083,7,-19613.2,-326.89,391,400,-9,0,,,
213,1761652087,1761652087,3,-19609.2,-326.82,391,400,-9,0,,,
215,1761652089,1761652089,3,-19607.2,-326.79,391,398,-9,-2,,,
219,1761652093,1761652093,4,-19603.2,-326.72,391,399,-9,-1,,,
224,1761652098,1761652098,10,-19598.2,-326.64,391,400,-9,0,,,
229,1761652103,1761652103,7,-19593.2,-326.55,391,400,-9,0,,,
232,1761652106,1761652106,12.5,-19590.2,-326.5,391,401,-9,1,,,
234,1761652108,1761652108,9.5,-19588.2,-326.47,391,400,-9,0,,,
242,1761652116,1761652116,10.5,-19580.2,-326.34,391,399,-9,-1,,,
245,1761652119,1761652119,7.5,-19577.2,-326.29,391,400,-9,0,,,
247,1761652121,1761652121,3.5,-19575.2,-326.25,391,398,-9,-2,,,
249,1761652123,1761652123,11,-19573.2,-326.22,391,400,-9,0,,,
253,1761652127,1761652127,6.5,-19569.2,-326.15,391,400,-9,0,,,
256,1761652130,1761652130,3.5,-19566.2,-326.1,391,399,-9,-1,,,
257,1761652131,1761652131,2,-19565.2,-326.09,391,397,-9,-3,,,
260,1761652134,1761652134,5,-19562.2,-326.04,391,399,-9,-1,,,
261,1761652135,1761652135,5,-19561.2,-326.02,391,399,-9,-1,,,
264,1761652138,1761652138,6,-19558.2,-325.97,391,401,-9,1,,,
265,1761652139,1761652139,5.5,-19557.2,-325.95,391,399,-9,-1,,,
267,1761652141,1761652141,9,-19555.2,-325.92,391,400,-9,0,,,
273,1761652147,1761652147,10,-19549.2,-325.82,391,400,-9,0,,,
275,1761652149,1761652149,4.5,-19547.2,-325.79,391,400,-9,0,,,
277,1761652151,1761652151,5.5,-19545.2,-325.75,391,398,-9,-2,,,
278,1761652152,1761652152,3,-19544.2,-325.74,391,397,-9,-3,,,
283,1761652157,1761652157,11,-19539.2,-325.65,391,400,-9,0,,,
284,1761652158,1761652158,6,-19538.2,-325.64,391,400,-9,0,,,
287,1761652161,1761652161,8,-19535.2,-325.59,391,400,-9,0,,,
288,1761652162,1761652162,8,-19534.2,-325.57,391,398,-9,-2,,,
289,1761652163,1761652163,13.5,-19533.2,-325.55,391,399,-9,-1,,,
298,1761652172,1761652172,5,-19524.2,-325.4,391,399,-9,-1,,,
299,1761652173,1761652173,9,-19523.2,-325.39,391,400,-9,0,,,
301,1761652175,1761652175,13.5,-19521.2,-325.35,391,400,-9,0,,,
304,1761652178,1761652178,5,-19518.2,-325.3,391,400,-9,0,,,
305,1761652179,1761652179,11,-19517.2,-325.29,391,397,-9,-3,,,
311,1761652185,1761652185,12,-19511.2,-325.19,391,399,-9,-1,,,
324,1761652198,1761652198,5,-19498.2,-324.97,391,398,-9,-2,,,
325,1761652199,1761652199,11,-19497.2,-324.95,391,401,-9,1,,,
330,1761652204,1761652204,5.5,-19492.2,-324.87,391,400,-9,0,,,
332,1761652206,1761652206,7,-19490.2,-324.84,391,401,-9,1,,,
334,1761652208,1761652208,6,-19488.2,-324.8,391,399,-9,-1,,,
335,1761652209,1761652209,9,-19487.2,-324.79,391,400,-9,0,,,
337,1761652211,1761652211,10.5,-19485.2,-324.75,391,399,-9,-1,,,
347,1761652221,1761652221,10.5,-19475.2,-324.59,391,400,-9,0,,,
348,1761652222,1761652222,4.5,-19474.2,-324.57,391,399,-9,-1,,,
349,1761652223,1761652223,12.5,-19473.2,-324.55,391,400,-9,0,,,
351,1761652225,1761652225,11.5,-19471.2,-324.52,391,400,-9,0,,,
358,1761652232,1761652232,10.5,-19464.2,-324.4,391,398,-9,-2,,,
363,1761652237,1761652237,6,-19459.2,-324.32,391,400,-9,0,,,
366,1761652240,1761652240,10.5,-19456.2,-324.27,391,399,-9,-1,,,
369,1761652243,1761652243,8,-19453.2,-324.22,391,401,-9,1,,,
370,1761652244,1761652244,10,-19452.2,-324.2,391,399,-9,-1,,,
374,1761652248,1761652248,11.5,-19448.2,-324.14,391,399,-9,-1,,,
376,1761652250,1761652250,9,-19446.2,-324.1,391,399,-9,-1,,,
378,1761652252,1761652252,8.5,-19444.2,-324.07,391,396,-9,-4,,,
380,1761652254,1761652254,11,-19442.2,-324.04,391,399,-9,-1,,,
381,1761652255,1761652255,8.5,-19441.2,-324.02,391,398,-9,-2,,,
382,1761652256,1761652256,11.5,-19440.2,-324,391,399,-9,-1,,,
383,1761652257,1761652257,7.5,-19439.2,-323.99,391,397,-9,-3,,,
384,1761652258,1761652258,13.5,-19438.2,-323.97,391,401,-9,1,,,
385,1761652259,1761652259,6,-19437.2,-323.95,391,400,-9,0,,,
398,1761652272,1761652272,13.5,-19424.2,-323.74,391,400,-9,0,,,
399,1761652273,1761652273,6.5,-19423.2,-323.72,391,399,-9,-1,,,
401,1761652275,1761652275,8,-19421.2,-323.69,391,400,-9,0,,,
405,1761652279,1761652279,8.5,-19417.2,-323.62,391,401,-9,1,,,
412,1761652286,1761652286,3.5,-19410.2,-323.5,391,400,-9,0,,,
413,1761652287,1761652287,8,-19409.2,-323.49,391,400,-9,0,,,
417,1761652291,1761652291,8.5,-19405.2,-323.42,391,400,-9,0,,,
418,1761652292,1761652292,1.5,-19404.2,-323.4,391,398,-9,-2,,,
419,1761652293,1761652293,7.5,-19403.2,-323.39,391,400,-9,0,,,
423,1761652297,1761652297,11.5,-19399.1,-323.32,391,400,-9,0,,,
425,1761652299,1761652299,11.5,-19397.1,-323.29,391,400,-9,0,,,
426,1761652300,1761652300,6.5,-19396.2,-323.27,391,399,-9,-1,,,
433,1761652307,1761652307,8.5,-19389.1,-323.15,391,400,-9,0,,,
435,1761652309,1761652309,12,-19387.1,-323.12,391,399,-9,-1,,,
438,1761652312,1761652312,5,-19384.2,-323.07,391,400,-9,0,,,
441,1761652315,1761652315,11.5,-19381.1,-323.02,391,399,-9,-1,,,
443,1761652317,1761652317,9,-19379.1,-322.99,391,399,-9,-1,,,
444,1761652318,1761652318,6.5,-19378.1,-322.97,391,400,-9,0,,,
446,1761652320,1761652320,0,-19376.1,-322.94,391,397,-9,-3,,,
452,1761652326,1761652326,7.5,-19370.1,-322.84,391,397,-9,-3,,,
455,1761652329,1761652329,10.5,-19367.1,-322.79,391,399,-9,-1,,,
456,1761652330,1761652330,8,-19366.1,-322.77,391,399,-9,-1,,,
458,1761652332,1761652332,4.5,-19364.1,-322.74,391,399,-9,-1,,,
460,1761652334,1761652334,5,-19362.1,-322.7,391,400,-9,0,,,
461,1761652335,1761652335,9.5,-19361.1,-322.69,391,399,-9,-1,,,
463,1761652337,1761652337,14,-19359.1,-322.65,391,399,-9,-1,,,
467,1761652341,1761652341,11,-19355.1,-322.59,391,400,-9,0,,,
483,1761652357,1761652357,2.5,-19339.1,-322.32,391,399,-9,-1,,,
485,1761652359,1761652359,0.5,-19337.1,-322.29,391,400,-9,0,,,
487,1761652361,1761652361,1.5,-19335.1,-322.25,391,399,-9,-1,,,
490,1761652364,1761652364,3.5,-19332.1,-322.2,391,400,-9,0,,,
494,1761652368,1761652368,5,-19328.1,-322.14,391,396,-9,-4,,,
499,1761652373,1761652373,11.5,-19323.1,-322.05,391,399,-9,-1,,,
500,1761652374,1761652374,7,-19322.1,-322.04,391,399,-9,-1,,,
506,1761652380,1761652380,7,-19316.1,-321.94,391,400,-9,0,,,
511,1761652385,1761652385,12.5,-19311.1,-321.85,391,399,-9,-1,,,
513,1761652387,1761652387,11,-19309.1,-321.82,391,399,-9,-1,,,
514,1761652388,1761652388,10,-19308.1,-321.8,391,399,-9,-1,,,
515,1761652389,1761652389,13.5,-19307.1,-321.79,391,400,-9,0,,,
516,1761652390,1761652390,7.5,-19306.1,-321.77,391,400,-9,0,,,
517,1761652391,1761652391,15,-19305.1,-321.75,391,400,-9,0,,,
518,1761652392,1761652392,5,-19304.1,-321.74,391,399,-9,-1,,,
519,1761652393,1761652393,8.5,-19303.1,-321.72,391,397,-9,-3,,,
527,1761652401,1761652401,3,-19295.1,-321.59,391,399,-9,-1,,,
532,1761652406,1761652406,6.5,-19290.1,-321.5,391,398,-9,-2,,,
536,1761652410,1761652410,6,-19286.1,-321.44,391,398,-9,-2,,,
537,1761652411,1761652411,4.5,-19285.1,-321.42,391,400,-9,0,,,
542,1761652416,1761652416,5,-19280.1,-321.34,391,398,-9,-2,,,
546,1761652420,1761652420,9,-19276.1,-321.27,391,401,-9,1,,,
547,1761652421,1761652421,6,-19275.1,-321.25,391,400,-9,0,,,
548,1761652422,1761652422,9.5,-19274.1,-321.24,391,400,-9,0,,,
551,1761652425,1761652425,4,-19271.1,-321.19,391,398,-9,-2,,,
553,1761652427,1761652427,3,-19269.1,-321.15,391,400,-9,0,,,
556,1761652430,1761652430,8,-19266.1,-321.1,391,399,-9,-1,,,
558,1761652432,1761652432,9,-19264.1,-321.07,391,400,-9,0,,,
560,1761652434,1761652434,10,-19262.1,-321.04,391,400,-9,0,,,
561,1761652435,1761652435,4,-19261.1,-321.02,391,400,-9,0,,,
570,1761652444,1761652444,9,-19252.1,-320.87,391,397,-9,-3,,,
578,1761652452,1761652452,15.5,-19244.1,-320.73,391,400,-9,0,,,
593,1761652467,1761652467,13,-19229.1,-320.48,391,400,-9,0,,,
601,1761652475,1761652475,13,-19221.1,-320.35,391,400,-9,0,,,
604,1761652478,1761652478,5.5,-19218.1,-320.3,391,399,-9,-1,,,
605,1761652479,1761652479,12.5,-19217.1,-320.28,391,400,-9,0,,,
606,1761652480,1761652480,8.5,-19216.1,-320.27,391,400,-9,0,,,
616,1761652490,1761652490,5.5,-19206.1,-320.1,391,399,-9,-1,,,
618,1761652492,1761652492,6.5,-19204.1,-320.07,391,398,-9,-2,,,
619,1761652493,1761652493,13,-19203.1,-320.05,391,398,-9,-2,,,
620,1761652494,1761652494,5.5,-19202.1,-320.03,391,399,-9,-1,,,
621,1761652495,1761652495,9.5,-19201.1,-320.02,391,400,-9,0,,,
625,1761652499,1761652499,1.5,-19197.1,-319.95,391,399,-9,-1,,,
626,1761652500,1761652500,11,-19196.1,-319.93,391,399,-9,-1,,,
627,1761652501,1761652501,5.5,-19195.1,-319.92,391,400,-9,0,,,
630,1761652504,1761652504,4,-19192.1,-319.87,391,398,-9,-2,,,
631,1761652505,1761652505,2.5,-19191.1,-319.85,391,400,-9,0,,,
633,1761652507,1761652507,4.5,-19189.1,-319.82,391,400,-9,0,,,
635,1761652509,1761652509,2,-19187.1,-319.78,391,400,-9,0,,,
636,1761652510,1761652510,9,-19186.1,-319.77,391,400,-9,0,,,
639,1761652513,1761652513,5,-19183.1,-319.72,391,400,-9,0,,,
640,1761652514,1761652514,12,-19182.1,-319.7,391,401,-9,1,,,
641,1761652515,1761652515,3.5,-19181.1,-319.68,391,399,-9,-1,,,
645,1761652519,1761652519,4,-19177.1,-319.62,391,401,-9,1,,,
652,1761652526,1761652526,8.5,-19170.1,-319.5,391,400,-9,0,,,
654,1761652528,1761652528,11,-19168.1,-319.47,391,400,-9,0,,,
655,1761652529,1761652529,6,-19167.1,-319.45,391,400,-9,0,,,
657,1761652531,1761652531,5,-19165.1,-319.42,391,399,-9,-1,,,
659,1761652533,1761652533,5.5,-19163.1,-319.38,391,400,-9,0,,,
660,1761652534,1761652534,12,-19162.1,-319.37,391,399,-9,-1,,,
661,1761652535,1761652535,4,-19161.1,-319.35,391,401,-9,1,,,
668,1761652542,1761652542,11,-19154.1,-319.23,391,400,-9,0,,,
670,1761652544,1761652544,11,-19152.1,-319.2,391,398,-9,-2,,,
671,1761652545,1761652545,7.5,-19151.1,-319.18,391,398,-9,-2,,,
672,1761652546,1761652546,12.5,-19150.1,-319.17,391,400,-9,0,,,
673,1761652547,1761652547,3,-19149.1,-319.15,391,399,-9,-1,,,
675,1761652549,1761652549,4.5,-19147.1,-319.12,391,398,-9,-2,,,
681,1761652555,1761652555,9.5,-19141.1,-319.02,391,401,-9,1,,,
682,1761652556,1761652556,12,-19140.1,-319,391,400,-9,0,,,
684,1761652558,1761652558,12,-19138.1,-318.97,391,400,-9,0,,,
686,1761652560,1761652560,11,-19136.1,-318.93,391,400,-9,0,,,
687,1761652561,1761652561,7.5,-19135.1,-318.92,391,400,-9,0,,,
690,1761652564,1761652564,11,-19132,-318.87,391,400,-9,0,,,
691,1761652565,1761652565,7.5,-19131.1,-318.85,391,400,-9,0,,,
696,1761652570,1761652570,9.5,-19126,-318.77,391,399,-9,-1,,,
702,1761652576,1761652576,9,-19120,-318.67,391,400,-9,0,,,
703,1761652577,1761652577,9,-19119,-318.65,391,400,-9,0,,,
706,1761652580,1761652580,2,-19116.1,-318.6,391,399,-9,-1,,,
709,1761652583,1761652583,6,-19113,-318.55,391,400,-9,0,,,
711,1761652585,1761652585,9,-19111,-318.52,391,399,-9,-1,,,
714,1761652588,1761652588,1.5,-19108,-318.47,391,399,-9,-1,,,
717,1761652591,1761652591,7.5,-19105,-318.42,391,399,-9,-1,,,
721,1761652595,1761652595,9.5,-19101,-318.35,391,398,-9,-2,,,
730,1761652604,1761652604,5.5,-19092,-318.2,391,400,-9,0,,,
731,1761652605,1761652605,9,-19091,-318.18,391,398,-9,-2,,,
737,1761652611,1761652611,5.5,-19085,-318.08,391,398,-9,-2,,,
739,1761652613,1761652613,3,-19083,-318.05,391,400,-9,0,,,
741,1761652615,1761652615,6.5,-19081,-318.02,391,398,-9,-2,,,
743,1761652617,1761652617,5,-19079,-317.98,391,399,-9,-1,,,
745,1761652619,1761652619,5.5,-19077,-317.95,391,400,-9,0,,,
748,1761652622,1761652622,13.5,-19074,-317.9,391,398,-9,-2,,,
749,1761652623,1761652623,9,-19073,-317.88,391,400,-9,0,,,
753,1761652627,1761652627,8.5,-19069,-317.82,391,399,-9,-1,,,
756,1761652630,1761652630,10.5,-19066,-317.77,391,400,-9,0,,,
760,1761652634,1761652634,13,-19062,-317.7,391,399,-9,-1,,,
766,1761652640,1761652640,13,-19056,-317.6,391,400,-9,0,,,
771,1761652645,1761652645,2.5,-19051,-317.52,391,398,-9,-2,,,
776,1761652650,1761652650,11.5,-19046,-317.43,391,397,-9,-3,,,
778,1761652652,1761652652,3,-19044,-317.4,391,400,-9,0,,,
779,1761652653,1761652653,4.5,-19043,-317.38,391,399,-9,-1,,,
780,1761652654,1761652654,3,-19042,-317.37,391,399,-9,-1,,,
781,1761652655,1761652655,11,-19041,-317.35,391,400,-9,0,,,
782,1761652656,1761652656,0.5,-19040,-317.33,391,399,-9,-1,,,
783,1761652657,1761652657,9.5,-19039,-317.32,391,400,-9,0,,,
784,1761652658,1761652658,5,-19038,-317.3,391,400,-9,0,,,
787,1761652661,1761652661,6.5,-19035,-317.25,391,400,-9,0,,,
793,1761652667,1761652667,11,-19029,-317.15,391,400,-9,0,,,
796,1761652670,1761652670,1.5,-19026,-317.1,391,398,-9,-2,,,
797,1761652671,1761652671,11.5,-19025,-317.08,391,400,-9,0,,,
798,1761652672,1761652672,5,-19024,-317.07,391,397,-9,-3,,,
799,1761652673,1761652673,12.5,-19023,-317.05,391,401,-9,1,,,
800,1761652674,1761652674,5,-19022,-317.03,391,399,-9,-1,,,
801,1761652675,1761652675,8.5,-19021,-317.02,391,400,-9,0,,,
805,1761652679,1761652679,7,-19017,-316.95,391,400,-9,0,,,
813,1761652687,1761652687,9,-19009,-316.82,391,400,-9,0,,,
817,1761652691,1761652691,9,-19005,-316.75,391,400,-9,0,,,
819,1761652693,1761652693,10,-19003,-316.72,391,400,-9,0,,,
824,1761652698,1761652698,5.5,-18998,-316.63,391,400,-9,0,,,
825,1761652699,1761652699,9,-18997,-316.62,391,401,-9,1,,,
826,1761652700,1761652700,1.5,-18996,-316.6,391,399,-9,-1,,,
828,1761652702,1761652702,4,-18994,-316.57,391,400,-9,0,,,
833,1761652707,1761652707,11.5,-18989,-316.48,391,399,-9,-1,,,
836,1761652710,1761652710,8,-18986,-316.43,391,399,-9,-1,,,
840,1761652714,1761652714,6.5,-18982,-316.37,391,400,-9,0,,,
842,1761652716,1761652716,10,-18980,-316.33,391,400,-9,0,,,
845,1761652719,1761652719,10,-18977,-316.28,391,400,-9,0,,,
846,1761652720,1761652720,8,-18976,-316.27,391,400,-9,0,,,
847,1761652721,1761652721,9,-18975,-316.25,391,399,-9,-1,,,
849,1761652723,1761652723,10.5,-18973,-316.22,391,399,-9,-1,,,
850,1761652724,1761652724,2,-18972,-316.2,391,399,-9,-1,,,
852,1761652726,1761652726,9.5,-18970,-316.17,391,400,-9,0,,,
855,1761652729,1761652729,13,-18967,-316.12,391,400,-9,0,,,
856,1761652730,1761652730,10.5,-18966,-316.1,391,400,-9,0,,,
857,1761652731,1761652731,16,-18965,-316.08,391,398,-9,-2,,,
858,1761652732,1761652732,10,-18964,-316.07,391,401,-9,1,,,
860,1761652734,1761652734,6,-18962,-316.03,391,401,-9,1,,,
867,1761652741,1761652741,2.5,-18955,-315.92,391,400,-9,0,,,
868,1761652742,1761652742,8.5,-18954,-315.9,391,399,-9,-1,,,
869,1761652743,1761652743,5,-18953,-315.88,391,399,-9,-1,,,
872,1761652746,1761652746,7.5,-18950,-315.83,391,400,-9,0,,,
873,1761652747,1761652747,4,-18949,-315.82,391,399,-9,-1,,,
874,1761652748,1761652748,11.5,-18948,-315.8,391,399,-9,-1,,,
875,1761652749,1761652749,6,-18947,-315.78,391,401,-9,1,,,
877,1761652751,1761652751,4,-18945,-315.75,391,400,-9,0,,,
880,1761652754,1761652754,10.5,-18942,-315.7,391,400,-9,0,,,
887,1761652761,1761652761,6.5,-18935,-315.58,391,400,-9,0,,,
889,1761652763,1761652763,4.5,-18933,-315.55,391,400,-9,0,,,
892,1761652766,1761652766,10,-18930,-315.5,391,398,-9,-2,,,
900,1761652774,1761652774,9.5,-18922,-315.37,391,399,-9,-1,,,
901,1761652775,1761652775,4.5,-18921,-315.35,391,398,-9,-2,,,
906,1761652780,1761652780,10,-18916,-315.27,391,400,-9,0,,,
910,1761652784,1761652784,13,-18912,-315.2,391,399,-9,-1,,,
920,1761652794,1761652794,10,-18902,-315.03,391,400,-9,0,,,
928,1761652802,1761652802,9,-18894,-314.9,391,399,-9,-1,,,
930,1761652804,1761652804,9.5,-18892,-314.87,391,400,-9,0,,,
932,1761652806,1761652806,12,-18890,-314.83,391,400,-9,0,,,
934,1761652808,1761652808,11,-18888,-314.8,391,401,-9,1,,,
939,1761652813,1761652813,2,-18883,-314.72,391,399,-9,-1,,,
940,1761652814,1761652814,9,-18882,-314.7,391,399,-9,-1,,,
941,1761652815,1761652815,3,-18881,-314.68,391,400,-9,0,,,
942,1761652816,1761652816,12,-18879.9,-314.67,391,399,-9,-1,,,
947,1761652821,1761652821,8,-18875,-314.58,391,400,-9,0,,,
948,1761652822,1761652822,11.5,-18873.9,-314.57,391,400,-9,0,,,
951,1761652825,1761652825,6,-18871,-314.52,391,400,-9,0,,,
956,1761652830,1761652830,11,-18865.9,-314.43,391,399,-9,-1,,,
957,1761652831,1761652831,8.5,-18864.9,-314.42,391,399,-9,-1,,,
958,1761652832,1761652832,10.5,-18863.9,-314.4,391,398,-9,-2,,,
959,1761652833,1761652833,6,-18862.9,-314.38,391,399,-9,-1,,,
961,1761652835,1761652835,4,-18860.9,-314.35,391,399,-9,-1,,,
963,1761652837,1761652837,7.5,-18858.9,-314.32,391,400,-9,0,,,
964,1761652838,1761652838,12,-18857.9,-314.3,391,399,-9,-1,,,
969,1761652843,1761652843,6,-18852.9,-314.22,391,399,-9,-1,,,
973,1761652847,1761652847,7,-18848.9,-314.15,391,399,-9,-1,,,
975,1761652849,1761652849,7,-18846.9,-314.12,391,399,-9,-1,,,
976,1761652850,1761652850,14,-18845.9,-314.1,391,400,-9,0,,,
978,1761652852,1761652852,14,-18843.9,-314.07,391,400,-9,0,,,
983,1761652857,1761652857,8,-18838.9,-313.98,391,400,-9,0,,,
985,1761652859,1761652859,8,-18836.9,-313.95,391,400,-9,0,,,
986,1761652860,1761652860,5.5,-18835.9,-313.93,391,400,-9,0,,,
998,1761652872,1761652872,2.5,-18823.9,-313.73,391,400,-9,0,,,
1000,1761652874,1761652874,5,-18821.9,-313.7,391,400,-9,0,,,
1006,1761652880,1761652880,3.5,-18815.9,-313.6,391,400,-9,0,,,
1007,1761652881,1761652881,11.5,-18814.9,-313.58,391,398,-9,-2,,,
1018,1761652892,1761652892,8,-18803.9,-313.4,391,400,-9,0,,,
1020,1761652894,1761652894,5.5,-18801.9,-313.37,391,400,-9,0,,,
1023,1761652897,1761652897,13,-18798.9,-313.32,391,401,-9,1,,,
1024,1761652898,1761652898,5.5,-18797.9,-313.3,391,399,-9,-1,,,
1025,1761652899,1761652899,11.5,-18796.9,-313.28,391,399,-9,-1,,,
1027,1761652901,1761652901,13.5,-18794.9,-313.25,391,400,-9,0,,,
1033,1761652907,1761652907,9.5,-18788.9,-313.15,391,400,-9,0,,,
1034,1761652908,1761652908,4.5,-18787.9,-313.13,391,400,-9,0,,,
1035,1761652909,1761652909,8.5,-18786.9,-313.12,391,400,-9,0,,,
1038,1761652912,1761652912,5.5,-18783.9,-313.07,391,401,-9,1,,,
1041,1761652915,1761652915,10,-18780.9,-313.02,391,400,-9,0,,,
1044,1761652918,1761652918,2.5,-18777.9,-312.97,391,399,-9,-1,,,
1046,1761652920,1761652920,4.5,-18775.9,-312.93,391,399,-9,-1,,,
1048,1761652922,1761652922,6.5,-18773.9,-312.9,391,399,-9,-1,,,
1051,1761652925,1761652925,12.5,-18770.9,-312.85,391,400,-9,0,,,
1057,1761652931,1761652931,5,-18764.9,-312.75,391,400,-9,0,,,
1062,1761652936,1761652936,2,-18759.9,-312.67,391,398,-9,-2,,,
1064,1761652938,1761652938,3.5,-18757.9,-312.63,391,400,-9,0,,,
1070,1761652944,1761652944,5.5,-18751.9,-312.53,391,401,-9,1,,,
1074,1761652948,1761652948,6,-18747.9,-312.47,391,400,-9,0,,,
1077,1761652951,1761652951,12,-18744.9,-312.42,391,400,-9,0,,,
1080,1761652954,1761652954,14.5,-18741.9,-312.36,391,399,-9,-1,,,
1081,1761652955,1761652955,7,-18740.9,-312.35,391,399,-9,-1,,,
1086,1761652960,1761652960,13,-18735.9,-312.26,391,400,-9,0,,,
1087,1761652961,1761652961,9,-18734.9,-312.25,391,400,-9,0,,,
1089,1761652963,1761652963,7,-18732.9,-312.22,391,397,-9,-3,,,
1094,1761652968,1761652968,11,-18727.9,-312.13,391,399,-9,-1,,,
1100,1761652974,1761652974,2.5,-18721.9,-312.03,391,399,-9,-1,,,
1103,1761652977,1761652977,5.5,-18718.9,-311.98,391,400,-9,0,,,
1105,1761652979,1761652979,7,-18716.9,-311.95,391,399,-9,-1,,,
1107,1761652981,1761652981,6.5,-18714.9,-311.91,391,399,-9,-1,,,
1108,1761652982,1761652982,10,-18713.9,-311.9,391,400,-9,0,,,
1109,1761652983,1761652983,5.5,-18712.9,-311.88,391,399,-9,-1,,,
1112,1761652986,1761652986,12.5,-18709.9,-311.83,391,400,-9,0,,,
1113,1761652987,1761652987,9,-18708.9,-311.81,391,400,-9,0,,,
1116,1761652990,1761652990,12,-18705.9,-311.76,391,399,-9,-1,,,
1117,1761652991,1761652991,6,-18704.9,-311.75,391,399,-9,-1,,,
1118,1761652992,1761652992,13.5,-18703.9,-311.73,391,400,-9,0,,,
1119,1761652993,1761652993,7.5,-18702.9,-311.71,391,401,-9,1,,,
1122,1761652996,1761652996,14.5,-18699.9,-311.66,391,399,-9,-1,,,
1130,1761653004,1761653004,11.5,-18691.9,-311.53,391,399,-9,-1,,,
1131,1761653005,1761653005,4.5,-18690.9,-311.51,391,400,-9,0,,,
1132,1761653006,1761653006,11.5,-18689.9,-311.5,391,400,-9,0,,,
1136,1761653010,1761653010,10,-18685.9,-311.43,391,398,-9,-2,,,
1138,1761653012,1761653012,10.5,-18683.9,-311.4,391,399,-9,-1,,,
1139,1761653013,1761653013,8.5,-18682.9,-311.38,391,400,-9,0,,,
1140,1761653014,1761653014,13,-18681.9,-311.36,391,399,-9,-1,,,
1142,1761653016,1761653016,12,-18679.9,-311.33,391,399,-9,-1,,,
1151,1761653025,1761653025,8,-18670.9,-311.18,391,400,-9,0,,,
1160,1761653034,1761653034,9,-18661.9,-311.03,391,400,-9,0,,,
1161,1761653035,1761653035,5.5,-18660.9,-311.01,391,399,-9,-1,,,
1162,1761653036,1761653036,8,-18659.9,-311,391,398,-9,-2,,,
1167,1761653041,1761653041,5.5,-18654.9,-310.91,391,399,-9,-1,,,
1171,1761653045,1761653045,7.5,-18650.9,-310.85,391,401,-9,1,,,
1172,1761653046,1761653046,10,-18649.9,-310.83,391,400,-9,0,,,
1173,1761653047,1761653047,2.5,-18648.9,-310.81,391,399,-9,-1,,,
1177,1761653051,1761653051,5,-18644.9,-310.75,391,400,-9,0,,,
1178,1761653052,1761653052,11,-18643.9,-310.73,391,400,-9,0,,,
1180,1761653054,1761653054,10.5,-18641.9,-310.7,391,400,-9,0,,,
1183,1761653057,1761653057,8.5,-18638.9,-310.65,391,399,-9,-1,,,
1185,1761653059,1761653059,3.5,-18636.9,-310.61,391,398,-9,-2,,,
1187,1761653061,1761653061,3,-18634.9,-310.58,391,399,-9,-1,,,
1188,1761653062,1761653062,14.5,-18633.9,-310.56,391,399,-9,-1,,,
1200,1761653074,1761653074,10,-18621.9,-310.36,391,400,-9,0,,,
1203,1761653077,1761653077,3,-18618.9,-310.31,391,400,-9,0,,,
1212,1761653086,1761653086,8.5,-18609.9,-310.16,391,401,-9,1,,,
1213,1761653087,1761653087,2,-18608.9,-310.15,391,400,-9,0,,,
1219,1761653093,1761653093,3,-18602.9,-310.05,391,400,-9,0,,,
1221,1761653095,1761653095,7,-18600.9,-310.01,391,400,-9,0,,,
1224,1761653098,1761653098,8.5,-18597.9,-309.96,391,401,-9,1,,,
1227,1761653101,1761653101,3.5,-18594.9,-309.91,391,398,-9,-2,,,
1243,1761653117,1761653117,5,-18578.8,-309.65,391,398,-9,-2,,,
1246,1761653120,1761653120,10.5,-18575.8,-309.6,391,399,-9,-1,,,
1247,1761653121,1761653121,2,-18574.8,-309.58,391,400,-9,0,,,
1252,1761653126,1761653126,8.5,-18569.8,-309.5,391,399,-9,-1,,,
1255,1761653129,1761653129,2,-18566.8,-309.45,391,399,-9,-1,,,
1256,1761653130,1761653130,8,-18565.8,-309.43,391,399,-9,-1,,,
1260,1761653134,1761653134,10,-18561.8,-309.36,391,399,-9,-1,,,
1264,1761653138,1761653138,12.5,-18557.8,-309.3,391,401,-9,1,,,
1267,1761653141,1761653141,2.5,-18554.8,-309.25,391,399,-9,-1,,,
1269,1761653143,1761653143,14,-18552.8,-309.21,391,399,-9,-1,,,
1277,1761653151,1761653151,13.5,-18544.8,-309.08,391,400,-9,0,,,
1278,1761653152,1761653152,7,-18543.8,-309.06,391,398,-9,-2,,,
1280,1761653154,1761653154,9.5,-18541.8,-309.03,391,400,-9,0,,,
1282,1761653156,1761653156,6,-18539.8,-309,391,399,-9,-1,,,
1284,1761653158,1761653158,7,-18537.8,-308.96,391,399,-9,-1,,,
1288,1761653162,1761653162,9.5,-18533.8,-308.9,391,397,-9,-3,,,
1292,1761653166,1761653166,8,-18529.8,-308.83,391,400,-9,0,,,
1294,1761653168,1761653168,8,-18527.8,-308.8,391,399,-9,-1,,,
1302,1761653176,1761653176,10,-18519.8,-308.66,391,400,-9,0,,,
1307,1761653181,1761653181,5.5,-18514.8,-308.58,391,399,-9,-1,,,
1309,1761653183,1761653183,6.5,-18512.8,-308.55,391,399,-9,-1,,,
1314,1761653188,1761653188,7.5,-18507.8,-308.46,391,400,-9,0,,,
1317,1761653191,1761653191,2.5,-18504.8,-308.41,391,398,-9,-2,,,
1320,1761653194,1761653194,12,-18501.8,-308.36,391,399,-9,-1,,,
1324,1761653198,1761653198,9.5,-18497.8,-308.3,391,399,-9,-1,,,
1326,1761653200,1761653200,9.5,-18495.8,-308.26,391,400,-9,0,,,
1331,1761653205,1761653205,10,-18490.8,-308.18,391,400,-9,0,,,
1334,1761653208,1761653208,12,-18487.8,-308.13,391,397,-9,-3,,,
1336,1761653210,1761653210,15.5,-18485.8,-308.1,391,400,-9,0,,,
1348,1761653222,1761653222,3,-18473.8,-307.9,391,400,-9,0,,,
1357,1761653231,1761653231,11.5,-18464.8,-307.75,391,400,-9,0,,,
1359,1761653233,1761653233,14,-18462.8,-307.71,391,401,-9,1,,,
1362,1761653236,1761653236,6,-18459.8,-307.66,391,399,-9,-1,,,
1368,1761653242,1761653242,11,-18453.8,-307.56,391,399,-9,-1,,,
1371,1761653245,1761653245,5.5,-18450.8,-307.51,391,399,-9,-1,,,
1374,1761653248,1761653248,16.5,-18447.8,-307.46,391,400,-9,0,,,
1385,1761653259,1761653259,10.5,-18436.8,-307.28,391,397,-9,-3,,,
1387,1761653261,1761653261,5,-18434.8,-307.25,391,398,-9,-2,,,
1388,1761653262,1761653262,2.5,-18433.8,-307.23,391,400,-9,0,,,
1406,1761653280,1761653280,3,-18415.8,-306.93,391,399,-9,-1,,,
1407,1761653281,1761653281,10.5,-18414.8,-306.91,391,400,-9,0,,,
1408,1761653282,1761653282,4.5,-18413.8,-306.9,391,400,-9,0,,,
1411,1761653285,1761653285,7.5,-18410.8,-306.85,391,398,-9,-2,,,
1413,1761653287,1761653287,8.5,-18408.8,-306.81,391,400,-9,0,,,
1417,1761653291,1761653291,10.5,-18404.8,-306.75,391,399,-9,-1,,,
1420,1761653294,1761653294,6.5,-18401.8,-306.7,391,399,-9,-1,,,
1421,1761653295,1761653295,10,-18400.8,-306.68,391,399,-9,-1,,,
1422,1761653296,1761653296,3,-18399.8,-306.66,391,399,-9,-1,,,
1426,1761653300,1761653300,4,-18395.8,-306.6,391,399,-9,-1,,,
1433,1761653307,1761653307,13,-18388.8,-306.48,391,401,-9,1,,,
1435,1761653309,1761653309,11.5,-18386.8,-306.45,391,399,-9,-1,,,
1438,1761653312,1761653312,4.5,-18383.8,-306.4,391,400,-9,0,,,
1455,1761653329,1761653329,5.5,-18366.8,-306.11,391,400,-9,0,,,
1458,1761653332,1761653332,10.5,-18363.8,-306.06,391,400,-9,0,,,
1459,1761653333,1761653333,3.5,-18362.8,-306.05,391,399,-9,-1,,,
1462,1761653336,1761653336,8,-18359.8,-306,391,399,-9,-1,,,
1463,1761653337,1761653337,5.5,-18358.8,-305.98,391,400,-9,0,,,
1464,1761653338,1761653338,10,-18357.8,-305.96,391,400,-9,0,,,
1466,1761653340,1761653340,10.5,-18355.8,-305.93,391,399,-9,-1,,,
1468,1761653342,1761653342,14.5,-18353.8,-305.9,391,400,-9,0,,,
1471,1761653345,1761653345,1,-18350.8,-305.85,391,399,-9,-1,,,
1472,1761653346,1761653346,11.5,-18349.8,-305.83,391,399,-9,-1,,,
1473,1761653347,1761653347,6.5,-18348.8,-305.81,391,400,-9,0,,,
1474,1761653348,1761653348,12,-18347.8,-305.8,391,398,-9,-2,,,
1482,1761653356,1761653356,10.5,-18339.8,-305.66,391,399,-9,-1,,,
1483,1761653357,1761653357,4,-18338.8,-305.65,391,400,-9,0,,,
1484,1761653358,1761653358,11.5,-18337.8,-305.63,391,398,-9,-2,,,
1485,1761653359,1761653359,5.5,-18336.8,-305.61,391,400,-9,0,,,
1487,1761653361,1761653361,6,-18334.8,-305.58,391,398,-9,-2,,,
1489,1761653363,1761653363,5,-18332.8,-305.55,391,398,-9,-2,,,
1491,1761653365,1761653365,9.5,-18330.8,-305.51,391,399,-9,-1,,,
1492,1761653366,1761653366,15.5,-18329.7,-305.5,391,400,-9,0,,,
1494,1761653368,1761653368,2,-18327.8,-305.46,391,400,-9,0,,,
1495,1761653369,1761653369,6,-18326.8,-305.45,391,399,-9,-1,,,
1506,1761653380,1761653380,4,-18315.7,-305.26,391,400,-9,0,,,
1508,1761653382,1761653382,1.5,-18313.7,-305.23,391,398,-9,-2,,,
1512,1761653386,1761653386,4,-18309.7,-305.16,391,398,-9,-2,,,
1514,1761653388,1761653388,4,-18307.7,-305.13,391,401,-9,1,,,
1517,1761653391,1761653391,7.5,-18304.7,-305.08,391,400,-9,0,,,
1518,1761653392,1761653392,5,-18303.7,-305.06,391,399,-9,-1,,,
1519,1761653393,1761653393,8.5,-18302.7,-305.05,391,400,-9,0,,,
1520,1761653394,1761653394,5,-18301.7,-305.03,391,399,-9,-1,,,
1522,1761653396,1761653396,5.5,-18299.7,-305,391,399,-9,-1,,,
1528,1761653402,1761653402,6.5,-18293.7,-304.9,391,399,-9,-1,,,
1532,1761653406,1761653406,1.5,-18289.7,-304.83,391,397,-9,-3,,,
1539,1761653413,1761653413,9,-18282.7,-304.71,391,400,-9,0,,,
1542,1761653416,1761653416,7.5,-18279.7,-304.66,391,400,-9,0,,,
1544,1761653418,1761653418,6,-18277.7,-304.63,391,399,-9,-1,,,
1545,1761653419,1761653419,10.5,-18276.7,-304.61,391,400,-9,0,,,
1549,1761653423,1761653423,7,-18272.7,-304.55,391,401,-9,1,,,
1551,1761653425,1761653425,9.5,-18270.7,-304.51,391,399,-9,-1,,,
1553,1761653427,1761653427,8.5,-18268.7,-304.48,391,399,-9,-1,,,
1557,1761653431,1761653431,7,-18264.7,-304.41,391,400,-9,0,,,
1558,1761653432,1761653432,6,-18263.7,-304.4,391,400,-9,0,,,
1559,1761653433,1761653433,12,-18262.7,-304.38,391,401,-9,1,,,
1560,1761653434,1761653434,2.5,-18261.7,-304.36,391,400,-9,0,,,
1562,1761653436,1761653436,6,-18259.7,-304.33,391,400,-9,0,,,
1563,1761653437,1761653437,6.5,-18258.7,-304.31,391,400,-9,0,,,
1564,1761653438,1761653438,11,-18257.7,-304.3,391,396,-9,-4,,,
1567,1761653441,1761653441,9.5,-18254.7,-304.25,391,399,-9,-1,,,
1571,1761653445,1761653445,6.5,-18250.7,-304.18,391,401,-9,1,,,
1576,1761653450,1761653450,5.5,-18245.7,-304.1,391,399,-9,-1,,,
1577,1761653451,1761653451,10.5,-18244.7,-304.08,391,400,-9,0,,,
1581,1761653455,1761653455,8.5,-18240.7,-304.01,391,399,-9,-1,,,
1586,1761653460,1761653460,1,-18235.7,-303.93,391,400,-9,0,,,
1591,1761653465,1761653465,10,-18230.7,-303.85,391,400,-9,0,,,
1595,1761653469,1761653469,8.5,-18226.7,-303.78,391,400,-9,0,,,
1602,1761653476,1761653476,4.5,-18219.7,-303.66,391,400,-9,0,,,
1606,1761653480,1761653480,3,-18215.7,-303.6,391,398,-9,-2,,,
1618,1761653492,1761653492,7,-18203.7,-303.4,391,400,-9,0,,,
1619,1761653493,1761653493,12,-18202.7,-303.38,391,400,-9,0,,,
1626,1761653500,1761653500,6.5,-18195.7,-303.26,391,400,-9,0,,,
1629,1761653503,1761653503,12,-18192.7,-303.21,391,401,-9,1,,,
1630,1761653504,1761653504,6,-18191.7,-303.2,391,398,-9,-2,,,
1631,1761653505,1761653505,11.5,-18190.7,-303.18,391,400,-9,0,,,
1634,1761653508,1761653508,6,-18187.7,-303.13,391,400,-9,0,,,
1635,1761653509,1761653509,13,-18186.7,-303.11,391,400,-9,0,,,
1637,1761653511,1761653511,8,-18184.7,-303.08,391,398,-9,-2,,,
1641,1761653515,1761653515,11,-18180.7,-303.01,391,399,-9,-1,,,
1643,1761653517,1761653517,13,-18178.7,-302.98,391,401,-9,1,,,
1644,1761653518,1761653518,6.5,-18177.7,-302.96,391,398,-9,-2,,,
1650,1761653524,1761653524,2.5,-18171.7,-302.86,391,398,-9,-2,,,
1652,1761653526,1761653526,7.5,-18169.7,-302.83,391,400,-9,0,,,
1657,1761653531,1761653531,2.5,-18164.7,-302.74,391,400,-9,0,,,
1658,1761653532,1761653532,6,-18163.7,-302.73,391,399,-9,-1,,,
1660,1761653534,1761653534,8.5,-18161.7,-302.69,391,399,-9,-1,,,
1661,1761653535,1761653535,5.5,-18160.7,-302.68,391,401,-9,1,,,
1666,1761653541,1761653540,9,-18155.7,-302.59,391,400,-9,0,,,
1668,1761653543,1761653542,10,-18153.7,-302.56,391,400,-9,0,,,
1670,1761653545,1761653544,9,-18151.7,-302.53,391,399,-9,-1,,,
1675,1761653550,1761653549,7.5,-18146.7,-302.44,391,400,-9,0,,,
1677,1761653552,1761653551,4,-18144.7,-302.41,391,400,-9,0,,,
1679,1761653554,1761653553,6,-18142.7,-302.38,391,400,-9,0,,,
1681,1761653556,1761653556,5,-18140.7,-302.34,391,398,-9,-2,,,
1687,1761653562,1761653561,9.5,-18134.7,-302.24,391,400,-9,0,,,
1688,1761653563,1761653563,10.5,-18133.7,-302.23,391,399,-9,-1,,,
1692,1761653567,1761653567,12.5,-18129.7,-302.16,391,400,-9,0,,,
1706,1761653581,1761653581,7,-18115.7,-301.93,391,400,-9,0,,,
1707,1761653582,1761653582,4.5,-18114.7,-301.91,391,400,-9,0,,,
1709,1761653584,1761653584,7,-18112.7,-301.88,391,399,-9,-1,,,
1713,1761653588,1761653588,2,-18108.7,-301.81,391,400,-9,0,,,
1714,1761653589,1761653589,6.5,-18107.7,-301.79,391,400,-9,0,,,
1717,1761653592,1761653592,6.5,-18104.7,-301.74,391,400,-9,0,,,
1718,1761653593,1761653593,8.5,-18103.7,-301.73,391,399,-9,-1,,,
1719,1761653594,1761653594,2,-18102.7,-301.71,391,398,-9,-2,,,
1720,1761653595,1761653595,10.5,-18101.7,-301.69,391,400,-9,0,,,
1721,1761653596,1761653596,6,-18100.7,-301.68,391,400,-9,0,,,
1723,1761653598,1761653598,6,-18098.7,-301.64,391,400,-9,0,,,
1726,1761653601,1761653601,10,-18095.7,-301.59,391,401,-9,1,,,
1730,1761653605,1761653605,11.5,-18091.7,-301.53,391,400,-9,0,,,
1733,1761653608,1761653608,3,-18088.7,-301.48,391,399,-9,-1,,,
1735,1761653610,1761653610,4,-18086.7,-301.44,391,400,-9,0,,,
1744,1761653619,1761653619,9,-18077.7,-301.29,391,401,-9,1,,,
1746,1761653621,1761653621,8.5,-18075.7,-301.26,391,400,-9,0,,,
1747,1761653622,1761653622,0,-18074.7,-301.24,391,399,-9,-1,,,
1748,1761653623,1761653623,12,-18073.6,-301.23,391,398,-9,-2,,,
1750,1761653625,1761653625,8,-18071.7,-301.19,391,400,-9,0,,,
1751,1761653626,1761653626,4.5,-18070.7,-301.18,391,400,-9,0,,,
1753,1761653628,1761653628,4.5,-18068.7,-301.14,391,400,-9,0,,,
1755,1761653630,1761653630,6,-18066.7,-301.11,391,399,-9,-1,,,
1756,1761653631,1761653631,10.5,-18065.6,-301.09,391,399,-9,-1,,,
1759,1761653634,1761653634,5.5,-18062.7,-301.04,391,399,-9,-1,,,
1762,1761653637,1761653637,7.5,-18059.6,-300.99,391,399,-9,-1,,,
1763,1761653638,1761653638,6.5,-18058.6,-300.98,391,399,-9,-1,,,
1766,1761653641,1761653641,11.5,-18055.6,-300.93,391,400,-9,0,,,
1769,1761653644,1761653644,5.5,-18052.6,-300.88,391,399,-9,-1,,,
1782,1761653657,1761653657,10.5,-18039.6,-300.66,391,400,-9,0,,,
1789,1761653664,1761653664,1,-18032.6,-300.54,391,398,-9,-2,,,
1796,1761653671,1761653671,11,-18025.6,-300.43,391,399,-9,-1,,,
1799,1761653674,1761653674,8,-18022.6,-300.38,391,399,-9,-1,,,
1804,1761653679,1761653679,11,-18017.6,-300.29,391,399,-9,-1,,,
1811,1761653686,1761653686,7.5,-18010.6,-300.18,391,399,-9,-1,,,
1814,1761653689,1761653689,5.5,-18007.6,-300.13,391,399,-9,-1,,,
1822,1761653697,1761653697,11,-17999.6,-299.99,391,399,-9,-1,,,
1828,1761653703,1761653703,6.5,-17993.6,-299.89,391,400,-9,0,,,
1829,1761653704,1761653704,5,-17992.6,-299.88,391,400,-9,0,,,
1831,1761653706,1761653706,5,-17990.6,-299.84,391,400,-9,0,,,
1832,1761653707,1761653707,13,-17989.6,-299.83,391,398,-9,-2,,,
1834,1761653709,1761653709,8,-17987.6,-299.79,391,400,-9,0,,,
1835,1761653710,1761653710,2,-17986.6,-299.78,391,399,-9,-1,,,
1837,1761653712,1761653712,5.5,-17984.6,-299.74,391,398,-9,-2,,,
1839,1761653714,1761653714,6,-17982.6,-299.71,391,400,-9,0,,,
1840,1761653715,1761653715,9,-17981.6,-299.69,391,399,-9,-1,,,
1841,1761653716,1761653716,3,-17980.6,-299.68,391,400,-9,0,,,
1850,1761653725,1761653725,12.5,-17971.6,-299.53,391,401,-9,1,,,
1852,1761653727,1761653727,12,-17969.6,-299.49,391,399,-9,-1,,,
1859,1761653734,1761653734,7.5,-17962.6,-299.38,391,401,-9,1,,,
1860,1761653735,1761653735,9,-17961.6,-299.36,391,399,-9,-1,,,
1862,1761653737,1761653737,12.5,-17959.6,-299.33,391,400,-9,0,,,
1874,1761653749,1761653749,9,-17947.6,-299.13,391,399,-9,-1,,,
1875,1761653750,1761653750,7.5,-17946.6,-299.11,391,400,-9,0,,,
1876,1761653751,1761653751,9.5,-17945.6,-299.09,391,399,-9,-1,,,
1877,1761653752,1761653752,6,-17944.6,-299.08,391,400,-9,0,,,
1878,1761653753,1761653753,5,-17943.6,-299.06,391,399,-9,-1,,,
1881,1761653756,1761653756,4.5,-17940.6,-299.01,391,398,-9,-2,,,
1887,1761653762,1761653762,7,-17934.6,-298.91,391,401,-9,1,,,
1889,1761653764,1761653764,5.5,-17932.6,-298.88,391,399,-9,-1,,,
1890,1761653765,1761653765,9.5,-17931.6,-298.86,391,400,-9,0,,,
1891,1761653766,1761653766,4.5,-17930.6,-298.84,391,400,-9,0,,,
1893,1761653768,1761653768,6,-17928.6,-298.81,391,400,-9,0,,,
1894,1761653769,1761653769,9.5,-17927.6,-298.79,391,400,-9,0,,,
1895,1761653770,1761653770,6,-17926.6,-298.78,391,400,-9,0,,,
1899,1761653774,1761653774,6,-17922.6,-298.71,391,398,-9,-2,,,
1900,1761653775,1761653775,13,-17921.6,-298.69,391,401,-9,1,,,
1906,1761653781,1761653781,8.5,-17915.6,-298.59,391,399,-9,-1,,,
1907,1761653782,1761653782,7.5,-17914.6,-298.58,391,399,-9,-1,,,
1909,1761653784,1761653784,8,-17912.6,-298.54,391,399,-9,-1,,,
1910,1761653785,1761653785,16,-17911.6,-298.53,391,401,-9,1,,,
1912,1761653787,1761653787,12.5,-17909.6,-298.49,391,400,-9,0,,,
1919,1761653794,1761653794,7.5,-17902.6,-298.38,391,399,-9,-1,,,
1920,1761653795,1761653795,7.5,-17901.6,-298.36,391,398,-9,-2,,,
1923,1761653798,1761653798,8,-17898.6,-298.31,391,399,-9,-1,,,
1925,1761653800,1761653800,9.5,-17896.6,-298.28,391,400,-9,0,,,
1928,1761653803,1761653803,2,-17893.6,-298.23,391,399,-9,-1,,,
1929,1761653804,1761653804,9,-17892.6,-298.21,391,398,-9,-2,,,
1932,1761653807,1761653807,4,-17889.6,-298.16,391,399,-9,-1,,,
1933,1761653808,1761653808,8,-17888.6,-298.14,391,400,-9,0,,,
1939,1761653814,1761653814,4.5,-17882.6,-298.04,391,399,-9,-1,,,
1942,1761653817,1761653817,6.5,-17879.6,-297.99,391,401,-9,1,,,
1943,1761653818,1761653818,8.5,-17878.6,-297.98,391,400,-9,0,,,
1945,1761653820,1761653820,11,-17876.6,-297.94,391,399,-9,-1,,,
1948,1761653823,1761653823,5,-17873.6,-297.89,391,400,-9,0,,,
1955,1761653830,1761653830,10,-17866.6,-297.78,391,399,-9,-1,,,
1957,1761653832,1761653832,9.5,-17864.6,-297.74,391,399,-9,-1,,,
1959,1761653834,1761653834,11.5,-17862.6,-297.71,391,399,-9,-1,,,
1963,1761653838,1761653838,11,-17858.6,-297.64,391,400,-9,0,,,
1964,1761653839,1761653839,6,-17857.6,-297.63,391,400,-9,0,,,
1967,1761653842,1761653842,11,-17854.6,-297.58,391,399,-9,-1,,,
1968,1761653843,1761653843,5,-17853.6,-297.56,391,400,-9,0,,,
1973,1761653848,1761653848,9.5,-17848.6,-297.48,391,400,-9,0,,,
1975,1761653850,1761653850,7,-17846.6,-297.44,391,399,-9,-1,,,
1976,1761653851,1761653851,4.5,-17845.6,-297.43,391,400,-9,0,,,
1989,1761653864,1761653864,12.5,-17832.6,-297.21,391,400,-9,0,,,
1990,1761653865,1761653865,6,-17831.6,-297.19,391,400,-9,0,,,
1992,1761653867,1761653867,4.5,-17829.6,-297.16,391,400,-9,0,,,
1995,1761653870,1761653870,11,-17826.6,-297.11,391,399,-9,-1,,,
1997,1761653872,1761653872,13,-17824.6,-297.08,391,400,-9,0,,,
2000,1761653875,1761653875,4,-17821.6,-297.03,391,398,-9,-2,,,
2003,1761653878,1761653878,11,-17818.6,-296.98,391,398,-9,-2,,,
2008,1761653883,1761653883,8.5,-17813.6,-296.89,391,399,-9,-1,,,
2010,1761653885,1761653885,6.5,-17811.6,-296.86,391,400,-9,0,,,
2011,1761653886,1761653886,3,-17810.6,-296.84,391,399,-9,-1,,,
2014,1761653889,1761653889,9.5,-17807.6,-296.79,391,400,-9,0,,,
2017,1761653892,1761653892,1,-17804.6,-296.74,391,399,-9,-1,,,
2019,1761653894,1761653894,1,-17802.6,-296.71,391,400,-9,0,,,
2024,1761653899,1761653899,10,-17797.5,-296.63,391,400,-9,0,,,
2025,1761653900,1761653900,1.5,-17796.6,-296.61,391,399,-9,-1,,,
2033,1761653908,1761653908,4.5,-17788.5,-296.48,391,400,-9,0,,,
2035,1761653910,1761653910,3,-17786.5,-296.44,391,399,-9,-1,,,
2039,1761653914,1761653914,8,-17782.5,-296.38,391,398,-9,-2,,,
2041,1761653916,1761653916,5.5,-17780.5,-296.34,391,400,-9,0,,,
2042,1761653917,1761653917,12,-17779.5,-296.33,391,400,-9,0,,,
2047,1761653922,1761653922,5,-17774.5,-296.24,391,400,-9,0,,,
2054,1761653929,1761653929,11.5,-17767.5,-296.13,391,401,-9,1,,,
2064,1761653939,1761653939,10,-17757.5,-295.96,391,401,-9,1,,,
2069,1761653944,1761653944,6,-17752.5,-295.88,391,398,-9,-2,,,
2071,1761653946,1761653946,7,-17750.5,-295.84,391,399,-9,-1,,,
2072,1761653947,1761653947,14,-17749.5,-295.83,391,400,-9,0,,,
2074,1761653949,1761653949,11.5,-17747.5,-295.79,391,400,-9,0,,,
2078,1761653953,1761653953,15.5,-17743.5,-295.73,391,400,-9,0,,,
2081,1761653956,1761653956,9,-17740.5,-295.68,391,399,-9,-1,,,
2082,1761653957,1761653957,5,-17739.5,-295.66,391,400,-9,0,,,
2092,1761653967,1761653967,5.5,-17729.5,-295.49,391,399,-9,-1,,,
2094,1761653969,1761653969,3,-17727.5,-295.46,391,400,-9,0,,,
2095,1761653970,1761653970,11.5,-17726.5,-295.44,391,399,-9,-1,,,
2096,1761653971,1761653971,3,-17725.5,-295.43,391,399,-9,-1,,,
2104,1761653979,1761653979,7.5,-17717.5,-295.29,391,400,-9,0,,,
2107,1761653982,1761653982,12.5,-17714.5,-295.24,391,399,-9,-1,,,
2112,1761653987,1761653987,8,-17709.5,-295.16,391,401,-9,1,,,
2115,1761653990,1761653990,10.5,-17706.5,-295.11,391,399,-9,-1,,,
2126,1761654001,1761654001,8.5,-17695.5,-294.93,391,399,-9,-1,,,
2127,1761654002,1761654002,12,-17694.5,-294.91,391,400,-9,0,,,
2129,1761654004,1761654004,9.5,-17692.5,-294.88,391,399,-9,-1,,,
2130,1761654005,1761654005,3.5,-17691.5,-294.86,391,398,-9,-2,,,
2131,1761654006,1761654006,11,-17690.5,-294.84,391,400,-9,0,,,
2132,1761654007,1761654007,8.5,-17689.5,-294.83,391,400,-9,0,,,
2139,1761654014,1761654014,10,-17682.5,-294.71,391,401,-9,1,,,
2143,1761654018,1761654018,14.5,-17678.5,-294.64,391,400,-9,0,,,
2149,1761654024,1761654024,14.5,-17672.5,-294.54,391,400,-9,0,,,
2156,1761654031,1761654031,3,-17665.5,-294.43,391,399,-9,-1,,,
2160,1761654035,1761654035,6,-17661.5,-294.36,391,398,-9,-2,,,
2162,1761654037,1761654037,10.5,-17659.5,-294.32,391,400,-9,0,,,
2163,1761654038,1761654038,2,-17658.5,-294.31,391,399,-9,-1,,,
2168,1761654043,1761654043,7,-17653.5,-294.22,391,400,-9,0,,,
2169,1761654044,1761654044,1,-17652.5,-294.21,391,398,-9,-2,,,
2172,1761654047,1761654047,9.5,-17649.5,-294.16,391,398,-9,-2,,,
2177,1761654052,1761654052,4.5,-17644.5,-294.07,391,400,-9,0,,,
2178,1761654053,1761654053,9,-17643.5,-294.06,391,400,-9,0,,,
2183,1761654058,1761654058,10,-17638.5,-293.97,391,398,-9,-2,,,
2190,1761654065,1761654065,6.5,-17631.5,-293.86,391,400,-9,0,,,
2194,1761654069,1761654069,7,-17627.5,-293.79,391,400,-9,0,,,
2198,1761654073,1761654073,9,-17623.5,-293.72,391,399,-9,-1,,,
2201,1761654076,1761654076,4.5,-17620.5,-293.67,391,400,-9,0,,,
2206,1761654081,1761654081,7.5,-17615.5,-293.59,391,400,-9,0,,,
2208,1761654083,1761654083,8.5,-17613.5,-293.56,391,400,-9,0,,,
2210,1761654085,1761654085,8.5,-17611.5,-293.52,391,399,-9,-1,,,
2217,1761654092,1761654092,7,-17604.5,-293.41,391,400,-9,0,,,
2218,1761654093,1761654093,9.5,-17603.5,-293.39,391,400,-9,0,,,
2223,1761654098,1761654098,5,-17598.5,-293.31,391,398,-9,-2,,,
2225,1761654100,1761654100,6,-17596.5,-293.27,391,398,-9,-2,,,
2231,1761654106,1761654106,7,-17590.5,-293.17,391,400,-9,0,,,
2234,1761654109,1761654109,9.5,-17587.5,-293.12,391,400,-9,0,,,
2235,1761654110,1761654110,5.5,-17586.5,-293.11,391,400,-9,0,,,
2239,1761654114,1761654114,1,-17582.5,-293.04,391,397,-9,-3,,,
2250,1761654125,1761654125,7.5,-17571.5,-292.86,391,400,-9,0,,,
2260,1761654135,1761654135,2.5,-17561.5,-292.69,391,399,-9,-1,,,
2263,1761654138,1761654138,13.5,-17558.5,-292.64,391,399,-9,-1,,,
2264,1761654139,1761654139,4.5,-17557.5,-292.62,391,398,-9,-2,,,
2269,1761654144,1761654144,13,-17552.5,-292.54,391,399,-9,-1,,,
2271,1761654146,1761654146,8,-17550.5,-292.51,391,400,-9,0,,,
2273,1761654148,1761654148,10.5,-17548.5,-292.47,391,401,-9,1,,,
2275,1761654150,1761654150,9.5,-17546.5,-292.44,391,399,-9,-1,,,
2282,1761654157,1761654157,4.5,-17539.5,-292.32,391,400,-9,0,,,
2283,1761654158,1761654158,9,-17538.5,-292.31,391,399,-9,-1,,,
2286,1761654161,1761654161,4,-17535.5,-292.26,391,400,-9,0,,,
2288,1761654163,1761654163,4,-17533.5,-292.22,391,399,-9,-1,,,
2289,1761654164,1761654164,12.5,-17532.4,-292.21,391,400,-9,0,,,
2290,1761654165,1761654165,4,-17531.5,-292.19,391,400,-9,0,,,
2291,1761654166,1761654166,12.5,-17530.4,-292.17,391,399,-9,-1,,,
2292,1761654167,1761654167,8,-17529.5,-292.16,391,401,-9,1,,,
2295,1761654170,1761654170,9,-17526.5,-292.11,391,400,-9,0,,,
2298,1761654173,1761654173,4.5,-17523.5,-292.06,391,400,-9,0,,,
2299,1761654174,1761654174,6.5,-17522.5,-292.04,391,399,-9,-1,,,
2303,1761654178,1761654178,12.5,-17518.4,-291.97,391,399,-9,-1,,,
2305,1761654180,1761654180,6.5,-17516.4,-291.94,391,399,-9,-1,,,
2306,1761654181,1761654181,4,-17515.5,-291.92,391,400,-9,0,,,
2309,1761654184,1761654184,12.5,-17512.4,-291.87,391,400,-9,0,,,
2311,1761654186,1761654186,10,-17510.4,-291.84,391,398,-9,-2,,,
2315,1761654190,1761654190,10,-17506.4,-291.77,391,398,-9,-2,,,
2317,1761654192,1761654192,10,-17504.4,-291.74,391,400,-9,0,,,
2321,1761654196,1761654196,10,-17500.4,-291.67,391,399,-9,-1,,,
2322,1761654197,1761654197,8,-17499.4,-291.66,391,399,-9,-1,,,
2323,1761654198,1761654198,12.5,-17498.4,-291.64,391,400,-9,0,,,
2326,1761654201,1761654201,7.5,-17495.4,-291.59,391,398,-9,-2,,,
2329,1761654204,1761654204,10,-17492.4,-291.54,391,398,-9,-2,,,
2331,1761654206,1761654206,11,-17490.4,-291.51,391,398,-9,-2,,,
2335,1761654210,1761654210,11,-17486.4,-291.44,391,400,-9,0,,,
2343,1761654218,1761654218,14.5,-17478.4,-291.31,391,399,-9,-1,,,
2349,1761654224,1761654224,13.5,-17472.4,-291.21,391,401,-9,1,,,
2355,1761654230,1761654230,10,-17466.4,-291.11,391,400,-9,0,,,
2359,1761654234,1761654234,7.5,-17462.4,-291.04,391,400,-9,0,,,
2361,1761654236,1761654236,8,-17460.4,-291.01,391,399,-9,-1,,,
2362,1761654237,1761654237,1.5,-17459.4,-290.99,391,398,-9,-2,,,
2363,1761654238,1761654238,4.5,-17458.4,-290.97,391,399,-9,-1,,,
2367,1761654242,1761654242,10.5,-17454.4,-290.91,391,400,-9,0,,,
2369,1761654244,1761654244,9.5,-17452.4,-290.87,391,400,-9,0,,,
2370,1761654245,1761654245,7,-17451.4,-290.86,391,400,-9,0,,,
2377,1761654252,1761654252,10.5,-17444.4,-290.74,391,400,-9,0,,,
2378,1761654253,1761654253,3,-17443.4,-290.72,391,398,-9,-2,,,
2381,1761654256,1761654256,6,-17440.4,-290.67,391,400,-9,0,,,
2383,1761654258,1761654258,9.5,-17438.4,-290.64,391,399,-9,-1,,,
2386,1761654261,1761654261,13,-17435.4,-290.59,391,399,-9,-1,,,
2387,1761654262,1761654262,11,-17434.4,-290.57,391,401,-9,1,,,
2397,1761654272,1761654272,8,-17424.4,-290.41,391,400,-9,0,,,
2399,1761654274,1761654274,11,-17422.4,-290.37,391,401,-9,1,,,
2404,1761654279,1761654279,6.5,-17417.4,-290.29,391,399,-9,-1,,,
2406,1761654281,1761654281,5.5,-17415.4,-290.26,391,400,-9,0,,,
2407,1761654282,1761654282,9.5,-17414.4,-290.24,391,398,-9,-2,,,
2409,1761654284,1761654284,10.5,-17412.4,-290.21,391,400,-9,0,,,
2411,1761654286,1761654286,5.5,-17410.4,-290.17,391,400,-9,0,,,
2416,1761654291,1761654291,2.5,-17405.4,-290.09,391,399,-9,-1,,,
2419,1761654294,1761654294,7.5,-17402.4,-290.04,391,400,-9,0,,,
2422,1761654297,1761654297,14.5,-17399.4,-289.99,391,399,-9,-1,,,
2424,1761654299,1761654299,10.5,-17397.4,-289.96,391,399,-9,-1,,,
2426,1761654301,1761654301,10.5,-17395.4,-289.92,391,400,-9,0,,,
2428,1761654303,1761654303,13,-17393.4,-289.89,391,399,-9,-1,,,
2430,1761654305,1761654305,10.5,-17391.4,-289.86,391,400,-9,0,,,
2431,1761654306,1761654306,7,-17390.4,-289.84,391,400,-9,0,,,
2438,1761654313,1761654313,12,-17383.4,-289.72,391,399,-9,-1,,,
2443,1761654318,1761654318,8.5,-17378.4,-289.64,391,398,-9,-2,,,
2444,1761654319,1761654319,9.5,-17377.4,-289.62,391,400,-9,0,,,
2448,1761654323,1761654323,5,-17373.4,-289.56,391,400,-9,0,,,
2452,1761654327,1761654327,6.5,-17369.4,-289.49,391,399,-9,-1,,,
2455,1761654330,1761654330,14.5,-17366.4,-289.44,391,400,-9,0,,,
2458,1761654333,1761654333,9,-17363.4,-289.39,391,400,-9,0,,,
2460,1761654335,1761654335,9,-17361.4,-289.36,391,400,-9,0,,,
2461,1761654336,1761654336,15,-17360.4,-289.34,391,401,-9,1,,,
2465,1761654340,1761654340,14,-17356.4,-289.27,391,401,-9,1,,,
2469,1761654344,1761654344,3,-17352.4,-289.21,391,400,-9,0,,,
2470,1761654345,1761654345,3.5,-17351.4,-289.19,391,400,-9,0,,,
2471,1761654346,1761654346,11,-17350.4,-289.17,391,400,-9,0,,,
2479,1761654354,1761654354,11,-17342.4,-289.04,391,399,-9,-1,,,
2487,1761654362,1761654362,9.5,-17334.4,-288.91,391,400,-9,0,,,
2491,1761654366,1761654366,12.5,-17330.4,-288.84,391,399,-9,-1,,,
2494,1761654369,1761654369,4,-17327.4,-288.79,391,400,-9,0,,,
2496,1761654371,1761654371,8.5,-17325.4,-288.76,391,398,-9,-2,,,
2505,1761654380,1761654380,8,-17316.4,-288.61,391,400,-9,0,,,
2507,1761654382,1761654382,13,-17314.4,-288.57,391,399,-9,-1,,,
2514,1761654389,1761654389,5,-17307.4,-288.46,391,399,-9,-1,,,
2515,1761654390,1761654390,13.5,-17306.4,-288.44,391,401,-9,1,,,
2517,1761654392,1761654392,9.5,-17304.4,-288.41,391,398,-9,-2,,,
2519,1761654394,1761654394,12.5,-17302.4,-288.37,391,399,-9,-1,,,
2521,1761654396,1761654396,11.5,-17300.4,-288.34,391,400,-9,0,,,
2531,1761654406,1761654406,14,-17290.4,-288.17,391,400,-9,0,,,
2532,1761654407,1761654407,6.5,-17289.4,-288.16,391,398,-9,-2,,,
2533,1761654408,1761654408,9.5,-17288.4,-288.14,391,398,-9,-2,,,
2536,1761654411,1761654411,8.5,-17285.4,-288.09,391,400,-9,0,,,
2542,1761654417,1761654417,10.5,-17279.4,-287.99,391,399,-9,-1,,,
2543,1761654418,1761654418,10.5,-17278.4,-287.97,391,398,-9,-2,,,
2548,1761654423,1761654423,11,-17273.4,-287.89,391,400,-9,0,,,
2550,1761654425,1761654425,5.5,-17271.4,-287.86,391,400,-9,0,,,
2554,1761654429,1761654429,9.5,-17267.4,-287.79,391,399,-9,-1,,,
2557,1761654432,1761654432,11,-17264.4,-287.74,391,400,-9,0,,,
2563,1761654438,1761654438,9.5,-17258.4,-287.64,391,400,-9,0,,,
2566,1761654441,1761654441,3,-17255.4,-287.59,391,399,-9,-1,,,
2568,1761654443,1761654443,8,-17253.4,-287.56,391,400,-9,0,,,
2577,1761654452,1761654452,10.5,-17244.3,-287.41,391,399,-9,-1,,,
2578,1761654453,1761654453,9,-17243.3,-287.39,391,401,-9,1,,,
2579,1761654454,1761654454,11,-17242.3,-287.37,391,398,-9,-2,,,
2581,1761654456,1761654456,11,-17240.3,-287.34,391,399,-9,-1,,,
2582,1761654457,1761654457,6.5,-17239.3,-287.32,391,399,-9,-1,,,
2583,1761654458,1761654458,3.5,-17238.3,-287.31,391,399,-9,-1,,,
2586,1761654461,1761654461,5,-17235.3,-287.26,391,398,-9,-2,,,
2589,1761654464,1761654464,4.5,-17232.3,-287.21,391,400,-9,0,,,
2590,1761654465,1761654465,7,-17231.3,-287.19,391,400,-9,0,,,
2591,1761654466,1761654466,2.5,-17230.3,-287.17,391,398,-9,-2,,,
2596,1761654471,1761654471,5.5,-17225.3,-287.09,391,400,-9,0,,,
2598,1761654473,1761654473,9.5,-17223.3,-287.06,391,400,-9,0,,,
2614,1761654489,1761654489,7.5,-17207.3,-286.79,391,399,-9,-1,,,
2616,1761654491,1761654491,12.5,-17205.3,-286.76,391,401,-9,1,,,
2620,1761654495,1761654495,12.5,-17201.3,-286.69,391,399,-9,-1,,,
2625,1761654500,1761654500,6,-17196.3,-286.61,391,399,-9,-1,,,
2629,1761654504,1761654504,5.5,-17192.3,-286.54,391,399,-9,-1,,,
2631,1761654506,1761654506,4,-17190.3,-286.51,391,399,-9,-1,,,
2633,1761654508,1761654508,3.5,-17188.3,-286.47,391,398,-9,-2,,,
2634,1761654509,1761654509,8,-17187.3,-286.46,391,400,-9,0,,,
2640,1761654515,1761654515,11.5,-17181.3,-286.36,391,398,-9,-2,,,
2644,1761654519,1761654519,12,-17177.3,-286.29,391,400,-9,0,,,
2648,1761654523,1761654523,14,-17173.3,-286.22,391,398,-9,-2,,,
2649,1761654524,1761654524,4.5,-17172.3,-286.21,391,400,-9,0,,,
2656,1761654531,1761654531,11.5,-17165.3,-286.09,391,400,-9,0,,,
2659,1761654534,1761654534,5.5,-17162.3,-286.04,391,398,-9,-2,,,
2668,1761654543,1761654543,4.5,-17153.3,-285.89,391,399,-9,-1,,,
2673,1761654548,1761654548,10.5,-17148.3,-285.81,391,399,-9,-1,,,
2675,1761654550,1761654550,9,-17146.3,-285.77,391,400,-9,0,,,
2677,1761654552,1761654552,10,-17144.3,-285.74,391,399,-9,-1,,,
2678,1761654553,1761654553,4,-17143.3,-285.72,391,399,-9,-1,,,
2682,1761654557,1761654557,4,-17139.3,-285.66,391,400,-9,0,,,
2683,1761654558,1761654558,10,-17138.3,-285.64,391,400,-9,0,,,
2684,1761654559,1761654559,4,-17137.3,-285.62,391,399,-9,-1,,,
2696,1761654571,1761654571,2.5,-17125.3,-285.42,391,398,-9,-2,,,
2701,1761654576,1761654576,8,-17120.3,-285.34,391,399,-9,-1,,,
2702,1761654577,1761654577,9.5,-17119.3,-285.32,391,399,-9,-1,,,
2703,1761654578,1761654578,10.5,-17118.3,-285.3,391,400,-9,0,,,
2704,1761654579,1761654579,10.5,-17117.3,-285.29,391,399,-9,-1,,,
2705,1761654580,1761654580,10.5,-17116.3,-285.27,391,400,-9,0,,,
2706,1761654581,1761654581,2,-17115.3,-285.26,391,398,-9,-2,,,
2708,1761654583,1761654583,7,-17113.3,-285.22,391,400,-9,0,,,
2713,1761654588,1761654588,14.5,-17108.3,-285.14,391,399,-9,-1,,,
2715,1761654590,1761654590,9.5,-17106.3,-285.1,391,400,-9,0,,,
2717,1761654592,1761654592,9.5,-17104.3,-285.07,391,397,-9,-3,,,
2722,1761654597,1761654597,4,-17099.3,-284.99,391,399,-9,-1,,,
2724,1761654599,1761654599,3,-17097.3,-284.95,391,399,-9,-1,,,
2726,1761654601,1761654601,8,-17095.3,-284.92,391,400,-9,0,,,
2727,1761654602,1761654602,11.5,-17094.3,-284.9,391,399,-9,-1,,,
2731,1761654606,1761654606,7,-17090.3,-284.84,391,398,-9,-2,,,
2733,1761654608,1761654608,9.5,-17088.3,-284.8,391,400,-9,0,,,
2735,1761654610,1761654610,10.5,-17086.3,-284.77,391,400,-9,0,,,
2737,1761654612,1761654612,10.5,-17084.3,-284.74,391,399,-9,-1,,,
2738,1761654613,1761654613,2,-17083.3,-284.72,391,399,-9,-1,,,
2742,1761654617,1761654617,1,-17079.3,-284.65,391,398,-9,-2,,,
2750,1761654625,1761654625,7,-17071.3,-284.52,391,400,-9,0,,,
2754,1761654629,1761654629,4.5,-17067.3,-284.45,391,400,-9,0,,,
2755,1761654630,1761654630,9.5,-17066.3,-284.44,391,399,-9,-1,,,
2756,1761654631,1761654631,6,-17065.3,-284.42,391,400,-9,0,,,
2757,1761654632,1761654632,11,-17064.3,-284.4,391,400,-9,0,,,
2763,1761654638,1761654638,8.5,-17058.3,-284.3,391,400,-9,0,,,
2766,1761654641,1761654641,6,-17055.3,-284.25,391,400,-9,0,,,
2768,1761654643,1761654643,12,-17053.3,-284.22,391,400,-9,0,,,
2772,1761654647,1761654647,12.5,-17049.3,-284.15,391,400,-9,0,,,
2774,1761654649,1761654649,11,-17047.3,-284.12,391,401,-9,1,,,
2776,1761654651,1761654651,3.5,-17045.3,-284.09,391,399,-9,-1,,,
2778,1761654653,1761654653,1,-17043.3,-284.05,391,399,-9,-1,,,
2779,1761654654,1761654654,7,-17042.3,-284.04,391,399,-9,-1,,,
2783,1761654658,1761654658,5.5,-17038.3,-283.97,391,400,-9,0,,,
2785,1761654660,1761654660,5,-17036.3,-283.94,391,399,-9,-1,,,
2791,1761654666,1761654666,4,-17030.3,-283.84,391,399,-9,-1,,,
2794,1761654669,1761654669,4.5,-17027.3,-283.79,391,400,-9,0,,,
2796,1761654671,1761654671,3.5,-17025.3,-283.75,391,400,-9,0,,,
2798,1761654673,1761654673,0.5,-17023.3,-283.72,391,399,-9,-1,,,
2800,1761654675,1761654675,3,-17021.3,-283.69,391,398,-9,-2,,,
2802,1761654677,1761654677,0.5,-17019.3,-283.65,391,399,-9,-1,,,
2804,1761654679,1761654679,0.5,-17017.3,-283.62,391,399,-9,-1,,,
2807,1761654682,1761654682,6.5,-17014.3,-283.57,391,399,-9,-1,,,
2813,1761654688,1761654688,13.5,-17008.3,-283.47,391,400,-9,0,,,
2814,1761654689,1761654689,7.5,-17007.3,-283.45,391,399,-9,-1,,,
2815,1761654690,1761654690,2.5,-17006.3,-283.44,391,399,-9,-1,,,
2818,1761654693,1761654693,5,-17003.3,-283.39,391,399,-9,-1,,,
2820,1761654695,1761654695,8,-17001.3,-283.35,391,399,-9,-1,,,
2821,1761654696,1761654696,3,-17000.3,-283.34,391,400,-9,0,,,
2827,1761654702,1761654702,3,-16994.3,-283.24,391,400,-9,0,,,
2828,1761654703,1761654703,8,-16993.3,-283.22,391,400,-9,0,,,
2829,1761654704,1761654704,6.5,-16992.3,-283.2,391,399,-9,-1,,,
2830,1761654705,1761654705,10.5,-16991.3,-283.19,391,400,-9,0,,,
2831,1761654706,1761654706,5.5,-16990.3,-283.17,391,399,-9,-1,,,
2834,1761654709,1761654709,10.5,-16987.2,-283.12,391,400,-9,0,,,
2835,1761654710,1761654710,2,-16986.3,-283.1,391,400,-9,0,,,
2837,1761654712,1761654712,5.5,-16984.3,-283.07,391,400,-9,0,,,
2843,1761654718,1761654718,6.5,-16978.2,-282.97,391,399,-9,-1,,,
2846,1761654721,1761654721,11.5,-16975.2,-282.92,391,400,-9,0,,,
2848,1761654723,1761654723,7.5,-16973.2,-282.89,391,400,-9,0,,,
2850,1761654725,1761654725,8.5,-16971.2,-282.85,391,399,-9,-1,,,
2853,1761654728,1761654728,12.5,-16968.2,-282.8,391,400,-9,0,,,
2865,1761654740,1761654740,4.5,-16956.2,-282.6,391,399,-9,-1,,,
2878,1761654753,1761654753,4,-16943.2,-282.39,391,399,-9,-1,,,
2887,1761654762,1761654762,5.5,-16934.2,-282.24,391,399,-9,-1,,,
2893,1761654768,1761654768,11.5,-16928.2,-282.14,391,400,-9,0,,,
2894,1761654769,1761654769,6.5,-16927.2,-282.12,391,399,-9,-1,,,
2898,1761654773,1761654773,4.5,-16923.2,-282.05,391,399,-9,-1,,,
2900,1761654775,1761654775,4.5,-16921.2,-282.02,391,400,-9,0,,,
2902,1761654777,1761654777,7.5,-16919.2,-281.99,391,398,-9,-2,,,
2903,1761654778,1761654778,14,-16918.2,-281.97,391,400,-9,0,,,
2904,1761654779,1761654779,8.5,-16917.2,-281.95,391,400,-9,0,,,
2907,1761654782,1761654782,6.5,-16914.2,-281.9,391,398,-9,-2,,,
2908,1761654783,1761654783,4.5,-16913.2,-281.89,391,398,-9,-2,,,
2910,1761654785,1761654785,4.5,-16911.2,-281.85,391,399,-9,-1,,,
2916,1761654791,1761654791,9,-16905.2,-281.75,391,400,-9,0,,,
2917,1761654792,1761654792,10.5,-16904.2,-281.74,391,401,-9,1,,,
2918,1761654793,1761654793,7.5,-16903.2,-281.72,391,399,-9,-1,,,
2922,1761654797,1761654797,9.5,-16899.2,-281.65,391,400,-9,0,,,
2925,1761654800,1761654800,11.5,-16896.2,-281.6,391,400,-9,0,,,
2930,1761654805,1761654805,7.5,-16891.2,-281.52,391,399,-9,-1,,,
2934,1761654809,1761654809,8.5,-16887.2,-281.45,391,400,-9,0,,,
2936,1761654811,1761654811,9.5,-16885.2,-281.42,391,400,-9,0,,,
2938,1761654813,1761654813,6,-16883.2,-281.39,391,400,-9,0,,,
2945,1761654820,1761654820,2,-16876.2,-281.27,391,400,-9,0,,,
2946,1761654821,1761654821,10.5,-16875.2,-281.25,391,400,-9,0,,,
2947,1761654822,1761654822,0.5,-16874.2,-281.24,391,398,-9,-2,,,
2948,1761654823,1761654823,6,-16873.2,-281.22,391,400,-9,0,,,
2950,1761654825,1761654825,5.5,-16871.2,-281.19,391,400,-9,0,,,
2951,1761654826,1761654826,4.5,-16870.2,-281.17,391,399,-9,-1,,,
2953,1761654828,1761654828,7,-16868.2,-281.14,391,399,-9,-1,,,
2957,1761654832,1761654832,5,-16864.2,-281.07,391,398,-9,-2,,,
2963,1761654838,1761654838,4,-16858.2,-280.97,391,398,-9,-2,,,
2965,1761654840,1761654840,2.5,-16856.2,-280.94,391,400,-9,0,,,
2966,1761654841,1761654841,11,-16855.2,-280.92,391,400,-9,0,,,
2967,1761654842,1761654842,4.5,-16854.2,-280.9,391,400,-9,0,,,
2969,1761654844,1761654844,7,-16852.2,-280.87,391,400,-9,0,,,
2974,1761654849,1761654849,9.5,-16847.2,-280.79,391,397,-9,-3,,,
2982,1761654857,1761654857,8,-16839.2,-280.65,391,398,-9,-2,,,
2984,1761654859,1761654859,11.5,-16837.2,-280.62,391,399,-9,-1,,,
2990,1761654865,1761654865,6.5,-16831.2,-280.52,391,397,-9,-3,,,
2993,1761654868,1761654868,4.5,-16828.2,-280.47,391,399,-9,-1,,,
2995,1761654870,1761654870,6,-16826.2,-280.44,391,400,-9,0,,,
2997,1761654872,1761654872,5.5,-16824.2,-280.4,391,398,-9,-2,,,
2999,1761654874,1761654874,7,-16822.2,-280.37,391,400,-9,0,,,
3005,1761654880,1761654880,6,-16816.2,-280.27,391,398,-9,-2,,,
3009,1761654884,1761654884,6.5,-16812.2,-280.2,391,400,-9,0,,,
3012,1761654887,1761654887,11.5,-16809.2,-280.15,391,400,-9,0,,,
3016,1761654891,1761654891,4,-16805.2,-280.09,391,400,-9,0,,,
3021,1761654896,1761654896,8,-16800.2,-280,391,400,-9,0,,,
3023,1761654898,1761654898,10.5,-16798.2,-279.97,391,400,-9,0,,,
3025,1761654900,1761654900,4,-16796.2,-279.94,391,400,-9,0,,,
3027,1761654902,1761654902,7.5,-16794.2,-279.9,391,400,-9,0,,,
3030,1761654905,1761654905,3.5,-16791.2,-279.85,391,399,-9,-1,,,
3031,1761654906,1761654906,6.5,-16790.2,-279.84,391,399,-9,-1,,,
3033,1761654908,1761654908,9.5,-16788.2,-279.8,391,401,-9,1,,,
3043,1761654918,1761654918,7.5,-16778.2,-279.64,391,400,-9,0,,,
3047,1761654922,1761654922,10.5,-16774.2,-279.57,391,400,-9,0,,,
3051,1761654926,1761654926,7.5,-16770.2,-279.5,391,399,-9,-1,,,
3054,1761654929,1761654929,7.5,-16767.2,-279.45,391,398,-9,-2,,,
3055,1761654930,1761654930,8,-16766.2,-279.44,391,398,-9,-2,,,
3056,1761654931,1761654931,8,-16765.2,-279.42,391,399,-9,-1,,,
3064,1761654939,1761654939,4.5,-16757.2,-279.29,391,399,-9,-1,,,
3066,1761654941,1761654941,7,-16755.2,-279.25,391,400,-9,0,,,
3067,1761654942,1761654942,13,-16754.2,-279.24,391,398,-9,-2,,,
3070,1761654945,1761654945,8,-16751.2,-279.19,391,398,-9,-2,,,
3071,1761654946,1761654946,10,-16750.2,-279.17,391,400,-9,0,,,
3072,1761654947,1761654947,6.5,-16749.2,-279.15,391,400,-9,0,,,
3073,1761654948,1761654948,10,-16748.2,-279.14,391,398,-9,-2,,,
3083,1761654958,1761654958,14.5,-16738.2,-278.97,391,397,-9,-3,,,
3086,1761654961,1761654961,7.5,-16735.2,-278.92,391,398,-9,-2,,,
3087,1761654962,1761654962,8.5,-16734.2,-278.9,391,399,-9,-1,,,
3088,1761654963,1761654963,2.5,-16733.2,-278.89,391,399,-9,-1,,,
3089,1761654964,1761654964,9.5,-16732.2,-278.87,391,400,-9,0,,,
3091,1761654966,1761654966,10,-16730.2,-278.84,391,400,-9,0,,,
3094,1761654969,1761654969,5,-16727.2,-278.79,391,399,-9,-1,,,
3097,1761654972,1761654972,11,-16724.2,-278.74,391,398,-9,-2,,,
3100,1761654975,1761654975,5,-16721.2,-278.69,391,400,-9,0,,,
3102,1761654977,1761654977,7,-16719.2,-278.65,391,401,-9,1,,,
3105,1761654980,1761654980,11.5,-16716.2,-278.6,391,399,-9,-1,,,
3111,1761654986,1761654986,9.5,-16710.2,-278.5,391,398,-9,-2,,,
3113,1761654988,1761654988,14,-16708.1,-278.47,391,399,-9,-1,,,
3115,1761654990,1761654990,11,-16706.1,-278.44,391,397,-9,-3,,,
3116,1761654991,1761654991,5.5,-16705.2,-278.42,391,399,-9,-1,,,
3117,1761654992,1761654992,11.5,-16704.1,-278.4,391,400,-9,0,,,
3122,1761654997,1761654997,7,-16699.1,-278.32,391,400,-9,0,,,
3128,1761655003,1761655003,3.5,-16693.1,-278.22,391,399,-9,-1,,,
3130,1761655005,1761655005,4,-16691.1,-278.19,391,398,-9,-2,,,
3131,1761655006,1761655006,12.5,-16690.1,-278.17,391,399,-9,-1,,,
3132,1761655007,1761655007,9,-16689.1,-278.15,391,400,-9,0,,,
3135,1761655010,1761655010,11,-16686.1,-278.1,391,399,-9,-1,,,
3142,1761655017,1761655017,7.5,-16679.1,-277.99,391,400,-9,0,,,
3144,1761655019,1761655019,10,-16677.1,-277.95,391,400,-9,0,,,
3148,1761655023,1761655023,8,-16673.1,-277.89,391,398,-9,-2,,,
3152,1761655027,1761655027,5,-16669.1,-277.82,391,400,-9,0,,,
3153,1761655028,1761655028,13.5,-16668.1,-277.8,391,398,-9,-2,,,
3154,1761655029,1761655029,10,-16667.1,-277.79,391,399,-9,-1,,,
3156,1761655031,1761655031,10.5,-16665.1,-277.75,391,400,-9,0,,,
3158,1761655033,1761655033,4,-16663.1,-277.72,391,399,-9,-1,,,
3170,1761655045,1761655045,8,-16651.1,-277.52,391,399,-9,-1,,,
3172,1761655047,1761655047,10,-16649.1,-277.49,391,399,-9,-1,,,
3176,1761655051,1761655051,9,-16645.1,-277.42,391,400,-9,0,,,
3181,1761655056,1761655056,6,-16640.1,-277.34,391,400,-9,0,,,
3182,1761655057,1761655057,5.5,-16639.1,-277.32,391,400,-9,0,,,
3183,1761655058,1761655058,6,-16638.1,-277.3,391,400,-9,0,,,
3186,1761655061,1761655061,9,-16635.1,-277.25,391,400,-9,0,,,
3187,1761655062,1761655062,5.5,-16634.1,-277.24,391,400,-9,0,,,
3189,1761655064,1761655064,5,-16632.1,-277.2,391,400,-9,0,,,
3192,1761655067,1761655067,8,-16629.1,-277.15,391,399,-9,-1,,,
3204,1761655079,1761655079,10.5,-16617.1,-276.95,391,400,-9,0,,,
3206,1761655081,1761655081,11.5,-16615.1,-276.92,391,400,-9,0,,,
3208,1761655083,1761655083,10,-16613.1,-276.89,391,399,-9,-1,,,
3218,1761655093,1761655093,9.5,-16603.1,-276.72,391,399,-9,-1,,,
3219,1761655094,1761655094,1.5,-16602.1,-276.7,391,399,-9,-1,,,
3227,1761655102,1761655102,8.5,-16594.1,-276.57,391,400,-9,0,,,
3228,1761655103,1761655103,12,-16593.1,-276.55,391,398,-9,-2,,,
3229,1761655104,1761655104,5.5,-16592.1,-276.54,391,401,-9,1,,,
3230,1761655105,1761655105,10,-16591.1,-276.52,391,400,-9,0,,,
3232,1761655107,1761655107,12,-16589.1,-276.49,391,400,-9,0,,,
3235,1761655110,1761655110,7.5,-16586.1,-276.44,391,399,-9,-1,,,
3239,1761655114,1761655114,7,-16582.1,-276.37,391,400,-9,0,,,
3245,1761655120,1761655120,0.5,-16576.1,-276.27,391,398,-9,-2,,,
3247,1761655122,1761655122,6,-16574.1,-276.24,391,400,-9,0,,,
3250,1761655125,1761655125,8.5,-16571.1,-276.19,391,400,-9,0,,,
3251,1761655126,1761655126,6.5,-16570.1,-276.17,391,400,-9,0,,,
3255,1761655130,1761655130,10,-16566.1,-276.1,391,401,-9,1,,,
3260,1761655135,1761655135,3,-16561.1,-276.02,391,399,-9,-1,,,
3261,1761655136,1761655136,11.5,-16560.1,-276,391,399,-9,-1,,,
3269,1761655144,1761655144,12,-16552.1,-275.87,391,399,-9,-1,,,
3272,1761655147,1761655147,9,-16549.1,-275.82,391,400,-9,0,,,
3275,1761655150,1761655150,4,-16546.1,-275.77,391,400,-9,0,,,
3282,1761655157,1761655157,9.5,-16539.1,-275.65,391,400,-9,0,,,
3283,1761655158,1761655158,2,-16538.1,-275.63,391,400,-9,0,,,
3284,1761655159,1761655159,4.5,-16537.1,-275.62,391,400,-9,0,,,
3288,1761655163,1761655163,8.5,-16533.1,-275.55,391,400,-9,0,,,
3292,1761655167,1761655167,7,-16529.1,-275.48,391,400,-9,0,,,
3293,1761655168,1761655168,5.5,-16528.1,-275.47,391,399,-9,-1,,,
3296,1761655171,1761655171,7.5,-16525.1,-275.42,391,399,-9,-1,,,
3300,1761655175,1761655175,10,-16521.1,-275.35,391,400,-9,0,,,
3306,1761655181,1761655181,7,-16515.1,-275.25,391,399,-9,-1,,,
3314,1761655189,1761655189,9.5,-16507.1,-275.12,391,400,-9,0,,,
3315,1761655190,1761655190,5.5,-16506.1,-275.1,391,399,-9,-1,,,
3317,1761655192,1761655192,6.5,-16504.1,-275.07,391,399,-9,-1,,,
3320,1761655195,1761655195,11.5,-16501.1,-275.02,391,399,-9,-1,,,
3324,1761655199,1761655199,12.5,-16497.1,-274.95,391,399,-9,-1,,,
3325,1761655200,1761655200,5.5,-16496.1,-274.93,391,399,-9,-1,,,
3330,1761655205,1761655205,10,-16491.1,-274.85,391,400,-9,0,,,
3335,1761655210,1761655210,3.5,-16486.1,-274.77,391,398,-9,-2,,,
3336,1761655211,1761655211,10.5,-16485.1,-274.75,391,398,-9,-2,,,
3341,1761655216,1761655216,7.5,-16480.1,-274.67,391,399,-9,-1,,,
3342,1761655217,1761655217,14.5,-16479.1,-274.65,391,399,-9,-1,,,
3348,1761655223,1761655223,8,-16473.1,-274.55,391,400,-9,0,,,
3350,1761655225,1761655225,3,-16471.1,-274.52,391,399,-9,-1,,,
3355,1761655230,1761655230,5,-16466.1,-274.43,391,399,-9,-1,,,
3356,1761655231,1761655231,1.5,-16465.1,-274.42,391,399,-9,-1,,,
3357,1761655232,1761655232,7.5,-16464.1,-274.4,391,400,-9,0,,,
3358,1761655233,1761655233,6,-16463.1,-274.38,391,398,-9,-2,,,
3359,1761655234,1761655234,10.5,-16462.1,-274.37,391,400,-9,0,,,
3362,1761655237,1761655237,6.5,-16459.1,-274.32,391,400,-9,0,,,
3364,1761655239,1761655239,12,-16457.1,-274.28,391,397,-9,-3,,,
3366,1761655241,1761655241,16,-16455.1,-274.25,391,399,-9,-1,,,
3368,1761655243,1761655243,9,-16453.1,-274.22,391,400,-9,0,,,
3371,1761655246,1761655246,6.5,-16450.1,-274.17,391,399,-9,-1,,,
3383,1761655258,1761655258,4,-16438.1,-273.97,391,399,-9,-1,,,
3384,1761655259,1761655259,1.5,-16437.1,-273.95,391,399,-9,-1,,,
3388,1761655263,1761655263,1.5,-16433.1,-273.88,391,399,-9,-1,,,
3392,1761655267,1761655267,3,-16429.1,-273.82,391,400,-9,0,,,
3393,1761655268,1761655268,8,-16428.1,-273.8,391,400,-9,0,,,
3394,1761655269,1761655269,3,-16427.1,-273.78,391,400,-9,0,,,
3395,1761655270,1761655270,10.5,-16426,-273.77,391,400,-9,0,,,
3396,1761655271,1761655271,3,-16425.1,-273.75,391,396,-9,-4,,,
3402,1761655277,1761655277,5,-16419,-273.65,391,399,-9,-1,,,
3410,1761655285,1761655285,5,-16411,-273.52,391,400,-9,0,,,
3411,1761655286,1761655286,7,-16410,-273.5,391,400,-9,0,,,
3413,1761655288,1761655288,9.5,-16408,-273.47,391,400,-9,0,,,
3414,1761655289,1761655289,4.5,-16407,-273.45,391,397,-9,-3,,,
3415,1761655290,1761655290,11.5,-16406,-273.43,391,400,-9,0,,,
3417,1761655292,1761655292,11.5,-16404,-273.4,391,400,-9,0,,,
3421,1761655296,1761655296,9.5,-16400,-273.33,391,399,-9,-1,,,
3427,1761655302,1761655302,12,-16394,-273.23,391,400,-9,0,,,
3431,1761655306,1761655306,11.5,-16390,-273.17,391,400,-9,0,,,
3436,1761655311,1761655311,3,-16385,-273.08,391,399,-9,-1,,,
3437,1761655312,1761655312,12.5,-16384,-273.07,391,399,-9,-1,,,
3438,1761655313,1761655313,6,-16383,-273.05,391,400,-9,0,,,
3451,1761655326,1761655326,11.5,-16370,-272.83,391,398,-9,-2,,,
3452,1761655327,1761655327,6.5,-16369,-272.82,391,399,-9,-1,,,
3453,1761655328,1761655328,14,-16368,-272.8,391,398,-9,-2,,,
3456,1761655331,1761655331,3.5,-16365,-272.75,391,400,-9,0,,,
3463,1761655338,1761655338,11.5,-16358,-272.63,391,399,-9,-1,,,
3465,1761655340,1761655340,8.5,-16356,-272.6,391,399,-9,-1,,,
3466,1761655341,1761655341,8.5,-16355,-272.58,391,399,-9,-1,,,
3469,1761655344,1761655344,11,-16352,-272.53,391,400,-9,0,,,
3470,1761655345,1761655345,7.5,-16351,-272.52,391,400,-9,0,,,
3472,1761655347,1761655347,3.5,-16349,-272.48,391,398,-9,-2,,,
3475,1761655350,1761655350,12,-16346,-272.43,391,400,-9,0,,,
3477,1761655352,1761655352,8,-16344,-272.4,391,400,-9,0,,,
3478,1761655353,1761655353,8,-16343,-272.38,391,400,-9,0,,,
3479,1761655354,1761655354,12.5,-16342,-272.37,391,398,-9,-2,,,
3483,1761655358,1761655358,11,-16338,-272.3,391,399,-9,-1,,,
3484,1761655359,1761655359,6.5,-16337,-272.28,391,400,-9,0,,,
3486,1761655361,1761655361,6,-16335,-272.25,391,399,-9,-1,,,
3489,1761655364,1761655364,14,-16332,-272.2,391,401,-9,1,,,
3496,1761655371,1761655371,6.5,-16325,-272.08,391,401,-9,1,,,
3497,1761655372,1761655372,10.5,-16324,-272.07,391,399,-9,-1,,,
3498,1761655373,1761655373,9.5,-16323,-272.05,391,400,-9,0,,,
3505,1761655380,1761655380,7,-16316,-271.93,391,399,-9,-1,,,
3506,1761655381,1761655381,4,-16315,-271.92,391,399,-9,-1,,,
3508,1761655383,1761655383,8,-16313,-271.88,391,399,-9,-1,,,
3509,1761655384,1761655384,11.5,-16312,-271.87,391,400,-9,0,,,
3518,1761655393,1761655393,4,-16303,-271.72,391,399,-9,-1,,,
3520,1761655395,1761655395,6.5,-16301,-271.68,391,400,-9,0,,,
3526,1761655401,1761655401,7.5,-16295,-271.58,391,400,-9,0,,,
3527,1761655402,1761655402,13.5,-16294,-271.57,391,399,-9,-1,,,
3530,1761655405,1761655405,7.5,-16291,-271.52,391,399,-9,-1,,,
3532,1761655407,1761655407,5.5,-16289,-271.48,391,398,-9,-2,,,
3536,1761655411,1761655411,5.5,-16285,-271.42,391,399,-9,-1,,,
3538,1761655413,1761655413,8,-16283,-271.38,391,400,-9,0,,,
3543,1761655418,1761655418,1.5,-16278,-271.3,391,400,-9,0,,,
3544,1761655419,1761655419,10,-16277,-271.28,391,400,-9,0,,,
3545,1761655420,1761655420,3.5,-16276,-271.27,391,399,-9,-1,,,
3546,1761655421,1761655421,5.5,-16275,-271.25,391,400,-9,0,,,
3554,1761655429,1761655429,10,-16267,-271.12,391,399,-9,-1,,,
3555,1761655430,1761655430,6,-16266,-271.1,391,401,-9,1,,,
3556,1761655431,1761655431,9,-16265,-271.08,391,400,-9,0,,,
3557,1761655432,1761655432,2,-16264,-271.07,391,399,-9,-1,,,
3574,1761655449,1761655449,12.5,-16247,-270.78,391,400,-9,0,,,
3575,1761655450,1761655450,4,-16246,-270.77,391,400,-9,0,,,
3578,1761655453,1761655453,10,-16243,-270.72,391,399,-9,-1,,,
3584,1761655459,1761655459,9,-16237,-270.62,391,400,-9,0,,,
3585,1761655460,1761655460,4.5,-16236,-270.6,391,399,-9,-1,,,
3586,1761655461,1761655461,13,-16235,-270.58,391,398,-9,-2,,,
3594,1761655469,1761655469,14,-16227,-270.45,391,399,-9,-1,,,
3596,1761655471,1761655471,12.5,-16225,-270.42,391,398,-9,-2,,,
3599,1761655474,1761655474,3,-16222,-270.37,391,399,-9,-1,,,
3601,1761655476,1761655476,6.5,-16220,-270.33,391,399,-9,-1,,,
3602,1761655477,1761655477,15,-16219,-270.32,391,400,-9,0,,,
3603,1761655478,1761655478,9,-16218,-270.3,391,400,-9,0,,,
3606,1761655481,1761655481,13.5,-16215,-270.25,391,400,-9,0,,,
3608,1761655483,1761655483,10.5,-16213,-270.22,391,399,-9,-1,,,
3609,1761655484,1761655484,6,-16212,-270.2,391,399,-9,-1,,,
3610,1761655485,1761655485,11.5,-16211,-270.18,391,399,-9,-1,,,
3613,1761655488,1761655488,7.5,-16208,-270.13,391,401,-9,1,,,
3616,1761655491,1761655491,1,-16205,-270.08,391,399,-9,-1,,,
3618,1761655493,1761655493,4.5,-16203,-270.05,391,399,-9,-1,,,
31,1761651905,1761651905,9,-19791.3,-329.86,390,401,-10,1,,,
33,1761651907,1761651907,6.5,-19789.3,-329.82,390,400,-10,0,,,
34,1761651908,1761651908,12,-19788.3,-329.81,390,400,-10,0,,,
36,1761651910,1761651910,10.5,-19786.3,-329.77,390,401,-10,1,,,
37,1761651911,1761651911,4,-19785.3,-329.76,390,399,-10,-1,,,
44,1761651918,1761651918,12.5,-19778.3,-329.64,390,399,-10,-1,,,
49,1761651923,1761651923,7,-19773.3,-329.55,390,399,-10,-1,,,
50,1761651924,1761651924,3.5,-19772.3,-329.54,390,398,-10,-2,,,
54,1761651928,1761651928,3,-19768.3,-329.47,390,399,-10,-1,,,
62,1761651936,1761651936,0,-19760.3,-329.34,390,397,-10,-3,,,
63,1761651937,1761651937,10.5,-19759.3,-329.32,390,400,-10,0,,,
64,1761651938,1761651938,3,-19758.3,-329.3,390,400,-10,0,,,
71,1761651945,1761651945,9.5,-19751.3,-329.19,390,400,-10,0,,,
80,1761651954,1761651954,3,-19742.3,-329.04,390,399,-10,-1,,,
81,1761651955,1761651955,9,-19741.3,-329.02,390,399,-10,-1,,,
82,1761651956,1761651956,5.5,-19740.3,-329,390,400,-10,0,,,
83,1761651957,1761651957,11,-19739.3,-328.99,390,400,-10,0,,,
85,1761651959,1761651959,9,-19737.3,-328.95,390,400,-10,0,,,
86,1761651960,1761651960,5.5,-19736.3,-328.94,390,400,-10,0,,,
90,1761651964,1761651964,7,-19732.3,-328.87,390,400,-10,0,,,
92,1761651966,1761651966,1,-19730.3,-328.84,390,399,-10,-1,,,
95,1761651969,1761651969,11,-19727.3,-328.79,390,399,-10,-1,,,
99,1761651973,1761651973,10,-19723.3,-328.72,390,400,-10,0,,,
102,1761651976,1761651976,7,-19720.3,-328.67,390,399,-10,-1,,,
106,1761651980,1761651980,8,-19716.3,-328.6,390,399,-10,-1,,,
112,1761651986,1761651986,6.5,-19710.3,-328.5,390,399,-10,-1,,,
114,1761651988,1761651988,8,-19708.3,-328.47,390,400,-10,0,,,
119,1761651993,1761651993,10.5,-19703.3,-328.39,390,398,-10,-2,,,
122,1761651996,1761651996,9,-19700.3,-328.34,390,400,-10,0,,,
124,1761651998,1761651998,10.5,-19698.3,-328.3,390,401,-10,1,,,
125,1761651999,1761651999,9,-19697.3,-328.29,390,399,-10,-1,,,
129,1761652003,1761652003,11.5,-19693.3,-328.22,390,400,-10,0,,,
141,1761652015,1761652015,4.5,-19681.3,-328.02,390,399,-10,-1,,,
143,1761652017,1761652017,8.5,-19679.3,-327.99,390,400,-10,0,,,
147,1761652021,1761652021,4,-19675.3,-327.92,390,400,-10,0,,,
159,1761652033,1761652033,14.5,-19663.2,-327.72,390,399,-10,-1,,,
164,1761652038,1761652038,7,-19658.3,-327.64,390,398,-10,-2,,,
170,1761652044,1761652044,7.5,-19652.2,-327.54,390,397,-10,-3,,,
173,1761652047,1761652047,4,-19649.3,-327.49,390,397,-10,-3,,,
186,1761652060,1761652060,9,-19636.2,-327.27,390,401,-10,1,,,
187,1761652061,1761652061,4,-19635.2,-327.25,390,400,-10,0,,,
190,1761652064,1761652064,10.5,-19632.2,-327.2,390,400,-10,0,,,
193,1761652067,1761652067,5.5,-19629.2,-327.15,390,399,-10,-1,,,
195,1761652069,1761652069,4,-19627.2,-327.12,390,399,-10,-1,,,
196,1761652070,1761652070,11,-19626.2,-327.1,390,400,-10,0,,,
197,1761652071,1761652071,7.5,-19625.2,-327.09,390,400,-10,0,,,
198,1761652072,1761652072,11,-19624.2,-327.07,390,401,-10,1,,,
199,1761652073,1761652073,3.5,-19623.2,-327.05,390,398,-10,-2,,,
203,1761652077,1761652077,6,-19619.2,-326.99,390,398,-10,-2,,,
206,1761652080,1761652080,13.5,-19616.2,-326.94,390,400,-10,0,,,
207,1761652081,1761652081,6,-19615.2,-326.92,390,400,-10,0,,,
214,1761652088,1761652088,6.5,-19608.2,-326.8,390,399,-10,-1,,,
217,1761652091,1761652091,4,-19605.2,-326.75,390,400,-10,0,,,
222,1761652096,1761652096,10,-19600.2,-326.67,390,400,-10,0,,,
225,1761652099,1761652099,4,-19597.2,-326.62,390,397,-10,-3,,,
226,1761652100,1761652100,11,-19596.2,-326.6,390,400,-10,0,,,
228,1761652102,1761652102,8,-19594.2,-326.57,390,399,-10,-1,,,
231,1761652105,1761652105,6.5,-19591.2,-326.52,390,400,-10,0,,,
233,1761652107,1761652107,5,-19589.2,-326.49,390,400,-10,0,,,
246,1761652120,1761652120,13.5,-19576.2,-326.27,390,400,-10,0,,,
255,1761652129,1761652129,7.5,-19567.2,-326.12,390,400,-10,0,,,
263,1761652137,1761652137,10.5,-19559.2,-325.99,390,399,-10,-1,,,
268,1761652142,1761652142,5,-19554.2,-325.9,390,400,-10,0,,,
276,1761652150,1761652150,1,-19546.2,-325.77,390,399,-10,-1,,,
280,1761652154,1761652154,6,-19542.2,-325.7,390,400,-10,0,,,
285,1761652159,1761652159,11.5,-19537.2,-325.62,390,400,-10,0,,,
286,1761652160,1761652160,7.5,-19536.2,-325.6,390,401,-10,1,,,
291,1761652165,1761652165,9.5,-19531.2,-325.52,390,400,-10,0,,,
292,1761652166,1761652166,8,-19530.2,-325.5,390,399,-10,-1,,,
293,1761652167,1761652167,13,-19529.2,-325.49,390,400,-10,0,,,
294,1761652168,1761652168,8,-19528.2,-325.47,390,399,-10,-1,,,
295,1761652169,1761652169,11.5,-19527.2,-325.45,390,400,-10,0,,,
297,1761652171,1761652171,12.5,-19525.2,-325.42,390,399,-10,-1,,,
300,1761652174,1761652174,7.5,-19522.2,-325.37,390,399,-10,-1,,,
302,1761652176,1761652176,9,-19520.2,-325.34,390,399,-10,-1,,,
307,1761652181,1761652181,10.5,-19515.2,-325.25,390,398,-10,-2,,,
310,1761652184,1761652184,6,-19512.2,-325.2,390,400,-10,0,,,
318,1761652192,1761652192,6.5,-19504.2,-325.07,390,400,-10,0,,,
320,1761652194,1761652194,8,-19502.2,-325.04,390,399,-10,-1,,,
322,1761652196,1761652196,5,-19500.2,-325,390,399,-10,-1,,,
328,1761652202,1761652202,2.5,-19494.2,-324.9,390,399,-10,-1,,,
331,1761652205,1761652205,12,-19491.2,-324.85,390,400,-10,0,,,
338,1761652212,1761652212,8.5,-19484.2,-324.74,390,401,-10,1,,,
339,1761652213,1761652213,11,-19483.2,-324.72,390,399,-10,-1,,,
343,1761652217,1761652217,15.5,-19479.2,-324.65,390,400,-10,0,,,
346,1761652220,1761652220,3.5,-19476.2,-324.6,390,399,-10,-1,,,
359,1761652233,1761652233,3,-19463.2,-324.39,390,399,-10,-1,,,
360,1761652234,1761652234,10.5,-19462.2,-324.37,390,399,-10,-1,,,
368,1761652242,1761652242,11.5,-19454.2,-324.24,390,399,-10,-1,,,
372,1761652246,1761652246,12.5,-19450.2,-324.17,390,399,-10,-1,,,
379,1761652253,1761652253,6.5,-19443.2,-324.05,390,400,-10,0,,,
388,1761652262,1761652262,14,-19434.2,-323.9,390,400,-10,0,,,
390,1761652264,1761652264,14,-19432.2,-323.87,390,400,-10,0,,,
391,1761652265,1761652265,5.5,-19431.2,-323.85,390,399,-10,-1,,,
392,1761652266,1761652266,10,-19430.2,-323.84,390,399,-10,-1,,,
395,1761652269,1761652269,5,-19427.2,-323.79,390,397,-10,-3,,,
404,1761652278,1761652278,4,-19418.2,-323.64,390,397,-10,-3,,,
406,1761652280,1761652280,2.5,-19416.2,-323.6,390,400,-10,0,,,
410,1761652284,1761652284,7,-19412.2,-323.54,390,399,-10,-1,,,
416,1761652290,1761652290,6.5,-19406.2,-323.44,390,401,-10,1,,,
424,1761652298,1761652298,5.5,-19398.2,-323.3,390,399,-10,-1,,,
439,1761652313,1761652313,10.5,-19383.1,-323.05,390,399,-10,-1,,,
440,1761652314,1761652314,4.5,-19382.1,-323.04,390,399,-10,-1,,,
447,1761652321,1761652321,12.5,-19375.1,-322.92,390,399,-10,-1,,,
449,1761652323,1761652323,12.5,-19373.1,-322.89,390,399,-10,-1,,,
450,1761652324,1761652324,3,-19372.1,-322.87,390,400,-10,0,,,
454,1761652328,1761652328,3.5,-19368.1,-322.8,390,399,-10,-1,,,
457,1761652331,1761652331,12.5,-19365.1,-322.75,390,399,-10,-1,,,
459,1761652333,1761652333,9,-19363.1,-322.72,390,399,-10,-1,,,
475,1761652349,1761652349,4,-19347.1,-322.45,390,400,-10,0,,,
478,1761652352,1761652352,9,-19344.1,-322.4,390,397,-10,-3,,,
480,1761652354,1761652354,6.5,-19342.1,-322.37,390,400,-10,0,,,
481,1761652355,1761652355,4,-19341.1,-322.35,390,401,-10,1,,,
482,1761652356,1761652356,8,-19340.1,-322.34,390,400,-10,0,,,
484,1761652358,1761652358,9,-19338.1,-322.3,390,399,-10,-1,,,
491,1761652365,1761652365,12,-19331.1,-322.19,390,400,-10,0,,,
492,1761652366,1761652366,1,-19330.1,-322.17,390,399,-10,-1,,,
520,1761652394,1761652394,8.5,-19302.1,-321.7,390,400,-10,0,,,
521,1761652395,1761652395,3.5,-19301.1,-321.69,390,400,-10,0,,,
522,1761652396,1761652396,5,-19300.1,-321.67,390,399,-10,-1,,,
523,1761652397,1761652397,4,-19299.1,-321.65,390,399,-10,-1,,,
524,1761652398,1761652398,12.5,-19298.1,-321.64,390,400,-10,0,,,
526,1761652400,1761652400,8.5,-19296.1,-321.6,390,400,-10,0,,,
528,1761652402,1761652402,9.5,-19294.1,-321.57,390,400,-10,0,,,
533,1761652407,1761652407,8.5,-19289.1,-321.49,390,400,-10,0,,,
534,1761652408,1761652408,6,-19288.1,-321.47,390,399,-10,-1,,,
535,1761652409,1761652409,6,-19287.1,-321.45,390,401,-10,1,,,
538,1761652412,1761652412,10.5,-19284.1,-321.4,390,400,-10,0,,,
539,1761652413,1761652413,6,-19283.1,-321.39,390,399,-10,-1,,,
541,1761652415,1761652415,5.5,-19281.1,-321.35,390,401,-10,1,,,
543,1761652417,1761652417,5,-19279.1,-321.32,390,398,-10,-2,,,
549,1761652423,1761652423,8.5,-19273.1,-321.22,390,400,-10,0,,,
550,1761652424,1761652424,13,-19272.1,-321.2,390,400,-10,0,,,
554,1761652428,1761652428,8.5,-19268.1,-321.14,390,400,-10,0,,,
562,1761652436,1761652436,9.5,-19260.1,-321,390,400,-10,0,,,
563,1761652437,1761652437,6.5,-19259.1,-320.99,390,399,-10,-1,,,
564,1761652438,1761652438,15,-19258.1,-320.97,390,399,-10,-1,,,
566,1761652440,1761652440,14.5,-19256.1,-320.93,390,400,-10,0,,,
571,1761652445,1761652445,8.5,-19251.1,-320.85,390,400,-10,0,,,
576,1761652450,1761652450,12,-19246.1,-320.77,390,400,-10,0,,,
580,1761652454,1761652454,11,-19242.1,-320.7,390,400,-10,0,,,
591,1761652465,1761652465,9,-19231.1,-320.52,390,399,-10,-1,,,
595,1761652469,1761652469,11,-19227.1,-320.45,390,399,-10,-1,,,
602,1761652476,1761652476,3.5,-19220.1,-320.33,390,399,-10,-1,,,
603,1761652477,1761652477,13,-19219.1,-320.32,390,398,-10,-2,,,
608,1761652482,1761652482,5,-19214.1,-320.23,390,398,-10,-2,,,
610,1761652484,1761652484,6.5,-19212.1,-320.2,390,400,-10,0,,,
611,1761652485,1761652485,12.5,-19211.1,-320.18,390,400,-10,0,,,
624,1761652498,1761652498,4.5,-19198.1,-319.97,390,399,-10,-1,,,
628,1761652502,1761652502,5,-19194.1,-319.9,390,399,-10,-1,,,
629,1761652503,1761652503,6,-19193.1,-319.88,390,401,-10,1,,,
634,1761652508,1761652508,9,-19188.1,-319.8,390,400,-10,0,,,
637,1761652511,1761652511,4,-19185.1,-319.75,390,400,-10,0,,,
643,1761652517,1761652517,3.5,-19179.1,-319.65,390,399,-10,-1,,,
647,1761652521,1761652521,5.5,-19175.1,-319.58,390,399,-10,-1,,,
648,1761652522,1761652522,13,-19174.1,-319.57,390,399,-10,-1,,,
649,1761652523,1761652523,7,-19173.1,-319.55,390,399,-10,-1,,,
653,1761652527,1761652527,5.5,-19169.1,-319.48,390,399,-10,-1,,,
656,1761652530,1761652530,10,-19166.1,-319.43,390,397,-10,-3,,,
663,1761652537,1761652537,7.5,-19159.1,-319.32,390,399,-10,-1,,,
666,1761652540,1761652540,13.5,-19156.1,-319.27,390,401,-10,1,,,
667,1761652541,1761652541,5,-19155.1,-319.25,390,399,-10,-1,,,
677,1761652551,1761652551,3.5,-19145.1,-319.08,390,400,-10,0,,,
678,1761652552,1761652552,14,-19144.1,-319.07,390,399,-10,-1,,,
689,1761652563,1761652563,4,-19133.1,-318.88,390,399,-10,-1,,,
693,1761652567,1761652567,9.5,-19129.1,-318.82,390,399,-10,-1,,,
695,1761652569,1761652569,6,-19127.1,-318.78,390,399,-10,-1,,,
697,1761652571,1761652571,6,-19125.1,-318.75,390,400,-10,0,,,
700,1761652574,1761652574,14,-19122,-318.7,390,401,-10,1,,,
708,1761652582,1761652582,3,-19114.1,-318.57,390,398,-10,-2,,,
710,1761652584,1761652584,5.5,-19112,-318.53,390,399,-10,-1,,,
712,1761652586,1761652586,4,-19110,-318.5,390,399,-10,-1,,,
713,1761652587,1761652587,8,-19109,-318.48,390,400,-10,0,,,
715,1761652589,1761652589,7.5,-19107,-318.45,390,401,-10,1,,,
716,1761652590,1761652590,2.5,-19106,-318.43,390,400,-10,0,,,
723,1761652597,1761652597,10,-19099,-318.32,390,400,-10,0,,,
727,1761652601,1761652601,13.5,-19095,-318.25,390,400,-10,0,,,
728,1761652602,1761652602,3.5,-19094,-318.23,390,401,-10,1,,,
740,1761652614,1761652614,12.5,-19082,-318.03,390,400,-10,0,,,
742,1761652616,1761652616,13.5,-19080,-318,390,400,-10,0,,,
744,1761652618,1761652618,15.5,-19078,-317.97,390,400,-10,0,,,
747,1761652621,1761652621,7,-19075,-317.92,390,400,-10,0,,,
750,1761652624,1761652624,12.5,-19072,-317.87,390,397,-10,-3,,,
752,1761652626,1761652626,10.5,-19070,-317.83,390,400,-10,0,,,
754,1761652628,1761652628,12,-19068,-317.8,390,399,-10,-1,,,
757,1761652631,1761652631,8,-19065,-317.75,390,400,-10,0,,,
759,1761652633,1761652633,8,-19063,-317.72,390,399,-10,-1,,,
762,1761652636,1761652636,13,-19060,-317.67,390,399,-10,-1,,,
763,1761652637,1761652637,7,-19059,-317.65,390,400,-10,0,,,
768,1761652642,1761652642,10,-19054,-317.57,390,399,-10,-1,,,
769,1761652643,1761652643,6.5,-19053,-317.55,390,398,-10,-2,,,
774,1761652648,1761652648,15.5,-19048,-317.47,390,399,-10,-1,,,
785,1761652659,1761652659,2.5,-19037,-317.28,390,397,-10,-3,,,
790,1761652664,1761652664,3,-19032,-317.2,390,398,-10,-2,,,
791,1761652665,1761652665,10.5,-19031,-317.18,390,400,-10,0,,,
792,1761652666,1761652666,6.5,-19030,-317.17,390,399,-10,-1,,,
794,1761652668,1761652668,4.5,-19028,-317.13,390,399,-10,-1,,,
804,1761652678,1761652678,6,-19018,-316.97,390,400,-10,0,,,
806,1761652680,1761652680,4.5,-19016,-316.93,390,400,-10,0,,,
807,1761652681,1761652681,8,-19015,-316.92,390,400,-10,0,,,
810,1761652684,1761652684,6,-19012,-316.87,390,399,-10,-1,,,
812,1761652686,1761652686,4.5,-19010,-316.83,390,397,-10,-3,,,
815,1761652689,1761652689,11.5,-19007,-316.78,390,399,-10,-1,,,
820,1761652694,1761652694,8,-19002,-316.7,390,401,-10,1,,,
822,1761652696,1761652696,5.5,-19000,-316.67,390,400,-10,0,,,
823,1761652697,1761652697,11.5,-18999,-316.65,390,399,-10,-1,,,
830,1761652704,1761652704,6,-18992,-316.53,390,400,-10,0,,,
838,1761652712,1761652712,8,-18984,-316.4,390,399,-10,-1,,,
844,1761652718,1761652718,4.5,-18978,-316.3,390,399,-10,-1,,,
851,1761652725,1761652725,13,-18971,-316.18,390,398,-10,-2,,,
853,1761652727,1761652727,10.5,-18969,-316.15,390,399,-10,-1,,,
854,1761652728,1761652728,7,-18968,-316.13,390,400,-10,0,,,
861,1761652735,1761652735,10.5,-18961,-316.02,390,398,-10,-2,,,
863,1761652737,1761652737,1.5,-18959,-315.98,390,396,-10,-4,,,
865,1761652739,1761652739,5.5,-18957,-315.95,390,399,-10,-1,,,
881,1761652755,1761652755,6,-18941,-315.68,390,400,-10,0,,,
884,1761652758,1761652758,9,-18938,-315.63,390,400,-10,0,,,
891,1761652765,1761652765,8,-18931,-315.52,390,400,-10,0,,,
897,1761652771,1761652771,5,-18925,-315.42,390,400,-10,0,,,
907,1761652781,1761652781,6.5,-18915,-315.25,390,399,-10,-1,,,
909,1761652783,1761652783,8.5,-18913,-315.22,390,400,-10,0,,,
913,1761652787,1761652787,4,-18909,-315.15,390,399,-10,-1,,,
915,1761652789,1761652789,7.5,-18907,-315.12,390,400,-10,0,,,
916,1761652790,1761652790,13,-18906,-315.1,390,400,-10,0,,,
919,1761652793,1761652793,7.5,-18903,-315.05,390,400,-10,0,,,
927,1761652801,1761652801,4,-18895,-314.92,390,400,-10,0,,,
929,1761652803,1761652803,7,-18893,-314.88,390,399,-10,-1,,,
931,1761652805,1761652805,4.5,-18891,-314.85,390,400,-10,0,,,
935,1761652809,1761652809,6.5,-18887,-314.78,390,398,-10,-2,,,
938,1761652812,1761652812,9.5,-18884,-314.73,390,399,-10,-1,,,
950,1761652824,1761652824,13,-18871.9,-314.53,390,399,-10,-1,,,
954,1761652828,1761652828,11,-18867.9,-314.47,390,400,-10,0,,,
960,1761652834,1761652834,13.5,-18861.9,-314.37,390,399,-10,-1,,,
972,1761652846,1761652846,15.5,-18849.9,-314.17,390,400,-10,0,,,
974,1761652848,1761652848,14,-18847.9,-314.13,390,400,-10,0,,,
977,1761652851,1761652851,10.5,-18844.9,-314.08,390,400,-10,0,,,
979,1761652853,1761652853,12.5,-18842.9,-314.05,390,399,-10,-1,,,
980,1761652854,1761652854,6,-18841.9,-314.03,390,399,-10,-1,,,
981,1761652855,1761652855,8.5,-18840.9,-314.02,390,400,-10,0,,,
984,1761652858,1761652858,5,-18837.9,-313.97,390,400,-10,0,,,
995,1761652869,1761652869,9,-18826.9,-313.78,390,399,-10,-1,,,
997,1761652871,1761652871,12.5,-18824.9,-313.75,390,399,-10,-1,,,
999,1761652873,1761652873,10,-18822.9,-313.72,390,400,-10,0,,,
1005,1761652879,1761652879,8,-18816.9,-313.62,390,399,-10,-1,,,
1009,1761652883,1761652883,11,-18812.9,-313.55,390,400,-10,0,,,
1012,1761652886,1761652886,4.5,-18809.9,-313.5,390,397,-10,-3,,,
1022,1761652896,1761652896,4.5,-18799.9,-313.33,390,400,-10,0,,,
1029,1761652903,1761652903,10,-18792.9,-313.22,390,400,-10,0,,,
1030,1761652904,1761652904,7.5,-18791.9,-313.2,390,400,-10,0,,,
1032,1761652906,1761652906,7.5,-18789.9,-313.17,390,398,-10,-2,,,
1045,1761652919,1761652919,9.5,-18776.9,-312.95,390,399,-10,-1,,,
1049,1761652923,1761652923,11,-18772.9,-312.88,390,400,-10,0,,,
1055,1761652929,1761652929,11,-18766.9,-312.78,390,398,-10,-2,,,
1056,1761652930,1761652930,3,-18765.9,-312.77,390,400,-10,0,,,
1058,1761652932,1761652932,5,-18763.9,-312.73,390,400,-10,0,,,
1061,1761652935,1761652935,5.5,-18760.9,-312.68,390,400,-10,0,,,
1063,1761652937,1761652937,7,-18758.9,-312.65,390,398,-10,-2,,,
1065,1761652939,1761652939,11.5,-18756.9,-312.62,390,399,-10,-1,,,
1067,1761652941,1761652941,8,-18754.9,-312.58,390,399,-10,-1,,,
1068,1761652942,1761652942,4.5,-18753.9,-312.57,390,399,-10,-1,,,
1069,1761652943,1761652943,10.5,-18752.9,-312.55,390,400,-10,0,,,
1072,1761652946,1761652946,4.5,-18749.9,-312.5,390,400,-10,0,,,
1075,1761652949,1761652949,5,-18746.9,-312.45,390,399,-10,-1,,,
1076,1761652950,1761652950,12,-18745.9,-312.43,390,400,-10,0,,,
1078,1761652952,1761652952,9.5,-18743.9,-312.4,390,398,-10,-2,,,
1083,1761652957,1761652957,9.5,-18738.9,-312.32,390,401,-10,1,,,
1090,1761652964,1761652964,9,-18731.9,-312.2,390,398,-10,-2,,,
1092,1761652966,1761652966,14,-18729.9,-312.16,390,399,-10,-1,,,
1093,1761652967,1761652967,6.5,-18728.9,-312.15,390,401,-10,1,,,
1099,1761652973,1761652973,11,-18722.9,-312.05,390,399,-10,-1,,,
1101,1761652975,1761652975,7,-18720.9,-312.01,390,400,-10,0,,,
1106,1761652980,1761652980,14.5,-18715.9,-311.93,390,400,-10,0,,,
1110,1761652984,1761652984,9.5,-18711.9,-311.86,390,400,-10,0,,,
1115,1761652989,1761652989,8.5,-18706.9,-311.78,390,398,-10,-2,,,
1123,1761652997,1761652997,6,-18698.9,-311.65,390,399,-10,-1,,,
1125,1761652999,1761652999,8.5,-18696.9,-311.61,390,400,-10,0,,,
1133,1761653007,1761653007,5.5,-18688.9,-311.48,390,399,-10,-1,,,
1137,1761653011,1761653011,10,-18684.9,-311.41,390,399,-10,-1,,,
1143,1761653017,1761653017,7,-18678.9,-311.31,390,399,-10,-1,,,
1145,1761653019,1761653019,4.5,-18676.9,-311.28,390,398,-10,-2,,,
1146,1761653020,1761653020,12,-18675.9,-311.26,390,401,-10,1,,,
1147,1761653021,1761653021,4.5,-18674.9,-311.25,390,398,-10,-2,,,
1149,1761653023,1761653023,3.5,-18672.9,-311.21,390,400,-10,0,,,
1159,1761653033,1761653033,6,-18662.9,-311.05,390,399,-10,-1,,,
1164,1761653038,1761653038,10,-18657.9,-310.96,390,398,-10,-2,,,
1166,1761653040,1761653040,12,-18655.9,-310.93,390,400,-10,0,,,
1174,1761653048,1761653048,10,-18647.9,-310.8,390,400,-10,0,,,
1176,1761653050,1761653050,11,-18645.9,-310.76,390,400,-10,0,,,
1179,1761653053,1761653053,3.5,-18642.9,-310.71,390,399,-10,-1,,,
1193,1761653067,1761653067,5,-18628.9,-310.48,390,400,-10,0,,,
1194,1761653068,1761653068,11.5,-18627.9,-310.46,390,400,-10,0,,,
1198,1761653072,1761653072,9,-18623.9,-310.4,390,400,-10,0,,,
1199,1761653073,1761653073,0.5,-18622.9,-310.38,390,398,-10,-2,,,
1206,1761653080,1761653080,13.5,-18615.9,-310.26,390,400,-10,0,,,
1210,1761653084,1761653084,6,-18611.9,-310.2,390,399,-10,-1,,,
1214,1761653088,1761653088,10.5,-18607.9,-310.13,390,399,-10,-1,,,
1215,1761653089,1761653089,5.5,-18606.9,-310.11,390,400,-10,0,,,
1218,1761653092,1761653092,5.5,-18603.9,-310.06,390,401,-10,1,,,
1220,1761653094,1761653094,8,-18601.9,-310.03,390,400,-10,0,,,
1222,1761653096,1761653096,11,-18599.9,-310,390,400,-10,0,,,
1223,1761653097,1761653097,6,-18598.9,-309.98,390,399,-10,-1,,,
1232,1761653106,1761653106,14,-18589.8,-309.83,390,400,-10,0,,,
1233,1761653107,1761653107,2.5,-18588.9,-309.81,390,400,-10,0,,,
1235,1761653109,1761653109,6,-18586.9,-309.78,390,400,-10,0,,,
1236,1761653110,1761653110,10.5,-18585.8,-309.76,390,399,-10,-1,,,
1237,1761653111,1761653111,4,-18584.9,-309.75,390,401,-10,1,,,
1240,1761653114,1761653114,9.5,-18581.8,-309.7,390,399,-10,-1,,,
1242,1761653116,1761653116,9,-18579.8,-309.66,390,400,-10,0,,,
1245,1761653119,1761653119,7.5,-18576.8,-309.61,390,399,-10,-1,,,
1248,1761653122,1761653122,8.5,-18573.8,-309.56,390,400,-10,0,,,
1250,1761653124,1761653124,8.5,-18571.8,-309.53,390,400,-10,0,,,
1253,1761653127,1761653127,2,-18568.8,-309.48,390,398,-10,-2,,,
1257,1761653131,1761653131,5.5,-18564.8,-309.41,390,399,-10,-1,,,
1268,1761653142,1761653142,8,-18553.8,-309.23,390,400,-10,0,,,
1270,1761653144,1761653144,7,-18551.8,-309.2,390,400,-10,0,,,
1271,1761653145,1761653145,13,-18550.8,-309.18,390,399,-10,-1,,,
1283,1761653157,1761653157,2,-18538.8,-308.98,390,399,-10,-1,,,
1285,1761653159,1761653159,4.5,-18536.8,-308.95,390,399,-10,-1,,,
1287,1761653161,1761653161,1.5,-18534.8,-308.91,390,398,-10,-2,,,
1289,1761653163,1761653163,8,-18532.8,-308.88,390,400,-10,0,,,
1291,1761653165,1761653165,3.5,-18530.8,-308.85,390,400,-10,0,,,
1293,1761653167,1761653167,1.5,-18528.8,-308.81,390,400,-10,0,,,
1295,1761653169,1761653169,7,-18526.8,-308.78,390,400,-10,0,,,
1296,1761653170,1761653170,11.5,-18525.8,-308.76,390,399,-10,-1,,,
1297,1761653171,1761653171,5,-18524.8,-308.75,390,401,-10,1,,,
1300,1761653174,1761653174,7.5,-18521.8,-308.7,390,399,-10,-1,,,
1301,1761653175,1761653175,0.5,-18520.8,-308.68,390,398,-10,-2,,,
1304,1761653178,1761653178,13.5,-18517.8,-308.63,390,400,-10,0,,,
1312,1761653186,1761653186,11,-18509.8,-308.5,390,400,-10,0,,,
1313,1761653187,1761653187,6.5,-18508.8,-308.48,390,399,-10,-1,,,
1315,1761653189,1761653189,8.5,-18506.8,-308.45,390,400,-10,0,,,
1319,1761653193,1761653193,7,-18502.8,-308.38,390,399,-10,-1,,,
1321,1761653195,1761653195,3,-18500.8,-308.35,390,399,-10,-1,,,
1323,1761653197,1761653197,9.5,-18498.8,-308.31,390,399,-10,-1,,,
1330,1761653204,1761653204,13.5,-18491.8,-308.2,390,399,-10,-1,,,
1333,1761653207,1761653207,6.5,-18488.8,-308.15,390,399,-10,-1,,,
1335,1761653209,1761653209,7.5,-18486.8,-308.11,390,400,-10,0,,,
1341,1761653215,1761653215,12,-18480.8,-308.01,390,400,-10,0,,,
1345,1761653219,1761653219,6.5,-18476.8,-307.95,390,399,-10,-1,,,
1347,1761653221,1761653221,9.5,-18474.8,-307.91,390,400,-10,0,,,
1350,1761653224,1761653224,3.5,-18471.8,-307.86,390,398,-10,-2,,,
1351,1761653225,1761653225,8.5,-18470.8,-307.85,390,400,-10,0,,,
1356,1761653230,1761653230,4.5,-18465.8,-307.76,390,399,-10,-1,,,
1367,1761653241,1761653241,10,-18454.8,-307.58,390,399,-10,-1,,,
1370,1761653244,1761653244,15,-18451.8,-307.53,390,401,-10,1,,,
1386,1761653260,1761653260,5,-18435.8,-307.26,390,400,-10,0,,,
1389,1761653263,1761653263,6.5,-18432.8,-307.21,390,399,-10,-1,,,
1402,1761653276,1761653276,3.5,-18419.8,-307,390,399,-10,-1,,,
1404,1761653278,1761653278,5.5,-18417.8,-306.96,390,400,-10,0,,,
1409,1761653283,1761653283,14,-18412.8,-306.88,390,400,-10,0,,,
1410,1761653284,1761653284,4,-18411.8,-306.86,390,400,-10,0,,,
1412,1761653286,1761653286,5,-18409.8,-306.83,390,398,-10,-2,,,
1414,1761653288,1761653288,5,-18407.8,-306.8,390,400,-10,0,,,
1416,1761653290,1761653290,6,-18405.8,-306.76,390,400,-10,0,,,
1418,1761653292,1761653292,6,-18403.8,-306.73,390,399,-10,-1,,,
1419,1761653293,1761653293,13.5,-18402.8,-306.71,390,400,-10,0,,,
1425,1761653299,1761653299,9,-18396.8,-306.61,390,400,-10,0,,,
1427,1761653301,1761653301,10,-18394.8,-306.58,390,400,-10,0,,,
1431,1761653305,1761653305,14,-18390.8,-306.51,390,400,-10,0,,,
1434,1761653308,1761653308,7,-18387.8,-306.46,390,400,-10,0,,,
1436,1761653310,1761653310,9.5,-18385.8,-306.43,390,400,-10,0,,,
1437,1761653311,1761653311,11.5,-18384.8,-306.41,390,401,-10,1,,,
1440,1761653314,1761653314,6.5,-18381.8,-306.36,390,399,-10,-1,,,
1453,1761653327,1761653327,4.5,-18368.8,-306.15,390,398,-10,-2,,,
1456,1761653330,1761653330,12.5,-18365.8,-306.1,390,399,-10,-1,,,
1461,1761653335,1761653335,4.5,-18360.8,-306.01,390,399,-10,-1,,,
1469,1761653343,1761653343,6,-18352.8,-305.88,390,400,-10,0,,,
1477,1761653351,1761653351,4,-18344.8,-305.75,390,400,-10,0,,,
1486,1761653360,1761653360,13.5,-18335.7,-305.6,390,400,-10,0,,,
1496,1761653370,1761653370,2.5,-18325.8,-305.43,390,399,-10,-1,,,
1499,1761653373,1761653373,4.5,-18322.7,-305.38,390,399,-10,-1,,,
1501,1761653375,1761653375,5.5,-18320.7,-305.35,390,398,-10,-2,,,
1504,1761653378,1761653378,0.5,-18317.8,-305.3,390,398,-10,-2,,,
1505,1761653379,1761653379,9,-18316.7,-305.28,390,400,-10,0,,,
1507,1761653381,1761653381,11.5,-18314.7,-305.25,390,399,-10,-1,,,
1510,1761653384,1761653384,5,-18311.7,-305.2,390,400,-10,0,,,
1513,1761653387,1761653387,12.5,-18308.7,-305.15,390,399,-10,-1,,,
1516,1761653390,1761653390,5,-18305.7,-305.1,390,399,-10,-1,,,
1523,1761653397,1761653397,7.5,-18298.7,-304.98,390,400,-10,0,,,
1531,1761653405,1761653405,10,-18290.7,-304.85,390,400,-10,0,,,
1536,1761653410,1761653410,8,-18285.7,-304.76,390,401,-10,1,,,
1538,1761653412,1761653412,6,-18283.7,-304.73,390,399,-10,-1,,,
1540,1761653414,1761653414,4,-18281.7,-304.7,390,398,-10,-2,,,
1546,1761653420,1761653420,6,-18275.7,-304.6,390,400,-10,0,,,
1554,1761653428,1761653428,6,-18267.7,-304.46,390,401,-10,1,,,
1555,1761653429,1761653429,8.5,-18266.7,-304.45,390,398,-10,-2,,,
1556,1761653430,1761653430,3.5,-18265.7,-304.43,390,400,-10,0,,,
1566,1761653440,1761653440,16,-18255.7,-304.26,390,398,-10,-2,,,
1569,1761653443,1761653443,9.5,-18252.7,-304.21,390,399,-10,-1,,,
1570,1761653444,1761653444,2,-18251.7,-304.2,390,400,-10,0,,,
1572,1761653446,1761653446,2,-18249.7,-304.16,390,398,-10,-2,,,
1579,1761653453,1761653453,7,-18242.7,-304.05,390,399,-10,-1,,,
1583,1761653457,1761653457,6,-18238.7,-303.98,390,399,-10,-1,,,
1589,1761653463,1761653463,9.5,-18232.7,-303.88,390,397,-10,-3,,,
1594,1761653468,1761653468,6,-18227.7,-303.8,390,399,-10,-1,,,
1596,1761653470,1761653470,5.5,-18225.7,-303.76,390,400,-10,0,,,
1603,1761653477,1761653477,10.5,-18218.7,-303.65,390,400,-10,0,,,
1607,1761653481,1761653481,9,-18214.7,-303.58,390,400,-10,0,,,
1611,1761653485,1761653485,9,-18210.7,-303.51,390,400,-10,0,,,
1612,1761653486,1761653486,6.5,-18209.7,-303.5,390,400,-10,0,,,
1616,1761653490,1761653490,4.5,-18205.7,-303.43,390,400,-10,0,,,
1617,1761653491,1761653491,10.5,-18204.7,-303.41,390,399,-10,-1,,,
1624,1761653498,1761653498,8,-18197.7,-303.3,390,400,-10,0,,,
1625,1761653499,1761653499,11.5,-18196.7,-303.28,390,399,-10,-1,,,
1632,1761653506,1761653506,8,-18189.7,-303.16,390,398,-10,-2,,,
1633,1761653507,1761653507,12.5,-18188.7,-303.14,390,401,-10,1,,,
1636,1761653510,1761653510,2.5,-18185.7,-303.1,390,398,-10,-2,,,
1639,1761653513,1761653513,12.5,-18182.7,-303.04,390,399,-10,-1,,,
1640,1761653514,1761653514,5.5,-18181.7,-303.03,390,399,-10,-1,,,
1646,1761653520,1761653520,10.5,-18175.7,-302.93,390,400,-10,0,,,
1649,1761653523,1761653523,13.5,-18172.7,-302.88,390,398,-10,-2,,,
1651,1761653525,1761653525,13.5,-18170.7,-302.84,390,399,-10,-1,,,
1654,1761653528,1761653528,8.5,-18167.7,-302.79,390,400,-10,0,,,
1656,1761653531,1761653530,13.5,-18165.7,-302.76,390,400,-10,0,,,
1663,1761653537,1761653537,6.5,-18158.7,-302.64,390,400,-10,0,,,
1665,1761653539,1761653539,4,-18156.7,-302.61,390,398,-10,-2,,,
1667,1761653541,1761653541,6.5,-18154.7,-302.58,390,400,-10,0,,,
1673,1761653548,1761653547,5,-18148.7,-302.48,390,400,-10,0,,,
1683,1761653558,1761653558,5,-18138.7,-302.31,390,400,-10,0,,,
1685,1761653560,1761653559,4.5,-18136.7,-302.28,390,400,-10,0,,,
1694,1761653569,1761653569,12.5,-18127.7,-302.13,390,401,-10,1,,,
1696,1761653571,1761653571,12.5,-18125.7,-302.09,390,397,-10,-3,,,
1698,1761653573,1761653573,12.5,-18123.7,-302.06,390,400,-10,0,,,
1704,1761653579,1761653579,12,-18117.7,-301.96,390,400,-10,0,,,
1710,1761653585,1761653585,10.5,-18111.7,-301.86,390,400,-10,0,,,
1712,1761653587,1761653587,8,-18109.7,-301.83,390,399,-10,-1,,,
1715,1761653590,1761653590,5.5,-18106.7,-301.78,390,400,-10,0,,,
1716,1761653591,1761653591,12.5,-18105.7,-301.76,390,400,-10,0,,,
1722,1761653597,1761653597,12,-18099.7,-301.66,390,399,-10,-1,,,
1725,1761653600,1761653600,5,-18096.7,-301.61,390,399,-10,-1,,,
1728,1761653603,1761653603,9.5,-18093.7,-301.56,390,399,-10,-1,,,
1731,1761653606,1761653606,4.5,-18090.7,-301.51,390,399,-10,-1,,,
1732,1761653607,1761653607,12,-18089.7,-301.49,390,399,-10,-1,,,
1736,1761653611,1761653611,13.5,-18085.7,-301.43,390,400,-10,0,,,
1737,1761653612,1761653612,7.5,-18084.7,-301.41,390,400,-10,0,,,
1738,1761653613,1761653613,14.5,-18083.7,-301.39,390,400,-10,0,,,
1739,1761653614,1761653614,1.5,-18082.7,-301.38,390,398,-10,-2,,,
1741,1761653616,1761653616,6,-18080.7,-301.34,390,398,-10,-2,,,
1749,1761653624,1761653624,4.5,-18072.7,-301.21,390,400,-10,0,,,
1752,1761653627,1761653627,10.5,-18069.6,-301.16,390,400,-10,0,,,
1754,1761653629,1761653629,10.5,-18067.6,-301.13,390,400,-10,0,,,
1758,1761653633,1761653633,11.5,-18063.6,-301.06,390,400,-10,0,,,
1765,1761653640,1761653640,4,-18056.6,-300.94,390,400,-10,0,,,
1767,1761653642,1761653642,5.5,-18054.6,-300.91,390,400,-10,0,,,
1771,1761653646,1761653646,7,-18050.6,-300.84,390,400,-10,0,,,
1772,1761653647,1761653647,14,-18049.6,-300.83,390,399,-10,-1,,,
1773,1761653648,1761653648,5.5,-18048.6,-300.81,390,399,-10,-1,,,
1777,1761653652,1761653652,7,-18044.6,-300.74,390,399,-10,-1,,,
1779,1761653654,1761653654,4,-18042.6,-300.71,390,398,-10,-2,,,
1781,1761653656,1761653656,5.5,-18040.6,-300.68,390,400,-10,0,,,
1788,1761653663,1761653663,12,-18033.6,-300.56,390,400,-10,0,,,
1793,1761653668,1761653668,6,-18028.6,-300.48,390,400,-10,0,,,
1797,1761653672,1761653672,3.5,-18024.6,-300.41,390,398,-10,-2,,,
1798,1761653673,1761653673,13,-18023.6,-300.39,390,397,-10,-3,,,
1800,1761653675,1761653675,15,-18021.6,-300.36,390,399,-10,-1,,,
1801,1761653676,1761653676,8,-18020.6,-300.34,390,399,-10,-1,,,
1812,1761653687,1761653687,5.5,-18009.6,-300.16,390,399,-10,-1,,,
1825,1761653700,1761653700,4.5,-17996.6,-299.94,390,399,-10,-1,,,
1830,1761653705,1761653705,9.5,-17991.6,-299.86,390,399,-10,-1,,,
1836,1761653711,1761653711,13,-17985.6,-299.76,390,400,-10,0,,,
1842,1761653717,1761653717,9,-17979.6,-299.66,390,397,-10,-3,,,
1843,1761653718,1761653718,9,-17978.6,-299.64,390,400,-10,0,,,
1844,1761653719,1761653719,12.5,-17977.6,-299.63,390,400,-10,0,,,
1849,1761653724,1761653724,6,-17972.6,-299.54,390,400,-10,0,,,
1851,1761653726,1761653726,5,-17970.6,-299.51,390,398,-10,-2,,,
1853,1761653728,1761653728,3.5,-17968.6,-299.48,390,400,-10,0,,,
1855,1761653730,1761653730,7,-17966.6,-299.44,390,400,-10,0,,,
1857,1761653732,1761653732,6.5,-17964.6,-299.41,390,399,-10,-1,,,
1861,1761653736,1761653736,4.5,-17960.6,-299.34,390,400,-10,0,,,
1864,1761653739,1761653739,14.5,-17957.6,-299.29,390,400,-10,0,,,
1865,1761653740,1761653740,7,-17956.6,-299.28,390,400,-10,0,,,
1867,1761653742,1761653742,3.5,-17954.6,-299.24,390,400,-10,0,,,
1885,1761653760,1761653760,8,-17936.6,-298.94,390,400,-10,0,,,
1888,1761653763,1761653763,10.5,-17933.6,-298.89,390,399,-10,-1,,,
1892,1761653767,1761653767,11,-17929.6,-298.83,390,400,-10,0,,,
1896,1761653771,1761653771,9.5,-17925.6,-298.76,390,398,-10,-2,,,
1897,1761653772,1761653772,7.5,-17924.6,-298.74,390,399,-10,-1,,,
1898,1761653773,1761653773,12,-17923.6,-298.73,390,400,-10,0,,,
1902,1761653777,1761653777,12.5,-17919.6,-298.66,390,400,-10,0,,,
1905,1761653780,1761653780,5.5,-17916.6,-298.61,390,399,-10,-1,,,
1908,1761653783,1761653783,14,-17913.6,-298.56,390,400,-10,0,,,
1911,1761653786,1761653786,2,-17910.6,-298.51,390,397,-10,-3,,,
1915,1761653790,1761653790,8.5,-17906.6,-298.44,390,399,-10,-1,,,
1921,1761653796,1761653796,7,-17900.6,-298.34,390,399,-10,-1,,,
1922,1761653797,1761653797,3,-17899.6,-298.33,390,400,-10,0,,,
1926,1761653801,1761653801,3.5,-17895.6,-298.26,390,401,-10,1,,,
1927,1761653802,1761653802,6,-17894.6,-298.24,390,400,-10,0,,,
1934,1761653809,1761653809,3,-17887.6,-298.13,390,399,-10,-1,,,
1936,1761653811,1761653811,1.5,-17885.6,-298.09,390,399,-10,-1,,,
1937,1761653812,1761653812,8.5,-17884.6,-298.08,390,399,-10,-1,,,
1938,1761653813,1761653813,3.5,-17883.6,-298.06,390,400,-10,0,,,
1940,1761653815,1761653815,0.5,-17881.6,-298.03,390,399,-10,-1,,,
1944,1761653819,1761653819,5,-17877.6,-297.96,390,400,-10,0,,,
1949,1761653824,1761653824,9.5,-17872.6,-297.88,390,400,-10,0,,,
1952,1761653827,1761653827,6,-17869.6,-297.83,390,399,-10,-1,,,
1954,1761653829,1761653829,2.5,-17867.6,-297.79,390,399,-10,-1,,,
1961,1761653836,1761653836,10,-17860.6,-297.68,390,399,-10,-1,,,
1962,1761653837,1761653837,4,-17859.6,-297.66,390,399,-10,-1,,,
1965,1761653840,1761653840,13,-17856.6,-297.61,390,400,-10,0,,,
1966,1761653841,1761653841,5,-17855.6,-297.59,390,397,-10,-3,,,
1970,1761653845,1761653845,8.5,-17851.6,-297.53,390,399,-10,-1,,,
1974,1761653849,1761653849,6,-17847.6,-297.46,390,398,-10,-2,,,
1978,1761653853,1761653853,8.5,-17843.6,-297.39,390,400,-10,0,,,
1980,1761653855,1761653855,3.5,-17841.6,-297.36,390,400,-10,0,,,
1986,1761653861,1761653861,8,-17835.6,-297.26,390,400,-10,0,,,
1987,1761653862,1761653862,14,-17834.6,-297.24,390,398,-10,-2,,,
1994,1761653869,1761653869,6.5,-17827.6,-297.13,390,400,-10,0,,,
1998,1761653873,1761653873,10.5,-17823.6,-297.06,390,400,-10,0,,,
2002,1761653877,1761653877,6.5,-17819.6,-296.99,390,399,-10,-1,,,
2004,1761653879,1761653879,7.5,-17817.6,-296.96,390,399,-10,-1,,,
2007,1761653882,1761653882,4.5,-17814.6,-296.91,390,401,-10,1,,,
2015,1761653890,1761653890,4.5,-17806.6,-296.78,390,400,-10,0,,,
2020,1761653895,1761653895,10.5,-17801.5,-296.69,390,400,-10,0,,,
2027,1761653902,1761653902,6.5,-17794.5,-296.58,390,399,-10,-1,,,
2034,1761653909,1761653909,14,-17787.5,-296.46,390,401,-10,1,,,
2046,1761653921,1761653921,10,-17775.5,-296.26,390,400,-10,0,,,
2048,1761653923,1761653923,9.5,-17773.5,-296.23,390,399,-10,-1,,,
2049,1761653924,1761653924,6,-17772.5,-296.21,390,400,-10,0,,,
2050,1761653925,1761653925,10.5,-17771.5,-296.19,390,398,-10,-2,,,
2053,1761653928,1761653928,9.5,-17768.5,-296.14,390,399,-10,-1,,,
2055,1761653930,1761653930,4.5,-17766.5,-296.11,390,399,-10,-1,,,
2056,1761653931,1761653931,12,-17765.5,-296.09,390,400,-10,0,,,
2058,1761653933,1761653933,13,-17763.5,-296.06,390,398,-10,-2,,,
2059,1761653934,1761653934,4,-17762.5,-296.04,390,399,-10,-1,,,
2063,1761653938,1761653938,4,-17758.5,-295.98,390,398,-10,-2,,,
2065,1761653940,1761653940,9,-17756.5,-295.94,390,399,-10,-1,,,
2066,1761653941,1761653941,11.5,-17755.5,-295.93,390,400,-10,0,,,
2075,1761653950,1761653950,7.5,-17746.5,-295.78,390,400,-10,0,,,
2076,1761653951,1761653951,11,-17745.5,-295.76,390,400,-10,0,,,
2079,1761653954,1761653954,4.5,-17742.5,-295.71,390,396,-10,-4,,,
2080,1761653955,1761653955,3,-17741.5,-295.69,390,398,-10,-2,,,
2084,1761653959,1761653959,3,-17737.5,-295.63,390,399,-10,-1,,,
2086,1761653961,1761653961,5.5,-17735.5,-295.59,390,399,-10,-1,,,
2088,1761653963,1761653963,3,-17733.5,-295.56,390,399,-10,-1,,,
2089,1761653964,1761653964,9.5,-17732.5,-295.54,390,400,-10,0,,,
2090,1761653965,1761653965,0.5,-17731.5,-295.53,390,399,-10,-1,,,
2097,1761653972,1761653972,9.5,-17724.5,-295.41,390,400,-10,0,,,
2100,1761653975,1761653975,7,-17721.5,-295.36,390,400,-10,0,,,
2109,1761653984,1761653984,13,-17712.5,-295.21,390,400,-10,0,,,
2110,1761653985,1761653985,7.5,-17711.5,-295.19,390,397,-10,-3,,,
2111,1761653986,1761653986,12.5,-17710.5,-295.18,390,398,-10,-2,,,
2116,1761653991,1761653991,2,-17705.5,-295.09,390,398,-10,-2,,,
2117,1761653992,1761653992,14,-17704.5,-295.08,390,401,-10,1,,,
2118,1761653993,1761653993,1.5,-17703.5,-295.06,390,398,-10,-2,,,
2122,1761653997,1761653997,5,-17699.5,-294.99,390,399,-10,-1,,,
2124,1761653999,1761653999,7,-17697.5,-294.96,390,400,-10,0,,,
2128,1761654003,1761654003,11,-17693.5,-294.89,390,400,-10,0,,,
2141,1761654016,1761654016,12,-17680.5,-294.68,390,398,-10,-2,,,
2146,1761654021,1761654021,6,-17675.5,-294.59,390,400,-10,0,,,
2147,1761654022,1761654022,12,-17674.5,-294.57,390,399,-10,-1,,,
2148,1761654023,1761654023,7,-17673.5,-294.56,390,399,-10,-1,,,
2161,1761654036,1761654036,6,-17660.5,-294.34,390,397,-10,-3,,,
2164,1761654039,1761654039,10.5,-17657.5,-294.29,390,400,-10,0,,,
2165,1761654040,1761654040,2.5,-17656.5,-294.28,390,399,-10,-1,,,
2167,1761654042,1761654042,6.5,-17654.5,-294.24,390,401,-10,1,,,
2170,1761654045,1761654045,10,-17651.5,-294.19,390,398,-10,-2,,,
2173,1761654048,1761654048,3.5,-17648.5,-294.14,390,400,-10,0,,,
2180,1761654055,1761654055,11,-17641.5,-294.02,390,400,-10,0,,,
2186,1761654061,1761654061,9,-17635.5,-293.92,390,400,-10,0,,,
2187,1761654062,1761654062,12.5,-17634.5,-293.91,390,399,-10,-1,,,
2195,1761654070,1761654070,3,-17626.5,-293.77,390,398,-10,-2,,,
2199,1761654074,1761654074,3,-17622.5,-293.71,390,399,-10,-1,,,
2203,1761654078,1761654078,1,-17618.5,-293.64,390,398,-10,-2,,,
2204,1761654079,1761654079,9,-17617.5,-293.62,390,400,-10,0,,,
2205,1761654080,1761654080,6,-17616.5,-293.61,390,399,-10,-1,,,
2207,1761654082,1761654082,4,-17614.5,-293.57,390,401,-10,1,,,
2212,1761654087,1761654087,8.5,-17609.5,-293.49,390,399,-10,-1,,,
2214,1761654089,1761654089,11,-17607.5,-293.46,390,399,-10,-1,,,
2219,1761654094,1761654094,0.5,-17602.5,-293.37,390,398,-10,-2,,,
2221,1761654096,1761654096,1.5,-17600.5,-293.34,390,400,-10,0,,,
2226,1761654101,1761654101,9.5,-17595.5,-293.26,390,400,-10,0,,,
2233,1761654108,1761654108,5,-17588.5,-293.14,390,398,-10,-2,,,
2236,1761654111,1761654111,11,-17585.5,-293.09,390,400,-10,0,,,
2242,1761654117,1761654117,9.5,-17579.5,-292.99,390,399,-10,-1,,,
2243,1761654118,1761654118,5.5,-17578.5,-292.97,390,400,-10,0,,,
2246,1761654121,1761654121,6.5,-17575.5,-292.92,390,400,-10,0,,,
2252,1761654127,1761654127,2.5,-17569.5,-292.82,390,400,-10,0,,,
2257,1761654132,1761654132,12,-17564.5,-292.74,390,399,-10,-1,,,
2258,1761654133,1761654133,3.5,-17563.5,-292.72,390,399,-10,-1,,,
2262,1761654137,1761654137,7,-17559.5,-292.66,390,399,-10,-1,,,
2268,1761654143,1761654143,6,-17553.5,-292.56,390,401,-10,1,,,
2270,1761654145,1761654145,3.5,-17551.5,-292.52,390,398,-10,-2,,,
2272,1761654147,1761654147,6,-17549.5,-292.49,390,400,-10,0,,,
2274,1761654149,1761654149,7,-17547.5,-292.46,390,399,-10,-1,,,
2287,1761654162,1761654162,6.5,-17534.5,-292.24,390,399,-10,-1,,,
2296,1761654171,1761654171,8,-17525.5,-292.09,390,399,-10,-1,,,
2307,1761654182,1761654182,10,-17514.4,-291.91,390,399,-10,-1,,,
2308,1761654183,1761654183,1.5,-17513.4,-291.89,390,398,-10,-2,,,
2310,1761654185,1761654185,0.5,-17511.5,-291.86,390,398,-10,-2,,,
2316,1761654191,1761654191,4,-17505.4,-291.76,390,400,-10,0,,,
2320,1761654195,1761654195,5,-17501.4,-291.69,390,400,-10,0,,,
2324,1761654199,1761654199,6.5,-17497.4,-291.62,390,399,-10,-1,,,
2328,1761654203,1761654203,7.5,-17493.4,-291.56,390,400,-10,0,,,
2332,1761654207,1761654207,7.5,-17489.4,-291.49,390,400,-10,0,,,
2334,1761654209,1761654209,5,-17487.4,-291.46,390,399,-10,-1,,,
2336,1761654211,1761654211,7.5,-17485.4,-291.42,390,399,-10,-1,,,
2340,1761654215,1761654215,5,-17481.4,-291.36,390,399,-10,-1,,,
2345,1761654220,1761654220,10.5,-17476.4,-291.27,390,398,-10,-2,,,
2353,1761654228,1761654228,7.5,-17468.4,-291.14,390,399,-10,-1,,,
2358,1761654233,1761654233,5,-17463.4,-291.06,390,399,-10,-1,,,
2360,1761654235,1761654235,3.5,-17461.4,-291.02,390,400,-10,0,,,
2364,1761654239,1761654239,1,-17457.4,-290.96,390,397,-10,-3,,,
2365,1761654240,1761654240,7.5,-17456.4,-290.94,390,399,-10,-1,,,
2366,1761654241,1761654241,3.5,-17455.4,-290.92,390,400,-10,0,,,
2372,1761654247,1761654247,2,-17449.4,-290.82,390,399,-10,-1,,,
2382,1761654257,1761654257,9.5,-17439.4,-290.66,390,399,-10,-1,,,
2384,1761654259,1761654259,13.5,-17437.4,-290.62,390,400,-10,0,,,
2395,1761654270,1761654270,10,-17426.4,-290.44,390,400,-10,0,,,
2398,1761654273,1761654273,5.5,-17423.4,-290.39,390,400,-10,0,,,
2402,1761654277,1761654277,0.5,-17419.4,-290.32,390,398,-10,-2,,,
2408,1761654283,1761654283,4.5,-17413.4,-290.22,390,400,-10,0,,,
2417,1761654292,1761654292,7.5,-17404.4,-290.07,390,399,-10,-1,,,
2427,1761654302,1761654302,7,-17394.4,-289.91,390,400,-10,0,,,
2432,1761654307,1761654307,4.5,-17389.4,-289.82,390,399,-10,-1,,,
2434,1761654309,1761654309,5.5,-17387.4,-289.79,390,401,-10,1,,,
2435,1761654310,1761654310,10.5,-17386.4,-289.77,390,400,-10,0,,,
2440,1761654315,1761654315,12,-17381.4,-289.69,390,399,-10,-1,,,
2446,1761654321,1761654321,10.5,-17375.4,-289.59,390,399,-10,-1,,,
2453,1761654328,1761654328,10,-17368.4,-289.47,390,399,-10,-1,,,
2454,1761654329,1761654329,6.5,-17367.4,-289.46,390,400,-10,0,,,
2456,1761654331,1761654331,7,-17365.4,-289.42,390,400,-10,0,,,
2457,1761654332,1761654332,10,-17364.4,-289.41,390,400,-10,0,,,
2462,1761654337,1761654337,5,-17359.4,-289.32,390,399,-10,-1,,,
2463,1761654338,1761654338,9.5,-17358.4,-289.31,390,399,-10,-1,,,
2468,1761654343,1761654343,4.5,-17353.4,-289.22,390,399,-10,-1,,,
2472,1761654347,1761654347,7.5,-17349.4,-289.16,390,398,-10,-2,,,
2474,1761654349,1761654349,6,-17347.4,-289.12,390,399,-10,-1,,,
2478,1761654353,1761654353,4,-17343.4,-289.06,390,400,-10,0,,,
2480,1761654355,1761654355,6.5,-17341.4,-289.02,390,400,-10,0,,,
2483,1761654358,1761654358,6,-17338.4,-288.97,390,400,-10,0,,,
2484,1761654359,1761654359,4,-17337.4,-288.96,390,400,-10,0,,,
2486,1761654361,1761654361,5,-17335.4,-288.92,390,399,-10,-1,,,
2492,1761654367,1761654367,6.5,-17329.4,-288.82,390,401,-10,1,,,
2497,1761654372,1761654372,11,-17324.4,-288.74,390,399,-10,-1,,,
2498,1761654373,1761654373,5,-17323.4,-288.72,390,401,-10,1,,,
2501,1761654376,1761654376,11,-17320.4,-288.67,390,399,-10,-1,,,
2504,1761654379,1761654379,7,-17317.4,-288.62,390,401,-10,1,,,
2511,1761654386,1761654386,12.5,-17310.4,-288.51,390,399,-10,-1,,,
2512,1761654387,1761654387,7.5,-17309.4,-288.49,390,399,-10,-1,,,
2516,1761654391,1761654391,7.5,-17305.4,-288.42,390,400,-10,0,,,
2523,1761654398,1761654398,11.5,-17298.4,-288.31,390,399,-10,-1,,,
2525,1761654400,1761654400,13.5,-17296.4,-288.27,390,400,-10,0,,,
2526,1761654401,1761654401,6,-17295.4,-288.26,390,400,-10,0,,,
2538,1761654413,1761654413,9.5,-17283.4,-288.06,390,399,-10,-1,,,
2540,1761654415,1761654415,8,-17281.4,-288.02,390,399,-10,-1,,,
2541,1761654416,1761654416,12.5,-17280.4,-288.01,390,400,-10,0,,,
2559,1761654434,1761654434,11,-17262.4,-287.71,390,400,-10,0,,,
2560,1761654435,1761654435,8.5,-17261.4,-287.69,390,400,-10,0,,,
2562,1761654437,1761654437,3.5,-17259.4,-287.66,390,399,-10,-1,,,
2569,1761654444,1761654444,14,-17252.3,-287.54,390,398,-10,-2,,,
2570,1761654445,1761654445,6.5,-17251.4,-287.52,390,400,-10,0,,,
2571,1761654446,1761654446,12.5,-17250.3,-287.51,390,400,-10,0,,,
2572,1761654447,1761654447,1.5,-17249.4,-287.49,390,397,-10,-3,,,
2575,1761654450,1761654450,12,-17246.3,-287.44,390,397,-10,-3,,,
2576,1761654451,1761654451,7,-17245.3,-287.42,390,399,-10,-1,,,
2580,1761654455,1761654455,7.5,-17241.3,-287.36,390,399,-10,-1,,,
2594,1761654469,1761654469,4.5,-17227.3,-287.12,390,397,-10,-3,,,
2595,1761654470,1761654470,3,-17226.3,-287.11,390,399,-10,-1,,,
2597,1761654472,1761654472,2.5,-17224.3,-287.07,390,399,-10,-1,,,
2599,1761654474,1761654474,3.5,-17222.3,-287.04,390,400,-10,0,,,
2603,1761654478,1761654478,6,-17218.3,-286.97,390,401,-10,1,,,
2607,1761654482,1761654482,0.5,-17214.3,-286.91,390,396,-10,-4,,,
2608,1761654483,1761654483,10.5,-17213.3,-286.89,390,398,-10,-2,,,
2609,1761654484,1761654484,6.5,-17212.3,-286.87,390,399,-10,-1,,,
2611,1761654486,1761654486,5,-17210.3,-286.84,390,398,-10,-2,,,
2612,1761654487,1761654487,8.5,-17209.3,-286.82,390,399,-10,-1,,,
2617,1761654492,1761654492,4,-17204.3,-286.74,390,399,-10,-1,,,
2622,1761654497,1761654497,14.5,-17199.3,-286.66,390,401,-10,1,,,
2635,1761654510,1761654510,6.5,-17186.3,-286.44,390,398,-10,-2,,,
2636,1761654511,1761654511,12.5,-17185.3,-286.42,390,400,-10,0,,,
2637,1761654512,1761654512,4,-17184.3,-286.41,390,400,-10,0,,,
2638,1761654513,1761654513,12.5,-17183.3,-286.39,390,398,-10,-2,,,
2639,1761654514,1761654514,0,-17182.3,-286.37,390,399,-10,-1,,,
2647,1761654522,1761654522,7,-17174.3,-286.24,390,399,-10,-1,,,
2651,1761654526,1761654526,7,-17170.3,-286.17,390,399,-10,-1,,,
2652,1761654527,1761654527,11.5,-17169.3,-286.16,390,400,-10,0,,,
2655,1761654530,1761654530,9.5,-17166.3,-286.11,390,399,-10,-1,,,
2661,1761654536,1761654536,8.5,-17160.3,-286.01,390,401,-10,1,,,
2662,1761654537,1761654537,2.5,-17159.3,-285.99,390,400,-10,0,,,
2664,1761654539,1761654539,3.5,-17157.3,-285.96,390,399,-10,-1,,,
2666,1761654541,1761654541,2,-17155.3,-285.92,390,400,-10,0,,,
2667,1761654542,1761654542,10.5,-17154.3,-285.91,390,399,-10,-1,,,
2669,1761654544,1761654544,10.5,-17152.3,-285.87,390,400,-10,0,,,
2670,1761654545,1761654545,4.5,-17151.3,-285.86,390,399,-10,-1,,,
2671,1761654546,1761654546,8,-17150.3,-285.84,390,399,-10,-1,,,
2674,1761654549,1761654549,4.5,-17147.3,-285.79,390,400,-10,0,,,
2676,1761654551,1761654551,5.5,-17145.3,-285.76,390,400,-10,0,,,
2680,1761654555,1761654555,6.5,-17141.3,-285.69,390,397,-10,-3,,,
2686,1761654561,1761654561,5.5,-17135.3,-285.59,390,400,-10,0,,,
2687,1761654562,1761654562,13,-17134.3,-285.57,390,401,-10,1,,,
2693,1761654568,1761654568,12,-17128.3,-285.47,390,400,-10,0,,,
2694,1761654569,1761654569,3.5,-17127.3,-285.46,390,399,-10,-1,,,
2695,1761654570,1761654570,9.5,-17126.3,-285.44,390,400,-10,0,,,
2697,1761654572,1761654572,9.5,-17124.3,-285.41,390,400,-10,0,,,
2699,1761654574,1761654574,9,-17122.3,-285.37,390,400,-10,0,,,
2700,1761654575,1761654575,5.5,-17121.3,-285.36,390,400,-10,0,,,
2707,1761654582,1761654582,10.5,-17114.3,-285.24,390,399,-10,-1,,,
2709,1761654584,1761654584,9,-17112.3,-285.2,390,398,-10,-2,,,
2728,1761654603,1761654603,6.5,-17093.3,-284.89,390,401,-10,1,,,
2730,1761654605,1761654605,1.5,-17091.3,-284.85,390,399,-10,-1,,,
2732,1761654607,1761654607,8.5,-17089.3,-284.82,390,400,-10,0,,,
2734,1761654609,1761654609,1.5,-17087.3,-284.79,390,398,-10,-2,,,
2736,1761654611,1761654611,6,-17085.3,-284.75,390,399,-10,-1,,,
2740,1761654615,1761654615,6.5,-17081.3,-284.69,390,399,-10,-1,,,
2741,1761654616,1761654616,14,-17080.3,-284.67,390,400,-10,0,,,
2746,1761654621,1761654621,2.5,-17075.3,-284.59,390,399,-10,-1,,,
2751,1761654626,1761654626,10.5,-17070.3,-284.5,390,399,-10,-1,,,
2758,1761654633,1761654633,5.5,-17063.3,-284.39,390,400,-10,0,,,
2759,1761654634,1761654634,12.5,-17062.3,-284.37,390,400,-10,0,,,
2761,1761654636,1761654636,10,-17060.3,-284.34,390,400,-10,0,,,
2769,1761654644,1761654644,4.5,-17052.3,-284.2,390,398,-10,-2,,,
2771,1761654646,1761654646,9,-17050.3,-284.17,390,400,-10,0,,,
2775,1761654650,1761654650,7.5,-17046.3,-284.1,390,399,-10,-1,,,
2782,1761654657,1761654657,5.5,-17039.3,-283.99,390,401,-10,1,,,
2786,1761654661,1761654661,2.5,-17035.3,-283.92,390,400,-10,0,,,
2790,1761654665,1761654665,6.5,-17031.3,-283.85,390,401,-10,1,,,
2797,1761654672,1761654672,11.5,-17024.3,-283.74,390,399,-10,-1,,,
2801,1761654676,1761654676,10.5,-17020.3,-283.67,390,401,-10,1,,,
2808,1761654683,1761654683,10.5,-17013.3,-283.55,390,400,-10,0,,,
2809,1761654684,1761654684,12.5,-17012.3,-283.54,390,399,-10,-1,,,
2816,1761654691,1761654691,10,-17005.3,-283.42,390,401,-10,1,,,
2817,1761654692,1761654692,1.5,-17004.3,-283.4,390,400,-10,0,,,
2823,1761654698,1761654698,2.5,-16998.3,-283.3,390,399,-10,-1,,,
2840,1761654715,1761654715,3,-16981.2,-283.02,390,398,-10,-2,,,
2841,1761654716,1761654716,3,-16980.3,-283,390,399,-10,-1,,,
2842,1761654717,1761654717,3,-16979.2,-282.99,390,398,-10,-2,,,
2847,1761654722,1761654722,3,-16974.3,-282.9,390,401,-10,1,,,
2851,1761654726,1761654726,7,-16970.2,-282.84,390,400,-10,0,,,
2860,1761654735,1761654735,3.5,-16961.2,-282.69,390,400,-10,0,,,
2861,1761654736,1761654736,6,-16960.2,-282.67,390,398,-10,-2,,,
2863,1761654738,1761654738,10.5,-16958.2,-282.64,390,399,-10,-1,,,
2864,1761654739,1761654739,5.5,-16957.2,-282.62,390,401,-10,1,,,
2867,1761654742,1761654742,0.5,-16954.2,-282.57,390,399,-10,-1,,,
2871,1761654746,1761654746,11,-16950.2,-282.5,390,400,-10,0,,,
2876,1761654751,1761654751,4.5,-16945.2,-282.42,390,400,-10,0,,,
2883,1761654758,1761654758,9,-16938.2,-282.3,390,400,-10,0,,,
2884,1761654759,1761654759,0,-16937.2,-282.29,390,398,-10,-2,,,
2886,1761654761,1761654761,5,-16935.2,-282.25,390,400,-10,0,,,
2888,1761654763,1761654763,6.5,-16933.2,-282.22,390,400,-10,0,,,
2890,1761654765,1761654765,2.5,-16931.2,-282.19,390,398,-10,-2,,,
2896,1761654771,1761654771,7,-16925.2,-282.09,390,401,-10,1,,,
2899,1761654774,1761654774,9.5,-16922.2,-282.04,390,400,-10,0,,,
2920,1761654795,1761654795,9,-16901.2,-281.69,390,400,-10,0,,,
2921,1761654796,1761654796,14,-16900.2,-281.67,390,400,-10,0,,,
2923,1761654798,1761654798,10.5,-16898.2,-281.64,390,400,-10,0,,,
2924,1761654799,1761654799,7,-16897.2,-281.62,390,400,-10,0,,,
2926,1761654801,1761654801,5.5,-16895.2,-281.59,390,400,-10,0,,,
2927,1761654802,1761654802,11.5,-16894.2,-281.57,390,399,-10,-1,,,
2932,1761654807,1761654807,5,-16889.2,-281.49,390,400,-10,0,,,
2937,1761654812,1761654812,7,-16884.2,-281.4,390,401,-10,1,,,
2939,1761654814,1761654814,4,-16882.2,-281.37,390,400,-10,0,,,
2941,1761654816,1761654816,6,-16880.2,-281.34,390,398,-10,-2,,,
2943,1761654818,1761654818,3.5,-16878.2,-281.3,390,398,-10,-2,,,
2944,1761654819,1761654819,9.5,-16877.2,-281.29,390,401,-10,1,,,
2959,1761654834,1761654834,3.5,-16862.2,-281.04,390,399,-10,-1,,,
2960,1761654835,1761654835,6.5,-16861.2,-281.02,390,399,-10,-1,,,
2968,1761654843,1761654843,12,-16853.2,-280.89,390,399,-10,-1,,,
2970,1761654845,1761654845,11,-16851.2,-280.85,390,400,-10,0,,,
2973,1761654848,1761654848,3.5,-16848.2,-280.8,390,399,-10,-1,,,
2975,1761654850,1761654850,4.5,-16846.2,-280.77,390,399,-10,-1,,,
2976,1761654851,1761654851,11.5,-16845.2,-280.75,390,399,-10,-1,,,
2977,1761654852,1761654852,5.5,-16844.2,-280.74,390,400,-10,0,,,
2978,1761654853,1761654853,10,-16843.2,-280.72,390,399,-10,-1,,,
2979,1761654854,1761654854,7,-16842.2,-280.7,390,399,-10,-1,,,
2980,1761654855,1761654855,14,-16841.2,-280.69,390,400,-10,0,,,
2983,1761654858,1761654858,5.5,-16838.2,-280.64,390,400,-10,0,,,
2991,1761654866,1761654866,4.5,-16830.2,-280.5,390,398,-10,-2,,,
2992,1761654867,1761654867,10.5,-16829.2,-280.49,390,400,-10,0,,,
2994,1761654869,1761654869,9.5,-16827.2,-280.45,390,401,-10,1,,,
2998,1761654873,1761654873,14,-16823.2,-280.39,390,400,-10,0,,,
3001,1761654876,1761654876,8.5,-16820.2,-280.34,390,400,-10,0,,,
3008,1761654883,1761654883,11.5,-16813.2,-280.22,390,400,-10,0,,,
3010,1761654885,1761654885,17,-16811.2,-280.19,390,400,-10,0,,,
3011,1761654886,1761654886,9,-16810.2,-280.17,390,397,-10,-3,,,
3015,1761654890,1761654890,7,-16806.2,-280.1,390,400,-10,0,,,
3017,1761654892,1761654892,10,-16804.2,-280.07,390,399,-10,-1,,,
3019,1761654894,1761654894,10,-16802.2,-280.04,390,397,-10,-3,,,
3026,1761654901,1761654901,0,-16795.2,-279.92,390,398,-10,-2,,,
3032,1761654907,1761654907,6,-16789.2,-279.82,390,400,-10,0,,,
3035,1761654910,1761654910,8,-16786.2,-279.77,390,400,-10,0,,,
3038,1761654913,1761654913,1,-16783.2,-279.72,390,399,-10,-1,,,
3039,1761654914,1761654914,9.5,-16782.2,-279.7,390,400,-10,0,,,
3040,1761654915,1761654915,3.5,-16781.2,-279.69,390,399,-10,-1,,,
3042,1761654917,1761654917,3,-16779.2,-279.65,390,400,-10,0,,,
3044,1761654919,1761654919,4.5,-16777.2,-279.62,390,400,-10,0,,,
3053,1761654928,1761654928,8.5,-16768.2,-279.47,390,399,-10,-1,,,
3058,1761654933,1761654933,7.5,-16763.2,-279.39,390,399,-10,-1,,,
3059,1761654934,1761654934,14.5,-16762.2,-279.37,390,400,-10,0,,,
3061,1761654936,1761654936,10.5,-16760.2,-279.34,390,400,-10,0,,,
3062,1761654937,1761654937,7,-16759.2,-279.32,390,397,-10,-3,,,
3065,1761654940,1761654940,14,-16756.2,-279.27,390,400,-10,0,,,
3069,1761654944,1761654944,13,-16752.2,-279.2,390,399,-10,-1,,,
3075,1761654950,1761654950,10.5,-16746.2,-279.1,390,399,-10,-1,,,
3076,1761654951,1761654951,7,-16745.2,-279.09,390,400,-10,0,,,
3079,1761654954,1761654954,10,-16742.2,-279.04,390,399,-10,-1,,,
3082,1761654957,1761654957,4,-16739.2,-278.99,390,399,-10,-1,,,
3093,1761654968,1761654968,14,-16728.2,-278.8,390,400,-10,0,,,
3098,1761654973,1761654973,7.5,-16723.2,-278.72,390,400,-10,0,,,
3106,1761654981,1761654981,9,-16715.2,-278.59,390,400,-10,0,,,
3114,1761654989,1761654989,8,-16707.2,-278.45,390,400,-10,0,,,
3120,1761654995,1761654995,7,-16701.1,-278.35,390,399,-10,-1,,,
3124,1761654999,1761654999,8,-16697.1,-278.29,390,400,-10,0,,,
3126,1761655001,1761655001,7.5,-16695.1,-278.25,390,399,-10,-1,,,
3138,1761655013,1761655013,9.5,-16683.1,-278.05,390,399,-10,-1,,,
3141,1761655016,1761655016,16,-16680.1,-278,390,401,-10,1,,,
3143,1761655018,1761655018,12.5,-16678.1,-277.97,390,399,-10,-1,,,
3145,1761655020,1761655020,12,-16676.1,-277.94,390,400,-10,0,,,
3146,1761655021,1761655021,9,-16675.1,-277.92,390,400,-10,0,,,
3155,1761655030,1761655030,12,-16666.1,-277.77,390,399,-10,-1,,,
3160,1761655035,1761655035,7.5,-16661.1,-277.69,390,400,-10,0,,,
3161,1761655036,1761655036,4,-16660.1,-277.67,390,400,-10,0,,,
3169,1761655044,1761655044,5.5,-16652.1,-277.54,390,400,-10,0,,,
3175,1761655050,1761655050,2.5,-16646.1,-277.44,390,399,-10,-1,,,
3177,1761655052,1761655052,5.5,-16644.1,-277.4,390,400,-10,0,,,
3178,1761655053,1761655053,9,-16643.1,-277.39,390,399,-10,-1,,,
3179,1761655054,1761655054,3,-16642.1,-277.37,390,398,-10,-2,,,
3191,1761655066,1761655066,5.5,-16630.1,-277.17,390,399,-10,-1,,,
3194,1761655069,1761655069,10,-16627.1,-277.12,390,399,-10,-1,,,
3198,1761655073,1761655073,9.5,-16623.1,-277.05,390,399,-10,-1,,,
3203,1761655078,1761655078,8.5,-16618.1,-276.97,390,401,-10,1,,,
3205,1761655080,1761655080,3,-16616.1,-276.94,390,399,-10,-1,,,
3207,1761655082,1761655082,9,-16614.1,-276.9,390,400,-10,0,,,
3209,1761655084,1761655084,7.5,-16612.1,-276.87,390,401,-10,1,,,
3210,1761655085,1761655085,11,-16611.1,-276.85,390,400,-10,0,,,
3211,1761655086,1761655086,6,-16610.1,-276.84,390,398,-10,-2,,,
3215,1761655090,1761655090,10.5,-16606.1,-276.77,390,400,-10,0,,,
3217,1761655092,1761655092,4,-16604.1,-276.74,390,400,-10,0,,,
3221,1761655096,1761655096,6,-16600.1,-276.67,390,400,-10,0,,,
3231,1761655106,1761655106,5,-16590.1,-276.5,390,400,-10,0,,,
3233,1761655108,1761655108,5,-16588.1,-276.47,390,399,-10,-1,,,
3234,1761655109,1761655109,11,-16587.1,-276.45,390,399,-10,-1,,,
3240,1761655115,1761655115,12,-16581.1,-276.35,390,400,-10,0,,,
3242,1761655117,1761655117,9.5,-16579.1,-276.32,390,399,-10,-1,,,
3243,1761655118,1761655118,3.5,-16578.1,-276.3,390,399,-10,-1,,,
3244,1761655119,1761655119,12,-16577.1,-276.29,390,399,-10,-1,,,
3254,1761655129,1761655129,7,-16567.1,-276.12,390,399,-10,-1,,,
3262,1761655137,1761655137,9,-16559.1,-275.98,390,400,-10,0,,,
3267,1761655142,1761655142,15.5,-16554.1,-275.9,390,400,-10,0,,,
3268,1761655143,1761655143,9,-16553.1,-275.88,390,400,-10,0,,,
3270,1761655145,1761655145,8,-16551.1,-275.85,390,400,-10,0,,,
3273,1761655148,1761655148,4,-16548.1,-275.8,390,398,-10,-2,,,
3274,1761655149,1761655149,9,-16547.1,-275.78,390,400,-10,0,,,
3277,1761655152,1761655152,2,-16544.1,-275.73,390,400,-10,0,,,
3279,1761655154,1761655154,4,-16542.1,-275.7,390,399,-10,-1,,,
3281,1761655156,1761655156,6.5,-16540.1,-275.67,390,399,-10,-1,,,
3301,1761655176,1761655176,5.5,-16520.1,-275.33,390,400,-10,0,,,
3304,1761655179,1761655179,9,-16517.1,-275.28,390,398,-10,-2,,,
3305,1761655180,1761655180,6,-16516.1,-275.27,390,400,-10,0,,,
3307,1761655182,1761655182,3.5,-16514.1,-275.23,390,400,-10,0,,,
3309,1761655184,1761655184,6.5,-16512.1,-275.2,390,399,-10,-1,,,
3313,1761655188,1761655188,2.5,-16508.1,-275.13,390,399,-10,-1,,,
3316,1761655191,1761655191,11.5,-16505.1,-275.08,390,400,-10,0,,,
3319,1761655194,1761655194,8,-16502.1,-275.03,390,399,-10,-1,,,
3321,1761655196,1761655196,9,-16500.1,-275,390,400,-10,0,,,
3322,1761655197,1761655197,15,-16499.1,-274.98,390,400,-10,0,,,
3327,1761655202,1761655202,11.5,-16494.1,-274.9,390,400,-10,0,,,
3332,1761655207,1761655207,15,-16489.1,-274.82,390,399,-10,-1,,,
3338,1761655213,1761655213,13,-16483.1,-274.72,390,399,-10,-1,,,
3349,1761655224,1761655224,5.5,-16472.1,-274.53,390,398,-10,-2,,,
3363,1761655238,1761655238,10.5,-16458.1,-274.3,390,399,-10,-1,,,
3369,1761655244,1761655244,7,-16452.1,-274.2,390,400,-10,0,,,
3370,1761655245,1761655245,11.5,-16451.1,-274.18,390,401,-10,1,,,
3373,1761655248,1761655248,8,-16448.1,-274.13,390,399,-10,-1,,,
3375,1761655250,1761655250,6.5,-16446.1,-274.1,390,399,-10,-1,,,
3379,1761655254,1761655254,9,-16442.1,-274.03,390,400,-10,0,,,
3380,1761655255,1761655255,13.5,-16441,-274.02,390,400,-10,0,,,
3382,1761655257,1761655257,15,-16439,-273.98,390,401,-10,1,,,
3385,1761655260,1761655260,10,-16436.1,-273.93,390,400,-10,0,,,
3386,1761655261,1761655261,4,-16435.1,-273.92,390,400,-10,0,,,
3387,1761655262,1761655262,9,-16434.1,-273.9,390,400,-10,0,,,
3399,1761655274,1761655274,7,-16422,-273.7,390,400,-10,0,,,
3400,1761655275,1761655275,3.5,-16421.1,-273.68,390,400,-10,0,,,
3401,1761655276,1761655276,10,-16420,-273.67,390,399,-10,-1,,,
3404,1761655279,1761655279,6,-16417,-273.62,390,399,-10,-1,,,
3408,1761655283,1761655283,7.5,-16413,-273.55,390,400,-10,0,,,
3423,1761655298,1761655298,13,-16398,-273.3,390,400,-10,0,,,
3426,1761655301,1761655301,7.5,-16395,-273.25,390,400,-10,0,,,
3428,1761655303,1761655303,8.5,-16393,-273.22,390,400,-10,0,,,
3429,1761655304,1761655304,10.5,-16392,-273.2,390,399,-10,-1,,,
3433,1761655308,1761655308,15,-16388,-273.13,390,400,-10,0,,,
3434,1761655309,1761655309,8.5,-16387,-273.12,390,400,-10,0,,,
3444,1761655319,1761655319,8.5,-16377,-272.95,390,399,-10,-1,,,
3446,1761655321,1761655321,11,-16375,-272.92,390,400,-10,0,,,
3447,1761655322,1761655322,14.5,-16374,-272.9,390,401,-10,1,,,
3449,1761655324,1761655324,11.5,-16372,-272.87,390,400,-10,0,,,
3450,1761655325,1761655325,4,-16371,-272.85,390,400,-10,0,,,
3455,1761655330,1761655330,12.5,-16366,-272.77,390,401,-10,1,,,
3464,1761655339,1761655339,2.5,-16357,-272.62,390,399,-10,-1,,,
3467,1761655342,1761655342,14.5,-16354,-272.57,390,401,-10,1,,,
3473,1761655348,1761655348,11,-16348,-272.47,390,400,-10,0,,,
3480,1761655355,1761655355,9,-16341,-272.35,390,399,-10,-1,,,
3487,1761655362,1761655362,14.5,-16334,-272.23,390,400,-10,0,,,
3492,1761655367,1761655367,8.5,-16329,-272.15,390,400,-10,0,,,
3499,1761655374,1761655374,2.5,-16322,-272.03,390,398,-10,-2,,,
3502,1761655377,1761655377,5.5,-16319,-271.98,390,399,-10,-1,,,
3514,1761655389,1761655389,7.5,-16307,-271.78,390,399,-10,-1,,,
3515,1761655390,1761655390,13,-16306,-271.77,390,401,-10,1,,,
3517,1761655392,1761655392,10,-16304,-271.73,390,399,-10,-1,,,
3519,1761655394,1761655394,12.5,-16302,-271.7,390,400,-10,0,,,
3525,1761655400,1761655400,11.5,-16296,-271.6,390,400,-10,0,,,
3531,1761655406,1761655406,14,-16290,-271.5,390,399,-10,-1,,,
3533,1761655408,1761655408,14,-16288,-271.47,390,400,-10,0,,,
3534,1761655409,1761655409,10.5,-16287,-271.45,390,400,-10,0,,,
3535,1761655410,1761655410,10,-16286,-271.43,390,400,-10,0,,,
3537,1761655412,1761655412,1,-16284,-271.4,390,399,-10,-1,,,
3539,1761655414,1761655414,3,-16282,-271.37,390,399,-10,-1,,,
3548,1761655423,1761655423,9,-16273,-271.22,390,400,-10,0,,,
3549,1761655424,1761655424,5.5,-16272,-271.2,390,401,-10,1,,,
3551,1761655426,1761655426,3,-16270,-271.17,390,400,-10,0,,,
3561,1761655436,1761655436,5,-16260,-271,390,400,-10,0,,,
3562,1761655437,1761655437,12,-16259,-270.98,390,397,-10,-3,,,
3564,1761655439,1761655439,10,-16257,-270.95,390,400,-10,0,,,
3565,1761655440,1761655440,6,-16256,-270.93,390,399,-10,-1,,,
3579,1761655454,1761655454,7.5,-16242,-270.7,390,400,-10,0,,,
3587,1761655462,1761655462,8.5,-16234,-270.57,390,400,-10,0,,,
3591,1761655466,1761655466,6,-16230,-270.5,390,399,-10,-1,,,
3592,1761655467,1761655467,14.5,-16229,-270.48,390,399,-10,-1,,,
3595,1761655470,1761655470,6.5,-16226,-270.43,390,398,-10,-2,,,
3597,1761655472,1761655472,6.5,-16224,-270.4,390,400,-10,0,,,
3598,1761655473,1761655473,11.5,-16223,-270.38,390,400,-10,0,,,
3604,1761655479,1761655479,12.5,-16217,-270.28,390,400,-10,0,,,
3607,1761655482,1761655482,6.5,-16214,-270.23,390,397,-10,-3,,,
3612,1761655487,1761655487,16,-16209,-270.15,390,398,-10,-2,,,
3615,1761655490,1761655490,7.5,-16206,-270.1,390,399,-10,-1,,,
3619,1761655494,1761655494,13,-16202,-270.03,390,399,-10,-1,,,
42,1761651916,1761651916,16,-19780.3,-329.67,389,399,-11,-1,,,
43,1761651917,1761651917,10.5,-19779.3,-329.66,389,400,-11,0,,,
55,1761651929,1761651929,11.5,-19767.3,-329.45,389,399,-11,-1,,,
58,1761651932,1761651932,6.5,-19764.3,-329.4,389,400,-11,0,,,
76,1761651950,1761651950,4.5,-19746.3,-329.1,389,400,-11,0,,,
110,1761651984,1761651984,8,-19712.3,-328.54,389,399,-11,-1,,,
118,1761651992,1761651992,9,-19704.3,-328.4,389,400,-11,0,,,
120,1761651994,1761651994,8.5,-19702.3,-328.37,389,399,-11,-1,,,
139,1761652013,1761652013,6.5,-19683.3,-328.05,389,400,-11,0,,,
158,1761652032,1761652032,8.5,-19664.3,-327.74,389,400,-11,0,,,
166,1761652040,1761652040,11.5,-19656.2,-327.6,389,400,-11,0,,,
174,1761652048,1761652048,5.5,-19648.2,-327.47,389,398,-11,-2,,,
183,1761652057,1761652057,3.5,-19639.2,-327.32,389,400,-11,0,,,
184,1761652058,1761652058,7,-19638.2,-327.3,389,399,-11,-1,,,
185,1761652059,1761652059,4.5,-19637.2,-327.29,389,400,-11,0,,,
211,1761652085,1761652085,9,-19611.2,-326.85,389,400,-11,0,,,
244,1761652118,1761652118,15,-19578.2,-326.3,389,400,-11,0,,,
274,1761652148,1761652148,8.5,-19548.2,-325.8,389,400,-11,0,,,
282,1761652156,1761652156,7.5,-19540.2,-325.67,389,400,-11,0,,,
290,1761652164,1761652164,4,-19532.2,-325.54,389,400,-11,0,,,
296,1761652170,1761652170,12.5,-19526.2,-325.44,389,401,-11,1,,,
303,1761652177,1761652177,10,-19519.2,-325.32,389,400,-11,0,,,
308,1761652182,1761652182,10.5,-19514.2,-325.24,389,400,-11,0,,,
336,1761652210,1761652210,3.5,-19486.2,-324.77,389,398,-11,-2,,,
341,1761652215,1761652215,13.5,-19481.2,-324.69,389,399,-11,-1,,,
342,1761652216,1761652216,9.5,-19480.2,-324.67,389,399,-11,-1,,,
344,1761652218,1761652218,2.5,-19478.2,-324.64,389,399,-11,-1,,,
365,1761652239,1761652239,7,-19457.2,-324.29,389,399,-11,-1,,,
367,1761652241,1761652241,8,-19455.2,-324.25,389,398,-11,-2,,,
389,1761652263,1761652263,9,-19433.2,-323.89,389,399,-11,-1,,,
396,1761652270,1761652270,12.5,-19426.2,-323.77,389,400,-11,0,,,
397,1761652271,1761652271,6,-19425.2,-323.75,389,398,-11,-2,,,
402,1761652276,1761652276,4,-19420.2,-323.67,389,398,-11,-2,,,
408,1761652282,1761652282,0.5,-19414.2,-323.57,389,399,-11,-1,,,
430,1761652304,1761652304,4,-19392.2,-323.2,389,399,-11,-1,,,
453,1761652327,1761652327,14.5,-19369.1,-322.82,389,399,-11,-1,,,
486,1761652360,1761652360,11.5,-19336.1,-322.27,389,397,-11,-3,,,
488,1761652362,1761652362,8,-19334.1,-322.24,389,400,-11,0,,,
505,1761652379,1761652379,13,-19317.1,-321.95,389,400,-11,0,,,
525,1761652399,1761652399,5,-19297.1,-321.62,389,400,-11,0,,,
552,1761652426,1761652426,13,-19270.1,-321.17,389,398,-11,-2,,,
567,1761652441,1761652441,7.5,-19255.1,-320.92,389,399,-11,-1,,,
568,1761652442,1761652442,12,-19254.1,-320.9,389,400,-11,0,,,
569,1761652443,1761652443,4.5,-19253.1,-320.89,389,400,-11,0,,,
572,1761652446,1761652446,13,-19250.1,-320.83,389,399,-11,-1,,,
574,1761652448,1761652448,12,-19248.1,-320.8,389,399,-11,-1,,,
575,1761652449,1761652449,4.5,-19247.1,-320.78,389,398,-11,-2,,,
579,1761652453,1761652453,11,-19243.1,-320.72,389,398,-11,-2,,,
592,1761652466,1761652466,6,-19230.1,-320.5,389,400,-11,0,,,
594,1761652468,1761652468,4.5,-19228.1,-320.47,389,399,-11,-1,,,
612,1761652486,1761652486,6,-19210.1,-320.17,389,400,-11,0,,,
615,1761652489,1761652489,11.5,-19207.1,-320.12,389,399,-11,-1,,,
623,1761652497,1761652497,2.5,-19199.1,-319.98,389,400,-11,0,,,
638,1761652512,1761652512,10,-19184.1,-319.73,389,399,-11,-1,,,
642,1761652516,1761652516,12,-19180.1,-319.67,389,399,-11,-1,,,
644,1761652518,1761652518,12,-19178.1,-319.63,389,399,-11,-1,,,
685,1761652559,1761652559,5.5,-19137.1,-318.95,389,399,-11,-1,,,
688,1761652562,1761652562,16,-19134,-318.9,389,400,-11,0,,,
718,1761652592,1761652592,4.5,-19104,-318.4,389,399,-11,-1,,,
719,1761652593,1761652593,9.5,-19103,-318.38,389,399,-11,-1,,,
724,1761652598,1761652598,3.5,-19098,-318.3,389,400,-11,0,,,
746,1761652620,1761652620,11,-19076,-317.93,389,399,-11,-1,,,
758,1761652632,1761652632,16.5,-19064,-317.73,389,399,-11,-1,,,
761,1761652635,1761652635,10.5,-19061,-317.68,389,400,-11,0,,,
767,1761652641,1761652641,10,-19055,-317.58,389,401,-11,1,,,
773,1761652647,1761652647,9,-19049,-317.48,389,399,-11,-1,,,
775,1761652649,1761652649,11,-19047,-317.45,389,400,-11,0,,,
786,1761652660,1761652660,5,-19036,-317.27,389,400,-11,0,,,
809,1761652683,1761652683,15,-19013,-316.88,389,401,-11,1,,,
814,1761652688,1761652688,8,-19008,-316.8,389,400,-11,0,,,
818,1761652692,1761652692,6.5,-19004,-316.73,389,400,-11,0,,,
821,1761652695,1761652695,11.5,-19001,-316.68,389,400,-11,0,,,
827,1761652701,1761652701,12.5,-18995,-316.58,389,400,-11,0,,,
829,1761652703,1761652703,13,-18993,-316.55,389,400,-11,0,,,
839,1761652713,1761652713,13.5,-18983,-316.38,389,400,-11,0,,,
848,1761652722,1761652722,3,-18974,-316.23,389,399,-11,-1,,,
882,1761652756,1761652756,8.5,-18940,-315.67,389,399,-11,-1,,,
890,1761652764,1761652764,10.5,-18932,-315.53,389,399,-11,-1,,,
898,1761652772,1761652772,14,-18924,-315.4,389,401,-11,1,,,
912,1761652786,1761652786,9,-18910,-315.17,389,399,-11,-1,,,
914,1761652788,1761652788,11,-18908,-315.13,389,399,-11,-1,,,
917,1761652791,1761652791,8,-18905,-315.08,389,400,-11,0,,,
933,1761652807,1761652807,3.5,-18889,-314.82,389,398,-11,-2,,,
936,1761652810,1761652810,13.5,-18885.9,-314.77,389,400,-11,0,,,
996,1761652870,1761652870,7.5,-18825.9,-313.77,389,400,-11,0,,,
1004,1761652878,1761652878,5.5,-18817.9,-313.63,389,401,-11,1,,,
1028,1761652902,1761652902,7.5,-18793.9,-313.23,389,400,-11,0,,,
1036,1761652910,1761652910,0.5,-18785.9,-313.1,389,397,-11,-3,,,
1052,1761652926,1761652926,6,-18769.9,-312.83,389,400,-11,0,,,
1054,1761652928,1761652928,2,-18767.9,-312.8,389,397,-11,-3,,,
1060,1761652934,1761652934,8,-18761.9,-312.7,389,400,-11,0,,,
1066,1761652940,1761652940,4.5,-18755.9,-312.6,389,400,-11,0,,,
1079,1761652953,1761652953,7,-18742.9,-312.38,389,400,-11,0,,,
1127,1761653001,1761653001,9.5,-18694.9,-311.58,389,400,-11,0,,,
1129,1761653003,1761653003,7,-18692.9,-311.55,389,400,-11,0,,,
1135,1761653009,1761653009,6.5,-18686.9,-311.45,389,400,-11,0,,,
1168,1761653042,1761653042,10,-18653.9,-310.9,389,400,-11,0,,,
1169,1761653043,1761653043,6.5,-18652.9,-310.88,389,400,-11,0,,,
1182,1761653056,1761653056,13.5,-18639.9,-310.66,389,400,-11,0,,,
1184,1761653058,1761653058,14,-18637.9,-310.63,389,401,-11,1,,,
1201,1761653075,1761653075,6.5,-18620.9,-310.35,389,399,-11,-1,,,
1207,1761653081,1761653081,6.5,-18614.9,-310.25,389,401,-11,1,,,
1211,1761653085,1761653085,0,-18610.9,-310.18,389,398,-11,-2,,,
1230,1761653104,1761653104,12,-18591.8,-309.86,389,400,-11,0,,,
1239,1761653113,1761653113,7,-18582.8,-309.71,389,400,-11,0,,,
1241,1761653115,1761653115,4,-18580.8,-309.68,389,399,-11,-1,,,
1249,1761653123,1761653123,7,-18572.8,-309.55,389,399,-11,-1,,,
1259,1761653133,1761653133,5,-18562.8,-309.38,389,398,-11,-2,,,
1262,1761653136,1761653136,9.5,-18559.8,-309.33,389,399,-11,-1,,,
1279,1761653153,1761653153,16,-18542.8,-309.05,389,399,-11,-1,,,
1286,1761653160,1761653160,11.5,-18535.8,-308.93,389,400,-11,0,,,
1327,1761653201,1761653201,10,-18494.8,-308.25,389,400,-11,0,,,
1328,1761653202,1761653202,12.5,-18493.8,-308.23,389,399,-11,-1,,,
1349,1761653223,1761653223,8.5,-18472.8,-307.88,389,396,-11,-4,,,
1355,1761653229,1761653229,9.5,-18466.8,-307.78,389,399,-11,-1,,,
1363,1761653237,1761653237,8.5,-18458.8,-307.65,389,399,-11,-1,,,
1375,1761653249,1761653249,10,-18446.8,-307.45,389,400,-11,0,,,
1390,1761653264,1761653264,5.5,-18431.8,-307.2,389,400,-11,0,,,
1393,1761653267,1761653267,9.5,-18428.8,-307.15,389,400,-11,0,,,
1430,1761653304,1761653304,9,-18391.8,-306.53,389,399,-11,-1,,,
1439,1761653313,1761653313,11.5,-18382.8,-306.38,389,400,-11,0,,,
1442,1761653316,1761653316,7.5,-18379.8,-306.33,389,400,-11,0,,,
1470,1761653344,1761653344,12,-18351.8,-305.86,389,400,-11,0,,,
1475,1761653349,1761653349,8,-18346.8,-305.78,389,399,-11,-1,,,
1480,1761653354,1761653354,10,-18341.8,-305.7,389,398,-11,-2,,,
1481,1761653355,1761653355,5,-18340.8,-305.68,389,397,-11,-3,,,
1488,1761653362,1761653362,15.5,-18333.7,-305.56,389,400,-11,0,,,
1493,1761653367,1761653367,5.5,-18328.8,-305.48,389,400,-11,0,,,
1498,1761653372,1761653372,5,-18323.8,-305.4,389,399,-11,-1,,,
1500,1761653374,1761653374,4.5,-18321.8,-305.36,389,398,-11,-2,,,
1515,1761653389,1761653389,11,-18306.7,-305.11,389,400,-11,0,,,
1530,1761653404,1761653404,9,-18291.7,-304.86,389,400,-11,0,,,
1535,1761653409,1761653409,13,-18286.7,-304.78,389,399,-11,-1,,,
1537,1761653411,1761653411,11.5,-18284.7,-304.75,389,400,-11,0,,,
1552,1761653426,1761653426,3.5,-18269.7,-304.5,389,399,-11,-1,,,
1565,1761653439,1761653439,10,-18256.7,-304.28,389,399,-11,-1,,,
1582,1761653456,1761653456,6,-18239.7,-304,389,398,-11,-2,,,
1588,1761653462,1761653462,6,-18233.7,-303.9,389,399,-11,-1,,,
1590,1761653464,1761653464,7.5,-18231.7,-303.86,389,401,-11,1,,,
1600,1761653474,1761653474,6.5,-18221.7,-303.7,389,398,-11,-2,,,
1601,1761653475,1761653475,14.5,-18220.7,-303.68,389,401,-11,1,,,
1609,1761653483,1761653483,15,-18212.7,-303.55,389,401,-11,1,,,
1614,1761653488,1761653488,5,-18207.7,-303.46,389,399,-11,-1,,,
1620,1761653494,1761653494,4.5,-18201.7,-303.36,389,398,-11,-2,,,
1628,1761653502,1761653502,10,-18193.7,-303.23,389,399,-11,-1,,,
1642,1761653516,1761653516,10.5,-18179.7,-302.99,389,398,-11,-2,,,
1653,1761653527,1761653527,3.5,-18168.7,-302.81,389,400,-11,0,,,
1672,1761653547,1761653546,7.5,-18149.7,-302.49,389,398,-11,-2,,,
1676,1761653551,1761653550,10,-18145.7,-302.43,389,400,-11,0,,,
1682,1761653557,1761653557,11,-18139.7,-302.33,389,399,-11,-1,,,
1684,1761653559,1761653559,11,-18137.7,-302.29,389,399,-11,-1,,,
1701,1761653576,1761653576,7.5,-18120.7,-302.01,389,400,-11,0,,,
1727,1761653602,1761653602,2.5,-18094.7,-301.58,389,397,-11,-3,,,
1757,1761653632,1761653632,8,-18064.7,-301.08,389,399,-11,-1,,,
1776,1761653651,1761653651,14,-18045.6,-300.76,389,400,-11,0,,,
1783,1761653658,1761653658,5.5,-18038.6,-300.64,389,399,-11,-1,,,
1784,1761653659,1761653659,11.5,-18037.6,-300.63,389,400,-11,0,,,
1785,1761653660,1761653660,8,-18036.6,-300.61,389,400,-11,0,,,
1786,1761653661,1761653661,14.5,-18035.6,-300.59,389,399,-11,-1,,,
1787,1761653662,1761653662,8.5,-18034.6,-300.58,389,399,-11,-1,,,
1827,1761653702,1761653702,3,-17994.6,-299.91,389,399,-11,-1,,,
1833,1761653708,1761653708,8,-17988.6,-299.81,389,401,-11,1,,,
1848,1761653723,1761653723,11.5,-17973.6,-299.56,389,399,-11,-1,,,
1854,1761653729,1761653729,14.5,-17967.6,-299.46,389,400,-11,0,,,
1863,1761653738,1761653738,7.5,-17958.6,-299.31,389,399,-11,-1,,,
1901,1761653776,1761653776,6.5,-17920.6,-298.68,389,399,-11,-1,,,
1904,1761653779,1761653779,13.5,-17917.6,-298.63,389,400,-11,0,,,
1924,1761653799,1761653799,5.5,-17897.6,-298.29,389,400,-11,0,,,
1960,1761653835,1761653835,9,-17861.6,-297.69,389,399,-11,-1,,,
1982,1761653857,1761653857,8,-17839.6,-297.33,389,400,-11,0,,,
1984,1761653859,1761653859,11.5,-17837.6,-297.29,389,398,-11,-2,,,
1988,1761653863,1761653863,5.5,-17833.6,-297.23,389,396,-11,-4,,,
1996,1761653871,1761653871,9.5,-17825.6,-297.09,389,399,-11,-1,,,
1999,1761653874,1761653874,15,-17822.6,-297.04,389,400,-11,0,,,
2001,1761653876,1761653876,13.5,-17820.6,-297.01,389,400,-11,0,,,
2005,1761653880,1761653880,17,-17816.5,-296.94,389,400,-11,0,,,
2032,1761653907,1761653907,11.5,-17789.5,-296.49,389,398,-11,-2,,,
2043,1761653918,1761653918,4.5,-17778.5,-296.31,389,400,-11,0,,,
2067,1761653942,1761653942,6.5,-17754.5,-295.91,389,400,-11,0,,,
2070,1761653945,1761653945,14.5,-17751.5,-295.86,389,400,-11,0,,,
2077,1761653952,1761653952,10,-17744.5,-295.74,389,400,-11,0,,,
2091,1761653966,1761653966,9.5,-17730.5,-295.51,389,399,-11,-1,,,
2098,1761653973,1761653973,5.5,-17723.5,-295.39,389,399,-11,-1,,,
2105,1761653980,1761653980,13.5,-17716.5,-295.28,389,400,-11,0,,,
2140,1761654015,1761654015,6,-17681.5,-294.69,389,400,-11,0,,,
2152,1761654027,1761654027,9.5,-17669.5,-294.49,389,401,-11,1,,,
2157,1761654032,1761654032,12.5,-17664.5,-294.41,389,399,-11,-1,,,
2158,1761654033,1761654033,8.5,-17663.5,-294.39,389,400,-11,0,,,
2171,1761654046,1761654046,6,-17650.5,-294.17,389,399,-11,-1,,,
2181,1761654056,1761654056,2.5,-17640.5,-294.01,389,399,-11,-1,,,
2192,1761654067,1761654067,8.5,-17629.5,-293.82,389,399,-11,-1,,,
2197,1761654072,1761654072,5.5,-17624.5,-293.74,389,399,-11,-1,,,
2200,1761654075,1761654075,9,-17621.5,-293.69,389,400,-11,0,,,
2211,1761654086,1761654086,3.5,-17610.5,-293.51,389,400,-11,0,,,
2237,1761654112,1761654112,2.5,-17584.5,-293.07,389,399,-11,-1,,,
2266,1761654141,1761654141,7,-17555.5,-292.59,389,398,-11,-2,,,
2294,1761654169,1761654169,5.5,-17527.5,-292.12,389,400,-11,0,,,
2312,1761654187,1761654187,8,-17509.4,-291.82,389,400,-11,0,,,
2314,1761654189,1761654189,6.5,-17507.4,-291.79,389,400,-11,0,,,
2327,1761654202,1761654202,14.5,-17494.4,-291.57,389,400,-11,0,,,
2368,1761654243,1761654243,5.5,-17453.4,-290.89,389,400,-11,0,,,
2371,1761654246,1761654246,9.5,-17450.4,-290.84,389,400,-11,0,,,
2380,1761654255,1761654255,15.5,-17441.4,-290.69,389,399,-11,-1,,,
2388,1761654263,1761654263,12,-17433.4,-290.56,389,400,-11,0,,,
2436,1761654311,1761654311,0.5,-17385.4,-289.76,389,399,-11,-1,,,
2439,1761654314,1761654314,6,-17382.4,-289.71,389,399,-11,-1,,,
2445,1761654320,1761654320,7,-17376.4,-289.61,389,400,-11,0,,,
2475,1761654350,1761654350,8,-17346.4,-289.11,389,400,-11,0,,,
2488,1761654363,1761654363,6.5,-17333.4,-288.89,389,400,-11,0,,,
2508,1761654383,1761654383,6.5,-17313.4,-288.56,389,399,-11,-1,,,
2547,1761654422,1761654422,2.5,-17274.4,-287.91,389,399,-11,-1,,,
2555,1761654430,1761654430,4,-17266.4,-287.77,389,400,-11,0,,,
2556,1761654431,1761654431,9.5,-17265.4,-287.76,389,400,-11,0,,,
2573,1761654448,1761654448,13.5,-17248.3,-287.47,389,400,-11,0,,,
2574,1761654449,1761654449,8.5,-17247.3,-287.46,389,399,-11,-1,,,
2585,1761654460,1761654460,6,-17236.3,-287.27,389,400,-11,0,,,
2587,1761654462,1761654462,4,-17234.3,-287.24,389,399,-11,-1,,,
2593,1761654468,1761654468,4.5,-17228.3,-287.14,389,399,-11,-1,,,
2600,1761654475,1761654475,7.5,-17221.3,-287.02,389,399,-11,-1,,,
2601,1761654476,1761654476,3.5,-17220.3,-287.01,389,398,-11,-2,,,
2602,1761654477,1761654477,12.5,-17219.3,-286.99,389,400,-11,0,,,
2615,1761654490,1761654490,4,-17206.3,-286.77,389,399,-11,-1,,,
2619,1761654494,1761654494,7,-17202.3,-286.71,389,399,-11,-1,,,
2621,1761654496,1761654496,5.5,-17200.3,-286.67,389,399,-11,-1,,,
2624,1761654499,1761654499,11,-17197.3,-286.62,389,399,-11,-1,,,
2626,1761654501,1761654501,14.5,-17195.3,-286.59,389,399,-11,-1,,,
2641,1761654516,1761654516,6.5,-17180.3,-286.34,389,398,-11,-2,,,
2642,1761654517,1761654517,12,-17179.3,-286.32,389,401,-11,1,,,
2643,1761654518,1761654518,3,-17178.3,-286.31,389,398,-11,-2,,,
2692,1761654567,1761654567,0,-17129.3,-285.49,389,398,-11,-2,,,
2698,1761654573,1761654573,6,-17123.3,-285.39,389,398,-11,-2,,,
2711,1761654586,1761654586,13,-17110.3,-285.17,389,399,-11,-1,,,
2729,1761654604,1761654604,10,-17092.3,-284.87,389,399,-11,-1,,,
2752,1761654627,1761654627,3.5,-17069.3,-284.49,389,400,-11,0,,,
2773,1761654648,1761654648,7.5,-17048.3,-284.14,389,399,-11,-1,,,
2799,1761654674,1761654674,10.5,-17022.3,-283.7,389,400,-11,0,,,
2822,1761654697,1761654697,11.5,-16999.3,-283.32,389,400,-11,0,,,
2825,1761654700,1761654700,5,-16996.3,-283.27,389,401,-11,1,,,
2866,1761654741,1761654741,2,-16955.2,-282.59,389,400,-11,0,,,
2869,1761654744,1761654744,10,-16952.2,-282.54,389,400,-11,0,,,
2874,1761654749,1761654749,6.5,-16947.2,-282.45,389,400,-11,0,,,
2875,1761654750,1761654750,7,-16946.2,-282.44,389,399,-11,-1,,,
2882,1761654757,1761654757,5.5,-16939.2,-282.32,389,401,-11,1,,,
2892,1761654767,1761654767,2.5,-16929.2,-282.15,389,398,-11,-2,,,
2935,1761654810,1761654810,4.5,-16886.2,-281.44,389,399,-11,-1,,,
2956,1761654831,1761654831,11.5,-16865.2,-281.09,389,400,-11,0,,,
2962,1761654837,1761654837,10,-16859.2,-280.99,389,399,-11,-1,,,
2972,1761654847,1761654847,12,-16849.2,-280.82,389,400,-11,0,,,
2987,1761654862,1761654862,5.5,-16834.2,-280.57,389,400,-11,0,,,
2989,1761654864,1761654864,3,-16832.2,-280.54,389,399,-11,-1,,,
2996,1761654871,1761654871,12,-16825.2,-280.42,389,399,-11,-1,,,
3002,1761654877,1761654877,10.5,-16819.2,-280.32,389,396,-11,-4,,,
3013,1761654888,1761654888,9,-16808.2,-280.14,389,400,-11,0,,,
3034,1761654909,1761654909,4.5,-16787.2,-279.79,389,399,-11,-1,,,
3049,1761654924,1761654924,14,-16772.2,-279.54,389,398,-11,-2,,,
3050,1761654925,1761654925,6.5,-16771.2,-279.52,389,400,-11,0,,,
3057,1761654932,1761654932,18,-16764.2,-279.4,389,401,-11,1,,,
3060,1761654935,1761654935,9.5,-16761.2,-279.35,389,399,-11,-1,,,
3063,1761654938,1761654938,16.5,-16758.2,-279.3,389,400,-11,0,,,
3074,1761654949,1761654949,4,-16747.2,-279.12,389,399,-11,-1,,,
3084,1761654959,1761654959,10,-16737.2,-278.95,389,400,-11,0,,,
3108,1761654983,1761654983,10.5,-16713.2,-278.55,389,399,-11,-1,,,
3118,1761654993,1761654993,8.5,-16703.1,-278.39,389,398,-11,-2,,,
3123,1761654998,1761654998,11.5,-16698.1,-278.3,389,400,-11,0,,,
3136,1761655011,1761655011,8,-16685.1,-278.09,389,398,-11,-2,,,
3137,1761655012,1761655012,15.5,-16684.1,-278.07,389,400,-11,0,,,
3140,1761655015,1761655015,10,-16681.1,-278.02,389,400,-11,0,,,
3159,1761655034,1761655034,1.5,-16662.1,-277.7,389,398,-11,-2,,,
3165,1761655040,1761655040,4.5,-16656.1,-277.6,389,400,-11,0,,,
3171,1761655046,1761655046,5.5,-16650.1,-277.5,389,400,-11,0,,,
3173,1761655048,1761655048,6.5,-16648.1,-277.47,389,401,-11,1,,,
3174,1761655049,1761655049,7.5,-16647.1,-277.45,389,399,-11,-1,,,
3200,1761655075,1761655075,9,-16621.1,-277.02,389,399,-11,-1,,,
3224,1761655099,1761655099,11,-16597.1,-276.62,389,400,-11,0,,,
3241,1761655116,1761655116,3.5,-16580.1,-276.34,389,399,-11,-1,,,
3257,1761655132,1761655132,11.5,-16564.1,-276.07,389,400,-11,0,,,
3291,1761655166,1761655166,7.5,-16530.1,-275.5,389,399,-11,-1,,,
3303,1761655178,1761655178,3,-16518.1,-275.3,389,400,-11,0,,,
3323,1761655198,1761655198,5.5,-16498.1,-274.97,389,399,-11,-1,,,
3339,1761655214,1761655214,8.5,-16482.1,-274.7,389,399,-11,-1,,,
3340,1761655215,1761655215,10.5,-16481.1,-274.68,389,400,-11,0,,,
3346,1761655221,1761655221,2,-16475.1,-274.58,389,400,-11,0,,,
3353,1761655228,1761655228,10,-16468.1,-274.47,389,400,-11,0,,,
3354,1761655229,1761655229,4,-16467.1,-274.45,389,400,-11,0,,,
3361,1761655236,1761655236,11.5,-16460.1,-274.33,389,399,-11,-1,,,
3365,1761655240,1761655240,8,-16456.1,-274.27,389,400,-11,0,,,
3367,1761655242,1761655242,6.5,-16454.1,-274.23,389,400,-11,0,,,
3377,1761655252,1761655252,6.5,-16444.1,-274.07,389,400,-11,0,,,
3398,1761655273,1761655273,8,-16423,-273.72,389,401,-11,1,,,
3403,1761655278,1761655278,11,-16418,-273.63,389,399,-11,-1,,,
3416,1761655291,1761655291,7,-16405,-273.42,389,400,-11,0,,,
3424,1761655299,1761655299,5.5,-16397,-273.28,389,398,-11,-2,,,
3430,1761655305,1761655305,7,-16391,-273.18,389,400,-11,0,,,
3432,1761655307,1761655307,8,-16389,-273.15,389,399,-11,-1,,,
3435,1761655310,1761655310,14,-16386,-273.1,389,400,-11,0,,,
3454,1761655329,1761655329,6.5,-16367,-272.78,389,400,-11,0,,,
3485,1761655360,1761655360,11.5,-16336,-272.27,389,400,-11,0,,,
3494,1761655369,1761655369,10,-16327,-272.12,389,399,-11,-1,,,
3512,1761655387,1761655387,7,-16309,-271.82,389,399,-11,-1,,,
3542,1761655417,1761655417,5.5,-16279,-271.32,389,400,-11,0,,,
3550,1761655425,1761655425,10.5,-16271,-271.18,389,399,-11,-1,,,
3553,1761655428,1761655428,8,-16268,-271.13,389,399,-11,-1,,,
3558,1761655433,1761655433,11.5,-16263,-271.05,389,399,-11,-1,,,
3563,1761655438,1761655438,5.5,-16258,-270.97,389,400,-11,0,,,
3576,1761655451,1761655451,11.5,-16245,-270.75,389,400,-11,0,,,
3583,1761655458,1761655458,7.5,-16238,-270.63,389,400,-11,0,,,
3605,1761655480,1761655480,6.5,-16216,-270.27,389,399,-11,-1,,,
3614,1761655489,1761655489,3,-16207,-270.12,389,400,-11,0,,,
179,1761652053,1761652053,6.5,-19643.2,-327.39,388,399,-12,-1,,,
387,1761652261,1761652261,10.5,-19435.2,-323.92,388,399,-12,-1,,,
400,1761652274,1761652274,6.5,-19422.2,-323.7,388,400,-12,0,,,
464,1761652338,1761652338,12.5,-19358.1,-322.64,388,400,-12,0,,,
502,1761652376,1761652376,3.5,-19320.1,-322,388,398,-12,-2,,,
596,1761652470,1761652470,3.5,-19226.1,-320.43,388,398,-12,-2,,,
676,1761652550,1761652550,13.5,-19146.1,-319.1,388,400,-12,0,,,
893,1761652767,1761652767,5,-18929,-315.48,388,400,-12,0,,,
945,1761652819,1761652819,5.5,-18877,-314.62,388,399,-12,-1,,,
949,1761652823,1761652823,5,-18873,-314.55,388,400,-12,0,,,
994,1761652868,1761652868,5.5,-18827.9,-313.8,388,400,-12,0,,,
1010,1761652884,1761652884,3.5,-18811.9,-313.53,388,400,-12,0,,,
1102,1761652976,1761652976,10.5,-18719.9,-312,388,400,-12,0,,,
1165,1761653039,1761653039,9,-18656.9,-310.95,388,400,-12,0,,,
1175,1761653049,1761653049,7.5,-18646.9,-310.78,388,400,-12,0,,,
1254,1761653128,1761653128,8.5,-18567.8,-309.46,388,400,-12,0,,,
1322,1761653196,1761653196,14.5,-18499.8,-308.33,388,400,-12,0,,,
1360,1761653234,1761653234,6.5,-18461.8,-307.7,388,400,-12,0,,,
1584,1761653458,1761653458,6,-18237.7,-303.96,388,400,-12,0,,,
1792,1761653667,1761653667,15,-18029.6,-300.49,388,399,-12,-1,,,
1795,1761653670,1761653670,8,-18026.6,-300.44,388,399,-12,-1,,,
1879,1761653754,1761653754,5,-17942.6,-299.04,388,400,-12,0,,,
2376,1761654251,1761654251,8.5,-17445.4,-290.76,388,400,-12,0,,,
2396,1761654271,1761654271,6,-17425.4,-290.42,388,400,-12,0,,,
2530,1761654405,1761654405,9.5,-17291.4,-288.19,388,400,-12,0,,,
2553,1761654428,1761654428,5,-17268.4,-287.81,388,400,-12,0,,,
2565,1761654440,1761654440,13,-17256.3,-287.61,388,399,-12,-1,,,
2788,1761654663,1761654663,6.5,-17033.3,-283.89,388,399,-12,-1,,,
2849,1761654724,1761654724,0.5,-16972.3,-282.87,388,399,-12,-1,,,
2933,1761654808,1761654808,3.5,-16888.2,-281.47,388,400,-12,0,,,
2981,1761654856,1761654856,7,-16840.2,-280.67,388,398,-12,-2,,,
3220,1761655095,1761655095,15,-16601.1,-276.69,388,400,-12,0,,,
3343,1761655218,1761655218,8.5,-16478.1,-274.63,388,398,-12,-2,,,
3589,1761655464,1761655464,8.5,-16232,-270.53,388,399,-12,-1,,,
699,1761652573,1761652573,10.5,-19123,-318.72,387,400,-13,0,,,
2522,1761654397,1761654397,9,-17299.4,-288.32,387,400,-13,0,,,
3620,1761655495,1761655495,6.5,-16201,-270.02,,,,,,,