sync_num,icg_timestamp,ecg_timestamp,time_diff_ms,elapsed_time_s,elapsed_time_min,icg_samples_between,ecg_samples_between,icg_sample_deviation,ecg_sample_deviation,,,,,
33,1761738135.564500,1761738135.560500,4,-19801.3,-330.02,396,399,-4,-1,,,,,
34,1761738136.557000,1761738136.560500,3.5,-19800.3,-330,396,394,-4,-6,,,,91,
35,1761738137.561500,1761738137.553500,8,-19799.3,-329.99,395,398,-5,-2,,,,2067,
36,1761738138.558500,1761738138.555500,3,-19798.3,-329.97,398,398,-2,-2,,,,1364,
37,1761738139.565500,1761738139.554000,11.5,-19797.3,-329.95,395,398,-5,-2,,,,,
38,1761738140.562500,1761738140.551500,11,-19796.3,-329.94,397,400,-3,0,,,,,
39,1761738141.557500,1761738141.558500,1,-19795.3,-329.92,397,397,-3,-3,,,,,
40,1761738142.559500,1761738142.558000,1.5,-19794.3,-329.9,396,397,-4,-3,,,,,
41,1761738143.561500,1761738143.558500,3,-19793.3,-329.89,396,397,-4,-3,,,,,
42,1761738144.558500,1761738144.557000,1.5,-19792.3,-329.87,398,397,-2,-3,,,,,
43,1761738145.565500,1761738145.556500,9,-19791.3,-329.85,397,400,-3,0,,,,,
44,1761738146.566000,1761738146.559000,7,-19790.3,-329.84,397,397,-3,-3,,,,,
45,1761738147.561000,1761738147.560000,1,-19789.3,-329.82,396,397,-4,-3,,,,,
46,1761738148.560500,1761738148.558000,2.5,-19788.3,-329.8,396,398,-4,-2,,,,,
47,1761738149.563500,1761738149.556500,7,-19787.3,-329.79,396,399,-4,-1,,,,,
48,1761738150.565500,1761738150.558500,7,-19786.3,-329.77,396,398,-4,-2,,,,,
49,1761738151.565000,1761738151.559000,6,-19785.3,-329.75,397,398,-3,-2,,,,,
50,1761738152.567000,1761738152.556500,10.5,-19784.3,-329.74,397,399,-3,-1,,,,,
51,1761738153.562000,1761738153.561000,1,-19783.3,-329.72,395,395,-5,-5,,,,,
52,1761738154.564500,1761738154.561500,3,-19782.3,-329.7,397,397,-3,-3,,,,,
53,1761738155.566500,1761738155.561000,5.5,-19781.3,-329.69,396,397,-4,-3,,,,,
54,1761738156.569500,1761738156.561500,8,-19780.3,-329.67,396,397,-4,-3,,,,,
55,1761738157.571500,1761738157.565000,6.5,-19779.3,-329.65,396,397,-4,-3,,,,,
56,1761738158.573500,1761738158.560000,13.5,-19778.3,-329.64,395,399,-5,-1,,,,,
57,1761738159.563500,1761738159.564500,1,-19777.3,-329.62,395,397,-5,-3,,,,,
58,1761738160.564500,1761738160.561500,3,-19776.3,-329.6,397,399,-3,-1,,,,,
59,1761738161.569000,1761738161.566000,3,-19775.3,-329.59,394,397,-6,-3,,,,,
60,1761738162.571000,1761738162.564500,6.5,-19774.3,-329.57,395,397,-5,-3,,,,,
61,1761738163.570500,1761738163.559000,11.5,-19773.3,-329.55,397,399,-3,-1,,,,,
62,1761738164.572500,1761738164.559000,13.5,-19772.3,-329.54,396,400,-4,0,,,,,
63,1761738165.565000,1761738165.564500,0.5,-19771.3,-329.52,396,398,-4,-2,,,,,
64,1761738166.568000,1761738166.567500,0.5,-19770.3,-329.5,395,396,-5,-4,,,,,
65,1761738167.566000,1761738167.567000,1,-19769.3,-329.49,397,397,-3,-3,,,,,
66,1761738168.570500,1761738168.570000,0.5,-19768.3,-329.47,397,396,-3,-4,,,,,
67,1761738169.573500,1761738169.564500,9,-19767.3,-329.45,397,398,-3,-2,,,,,
68,1761738170.575500,1761738170.562000,13.5,-19766.3,-329.44,396,398,-4,-2,,,,,
69,1761738171.568000,1761738171.567500,0.5,-19765.3,-329.42,396,397,-4,-3,,,,,
70,1761738172.573000,1761738172.567000,6,-19764.3,-329.4,392,397,-8,-3,,,,,
71,1761738173.575000,1761738173.564000,11,-19763.3,-329.39,394,399,-6,-1,,,,,
72,1761738174.577000,1761738174.567000,10,-19762.3,-329.37,396,398,-4,-2,,,,,
73,1761738175.577500,1761738175.564000,13.5,-19761.3,-329.35,396,399,-4,-1,,,,,
74,1761738176.577000,1761738176.564000,13,-19760.3,-329.34,396,399,-4,-1,,,,,
75,1761738177.569500,1761738177.569500,0,-19759.3,-329.32,396,398,-4,-2,,,,,
76,1761738178.571500,1761738178.571500,0,-19758.3,-329.3,396,397,-4,-3,,,,,
77,1761738179.573500,1761738179.571000,2.5,-19757.3,-329.29,395,396,-5,-4,,,,,
78,1761738180.576500,1761738180.569000,7.5,-19756.3,-329.27,397,398,-3,-2,,,,,
79,1761738181.585000,1761738181.569000,16,-19755.3,-329.25,394,398,-6,-2,,,,,
80,1761738182.585500,1761738182.566500,19,-19754.3,-329.24,394,399,-6,-1,,,,,
81,1761738183.573000,1761738183.571000,2,-19753.3,-329.22,394,394,-6,-6,,,,,
82,1761738184.576000,1761738184.570500,5.5,-19752.3,-329.2,396,397,-4,-3,,,,,
83,1761738185.578000,1761738185.571000,7,-19751.3,-329.19,394,397,-6,-3,,,,,
84,1761738186.576000,1761738186.574000,2,-19750.3,-329.17,396,397,-4,-3,,,,,
85,1761738187.579000,1761738187.568500,10.5,-19749.3,-329.15,397,399,-3,-1,,,,,
86,1761738188.587000,1761738188.568500,18.5,-19748.3,-329.14,395,400,-5,0,,,,,
87,1761738189.577000,1761738189.571500,5.5,-19747.3,-329.12,395,398,-5,-2,,,,,
88,1761738190.580000,1761738190.572000,8,-19746.3,-329.1,394,398,-6,-2,,,,,
89,1761738191.578000,1761738191.575000,3,-19745.3,-329.09,397,397,-3,-3,,,,,
90,1761738192.585000,1761738192.573000,12,-19744.3,-329.07,394,398,-6,-2,,,,,
91,1761738193.585500,1761738193.572500,13,-19743.3,-329.05,791,399,391,-1,,,,,
93,1761738195.577500,1761738195.574500,3,-19741.3,-329.02,394,398,-6,-2,,,,,1274
94,1761738196.580500,1761738196.575000,5.5,-19740.3,-329,397,398,-3,-2,,,,,
95,1761738197.582500,1761738197.577000,5.5,-19739.3,-328.99,395,398,-5,-2,,,1.002999783,-0.002999783,
96,1761738198.582000,1761738198.576500,5.5,-19738.3,-328.97,397,398,-3,-2,,,1.002000093,-0.002000093,
97,1761738199.583000,1761738199.574000,9,-19737.3,-328.95,396,399,-4,-1,,,0.999500036,0.000499964,
98,1761738200.575500,1761738200.575000,0.5,-19736.3,-328.94,394,398,-6,-2,,,1.000999928,-0.000999928,
99,1761738201.577500,1761738201.579500,2,-19735.3,-328.92,395,397,-5,-3,,,0.992500067,0.007499933,
100,1761738202.585500,1761738202.580000,5.5,-19734.3,-328.9,393,397,-7,-3,,,1.002000093,-0.002000093,
101,1761738203.586000,1761738203.584500,1.5,-19733.3,-328.89,395,395,-5,-5,,,1.007999897,-0.007999897,
102,1761738204.589500,1761738204.575500,14,-19732.3,-328.87,394,398,-6,-2,,,1.000499964,-0.000499964,
103,1761738205.586500,1761738205.573000,13.5,-19731.3,-328.85,396,399,-4,-1,,,1.003499985,-0.003499985,
104,1761738206.579000,1761738206.576000,3,-19730.3,-328.84,394,399,-6,-1,,,0.996999979,0.003000021,
105,1761738207.582000,1761738207.576500,5.5,-19729.3,-328.82,395,397,-5,-3,,,0.992500067,0.007499933,
106,1761738208.584000,1761738208.576000,8,-19728.3,-328.8,395,400,-5,0,,,1.003000021,-0.003000021,
107,1761738209.592000,1761738209.579000,13,-19727.3,-328.79,394,397,-6,-3,,,1.002000093,-0.002000093,
108,1761738210.591500,1761738210.579500,12,-19726.3,-328.77,395,398,-5,-2,,,1.007999897,-0.007999897,
109,1761738211.593500,1761738211.577000,16.5,-19725.3,-328.75,394,399,-6,-1,,,0.999500036,0.000499964,
110,1761738212.581000,1761738212.583000,2,-19724.3,-328.74,394,397,-6,-3,,,1.001999855,-0.001999855,
111,1761738213.585500,1761738213.583500,2,-19723.3,-328.72,393,397,-7,-3,,,0.987500191,0.012499809,
112,1761738214.585000,1761738214.579500,5.5,-19722.3,-328.7,395,398,-5,-2,,,1.004499912,-0.004499912,
113,1761738215.589500,1761738215.582500,7,-19721.3,-328.69,393,397,-7,-3,,,0.999500036,0.000499964,
114,1761738216.591500,1761738216.582000,9.5,-19720.3,-328.67,395,398,-5,-2,,,1.004499912,-0.004499912,
115,1761738217.593500,1761738217.579500,14,-19719.3,-328.65,395,399,-5,-1,,,1.002000093,-0.002000093,
116,1761738218.583500,1761738218.581500,2,-19718.3,-328.64,396,397,-4,-3,,,1.001999855,-0.001999855,
117,1761738219.585500,1761738219.581000,4.5,-19717.3,-328.62,396,398,-4,-2,,,0.99000001,0.00999999,
118,1761738220.588500,1761738220.584000,4.5,-19716.3,-328.6,393,397,-7,-3,,,1.002000093,-0.002000093,
119,1761738221.590500,1761738221.582000,8.5,-19715.3,-328.59,394,399,-6,-1,,,1.003000021,-0.003000021,
120,1761738222.597000,1761738222.584000,13,-19714.3,-328.57,394,398,-6,-2,,,1.002000093,-0.002000093,
121,1761738223.591500,1761738223.581500,10,-19713.3,-328.55,397,399,-3,-1,,,1.006499767,-0.006499767,
122,1761738224.586500,1761738224.583500,3,-19712.3,-328.54,393,398,-7,-2,,,0.99450016,0.00549984,
123,1761738225.586000,1761738225.589500,3.5,-19711.3,-328.52,396,395,-4,-5,,,0.994999886,0.005000114,
124,1761738226.594000,1761738226.584000,10,-19710.3,-328.5,396,398,-4,-2,,,0.999500036,0.000499964,
125,1761738227.594500,1761738227.586000,8.5,-19709.3,-328.49,394,398,-6,-2,,,1.008000135,-0.008000135,
126,1761738228.595000,1761738228.585500,9.5,-19708.3,-328.47,396,397,-4,-3,,,1.000499964,-0.000499964,
127,1761738229.595500,1761738229.580500,15,-19707.3,-328.45,396,400,-4,0,,,1.000499964,-0.000499964,
128,1761738230.588000,1761738230.586000,2,-19706.3,-328.44,394,398,-6,-2,,,1.000499964,-0.000499964,
129,1761738231.595000,1761738231.583000,12,-19705.3,-328.42,393,400,-7,0,,,0.992500067,0.007499933,
130,1761738232.594500,1761738232.588500,6,-19704.3,-328.4,394,398,-6,-2,,,1.006999969,-0.006999969,
131,1761738233.600000,1761738233.588000,12,-19703.3,-328.39,394,397,-6,-3,,,0.999500036,0.000499964,
132,1761738234.602000,1761738234.588500,13.5,-19702.3,-328.37,395,398,-5,-2,,,1.00549984,-0.00549984,
133,1761738235.594000,1761738235.586000,8,-19701.3,-328.35,398,399,-2,-1,,,1.002000093,-0.002000093,
134,1761738236.591500,1761738236.587000,4.5,-19700.3,-328.34,398,399,-2,-1,,,0.992000103,0.007999897,
135,1761738237.590000,1761738237.588000,2,-19699.3,-328.32,399,399,-1,-1,,,0.997499943,0.002500057,
136,1761738238.591000,1761738238.587500,3.5,-19698.3,-328.3,398,399,-2,-1,,,0.99849987,0.00150013,
137,1761738239.590500,1761738239.586000,4.5,-19697.3,-328.29,399,400,-1,0,,,1.001000166,-0.001000166,
138,1761738240.597500,1761738240.590500,7,-19696.3,-328.27,396,397,-4,-3,,,0.999500036,0.000499964,
139,1761738241.600500,1761738241.585500,15,-19695.3,-328.25,395,400,-5,0,,,1.006999969,-0.006999969,
140,1761738242.590500,1761738242.591000,0.5,-19694.3,-328.24,396,397,-4,-3,,,1.003000021,-0.003000021,
141,1761738243.595000,1761738243.593000,2,-19693.3,-328.22,395,397,-5,-3,,,0.99000001,0.00999999,
142,1761738244.600500,1761738244.592500,8,-19692.3,-328.2,393,397,-7,-3,,,1.004499912,-0.004499912,
143,1761738245.602500,1761738245.593000,9.5,-19691.3,-328.19,394,398,-6,-2,,,1.005500078,-0.005500078,
144,1761738246.603000,1761738246.592500,10.5,-19690.3,-328.17,396,398,-4,-2,,,1.001999855,-0.001999855,
145,1761738247.605000,1761738247.590000,15,-19689.2,-328.15,395,399,-5,-1,,,1.000499964,-0.000499964,
146,1761738248.595000,1761738248.593500,1.5,-19688.3,-328.14,394,396,-6,-4,,,1.002000093,-0.002000093,
147,1761738249.598000,1761738249.593000,5,-19687.3,-328.12,393,397,-7,-3,,,0.99000001,0.00999999,
148,1761738250.600000,1761738250.597500,2.5,-19686.3,-328.1,395,397,-5,-3,,,1.003000021,-0.003000021,
149,1761738251.600500,1761738251.598000,2.5,-19685.3,-328.09,396,397,-4,-3,,,1.001999855,-0.001999855,
150,1761738252.608500,1761738252.595000,13.5,-19684.2,-328.07,394,398,-6,-2,,,1.000500202,-0.000500202,
151,1761738253.605500,1761738253.592500,13,-19683.2,-328.05,395,399,-5,-1,,,1.007999897,-0.007999897,
152,1761738254.595500,1761738254.599500,4,-19682.3,-328.04,396,396,-4,-4,,,0.996999979,0.003000021,
153,1761738255.601000,1761738255.596500,4.5,-19681.3,-328.02,394,397,-6,-3,,,0.99000001,0.00999999,
154,1761738256.605500,1761738256.598500,7,-19680.2,-328,393,397,-7,-3,,,1.005500078,-0.005500078,
155,1761738257.607500,1761738257.595500,12,-19679.2,-327.99,394,398,-6,-2,,,1.004499912,-0.004499912,
156,1761738258.612000,1761738258.592000,20,-19678.2,-327.97,394,399,-6,-1,,,1.002000093,-0.002000093,
157,1761738259.614000,1761738259.592000,22,-19677.2,-327.95,393,398,-7,-2,,,1.004499912,-0.004499912,
158,1761738260.599000,1761738260.599000,0,-19676.3,-327.94,395,396,-5,-4,,,1.002000093,-0.002000093,
159,1761738261.601000,1761738261.597000,4,-19675.3,-327.92,395,397,-5,-3,,,0.984999895,0.015000105,
160,1761738262.603000,1761738262.594000,9,-19674.3,-327.9,394,399,-6,-1,,,1.002000093,-0.002000093,
161,1761738263.606000,1761738263.594500,11.5,-19673.2,-327.89,396,399,-4,-1,,,1.001999855,-0.001999855,
162,1761738264.616500,1761738264.596500,20,-19672.2,-327.87,393,399,-7,-1,,,1.003000021,-0.003000021,
163,1761738265.616000,1761738265.596500,19.5,-19671.2,-327.85,393,399,-7,-1,,,1.010499954,-0.010499954,
164,1761738266.601000,1761738266.601000,0,-19670.3,-327.84,394,397,-6,-3,,,0.999500036,0.000499964,
165,1761738267.605500,1761738267.598000,7.5,-19669.2,-327.82,394,398,-6,-2,,,0.985000134,0.014999866,
166,1761738268.611000,1761738268.598500,12.5,-19668.2,-327.8,392,398,-8,-2,,,1.004499912,-0.004499912,
167,1761738269.612000,1761738269.603000,9,-19667.2,-327.79,394,396,-6,-4,,,1.005500078,-0.005500078,
168,1761738270.614000,1761738270.596000,18,-19666.2,-327.77,394,400,-6,0,,,1.000999928,-0.000999928,
169,1761738271.609500,1761738271.598500,11,-19665.2,-327.75,396,399,-4,-1,,,1.002000093,-0.002000093,
170,1761738272.602000,1761738272.603000,1,-19664.3,-327.74,395,397,-5,-3,,,0.995499849,0.004500151,
171,1761738273.607500,1761738273.605000,2.5,-19663.2,-327.72,393,397,-7,-3,,,0.992500067,0.007499933,
172,1761738274.613500,1761738274.604500,9,-19662.2,-327.7,393,397,-7,-3,,,1.005500078,-0.005500078,
173,1761738275.615500,1761738275.606500,9,-19661.2,-327.69,393,397,-7,-3,,,1.006000042,-0.006000042,
174,1761738276.618500,1761738276.606000,12.5,-19660.2,-327.67,393,397,-7,-3,,,1.001999855,-0.001999855,
175,1761738277.619000,1761738277.601000,18,-19659.2,-327.65,394,399,-6,-1,,,1.003000021,-0.003000021,
176,1761738278.606500,1761738278.603000,3.5,-19658.2,-327.64,392,398,-8,-2,,,1.000499964,-0.000499964,
177,1761738279.612000,1761738279.605000,7,-19657.2,-327.62,394,398,-6,-2,,,0.987499952,0.012500048,
178,1761738280.612500,1761738280.606500,6,-19656.2,-327.6,395,398,-5,-2,,,1.005500078,-0.005500078,
179,1761738281.614500,1761738281.607500,7,-19655.2,-327.59,395,397,-5,-3,,,1.000499964,-0.000499964,
180,1761738282.617500,1761738282.603000,14.5,-19654.2,-327.57,395,398,-5,-2,,,1.002000093,-0.002000093,
181,1761738283.617000,1761738283.600500,16.5,-19653.2,-327.55,395,400,-5,0,,,1.003000021,-0.003000021,
182,1761738284.607000,1761738284.603500,3.5,-19652.2,-327.54,395,399,-5,-1,,,0.999500036,0.000499964,
183,1761738285.609000,1761738285.603000,6,-19651.2,-327.52,394,399,-6,-1,,,0.99000001,0.00999999,
184,1761738286.617000,1761738286.603500,13.5,-19650.2,-327.5,393,400,-7,0,,,1.001999855,-0.001999855,
185,1761738287.621000,1761738287.611500,9.5,-19649.2,-327.49,394,397,-6,-3,,,1.008000135,-0.008000135,
186,1761738288.625500,1761738288.606000,19.5,-19648.2,-327.47,393,399,-7,-1,,,1.003999949,-0.003999949,
187,1761738289.625000,1761738289.606000,19,-19647.2,-327.45,394,399,-6,-1,,,1.004499912,-0.004499912,
188,1761738290.612500,1761738290.610500,2,-19646.2,-327.44,393,397,-7,-3,,,0.999500036,0.000499964,
189,1761738291.615500,1761738291.607500,8,-19645.2,-327.42,394,398,-6,-2,,,0.987499952,0.012500048,
190,1761738292.620000,1761738292.607000,13,-19644.2,-327.4,393,398,-7,-2,,,1.003000021,-0.003000021,
191,1761738293.624500,1761738293.610500,14,-19643.2,-327.39,393,397,-7,-3,,,1.004499912,-0.004499912,
192,1761738294.625500,1761738294.607500,18,-19642.2,-327.37,394,398,-6,-2,,,1.004500151,-0.004500151,
193,1761738295.628500,1761738295.605000,23.5,-19641.2,-327.35,393,399,-7,-1,,,1.000999928,-0.000999928,
194,1761738296.613500,1761738296.609500,4,-19640.2,-327.34,394,398,-6,-2,,,1.003000021,-0.003000021,
195,1761738297.615500,1761738297.613000,2.5,-19639.2,-327.32,393,396,-7,-4,,,0.985000134,0.014999866,
196,1761738298.620000,1761738298.615000,5,-19638.2,-327.3,394,396,-6,-4,,,1.001999855,-0.001999855,
197,1761738299.624500,1761738299.612000,12.5,-19637.2,-327.29,393,397,-7,-3,,,1.004499912,-0.004499912,
198,1761738300.631500,1761738300.609000,22.5,-19636.2,-327.27,393,398,-7,-2,,,1.004500151,-0.004500151,
199,1761738301.636000,1761738301.606500,29.5,-19635.2,-327.25,392,399,-8,-1,,,1.006999969,-0.006999969,
200,1761738302.618500,1761738302.611000,7.5,-19634.2,-327.24,393,398,-7,-2,,,1.004499912,-0.004499912,
201,1761738303.620500,1761738303.613000,7.5,-19633.2,-327.22,391,398,-9,-2,,,0.982500076,0.017499924,
202,1761738304.626000,1761738304.612500,13.5,-19632.2,-327.2,392,398,-8,-2,,,1.002000093,-0.002000093,
203,1761738305.629000,1761738305.613000,16,-19631.2,-327.19,392,398,-8,-2,,,1.00549984,-0.00549984,
204,1761738306.632500,1761738306.612500,20,-19630.2,-327.17,394,398,-6,-2,,,1.003000021,-0.003000021,
205,1761738307.637000,1761738307.610000,27,-19629.2,-327.15,392,400,-8,0,,,1.003499985,-0.003499985,
206,1761738308.619500,1761738308.617000,2.5,-19628.2,-327.14,392,397,-8,-3,,,1.004500151,-0.004500151,
207,1761738309.621500,1761738309.621500,0,-19627.2,-327.12,394,396,-6,-4,,,0.982499838,0.017500162,
208,1761738310.627000,1761738310.617500,9.5,-19626.2,-327.1,393,397,-7,-3,,,1.002000093,-0.002000093,
209,1761738311.631500,1761738311.618000,13.5,-19625.2,-327.09,393,397,-7,-3,,,1.005500078,-0.005500078,
210,1761738312.634000,1761738312.616000,18,-19624.2,-327.07,394,398,-6,-2,,,1.004499912,-0.004499912,
211,1761738313.636000,1761738313.613500,22.5,-19623.2,-327.05,393,399,-7,-1,,,1.002500057,-0.002500057,
212,1761738314.621000,1761738314.618000,3,-19622.2,-327.04,395,397,-5,-3,,,1.001999855,-0.001999855,
213,1761738315.626500,1761738315.620000,6.5,-19621.2,-327.02,394,398,-6,-2,,,0.985000134,0.014999866,
214,1761738316.628000,1761738316.620500,7.5,-19620.2,-327,394,398,-6,-2,,,1.00549984,-0.00549984,
215,1761738317.632500,1761738317.622500,10,-19619.2,-326.99,394,397,-6,-3,,,1.00150013,-0.00150013,
216,1761738318.634500,1761738318.619500,15,-19618.2,-326.97,394,400,-6,0,,,1.004499912,-0.004499912,
217,1761738319.636500,1761738319.622000,14.5,-19617.2,-326.95,396,399,-4,-1,,,1.002000093,-0.002000093,
218,1761738320.629000,1761738320.625000,4,-19616.2,-326.94,395,398,-5,-2,,,1.001999855,-0.001999855,
219,1761738321.632000,1761738321.624500,7.5,-19615.2,-326.92,395,399,-5,-1,,,0.992500067,0.007499933,
220,1761738322.635000,1761738322.625500,9.5,-19614.2,-326.9,395,399,-5,-1,,,1.003000021,-0.003000021,
221,1761738323.644500,1761738323.630000,14.5,-19613.2,-326.89,391,397,-9,-3,,,1.003000021,-0.003000021,
222,1761738324.640500,1761738324.632000,8.5,-19612.2,-326.87,394,398,-6,-2,,,1.009500027,-0.009500027,
223,1761738325.628000,1761738325.629500,1.5,-19611.2,-326.85,392,397,-8,-3,,,0.996000051,0.003999949,
224,1761738326.631000,1761738326.629000,2,-19610.2,-326.84,393,397,-7,-3,,,0.987499952,0.012500048,
225,1761738327.638000,1761738327.631000,7,-19609.2,-326.82,393,398,-7,-2,,,1.003000021,-0.003000021,
226,1761738328.641000,1761738328.631500,9.5,-19608.2,-326.8,392,397,-8,-3,,,1.006999969,-0.006999969,
227,1761738329.644000,1761738329.628500,15.5,-19607.2,-326.79,393,398,-7,-2,,,1.003000021,-0.003000021,
228,1761738330.643500,1761738330.629000,14.5,-19606.2,-326.77,394,400,-6,0,,,1.003000021,-0.003000021,
229,1761738331.631000,1761738331.631500,0.5,-19605.2,-326.75,392,397,-8,-3,,,0.999500036,0.000499964,
230,1761738332.634000,1761738332.631000,3,-19604.2,-326.74,393,398,-7,-2,,,0.987499952,0.012500048,
231,1761738333.639500,1761738333.633000,6.5,-19603.2,-326.72,393,397,-7,-3,,,1.003000021,-0.003000021,
232,1761738334.640500,1761738334.632500,8,-19602.2,-326.7,394,397,-6,-3,,,1.00549984,-0.00549984,
233,1761738335.642500,1761738335.628500,14,-19601.2,-326.69,393,398,-7,-2,,,1.001000166,-0.001000166,
234,1761738336.643000,1761738336.630500,12.5,-19600.2,-326.67,394,400,-6,0,,,1.001999855,-0.001999855,
235,1761738337.630500,1761738337.633000,2.5,-19599.2,-326.65,393,397,-7,-3,,,1.000499964,-0.000499964,
236,1761738338.636000,1761738338.632500,3.5,-19598.2,-326.64,395,397,-5,-3,,,0.987500191,0.012499809,
237,1761738339.639000,1761738339.633000,6,-19597.2,-326.62,393,397,-7,-3,,,1.00549984,-0.00549984,
238,1761738340.642000,1761738340.632500,9.5,-19596.2,-326.6,393,397,-7,-3,,,1.003000021,-0.003000021,
239,1761738341.645000,1761738341.627000,18,-19595.2,-326.59,393,399,-7,-1,,,1.003000021,-0.003000021,
240,1761738342.644500,1761738342.627000,17.5,-19594.2,-326.57,394,400,-6,0,,,1.003000021,-0.003000021,
241,1761738343.632000,1761738343.630500,1.5,-19593.2,-326.55,394,399,-6,-1,,,0.999500036,0.000499964,
242,1761738344.637500,1761738344.635000,2.5,-19592.2,-326.54,393,397,-7,-3,,,0.987499952,0.012500048,
243,1761738345.640500,1761738345.632000,8.5,-19591.2,-326.52,394,399,-6,-1,,,1.005500078,-0.005500078,
244,1761738346.643500,1761738346.635500,8,-19590.2,-326.5,395,397,-5,-3,,,1.003000021,-0.003000021,
245,1761738347.649000,1761738347.633500,15.5,-19589.2,-326.49,393,398,-7,-2,,,1.003000021,-0.003000021,
246,1761738348.646000,1761738348.631000,15,-19588.2,-326.47,395,397,-5,-3,,,1.00549984,-0.00549984,
247,1761738349.636000,1761738349.636500,0.5,-19587.2,-326.45,394,397,-6,-3,,,0.996999979,0.003000021,
248,1761738350.639000,1761738350.636000,3,-19586.2,-326.44,394,398,-6,-2,,,0.99000001,0.00999999,
249,1761738351.642000,1761738351.637000,5,-19585.2,-326.42,394,398,-6,-2,,,1.003000021,-0.003000021,
250,1761738352.646500,1761738352.639000,7.5,-19584.2,-326.4,393,398,-7,-2,,,1.003000021,-0.003000021,
251,1761738353.646000,1761738353.630000,16,-19583.2,-326.39,396,400,-4,0,,,1.004500151,-0.004500151,
252,1761738354.647000,1761738354.632500,14.5,-19582.2,-326.37,395,399,-5,-1,,,0.999499798,0.000500202,
253,1761738355.637000,1761738355.636000,1,-19581.2,-326.35,394,399,-6,-1,,,1.001000166,-0.001000166,
254,1761738356.638000,1761738356.633000,5,-19580.2,-326.34,395,400,-5,0,,,0.99000001,0.00999999,
255,1761738357.645000,1761738357.635000,10,-19579.2,-326.32,392,399,-8,-1,,,1.000999928,-0.000999928,
256,1761738358.647000,1761738358.638500,8.5,-19578.2,-326.3,395,397,-5,-3,,,1.006999969,-0.006999969,
257,1761738359.653000,1761738359.638000,15,-19577.2,-326.29,392,398,-8,-2,,,1.002000093,-0.002000093,
258,1761738360.652500,1761738360.635500,17,-19576.2,-326.27,394,399,-6,-1,,,1.006000042,-0.006000042,
259,1761738361.640000,1761738361.640000,0,-19575.2,-326.25,394,398,-6,-2,,,0.999499798,0.000500202,
260,1761738362.644500,1761738362.642000,2.5,-19574.2,-326.24,393,395,-7,-5,,,0.987500191,0.012499809,
261,1761738363.646500,1761738363.641500,5,-19573.2,-326.22,393,397,-7,-3,,,1.004499912,-0.004499912,
262,1761738364.649500,1761738364.642000,7.5,-19572.2,-326.2,394,398,-6,-2,,,1.002000093,-0.002000093,
263,1761738365.654000,1761738365.638000,16,-19571.2,-326.19,395,399,-5,-1,,,1.002999783,-0.002999783,
264,1761738366.656000,1761738366.638000,18,-19570.2,-326.17,394,399,-6,-1,,,1.004500151,-0.004500151,
265,1761738367.643500,1761738367.643500,0,-19569.2,-326.15,394,396,-6,-4,,,1.001999855,-0.001999855,
266,1761738368.645500,1761738368.643000,2.5,-19568.2,-326.14,394,398,-6,-2,,,0.987500191,0.012499809,
267,1761738369.652500,1761738369.647500,5,-19567.2,-326.12,392,396,-8,-4,,,1.001999855,-0.001999855,
268,1761738370.653000,1761738370.644500,8.5,-19566.2,-326.1,394,397,-6,-3,,,1.006999969,-0.006999969,
269,1761738371.660000,1761738371.641500,18.5,-19565.2,-326.09,394,399,-6,-1,,,1.000500202,-0.000500202,
270,1761738372.657000,1761738372.641500,15.5,-19564.2,-326.07,395,398,-5,-2,,,1.006999969,-0.006999969,
271,1761738373.647000,1761738373.647000,0,-19563.2,-326.05,394,397,-6,-3,,,0.996999979,0.003000021,
272,1761738374.649000,1761738374.642500,6.5,-19562.2,-326.04,394,399,-6,-1,,,0.99000001,0.00999999,
273,1761738375.654500,1761738375.646000,8.5,-19561.2,-326.02,395,397,-5,-3,,,1.001999855,-0.001999855,
274,1761738376.656500,1761738376.646500,10,-19560.2,-326,394,397,-6,-3,,,1.005500078,-0.005500078,
275,1761738377.662000,1761738377.650000,12,-19559.2,-325.99,392,397,-8,-3,,,1.002000093,-0.002000093,
276,1761738378.663500,1761738378.645000,18.5,-19558.2,-325.97,393,399,-7,-1,,,1.00549984,-0.00549984,
277,1761738379.648500,1761738379.649500,1,-19557.2,-325.95,394,397,-6,-3,,,1.00150013,-0.00150013,
278,1761738380.653000,1761738380.649000,4,-19556.2,-325.94,393,397,-7,-3,,,0.984999895,0.015000105,
279,1761738381.658500,1761738381.646000,12.5,-19555.2,-325.92,391,399,-9,-1,,,1.004500151,-0.004500151,
280,1761738382.664000,1761738382.645500,18.5,-19554.2,-325.9,392,399,-8,-1,,,1.00549984,-0.00549984,
281,1761738383.668000,1761738383.650000,18,-19553.2,-325.89,392,397,-8,-3,,,1.005500078,-0.005500078,
282,1761738384.669500,1761738384.645000,24.5,-19552.2,-325.87,392,400,-8,0,,,1.003999949,-0.003999949,
283,1761738385.652000,1761738385.652000,0,-19551.2,-325.85,391,397,-9,-3,,,1.00150013,-0.00150013,
284,1761738386.657000,1761738386.649500,7.5,-19550.2,-325.84,390,398,-10,-2,,,0.982499838,0.017500162,
285,1761738387.659000,1761738387.651500,7.5,-19549.2,-325.82,392,397,-8,-3,,,1.005000114,-0.005000114,
286,1761738388.664500,1761738388.649500,15,-19548.2,-325.8,394,398,-6,-2,,,1.001999855,-0.001999855,
287,1761738389.665000,1761738389.649000,16,-19547.2,-325.79,394,398,-6,-2,,,1.005500078,-0.005500078,
288,1761738390.669500,1761738390.646500,23,-19546.2,-325.77,393,399,-7,-1,,,1.000499964,-0.000499964,
289,1761738391.654500,1761738391.648500,6,-19545.2,-325.75,391,399,-9,-1,,,1.004500151,-0.004500151,
290,1761738392.659000,1761738392.651500,7.5,-19544.2,-325.74,392,398,-8,-2,,,0.984999895,0.015000105,
291,1761738393.662000,1761738393.651000,11,-19543.2,-325.72,394,398,-6,-2,,,1.004499912,-0.004499912,
292,1761738394.665000,1761738394.655500,9.5,-19542.2,-325.7,394,397,-6,-3,,,1.003000021,-0.003000021,
293,1761738395.674500,1761738395.650000,24.5,-19541.2,-325.69,391,399,-9,-1,,,1.003000021,-0.003000021,
294,1761738396.669000,1761738396.650000,19,-19540.2,-325.67,394,399,-6,-1,,,1.009500027,-0.009500027,
295,1761738397.656500,1761738397.652000,4.5,-19539.2,-325.65,394,398,-6,-2,,,0.994499922,0.005500078,
296,1761738398.658500,1761738398.654000,4.5,-19538.2,-325.64,395,397,-5,-3,,,0.987500191,0.012499809,
297,1761738399.663000,1761738399.653500,9.5,-19537.2,-325.62,393,398,-7,-2,,,1.001999855,-0.001999855,
298,1761738400.663500,1761738400.659000,4.5,-19536.2,-325.6,395,396,-5,-4,,,1.004500151,-0.004500151,
299,1761738401.670500,1761738401.653500,17,-19535.2,-325.59,394,398,-6,-2,,,1.000499964,-0.000499964,
300,1761738402.672500,1761738402.651000,21.5,-19534.2,-325.57,393,399,-7,-1,,,1.006999969,-0.006999969,
301,1761738403.657500,1761738403.655500,2,-19533.2,-325.55,395,398,-5,-2,,,1.001999855,-0.001999855,
302,1761738404.663000,1761738404.657500,5.5,-19532.2,-325.54,393,397,-7,-3,,,0.985000134,0.014999866,
303,1761738405.664000,1761738405.655500,8.5,-19531.2,-325.52,393,398,-7,-2,,,1.005500078,-0.005500078,
304,1761738406.668500,1761738406.658500,10,-19530.2,-325.5,393,398,-7,-2,,,1.000999928,-0.000999928,
305,1761738407.674000,1761738407.660500,13.5,-19529.2,-325.49,393,397,-7,-3,,,1.004499912,-0.004499912,
306,1761738408.673500,1761738408.655500,18,-19528.2,-325.47,393,399,-7,-1,,,1.005500078,-0.005500078,
307,1761738409.658500,1761738409.660000,1.5,-19527.2,-325.45,393,397,-7,-3,,,0.999500036,0.000499964,
308,1761738410.662000,1761738410.658500,3.5,-19526.2,-325.44,395,398,-5,-2,,,0.984999895,0.015000105,
309,1761738411.671000,1761738411.658000,13,-19525.2,-325.42,392,398,-8,-2,,,1.003499985,-0.003499985,
310,1761738412.675500,1761738412.661000,14.5,-19524.2,-325.4,391,397,-9,-3,,,1.009000063,-0.009000063,
311,1761738413.671000,1761738413.658000,13,-19523.2,-325.39,395,399,-5,-1,,,1.004499912,-0.004499912,
312,1761738414.675500,1761738414.658000,17.5,-19522.2,-325.37,394,399,-6,-1,,,0.995500088,0.004499912,
313,1761738415.663000,1761738415.663500,0.5,-19521.2,-325.35,391,397,-9,-3,,,1.004499912,-0.004499912,
314,1761738416.667500,1761738416.663000,4.5,-19520.2,-325.34,392,396,-8,-4,,,0.987500191,0.012499809,
315,1761738417.670500,1761738417.661500,9,-19519.2,-325.32,392,396,-8,-4,,,1.004499912,-0.004499912,
316,1761738418.678500,1761738418.661000,17.5,-19518.2,-325.3,392,399,-8,-1,,,1.003000021,-0.003000021,
317,1761738419.681500,1761738419.658000,23.5,-19517.2,-325.29,392,399,-8,-1,,,1.007999897,-0.007999897,
318,1761738420.679500,1761738420.658000,21.5,-19516.2,-325.27,393,400,-7,0,,,1.003000021,-0.003000021,
319,1761738421.664500,1761738421.662500,2,-19515.2,-325.25,392,398,-8,-2,,,0.998000145,0.001999855,
320,1761738422.671500,1761738422.664500,7,-19514.2,-325.24,391,397,-9,-3,,,0.984999895,0.015000105,
321,1761738423.678000,1761738423.660500,17.5,-19513.2,-325.22,390,399,-10,-1,,,1.006999969,-0.006999969,
322,1761738424.681000,1761738424.665000,16,-19512.2,-325.2,391,398,-9,-2,,,1.006500006,-0.006500006,
323,1761738425.680500,1761738425.667000,13.5,-19511.2,-325.19,393,397,-7,-3,,,1.003000021,-0.003000021,
324,1761738426.683500,1761738426.662000,21.5,-19510.2,-325.17,393,398,-7,-2,,,0.999500036,0.000499964,
325,1761738427.668500,1761738427.666500,2,-19509.2,-325.15,393,396,-7,-4,,,1.003000021,-0.003000021,
326,1761738428.675500,1761738428.666000,9.5,-19508.2,-325.14,392,398,-8,-2,,,0.984999895,0.015000105,
327,1761738429.677500,1761738429.664500,13,-19507.2,-325.12,392,399,-8,-1,,,1.006999969,-0.006999969,
328,1761738430.679500,1761738430.666500,13,-19506.2,-325.1,394,399,-6,-1,,,1.002000093,-0.002000093,
329,1761738431.687500,1761738431.663500,24,-19505.2,-325.09,392,399,-8,-1,,,1.002000093,-0.002000093,
330,1761738432.688000,1761738432.663500,24.5,-19504.2,-325.07,392,400,-8,0,,,1.007999897,-0.007999897,
331,1761738433.670500,1761738433.673000,2.5,-19503.2,-325.05,393,395,-7,-5,,,1.000499964,-0.000499964,
332,1761738434.678500,1761738434.669000,9.5,-19502.2,-325.04,392,397,-8,-3,,,0.982500076,0.017499924,
333,1761738435.681500,1761738435.672000,9.5,-19501.2,-325.02,392,397,-8,-3,,,1.007999897,-0.007999897,
334,1761738436.682000,1761738436.669000,13,-19500.2,-325,394,399,-6,-1,,,1.003000021,-0.003000021,
335,1761738437.687500,1761738437.667500,20,-19499.2,-324.99,392,399,-8,-1,,,1.000499964,-0.000499964,
336,1761738438.687000,1761738438.667500,19.5,-19498.2,-324.97,395,399,-5,-1,,,1.005500078,-0.005500078,
337,1761738439.677000,1761738439.672000,5,-19497.2,-324.95,392,397,-8,-3,,,0.999500036,0.000499964,
338,1761738440.685000,1761738440.671500,13.5,-19496.2,-324.94,390,399,-10,-1,,,0.99000001,0.00999999,
339,1761738441.687000,1761738441.673500,13.5,-19495.2,-324.92,390,398,-10,-2,,,1.007999897,-0.007999897,
340,1761738442.689000,1761738442.672000,17,-19494.2,-324.9,392,398,-8,-2,,,1.002000093,-0.002000093,
341,1761738443.693500,1761738443.671500,22,-19493.2,-324.89,392,401,-8,1,,,1.001999855,-0.001999855,
342,1761738444.676000,1761738444.676500,0.5,-19492.2,-324.87,392,398,-8,-2,,,1.004500151,-0.004500151,
343,1761738445.679500,1761738445.676000,3.5,-19491.2,-324.85,391,398,-9,-2,,,0.982500076,0.017499924,
344,1761738446.687500,1761738446.678000,9.5,-19490.2,-324.84,391,397,-9,-3,,,1.003499985,-0.003499985,
345,1761738447.687000,1761738447.676500,10.5,-19489.2,-324.82,392,398,-8,-2,,,1.007999897,-0.007999897,
346,1761738448.691500,1761738448.676000,15.5,-19488.2,-324.8,393,398,-7,-2,,,0.999500036,0.000499964,
347,1761738449.691000,1761738449.673000,18,-19487.2,-324.79,393,400,-7,0,,,1.004499912,-0.004499912,
348,1761738450.676000,1761738450.675500,0.5,-19486.2,-324.77,392,398,-8,-2,,,0.999500036,0.000499964,
349,1761738451.681500,1761738451.677500,4,-19485.2,-324.75,392,397,-8,-3,,,0.985000134,0.014999866,
350,1761738452.684500,1761738452.677000,7.5,-19484.2,-324.74,392,398,-8,-2,,,1.00549984,-0.00549984,
351,1761738453.688000,1761738453.680500,7.5,-19483.2,-324.72,394,397,-6,-3,,,1.003000021,-0.003000021,
352,1761738454.693500,1761738454.680000,13.5,-19482.2,-324.7,392,397,-8,-3,,,1.003499985,-0.003499985,
353,1761738455.693000,1761738455.677000,16,-19481.2,-324.69,393,400,-7,0,,,1.005500078,-0.005500078,
354,1761738456.678000,1761738456.679500,1.5,-19480.2,-324.67,393,398,-7,-2,,,0.999500036,0.000499964,
355,1761738457.685000,1761738457.681500,3.5,-19479.2,-324.65,393,398,-7,-2,,,0.984999895,0.015000105,
356,1761738458.689500,1761738458.678500,11,-19478.2,-324.64,392,398,-8,-2,,,1.006999969,-0.006999969,
357,1761738459.694000,1761738459.685500,8.5,-19477.2,-324.62,393,396,-7,-4,,,1.004500151,-0.004500151,
358,1761738460.697500,1761738460.682500,15,-19476.2,-324.6,392,397,-8,-3,,,1.004499912,-0.004499912,
359,1761738461.698000,1761738461.679500,18.5,-19475.2,-324.59,392,400,-8,0,,,1.003499985,-0.003499985,
360,1761738462.680500,1761738462.682000,1.5,-19474.2,-324.57,392,398,-8,-2,,,1.000499964,-0.000499964,
361,1761738463.687500,1761738463.681500,6,-19473.2,-324.55,392,398,-8,-2,,,0.982500076,0.017499924,
362,1761738464.690500,1761738464.682000,8.5,-19472.2,-324.54,393,398,-7,-2,,,1.006999969,-0.006999969,
363,1761738465.692500,1761738465.680500,12,-19471.2,-324.52,393,399,-7,-1,,,1.003000021,-0.003000021,
364,1761738466.700500,1761738466.681000,19.5,-19470.2,-324.5,392,399,-8,-1,,,1.002000093,-0.002000093,
365,1761738467.697500,1761738467.679000,18.5,-19469.2,-324.49,393,400,-7,0,,,1.007999897,-0.007999897,
366,1761738468.682500,1761738468.681500,1,-19468.2,-324.47,393,399,-7,-1,,,0.996999979,0.003000021,
367,1761738469.688000,1761738469.683500,4.5,-19467.2,-324.45,395,398,-5,-2,,,0.984999895,0.015000105,
368,1761738470.691500,1761738470.679500,12,-19466.2,-324.44,395,400,-5,0,,,1.005500078,-0.005500078,
369,1761738471.691000,1761738471.680500,10.5,-19465.2,-324.42,397,399,-3,-1,,,1.003499985,-0.003499985,
370,1761738472.694500,1761738472.677500,17,-19464.2,-324.4,395,400,-5,0,,,0.999500036,0.000499964,
371,1761738473.695500,1761738473.680000,15.5,-19463.2,-324.39,395,399,-5,-1,,,1.003499985,-0.003499985,
372,1761738474.685500,1761738474.681000,4.5,-19462.2,-324.37,393,400,-7,0,,,1.000999928,-0.000999928,
373,1761738475.690000,1761738475.688000,2,-19461.2,-324.35,392,397,-8,-3,,,0.99000001,0.00999999,
374,1761738476.693000,1761738476.686000,7,-19460.2,-324.34,393,398,-7,-2,,,1.004500151,-0.004500151,
375,1761738477.698500,1761738477.685500,13,-19459.2,-324.32,393,398,-7,-2,,,1.003000021,-0.003000021,
376,1761738478.703000,1761738478.683500,19.5,-19458.2,-324.3,393,398,-7,-2,,,1.00549984,-0.00549984,
377,1761738479.706000,1761738479.681000,25,-19457.1,-324.29,393,399,-7,-1,,,1.004500151,-0.004500151,
378,1761738480.691000,1761738480.686500,4.5,-19456.2,-324.27,392,398,-8,-2,,,1.003000021,-0.003000021,
379,1761738481.694000,1761738481.687500,6.5,-19455.2,-324.25,392,396,-8,-4,,,0.984999895,0.015000105,
380,1761738482.698500,1761738482.692000,6.5,-19454.2,-324.24,392,396,-8,-4,,,1.003000021,-0.003000021,
381,1761738483.700500,1761738483.692500,8,-19453.2,-324.22,393,396,-7,-4,,,1.004499912,-0.004499912,
382,1761738484.707500,1761738484.687000,20.5,-19452.1,-324.2,391,398,-9,-2,,,1.002000093,-0.002000093,
383,1761738485.708000,1761738485.684500,23.5,-19451.1,-324.19,393,399,-7,-1,,,1.006999969,-0.006999969,
384,1761738486.693000,1761738486.689000,4,-19450.2,-324.17,392,398,-8,-2,,,1.000499964,-0.000499964,
385,1761738487.696000,1761738487.689500,6.5,-19449.2,-324.15,392,397,-8,-3,,,0.985000134,0.014999866,
386,1761738488.700000,1761738488.689000,11,-19448.2,-324.14,392,397,-8,-3,,,1.003000021,-0.003000021,
387,1761738489.704000,1761738489.686000,18,-19447.1,-324.12,392,398,-8,-2,,,1.003999949,-0.003999949,
388,1761738490.711500,1761738490.683000,28.5,-19446.1,-324.1,391,400,-9,0,,,1.003999949,-0.003999949,
389,1761738491.713000,1761738491.685500,27.5,-19445.1,-324.09,391,399,-9,-1,,,1.007499933,-0.007499933,
390,1761738492.693000,1761738492.691000,2,-19444.2,-324.07,393,397,-7,-3,,,1.00150013,-0.00150013,
391,1761738493.693500,1761738493.693000,0.5,-19443.2,-324.05,394,397,-6,-3,,,0.980000019,0.019999981,
392,1761738494.704000,1761738494.688500,15.5,-19442.1,-324.04,391,399,-9,-1,,,1.000499964,-0.000499964,
393,1761738495.707000,1761738495.689000,18,-19441.1,-324.02,392,398,-8,-2,,,1.010499954,-0.010499954,
394,1761738496.710000,1761738496.688500,21.5,-19440.1,-324,391,399,-9,-1,,,1.003000021,-0.003000021,
395,1761738497.714500,1761738497.688500,26,-19439.1,-323.99,393,399,-7,-1,,,1.003000021,-0.003000021,
396,1761738498.699500,1761738498.691500,8,-19438.2,-323.97,391,398,-9,-2,,,1.004499912,-0.004499912,
397,1761738499.698500,1761738499.696000,2.5,-19437.2,-323.95,393,397,-7,-3,,,0.985000134,0.014999866,
398,1761738500.705500,1761738500.693000,12.5,-19436.1,-323.94,392,398,-8,-2,,,0.998999834,0.001000166,
399,1761738501.709000,1761738501.691000,18,-19435.1,-323.92,392,399,-8,-1,,,1.006999969,-0.006999969,
400,1761738502.708500,1761738502.689500,19,-19434.1,-323.9,393,400,-7,0,,,1.003500223,-0.003500223,
401,1761738503.693500,1761738503.692000,1.5,-19433.2,-323.89,392,399,-8,-1,,,0.999499798,0.000500202,
402,1761738504.695500,1761738504.696500,1,-19432.2,-323.87,393,395,-7,-5,,,0.985000134,0.014999866,
403,1761738505.702500,1761738505.696000,6.5,-19431.2,-323.85,393,397,-7,-3,,,1.001999855,-0.001999855,
404,1761738506.709000,1761738506.693000,16,-19430.1,-323.84,392,398,-8,-2,,,1.007000208,-0.007000208,
405,1761738507.714500,1761738507.700000,14.5,-19429.1,-323.82,391,396,-9,-4,,,1.006500006,-0.006500006,
406,1761738508.709000,1761738508.691000,18,-19428.1,-323.8,394,401,-6,1,,,1.00549984,-0.00549984,
407,1761738509.696500,1761738509.696000,0.5,-19427.2,-323.79,393,398,-7,-2,,,0.99450016,0.00549984,
408,1761738510.702000,1761738510.698000,4,-19426.2,-323.77,392,398,-8,-2,,,0.987499952,0.012500048,
409,1761738511.706500,1761738511.696000,10.5,-19425.1,-323.75,392,399,-8,-1,,,1.00549984,-0.00549984,
410,1761738512.711000,1761738512.695500,15.5,-19424.1,-323.74,392,399,-8,-1,,,1.004500151,-0.004500151,
411,1761738513.715500,1761738513.700000,15.5,-19423.1,-323.72,391,397,-9,-3,,,1.004499912,-0.004499912,
412,1761738514.717500,1761738514.698500,19,-19422.1,-323.7,392,399,-8,-1,,,1.004500151,-0.004500151,
413,1761738515.700000,1761738515.698500,1.5,-19421.2,-323.69,392,398,-8,-2,,,1.001999855,-0.001999855,
414,1761738516.704500,1761738516.700500,4,-19420.1,-323.67,392,398,-8,-2,,,0.982500076,0.017499924,
415,1761738517.710000,1761738517.700000,10,-19419.1,-323.65,392,398,-8,-2,,,1.004499912,-0.004499912,
416,1761738518.712000,1761738518.702000,10,-19418.1,-323.64,393,396,-7,-4,,,1.005500078,-0.005500078,
417,1761738519.717500,1761738519.700500,17,-19417.1,-323.62,392,397,-8,-3,,,1.001999855,-0.001999855,
418,1761738520.719500,1761738520.695000,24.5,-19416.1,-323.6,392,400,-8,0,,,1.005500078,-0.005500078,
419,1761738521.702000,1761738521.697500,4.5,-19415.2,-323.59,393,400,-7,0,,,1.002000093,-0.002000093,
420,1761738522.704000,1761738522.700500,3.5,-19414.1,-323.57,393,398,-7,-2,,,0.982499838,0.017500162,
421,1761738523.709500,1761738523.701000,8.5,-19413.1,-323.55,393,399,-7,-1,,,1.002000093,-0.002000093,
422,1761738524.714000,1761738524.702000,12,-19412.1,-323.54,393,398,-7,-2,,,1.005500078,-0.005500078,
423,1761738525.718500,1761738525.704000,14.5,-19411.1,-323.52,392,397,-8,-3,,,1.004499912,-0.004499912,
424,1761738526.723000,1761738526.704500,18.5,-19410.1,-323.5,392,399,-8,-1,,,1.004499912,-0.004499912,
425,1761738527.705500,1761738527.704500,1,-19409.1,-323.49,390,396,-10,-4,,,1.004500151,-0.004500151,
426,1761738528.708500,1761738528.700000,8.5,-19408.1,-323.47,392,399,-8,-1,,,0.982499838,0.017500162,
427,1761738529.716500,1761738529.700500,16,-19407.1,-323.45,390,399,-10,-1,,,1.003000021,-0.003000021,
428,1761738530.716000,1761738530.703500,12.5,-19406.1,-323.44,393,398,-7,-2,,,1.008000135,-0.008000135,
429,1761738531.726500,1761738531.706500,20,-19405.1,-323.42,390,397,-10,-3,,,0.999500036,0.000499964,
430,1761738532.722000,1761738532.704500,17.5,-19404.1,-323.4,393,400,-7,0,,,1.010499954,-0.010499954,
431,1761738533.707000,1761738533.707000,0,-19403.1,-323.39,392,397,-8,-3,,,0.995499849,0.004500151,
432,1761738534.711500,1761738534.703500,8,-19402.1,-323.37,392,400,-8,0,,,0.985000134,0.014999866,
433,1761738535.714500,1761738535.708000,6.5,-19401.1,-323.35,393,398,-7,-2,,,1.004499912,-0.004499912,
434,1761738536.721500,1761738536.709000,12.5,-19400.1,-323.34,392,397,-8,-3,,,1.003000021,-0.003000021,
435,1761738537.722000,1761738537.708500,13.5,-19399.1,-323.32,393,397,-7,-3,,,1.006999969,-0.006999969,
436,1761738538.724000,1761738538.703000,21,-19398.1,-323.3,393,400,-7,0,,,1.000499964,-0.000499964,
437,1761738539.709000,1761738539.705500,3.5,-19397.1,-323.29,394,397,-6,-3,,,1.002000093,-0.002000093,
438,1761738540.713000,1761738540.705000,8,-19396.1,-323.27,393,399,-7,-1,,,0.985000134,0.014999866,
439,1761738541.716000,1761738541.708500,7.5,-19395.1,-323.25,393,398,-7,-2,,,1.003999949,-0.003999949,
440,1761738542.720500,1761738542.708000,12.5,-19394.1,-323.24,393,398,-7,-2,,,1.003000021,-0.003000021,
441,1761738543.723500,1761738543.710000,13.5,-19393.1,-323.22,394,397,-6,-3,,,1.004499912,-0.004499912,
442,1761738544.728000,1761738544.705000,23,-19392.1,-323.2,393,400,-7,0,,,1.003000021,-0.003000021,
443,1761738545.713000,1761738545.709500,3.5,-19391.1,-323.19,390,398,-10,-2,,,1.004499912,-0.004499912,
444,1761738546.715500,1761738546.708000,7.5,-19390.1,-323.17,391,399,-9,-1,,,0.985000134,0.014999866,
445,1761738547.721000,1761738547.710000,11,-19389.1,-323.15,391,398,-9,-2,,,1.002500057,-0.002500057,
446,1761738548.726500,1761738548.712000,14.5,-19388.1,-323.14,390,398,-10,-2,,,1.00549984,-0.00549984,
447,1761738549.727000,1761738549.711500,15.5,-19387.1,-323.12,393,398,-7,-2,,,1.005500078,-0.005500078,
448,1761738550.733500,1761738550.709000,24.5,-19386.1,-323.1,392,399,-8,-1,,,1.000499964,-0.000499964,
449,1761738551.716000,1761738551.709500,6.5,-19385.1,-323.09,394,398,-6,-2,,,1.006500006,-0.006500006,
450,1761738552.718000,1761738552.711500,6.5,-19384.1,-323.07,394,398,-6,-2,,,0.982500076,0.017499924,
451,1761738553.722500,1761738553.716000,6.5,-19383.1,-323.05,391,397,-9,-3,,,1.001999855,-0.001999855,
452,1761738554.727000,1761738554.711500,15.5,-19382.1,-323.04,391,398,-9,-2,,,1.004500151,-0.004500151,
453,1761738555.730000,1761738555.712000,18,-19381.1,-323.02,393,398,-7,-2,,,1.004499912,-0.004499912,
454,1761738556.740500,1761738556.709500,31,-19380.1,-323,391,399,-9,-1,,,1.003000021,-0.003000021,
455,1761738557.720500,1761738557.714000,6.5,-19379.1,-322.99,392,398,-8,-2,,,1.010499954,-0.010499954,
456,1761738558.719000,1761738558.716000,3,-19378.1,-322.97,392,397,-8,-3,,,0.980000019,0.019999981,
457,1761738559.726000,1761738559.715500,10.5,-19377.1,-322.95,391,398,-9,-2,,,0.998500109,0.001499891,
458,1761738560.730500,1761738560.715000,15.5,-19376.1,-322.94,391,398,-9,-2,,,1.006999969,-0.006999969,
459,1761738561.733500,1761738561.718000,15.5,-19375.1,-322.92,392,397,-8,-3,,,1.004499912,-0.004499912,
460,1761738562.738000,1761738562.713000,25,-19374.1,-322.9,392,398,-8,-2,,,1.003000021,-0.003000021,
461,1761738563.720500,1761738563.715000,5.5,-19373.1,-322.89,392,398,-8,-2,,,1.004499912,-0.004499912,
462,1761738564.721500,1761738564.717000,4.5,-19372.1,-322.87,391,398,-9,-2,,,0.982500076,0.017499924,
463,1761738565.729500,1761738565.716500,13,-19371.1,-322.85,393,399,-7,-1,,,1.000999928,-0.000999928,
464,1761738566.733500,1761738566.721000,12.5,-19370.1,-322.84,391,397,-9,-3,,,1.008000135,-0.008000135,
465,1761738567.735500,1761738567.720500,15,-19369.1,-322.82,392,398,-8,-2,,,1.003999949,-0.003999949,
466,1761738568.737500,1761738568.718000,19.5,-19368.1,-322.8,392,397,-8,-3,,,1.002000093,-0.002000093,
467,1761738569.720000,1761738569.717500,2.5,-19367.1,-322.79,394,398,-6,-2,,,1.001999855,-0.001999855,
468,1761738570.727000,1761738570.719500,7.5,-19366.1,-322.77,391,397,-9,-3,,,0.982500076,0.017499924,
469,1761738571.729000,1761738571.719000,10,-19365.1,-322.75,393,397,-7,-3,,,1.006999969,-0.006999969,
470,1761738572.731000,1761738572.722000,9,-19364.1,-322.74,393,397,-7,-3,,,1.002000093,-0.002000093,
471,1761738573.736500,1761738573.719000,17.5,-19363.1,-322.72,393,398,-7,-2,,,1.001999855,-0.001999855,
472,1761738574.741000,1761738574.716500,24.5,-19362.1,-322.7,392,399,-8,-1,,,1.005500078,-0.005500078,
473,1761738575.723500,1761738575.723500,0,-19361.1,-322.69,392,397,-8,-3,,,1.004499912,-0.004499912,
474,1761738576.729000,1761738576.723000,6,-19360.1,-322.67,393,397,-7,-3,,,0.982500076,0.017499924,
475,1761738577.733500,1761738577.726000,7.5,-19359.1,-322.65,393,396,-7,-4,,,1.005500078,-0.005500078,
476,1761738578.738000,1761738578.722000,16,-19358.1,-322.64,391,397,-9,-3,,,1.004499912,-0.004499912,
477,1761738579.740000,1761738579.716500,23.5,-19357.1,-322.62,393,400,-7,0,,,1.004499912,-0.004499912,
478,1761738580.744500,1761738580.719000,25.5,-19356.1,-322.6,391,400,-9,0,,,1.002000093,-0.002000093,
479,1761738581.724500,1761738581.721000,3.5,-19355.1,-322.59,391,398,-9,-2,,,1.004499912,-0.004499912,
480,1761738582.729000,1761738582.725500,3.5,-19354.1,-322.57,393,397,-7,-3,,,0.980000019,0.019999981,
481,1761738583.733500,1761738583.725000,8.5,-19353.1,-322.55,392,397,-8,-3,,,1.004500151,-0.004500151,
482,1761738584.738000,1761738584.724500,13.5,-19352.1,-322.54,392,397,-8,-3,,,1.004499912,-0.004499912,
483,1761738585.742500,1761738585.721500,21,-19351.1,-322.52,393,398,-7,-2,,,1.004499912,-0.004499912,
484,1761738586.738000,1761738586.719000,19,-19350.1,-322.5,395,400,-5,0,,,1.004500151,-0.004500151,
485,1761738587.728000,1761738587.723500,4.5,-19349.1,-322.49,394,399,-6,-1,,,0.995499849,0.004500151,
486,1761738588.729000,1761738588.722000,7,-19348.1,-322.47,395,400,-5,0,,,0.99000001,0.00999999,
487,1761738589.735000,1761738589.724000,11,-19347.1,-322.45,394,399,-6,-1,,,1.001000166,-0.001000166,
488,1761738590.737000,1761738590.718500,18.5,-19346.1,-322.44,394,400,-6,0,,,1.005999804,-0.005999804,
489,1761738591.745500,1761738591.721000,24.5,-19345.1,-322.42,392,400,-8,0,,,1.002000093,-0.002000093,
490,1761738592.728000,1761738592.725500,2.5,-19344.1,-322.4,391,399,-9,-1,,,1.008500099,-0.008500099,
491,1761738593.732500,1761738593.730000,2.5,-19343.1,-322.39,392,397,-8,-3,,,0.982499838,0.017500162,
492,1761738594.738000,1761738594.728000,10,-19342.1,-322.37,390,397,-10,-3,,,1.004500151,-0.004500151,
493,1761738595.743500,1761738595.730000,13.5,-19341.1,-322.35,393,397,-7,-3,,,1.00549984,-0.00549984,
494,1761738596.742000,1761738596.729500,12.5,-19340.1,-322.34,393,397,-7,-3,,,1.005500078,-0.005500078,
495,1761738597.744000,1761738597.724500,19.5,-19339.1,-322.32,393,399,-7,-1,,,0.998500109,0.001499891,
496,1761738598.729000,1761738598.725500,3.5,-19338.1,-322.3,392,399,-8,-1,,,1.001999855,-0.001999855,
497,1761738599.733500,1761738599.727500,6,-19337.1,-322.29,392,399,-8,-1,,,0.985000134,0.014999866,
498,1761738600.738000,1761738600.732000,6,-19336.1,-322.27,392,397,-8,-3,,,1.004499912,-0.004499912,
499,1761738601.742500,1761738601.731500,11,-19335.1,-322.25,393,397,-7,-3,,,1.004499912,-0.004499912,
500,1761738602.744500,1761738602.727500,17,-19334.1,-322.24,393,398,-7,-2,,,1.004500151,-0.004500151,
501,1761738603.750500,1761738603.725000,25.5,-19333.1,-322.22,392,401,-8,1,,,1.001999855,-0.001999855,
502,1761738604.733000,1761738604.734500,1.5,-19332.1,-322.2,394,397,-6,-3,,,1.006000042,-0.006000042,
503,1761738605.738500,1761738605.736500,2,-19331.1,-322.19,393,396,-7,-4,,,0.982500076,0.017499924,
504,1761738606.743000,1761738606.738500,4.5,-19330.1,-322.17,392,395,-8,-5,,,1.005500078,-0.005500078,
505,1761738607.746000,1761738607.733000,13,-19329.1,-322.15,393,397,-7,-3,,,1.004499912,-0.004499912,
506,1761738608.748000,1761738608.728500,19.5,-19328.1,-322.14,392,399,-8,-1,,,1.003000021,-0.003000021,
507,1761738609.747500,1761738609.728500,19,-19327.1,-322.12,394,399,-6,-1,,,1.001999855,-0.001999855,
508,1761738610.735000,1761738610.734000,1,-19326.1,-322.1,393,397,-7,-3,,,0.999500036,0.000499964,
509,1761738611.735500,1761738611.732500,3,-19325.1,-322.09,392,397,-8,-3,,,0.987499952,0.012500048,
510,1761738612.742500,1761738612.732000,10.5,-19324.1,-322.07,393,398,-7,-2,,,1.000500202,-0.000500202,
511,1761738613.748500,1761738613.732500,16,-19323.1,-322.05,393,398,-7,-2,,,1.006999969,-0.006999969,
512,1761738614.749000,1761738614.735500,13.5,-19322.1,-322.04,393,397,-7,-3,,,1.006000042,-0.006000042,
513,1761738615.754500,1761738615.730500,24,-19321.1,-322.02,391,399,-9,-1,,,1.000499964,-0.000499964,
514,1761738616.734500,1761738616.734000,0.5,-19320.1,-322,393,398,-7,-2,,,1.00549984,-0.00549984,
515,1761738617.740500,1761738617.733500,7,-19319.1,-321.99,394,399,-6,-1,,,0.980000019,0.019999981,
516,1761738618.745000,1761738618.735500,9.5,-19318.1,-321.97,391,398,-9,-2,,,1.006000042,-0.006000042,
517,1761738619.752000,1761738619.740000,12,-19317.1,-321.95,392,397,-8,-3,,,1.004499912,-0.004499912,
518,1761738620.751500,1761738620.737000,14.5,-19316.1,-321.94,393,397,-7,-3,,,1.007000208,-0.007000208,
519,1761738621.756000,1761738621.732000,24,-19315.1,-321.92,392,400,-8,0,,,0.999499798,0.000500202,
520,1761738622.738500,1761738622.736500,2,-19314.1,-321.9,391,398,-9,-2,,,1.004500151,-0.004500151,
521,1761738623.745500,1761738623.736000,9.5,-19313.1,-321.89,392,399,-8,-1,,,0.982500076,0.017499924,
522,1761738624.750000,1761738624.738000,12,-19312.1,-321.87,390,398,-10,-2,,,1.006999969,-0.006999969,
523,1761738625.753000,1761738625.737500,15.5,-19311.1,-321.85,391,398,-9,-2,,,1.004499912,-0.004499912,
524,1761738626.761000,1761738626.739500,21.5,-19310.1,-321.83,391,397,-9,-3,,,1.003000021,-0.003000021,
525,1761738627.760500,1761738627.734500,26,-19309.1,-321.82,391,400,-9,0,,,1.007999897,-0.007999897,
526,1761738628.740500,1761738628.737500,3,-19308.1,-321.8,392,397,-8,-3,,,0.999500036,0.000499964,
527,1761738629.746000,1761738629.739500,6.5,-19307.1,-321.79,390,397,-10,-3,,,0.980000019,0.019999981,
528,1761738630.749000,1761738630.740000,9,-19306.1,-321.77,392,398,-8,-2,,,1.005500078,-0.005500078,
529,1761738631.756000,1761738631.739500,16.5,-19305.1,-321.75,391,397,-9,-3,,,1.003000021,-0.003000021,
530,1761738632.761500,1761738632.736500,25,-19304.1,-321.73,391,398,-9,-2,,,1.006999969,-0.006999969,
531,1761738633.758500,1761738633.734000,24.5,-19303.1,-321.72,393,401,-7,1,,,1.00549984,-0.00549984,
532,1761738634.743500,1761738634.742000,1.5,-19302.1,-321.7,391,398,-9,-2,,,0.997000217,0.002999783,
533,1761738635.749000,1761738635.741500,7.5,-19301.1,-321.69,392,397,-8,-3,,,0.984999895,0.015000105,
534,1761738636.754500,1761738636.739500,15,-19300.1,-321.67,391,397,-9,-3,,,1.005500078,-0.005500078,
535,1761738637.757500,1761738637.739000,18.5,-19299.1,-321.65,391,399,-9,-1,,,1.00549984,-0.00549984,
536,1761738638.764000,1761738638.740000,24,-19298.1,-321.63,391,398,-9,-2,,,1.003000021,-0.003000021,
537,1761738639.762000,1761738639.737500,24.5,-19297.1,-321.62,393,399,-7,-1,,,1.006500006,-0.006500006,
538,1761738640.747000,1761738640.744500,2.5,-19296.1,-321.6,392,397,-8,-3,,,0.998000145,0.001999855,
539,1761738641.751500,1761738641.744000,7.5,-19295.1,-321.59,391,397,-9,-3,,,0.984999895,0.015000105,
540,1761738642.757000,1761738642.741000,16,-19294.1,-321.57,390,398,-10,-2,,,1.004499912,-0.004499912,
541,1761738643.759000,1761738643.741500,17.5,-19293.1,-321.55,392,398,-8,-2,,,1.005500078,-0.005500078,
542,1761738644.766000,1761738644.744500,21.5,-19292.1,-321.53,390,397,-10,-3,,,1.002000093,-0.002000093,
543,1761738645.759000,1761738645.739500,19.5,-19291.1,-321.52,394,399,-6,-1,,,1.006999969,-0.006999969,
544,1761738646.746500,1761738646.741500,5,-19290.1,-321.5,391,399,-9,-1,,,0.993000031,0.006999969,
545,1761738647.753000,1761738647.746000,7,-19289.1,-321.49,391,397,-9,-3,,,0.987499952,0.012500048,
546,1761738648.760000,1761738648.743000,17,-19288.1,-321.47,389,399,-11,-1,,,1.006500006,-0.006500006,
547,1761738649.764500,1761738649.745000,19.5,-19287.1,-321.45,391,398,-9,-2,,,1.006999969,-0.006999969,
548,1761738650.769000,1761738650.747000,22,-19286.1,-321.43,391,397,-9,-3,,,1.004499912,-0.004499912,
549,1761738651.771000,1761738651.742000,29,-19285.1,-321.42,391,399,-9,-1,,,1.004500151,-0.004500151,
550,1761738652.751000,1761738652.747500,3.5,-19284.1,-321.4,391,398,-9,-2,,,1.001999855,-0.001999855,
551,1761738653.758000,1761738653.750500,7.5,-19283.1,-321.38,390,397,-10,-3,,,0.980000019,0.019999981,
552,1761738654.758500,1761738654.748500,10,-19282.1,-321.37,393,397,-7,-3,,,1.006999969,-0.006999969,
553,1761738655.763000,1761738655.748000,15,-19281.1,-321.35,391,397,-9,-3,,,1.000500202,-0.000500202,
554,1761738656.769500,1761738656.743500,26,-19280.1,-321.33,392,399,-8,-1,,,1.004499912,-0.004499912,
555,1761738657.774000,1761738657.743500,30.5,-19279.1,-321.32,391,398,-9,-2,,,1.006500006,-0.006500006,
556,1761738658.754000,1761738658.745500,8.5,-19278.1,-321.3,394,400,-6,0,,,1.004499912,-0.004499912,
557,1761738659.758500,1761738659.753500,5,-19277.1,-321.28,391,396,-9,-4,,,0.980000019,0.019999981,
558,1761738660.761500,1761738660.749500,12,-19276.1,-321.27,392,398,-8,-2,,,1.004500151,-0.004500151,
559,1761738661.767000,1761738661.754000,13,-19275.1,-321.25,393,397,-7,-3,,,1.002999783,-0.002999783,
560,1761738662.766500,1761738662.751000,15.5,-19274.1,-321.23,393,398,-7,-2,,,1.005500078,-0.005500078,
561,1761738663.769500,1761738663.748500,21,-19273.1,-321.22,393,398,-7,-2,,,0.999500036,0.000499964,
562,1761738664.754500,1761738664.755500,1,-19272.1,-321.2,393,396,-7,-4,,,1.003000021,-0.003000021,
563,1761738665.765000,1761738665.755000,10,-19271.1,-321.18,390,397,-10,-3,,,0.984999895,0.015000105,
564,1761738666.764500,1761738666.754500,10,-19270.1,-321.17,393,397,-7,-3,,,1.010500193,-0.010500193,
565,1761738667.765500,1761738667.750500,15,-19269.1,-321.15,393,399,-7,-1,,,0.999499798,0.000500202,
566,1761738668.771500,1761738668.752500,19,-19268.1,-321.13,393,398,-7,-2,,,1.001000166,-0.001000166,
567,1761738669.777000,1761738669.750000,27,-19267.1,-321.12,392,399,-8,-1,,,1.006000042,-0.006000042,
568,1761738670.759500,1761738670.758000,1.5,-19266.1,-321.1,391,396,-9,-4,,,1.00549984,-0.00549984,
569,1761738671.764000,1761738671.755000,9,-19265.1,-321.08,391,398,-9,-2,,,0.982500076,0.017499924,
570,1761738672.771000,1761738672.754500,16.5,-19264.1,-321.07,390,398,-10,-2,,,1.004499912,-0.004499912,
571,1761738673.776500,1761738673.752500,24,-19263.1,-321.05,390,399,-10,-1,,,1.006999969,-0.006999969,
572,1761738674.778500,1761738674.753000,25.5,-19262.1,-321.03,391,399,-9,-1,,,1.005500078,-0.005500078,
573,1761738675.776500,1761738675.753000,23.5,-19261.1,-321.02,393,399,-7,-1,,,1.002000093,-0.002000093,
574,1761738676.761500,1761738676.755000,6.5,-19260.1,-321,392,398,-8,-2,,,0.997999907,0.002000093,
575,1761738677.766000,1761738677.754500,11.5,-19259.1,-320.98,391,399,-9,-1,,,0.984999895,0.015000105,
576,1761738678.770500,1761738678.756500,14,-19258.1,-320.97,392,398,-8,-2,,,1.004500151,-0.004500151,
577,1761738679.773500,1761738679.758500,15,-19257.1,-320.95,392,397,-8,-3,,,1.004499912,-0.004499912,
578,1761738680.778000,1761738680.758000,20,-19256.1,-320.93,391,399,-9,-1,,,1.003000021,-0.003000021,
579,1761738681.778500,1761738681.758000,20.5,-19255.1,-320.92,395,397,-5,-3,,,1.004500151,-0.004500151,
580,1761738682.768500,1761738682.759000,9.5,-19254.1,-320.9,392,400,-8,0,,,1.000499964,-0.000499964,
581,1761738683.773000,1761738683.763500,9.5,-19253.1,-320.88,392,398,-8,-2,,,0.99000001,0.00999999,
582,1761738684.777500,1761738684.765500,12,-19252.1,-320.87,391,397,-9,-3,,,1.004499912,-0.004499912,
583,1761738685.784500,1761738685.765000,19.5,-19251.1,-320.85,390,397,-10,-3,,,1.004499912,-0.004499912,
584,1761738686.776500,1761738686.764500,12,-19250.1,-320.83,394,399,-6,-1,,,1.006999969,-0.006999969,
585,1761738687.764000,1761738687.764500,0.5,-19249.1,-320.82,394,398,-6,-2,,,0.992000103,0.007999897,
586,1761738688.768500,1761738688.764000,4.5,-19248.1,-320.8,392,398,-8,-2,,,0.987499952,0.012500048,
587,1761738689.778000,1761738689.766000,12,-19247.1,-320.78,390,398,-10,-2,,,1.004500151,-0.004500151,
588,1761738690.780000,1761738690.765500,14.5,-19246.1,-320.77,392,398,-8,-2,,,1.009500027,-0.009500027,
589,1761738691.782000,1761738691.767500,14.5,-19245.1,-320.75,392,397,-8,-3,,,1.001999855,-0.001999855,
590,1761738692.787500,1761738692.762000,25.5,-19244.1,-320.73,391,400,-9,0,,,1.002000093,-0.002000093,
591,1761738693.767500,1761738693.764500,3,-19243.1,-320.72,392,399,-8,-1,,,1.00549984,-0.00549984,
592,1761738694.771000,1761738694.769000,2,-19242.1,-320.7,392,396,-8,-4,,,0.980000019,0.019999981,
593,1761738695.778000,1761738695.769500,8.5,-19241.1,-320.68,391,397,-9,-3,,,1.003499985,-0.003499985,
594,1761738696.780000,1761738696.770000,10,-19240.1,-320.67,392,397,-8,-3,,,1.007000208,-0.007000208,
595,1761738697.787000,1761738697.768500,18.5,-19239.1,-320.65,392,397,-8,-3,,,1.001999855,-0.001999855,
596,1761738698.788000,1761738698.765500,22.5,-19238.1,-320.63,392,400,-8,0,,,1.006999969,-0.006999969,
597,1761738699.770500,1761738699.768000,2.5,-19237.1,-320.62,392,398,-8,-2,,,1.001000166,-0.001000166,
598,1761738700.773500,1761738700.768500,5,-19236.1,-320.6,391,398,-9,-2,,,0.982499838,0.017500162,
599,1761738701.779000,1761738701.771500,7.5,-19235.1,-320.58,392,397,-8,-3,,,1.003000021,-0.003000021,
600,1761738702.782500,1761738702.774500,8,-19234.1,-320.57,391,396,-9,-4,,,1.005500078,-0.005500078,
601,1761738703.787000,1761738703.766500,20.5,-19233.1,-320.55,392,399,-8,-1,,,1.003499985,-0.003499985,
602,1761738704.784000,1761738704.766500,17.5,-19232.1,-320.53,394,400,-6,0,,,1.004499912,-0.004499912,
603,1761738705.771500,1761738705.767500,4,-19231.1,-320.52,395,399,-5,-1,,,0.996999979,0.003000021,
604,1761738706.776000,1761738706.767000,9,-19230.1,-320.5,396,400,-4,0,,,0.987500191,0.012499809,
605,1761738707.777000,1761738707.769000,8,-19229.1,-320.48,395,400,-5,0,,,1.004499912,-0.004499912,
606,1761738708.781500,1761738708.765000,16.5,-19228.1,-320.47,395,400,-5,0,,,1.000999928,-0.000999928,
607,1761738709.788500,1761738709.767500,21,-19227.1,-320.45,393,400,-7,0,,,1.004500151,-0.004500151,
608,1761738710.773500,1761738710.775500,2,-19226.1,-320.43,391,397,-9,-3,,,1.006999969,-0.006999969,
609,1761738711.780500,1761738711.776500,4,-19225.1,-320.42,391,396,-9,-4,,,0.984999895,0.015000105,
610,1761738712.786500,1761738712.773500,13,-19224.1,-320.4,389,397,-11,-3,,,1.006999969,-0.006999969,
611,1761738713.789500,1761738713.773000,16.5,-19223.1,-320.38,390,398,-10,-2,,,1.006000042,-0.006000042,
612,1761738714.793500,1761738714.770000,23.5,-19222.1,-320.37,391,399,-9,-1,,,1.003000021,-0.003000021,
613,1761738715.799000,1761738715.770000,29,-19221.1,-320.35,390,399,-10,-1,,,1.003999949,-0.003999949,
614,1761738716.776500,1761738716.776000,0.5,-19220.1,-320.33,391,397,-9,-3,,,1.005500078,-0.005500078,
615,1761738717.782000,1761738717.775500,6.5,-19219.1,-320.32,391,397,-9,-3,,,0.977499962,0.022500038,
616,1761738718.786000,1761738718.772500,13.5,-19218.1,-320.3,391,398,-9,-2,,,1.005500078,-0.005500078,
617,1761738719.789000,1761738719.777000,12,-19217.1,-320.28,391,397,-9,-3,,,1.003999949,-0.003999949,
618,1761738720.796000,1761738720.774000,22,-19216.1,-320.27,391,399,-9,-1,,,1.003000021,-0.003000021,
619,1761738721.795000,1761738721.774000,21,-19215.1,-320.25,391,399,-9,-1,,,1.006999969,-0.006999969,
620,1761738722.775000,1761738722.776000,1,-19214.1,-320.23,393,398,-7,-2,,,0.999000072,0.000999928,
621,1761738723.780500,1761738723.774500,6,-19213.1,-320.22,392,398,-8,-2,,,0.980000019,0.019999981,
622,1761738724.787000,1761738724.779000,8,-19212.1,-320.2,393,396,-7,-4,,,1.00549984,-0.00549984,
623,1761738725.792500,1761738725.778500,14,-19211.1,-320.18,392,397,-8,-3,,,1.006500006,-0.006500006,
624,1761738726.794500,1761738726.772500,22,-19210.1,-320.17,393,399,-7,-1,,,1.005500078,-0.005500078,
625,1761738727.795000,1761738727.772500,22.5,-19209.1,-320.15,392,400,-8,0,,,1.002000093,-0.002000093,
626,1761738728.777500,1761738728.778500,1,-19208.1,-320.13,393,398,-7,-2,,,1.000499964,-0.000499964,
627,1761738729.785500,1761738729.783000,2.5,-19207.1,-320.12,390,395,-10,-5,,,0.982499838,0.017500162,
628,1761738730.791000,1761738730.780000,11,-19206.1,-320.1,391,397,-9,-3,,,1.008000135,-0.008000135,
629,1761738731.795500,1761738731.779500,16,-19205.1,-320.08,391,397,-9,-3,,,1.00549984,-0.00549984,
630,1761738732.798500,1761738732.777500,21,-19204.1,-320.07,392,398,-8,-2,,,1.004500151,-0.004500151,
631,1761738733.797000,1761738733.775000,22,-19203.1,-320.05,392,399,-8,-1,,,1.003000021,-0.003000021,
632,1761738734.779500,1761738734.778000,1.5,-19202.1,-320.03,392,399,-8,-1,,,0.99849987,0.00150013,
633,1761738735.784000,1761738735.783500,0.5,-19201.1,-320.02,392,397,-8,-3,,,0.982500076,0.017499924,
634,1761738736.794500,1761738736.782000,12.5,-19200.1,-320,391,397,-9,-3,,,1.004499912,-0.004499912,
635,1761738737.796500,1761738737.780000,16.5,-19199.1,-319.98,392,398,-8,-2,,,1.010500193,-0.010500193,
636,1761738738.798000,1761738738.779500,18.5,-19198.1,-319.97,393,399,-7,-1,,,1.001999855,-0.001999855,
637,1761738739.802500,1761738739.779500,23,-19197.1,-319.95,392,398,-8,-2,,,1.00150013,-0.00150013,
638,1761738740.785000,1761738740.782500,2.5,-19196.1,-319.93,392,398,-8,-2,,,1.004499912,-0.004499912,
639,1761738741.787000,1761738741.782000,5,-19195.1,-319.92,393,398,-7,-2,,,0.982500076,0.017499924,
640,1761738742.796500,1761738742.784000,12.5,-19194.1,-319.9,392,398,-8,-2,,,1.001999855,-0.001999855,
641,1761738743.798000,1761738743.786000,12,-19193.1,-319.88,394,397,-6,-3,,,1.009500027,-0.009500027,
642,1761738744.803500,1761738744.785500,18,-19192.1,-319.87,392,397,-8,-3,,,1.00150013,-0.00150013,
643,1761738745.803000,1761738745.780500,22.5,-19191.1,-319.85,393,400,-7,0,,,1.00549984,-0.00549984,
644,1761738746.788000,1761738746.787500,0.5,-19190.1,-319.83,393,397,-7,-3,,,0.999500036,0.000499964,
645,1761738747.792500,1761738747.789500,3,-19189.1,-319.82,393,396,-7,-4,,,0.985000134,0.014999866,
646,1761738748.798000,1761738748.786500,11.5,-19188.1,-319.8,392,397,-8,-3,,,1.004499912,-0.004499912,
647,1761738749.802500,1761738749.787000,15.5,-19187.1,-319.78,392,398,-8,-2,,,1.005500078,-0.005500078,
648,1761738750.805500,1761738750.789000,16.5,-19186,-319.77,392,397,-8,-3,,,1.004499912,-0.004499912,
649,1761738751.811500,1761738751.784000,27.5,-19185,-319.75,391,399,-9,-1,,,1.003000021,-0.003000021,
650,1761738752.791500,1761738752.789500,2,-19184.1,-319.73,390,397,-10,-3,,,1.006000042,-0.006000042,
651,1761738753.794500,1761738753.789000,5.5,-19183.1,-319.72,393,397,-7,-3,,,0.980000019,0.019999981,
652,1761738754.799000,1761738754.788500,10.5,-19182.1,-319.7,392,398,-8,-2,,,1.003000021,-0.003000021,
653,1761738755.807000,1761738755.789500,17.5,-19181,-319.68,391,398,-9,-2,,,1.004499912,-0.004499912,
654,1761738756.814000,1761738756.790000,24,-19180,-319.67,389,398,-11,-2,,,1.007999897,-0.007999897,
655,1761738757.814500,1761738757.787500,27,-19179,-319.65,390,399,-10,-1,,,1.006999969,-0.006999969,
656,1761738758.792000,1761738758.791000,1,-19178.1,-319.63,391,397,-9,-3,,,1.000500202,-0.000500202,
657,1761738759.801000,1761738759.788000,13,-19177.1,-319.62,390,398,-10,-2,,,0.977499962,0.022500038,
658,1761738760.802500,1761738760.792500,10,-19176.1,-319.6,391,397,-9,-3,,,1.009000063,-0.009000063,
659,1761738761.804500,1761738761.790500,14,-19175,-319.58,391,397,-9,-3,,,1.001499891,-0.001499891,
660,1761738762.807500,1761738762.790000,17.5,-19174,-319.57,393,397,-7,-3,,,1.002000093,-0.002000093,
661,1761738763.812000,1761738763.785000,27,-19173,-319.55,392,401,-8,1,,,1.002999783,-0.002999783,
662,1761738764.794500,1761738764.793000,1.5,-19172.1,-319.53,392,397,-8,-3,,,1.004500151,-0.004500151,
663,1761738765.800000,1761738765.792500,7.5,-19171.1,-319.52,391,397,-9,-3,,,0.982500076,0.017499924,
664,1761738766.802000,1761738766.792000,10,-19170.1,-319.5,392,398,-8,-2,,,1.00549984,-0.00549984,
665,1761738767.809000,1761738767.795000,14,-19169,-319.48,392,398,-8,-2,,,1.002000093,-0.002000093,
666,1761738768.812000,1761738768.794500,17.5,-19168,-319.47,393,397,-7,-3,,,1.006999969,-0.006999969,
667,1761738769.811500,1761738769.789500,22,-19167,-319.45,393,400,-7,0,,,1.003000021,-0.003000021,
668,1761738770.796500,1761738770.794000,2.5,-19166.1,-319.43,391,398,-9,-2,,,0.999500036,0.000499964,
669,1761738771.798500,1761738771.797000,1.5,-19165.1,-319.42,393,397,-7,-3,,,0.984999895,0.015000105,
670,1761738772.808000,1761738772.796000,12,-19164,-319.4,390,398,-10,-2,,,1.002000093,-0.002000093,
671,1761738773.812500,1761738773.795500,17,-19163,-319.38,391,398,-9,-2,,,1.009500027,-0.009500027,
672,1761738774.810500,1761738774.793500,17,-19162,-319.37,393,399,-7,-1,,,1.004499912,-0.004499912,
673,1761738775.814500,1761738775.793500,21,-19161,-319.35,393,399,-7,-1,,,0.997999907,0.002000093,
674,1761738776.799500,1761738776.804000,4.5,-19160.1,-319.33,393,395,-7,-5,,,1.004000187,-0.004000187,
675,1761738777.803500,1761738777.797000,6.5,-19159.1,-319.32,392,397,-8,-3,,,0.984999895,0.015000105,
676,1761738778.811500,1761738778.794000,17.5,-19158,-319.3,392,400,-8,0,,,1.003999949,-0.003999949,
677,1761738779.817000,1761738779.798500,18.5,-19157,-319.28,390,398,-10,-2,,,1.008000135,-0.008000135,
678,1761738780.821000,1761738780.796500,24.5,-19156,-319.27,391,398,-9,-2,,,1.00549984,-0.00549984,
679,1761738781.824500,1761738781.794000,30.5,-19155,-319.25,391,400,-9,0,,,1.004000187,-0.004000187,
680,1761738782.804500,1761738782.796000,8.5,-19154,-319.23,391,398,-9,-2,,,1.003499985,-0.003499985,
681,1761738783.803500,1761738783.800000,3.5,-19153.1,-319.22,393,397,-7,-3,,,0.980000019,0.019999981,
682,1761738784.814000,1761738784.798500,15.5,-19152,-319.2,390,397,-10,-3,,,0.998999834,0.001000166,
683,1761738785.814500,1761738785.801500,13,-19151,-319.18,393,397,-7,-3,,,1.010499954,-0.010499954,
684,1761738786.821500,1761738786.796000,25.5,-19150,-319.17,392,399,-8,-1,,,1.000500202,-0.000500202,
685,1761738787.826000,1761738787.796000,30,-19149,-319.15,391,398,-9,-2,,,1.006999969,-0.006999969,
686,1761738788.806000,1761738788.798000,8,-19148,-319.13,391,400,-9,0,,,1.004499912,-0.004499912,
687,1761738789.811500,1761738789.805000,6.5,-19147,-319.12,393,397,-7,-3,,,0.980000019,0.019999981,
688,1761738790.814500,1761738790.804500,10,-19146,-319.1,392,397,-8,-3,,,1.005500078,-0.005500078,
689,1761738791.819000,1761738791.805500,13.5,-19145,-319.08,393,396,-7,-4,,,1.003000021,-0.003000021,
690,1761738792.821000,1761738792.797500,23.5,-19144,-319.07,393,400,-7,0,,,1.004499912,-0.004499912,
691,1761738793.825000,1761738793.800000,25,-19143,-319.05,393,400,-7,0,,,1.002000093,-0.002000093,
692,1761738794.810000,1761738794.807000,3,-19142,-319.03,392,397,-8,-3,,,1.003999949,-0.003999949,
693,1761738795.814500,1761738795.806500,8,-19141,-319.02,391,396,-9,-4,,,0.984999895,0.015000105,
694,1761738796.820000,1761738796.806000,14,-19140,-319,390,397,-10,-3,,,1.004500151,-0.004500151,
695,1761738797.824500,1761738797.809000,15.5,-19139,-318.98,391,397,-9,-3,,,1.00549984,-0.00549984,
696,1761738798.826500,1761738798.804500,22,-19138,-318.97,391,398,-9,-2,,,1.004500151,-0.004500151,
697,1761738799.826000,1761738799.802000,24,-19137,-318.95,394,400,-6,0,,,1.001999855,-0.001999855,
698,1761738800.813500,1761738800.806500,7,-19136,-318.93,391,398,-9,-2,,,0.999500036,0.000499964,
699,1761738801.816000,1761738801.806000,10,-19135,-318.92,392,397,-8,-3,,,0.987499952,0.012500048,
700,1761738802.823000,1761738802.805500,17.5,-19134,-318.9,391,399,-9,-1,,,1.002500057,-0.002500057,
701,1761738803.828500,1761738803.807500,21,-19133,-318.88,391,398,-9,-2,,,1.006999969,-0.006999969,
702,1761738804.830500,1761738804.805500,25,-19132,-318.87,391,400,-9,0,,,1.005500078,-0.005500078,
703,1761738805.810500,1761738805.808000,2.5,-19131,-318.85,390,398,-10,-2,,,1.001999855,-0.001999855,
704,1761738806.816000,1761738806.807500,8.5,-19130,-318.83,392,398,-8,-2,,,0.980000019,0.019999981,
705,1761738807.820500,1761738807.808000,12.5,-19129,-318.82,391,398,-9,-2,,,1.005500078,-0.005500078,
706,1761738808.823500,1761738808.810000,13.5,-19128,-318.8,392,398,-8,-2,,,1.004499912,-0.004499912,
707,1761738809.829000,1761738809.813000,16,-19127,-318.78,392,397,-8,-3,,,1.003000021,-0.003000021,
708,1761738810.831500,1761738810.812500,19,-19126,-318.77,392,399,-8,-1,,,1.005500078,-0.005500078,
709,1761738811.814000,1761738811.812500,1.5,-19125,-318.75,392,397,-8,-3,,,1.002500057,-0.002500057,
710,1761738812.818500,1761738812.815500,3,-19124,-318.73,392,396,-8,-4,,,0.982499838,0.017500162,
711,1761738813.823500,1761738813.812500,11,-19123,-318.72,390,397,-10,-3,,,1.004500151,-0.004500151,
712,1761738814.826500,1761738814.815500,11,-19122,-318.7,391,397,-9,-3,,,1.004999876,-0.004999876,
713,1761738815.828500,1761738815.818500,10,-19121,-318.68,393,396,-7,-4,,,1.003000021,-0.003000021,
714,1761738816.835500,1761738816.813000,22.5,-19120,-318.67,391,400,-9,0,,,1.002000093,-0.002000093,
715,1761738817.815500,1761738817.815500,0,-19119,-318.65,391,397,-9,-3,,,1.006999969,-0.006999969,
716,1761738818.821000,1761738818.815000,6,-19118,-318.63,391,397,-9,-3,,,0.980000019,0.019999981,
717,1761738819.824000,1761738819.813500,10.5,-19117,-318.62,392,398,-8,-2,,,1.005500078,-0.005500078,
718,1761738820.831000,1761738820.815500,15.5,-19116,-318.6,390,398,-10,-2,,,1.002999783,-0.002999783,
719,1761738821.830500,1761738821.817500,13,-19115,-318.58,392,397,-8,-3,,,1.007000208,-0.007000208,
720,1761738822.834500,1761738822.812000,22.5,-19114,-318.57,392,400,-8,0,,,0.999499798,0.000500202,
721,1761738823.817000,1761738823.814500,2.5,-19113,-318.55,390,398,-10,-2,,,1.004000187,-0.004000187,
722,1761738824.822500,1761738824.814000,8.5,-19112,-318.53,391,398,-9,-2,,,0.982499838,0.017500162,
723,1761738825.829500,1761738825.813000,16.5,-19111,-318.52,392,400,-8,0,,,1.005500078,-0.005500078,
724,1761738826.832500,1761738826.818500,14,-19110,-318.5,391,398,-9,-2,,,1.006999969,-0.006999969,
725,1761738827.835500,1761738827.818000,17.5,-19109,-318.48,391,398,-9,-2,,,1.003000021,-0.003000021,
726,1761738828.837500,1761738828.817500,20,-19108,-318.47,392,400,-8,0,,,1.003000021,-0.003000021,
727,1761738829.820000,1761738829.820000,0,-19107,-318.45,390,397,-10,-3,,,1.002000093,-0.002000093,
728,1761738830.825500,1761738830.819500,6,-19106,-318.43,390,397,-10,-3,,,0.982499838,0.017500162,
729,1761738831.826000,1761738831.818000,8,-19105,-318.42,393,398,-7,-2,,,1.005500078,-0.005500078,
730,1761738832.833000,1761738832.818500,14.5,-19104,-318.4,393,398,-7,-2,,,1.000499964,-0.000499964,
731,1761738833.837500,1761738833.820500,17,-19103,-318.38,392,398,-8,-2,,,1.006999969,-0.006999969,
732,1761738834.838000,1761738834.817500,20.5,-19102,-318.37,393,400,-7,0,,,1.004500151,-0.004500151,
733,1761738835.823000,1761738835.820000,3,-19101,-318.35,391,398,-9,-2,,,1.000499964,-0.000499964,
734,1761738836.827500,1761738836.822000,5.5,-19100,-318.33,394,398,-6,-2,,,0.984999895,0.015000105,
735,1761738837.833000,1761738837.822500,10.5,-19099,-318.32,392,398,-8,-2,,,1.004500151,-0.004500151,
736,1761738838.841000,1761738838.823500,17.5,-19098,-318.3,390,397,-10,-3,,,1.00549984,-0.00549984,
737,1761738839.843000,1761738839.821500,21.5,-19097,-318.28,391,398,-9,-2,,,1.008000135,-0.008000135,
738,1761738840.843500,1761738840.821000,22.5,-19096,-318.27,392,399,-8,-1,,,1.001999855,-0.001999855,
739,1761738841.826000,1761738841.821000,5,-19095,-318.25,391,398,-9,-2,,,1.000499964,-0.000499964,
740,1761738842.828000,1761738842.819500,8.5,-19094,-318.23,393,399,-7,-1,,,0.982500076,0.017499924,
741,1761738843.833500,1761738843.825000,8.5,-19093,-318.22,394,397,-6,-3,,,1.002000093,-0.002000093,
742,1761738844.839000,1761738844.825500,13.5,-19092,-318.2,392,397,-8,-3,,,1.00549984,-0.00549984,
743,1761738845.840500,1761738845.826000,14.5,-19091,-318.18,393,398,-7,-2,,,1.005500078,-0.005500078,
744,1761738846.851000,1761738846.823500,27.5,-19090,-318.17,390,396,-10,-4,,,1.00150013,-0.00150013,
745,1761738847.828500,1761738847.824000,4.5,-19089,-318.15,390,398,-10,-2,,,1.010499954,-0.010499954,
746,1761738848.834000,1761738848.827000,7,-19088,-318.13,390,398,-10,-2,,,0.977499962,0.022500038,
747,1761738849.838500,1761738849.826500,12,-19087,-318.12,392,398,-8,-2,,,1.005500078,-0.005500078,
748,1761738850.843000,1761738850.827500,15.5,-19086,-318.1,391,397,-9,-3,,,1.004499912,-0.004499912,
749,1761738851.851000,1761738851.827000,24,-19085,-318.08,391,397,-9,-3,,,1.004499912,-0.004499912,
750,1761738852.850500,1761738852.822000,28.5,-19084,-318.07,391,399,-9,-1,,,1.008000135,-0.008000135,
751,1761738853.830500,1761738853.826500,4,-19083,-318.05,396,398,-4,-2,,,0.999500036,0.000499964,
752,1761738854.834000,1761738854.826000,8,-19082,-318.03,395,400,-5,0,,,0.979999781,0.020000219,
753,1761738855.841000,1761738855.827000,14,-19081,-318.02,393,399,-7,-1,,,1.003500223,-0.003500223,
754,1761738856.837000,1761738856.823000,14,-19080,-318,396,400,-4,0,,,1.006999969,-0.006999969,
755,1761738857.843000,1761738857.825500,17.5,-19079,-317.98,394,400,-6,0,,,0.995999813,0.004000187,
756,1761738858.830500,1761738858.830000,0.5,-19078,-317.97,391,399,-9,-1,,,1.006000042,-0.006000042,
757,1761738859.837500,1761738859.829500,8,-19077,-317.95,391,398,-9,-2,,,0.987499952,0.012500048,
758,1761738860.839500,1761738860.830000,9.5,-19076,-317.93,391,398,-9,-2,,,1.007000208,-0.007000208,
759,1761738861.846500,1761738861.829500,17,-19075,-317.92,390,398,-10,-2,,,1.001999855,-0.001999855,
760,1761738862.853500,1761738862.829000,24.5,-19074,-317.9,390,399,-10,-1,,,1.006999969,-0.006999969,
761,1761738863.856500,1761738863.829000,27.5,-19073,-317.88,391,398,-9,-2,,,1.006999969,-0.006999969,
762,1761738864.836500,1761738864.833500,3,-19072,-317.87,390,397,-10,-3,,,1.003000021,-0.003000021,
763,1761738865.840000,1761738865.835500,4.5,-19071,-317.85,392,397,-8,-3,,,0.980000019,0.019999981,
764,1761738866.844500,1761738866.836000,8.5,-19070,-317.83,391,397,-9,-3,,,1.003499985,-0.003499985,
765,1761738867.846500,1761738867.833000,13.5,-19069,-317.82,392,397,-8,-3,,,1.004500151,-0.004500151,
766,1761738868.854500,1761738868.832500,22,-19068,-317.8,391,399,-9,-1,,,1.001999855,-0.001999855,
767,1761738869.859000,1761738869.832500,26.5,-19067,-317.78,390,399,-10,-1,,,1.008000135,-0.008000135,
768,1761738870.836500,1761738870.835500,1,-19066,-317.77,393,397,-7,-3,,,1.004499912,-0.004499912,
769,1761738871.842000,1761738871.835000,7,-19065,-317.75,392,398,-8,-2,,,0.977499962,0.022500038,
770,1761738872.845000,1761738872.836000,9,-19064,-317.73,393,397,-7,-3,,,1.005500078,-0.005500078,
771,1761738873.847000,1761738873.840500,6.5,-19063,-317.72,393,397,-7,-3,,,1.003000021,-0.003000021,
772,1761738874.855500,1761738874.835000,20.5,-19062,-317.7,392,398,-8,-2,,,1.001999855,-0.001999855,
773,1761738875.850000,1761738875.832500,17.5,-19061,-317.68,395,399,-5,-1,,,1.008500099,-0.008500099,
774,1761738876.840000,1761738876.837000,3,-19060,-317.67,391,398,-9,-2,,,0.994499922,0.005500078,
775,1761738877.844500,1761738877.839000,5.5,-19059,-317.65,391,396,-9,-4,,,0.99000001,0.00999999,
776,1761738878.849000,1761738878.838500,10.5,-19058,-317.63,391,397,-9,-3,,,1.004500151,-0.004500151,
777,1761738879.851000,1761738879.838000,13,-19057,-317.62,392,397,-8,-3,,,1.004499912,-0.004499912,
778,1761738880.855500,1761738880.833500,22,-19056,-317.6,392,400,-8,0,,,1.002000093,-0.002000093,
779,1761738881.856000,1761738881.836000,20,-19055,-317.58,393,398,-7,-2,,,1.004499912,-0.004499912,
780,1761738882.841000,1761738882.838000,3,-19054,-317.57,393,398,-7,-2,,,1.000499964,-0.000499964,
781,1761738883.845500,1761738883.836500,9,-19053,-317.55,393,398,-7,-2,,,0.985000134,0.014999866,
782,1761738884.852500,1761738884.841000,11.5,-19052,-317.53,391,397,-9,-3,,,1.004499912,-0.004499912,
783,1761738885.859500,1761738885.841500,18,-19051,-317.52,391,398,-9,-2,,,1.006999969,-0.006999969,
784,1761738886.864000,1761738886.840000,24,-19050,-317.5,390,398,-10,-2,,,1.006999969,-0.006999969,
785,1761738887.866000,1761738887.837500,28.5,-19049,-317.48,390,399,-10,-1,,,1.004500151,-0.004500151,
786,1761738888.843500,1761738888.843000,0.5,-19048,-317.47,391,397,-9,-3,,,1.001999855,-0.001999855,
787,1761738889.851500,1761738889.843500,8,-19047,-317.45,391,397,-9,-3,,,0.977499962,0.022500038,
788,1761738890.853500,1761738890.842000,11.5,-19046,-317.43,393,397,-7,-3,,,1.008000135,-0.008000135,
789,1761738891.859000,1761738891.842500,16.5,-19045,-317.42,392,397,-8,-3,,,1.001999855,-0.001999855,
790,1761738892.863500,1761738892.844500,19,-19044,-317.4,391,397,-9,-3,,,1.005500078,-0.005500078,
791,1761738893.868000,1761738893.839500,28.5,-19043,-317.38,390,399,-10,-1,,,1.004500151,-0.004500151,
792,1761738894.845500,1761738894.845000,0.5,-19042,-317.37,391,397,-9,-3,,,1.004499912,-0.004499912,
793,1761738895.852500,1761738895.844000,8.5,-19041,-317.35,389,398,-11,-2,,,0.977499962,0.022500038,
794,1761738896.854500,1761738896.841000,13.5,-19040,-317.33,390,399,-10,-1,,,1.006999969,-0.006999969,
795,1761738897.864000,1761738897.845500,18.5,-19039,-317.32,390,397,-10,-3,,,1.002000093,-0.002000093,
796,1761738898.862000,1761738898.840000,22,-19038,-317.3,393,399,-7,-1,,,1.009500027,-0.009500027,
797,1761738899.865000,1761738899.840000,25,-19037,-317.28,392,399,-8,-1,,,0.997999907,0.002000093,
798,1761738900.847500,1761738900.841500,6,-19036,-317.27,392,399,-8,-1,,,1.003000021,-0.003000021,
799,1761738901.852000,1761738901.846000,6,-19035,-317.25,394,397,-6,-3,,,0.982500076,0.017499924,
800,1761738902.857500,1761738902.845500,12,-19034,-317.23,392,398,-8,-2,,,1.004499912,-0.004499912,
801,1761738903.859500,1761738903.850000,9.5,-19033,-317.22,392,396,-8,-4,,,1.005500078,-0.005500078,
802,1761738904.867500,1761738904.844500,23,-19032,-317.2,392,398,-8,-2,,,1.001999855,-0.001999855,
803,1761738905.870500,1761738905.842000,28.5,-19031,-317.18,391,400,-9,0,,,1.008000135,-0.008000135,
804,1761738906.850500,1761738906.848000,2.5,-19030,-317.17,392,398,-8,-2,,,1.003000021,-0.003000021,
805,1761738907.856000,1761738907.850000,6,-19029,-317.15,393,397,-7,-3,,,0.980000019,0.019999981,
806,1761738908.859000,1761738908.847000,12,-19028,-317.13,392,398,-8,-2,,,1.00549984,-0.00549984,
807,1761738909.862000,1761738909.853000,9,-19027,-317.12,393,395,-7,-5,,,1.003000021,-0.003000021,
808,1761738910.868500,1761738910.842500,26,-19026,-317.1,392,399,-8,-1,,,1.003000021,-0.003000021,
809,1761738911.866500,1761738911.842500,24,-19025,-317.08,393,399,-7,-1,,,1.006500006,-0.006500006,
810,1761738912.851500,1761738912.849500,2,-19024,-317.07,391,397,-9,-3,,,0.997999907,0.002000093,
811,1761738913.854500,1761738913.849000,5.5,-19023,-317.05,392,398,-8,-2,,,0.985000134,0.014999866,
812,1761738914.861500,1761738914.851000,10.5,-19022,-317.03,392,396,-8,-4,,,1.003000021,-0.003000021,
813,1761738915.864500,1761738915.851500,13,-19021,-317.02,392,397,-8,-3,,,1.006999969,-0.006999969,
814,1761738916.869000,1761738916.847000,22,-19020,-317,391,399,-9,-1,,,1.003000021,-0.003000021,
815,1761738917.872000,1761738917.847000,25,-19019,-316.98,393,399,-7,-1,,,1.004499912,-0.004499912,
816,1761738918.857000,1761738918.854000,3,-19018,-316.97,392,398,-8,-2,,,1.003000021,-0.003000021,
817,1761738919.865000,1761738919.854500,10.5,-19017,-316.95,390,398,-10,-2,,,0.985000134,0.014999866,
818,1761738920.870500,1761738920.854000,16.5,-19016,-316.93,389,397,-11,-3,,,1.007999897,-0.007999897,
819,1761738921.872500,1761738921.853500,19,-19015,-316.92,391,398,-9,-2,,,1.005500078,-0.005500078,
820,1761738922.878000,1761738922.850500,27.5,-19014,-316.9,390,400,-10,0,,,1.001999855,-0.001999855,
821,1761738923.855500,1761738923.853000,2.5,-19013,-316.88,390,399,-10,-1,,,1.005500078,-0.005500078,
822,1761738924.862500,1761738924.855000,7.5,-19012,-316.87,390,398,-10,-2,,,0.977499962,0.022500038,
823,1761738925.866000,1761738925.858000,8,-19011,-316.85,391,397,-9,-3,,,1.006999969,-0.006999969,
824,1761738926.870500,1761738926.858500,12,-19010,-316.83,392,397,-8,-3,,,1.003499985,-0.003499985,
825,1761738927.874500,1761738927.858000,16.5,-19009,-316.82,390,397,-10,-3,,,1.004500151,-0.004500151,
826,1761738928.874000,1761738928.855000,19,-19008,-316.8,393,400,-7,0,,,1.003999949,-0.003999949,
827,1761738929.859000,1761738929.857500,1.5,-19007,-316.78,393,398,-7,-2,,,0.999500036,0.000499964,
828,1761738930.863500,1761738930.859500,4,-19006,-316.77,391,398,-9,-2,,,0.984999895,0.015000105,
829,1761738931.867000,1761738931.860500,6.5,-19005,-316.75,391,397,-9,-3,,,1.004500151,-0.004500151,
830,1761738932.870500,1761738932.860000,10.5,-19004,-316.73,391,397,-9,-3,,,1.003499985,-0.003499985,
831,1761738933.878500,1761738933.858500,20,-19003,-316.72,391,398,-9,-2,,,1.003499985,-0.003499985,
832,1761738934.875500,1761738934.859000,16.5,-19002,-316.7,392,400,-8,0,,,1.007999897,-0.007999897,
833,1761738935.858000,1761738935.861500,3.5,-19001,-316.68,391,397,-9,-3,,,0.996999979,0.003000021,
834,1761738936.867500,1761738936.860000,7.5,-19000,-316.67,391,398,-9,-2,,,0.982500076,0.017499924,
835,1761738937.870500,1761738937.864500,6,-18999,-316.65,391,396,-9,-4,,,1.009500027,-0.009500027,
836,1761738938.876500,1761738938.859000,17.5,-18998,-316.63,392,398,-8,-2,,,1.003000021,-0.003000021,
837,1761738939.882000,1761738939.863500,18.5,-18997,-316.62,390,396,-10,-4,,,1.005999804,-0.005999804,
838,1761738940.880500,1761738940.858000,22.5,-18996,-316.6,391,400,-9,0,,,1.005500078,-0.005500078,
839,1761738941.860500,1761738941.860500,0,-18995,-316.58,391,399,-9,-1,,,0.998500109,0.001499891,
840,1761738942.867500,1761738942.862500,5,-18994,-316.57,390,397,-10,-3,,,0.980000019,0.019999981,
841,1761738943.872000,1761738943.863000,9,-18993,-316.55,392,398,-8,-2,,,1.006999969,-0.006999969,
842,1761738944.874000,1761738944.863500,10.5,-18992,-316.53,393,397,-7,-3,,,1.004499912,-0.004499912,
843,1761738945.876000,1761738945.860500,15.5,-18991,-316.52,394,399,-6,-1,,,1.002000093,-0.002000093,
844,1761738946.883000,1761738946.857500,25.5,-18990,-316.5,391,400,-9,0,,,1.001999855,-0.001999855,
845,1761738947.863000,1761738947.860000,3,-18989,-316.48,393,400,-7,0,,,1.006999969,-0.006999969,
846,1761738948.870000,1761738948.867000,3,-18988,-316.47,390,397,-10,-3,,,0.980000019,0.019999981,
847,1761738949.877000,1761738949.865500,11.5,-18987,-316.45,391,397,-9,-3,,,1.006999969,-0.006999969,
848,1761738950.882500,1761738950.867500,15,-18986,-316.43,390,397,-10,-3,,,1.007000208,-0.007000208,
849,1761738951.883500,1761738951.867000,16.5,-18985,-316.42,392,398,-8,-2,,,1.00549984,-0.00549984,
850,1761738952.886500,1761738952.868000,18.5,-18984,-316.4,391,400,-9,0,,,1.001000166,-0.001000166,
851,1761738953.866500,1761738953.870500,4,-18983,-316.38,390,395,-10,-5,,,1.002999783,-0.002999783,
852,1761738954.872000,1761738954.867500,4.5,-18982,-316.37,393,397,-7,-3,,,0.980000019,0.019999981,
853,1761738955.872500,1761738955.864500,8,-18981,-316.35,394,398,-6,-2,,,1.005500078,-0.005500078,
854,1761738956.880000,1761738956.866500,13.5,-18980,-316.33,392,398,-8,-2,,,1.000499964,-0.000499964,
855,1761738957.882000,1761738957.864500,17.5,-18979,-316.32,393,398,-7,-2,,,1.007500172,-0.007500172,
856,1761738958.886500,1761738958.862000,24.5,-18978,-316.3,392,400,-8,0,,,1.001999855,-0.001999855,
857,1761738959.869000,1761738959.869000,0,-18977,-316.28,393,396,-7,-4,,,1.004499912,-0.004499912,
858,1761738960.873500,1761738960.873500,0,-18976,-316.27,391,396,-9,-4,,,0.982500076,0.017499924,
859,1761738961.879000,1761738961.870500,8.5,-18975,-316.25,392,396,-8,-4,,,1.004500151,-0.004500151,
860,1761738962.882500,1761738962.867500,15,-18974,-316.23,393,398,-7,-2,,,1.00549984,-0.00549984,
861,1761738963.890500,1761738963.869500,21,-18973,-316.22,391,397,-9,-3,,,1.003499985,-0.003499985,
862,1761738964.891000,1761738964.864500,26.5,-18972,-316.2,391,400,-9,0,,,1.008000135,-0.008000135,
863,1761738965.871000,1761738965.871500,0.5,-18971,-316.18,390,398,-10,-2,,,1.000499964,-0.000499964,
864,1761738966.879000,1761738966.871000,8,-18970,-316.17,392,398,-8,-2,,,0.980000019,0.019999981,
865,1761738967.881000,1761738967.871500,9.5,-18969,-316.15,392,397,-8,-3,,,1.007999897,-0.007999897,
866,1761738968.885500,1761738968.871000,14.5,-18968,-316.13,392,399,-8,-1,,,1.002000093,-0.002000093,
867,1761738969.890000,1761738969.870500,19.5,-18967,-316.12,392,398,-8,-2,,,1.004499912,-0.004499912,
868,1761738970.890500,1761738970.868000,22.5,-18966,-316.1,392,399,-8,-1,,,1.004500151,-0.004500151,
869,1761738971.873000,1761738971.873500,0.5,-18965,-316.08,394,398,-6,-2,,,1.000499964,-0.000499964,
870,1761738972.880000,1761738972.873000,7,-18964,-316.07,392,395,-8,-5,,,0.982499838,0.017500162,
871,1761738973.880500,1761738973.873500,7,-18963,-316.05,393,397,-7,-3,,,1.007000208,-0.007000208,
872,1761738974.891000,1761738974.870500,20.5,-18962,-316.03,390,400,-10,0,,,1.000499964,-0.000499964,
873,1761738975.896500,1761738975.871000,25.5,-18961,-316.02,390,399,-10,-1,,,1.010499954,-0.010499954,
874,1761738976.896000,1761738976.871000,25,-18960,-316,391,399,-9,-1,,,1.005500078,-0.005500078,
875,1761738977.876000,1761738977.874500,1.5,-18959,-315.98,393,397,-7,-3,,,0.999499798,0.000500202,
876,1761738978.884000,1761738978.874000,10,-18958,-315.97,390,398,-10,-2,,,0.980000019,0.019999981,
877,1761738979.888000,1761738979.877000,11,-18957,-315.95,391,397,-9,-3,,,1.008000135,-0.008000135,
878,1761738980.887500,1761738980.876500,11,-18956,-315.93,392,397,-8,-3,,,1.003999949,-0.003999949,
879,1761738981.900500,1761738981.874500,26,-18955,-315.92,390,398,-10,-2,,,0.999500036,0.000499964,
880,1761738982.895000,1761738982.872000,23,-18954,-315.9,392,400,-8,0,,,1.013000011,-0.013000011,
881,1761738983.877500,1761738983.879000,1.5,-18953,-315.88,391,396,-9,-4,,,0.994499922,0.005500078,
882,1761738984.883000,1761738984.878500,4.5,-18952,-315.87,393,397,-7,-3,,,0.982500076,0.017499924,
883,1761738985.887500,1761738985.878000,9.5,-18951,-315.85,391,397,-9,-3,,,1.00549984,-0.00549984,
884,1761738986.892000,1761738986.877500,14.5,-18950,-315.83,391,397,-9,-3,,,1.004500151,-0.004500151,
885,1761738987.900000,1761738987.874500,25.5,-18949,-315.82,391,398,-9,-2,,,1.004499912,-0.004499912,
886,1761738988.899500,1761738988.872000,27.5,-18948,-315.8,391,400,-9,0,,,1.008000135,-0.008000135,
887,1761738989.879500,1761738989.876500,3,-18947,-315.78,391,397,-9,-3,,,0.999499798,0.000500202,
888,1761738990.886500,1761738990.877000,9.5,-18946,-315.77,391,398,-9,-2,,,0.980000019,0.019999981,
889,1761738991.892000,1761738991.879000,13,-18945,-315.75,390,398,-10,-2,,,1.006999969,-0.006999969,
890,1761738992.896500,1761738992.878500,18,-18944,-315.73,391,398,-9,-2,,,1.005500078,-0.005500078,
891,1761738993.899500,1761738993.878000,21.5,-18943,-315.72,391,398,-9,-2,,,1.004500151,-0.004500151,
892,1761738994.900500,1761738994.875500,25,-18942,-315.7,392,397,-8,-3,,,1.002999783,-0.002999783,
893,1761738995.883000,1761738995.879000,4,-18941,-315.68,390,397,-10,-3,,,1.001000166,-0.001000166,
894,1761738996.887500,1761738996.877000,10.5,-18940,-315.67,393,399,-7,-1,,,0.982499838,0.017500162,
895,1761738997.892000,1761738997.883000,9,-18939,-315.65,391,397,-9,-3,,,1.004500151,-0.004500151,
896,1761738998.896500,1761738998.882500,14,-18938,-315.63,391,397,-9,-3,,,1.004499912,-0.004499912,
897,1761738999.898500,1761738999.879500,19,-18937,-315.62,392,398,-8,-2,,,1.004500151,-0.004500151,
898,1761739000.901500,1761739000.877000,24.5,-18936,-315.6,392,399,-8,-1,,,1.001999855,-0.001999855,
899,1761739001.884000,1761739001.882500,1.5,-18935,-315.58,393,397,-7,-3,,,1.003000021,-0.003000021,
900,1761739002.886000,1761739002.882000,4,-18934,-315.57,393,397,-7,-3,,,0.982500076,0.017499924,
901,1761739003.891500,1761739003.884000,7.5,-18933,-315.55,392,397,-8,-3,,,1.001999855,-0.001999855,
902,1761739004.898500,1761739004.885000,13.5,-18932,-315.53,391,397,-9,-3,,,1.005500078,-0.005500078,
903,1761739005.898000,1761739005.881000,17,-18931,-315.52,393,398,-7,-2,,,1.006999969,-0.006999969,
904,1761739006.902000,1761739006.878500,23.5,-18930,-315.5,393,399,-7,-1,,,0.999500036,0.000499964,
905,1761739007.887000,1761739007.880500,6.5,-18929,-315.48,390,399,-10,-1,,,1.003999949,-0.003999949,
906,1761739008.891500,1761739008.882500,9,-18928,-315.47,392,397,-8,-3,,,0.985000134,0.014999866,
907,1761739009.898500,1761739009.883000,15.5,-18927,-315.45,391,397,-9,-3,,,1.004499912,-0.004499912,
908,1761739010.903000,1761739010.883500,19.5,-18926,-315.43,390,397,-10,-3,,,1.006999969,-0.006999969,
909,1761739011.905000,1761739011.886500,18.5,-18924.9,-315.42,391,396,-9,-4,,,1.004500151,-0.004500151,
910,1761739012.907000,1761739012.879000,28,-18923.9,-315.4,391,400,-9,0,,,1.001999855,-0.001999855,
911,1761739013.887000,1761739013.886000,1,-18923,-315.38,391,397,-9,-3,,,1.002000093,-0.002000093,
912,1761739014.892500,1761739014.885500,7,-18922,-315.37,392,397,-8,-3,,,0.980000019,0.019999981,
913,1761739015.899000,1761739015.884500,14.5,-18921,-315.35,390,398,-10,-2,,,1.00549984,-0.00549984,
914,1761739016.902000,1761739016.886500,15.5,-18920,-315.33,391,397,-9,-3,,,1.006500006,-0.006500006,
915,1761739017.909000,1761739017.888500,20.5,-18918.9,-315.32,390,396,-10,-4,,,1.003000021,-0.003000021,
916,1761739018.908500,1761739018.881000,27.5,-18917.9,-315.3,392,399,-8,-1,,,1.006999969,-0.006999969,
917,1761739019.891000,1761739019.884000,7,-18917,-315.28,390,399,-10,-1,,,0.999500036,0.000499964,
918,1761739020.894000,1761739020.888500,5.5,-18916,-315.27,391,397,-9,-3,,,0.982500076,0.017499924,
919,1761739021.898500,1761739021.891500,7,-18915,-315.25,391,396,-9,-4,,,1.003000021,-0.003000021,
920,1761739022.899000,1761739022.890000,9,-18914,-315.23,393,396,-7,-4,,,1.004499912,-0.004499912,
921,1761739023.905000,1761739023.884500,20.5,-18912.9,-315.22,393,398,-7,-2,,,1.000499964,-0.000499964,
922,1761739024.909000,1761739024.882000,27,-18911.9,-315.2,392,400,-8,0,,,1.006000042,-0.006000042,
923,1761739025.891500,1761739025.888000,3.5,-18911,-315.18,391,396,-9,-4,,,1.003999949,-0.003999949,
924,1761739026.894500,1761739026.888500,6,-18910,-315.17,392,397,-8,-3,,,0.982500076,0.017499924,
925,1761739027.899000,1761739027.890500,8.5,-18909,-315.15,392,397,-8,-3,,,1.003000021,-0.003000021,
926,1761739028.903500,1761739028.891000,12.5,-18908,-315.13,392,396,-8,-4,,,1.004499912,-0.004499912,
927,1761739029.913000,1761739029.885500,27.5,-18906.9,-315.12,390,399,-10,-1,,,1.004500151,-0.004500151,
928,1761739030.913500,1761739030.885500,28,-18905.9,-315.1,391,398,-9,-2,,,1.009500027,-0.009500027,
929,1761739031.893500,1761739031.890000,3.5,-18905,-315.08,392,397,-8,-3,,,1.000499964,-0.000499964,
930,1761739032.896500,1761739032.890500,6,-18904,-315.07,393,398,-7,-2,,,0.980000019,0.019999981,
931,1761739033.903500,1761739033.892500,11,-18903,-315.05,390,397,-10,-3,,,1.003000021,-0.003000021,
932,1761739034.907000,1761739034.893000,14,-18901.9,-315.03,391,397,-9,-3,,,1.006999969,-0.006999969,
933,1761739035.911500,1761739035.890000,21.5,-18900.9,-315.02,391,398,-9,-2,,,1.003499985,-0.003499985,
934,1761739036.914500,1761739036.887500,27,-18899.9,-315,392,399,-8,-1,,,1.004499912,-0.004499912,
935,1761739037.897000,1761739037.892000,5,-18899,-314.98,391,396,-9,-4,,,1.003000021,-0.003000021,
936,1761739038.902500,1761739038.891500,11,-18898,-314.97,390,397,-10,-3,,,0.982500076,0.017499924,
937,1761739039.907000,1761739039.891000,16,-18896.9,-314.95,391,398,-9,-2,,,1.00549984,-0.00549984,
938,1761739040.912500,1761739040.896500,16,-18895.9,-314.93,391,396,-9,-4,,,1.004500151,-0.004500151,
939,1761739041.912000,1761739041.891000,21,-18894.9,-314.92,393,399,-7,-1,,,1.00549984,-0.00549984,
940,1761739042.915000,1761739042.891000,24,-18893.9,-314.9,392,398,-8,-2,,,0.999500036,0.000499964,
941,1761739043.897500,1761739043.893000,4.5,-18893,-314.88,392,399,-8,-1,,,1.003000021,-0.003000021,
942,1761739044.903000,1761739044.896000,7,-18892,-314.87,394,398,-6,-2,,,0.982500076,0.017499924,
943,1761739045.903500,1761739045.889500,14,-18891,-314.85,395,400,-5,0,,,1.005500078,-0.005500078,
944,1761739046.900500,1761739046.892000,8.5,-18890,-314.83,397,398,-3,-2,,,1.000499964,-0.000499964,
945,1761739047.895500,1761739047.890000,5.5,-18889,-314.82,395,399,-5,-1,,,0.996999979,0.003000021,
946,1761739048.898500,1761739048.889500,9,-18888,-314.8,397,401,-3,1,,,0.994999886,0.005000114,
947,1761739049.902000,1761739049.896500,5.5,-18887,-314.78,395,398,-5,-2,,,1.003000021,-0.003000021,
948,1761739050.910000,1761739050.898000,12,-18885.9,-314.77,392,397,-8,-3,,,1.003499985,-0.003499985,
949,1761739051.914500,1761739051.895000,19.5,-18884.9,-314.75,393,398,-7,-2,,,1.008000135,-0.008000135,
950,1761739052.919000,1761739052.892500,26.5,-18883.9,-314.73,392,400,-8,0,,,1.004499912,-0.004499912,
951,1761739053.901500,1761739053.901500,0,-18883,-314.72,392,397,-8,-3,,,1.004499912,-0.004499912,
952,1761739054.903500,1761739054.900000,3.5,-18882,-314.7,393,397,-7,-3,,,0.982500076,0.017499924,
953,1761739055.908000,1761739055.897000,11,-18880.9,-314.68,393,399,-7,-1,,,1.002000093,-0.002000093,
954,1761739056.915000,1761739056.896500,18.5,-18879.9,-314.67,392,399,-8,-1,,,1.004499912,-0.004499912,
955,1761739057.922000,1761739057.898500,23.5,-18878.9,-314.65,391,398,-9,-2,,,1.006999969,-0.006999969,
956,1761739058.924000,1761739058.896000,28,-18877.9,-314.63,391,399,-9,-1,,,1.006999969,-0.006999969,
957,1761739059.904000,1761739059.900500,3.5,-18876.9,-314.62,391,398,-9,-2,,,1.002000093,-0.002000093,
958,1761739060.906000,1761739060.902500,3.5,-18875.9,-314.6,391,397,-9,-3,,,0.980000019,0.019999981,
959,1761739061.913000,1761739061.902000,11,-18874.9,-314.58,392,397,-8,-3,,,1.001999855,-0.001999855,
960,1761739062.915000,1761739062.900500,14.5,-18873.9,-314.57,392,398,-8,-2,,,1.007000208,-0.007000208,
961,1761739063.920500,1761739063.900000,20.5,-18872.9,-314.55,392,398,-8,-2,,,1.001999855,-0.001999855,
962,1761739064.925000,1761739064.897500,27.5,-18871.9,-314.53,391,399,-9,-1,,,1.005500078,-0.005500078,
963,1761739065.905000,1761739065.902000,3,-18870.9,-314.52,392,397,-8,-3,,,1.004499912,-0.004499912,
964,1761739066.909500,1761739066.899000,10.5,-18869.9,-314.5,392,398,-8,-2,,,0.980000019,0.019999981,
965,1761739067.914000,1761739067.903500,10.5,-18868.9,-314.48,392,397,-8,-3,,,1.004499912,-0.004499912,
966,1761739068.916000,1761739068.902000,14,-18867.9,-314.47,392,398,-8,-2,,,1.004500151,-0.004500151,
967,1761739069.920500,1761739069.904000,16.5,-18866.9,-314.45,392,397,-8,-3,,,1.001999855,-0.001999855,
968,1761739070.925000,1761739070.899000,26,-18865.9,-314.43,392,399,-8,-1,,,1.004500151,-0.004500151,
969,1761739071.907500,1761739071.903500,4,-18864.9,-314.42,393,397,-7,-3,,,1.004499912,-0.004499912,
970,1761739072.912000,1761739072.903000,9,-18863.9,-314.4,392,398,-8,-2,,,0.982500076,0.017499924,
971,1761739073.915500,1761739073.905000,10.5,-18862.9,-314.38,391,397,-9,-3,,,1.004499912,-0.004499912,
972,1761739074.921000,1761739074.903500,17.5,-18861.9,-314.37,391,398,-9,-2,,,1.003499985,-0.003499985,
973,1761739075.925500,1761739075.905500,20,-18860.9,-314.35,392,397,-8,-3,,,1.005500078,-0.005500078,
974,1761739076.926500,1761739076.900500,26,-18859.9,-314.33,392,398,-8,-2,,,1.004499912,-0.004499912,
975,1761739077.909000,1761739077.902500,6.5,-18858.9,-314.32,393,399,-7,-1,,,1.001000166,-0.001000166,
976,1761739078.916000,1761739078.904500,11.5,-18857.9,-314.3,391,398,-9,-2,,,0.982499838,0.017500162,
977,1761739079.915500,1761739079.906500,9,-18856.9,-314.28,394,398,-6,-2,,,1.006999969,-0.006999969,
978,1761739080.920000,1761739080.911000,9,-18855.9,-314.27,393,396,-7,-4,,,0.999500036,0.000499964,
979,1761739081.927000,1761739081.908000,19,-18854.9,-314.25,392,397,-8,-3,,,1.004500151,-0.004500151,
980,1761739082.936500,1761739082.903000,33.5,-18853.9,-314.23,390,398,-10,-2,,,1.006999969,-0.006999969,
981,1761739083.914000,1761739083.907500,6.5,-18852.9,-314.22,390,398,-10,-2,,,1.009500027,-0.009500027,
982,1761739084.914500,1761739084.908500,6,-18851.9,-314.2,393,397,-7,-3,,,0.977499962,0.022500038,
983,1761739085.917500,1761739085.914000,3.5,-18850.9,-314.18,393,396,-7,-4,,,1.000499964,-0.000499964,
984,1761739086.927000,1761739086.910000,17,-18849.9,-314.17,390,397,-10,-3,,,1.003000021,-0.003000021,
985,1761739087.935000,1761739087.904500,30.5,-18848.9,-314.15,390,399,-10,-1,,,1.009500027,-0.009500027,
986,1761739088.930500,1761739088.904500,26,-18847.9,-314.13,393,399,-7,-1,,,1.007999897,-0.007999897,
987,1761739089.915500,1761739089.909000,6.5,-18846.9,-314.12,392,399,-8,-1,,,0.995500088,0.004499912,
988,1761739090.921000,1761739090.910000,11,-18845.9,-314.1,392,398,-8,-2,,,0.984999895,0.015000105,
989,1761739091.925000,1761739091.912000,13,-18844.9,-314.08,391,397,-9,-3,,,1.005500078,-0.005500078,
990,1761739092.928500,1761739092.911500,17,-18843.9,-314.07,391,398,-9,-2,,,1.003999949,-0.003999949,
991,1761739093.933000,1761739093.908500,24.5,-18842.9,-314.05,391,399,-9,-1,,,1.003499985,-0.003499985,
992,1761739094.937500,1761739094.908500,29,-18841.9,-314.03,390,399,-10,-1,,,1.004500151,-0.004500151,
993,1761739095.915000,1761739095.911500,3.5,-18840.9,-314.02,392,398,-8,-2,,,1.004499912,-0.004499912,
994,1761739096.922000,1761739096.913500,8.5,-18839.9,-314,392,398,-8,-2,,,0.977499962,0.022500038,
995,1761739097.931500,1761739097.919500,12,-18838.9,-313.98,390,395,-10,-5,,,1.006999969,-0.006999969,
996,1761739098.931000,1761739098.916500,14.5,-18837.9,-313.97,392,396,-8,-4,,,1.009500027,-0.009500027,
997,1761739099.924000,1761739099.910000,14,-18836.9,-313.95,396,400,-4,0,,,0.999500036,0.000499964,
998,1761739100.938500,1761739100.912500,26,-18835.9,-313.93,392,398,-8,-2,,,0.993000031,0.006999969,
999,1761739101.921000,1761739101.918000,3,-18834.9,-313.92,390,397,-10,-3,,,1.014499903,-0.014499903,
1000,1761739102.922000,1761739102.915000,7,-18833.9,-313.9,391,398,-9,-2,,,0.982500076,0.017499924,
1001,1761739103.930000,1761739103.917000,13,-18832.9,-313.88,391,397,-9,-3,,,1.000999928,-0.000999928,
1002,1761739104.937000,1761739104.916500,20.5,-18831.9,-313.87,390,398,-10,-2,,,1.008000135,-0.008000135,
1003,1761739105.940000,1761739105.916000,24,-18830.9,-313.85,390,398,-10,-2,,,1.006999969,-0.006999969,
1004,1761739106.939500,1761739106.913500,26,-18829.9,-313.83,393,400,-7,0,,,1.003000021,-0.003000021,
1005,1761739107.924500,1761739107.917000,7.5,-18828.9,-313.82,391,398,-9,-2,,,0.999500036,0.000499964,
1006,1761739108.926500,1761739108.916500,10,-18827.9,-313.8,391,398,-9,-2,,,0.984999895,0.015000105,
1007,1761739109.933500,1761739109.918500,15,-18826.9,-313.78,391,397,-9,-3,,,1.002000093,-0.002000093,
1008,1761739110.938500,1761739110.918000,20.5,-18825.9,-313.77,390,397,-10,-3,,,1.006999969,-0.006999969,
1009,1761739111.936500,1761739111.912500,24,-18824.9,-313.75,392,401,-8,1,,,1.004999876,-0.004999876,
1010,1761739112.919000,1761739112.917500,1.5,-18823.9,-313.73,391,398,-9,-2,,,0.998000145,0.001999855,
1011,1761739113.923500,1761739113.919500,4,-18822.9,-313.72,393,398,-7,-2,,,0.982499838,0.017500162,
1012,1761739114.932500,1761739114.921500,11,-18821.9,-313.7,390,397,-10,-3,,,1.004500151,-0.004500151,
1013,1761739115.937000,1761739115.921000,16,-18820.9,-313.68,391,398,-9,-2,,,1.008999825,-0.008999825,
1014,1761739116.944500,1761739116.925500,19,-18819.9,-313.67,389,396,-11,-4,,,1.004500151,-0.004500151,
1015,1761739117.945000,1761739117.925000,20,-18818.9,-313.65,391,398,-9,-2,,,1.007499933,-0.007499933,
1016,1761739118.925000,1761739118.922500,2.5,-18817.9,-313.63,390,397,-10,-3,,,1.000499964,-0.000499964,
1017,1761739119.929500,1761739119.923000,6.5,-18816.9,-313.62,389,397,-11,-3,,,0.980000019,0.019999981,
1018,1761739120.934000,1761739120.923500,10.5,-18815.9,-313.6,392,398,-8,-2,,,1.004500151,-0.004500151,
1019,1761739121.939500,1761739121.925500,14,-18814.9,-313.58,391,397,-9,-3,,,1.004499912,-0.004499912,
1020,1761739122.944000,1761739122.925000,19,-18813.9,-313.57,390,397,-10,-3,,,1.005500078,-0.005500078,
1021,1761739123.944500,1761739123.922000,22.5,-18812.9,-313.55,392,399,-8,-1,,,1.004499912,-0.004499912,
1022,1761739124.927000,1761739124.922000,5,-18811.9,-313.53,391,399,-9,-1,,,1.000499964,-0.000499964,
1023,1761739125.930000,1761739125.923000,7,-18810.9,-313.52,392,398,-8,-2,,,0.982500076,0.017499924,
1024,1761739126.932000,1761739126.927500,4.5,-18809.9,-313.5,393,397,-7,-3,,,1.003000021,-0.003000021,
1025,1761739127.942500,1761739127.923500,19,-18808.9,-313.48,391,399,-9,-1,,,1.001999855,-0.001999855,
1026,1761739128.946500,1761739128.926500,20,-18807.9,-313.47,391,398,-9,-2,,,1.010500193,-0.010500193,
1027,1761739129.948500,1761739129.925000,23.5,-18806.9,-313.45,391,401,-9,1,,,1.003999949,-0.003999949,
1028,1761739130.928500,1761739130.930000,1.5,-18805.9,-313.43,391,397,-9,-3,,,1.001999855,-0.001999855,
1029,1761739131.934000,1761739131.927000,7,-18804.9,-313.42,393,398,-7,-2,,,0.980000019,0.019999981,
1030,1761739132.941000,1761739132.929000,12,-18803.9,-313.4,391,397,-9,-3,,,1.005500078,-0.005500078,
1031,1761739133.940500,1761739133.929500,11,-18802.9,-313.38,391,397,-9,-3,,,1.006999969,-0.006999969,
1032,1761739134.951000,1761739134.926500,24.5,-18801.9,-313.37,390,399,-10,-1,,,0.999500036,0.000499964,
1033,1761739135.950500,1761739135.926500,24,-18800.9,-313.35,392,399,-8,-1,,,1.010499954,-0.010499954,
1034,1761739136.933000,1761739136.931000,2,-18799.9,-313.33,390,397,-10,-3,,,0.999500036,0.000499964,
1035,1761739137.935000,1761739137.931500,3.5,-18798.9,-313.32,392,397,-8,-3,,,0.982500076,0.017499924,
1036,1761739138.939500,1761739138.928500,11,-18797.9,-313.3,392,398,-8,-2,,,1.001999855,-0.001999855,
1037,1761739139.945000,1761739139.930500,14.5,-18796.9,-313.28,391,398,-9,-2,,,1.004500151,-0.004500151,
1038,1761739140.954500,1761739140.927500,27,-18795.9,-313.26,390,400,-10,0,,,1.00549984,-0.00549984,
1039,1761739141.954000,1761739141.930000,24,-18794.9,-313.25,391,398,-9,-2,,,1.009500027,-0.009500027,
1040,1761739142.934000,1761739142.933500,0.5,-18793.9,-313.23,391,397,-9,-3,,,0.999500036,0.000499964,
1041,1761739143.936000,1761739143.931500,4.5,-18792.9,-313.22,393,398,-7,-2,,,0.980000019,0.019999981,
1042,1761739144.943500,1761739144.933500,10,-18791.9,-313.2,390,397,-10,-3,,,1.002000093,-0.002000093,
1043,1761739145.951500,1761739145.930500,21,-18790.9,-313.18,391,399,-9,-1,,,1.007499933,-0.007499933,
1044,1761739146.953500,1761739146.932500,21,-18789.9,-313.17,391,398,-9,-2,,,1.007999897,-0.007999897,
1045,1761739147.955500,1761739147.930000,25.5,-18788.9,-313.15,392,399,-8,-1,,,1.002000093,-0.002000093,
1046,1761739148.938000,1761739148.934500,3.5,-18787.9,-313.13,391,398,-9,-2,,,1.001999855,-0.001999855,
1047,1761739149.946000,1761739149.936500,9.5,-18786.9,-313.12,390,398,-10,-2,,,0.982500076,0.017499924,
1048,1761739150.945500,1761739150.936000,9.5,-18785.9,-313.1,393,397,-7,-3,,,1.008000135,-0.008000135,
1049,1761739151.952000,1761739151.938000,14,-18784.9,-313.08,392,397,-8,-3,,,0.999499798,0.000500202,
1050,1761739152.954000,1761739152.936000,18,-18783.9,-313.06,392,398,-8,-2,,,1.006500006,-0.006500006,
1051,1761739153.959500,1761739153.933500,26,-18782.9,-313.05,391,399,-9,-1,,,1.002000093,-0.002000093,
1052,1761739154.939500,1761739154.939500,0,-18781.9,-313.03,392,398,-8,-2,,,1.005500078,-0.005500078,
1053,1761739155.942500,1761739155.943500,1,-18780.9,-313.02,393,396,-7,-4,,,0.980000019,0.019999981,
1054,1761739156.949000,1761739156.940500,8.5,-18779.9,-313,392,396,-8,-4,,,1.003000021,-0.003000021,
1055,1761739157.952000,1761739157.937000,15,-18778.9,-312.98,391,399,-9,-1,,,1.006499767,-0.006499767,
1056,1761739158.960000,1761739158.936500,23.5,-18777.9,-312.96,392,400,-8,0,,,1.003000021,-0.003000021,
1057,1761739159.959500,1761739159.939000,20.5,-18776.9,-312.95,393,399,-7,-1,,,1.008000135,-0.008000135,
1058,1761739160.944500,1761739160.942000,2.5,-18775.9,-312.93,392,397,-8,-3,,,0.999500036,0.000499964,
1059,1761739161.945000,1761739161.941500,3.5,-18774.9,-312.92,394,398,-6,-2,,,0.984999895,0.015000105,
1060,1761739162.951000,1761739162.942500,8.5,-18773.9,-312.9,391,397,-9,-3,,,1.000499964,-0.000499964,
1061,1761739163.958000,1761739163.943000,15,-18772.9,-312.88,392,398,-8,-2,,,1.006000042,-0.006000042,
1062,1761739164.960000,1761739164.940000,20,-18771.9,-312.86,393,399,-7,-1,,,1.006999969,-0.006999969,
1063,1761739165.962000,1761739165.940000,22,-18770.9,-312.85,392,399,-8,-1,,,1.002000093,-0.002000093,
1064,1761739166.944500,1761739166.942000,2.5,-18769.9,-312.83,391,398,-9,-2,,,1.001999855,-0.001999855,
1065,1761739167.950000,1761739167.941000,9,-18768.9,-312.82,390,399,-10,-1,,,0.982500076,0.017499924,
1066,1761739168.954500,1761739168.943000,11.5,-18767.9,-312.8,390,398,-10,-2,,,1.005500078,-0.005500078,
1067,1761739169.960000,1761739169.942500,17.5,-18766.9,-312.78,392,399,-8,-1,,,1.004499912,-0.004499912,
1068,1761739170.963000,1761739170.944500,18.5,-18765.9,-312.76,391,398,-9,-2,,,1.005500078,-0.005500078,
1069,1761739171.964500,1761739171.942000,22.5,-18764.9,-312.75,393,399,-7,-1,,,1.003000021,-0.003000021,
1070,1761739172.949500,1761739172.943000,6.5,-18763.9,-312.73,390,399,-10,-1,,,1.001499891,-0.001499891,
1071,1761739173.950000,1761739173.947500,2.5,-18762.9,-312.72,394,397,-6,-3,,,0.985000134,0.014999866,
1072,1761739174.959500,1761739174.944500,15,-18761.9,-312.7,391,396,-9,-4,,,1.000499964,-0.000499964,
1073,1761739175.961500,1761739175.946500,15,-18760.9,-312.68,392,397,-8,-3,,,1.009500027,-0.009500027,
1074,1761739176.965000,1761739176.943500,21.5,-18759.9,-312.66,392,399,-8,-1,,,1.001999855,-0.001999855,
1075,1761739177.966500,1761739177.943500,23,-18758.9,-312.65,392,399,-8,-1,,,1.003499985,-0.003499985,
1076,1761739178.949000,1761739178.947000,2,-18757.9,-312.63,392,398,-8,-2,,,1.00150013,-0.00150013,
1077,1761739179.954500,1761739179.949000,5.5,-18756.9,-312.61,392,396,-8,-4,,,0.982499838,0.017500162,
1078,1761739180.957500,1761739180.948500,9,-18755.9,-312.6,393,397,-7,-3,,,1.005500078,-0.005500078,
1079,1761739181.968000,1761739181.945500,22.5,-18754.9,-312.58,390,400,-10,0,,,1.003000021,-0.003000021,
1080,1761739182.967500,1761739182.944000,23.5,-18753.9,-312.56,392,399,-8,-1,,,1.010499954,-0.010499954,
1081,1761739183.970500,1761739183.944000,26.5,-18752.9,-312.55,391,400,-9,0,,,0.999500036,0.000499964,
1082,1761739184.950500,1761739184.948500,2,-18751.9,-312.53,392,398,-8,-2,,,1.003000021,-0.003000021,
1083,1761739185.957500,1761739185.948000,9.5,-18750.9,-312.51,392,399,-8,-1,,,0.980000019,0.019999981,
1084,1761739186.961500,1761739186.952500,9,-18749.9,-312.5,393,398,-7,-2,,,1.006999969,-0.006999969,
1085,1761739187.969500,1761739187.954500,15,-18748.9,-312.48,392,397,-8,-3,,,1.003999949,-0.003999949,
1086,1761739188.971500,1761739188.953000,18.5,-18747.9,-312.46,392,397,-8,-3,,,1.008000135,-0.008000135,
1087,1761739189.973500,1761739189.948000,25.5,-18746.9,-312.45,392,399,-8,-1,,,1.001999855,-0.001999855,
1088,1761739190.956000,1761739190.955000,1,-18745.9,-312.43,392,397,-8,-3,,,1.002000093,-0.002000093,
1089,1761739191.961500,1761739191.955500,6,-18744.9,-312.41,392,397,-8,-3,,,0.982500076,0.017499924,
1090,1761739192.966000,1761739192.956500,9.5,-18743.9,-312.4,392,397,-8,-3,,,1.00549984,-0.00549984,
1091,1761739193.969000,1761739193.956000,13,-18742.9,-312.38,392,397,-8,-3,,,1.004500151,-0.004500151,
1092,1761739194.977000,1761739194.950500,26.5,-18741.9,-312.36,391,399,-9,-1,,,1.003000021,-0.003000021,
1093,1761739195.982500,1761739195.950500,32,-18740.9,-312.35,389,399,-11,-1,,,1.007999897,-0.007999897,
1094,1761739196.957500,1761739196.952500,5,-18739.9,-312.33,391,399,-9,-1,,,1.005500078,-0.005500078,
1095,1761739197.963000,1761739197.959500,3.5,-18738.9,-312.31,391,396,-9,-4,,,0.974999905,0.025000095,
1096,1761739198.967000,1761739198.954000,13,-18737.9,-312.3,392,398,-8,-2,,,1.005500078,-0.005500078,
1097,1761739199.974000,1761739199.958500,15.5,-18736.9,-312.28,391,396,-9,-4,,,1.003999949,-0.003999949,
1098,1761739200.976000,1761739200.955500,20.5,-18735.9,-312.26,392,397,-8,-3,,,1.006999969,-0.006999969,
1099,1761739201.979000,1761739201.950500,28.5,-18734.9,-312.25,391,398,-9,-2,,,1.002000093,-0.002000093,
1100,1761739202.959000,1761739202.955000,4,-18733.9,-312.23,392,398,-8,-2,,,1.003000021,-0.003000021,
1101,1761739203.963500,1761739203.955500,8,-18732.9,-312.21,392,399,-8,-1,,,0.980000019,0.019999981,
1102,1761739204.972000,1761739204.957500,14.5,-18731.9,-312.2,391,398,-9,-2,,,1.004499912,-0.004499912,
1103,1761739205.974000,1761739205.955500,18.5,-18730.9,-312.18,392,399,-8,-1,,,1.008499861,-0.008499861,
1104,1761739206.982000,1761739206.955000,27,-18729.9,-312.16,391,398,-9,-2,,,1.002000093,-0.002000093,
1105,1761739207.980000,1761739207.952500,27.5,-18728.9,-312.15,391,400,-9,0,,,1.008000135,-0.008000135,
1106,1761739208.960000,1761739208.958000,2,-18727.9,-312.13,392,398,-8,-2,,,0.997999907,0.002000093,
1107,1761739209.967000,1761739209.959000,8,-18726.9,-312.11,390,397,-10,-3,,,0.980000019,0.019999981,
1108,1761739210.972500,1761739210.962000,10.5,-18725.9,-312.1,391,397,-9,-3,,,1.006999969,-0.006999969,
1109,1761739211.979500,1761739211.961000,18.5,-18724.9,-312.08,390,397,-10,-3,,,1.005500078,-0.005500078,
1110,1761739212.982500,1761739212.961500,21,-18723.9,-312.06,391,397,-9,-3,,,1.006999969,-0.006999969,
1111,1761739213.987000,1761739213.956500,30.5,-18722.9,-312.05,391,399,-9,-1,,,1.003000021,-0.003000021,
1112,1761739214.967000,1761739214.959500,7.5,-18721.9,-312.03,390,398,-10,-2,,,1.004499912,-0.004499912,
1113,1761739215.970000,1761739215.959000,11,-18720.9,-312.01,391,398,-9,-2,,,0.980000019,0.019999981,
1114,1761739216.972000,1761739216.961000,11,-18719.9,-312,392,397,-8,-3,,,1.003000021,-0.003000021,
1115,1761739217.979000,1761739217.963000,16,-18718.9,-311.98,391,396,-9,-4,,,1.001999855,-0.001999855,
1116,1761739218.980000,1761739218.954000,26,-18717.9,-311.96,391,400,-9,0,,,1.007000208,-0.007000208,
1117,1761739219.979500,1761739219.956500,23,-18716.9,-311.95,393,400,-7,0,,,1.000999928,-0.000999928,
1118,1761739220.964500,1761739220.961000,3.5,-18715.9,-311.93,392,398,-8,-2,,,0.999500036,0.000499964,
1119,1761739221.974000,1761739221.968000,6,-18714.9,-311.91,391,396,-9,-4,,,0.984999895,0.015000105,
1120,1761739222.975000,1761739222.962500,12.5,-18713.9,-311.9,392,398,-8,-2,,,1.009500027,-0.009500027,
1121,1761739223.983000,1761739223.962000,21,-18712.9,-311.88,392,400,-8,0,,,1.000999928,-0.000999928,
1122,1761739224.986500,1761739224.964000,22.5,-18711.9,-311.86,392,400,-8,0,,,1.008000135,-0.008000135,
1123,1761739225.992000,1761739225.966500,25.5,-18710.9,-311.85,391,398,-9,-2,,,1.003499985,-0.003499985,
1124,1761739226.972000,1761739226.963500,8.5,-18709.9,-311.83,390,399,-10,-1,,,1.005500078,-0.005500078,
1125,1761739227.975000,1761739227.968000,7,-18708.9,-311.81,391,397,-9,-3,,,0.979999781,0.020000219,
1126,1761739228.977000,1761739228.965000,12,-18707.9,-311.8,393,399,-7,-1,,,1.003000021,-0.003000021,
1127,1761739229.986500,1761739229.969500,17,-18706.9,-311.78,391,397,-9,-3,,,1.002000093,-0.002000093,
1128,1761739230.986000,1761739230.966500,19.5,-18705.9,-311.76,392,399,-8,-1,,,1.009500027,-0.009500027,
1129,1761739231.968500,1761739231.966500,2,-18704.9,-311.75,392,398,-8,-2,,,0.999500036,0.000499964,
1130,1761739232.970500,1761739232.971000,0.5,-18703.9,-311.73,391,396,-9,-4,,,0.982499838,0.017500162,
1131,1761739233.977500,1761739233.968000,9.5,-18702.9,-311.71,390,397,-10,-3,,,1.002000093,-0.002000093,
1132,1761739234.985500,1761739234.970000,15.5,-18701.9,-311.7,391,398,-9,-2,,,1.006999969,-0.006999969,
1133,1761739235.992500,1761739235.974500,18,-18700.9,-311.68,389,396,-11,-4,,,1.008000135,-0.008000135,
1134,1761739236.994500,1761739236.970500,24,-18699.9,-311.66,390,399,-10,-1,,,1.006999969,-0.006999969,
1135,1761739237.972000,1761739237.970500,1.5,-18698.9,-311.65,390,398,-10,-2,,,1.001999855,-0.001999855,
1136,1761739238.975000,1761739238.972500,2.5,-18697.9,-311.63,391,397,-9,-3,,,0.977499962,0.022500038,
1137,1761739239.980500,1761739239.971000,9.5,-18696.9,-311.61,391,398,-9,-2,,,1.003000021,-0.003000021,
1138,1761739240.987000,1761739240.973000,14,-18695.9,-311.6,391,397,-9,-3,,,1.005500078,-0.005500078,
1139,1761739241.990000,1761739241.977500,12.5,-18694.9,-311.58,392,395,-8,-5,,,1.006500006,-0.006500006,
1140,1761739242.985500,1761739242.967000,18.5,-18693.9,-311.56,395,400,-5,0,,,1.003000021,-0.003000021,
1141,1761739243.975500,1761739243.969500,6,-18692.9,-311.55,391,399,-9,-1,,,0.995500088,0.004499912,
1142,1761739244.978500,1761739244.971500,7,-18691.9,-311.53,391,398,-9,-2,,,0.99000001,0.00999999,
1143,1761739245.984000,1761739245.976000,8,-18690.9,-311.51,390,397,-10,-3,,,1.002999783,-0.002999783,
1144,1761739246.989500,1761739246.975500,14,-18689.9,-311.5,391,397,-9,-3,,,1.005500078,-0.005500078,
1145,1761739247.993500,1761739247.972500,21,-18688.9,-311.48,391,399,-9,-1,,,1.005500078,-0.005500078,
1146,1761739248.991500,1761739248.974500,17,-18687.9,-311.46,393,399,-7,-1,,,1.003999949,-0.003999949,
1147,1761739249.976500,1761739249.974500,2,-18686.9,-311.45,393,398,-7,-2,,,0.997999907,0.002000093,
1148,1761739250.980000,1761739250.974000,6,-18685.9,-311.43,393,399,-7,-1,,,0.985000134,0.014999866,
1149,1761739251.985500,1761739251.974500,11,-18684.9,-311.41,391,399,-9,-1,,,1.003499985,-0.003499985,
1150,1761739252.987500,1761739252.974000,13.5,-18683.9,-311.4,393,399,-7,-1,,,1.005500078,-0.005500078,
1151,1761739253.993000,1761739253.974500,18.5,-18682.9,-311.38,392,399,-8,-1,,,1.001999855,-0.001999855,
1152,1761739254.997500,1761739254.971500,26,-18681.9,-311.36,391,400,-9,0,,,1.005500078,-0.005500078,
1153,1761739255.977500,1761739255.974000,3.5,-18680.9,-311.35,391,397,-9,-3,,,1.004499912,-0.004499912,
1154,1761739256.982000,1761739256.974500,7.5,-18679.9,-311.33,391,398,-9,-2,,,0.980000019,0.019999981,
1155,1761739257.984000,1761739257.974000,10,-18678.9,-311.31,394,399,-6,-1,,,1.004500151,-0.004500151,
1156,1761739258.989500,1761739258.976000,13.5,-18677.9,-311.3,392,399,-8,-1,,,1.001999855,-0.001999855,
1157,1761739259.987500,1761739259.975500,12,-18676.9,-311.28,395,399,-5,-1,,,1.005500078,-0.005500078,
1158,1761739260.997000,1761739260.973500,23.5,-18675.9,-311.26,392,400,-8,0,,,0.997999907,0.002000093,
1159,1761739261.979500,1761739261.976000,3.5,-18674.9,-311.25,391,398,-9,-2,,,1.009500027,-0.009500027,
1160,1761739262.984000,1761739262.975500,8.5,-18673.9,-311.23,392,398,-8,-2,,,0.982500076,0.017499924,
1161,1761739263.992000,1761739263.978500,13.5,-18672.9,-311.21,390,399,-10,-1,,,1.004499912,-0.004499912,
1162,1761739264.993000,1761739264.980500,12.5,-18671.9,-311.2,391,398,-9,-2,,,1.008000135,-0.008000135,
1163,1761739265.997500,1761739265.982500,15,-18670.9,-311.18,392,397,-8,-3,,,1.000999928,-0.000999928,
1164,1761739267.004000,1761739266.977000,27,-18669.8,-311.16,391,400,-9,0,,,1.004499912,-0.004499912,
1165,1761739267.984000,1761739267.979500,4.5,-18668.9,-311.15,391,398,-9,-2,,,1.006500006,-0.006500006,
1166,1761739268.991000,1761739268.981000,10,-18667.9,-311.13,391,398,-9,-2,,,0.980000019,0.019999981,
1167,1761739269.996500,1761739269.984500,12,-18666.9,-311.11,390,397,-10,-3,,,1.006999969,-0.006999969,
1168,1761739270.996000,1761739270.981500,14.5,-18665.9,-311.1,393,398,-7,-2,,,1.005500078,-0.005500078,
1169,1761739272.003000,1761739271.981000,22,-18664.9,-311.08,391,398,-9,-2,,,0.999500036,0.000499964,
1170,1761739273.005000,1761739272.980500,24.5,-18663.8,-311.06,391,400,-9,0,,,1.006999969,-0.006999969,
1171,1761739273.985000,1761739273.983000,2,-18662.9,-311.05,392,398,-8,-2,,,1.002000093,-0.002000093,
1172,1761739274.990500,1761739274.985000,5.5,-18661.9,-311.03,392,398,-8,-2,,,0.979999781,0.020000219,
1173,1761739275.995000,1761739275.984500,10.5,-18660.9,-311.01,390,398,-10,-2,,,1.005500078,-0.005500078,
1174,1761739276.999500,1761739276.989000,10.5,-18659.9,-311,391,396,-9,-4,,,1.004499912,-0.004499912,
1175,1761739278.006500,1761739277.983500,23,-18658.8,-310.98,391,398,-9,-2,,,1.004500151,-0.004500151,
1176,1761739279.002000,1761739278.981000,21,-18657.9,-310.96,396,400,-4,0,,,1.006999969,-0.006999969,
1177,1761739279.994500,1761739279.985500,9,-18656.9,-310.95,394,399,-6,-1,,,0.995500088,0.004499912,
1178,1761739280.998000,1761739280.983500,14.5,-18655.9,-310.93,393,400,-7,0,,,0.992499828,0.007500172,
1179,1761739281.996500,1761739281.982000,14.5,-18654.9,-310.91,396,399,-4,-1,,,1.003499985,-0.003499985,
1180,1761739282.998500,1761739282.982000,16.5,-18653.9,-310.9,395,399,-5,-1,,,0.998500109,0.001499891,
1181,1761739283.988500,1761739283.986500,2,-18652.9,-310.88,392,398,-8,-2,,,1.002000093,-0.002000093,
1182,1761739284.996500,1761739284.988500,8,-18651.9,-310.86,390,398,-10,-2,,,0.99000001,0.00999999,
1183,1761739286.001000,1761739285.990500,10.5,-18650.9,-310.85,389,396,-11,-4,,,1.007999897,-0.007999897,
1184,1761739287.003000,1761739286.993500,9.5,-18649.9,-310.83,393,396,-7,-4,,,1.004499912,-0.004499912,
1185,1761739288.007500,1761739287.986500,21,-18648.8,-310.81,391,398,-9,-2,,,1.002000093,-0.002000093,
1186,1761739289.012000,1761739288.984000,28,-18647.8,-310.8,391,398,-9,-2,,,1.004499912,-0.004499912,
1187,1761739289.992000,1761739289.988500,3.5,-18646.9,-310.78,390,398,-10,-2,,,1.004500151,-0.004500151,
1188,1761739290.997500,1761739290.987000,10.5,-18645.9,-310.76,390,398,-10,-2,,,0.980000019,0.019999981,
1189,1761739292.003500,1761739291.992500,11,-18644.9,-310.75,391,397,-9,-3,,,1.00549984,-0.00549984,
1190,1761739293.006500,1761739292.988500,18,-18643.8,-310.73,391,399,-9,-1,,,1.006000042,-0.006000042,
1191,1761739294.013500,1761739293.989000,24.5,-18642.8,-310.71,391,398,-9,-2,,,1.003000021,-0.003000021,
1192,1761739295.013000,1761739294.986500,26.5,-18641.8,-310.7,391,399,-9,-1,,,1.006999969,-0.006999969,
1193,1761739295.993000,1761739295.991500,1.5,-18640.9,-310.68,390,399,-10,-1,,,0.999500036,0.000499964,
1194,1761739297.003500,1761739296.995000,8.5,-18639.9,-310.66,390,397,-10,-3,,,0.980000019,0.019999981,
1195,1761739298.004500,1761739297.997000,7.5,-18638.8,-310.65,390,396,-10,-4,,,1.010499954,-0.010499954,
1196,1761739299.011000,1761739298.994000,17,-18637.8,-310.63,390,397,-10,-3,,,1.000999928,-0.000999928,
1197,1761739300.015500,1761739299.993500,22,-18636.8,-310.61,391,397,-9,-3,,,1.006500006,-0.006500006,
1198,1761739301.021000,1761739300.988500,32.5,-18635.8,-310.6,389,399,-11,-1,,,1.004500151,-0.004500151,
1199,1761739301.996000,1761739301.990500,5.5,-18634.9,-310.58,392,399,-8,-1,,,1.00549984,-0.00549984,
1200,1761739303.003000,1761739302.997500,5.5,-18633.9,-310.56,391,396,-9,-4,,,0.975000143,0.024999857,
1201,1761739304.006000,1761739303.993000,13,-18632.8,-310.55,391,398,-9,-2,,,1.006999969,-0.006999969,
1202,1761739305.010000,1761739304.995000,15,-18631.8,-310.53,392,397,-8,-3,,,1.003000021,-0.003000021,
1203,1761739306.017000,1761739305.992000,25,-18630.8,-310.51,390,398,-10,-2,,,1.003999949,-0.003999949,
1204,1761739307.012500,1761739306.989500,23,-18629.8,-310.5,393,400,-7,0,,,1.006999969,-0.006999969,
1205,1761739307.997500,1761739307.994000,3.5,-18628.9,-310.48,392,397,-8,-3,,,0.995500088,0.004499912,
1206,1761739309.001500,1761739308.996000,5.5,-18627.9,-310.46,392,397,-8,-3,,,0.984999895,0.015000105,
1207,1761739310.006000,1761739309.997500,8.5,-18626.8,-310.45,394,396,-6,-4,,,1.003999949,-0.003999949,
1208,1761739311.012500,1761739310.994500,18,-18625.8,-310.43,391,398,-9,-2,,,1.004500151,-0.004500151,
1209,1761739312.020500,1761739311.992500,28,-18624.8,-310.41,391,399,-9,-1,,,1.006500006,-0.006500006,
1210,1761739313.019000,1761739312.992500,26.5,-18623.8,-310.4,391,399,-9,-1,,,1.007999897,-0.007999897,
1211,1761739313.999000,1761739313.997000,2,-18622.9,-310.38,392,397,-8,-3,,,0.998500109,0.001499891,
1212,1761739315.006000,1761739314.999000,7,-18621.8,-310.36,392,398,-8,-2,,,0.980000019,0.019999981,
1213,1761739316.011500,1761739316.001000,10.5,-18620.8,-310.35,391,397,-9,-3,,,1.006999969,-0.006999969,
1214,1761739317.017000,1761739316.998000,19,-18619.8,-310.33,390,398,-10,-2,,,1.00549984,-0.00549984,
1215,1761739318.020000,1761739317.997500,22.5,-18618.8,-310.31,391,398,-9,-2,,,1.005500078,-0.005500078,
1216,1761739319.023000,1761739318.995000,28,-18617.8,-310.3,391,398,-9,-2,,,1.003000021,-0.003000021,
1217,1761739320.003000,1761739320.002000,1,-18616.9,-310.28,393,396,-7,-4,,,1.003000021,-0.003000021,
1218,1761739321.007500,1761739320.998500,9,-18615.8,-310.26,391,398,-9,-2,,,0.980000019,0.019999981,
1219,1761739322.010500,1761739321.998000,12.5,-18614.8,-310.25,391,398,-9,-2,,,1.004499912,-0.004499912,
1220,1761739323.015000,1761739323.000000,15,-18613.8,-310.23,392,397,-8,-3,,,1.003000021,-0.003000021,
1221,1761739324.022000,1761739323.997000,25,-18612.8,-310.21,391,399,-9,-1,,,1.004500151,-0.004500151,
1222,1761739325.023500,1761739324.997000,26.5,-18611.8,-310.2,392,399,-8,-1,,,1.006999969,-0.006999969,
1223,1761739326.006000,1761739326.001500,4.5,-18610.8,-310.18,392,397,-8,-3,,,1.001499891,-0.001499891,
1224,1761739327.009000,1761739326.998500,10.5,-18609.8,-310.16,391,397,-9,-3,,,0.982500076,0.017499924,
1225,1761739328.014500,1761739328.000500,14,-18608.8,-310.15,391,398,-9,-2,,,1.003000021,-0.003000021,
1226,1761739329.020000,1761739329.001500,18.5,-18607.8,-310.13,390,397,-10,-3,,,1.00549984,-0.00549984,
1227,1761739330.023000,1761739329.998500,24.5,-18606.8,-310.11,391,398,-9,-2,,,1.005500078,-0.005500078,
1228,1761739331.022500,1761739330.996000,26.5,-18605.8,-310.1,392,398,-8,-2,,,1.003000021,-0.003000021,
1229,1761739332.005000,1761739332.001500,3.5,-18604.8,-310.08,390,397,-10,-3,,,0.999500036,0.000499964,
1230,1761739333.012000,1761739333.002000,10,-18603.8,-310.06,389,398,-11,-2,,,0.982500076,0.017499924,
1231,1761739334.015000,1761739334.004000,11,-18602.8,-310.05,392,397,-8,-3,,,1.006999969,-0.006999969,
1232,1761739335.018000,1761739335.000000,18,-18601.8,-310.03,392,398,-8,-2,,,1.003000021,-0.003000021,
1233,1761739336.020000,1761739336.002000,18,-18600.8,-310.01,393,400,-7,0,,,1.002999783,-0.002999783,
1234,1761739337.024500,1761739337.004500,20,-18599.8,-310,392,396,-8,-4,,,1.002000093,-0.002000093,
1235,1761739338.007000,1761739338.004000,3,-18598.8,-309.98,391,397,-9,-3,,,1.004499912,-0.004499912,
1236,1761739339.012500,1761739339.004500,8,-18597.8,-309.96,394,398,-6,-2,,,0.982500076,0.017499924,
1237,1761739340.019500,1761739340.005000,14.5,-18596.8,-309.95,391,397,-9,-3,,,1.005500078,-0.005500078,
1238,1761739341.024500,1761739341.006000,18.5,-18595.8,-309.93,390,397,-10,-3,,,1.006999969,-0.006999969,
1239,1761739342.027500,1761739342.003000,24.5,-18594.8,-309.91,390,400,-10,0,,,1.004999876,-0.004999876,
1240,1761739343.005000,1761739343.005500,0.5,-18593.8,-309.9,392,396,-8,-4,,,1.003000021,-0.003000021,
1241,1761739344.009500,1761739344.004000,5.5,-18592.8,-309.88,391,398,-9,-2,,,0.9775002,0.0224998,
1242,1761739345.016500,1761739345.006000,10.5,-18591.8,-309.86,390,397,-10,-3,,,1.004499912,-0.004499912,
1243,1761739346.021000,1761739346.005500,15.5,-18590.8,-309.85,391,398,-9,-2,,,1.006999969,-0.006999969,
1244,1761739347.028000,1761739347.002500,25.5,-18589.8,-309.83,390,399,-10,-1,,,1.004499912,-0.004499912,
1245,1761739348.027500,1761739348.002500,25,-18588.8,-309.81,391,399,-9,-1,,,1.007000208,-0.007000208,
1246,1761739349.007500,1761739349.007000,0.5,-18587.8,-309.8,390,397,-10,-3,,,0.999499798,0.000500202,
1247,1761739350.010500,1761739350.004000,6.5,-18586.8,-309.78,392,399,-8,-1,,,0.980000019,0.019999981,
1248,1761739351.017500,1761739351.004500,13,-18585.8,-309.76,391,398,-9,-2,,,1.003000021,-0.003000021,
1249,1761739352.022000,1761739352.006500,15.5,-18584.8,-309.75,390,399,-10,-1,,,1.006999969,-0.006999969,
1250,1761739353.027500,1761739353.007500,20,-18583.8,-309.73,392,398,-8,-2,,,1.004500151,-0.004500151,
1251,1761739354.033000,1761739354.005000,28,-18582.8,-309.71,390,399,-10,-1,,,1.00549984,-0.00549984,
1252,1761739355.010500,1761739355.010500,0,-18581.8,-309.7,391,397,-9,-3,,,1.005500078,-0.005500078,
1253,1761739356.015000,1761739356.008500,6.5,-18580.8,-309.68,391,397,-9,-3,,,0.977499962,0.022500038,
1254,1761739357.019500,1761739357.013000,6.5,-18579.8,-309.66,391,396,-9,-4,,,1.004500151,-0.004500151,
1255,1761739358.022500,1761739358.010000,12.5,-18578.8,-309.65,391,397,-9,-3,,,1.004499912,-0.004499912,
1256,1761739359.030500,1761739359.006000,24.5,-18577.8,-309.63,390,398,-10,-2,,,1.003000021,-0.003000021,
1257,1761739360.028500,1761739360.003500,25,-18576.8,-309.61,392,399,-8,-1,,,1.007999897,-0.007999897,
1258,1761739361.011000,1761739361.008000,3,-18575.8,-309.6,392,398,-8,-2,,,0.998000145,0.001999855,
1259,1761739362.017500,1761739362.012500,5,-18574.8,-309.58,391,397,-9,-3,,,0.982499838,0.017500162,
1260,1761739363.020500,1761739363.012000,8.5,-18573.8,-309.56,391,397,-9,-3,,,1.006500006,-0.006500006,
1261,1761739364.026000,1761739364.008000,18,-18572.8,-309.55,392,398,-8,-2,,,1.003000021,-0.003000021,
1262,1761739365.028000,1761739365.007500,20.5,-18571.8,-309.53,392,399,-8,-1,,,1.005500078,-0.005500078,
1263,1761739366.028500,1761739366.007500,21,-18570.8,-309.51,392,399,-8,-1,,,1.002000093,-0.002000093,
1264,1761739367.011000,1761739367.012000,1,-18569.8,-309.5,392,398,-8,-2,,,1.000499964,-0.000499964,
1265,1761739368.016500,1761739368.013000,3.5,-18568.8,-309.48,392,396,-8,-4,,,0.982499838,0.017500162,
1266,1761739369.023000,1761739369.012500,10.5,-18567.8,-309.46,392,397,-8,-3,,,1.005500078,-0.005500078,
1267,1761739370.025000,1761739370.012000,13,-18566.8,-309.45,393,399,-7,-1,,,1.006500006,-0.006500006,
1268,1761739371.030500,1761739371.010500,20,-18565.8,-309.43,392,399,-8,-1,,,1.002000093,-0.002000093,
1269,1761739372.033500,1761739372.010500,23,-18564.8,-309.41,391,399,-9,-1,,,1.00549984,-0.00549984,
1270,1761739373.013500,1761739373.015000,1.5,-18563.8,-309.4,392,397,-8,-3,,,1.003000021,-0.003000021,
1271,1761739374.019000,1761739374.014500,4.5,-18562.8,-309.38,393,397,-7,-3,,,0.980000019,0.019999981,
1272,1761739375.027500,1761739375.012500,15,-18561.8,-309.36,389,398,-11,-2,,,1.005500078,-0.005500078,
1273,1761739376.032000,1761739376.014500,17.5,-18560.8,-309.35,390,398,-10,-2,,,1.008499861,-0.008499861,
1274,1761739377.036500,1761739377.015500,21,-18559.8,-309.33,390,398,-10,-2,,,1.004500151,-0.004500151,
1275,1761739378.037500,1761739378.013000,24.5,-18558.8,-309.31,391,399,-9,-1,,,1.004499912,-0.004499912,
1276,1761739379.017500,1761739379.015000,2.5,-18557.8,-309.3,389,398,-11,-2,,,1.000999928,-0.000999928,
1277,1761739380.019500,1761739380.014500,5,-18556.8,-309.28,391,397,-9,-3,,,0.980000019,0.019999981,
1278,1761739381.027500,1761739381.017500,10,-18555.8,-309.26,392,397,-8,-3,,,1.002000093,-0.002000093,
1279,1761739382.029500,1761739382.014500,15,-18554.8,-309.25,393,398,-7,-2,,,1.007999897,-0.007999897,
1280,1761739383.039000,1761739383.014000,25,-18553.8,-309.23,390,399,-10,-1,,,1.002000093,-0.002000093,
1281,1761739384.039500,1761739384.014000,25.5,-18552.8,-309.21,392,399,-8,-1,,,1.009500027,-0.009500027,
1282,1761739385.022000,1761739385.016000,6,-18551.8,-309.2,389,399,-11,-1,,,1.000499964,-0.000499964,
1283,1761739386.026500,1761739386.015500,11,-18550.8,-309.18,389,399,-11,-1,,,0.982500076,0.017499924,
1284,1761739387.029500,1761739387.018500,11,-18549.8,-309.16,392,398,-8,-2,,,1.004499912,-0.004499912,
1285,1761739388.036500,1761739388.020500,16,-18548.8,-309.15,391,398,-9,-2,,,1.003000021,-0.003000021,
1286,1761739389.042000,1761739389.015000,27,-18547.8,-309.13,391,399,-9,-1,,,1.006999969,-0.006999969,
1287,1761739390.039000,1761739390.015000,24,-18546.8,-309.11,392,400,-8,0,,,1.005500078,-0.005500078,
1288,1761739391.021500,1761739391.022000,0.5,-18545.8,-309.1,391,398,-9,-2,,,0.996999979,0.003000021,
1289,1761739392.029500,1761739392.022500,7,-18544.8,-309.08,391,398,-9,-2,,,0.982500076,0.017499924,
1290,1761739393.036500,1761739393.021000,15.5,-18543.8,-309.06,391,398,-9,-2,,,1.007999897,-0.007999897,
1291,1761739394.042000,1761739394.029000,13,-18542.8,-309.05,389,395,-11,-5,,,1.006999969,-0.006999969,
1292,1761739395.040000,1761739395.020000,20,-18541.8,-309.03,393,399,-7,-1,,,1.005500078,-0.005500078,
1293,1761739396.043000,1761739396.020000,23,-18540.8,-309.01,393,400,-7,0,,,0.997999907,0.002000093,
1294,1761739397.028000,1761739397.022000,6,-18539.8,-309,392,399,-8,-1,,,1.003000021,-0.003000021,
1295,1761739398.030000,1761739398.025000,5,-18538.8,-308.98,392,398,-8,-2,,,0.985000134,0.014999866,
1296,1761739399.037000,1761739399.027000,10,-18537.8,-308.96,392,398,-8,-2,,,1.001999855,-0.001999855,
1297,1761739400.044000,1761739400.029000,15,-18536.8,-308.95,390,397,-10,-3,,,1.006999969,-0.006999969,
1298,1761739401.047000,1761739401.027000,20,-18535.8,-308.93,391,398,-9,-2,,,1.006999969,-0.006999969,
1299,1761739402.054000,1761739402.024500,29.5,-18534.8,-308.91,390,399,-10,-1,,,1.003000021,-0.003000021,
1300,1761739403.031500,1761739403.028000,3.5,-18533.8,-308.9,391,396,-9,-4,,,1.006999969,-0.006999969,
1301,1761739404.036000,1761739404.031000,5,-18532.8,-308.88,390,397,-10,-3,,,0.9775002,0.0224998,
1302,1761739405.041500,1761739405.030500,11,-18531.8,-308.86,392,397,-8,-3,,,1.004499912,-0.004499912,
1303,1761739406.048500,1761739406.031000,17.5,-18530.8,-308.85,390,397,-10,-3,,,1.005500078,-0.005500078,
1304,1761739407.053000,1761739407.024500,28.5,-18529.8,-308.83,390,399,-10,-1,,,1.006999969,-0.006999969,
1305,1761739408.051000,1761739408.024500,26.5,-18528.8,-308.81,392,400,-8,0,,,1.004499912,-0.004499912,
1306,1761739409.033500,1761739409.032500,1,-18527.8,-308.8,392,397,-8,-3,,,0.998000145,0.001999855,
1307,1761739410.038000,1761739410.034500,3.5,-18526.8,-308.78,392,396,-8,-4,,,0.982499838,0.017500162,
1308,1761739411.042500,1761739411.031500,11,-18525.8,-308.76,392,397,-8,-3,,,1.004500151,-0.004500151,
1309,1761739412.047000,1761739412.028500,18.5,-18524.8,-308.75,392,399,-8,-1,,,1.004499912,-0.004499912,
1310,1761739413.052500,1761739413.030500,22,-18523.8,-308.73,392,398,-8,-2,,,1.004499912,-0.004499912,
1311,1761739414.054500,1761739414.028000,26.5,-18522.8,-308.71,391,400,-9,0,,,1.005500078,-0.005500078,
1312,1761739415.034500,1761739415.032500,2,-18521.8,-308.7,391,398,-9,-2,,,1.002000093,-0.002000093,
1313,1761739416.041500,1761739416.037000,4.5,-18520.8,-308.68,392,396,-8,-4,,,0.979999781,0.020000219,
1314,1761739417.048500,1761739417.034000,14.5,-18519.8,-308.66,392,398,-8,-2,,,1.007000208,-0.007000208,
1315,1761739418.055500,1761739418.033500,22,-18518.8,-308.65,389,399,-11,-1,,,1.006999969,-0.006999969,
1316,1761739419.054000,1761739419.030500,23.5,-18517.8,-308.63,392,399,-8,-1,,,1.006999969,-0.006999969,
1317,1761739420.058500,1761739420.030500,28,-18516.8,-308.61,390,400,-10,0,,,0.99849987,0.00150013,
1318,1761739421.036000,1761739421.037500,1.5,-18515.8,-308.6,392,395,-8,-5,,,1.004500151,-0.004500151,
1319,1761739422.045500,1761739422.036000,9.5,-18514.8,-308.58,391,398,-9,-2,,,0.977499962,0.022500038,
1320,1761739423.050000,1761739423.038000,12,-18513.8,-308.56,391,398,-9,-2,,,1.009500027,-0.009500027,
1321,1761739424.054500,1761739424.037500,17,-18512.8,-308.55,391,398,-9,-2,,,1.004499912,-0.004499912,
1322,1761739425.061500,1761739425.038500,23,-18511.8,-308.53,390,397,-10,-3,,,1.004500151,-0.004500151,
1323,1761739426.063500,1761739426.033500,30,-18510.8,-308.51,390,398,-10,-2,,,1.006999969,-0.006999969,
1324,1761739427.041000,1761739427.035500,5.5,-18509.8,-308.5,392,399,-8,-1,,,1.001999855,-0.001999855,
1325,1761739428.048000,1761739428.040000,8,-18508.8,-308.48,391,398,-9,-2,,,0.977499962,0.022500038,
1326,1761739429.053500,1761739429.039500,14,-18507.8,-308.46,391,398,-9,-2,,,1.007000208,-0.007000208,
1327,1761739430.058000,1761739430.039000,19,-18506.8,-308.45,390,398,-10,-2,,,1.00549984,-0.00549984,
1328,1761739431.061000,1761739431.036000,25,-18505.8,-308.43,391,399,-9,-1,,,1.004500151,-0.004500151,
1329,1761739432.057000,1761739432.036000,21,-18504.8,-308.41,393,399,-7,-1,,,1.003000021,-0.003000021,
1330,1761739433.042000,1761739433.043000,1,-18503.8,-308.4,392,397,-8,-3,,,0.995999813,0.004000187,
1331,1761739434.050000,1761739434.042500,7.5,-18502.8,-308.38,392,397,-8,-3,,,0.985000134,0.014999866,
1332,1761739435.054500,1761739435.043500,11,-18501.8,-308.36,391,397,-9,-3,,,1.007999897,-0.007999897,
1333,1761739436.056500,1761739436.043000,13.5,-18500.8,-308.35,393,397,-7,-3,,,1.004500151,-0.004500151,
1334,1761739437.064500,1761739437.045000,19.5,-18499.8,-308.33,391,398,-9,-2,,,1.001999855,-0.001999855,
1335,1761739438.064000,1761739438.042500,21.5,-18498.8,-308.31,392,398,-8,-2,,,1.008000135,-0.008000135,
1336,1761739439.046500,1761739439.044500,2,-18497.8,-308.3,391,397,-9,-3,,,0.999499798,0.000500202,
1337,1761739440.051000,1761739440.048000,3,-18496.8,-308.28,391,396,-9,-4,,,0.982500076,0.017499924,
1338,1761739441.055500,1761739441.046000,9.5,-18495.8,-308.26,392,397,-8,-3,,,1.004500151,-0.004500151,
1339,1761739442.065000,1761739442.043000,22,-18494.8,-308.25,390,398,-10,-2,,,1.004499912,-0.004499912,
1340,1761739443.068000,1761739443.040000,28,-18493.8,-308.23,390,399,-10,-1,,,1.009500027,-0.009500027,
1341,1761739444.067500,1761739444.040000,27.5,-18492.8,-308.21,391,400,-9,0,,,1.003000021,-0.003000021,
1342,1761739445.047500,1761739445.044500,3,-18491.8,-308.2,390,398,-10,-2,,,0.999500036,0.000499964,
1343,1761739446.053500,1761739446.045500,8,-18490.8,-308.18,391,397,-9,-3,,,0.979999781,0.020000219,
1344,1761739447.060500,1761739447.047500,13,-18489.8,-308.16,391,397,-9,-3,,,1.006000042,-0.006000042,
1345,1761739448.062500,1761739448.047000,15.5,-18488.8,-308.15,391,397,-9,-3,,,1.006999969,-0.006999969,
1346,1761739449.069500,1761739449.041500,28,-18487.8,-308.13,391,400,-9,0,,,1.002000093,-0.002000093,
1347,1761739450.070500,1761739450.044000,26.5,-18486.8,-308.11,391,399,-9,-1,,,1.006999969,-0.006999969,
1348,1761739451.050500,1761739451.047500,3,-18485.8,-308.1,392,398,-8,-2,,,1.000999928,-0.000999928,
1349,1761739452.058000,1761739452.048000,10,-18484.8,-308.08,391,398,-9,-2,,,0.980000019,0.019999981,
1350,1761739453.065000,1761739453.051500,13.5,-18483.8,-308.06,390,396,-10,-4,,,1.007500172,-0.007500172,
1351,1761739454.064500,1761739454.052000,12.5,-18482.8,-308.05,392,397,-8,-3,,,1.006999969,-0.006999969,
1352,1761739455.071500,1761739455.050500,21,-18481.8,-308.03,392,398,-8,-2,,,0.999500036,0.000499964,
1353,1761739456.076000,1761739456.048000,28,-18480.8,-308.01,390,398,-10,-2,,,1.006999969,-0.006999969,
1354,1761739457.053500,1761739457.048500,5,-18479.8,-308,391,398,-9,-2,,,1.004499912,-0.004499912,
1355,1761739458.059000,1761739458.048000,11,-18478.8,-307.98,392,399,-8,-1,,,0.977499962,0.022500038,
1356,1761739459.063500,1761739459.047500,16,-18477.8,-307.96,391,399,-9,-1,,,1.005500078,-0.005500078,
1357,1761739460.069000,1761739460.049500,19.5,-18476.8,-307.95,392,399,-8,-1,,,1.004499912,-0.004499912,
1358,1761739461.073500,1761739461.050000,23.5,-18475.8,-307.93,390,398,-10,-2,,,1.005500078,-0.005500078,
1359,1761739462.072000,1761739462.047500,24.5,-18474.8,-307.91,394,400,-6,0,,,1.004499912,-0.004499912,
1360,1761739463.059500,1761739463.057000,2.5,-18473.8,-307.9,391,397,-9,-3,,,0.998500109,0.001499891,
1361,1761739464.062500,1761739464.055500,7,-18472.8,-307.88,392,397,-8,-3,,,0.987499952,0.012500048,
1362,1761739465.068500,1761739465.054000,14.5,-18471.8,-307.86,391,398,-9,-2,,,1.003000021,-0.003000021,
1363,1761739466.075500,1761739466.052000,23.5,-18470.8,-307.85,391,400,-9,0,,,1.006000042,-0.006000042,
1364,1761739467.083500,1761739467.055500,28,-18469.8,-307.83,780,400,380,0,,,1.006999969,-0.006999969,
1366,1761739469.062500,1761739469.057500,5,-18467.8,-307.8,390,397,-10,-3,,,,,
1367,1761739470.065500,1761739470.056000,9.5,-18466.8,-307.78,390,398,-10,-2,,,,-0.497999907,
1368,1761739471.073500,1761739471.060500,13,-18465.8,-307.76,392,397,-8,-3,,,,,
1369,1761739472.079000,1761739472.061000,18,-18464.8,-307.75,390,397,-10,-3,,,,,
1370,1761739473.073500,1761739473.057000,16.5,-18463.8,-307.73,393,400,-7,0,,,,,
1371,1761739474.058500,1761739474.059500,1,-18462.8,-307.71,392,396,-8,-4,,,,,
1372,1761739475.065500,1761739475.060000,5.5,-18461.8,-307.7,393,398,-7,-2,,,,,
1373,1761739476.067500,1761739476.059500,8,-18460.8,-307.68,391,398,-9,-2,,,,,
1374,1761739477.077000,1761739477.059000,18,-18459.8,-307.66,390,398,-10,-2,,,,,
1375,1761739478.080000,1761739478.060000,20,-18458.8,-307.65,390,398,-10,-2,,,,,
1376,1761739479.080500,1761739479.059500,21,-18457.8,-307.63,392,400,-8,0,,,,,
1377,1761739480.063000,1761739480.062000,1,-18456.8,-307.61,393,398,-7,-2,,,,,
1378,1761739481.067000,1761739481.061500,5.5,-18455.8,-307.6,394,398,-6,-2,,,,,
1379,1761739482.070500,1761739482.063500,7,-18454.8,-307.58,392,398,-8,-2,,,,,
1380,1761739483.080000,1761739483.063000,17,-18453.8,-307.56,390,398,-10,-2,,,,,
1381,1761739484.080500,1761739484.062500,18,-18452.8,-307.55,391,398,-9,-2,,,,,
1382,1761739485.082500,1761739485.060500,22,-18451.8,-307.53,392,401,-8,1,,,,,
1383,1761739486.065000,1761739486.065500,0.5,-18450.8,-307.51,392,398,-8,-2,,,,,
1384,1761739487.072000,1761739487.066000,6,-18449.8,-307.5,391,398,-9,-2,,,,,
1385,1761739488.074000,1761739488.066500,7.5,-18448.8,-307.48,391,397,-9,-3,,,,,
1386,1761739489.082000,1761739489.067500,14.5,-18447.8,-307.46,391,397,-9,-3,,,,,
1387,1761739490.084000,1761739490.063000,21,-18446.8,-307.45,391,399,-9,-1,,,,,
1388,1761739491.083500,1761739491.060000,23.5,-18445.8,-307.43,392,400,-8,0,,,,,
1389,1761739492.066000,1761739492.062500,3.5,-18444.8,-307.41,392,399,-8,-1,,,,,
1390,1761739493.070500,1761739493.062000,8.5,-18443.8,-307.4,391,399,-9,-1,,,,,
1391,1761739494.076000,1761739494.067500,8.5,-18442.8,-307.38,391,398,-9,-2,,,,,
1392,1761739495.080500,1761739495.064500,16,-18441.8,-307.36,390,399,-10,-1,,,,,
1393,1761739496.086000,1761739496.071500,14.5,-18440.8,-307.35,391,396,-9,-4,,,,,
1394,1761739497.090000,1761739497.062000,28,-18439.8,-307.33,390,400,-10,0,,,,,
1395,1761739498.067500,1761739498.064500,3,-18438.8,-307.31,391,400,-9,0,,,,,
1396,1761739499.077000,1761739499.070500,6.5,-18437.8,-307.3,390,397,-10,-3,,,,,
1397,1761739500.079000,1761739500.068500,10.5,-18436.8,-307.28,392,398,-8,-2,,,,,
1398,1761739501.082000,1761739501.071500,10.5,-18435.8,-307.26,393,397,-7,-3,,,,,
1399,1761739502.089000,1761739502.066000,23,-18434.8,-307.25,391,398,-9,-2,,,,,
1400,1761739503.088500,1761739503.063500,25,-18433.8,-307.23,392,401,-8,1,,,,,
1401,1761739504.071000,1761739504.071500,0.5,-18432.8,-307.21,390,398,-10,-2,,,,,
1402,1761739505.074000,1761739505.073500,0.5,-18431.8,-307.2,392,397,-8,-3,,,,,
1403,1761739506.084500,1761739506.070500,14,-18430.8,-307.18,389,398,-11,-2,,,,,
1404,1761739507.084000,1761739507.072500,11.5,-18429.8,-307.16,392,397,-8,-3,,,,,
1405,1761739508.096000,1761739508.072000,24,-18428.8,-307.15,390,398,-10,-2,,,,,
1406,1761739509.094000,1761739509.069500,24.5,-18427.8,-307.13,391,399,-9,-1,,,,,
1407,1761739510.074000,1761739510.074000,0,-18426.8,-307.11,392,397,-8,-3,,,,,
1408,1761739511.078000,1761739511.075000,3,-18425.8,-307.1,392,397,-8,-3,,,,,
1409,1761739512.081000,1761739512.072000,9,-18424.8,-307.08,393,398,-7,-2,,,,,
1410,1761739513.091500,1761739513.072500,19,-18423.8,-307.06,390,399,-10,-1,,,,,
1411,1761739514.094500,1761739514.073000,21.5,-18422.8,-307.05,392,398,-8,-2,,,,,
1412,1761739515.100000,1761739515.070500,29.5,-18421.8,-307.03,390,399,-10,-1,,,,,
1413,1761739516.077500,1761739516.075000,2.5,-18420.8,-307.01,392,398,-8,-2,,,,,
1414,1761739517.084500,1761739517.077000,7.5,-18419.8,-307,388,398,-12,-2,,,,,
1415,1761739518.086500,1761739518.079000,7.5,-18418.8,-306.98,392,397,-8,-3,,,,,
1416,1761739519.097000,1761739519.081000,16,-18417.8,-306.96,390,396,-10,-4,,,,,
1417,1761739520.100500,1761739520.073000,27.5,-18416.8,-306.95,390,399,-10,-1,,,,,
1418,1761739521.102500,1761739521.073000,29.5,-18415.8,-306.93,390,400,-10,0,,,,,
1419,1761739522.080000,1761739522.075000,5,-18414.8,-306.91,391,400,-9,0,,,,,
1420,1761739523.085500,1761739523.079500,6,-18413.8,-306.9,391,398,-9,-2,,,,,
1421,1761739524.091500,1761739524.080500,11,-18412.8,-306.88,391,397,-9,-3,,,,,
1422,1761739525.094500,1761739525.081000,13.5,-18411.8,-306.86,392,397,-8,-3,,,,,
1423,1761739526.096500,1761739526.080500,16,-18410.8,-306.85,392,397,-8,-3,,,,,
1424,1761739527.103500,1761739527.075500,28,-18409.8,-306.83,390,399,-10,-1,,,,,
1425,1761739528.081000,1761739528.077500,3.5,-18408.8,-306.81,390,397,-10,-3,,,,,
1426,1761739529.087000,1761739529.079500,7.5,-18407.8,-306.8,391,399,-9,-1,,,,,
1427,1761739530.095000,1761739530.080500,14.5,-18406.8,-306.78,389,398,-11,-2,,,,,
1428,1761739531.098500,1761739531.085000,13.5,-18405.8,-306.76,390,396,-10,-4,,,,,
1429,1761739532.103000,1761739532.077000,26,-18404.8,-306.75,391,399,-9,-1,,,,,
1430,1761739533.107500,1761739533.077000,30.5,-18403.7,-306.73,390,398,-10,-2,,,,,
1431,1761739534.085000,1761739534.079000,6,-18402.8,-306.71,389,399,-11,-1,,,,,
1432,1761739535.089500,1761739535.080000,9.5,-18401.8,-306.7,390,398,-10,-2,,,,,
1433,1761739536.096500,1761739536.082000,14.5,-18400.8,-306.68,391,398,-9,-2,,,,,
1434,1761739537.098000,1761739537.081500,16.5,-18399.8,-306.66,393,398,-7,-2,,,,,
1435,1761739538.102500,1761739538.078500,24,-18398.8,-306.65,392,399,-8,-1,,,,,
1436,1761739539.106500,1761739539.078500,28,-18397.7,-306.63,391,399,-9,-1,,,,,
1437,1761739540.086500,1761739540.085500,1,-18396.8,-306.61,391,396,-9,-4,,,,,
1438,1761739541.091000,1761739541.085000,6,-18395.8,-306.6,393,398,-7,-2,,,,,
1439,1761739542.095500,1761739542.086000,9.5,-18394.8,-306.58,392,397,-8,-3,,,,,
1440,1761739543.100000,1761739543.085500,14.5,-18393.8,-306.56,391,398,-9,-2,,,,,
1441,1761739544.106500,1761739544.080000,26.5,-18392.7,-306.55,391,399,-9,-1,,,,,
1442,1761739545.106000,1761739545.080000,26,-18391.7,-306.53,391,400,-9,0,,,,,
1443,1761739546.086000,1761739546.084500,1.5,-18390.8,-306.51,393,398,-7,-2,,,,,
1444,1761739547.093500,1761739547.084000,9.5,-18389.8,-306.5,390,398,-10,-2,,,,,
1445,1761739548.097500,1761739548.086000,11.5,-18388.8,-306.48,392,398,-8,-2,,,,,
1446,1761739549.106000,1761739549.085500,20.5,-18387.7,-306.46,390,398,-10,-2,,,,,
1447,1761739550.111500,1761739550.082500,29,-18386.7,-306.45,390,399,-10,-1,,,,,
1448,1761739551.111000,1761739551.082500,28.5,-18385.7,-306.43,390,400,-10,0,,,,,
1449,1761739552.088500,1761739552.088500,0,-18384.8,-306.41,391,397,-9,-3,,,,,
1450,1761739553.099000,1761739553.085500,13.5,-18383.8,-306.4,391,399,-9,-1,,,,,
1451,1761739554.102000,1761739554.090000,12,-18382.8,-306.38,391,397,-9,-3,,,,,
1452,1761739555.106500,1761739555.094500,12,-18381.7,-306.36,391,396,-9,-4,,,,,
1453,1761739556.112000,1761739556.088000,24,-18380.7,-306.35,391,398,-9,-2,,,,,
1454,1761739557.114000,1761739557.085500,28.5,-18379.7,-306.33,391,399,-9,-1,,,,,
1455,1761739558.094000,1761739558.092500,1.5,-18378.8,-306.31,391,397,-9,-3,,,,,
1456,1761739559.099500,1761739559.092000,7.5,-18377.8,-306.3,392,397,-8,-3,,,,,
1457,1761739560.104000,1761739560.091500,12.5,-18376.7,-306.28,391,397,-9,-3,,,,,
1458,1761739561.106000,1761739561.092000,14,-18375.7,-306.26,391,397,-9,-3,,,,,
1459,1761739562.114000,1761739562.090500,23.5,-18374.7,-306.25,391,398,-9,-2,,,,,
1460,1761739563.111000,1761739563.088000,23,-18373.7,-306.23,393,399,-7,-1,,,,,
1461,1761739564.096000,1761739564.095000,1,-18372.8,-306.21,392,397,-8,-3,,,,,
1462,1761739565.099000,1761739565.094500,4.5,-18371.8,-306.2,392,397,-8,-3,,,,,
1463,1761739566.109500,1761739566.094000,15.5,-18370.7,-306.18,391,397,-9,-3,,,,,
1464,1761739567.114000,1761739567.096000,18,-18369.7,-306.16,390,397,-10,-3,,,,,
1465,1761739568.117000,1761739568.093000,24,-18368.7,-306.15,391,398,-9,-2,,,,,
1466,1761739569.115000,1761739569.090500,24.5,-18367.7,-306.13,393,398,-7,-2,,,,,
1467,1761739570.100000,1761739570.097500,2.5,-18366.8,-306.11,391,397,-9,-3,,,,,
1468,1761739571.104500,1761739571.097000,7.5,-18365.7,-306.1,391,397,-9,-3,,,,,
1469,1761739572.110000,1761739572.096500,13.5,-18364.7,-306.08,391,398,-9,-2,,,,,
1470,1761739573.114500,1761739573.099500,15,-18363.7,-306.06,391,397,-9,-3,,,,,
1471,1761739574.114000,1761739574.100000,14,-18362.7,-306.05,393,397,-7,-3,,,,,
1472,1761739575.124500,1761739575.095000,29.5,-18361.7,-306.03,390,398,-10,-2,,,,,
1473,1761739576.102000,1761739576.095500,6.5,-18360.8,-306.01,394,399,-6,-1,,,,,
1474,1761739577.112500,1761739577.096500,16,-18359.7,-306,393,399,-7,-1,,,,,
1475,1761739578.111000,1761739578.091000,20,-18358.7,-305.98,394,400,-6,0,,,,,
1476,1761739579.098500,1761739579.093500,5,-18357.8,-305.96,394,400,-6,0,,,,,
1477,1761739580.104000,1761739580.092000,12,-18356.7,-305.95,393,401,-7,1,,,,,
1478,1761739581.106000,1761739581.099000,7,-18355.7,-305.93,393,398,-7,-2,,,,,
1479,1761739582.116500,1761739582.099500,17,-18354.7,-305.91,391,398,-9,-2,,,,,
1480,1761739583.121000,1761739583.096500,24.5,-18353.7,-305.9,391,399,-9,-1,,,,,
1481,1761739584.125500,1761739584.096500,29,-18352.7,-305.88,390,398,-10,-2,,,,,
1482,1761739585.103000,1761739585.099500,3.5,-18351.8,-305.86,390,399,-10,-1,,,,,
1483,1761739586.108500,1761739586.101000,7.5,-18350.7,-305.85,392,398,-8,-2,,,,,
1484,1761739587.113000,1761739587.100500,12.5,-18349.7,-305.83,391,398,-9,-2,,,,,
1485,1761739588.118500,1761739588.102500,16,-18348.7,-305.81,391,397,-9,-3,,,,,
1486,1761739589.121500,1761739589.099500,22,-18347.7,-305.8,392,398,-8,-2,,,,,
1487,1761739590.121000,1761739590.097000,24,-18346.7,-305.78,392,400,-8,0,,,,,
1488,1761739591.103500,1761739591.104000,0.5,-18345.8,-305.76,392,398,-8,-2,,,,,
1489,1761739592.109000,1761739592.104500,4.5,-18344.7,-305.75,392,396,-8,-4,,,,,
1490,1761739593.116000,1761739593.105000,11,-18343.7,-305.73,390,397,-10,-3,,,,,
1491,1761739594.121500,1761739594.104500,17,-18342.7,-305.71,392,397,-8,-3,,,,,
1492,1761739595.124500,1761739595.101500,23,-18341.7,-305.7,392,399,-8,-1,,,,,
1493,1761739596.126500,1761739596.101500,25,-18340.7,-305.68,391,399,-9,-1,,,,,
1494,1761739597.106500,1761739597.105500,1,-18339.7,-305.66,391,398,-9,-2,,,,,
1495,1761739598.112000,1761739598.105000,7,-18338.7,-305.65,391,397,-9,-3,,,,,
1496,1761739599.120000,1761739599.105500,14.5,-18337.7,-305.63,390,397,-10,-3,,,,,
1497,1761739600.119000,1761739600.106000,13,-18336.7,-305.61,393,398,-7,-2,,,,,
1498,1761739601.129500,1761739601.101500,28,-18335.7,-305.6,390,400,-10,0,,,,,
1499,1761739602.127500,1761739602.104000,23.5,-18334.7,-305.58,391,399,-9,-1,,,,,
1500,1761739603.107500,1761739603.109500,2,-18333.7,-305.56,392,397,-8,-3,,,,,
1501,1761739604.115500,1761739604.107500,8,-18332.7,-305.55,392,398,-8,-2,,,,,
1502,1761739605.121000,1761739605.105500,15.5,-18331.7,-305.53,392,399,-8,-1,,,,,
1503,1761739606.126500,1761739606.107500,19,-18330.7,-305.51,392,399,-8,-1,,,,,
1504,1761739607.131000,1761739607.109500,21.5,-18329.7,-305.5,391,398,-9,-2,,,,,
1505,1761739608.130500,1761739608.107000,23.5,-18328.7,-305.48,392,398,-8,-2,,,,,
1506,1761739609.113000,1761739609.110000,3,-18327.7,-305.46,392,398,-8,-2,,,,,
1507,1761739610.117500,1761739610.110500,7,-18326.7,-305.45,392,399,-8,-1,,,,,
1508,1761739611.122000,1761739611.113500,8.5,-18325.7,-305.43,391,397,-9,-3,,,,,
1509,1761739612.129000,1761739612.116500,12.5,-18324.7,-305.41,390,396,-10,-4,,,,,
1510,1761739613.134500,1761739613.109500,25,-18323.7,-305.4,391,398,-9,-2,,,,,
1511,1761739614.132500,1761739614.107000,25.5,-18322.7,-305.38,392,400,-8,0,,,,,
1512,1761739615.115000,1761739615.111500,3.5,-18321.7,-305.36,393,398,-7,-2,,,,,
1513,1761739616.119500,1761739616.113000,6.5,-18320.7,-305.35,392,398,-8,-2,,,,,
1514,1761739617.125000,1761739617.118500,6.5,-18319.7,-305.33,391,396,-9,-4,,,,,
1515,1761739618.134500,1761739618.114500,20,-18318.7,-305.31,390,397,-10,-3,,,,,
1516,1761739619.136500,1761739619.113000,23.5,-18317.7,-305.3,391,398,-9,-2,,,,,
1517,1761739620.138500,1761739620.110500,28,-18316.7,-305.28,391,399,-9,-1,,,,,
1518,1761739621.118500,1761739621.117500,1,-18315.7,-305.26,391,396,-9,-4,,,,,
1519,1761739622.123000,1761739622.114500,8.5,-18314.7,-305.25,390,398,-10,-2,,,,,
1520,1761739623.127000,1761739623.116500,10.5,-18313.7,-305.23,391,397,-9,-3,,,,,
1521,1761739624.131500,1761739624.117000,14.5,-18312.7,-305.21,392,397,-8,-3,,,,,
1522,1761739625.144500,1761739625.115500,29,-18311.7,-305.2,388,398,-12,-2,,,,,
1523,1761739626.142500,1761739626.113000,29.5,-18310.7,-305.18,390,399,-10,-1,,,,,
1524,1761739627.120000,1761739627.115000,5,-18309.7,-305.16,392,398,-8,-2,,,,,
1525,1761739628.127000,1761739628.114500,12.5,-18308.7,-305.15,390,399,-10,-1,,,,,
1526,1761739629.132500,1761739629.116500,16,-18307.7,-305.13,391,398,-9,-2,,,,,
1527,1761739630.138500,1761739630.118500,20,-18306.7,-305.11,390,398,-10,-2,,,,,
1528,1761739631.141500,1761739631.113000,28.5,-18305.7,-305.1,390,399,-10,-1,,,,,
1529,1761739632.142000,1761739632.113000,29,-18304.7,-305.08,391,399,-9,-1,,,,,
1530,1761739633.122000,1761739633.116000,6,-18303.7,-305.06,391,398,-9,-2,,,,,
1531,1761739634.127500,1761739634.120500,7,-18302.7,-305.05,392,397,-8,-3,,,,,
1532,1761739635.130500,1761739635.119000,11.5,-18301.7,-305.03,392,397,-8,-3,,,,,
1533,1761739636.134000,1761739636.116000,18,-18300.7,-305.01,393,399,-7,-1,,,,,
1534,1761739637.139500,1761739637.118000,21.5,-18299.7,-305,390,398,-10,-2,,,,,
1535,1761739638.135000,1761739638.115500,19.5,-18298.7,-304.98,394,400,-6,0,,,,,
1536,1761739639.122500,1761739639.122500,0,-18297.7,-304.96,392,397,-8,-3,,,,,
1537,1761739640.129500,1761739640.123500,6,-18296.7,-304.95,391,396,-9,-4,,,,,
1538,1761739641.132500,1761739641.123000,9.5,-18295.7,-304.93,392,397,-8,-3,,,,,
1539,1761739642.138000,1761739642.123500,14.5,-18294.7,-304.91,391,397,-9,-3,,,,,
1540,1761739643.136000,1761739643.123000,13,-18293.7,-304.9,394,398,-6,-2,,,,,
1541,1761739644.123500,1761739644.120500,3,-18292.7,-304.88,392,398,-8,-2,,,,,
1542,1761739645.125500,1761739645.121000,4.5,-18291.7,-304.86,393,399,-7,-1,,,,,
1543,1761739646.136000,1761739646.122000,14,-18290.7,-304.85,389,398,-11,-2,,,,,
1544,1761739647.134000,1761739647.124000,10,-18289.7,-304.83,394,398,-6,-2,,,,,
1545,1761739648.144500,1761739648.123500,21,-18288.7,-304.81,391,398,-9,-2,,,,,
1546,1761739649.146500,1761739649.121000,25.5,-18287.7,-304.8,390,398,-10,-2,,,,,
1547,1761739650.124000,1761739650.125500,1.5,-18286.7,-304.78,390,396,-10,-4,,,,,
1548,1761739651.128500,1761739651.125000,3.5,-18285.7,-304.76,391,396,-9,-4,,,,,
1549,1761739652.136500,1761739652.124500,12,-18284.7,-304.75,391,398,-9,-2,,,,,
1550,1761739653.133500,1761739653.128000,5.5,-18283.7,-304.73,395,397,-5,-3,,,,,
1551,1761739654.144000,1761739654.125000,19,-18282.7,-304.71,392,398,-8,-2,,,,,
1552,1761739655.149500,1761739655.122500,27,-18281.7,-304.7,391,398,-9,-2,,,,,
1553,1761739656.129500,1761739656.124500,5,-18280.7,-304.68,390,399,-10,-1,,,,,
1554,1761739657.134500,1761739657.126500,8,-18279.7,-304.66,391,398,-9,-2,,,,,
1555,1761739658.141500,1761739658.128500,13,-18278.7,-304.65,392,398,-8,-2,,,,,
1556,1761739659.144500,1761739659.127000,17.5,-18277.7,-304.63,390,398,-10,-2,,,,,
1557,1761739660.149000,1761739660.124000,25,-18276.7,-304.61,390,400,-10,0,,,,,
1558,1761739661.155500,1761739661.126500,29,-18275.7,-304.59,389,399,-11,-1,,,,,
1559,1761739662.130500,1761739662.132500,2,-18274.7,-304.58,390,397,-10,-3,,,,,
1560,1761739663.137500,1761739663.132000,5.5,-18273.7,-304.56,390,397,-10,-3,,,,,
1561,1761739664.141000,1761739664.129000,12,-18272.7,-304.55,389,398,-11,-2,,,,,
1562,1761739665.146500,1761739665.128500,18,-18271.7,-304.53,390,400,-10,0,,,,,
1563,1761739666.153500,1761739666.132000,21.5,-18270.7,-304.51,391,398,-9,-2,,,,,
1564,1761739667.154000,1761739667.129500,24.5,-18269.7,-304.49,391,398,-9,-2,,,,,
1565,1761739668.134000,1761739668.132500,1.5,-18268.7,-304.48,391,398,-9,-2,,,,,
1566,1761739669.139500,1761739669.134500,5,-18267.7,-304.46,391,397,-9,-3,,,,,
1567,1761739670.144000,1761739670.134000,10,-18266.7,-304.45,392,398,-8,-2,,,,,
1568,1761739671.148500,1761739671.133500,15,-18265.7,-304.43,391,398,-9,-2,,,,,
1569,1761739672.149000,1761739672.133000,16,-18264.7,-304.41,393,398,-7,-2,,,,,
1570,1761739673.159500,1761739673.130500,29,-18263.7,-304.39,391,399,-9,-1,,,,,
1571,1761739674.139500,1761739674.135000,4.5,-18262.7,-304.38,391,396,-9,-4,,,,,
1572,1761739675.141500,1761739675.136000,5.5,-18261.7,-304.36,393,397,-7,-3,,,,,
1573,1761739676.146000,1761739676.135500,10.5,-18260.7,-304.35,390,398,-10,-2,,,,,
1574,1761739677.151500,1761739677.136500,15,-18259.7,-304.33,392,398,-8,-2,,,,,
1575,1761739678.155000,1761739678.133500,21.5,-18258.7,-304.31,392,399,-8,-1,,,,,
1576,1761739679.163000,1761739679.133500,29.5,-18257.7,-304.29,390,399,-10,-1,,,,,
1577,1761739680.140500,1761739680.135500,5,-18256.7,-304.28,390,399,-10,-1,,,,,
1578,1761739681.143500,1761739681.137500,6,-18255.7,-304.26,392,398,-8,-2,,,,,
1579,1761739682.147000,1761739682.137000,10,-18254.7,-304.25,391,398,-9,-2,,,,,
1580,1761739683.154000,1761739683.139000,15,-18253.7,-304.23,393,397,-7,-3,,,,,
1581,1761739684.163500,1761739684.138500,25,-18252.7,-304.21,390,398,-10,-2,,,,,
1582,1761739685.160500,1761739685.136000,24.5,-18251.7,-304.19,391,398,-9,-2,,,,,
1583,1761739686.140500,1761739686.140500,0,-18250.7,-304.18,393,398,-7,-2,,,,,
1584,1761739687.146000,1761739687.140000,6,-18249.7,-304.16,392,398,-8,-2,,,,,
1585,1761739688.150500,1761739688.144500,6,-18248.7,-304.15,392,397,-8,-3,,,,,
1586,1761739689.156000,1761739689.145500,10.5,-18247.7,-304.13,392,396,-8,-4,,,,,
1587,1761739690.161500,1761739690.141000,20.5,-18246.7,-304.11,391,398,-9,-2,,,,,
1588,1761739691.162000,1761739691.138500,23.5,-18245.7,-304.09,392,399,-8,-1,,,,,
1589,1761739692.144500,1761739692.143000,1.5,-18244.7,-304.08,392,397,-8,-3,,,,,
1590,1761739693.148500,1761739693.141000,7.5,-18243.7,-304.06,393,398,-7,-2,,,,,
1591,1761739694.154000,1761739694.144000,10,-18242.7,-304.04,393,397,-7,-3,,,,,
1592,1761739695.157500,1761739695.143500,14,-18241.7,-304.03,392,398,-8,-2,,,,,
1593,1761739696.160500,1761739696.143000,17.5,-18240.7,-304.01,393,398,-7,-2,,,,,
1594,1761739697.165000,1761739697.140500,24.5,-18239.7,-303.99,392,399,-8,-1,,,,,
1595,1761739698.147500,1761739698.146000,1.5,-18238.7,-303.98,390,397,-10,-3,,,,,
1596,1761739699.152000,1761739699.144500,7.5,-18237.7,-303.96,391,398,-9,-2,,,,,
1597,1761739700.161000,1761739700.146500,14.5,-18236.7,-303.94,390,397,-10,-3,,,,,
1598,1761739701.160500,1761739701.146000,14.5,-18235.7,-303.93,391,397,-9,-3,,,,,
1599,1761739702.166000,1761739702.140500,25.5,-18234.7,-303.91,390,399,-10,-1,,,,,
1600,1761739703.171500,1761739703.140500,31,-18233.7,-303.89,391,400,-9,0,,,,,
1601,1761739704.151500,1761739704.147500,4,-18232.7,-303.88,392,397,-8,-3,,,,,
1602,1761739705.156000,1761739705.147000,9,-18231.7,-303.86,389,398,-11,-2,,,,,
1603,1761739706.160500,1761739706.148000,12.5,-18230.7,-303.84,390,398,-10,-2,,,,,
1604,1761739707.160000,1761739707.148500,11.5,-18229.7,-303.83,393,398,-7,-2,,,,,
1605,1761739708.171500,1761739708.148000,23.5,-18228.7,-303.81,390,398,-10,-2,,,,,
1606,1761739709.172000,1761739709.145500,26.5,-18227.7,-303.79,391,399,-9,-1,,,,,
1607,1761739710.152000,1761739710.146500,5.5,-18226.7,-303.78,390,398,-10,-2,,,,,
1608,1761739711.153500,1761739711.151000,2.5,-18225.7,-303.76,391,397,-9,-3,,,,,
1609,1761739712.164000,1761739712.150500,13.5,-18224.7,-303.74,389,397,-11,-3,,,,,
1610,1761739713.164500,1761739713.147500,17,-18223.7,-303.73,392,398,-8,-2,,,,,
1611,1761739714.174000,1761739714.148000,26,-18222.7,-303.71,390,398,-10,-2,,,,,
1612,1761739715.174500,1761739715.145500,29,-18221.7,-303.69,391,399,-9,-1,,,,,
1613,1761739716.154500,1761739716.150000,4.5,-18220.7,-303.68,389,398,-11,-2,,,,,
1614,1761739717.159000,1761739717.152000,7,-18219.7,-303.66,390,397,-10,-3,,,,,
1615,1761739718.163500,1761739718.151500,12,-18218.7,-303.64,391,398,-9,-2,,,,,
1616,1761739719.174000,1761739719.153500,20.5,-18217.7,-303.63,389,397,-11,-3,,,,,
1617,1761739720.176000,1761739720.147000,29,-18216.7,-303.61,390,399,-10,-1,,,,,
1618,1761739721.176500,1761739721.147000,29.5,-18215.7,-303.59,392,399,-8,-1,,,,,
1619,1761739722.159000,1761739722.151500,7.5,-18214.7,-303.58,392,399,-8,-1,,,,,
1620,1761739723.161000,1761739723.157000,4,-18213.7,-303.56,390,397,-10,-3,,,,,
1621,1761739724.164000,1761739724.154000,10,-18212.7,-303.54,393,398,-7,-2,,,,,
1622,1761739725.167000,1761739725.157000,10,-18211.7,-303.53,392,397,-8,-3,,,,,
1623,1761739726.181000,1761739726.154000,27,-18210.7,-303.51,390,398,-10,-2,,,,,
1624,1761739727.182500,1761739727.151500,31,-18209.7,-303.49,391,398,-9,-2,,,,,
1625,1761739728.162500,1761739728.156000,6.5,-18208.7,-303.48,389,397,-11,-3,,,,,
1626,1761739729.162000,1761739729.156500,5.5,-18207.7,-303.46,392,397,-8,-3,,,,,
1627,1761739730.170000,1761739730.156000,14,-18206.7,-303.44,391,397,-9,-3,,,,,
1628,1761739731.175500,1761739731.156500,19,-18205.7,-303.43,391,397,-9,-3,,,,,
1629,1761739732.181000,1761739732.155000,26,-18204.7,-303.41,391,398,-9,-2,,,,,
1630,1761739733.183000,1761739733.152500,30.5,-18203.7,-303.39,391,400,-9,0,,,,,
1631,1761739734.163000,1761739734.159500,3.5,-18202.7,-303.38,391,397,-9,-3,,,,,
1632,1761739735.168500,1761739735.160000,8.5,-18201.7,-303.36,391,396,-9,-4,,,,,
1633,1761739736.174000,1761739736.161000,13,-18200.7,-303.34,390,397,-10,-3,,,,,
1634,1761739737.176000,1761739737.159000,17,-18199.7,-303.33,391,398,-9,-2,,,,,
1635,1761739738.183000,1761739738.157500,25.5,-18198.7,-303.31,390,398,-10,-2,,,,,
1636,1761739739.186000,1761739739.155000,31,-18197.7,-303.29,390,400,-10,0,,,,,
1637,1761739740.163500,1761739740.162000,1.5,-18196.7,-303.28,390,396,-10,-4,,,,,
1638,1761739741.169000,1761739741.164000,5,-18195.7,-303.26,392,396,-8,-4,,,,,
1639,1761739742.173500,1761739742.161000,12.5,-18194.7,-303.24,391,398,-9,-2,,,,,
1640,1761739743.182500,1761739743.160500,22,-18193.7,-303.23,390,398,-10,-2,,,,,
1641,1761739744.188000,1761739744.160000,28,-18192.7,-303.21,389,399,-11,-1,,,,,
1642,1761739745.188500,1761739745.160000,28.5,-18191.7,-303.19,391,399,-9,-1,,,,,
1643,1761739746.168500,1761739746.164500,4,-18190.7,-303.18,390,397,-10,-3,,,,,
1644,1761739747.173000,1761739747.165000,8,-18189.7,-303.16,391,397,-9,-3,,,,,
1645,1761739748.181000,1761739748.164500,16.5,-18188.7,-303.14,390,398,-10,-2,,,,,
1646,1761739749.184000,1761739749.168000,16,-18187.7,-303.13,391,396,-9,-4,,,,,
1647,1761739750.193500,1761739750.160000,33.5,-18186.7,-303.11,388,400,-12,0,,,,,
1648,1761739751.192500,1761739751.162500,30,-18185.7,-303.09,393,400,-7,0,,,,,
1649,1761739752.177500,1761739752.167000,10.5,-18184.7,-303.08,392,398,-8,-2,,,,,
1650,1761739753.180500,1761739753.169000,11.5,-18183.7,-303.06,390,398,-10,-2,,,,,
1651,1761739754.186000,1761739754.171000,15,-18182.7,-303.04,390,398,-10,-2,,,,,
1652,1761739755.189000,1761739755.174000,15,-18181.7,-303.03,391,397,-9,-3,,,,,
1653,1761739756.192000,1761739756.173500,18.5,-18180.7,-303.01,391,399,-9,-1,,,,,
1654,1761739757.172000,1761739757.173500,1.5,-18179.7,-302.99,390,397,-10,-3,,,,,
1655,1761739758.181000,1761739758.172000,9,-18178.7,-302.98,389,398,-11,-2,,,,,
1656,1761739759.184000,1761739759.171500,12.5,-18177.7,-302.96,391,398,-9,-2,,,,,
1657,1761739760.187000,1761739760.173500,13.5,-18176.7,-302.94,389,397,-11,-3,,,,,
1658,1761739761.190000,1761739761.173000,17,-18175.7,-302.93,392,398,-8,-2,,,,,
1659,1761739762.192000,1761739762.175000,17,-18174.7,-302.91,392,399,-8,-1,,,,,
1660,1761739763.174500,1761739763.175000,0.5,-18173.7,-302.89,390,398,-10,-2,,,,,
1661,1761739764.182500,1761739764.177000,5.5,-18172.7,-302.88,389,397,-11,-3,,,,,
1662,1761739765.184000,1761739765.174000,10,-18171.7,-302.86,392,398,-8,-2,,,,,
1663,1761739766.188500,1761739766.173500,15,-18170.7,-302.84,390,399,-10,-1,,,,,
1664,1761739767.190500,1761739767.174500,16,-18169.7,-302.83,393,398,-7,-2,,,,,
1665,1761739768.197500,1761739768.179000,18.5,-18168.7,-302.81,391,398,-9,-2,,,,,
1666,1761739769.177500,1761739769.176500,1,-18167.7,-302.79,391,397,-9,-3,,,,,
1667,1761739770.180500,1761739770.177000,3.5,-18166.7,-302.78,392,397,-8,-3,,,,,
1668,1761739771.190000,1761739771.174000,16,-18165.7,-302.76,390,398,-10,-2,,,,,
1669,1761739772.193000,1761739772.176000,17,-18164.7,-302.74,390,396,-10,-4,,,,,
1670,1761739773.192500,1761739773.175500,17,-18163.7,-302.73,393,398,-7,-2,,,,,
1671,1761739774.199000,1761739774.177500,21.5,-18162.7,-302.71,391,400,-9,0,,,,,
1672,1761739775.179000,1761739775.180000,1,-18161.7,-302.69,394,395,-6,-5,,,,,
1673,1761739776.181000,1761739776.176000,5,-18160.7,-302.68,392,398,-8,-2,,,,,
1674,1761739777.186500,1761739777.179000,7.5,-18159.7,-302.66,393,397,-7,-3,,,,,
1675,1761739778.193500,1761739778.178500,15,-18158.7,-302.64,391,398,-9,-2,,,,,
1676,1761739779.195500,1761739779.179000,16.5,-18157.7,-302.63,392,398,-8,-2,,,,,
1677,1761739780.198500,1761739780.176000,22.5,-18156.7,-302.61,392,400,-8,0,,,,,
1678,1761739781.181000,1761739781.178500,2.5,-18155.7,-302.59,391,397,-9,-3,,,,,
1679,1761739782.185500,1761739782.178000,7.5,-18154.7,-302.58,392,399,-8,-1,,,,,
1680,1761739783.193500,1761739783.186000,7.5,-18153.7,-302.56,390,396,-10,-4,,,,,
1681,1761739784.195500,1761739784.182000,13.5,-18152.7,-302.54,392,397,-8,-3,,,,,
1682,1761739785.202500,1761739785.182500,20,-18151.7,-302.53,391,397,-9,-3,,,,,
1683,1761739786.205500,1761739786.177000,28.5,-18150.6,-302.51,390,400,-10,0,,,,,
1684,1761739787.183000,1761739787.179500,3.5,-18149.7,-302.49,394,398,-6,-2,,,,,
1685,1761739788.188500,1761739788.185000,3.5,-18148.7,-302.48,393,396,-7,-4,,,,,
1686,1761739789.194000,1761739789.182000,12,-18147.7,-302.46,391,398,-9,-2,,,,,
1687,1761739790.202000,1761739790.186500,15.5,-18146.7,-302.44,390,397,-10,-3,,,,,
1688,1761739791.204000,1761739791.185500,18.5,-18145.6,-302.43,392,397,-8,-3,,,,,
1689,1761739792.206000,1761739792.182500,23.5,-18144.6,-302.41,391,400,-9,0,,,,,
1690,1761739793.186000,1761739793.185000,1,-18143.7,-302.39,391,395,-9,-5,,,,,
1691,1761739794.190500,1761739794.183000,7.5,-18142.7,-302.38,391,398,-9,-2,,,,,
1692,1761739795.196000,1761739795.187500,8.5,-18141.7,-302.36,390,397,-10,-3,,,,,
1693,1761739796.200500,1761739796.188000,12.5,-18140.7,-302.34,391,397,-9,-3,,,,,
1694,1761739797.210000,1761739797.185000,25,-18139.6,-302.33,388,398,-12,-2,,,,,
1695,1761739798.203000,1761739798.181000,22,-18138.7,-302.31,393,401,-7,1,,,,,
1696,1761739799.188000,1761739799.186000,2,-18137.7,-302.29,392,397,-8,-3,,,,,
1697,1761739800.195000,1761739800.185500,9.5,-18136.7,-302.28,391,398,-9,-2,,,,,
1698,1761739801.195500,1761739801.188500,7,-18135.7,-302.26,393,398,-7,-2,,,,,
1699,1761739802.205000,1761739802.191500,13.5,-18134.6,-302.24,391,397,-9,-3,,,,,
1700,1761739803.210500,1761739803.186000,24.5,-18133.6,-302.23,390,399,-10,-1,,,,,
1701,1761739804.208500,1761739804.186000,22.5,-18132.6,-302.21,392,399,-8,-1,,,,,
1702,1761739805.191000,1761739805.189000,2,-18131.7,-302.19,393,398,-7,-2,,,,,
1703,1761739806.198000,1761739806.188500,9.5,-18130.7,-302.18,391,398,-9,-2,,,,,
1704,1761739807.200000,1761739807.188000,12,-18129.7,-302.16,392,398,-8,-2,,,,,
1705,1761739808.207000,1761739808.190000,17,-18128.6,-302.14,392,399,-8,-1,,,,,
1706,1761739809.210000,1761739809.189500,20.5,-18127.6,-302.13,391,399,-9,-1,,,,,
1707,1761739810.210500,1761739810.189500,21,-18126.6,-302.11,392,397,-8,-3,,,,,
1708,1761739811.193000,1761739811.191500,1.5,-18125.7,-302.09,392,398,-8,-2,,,,,
1709,1761739812.200000,1761739812.190000,10,-18124.7,-302.08,390,399,-10,-1,,,,,
1710,1761739813.204000,1761739813.189500,14.5,-18123.6,-302.06,391,399,-9,-1,,,,,
1711,1761739814.212000,1761739814.192500,19.5,-18122.6,-302.04,389,398,-11,-2,,,,,
1712,1761739815.211000,1761739815.188000,23,-18121.6,-302.03,392,399,-8,-1,,,,,
1713,1761739816.216500,1761739816.188000,28.5,-18120.6,-302.01,391,398,-9,-2,,,,,
1714,1761739817.196500,1761739817.193500,3,-18119.7,-301.99,391,397,-9,-3,,,,,
1715,1761739818.200000,1761739818.193000,7,-18118.7,-301.98,390,398,-10,-2,,,,,
1716,1761739819.207000,1761739819.193500,13.5,-18117.6,-301.96,389,398,-11,-2,,,,,
1717,1761739820.211500,1761739820.193000,18.5,-18116.6,-301.94,390,398,-10,-2,,,,,
1718,1761739821.216000,1761739821.192500,23.5,-18115.6,-301.93,390,398,-10,-2,,,,,
1719,1761739822.224000,1761739822.190000,34,-18114.6,-301.91,389,400,-11,0,,,,,
1720,1761739823.199000,1761739823.193000,6,-18113.7,-301.89,391,399,-9,-1,,,,,
1721,1761739824.206000,1761739824.193500,12.5,-18112.6,-301.88,391,399,-9,-1,,,,,
1722,1761739825.210500,1761739825.195500,15,-18111.6,-301.86,390,397,-10,-3,,,,,
1723,1761739826.215000,1761739826.196000,19,-18110.6,-301.84,391,398,-9,-2,,,,,
1724,1761739827.218000,1761739827.193000,25,-18109.6,-301.83,391,398,-9,-2,,,,,
1725,1761739828.217500,1761739828.190500,27,-18108.6,-301.81,391,401,-9,1,,,,,
1726,1761739829.197500,1761739829.195000,2.5,-18107.7,-301.79,392,398,-8,-2,,,,,
1727,1761739830.204500,1761739830.199500,5,-18106.6,-301.78,392,397,-8,-3,,,,,
1728,1761739831.211500,1761739831.197500,14,-18105.6,-301.76,391,398,-9,-2,,,,,
1729,1761739832.213500,1761739832.197000,16.5,-18104.6,-301.74,392,398,-8,-2,,,,,
1730,1761739833.224000,1761739833.194000,30,-18103.6,-301.73,390,400,-10,0,,,,,
1731,1761739834.221000,1761739834.196500,24.5,-18102.6,-301.71,391,399,-9,-1,,,,,
1732,1761739835.201000,1761739835.202000,1,-18101.7,-301.69,392,397,-8,-3,,,,,
1733,1761739836.208000,1761739836.201500,6.5,-18100.6,-301.68,392,396,-8,-4,,,,,
1734,1761739837.210000,1761739837.201000,9,-18099.6,-301.66,393,398,-7,-2,,,,,
1735,1761739838.216000,1761739838.203000,13,-18098.6,-301.64,392,397,-8,-3,,,,,
1736,1761739839.223500,1761739839.201500,22,-18097.6,-301.63,391,398,-9,-2,,,,,
1737,1761739840.225500,1761739840.199000,26.5,-18096.6,-301.61,391,399,-9,-1,,,,,
1738,1761739841.205500,1761739841.204500,1,-18095.6,-301.59,391,397,-9,-3,,,,,
1739,1761739842.212000,1761739842.200500,11.5,-18094.6,-301.58,391,399,-9,-1,,,,,
1740,1761739843.215000,1761739843.203500,11.5,-18093.6,-301.56,391,396,-9,-4,,,,,
1741,1761739844.221500,1761739844.203000,18.5,-18092.6,-301.54,391,398,-9,-2,,,,,
1742,1761739845.221000,1761739845.203500,17.5,-18091.6,-301.53,393,398,-7,-2,,,,,
1743,1761739846.230000,1761739846.201000,29,-18090.6,-301.51,391,400,-9,0,,,,,
1744,1761739847.210000,1761739847.204500,5.5,-18089.6,-301.49,391,398,-9,-2,,,,,
1745,1761739848.214500,1761739848.204000,10.5,-18088.6,-301.48,391,399,-9,-1,,,,,
1746,1761739849.217500,1761739849.206000,11.5,-18087.6,-301.46,392,398,-8,-2,,,,,
1747,1761739850.220500,1761739850.208000,12.5,-18086.6,-301.44,392,397,-8,-3,,,,,
1748,1761739851.230000,1761739851.204000,26,-18085.6,-301.43,390,398,-10,-2,,,,,
1749,1761739852.229500,1761739852.201500,28,-18084.6,-301.41,392,399,-8,-1,,,,,
1750,1761739853.212000,1761739853.203500,8.5,-18083.6,-301.39,392,400,-8,0,,,,,
1751,1761739854.221500,1761739854.208000,13.5,-18082.6,-301.38,389,398,-11,-2,,,,,
1752,1761739855.223500,1761739855.210000,13.5,-18081.6,-301.36,390,397,-10,-3,,,,,
1753,1761739856.229000,1761739856.209500,19.5,-18080.6,-301.34,390,397,-10,-3,,,,,
1754,1761739857.233500,1761739857.210000,23.5,-18079.6,-301.33,390,397,-10,-3,,,,,
1755,1761739858.239000,1761739858.205000,34,-18078.6,-301.31,389,398,-11,-2,,,,,
1756,1761739859.214000,1761739859.209500,4.5,-18077.6,-301.29,391,398,-9,-2,,,,,
1757,1761739860.217500,1761739860.214000,3.5,-18076.6,-301.28,390,397,-10,-3,,,,,
1758,1761739861.228000,1761739861.211000,17,-18075.6,-301.26,389,398,-11,-2,,,,,
1759,1761739862.230000,1761739862.210500,19.5,-18074.6,-301.24,390,398,-10,-2,,,,,
1760,1761739863.235500,1761739863.210000,25.5,-18073.6,-301.23,390,400,-10,0,,,,,
1761,1761739864.238500,1761739864.212500,26,-18072.6,-301.21,393,399,-7,-1,,,,,
1762,1761739865.223500,1761739865.216000,7.5,-18071.6,-301.19,391,397,-9,-3,,,,,
1763,1761739866.225500,1761739866.214000,11.5,-18070.6,-301.18,391,399,-9,-1,,,,,
1764,1761739867.232500,1761739867.220000,12.5,-18069.6,-301.16,390,397,-10,-3,,,,,
1765,1761739868.234500,1761739868.218000,16.5,-18068.6,-301.14,392,398,-8,-2,,,,,
1766,1761739869.239000,1761739869.217500,21.5,-18067.6,-301.13,391,400,-9,0,,,,,
1767,1761739870.219000,1761739870.220000,1,-18066.6,-301.11,392,397,-8,-3,,,,,
1768,1761739871.224500,1761739871.219500,5,-18065.6,-301.09,390,395,-10,-5,,,,,
1769,1761739872.226500,1761739872.219000,7.5,-18064.6,-301.08,392,397,-8,-3,,,,,
1770,1761739873.232000,1761739873.219500,12.5,-18063.6,-301.06,391,397,-9,-3,,,,,
1771,1761739874.236500,1761739874.216500,20,-18062.6,-301.04,391,398,-9,-2,,,,,
1772,1761739875.238500,1761739875.214000,24.5,-18061.6,-301.03,392,399,-8,-1,,,,,
1773,1761739876.221000,1761739876.219500,1.5,-18060.6,-301.01,391,397,-9,-3,,,,,
1774,1761739877.225500,1761739877.220500,5,-18059.6,-300.99,391,397,-9,-3,,,,,
1775,1761739878.230000,1761739878.218500,11.5,-18058.6,-300.98,391,399,-9,-1,,,,,
1776,1761739879.233000,1761739879.219500,13.5,-18057.6,-300.96,392,398,-8,-2,,,,,
1777,1761739880.238500,1761739880.219000,19.5,-18056.6,-300.94,391,398,-9,-2,,,,,
1778,1761739881.244000,1761739881.216500,27.5,-18055.6,-300.93,390,398,-10,-2,,,,,
1779,1761739882.221500,1761739882.222000,0.5,-18054.6,-300.91,392,397,-8,-3,,,,,
1780,1761739883.227000,1761739883.221500,5.5,-18053.6,-300.89,392,399,-8,-1,,,,,
1781,1761739884.234000,1761739884.226000,8,-18052.6,-300.88,390,397,-10,-3,,,,,
1782,1761739885.237000,1761739885.225500,11.5,-18051.6,-300.86,391,397,-9,-3,,,,,
1783,1761739886.247500,1761739886.221000,26.5,-18050.6,-300.84,389,399,-11,-1,,,,,
1784,1761739887.248500,1761739887.221000,27.5,-18049.6,-300.83,390,398,-10,-2,,,,,
1785,1761739888.226000,1761739888.225500,0.5,-18048.6,-300.81,389,397,-11,-3,,,,,
1786,1761739889.231500,1761739889.225000,6.5,-18047.6,-300.79,391,398,-9,-2,,,,,
1787,1761739890.235000,1761739890.222000,13,-18046.6,-300.78,391,400,-9,0,,,,,
1788,1761739891.240500,1761739891.225000,15.5,-18045.6,-300.76,392,399,-8,-1,,,,,
1789,1761739892.245000,1761739892.226000,19,-18044.6,-300.74,391,398,-9,-2,,,,,
1790,1761739893.247000,1761739893.223500,23.5,-18043.6,-300.73,391,399,-9,-1,,,,,
1791,1761739894.227000,1761739894.225500,1.5,-18042.6,-300.71,390,397,-10,-3,,,,,
1792,1761739895.231500,1761739895.227500,4,-18041.6,-300.69,391,396,-9,-4,,,,,
1793,1761739896.237000,1761739896.230500,6.5,-18040.6,-300.68,390,396,-10,-4,,,,,
1794,1761739897.241500,1761739897.227500,14,-18039.6,-300.66,391,397,-9,-3,,,,,
1795,1761739898.248500,1761739898.224500,24,-18038.6,-300.64,390,398,-10,-2,,,,,
1796,1761739899.248000,1761739899.222000,26,-18037.6,-300.63,392,399,-8,-1,,,,,
1797,1761739900.230500,1761739900.224000,6.5,-18036.6,-300.61,391,398,-9,-2,,,,,
1798,1761739901.235000,1761739901.226000,9,-18035.6,-300.59,391,398,-9,-2,,,,,
1799,1761739902.237000,1761739902.224500,12.5,-18034.6,-300.58,393,398,-7,-2,,,,,
1800,1761739903.244000,1761739903.232500,11.5,-18033.6,-300.56,392,396,-8,-4,,,,,
1801,1761739904.247000,1761739904.229500,17.5,-18032.6,-300.54,391,397,-9,-3,,,,,
1802,1761739905.253000,1761739905.224500,28.5,-18031.6,-300.53,389,399,-11,-1,,,,,
1803,1761739906.228000,1761739906.229000,1,-18030.6,-300.51,391,398,-9,-2,,,,,
1804,1761739907.236000,1761739907.231000,5,-18029.6,-300.49,392,397,-8,-3,,,,,
1805,1761739908.241500,1761739908.230500,11,-18028.6,-300.48,392,397,-8,-3,,,,,
1806,1761739909.246000,1761739909.230000,16,-18027.6,-300.46,393,397,-7,-3,,,,,
1807,1761739910.249500,1761739910.227000,22.5,-18026.6,-300.44,391,399,-9,-1,,,,,
1808,1761739911.255000,1761739911.227000,28,-18025.6,-300.43,391,398,-9,-2,,,,,
1809,1761739912.235000,1761739912.229000,6,-18024.6,-300.41,389,398,-11,-2,,,,,
1810,1761739913.240500,1761739913.229500,11,-18023.6,-300.39,390,398,-10,-2,,,,,
1811,1761739914.243500,1761739914.231500,12,-18022.6,-300.38,392,398,-8,-2,,,,,
1812,1761739915.249000,1761739915.232500,16.5,-18021.6,-300.36,390,397,-10,-3,,,,,
1813,1761739916.252000,1761739916.230500,21.5,-18020.6,-300.34,392,398,-8,-2,,,,,
1814,1761739917.254000,1761739917.228000,26,-18019.6,-300.33,391,398,-9,-2,,,,,
1815,1761739918.234000,1761739918.232500,1.5,-18018.6,-300.31,394,398,-6,-2,,,,,
1816,1761739919.239500,1761739919.235500,4,-18017.6,-300.29,391,397,-9,-3,,,,,
1817,1761739920.246500,1761739920.236000,10.5,-18016.6,-300.28,392,397,-8,-3,,,,,
1818,1761739921.248500,1761739921.233000,15.5,-18015.6,-300.26,391,398,-9,-2,,,,,
1819,1761739922.254500,1761739922.231000,23.5,-18014.6,-300.24,391,399,-9,-1,,,,,
1820,1761739923.257500,1761739923.231000,26.5,-18013.6,-300.23,391,398,-9,-2,,,,,
1821,1761739924.237500,1761739924.235000,2.5,-18012.6,-300.21,391,397,-9,-3,,,,,
1822,1761739925.241000,1761739925.234500,6.5,-18011.6,-300.19,392,398,-8,-2,,,,,
1823,1761739926.245500,1761739926.234000,11.5,-18010.6,-300.18,391,399,-9,-1,,,,,
1824,1761739927.252000,1761739927.240500,11.5,-18009.6,-300.16,393,396,-7,-4,,,,,
1825,1761739928.261500,1761739928.238500,23,-18008.6,-300.14,389,397,-11,-3,,,,,
1826,1761739929.261000,1761739929.233500,27.5,-18007.6,-300.13,391,399,-9,-1,,,,,
1827,1761739930.241000,1761739930.235500,5.5,-18006.6,-300.11,390,398,-10,-2,,,,,
1828,1761739931.243000,1761739931.236000,7,-18005.6,-300.09,392,399,-8,-1,,,,,
1829,1761739932.252500,1761739932.240000,12.5,-18004.6,-300.08,390,397,-10,-3,,,,,
1830,1761739933.254500,1761739933.242000,12.5,-18003.6,-300.06,391,397,-9,-3,,,,,
1831,1761739934.258000,1761739934.240000,18,-18002.6,-300.04,392,397,-8,-3,,,,,
1832,1761739935.261000,1761739935.235000,26,-18001.6,-300.03,391,399,-9,-1,,,,,
1833,1761739936.241000,1761739936.237000,4,-18000.6,-300.01,394,400,-6,0,,,,,
1834,1761739937.247000,1761739937.240500,6.5,-17999.6,-299.99,391,398,-9,-2,,,,,
1835,1761739938.252500,1761739938.242500,10,-17998.6,-299.98,391,397,-9,-3,,,,,
1836,1761739939.258000,1761739939.239500,18.5,-17997.6,-299.96,391,399,-9,-1,,,,,
1837,1761739940.266000,1761739940.239000,27,-17996.6,-299.94,391,399,-9,-1,,,,,
1838,1761739941.263000,1761739941.239000,24,-17995.6,-299.93,391,398,-9,-2,,,,,
1839,1761739942.243000,1761739942.241000,2,-17994.6,-299.91,390,398,-10,-2,,,,,
1840,1761739943.248500,1761739943.239500,9,-17993.6,-299.89,392,400,-8,0,,,,,
1841,1761739944.256500,1761739944.246500,10,-17992.6,-299.88,391,397,-9,-3,,,,,
1842,1761739945.258500,1761739945.246000,12.5,-17991.6,-299.86,392,397,-8,-3,,,,,
1843,1761739946.264000,1761739946.245500,18.5,-17990.6,-299.84,392,397,-8,-3,,,,,
1844,1761739947.264500,1761739947.240500,24,-17989.6,-299.83,395,398,-5,-2,,,,,
1845,1761739948.254500,1761739948.243000,11.5,-17988.6,-299.81,396,398,-4,-2,,,,,
1846,1761739949.258000,1761739949.239000,19,-17987.6,-299.79,394,399,-6,-1,,,,,
1847,1761739950.259000,1761739950.239000,20,-17986.6,-299.78,394,401,-6,1,,,,,
1848,1761739951.246500,1761739951.246000,0.5,-17985.6,-299.76,394,399,-6,-1,,,,,
1849,1761739952.253500,1761739952.247000,6.5,-17984.6,-299.74,390,398,-10,-2,,,,,
1850,1761739953.255500,1761739953.245000,10.5,-17983.6,-299.73,391,399,-9,-1,,,,,
1851,1761739954.266000,1761739954.247000,19,-17982.6,-299.71,391,397,-9,-3,,,,,
1852,1761739955.270500,1761739955.241500,29,-17981.6,-299.69,391,399,-9,-1,,,,,
1853,1761739956.275000,1761739956.241500,33.5,-17980.6,-299.68,390,398,-10,-2,,,,,
1854,1761739957.252500,1761739957.247000,5.5,-17979.6,-299.66,390,397,-10,-3,,,,,
1855,1761739958.257000,1761739958.254000,3,-17978.6,-299.64,391,396,-9,-4,,,,,
1856,1761739959.261500,1761739959.249500,12,-17977.6,-299.63,392,398,-8,-2,,,,,
1857,1761739960.266000,1761739960.250500,15.5,-17976.6,-299.61,392,397,-8,-3,,,,,
1858,1761739961.275500,1761739961.245000,30.5,-17975.6,-299.59,390,399,-10,-1,,,,,
1859,1761739962.272500,1761739962.245000,27.5,-17974.6,-299.58,391,399,-9,-1,,,,,
1860,1761739963.252500,1761739963.249500,3,-17973.6,-299.56,392,399,-8,-1,,,,,
1861,1761739964.258000,1761739964.255500,2.5,-17972.6,-299.54,393,396,-7,-4,,,,,
1862,1761739965.263500,1761739965.251000,12.5,-17971.6,-299.53,391,398,-9,-2,,,,,
1863,1761739966.273000,1761739966.253000,20,-17970.6,-299.51,390,397,-10,-3,,,,,
1864,1761739967.271000,1761739967.250000,21,-17969.6,-299.49,392,399,-8,-1,,,,,
1865,1761739968.273000,1761739968.250000,23,-17968.6,-299.48,392,399,-8,-1,,,,,
1866,1761739969.255500,1761739969.254500,1,-17967.6,-299.46,394,397,-6,-3,,,,,
1867,1761739970.262500,1761739970.252500,10,-17966.6,-299.44,392,396,-8,-4,,,,,
1868,1761739971.267000,1761739971.258000,9,-17965.6,-299.43,391,396,-9,-4,,,,,
1869,1761739972.272500,1761739972.252500,20,-17964.6,-299.41,392,399,-8,-1,,,,,
1870,1761739973.277000,1761739973.254500,22.5,-17963.6,-299.39,391,398,-9,-2,,,,,
1871,1761739974.279000,1761739974.252000,27,-17962.6,-299.38,392,399,-8,-1,,,,,
1872,1761739975.261500,1761739975.256500,5,-17961.6,-299.36,390,396,-10,-4,,,,,
1873,1761739976.266000,1761739976.258500,7.5,-17960.6,-299.34,392,397,-8,-3,,,,,
1874,1761739977.269000,1761739977.259500,9.5,-17959.6,-299.33,391,396,-9,-4,,,,,
1875,1761739978.271500,1761739978.255000,16.5,-17958.6,-299.31,392,398,-8,-2,,,,,
1876,1761739979.281000,1761739979.253500,27.5,-17957.6,-299.29,390,398,-10,-2,,,,,
1877,1761739980.281500,1761739980.251000,30.5,-17956.6,-299.28,390,401,-10,1,,,,,
1878,1761739981.259000,1761739981.259000,0,-17955.6,-299.26,391,397,-9,-3,,,,,
1879,1761739982.264500,1761739982.262000,2.5,-17954.6,-299.24,392,397,-8,-3,,,,,
1880,1761739983.269000,1761739983.261500,7.5,-17953.6,-299.23,391,397,-9,-3,,,,,
1881,1761739984.273000,1761739984.256000,17,-17952.6,-299.21,392,399,-8,-1,,,,,
1882,1761739985.279000,1761739985.258000,21,-17951.6,-299.19,391,398,-9,-2,,,,,
1883,1761739986.279500,1761739986.255500,24,-17950.6,-299.18,392,400,-8,0,,,,,
1884,1761739987.262000,1761739987.260000,2,-17949.6,-299.16,392,398,-8,-2,,,,,
1885,1761739988.268500,1761739988.262000,6.5,-17948.6,-299.14,391,398,-9,-2,,,,,
1886,1761739989.273000,1761739989.264000,9,-17947.6,-299.13,391,397,-9,-3,,,,,
1887,1761739990.273500,1761739990.263500,10,-17946.6,-299.11,392,397,-8,-3,,,,,
1888,1761739991.280500,1761739991.257000,23.5,-17945.6,-299.09,392,400,-8,0,,,,,
1889,1761739992.288500,1761739992.259500,29,-17944.6,-299.08,390,399,-10,-1,,,,,
1890,1761739993.266000,1761739993.265000,1,-17943.6,-299.06,392,397,-8,-3,,,,,
1891,1761739994.269000,1761739994.264500,4.5,-17942.6,-299.04,391,396,-9,-4,,,,,
1892,1761739995.277000,1761739995.261500,15.5,-17941.6,-299.03,392,399,-8,-1,,,,,
1893,1761739996.281500,1761739996.263500,18,-17940.6,-299.01,391,398,-9,-2,,,,,
1894,1761739997.285500,1761739997.261500,24,-17939.6,-298.99,391,398,-9,-2,,,,,
1895,1761739998.285000,1761739998.259000,26,-17938.6,-298.98,392,399,-8,-1,,,,,
1896,1761739999.267500,1761739999.262000,5.5,-17937.6,-298.96,391,398,-9,-2,,,,,
1897,1761740000.269500,1761740000.265500,4,-17936.6,-298.94,392,398,-8,-2,,,,,
1898,1761740001.280000,1761740001.268500,11.5,-17935.6,-298.93,391,397,-9,-3,,,,,
1899,1761740002.283000,1761740002.265500,17.5,-17934.6,-298.91,391,398,-9,-2,,,,,
1900,1761740003.290000,1761740003.265000,25,-17933.6,-298.89,390,398,-10,-2,,,,,
1901,1761740004.288500,1761740004.262500,26,-17932.6,-298.88,391,398,-9,-2,,,,,
1902,1761740005.268500,1761740005.267000,1.5,-17931.6,-298.86,393,397,-7,-3,,,,,
1903,1761740006.275500,1761740006.266500,9,-17930.6,-298.84,392,399,-8,-1,,,,,
1904,1761740007.283500,1761740007.268500,15,-17929.6,-298.83,391,398,-9,-2,,,,,
1905,1761740008.284000,1761740008.274000,10,-17928.6,-298.81,392,396,-8,-4,,,,,
1906,1761740009.288500,1761740009.268500,20,-17927.6,-298.79,392,398,-8,-2,,,,,
1907,1761740010.288000,1761740010.266000,22,-17926.6,-298.78,392,399,-8,-1,,,,,
1908,1761740011.270500,1761740011.270500,0,-17925.6,-298.76,390,397,-10,-3,,,,,
1909,1761740012.278500,1761740012.269000,9.5,-17924.6,-298.74,391,396,-9,-4,,,,,
1910,1761740013.284000,1761740013.266000,18,-17923.6,-298.73,391,399,-9,-1,,,,,
1911,1761740014.289500,1761740014.270500,19,-17922.6,-298.71,391,398,-9,-2,,,,,
1912,1761740015.292500,1761740015.266500,26,-17921.6,-298.69,391,399,-9,-1,,,,,
1913,1761740016.294500,1761740016.266500,28,-17920.6,-298.68,391,399,-9,-1,,,,,
1914,1761740017.274500,1761740017.270000,4.5,-17919.6,-298.66,393,398,-7,-2,,,,,
1915,1761740018.284000,1761740018.270500,13.5,-17918.6,-298.64,390,398,-10,-2,,,,,
1916,1761740019.284500,1761740019.274000,10.5,-17917.6,-298.63,391,397,-9,-3,,,,,
1917,1761740020.294000,1761740020.273500,20.5,-17916.6,-298.61,389,397,-11,-3,,,,,
1918,1761740021.298500,1761740021.273000,25.5,-17915.6,-298.59,390,398,-10,-2,,,,,
1919,1761740022.295500,1761740022.270500,25,-17914.6,-298.58,391,399,-9,-1,,,,,
1920,1761740023.275500,1761740023.276000,0.5,-17913.6,-298.56,392,397,-8,-3,,,,,
1921,1761740024.281500,1761740024.273000,8.5,-17912.6,-298.54,390,398,-10,-2,,,,,
1922,1761740025.289500,1761740025.276500,13,-17911.6,-298.53,391,397,-9,-3,,,,,
1923,1761740026.294000,1761740026.276000,18,-17910.6,-298.51,391,397,-9,-3,,,,,
1924,1761740027.297500,1761740027.275500,22,-17909.6,-298.49,391,398,-9,-2,,,,,
1925,1761740028.299500,1761740028.273000,26.5,-17908.6,-298.48,391,399,-9,-1,,,,,
1926,1761740029.279500,1761740029.274000,5.5,-17907.6,-298.46,391,397,-9,-3,,,,,
1927,1761740030.281500,1761740030.276000,5.5,-17906.6,-298.44,392,397,-8,-3,,,,,
1928,1761740031.291000,1761740031.276500,14.5,-17905.6,-298.43,391,397,-9,-3,,,,,
1929,1761740032.296500,1761740032.275000,21.5,-17904.6,-298.41,391,398,-9,-2,,,,,
1930,1761740033.297000,1761740033.271500,25.5,-17903.6,-298.39,392,400,-8,0,,,,,
1931,1761740034.302500,1761740034.274000,28.5,-17902.6,-298.38,391,399,-9,-1,,,,,
1932,1761740035.282500,1761740035.278500,4,-17901.6,-298.36,392,398,-8,-2,,,,,
1933,1761740036.286500,1761740036.281500,5,-17900.6,-298.34,393,396,-7,-4,,,,,
1934,1761740037.292000,1761740037.277000,15,-17899.6,-298.33,391,398,-9,-2,,,,,
1935,1761740038.299000,1761740038.276500,22.5,-17898.6,-298.31,390,399,-10,-1,,,,,
1936,1761740039.302000,1761740039.278500,23.5,-17897.6,-298.29,391,398,-9,-2,,,,,
1937,1761740040.297500,1761740040.276000,21.5,-17896.6,-298.28,394,400,-6,0,,,,,
1938,1761740041.285000,1761740041.283000,2,-17895.6,-298.26,391,396,-9,-4,,,,,
1939,1761740042.287000,1761740042.279500,7.5,-17894.6,-298.24,392,398,-8,-2,,,,,
1940,1761740043.296500,1761740043.279000,17.5,-17893.6,-298.23,390,399,-10,-1,,,,,
1941,1761740044.297500,1761740044.283500,14,-17892.6,-298.21,391,397,-9,-3,,,,,
1942,1761740045.304000,1761740045.278000,26,-17891.5,-298.19,391,399,-9,-1,,,,,
1943,1761740046.302500,1761740046.278000,24.5,-17890.6,-298.18,393,399,-7,-1,,,,,
1944,1761740047.287500,1761740047.282500,5,-17889.6,-298.16,391,398,-9,-2,,,,,
1945,1761740048.293000,1761740048.284500,8.5,-17888.6,-298.14,390,397,-10,-3,,,,,
1946,1761740049.295000,1761740049.284000,11,-17887.6,-298.13,392,397,-8,-3,,,,,
1947,1761740050.297000,1761740050.283500,13.5,-17886.6,-298.11,393,397,-7,-3,,,,,
1948,1761740051.305000,1761740051.280500,24.5,-17885.5,-298.09,391,400,-9,0,,,,,
1949,1761740052.310500,1761740052.283000,27.5,-17884.5,-298.08,392,400,-8,0,,,,,
1950,1761740053.293000,1761740053.290000,3,-17883.6,-298.06,393,397,-7,-3,,,,,
1951,1761740054.298500,1761740054.287000,11.5,-17882.6,-298.04,390,398,-10,-2,,,,,
1952,1761740055.300500,1761740055.285500,15,-17881.6,-298.03,391,399,-9,-1,,,,,
1953,1761740056.306000,1761740056.285000,21,-17880.5,-298.01,391,399,-9,-1,,,,,
1954,1761740057.305000,1761740057.287000,18,-17879.5,-297.99,393,401,-7,1,,,,,
1955,1761740058.290000,1761740058.292000,2,-17878.6,-297.98,391,395,-9,-5,,,,,
1956,1761740059.295500,1761740059.294000,1.5,-17877.6,-297.96,390,396,-10,-4,,,,,
1957,1761740060.301000,1761740060.290000,11,-17876.6,-297.94,391,398,-9,-2,,,,,
1958,1761740061.301500,1761740061.289500,12,-17875.6,-297.93,392,398,-8,-2,,,,,
1959,1761740062.310500,1761740062.290000,20.5,-17874.5,-297.91,391,398,-9,-2,,,,,
1960,1761740063.313500,1761740063.292000,21.5,-17873.5,-297.89,391,398,-9,-2,,,,,
1961,1761740064.293500,1761740064.289500,4,-17872.6,-297.88,389,398,-11,-2,,,,,
1962,1761740065.296500,1761740065.289000,7.5,-17871.6,-297.86,391,398,-9,-2,,,,,
1963,1761740066.298500,1761740066.291000,7.5,-17870.6,-297.84,393,397,-7,-3,,,,,
1964,1761740067.305500,1761740067.294000,11.5,-17869.5,-297.83,392,397,-8,-3,,,,,
1965,1761740068.311000,1761740068.291000,20,-17868.5,-297.81,391,398,-9,-2,,,,,
1966,1761740069.315500,1761740069.288000,27.5,-17867.5,-297.79,390,400,-10,0,,,,,
1967,1761740070.293000,1761740070.290500,2.5,-17866.6,-297.78,390,398,-10,-2,,,,,
1968,1761740071.298500,1761740071.293500,5,-17865.6,-297.76,391,398,-9,-2,,,,,
1969,1761740072.303000,1761740072.293000,10,-17864.6,-297.74,391,398,-9,-2,,,,,
1970,1761740073.311000,1761740073.292500,18.5,-17863.5,-297.73,391,398,-9,-2,,,,,
1971,1761740074.320500,1761740074.293000,27.5,-17862.5,-297.71,389,398,-11,-2,,,,,
1972,1761740075.317500,1761740075.290000,27.5,-17861.5,-297.69,390,400,-10,0,,,,,
1973,1761740076.295000,1761740076.292500,2.5,-17860.6,-297.68,392,397,-8,-3,,,,,
1974,1761740077.300500,1761740077.292000,8.5,-17859.6,-297.66,390,399,-10,-1,,,,,
1975,1761740078.305000,1761740078.294000,11,-17858.5,-297.64,390,397,-10,-3,,,,,
1976,1761740079.314000,1761740079.296000,18,-17857.5,-297.63,390,397,-10,-3,,,,,
1977,1761740080.312000,1761740080.299000,13,-17856.5,-297.61,392,397,-8,-3,,,,,
1978,1761740081.319000,1761740081.296000,23,-17855.5,-297.59,391,400,-9,0,,,,,
1979,1761740082.299000,1761740082.298500,0.5,-17854.6,-297.58,389,397,-11,-3,,,,,
1980,1761740083.304500,1761740083.298000,6.5,-17853.5,-297.56,390,398,-10,-2,,,,,
1981,1761740084.309000,1761740084.300000,9,-17852.5,-297.54,392,397,-8,-3,,,,,
1982,1761740085.314500,1761740085.299500,15,-17851.5,-297.53,391,398,-9,-2,,,,,
1983,1761740086.316000,1761740086.295500,20.5,-17850.5,-297.51,392,399,-8,-1,,,,,
1984,1761740087.321500,1761740087.295500,26,-17849.5,-297.49,391,399,-9,-1,,,,,
1985,1761740088.301500,1761740088.301000,0.5,-17848.6,-297.48,391,396,-9,-4,,,,,
1986,1761740089.307000,1761740089.299500,7.5,-17847.5,-297.46,389,398,-11,-2,,,,,
1987,1761740090.312500,1761740090.302500,10,-17846.5,-297.44,391,397,-9,-3,,,,,
1988,1761740091.318000,1761740091.300500,17.5,-17845.5,-297.43,390,398,-10,-2,,,,,
1989,1761740092.322500,1761740092.297500,25,-17844.5,-297.41,391,399,-9,-1,,,,,
1990,1761740093.324500,1761740093.297500,27,-17843.5,-297.39,390,397,-10,-3,,,,,
1991,1761740094.302000,1761740094.303000,1,-17842.6,-297.38,391,398,-9,-2,,,,,
1992,1761740095.310500,1761740095.306000,4.5,-17841.5,-297.36,391,397,-9,-3,,,,,
1993,1761740096.315000,1761740096.305500,9.5,-17840.5,-297.34,390,397,-10,-3,,,,,
1994,1761740097.318500,1761740097.305000,13.5,-17839.5,-297.33,390,397,-10,-3,,,,,
1995,1761740098.324000,1761740098.302000,22,-17838.5,-297.31,392,398,-8,-2,,,,,
1996,1761740099.321000,1761740099.299500,21.5,-17837.5,-297.29,393,400,-7,0,,,,,
1997,1761740100.306000,1761740100.304000,2,-17836.5,-297.28,392,398,-8,-2,,,,,
1998,1761740101.311500,1761740101.308500,3,-17835.5,-297.26,393,397,-7,-3,,,,,
1999,1761740102.317000,1761740102.306500,10.5,-17834.5,-297.24,392,398,-8,-2,,,,,
2000,1761740103.319000,1761740103.308500,10.5,-17833.5,-297.23,392,397,-8,-3,,,,,
2001,1761740104.324500,1761740104.301500,23,-17832.5,-297.21,392,400,-8,0,,,,,
2002,1761740105.324000,1761740105.304000,20,-17831.5,-297.19,393,399,-7,-1,,,,,
2003,1761740106.309000,1761740106.308500,0.5,-17830.5,-297.18,392,398,-8,-2,,,,,
2004,1761740107.313500,1761740107.313000,0.5,-17829.5,-297.16,393,396,-7,-4,,,,,
2005,1761740108.320500,1761740108.307500,13,-17828.5,-297.14,393,399,-7,-1,,,,,
2006,1761740109.326000,1761740109.312000,14,-17827.5,-297.13,392,397,-8,-3,,,,,
2007,1761740110.325500,1761740110.309000,16.5,-17826.5,-297.11,393,398,-7,-2,,,,,
2008,1761740111.328500,1761740111.306500,22,-17825.5,-297.09,393,398,-7,-2,,,,,
2009,1761740112.313500,1761740112.311000,2.5,-17824.5,-297.08,392,398,-8,-2,,,,,
2010,1761740113.318000,1761740113.311500,6.5,-17823.5,-297.06,391,397,-9,-3,,,,,
2011,1761740114.321000,1761740114.311000,10,-17822.5,-297.04,392,399,-8,-1,,,,,
2012,1761740115.329000,1761740115.314000,15,-17821.5,-297.03,392,398,-8,-2,,,,,
2013,1761740116.331000,1761740116.313500,17.5,-17820.5,-297.01,391,398,-9,-2,,,,,
2014,1761740117.333000,1761740117.311000,22,-17819.5,-296.99,391,399,-9,-1,,,,,
2015,1761740118.313000,1761740118.315500,2.5,-17818.5,-296.98,391,397,-9,-3,,,,,
2016,1761740119.320000,1761740119.315000,5,-17817.5,-296.96,392,396,-8,-4,,,,,
2017,1761740120.326000,1761740120.312000,14,-17816.5,-296.94,391,398,-9,-2,,,,,
2018,1761740121.330000,1761740121.314000,16,-17815.5,-296.93,392,398,-8,-2,,,,,
2019,1761740122.335500,1761740122.310000,25.5,-17814.5,-296.91,391,398,-9,-2,,,,,
2020,1761740123.339000,1761740123.307500,31.5,-17813.5,-296.89,390,401,-10,1,,,,,
2021,1761740124.316500,1761740124.315500,1,-17812.5,-296.88,390,396,-10,-4,,,,,
2022,1761740125.325500,1761740125.316500,9,-17811.5,-296.86,389,397,-11,-3,,,,,
2023,1761740126.329500,1761740126.313500,16,-17810.5,-296.84,390,398,-10,-2,,,,,
2024,1761740127.337500,1761740127.318000,19.5,-17809.5,-296.83,390,397,-10,-3,,,,,
2025,1761740128.333000,1761740128.313500,19.5,-17808.5,-296.81,393,399,-7,-1,,,,,
2026,1761740129.341500,1761740129.313500,28,-17807.5,-296.79,391,399,-9,-1,,,,,
2027,1761740130.321500,1761740130.318000,3.5,-17806.5,-296.78,391,397,-9,-3,,,,,
2028,1761740131.328000,1761740131.321000,7,-17805.5,-296.76,390,395,-10,-5,,,,,
2029,1761740132.329500,1761740132.318000,11.5,-17804.5,-296.74,393,399,-7,-1,,,,,
2030,1761740133.341500,1761740133.317500,24,-17803.5,-296.73,389,399,-11,-1,,,,,
2031,1761740134.341000,1761740134.319500,21.5,-17802.5,-296.71,391,398,-9,-2,,,,,
2032,1761740135.345500,1761740135.317000,28.5,-17801.5,-296.69,390,399,-10,-1,,,,,
2033,1761740136.323000,1761740136.320000,3,-17800.5,-296.68,390,398,-10,-2,,,,,
2034,1761740137.330000,1761740137.322000,8,-17799.5,-296.66,391,398,-9,-2,,,,,
2035,1761740138.330500,1761740138.325000,5.5,-17798.5,-296.64,392,397,-8,-3,,,,,
2036,1761740139.336000,1761740139.327000,9,-17797.5,-296.63,393,396,-7,-4,,,,,
2037,1761740140.342000,1761740140.321500,20.5,-17796.5,-296.61,391,398,-9,-2,,,,,
2038,1761740141.346500,1761740141.319000,27.5,-17795.5,-296.59,391,398,-9,-2,,,,,
2039,1761740142.326500,1761740142.320500,6,-17794.5,-296.58,390,399,-10,-1,,,,,
2040,1761740143.331000,1761740143.321000,10,-17793.5,-296.56,391,398,-9,-2,,,,,
2041,1761740144.339000,1761740144.324000,15,-17792.5,-296.54,391,396,-9,-4,,,,,
2042,1761740145.339500,1761740145.320500,19,-17791.5,-296.53,392,400,-8,0,,,,,
2043,1761740146.344000,1761740146.322500,21.5,-17790.5,-296.51,392,398,-8,-2,,,,,
2044,1761740147.349500,1761740147.320000,29.5,-17789.5,-296.49,391,400,-9,0,,,,,
2045,1761740148.329500,1761740148.325500,4,-17788.5,-296.48,390,397,-10,-3,,,,,
2046,1761740149.332500,1761740149.326500,6,-17787.5,-296.46,391,397,-9,-3,,,,,
2047,1761740150.338000,1761740150.328500,9.5,-17786.5,-296.44,392,397,-8,-3,,,,,
2048,1761740151.345000,1761740151.329000,16,-17785.5,-296.43,390,397,-10,-3,,,,,
2049,1761740152.347000,1761740152.326000,21,-17784.5,-296.41,392,398,-8,-2,,,,,
2050,1761740153.354000,1761740153.323500,30.5,-17783.5,-296.39,390,399,-10,-1,,,,,
2051,1761740154.331500,1761740154.324500,7,-17782.5,-296.38,392,399,-8,-1,,,,,
2052,1761740155.338500,1761740155.326500,12,-17781.5,-296.36,390,399,-10,-1,,,,,
2053,1761740156.340500,1761740156.328500,12,-17780.5,-296.34,392,398,-8,-2,,,,,
2054,1761740157.346500,1761740157.330500,16,-17779.5,-296.33,392,398,-8,-2,,,,,
2055,1761740158.351000,1761740158.329000,22,-17778.5,-296.31,392,398,-8,-2,,,,,
2056,1761740159.355000,1761740159.326500,28.5,-17777.5,-296.29,391,399,-9,-1,,,,,
2057,1761740160.335000,1761740160.331000,4,-17776.5,-296.28,392,398,-8,-2,,,,,
2058,1761740161.339500,1761740161.332000,7.5,-17775.5,-296.26,393,397,-7,-3,,,,,
2059,1761740162.345000,1761740162.331500,13.5,-17774.5,-296.24,392,398,-8,-2,,,,,
2060,1761740163.352000,1761740163.332000,20,-17773.5,-296.23,390,398,-10,-2,,,,,
2061,1761740164.355000,1761740164.330000,25,-17772.5,-296.21,391,398,-9,-2,,,,,
2062,1761740165.355500,1761740165.327500,28,-17771.5,-296.19,391,399,-9,-1,,,,,
2063,1761740166.335500,1761740166.332000,3.5,-17770.5,-296.18,391,396,-9,-4,,,,,
2064,1761740167.341000,1761740167.330500,10.5,-17769.5,-296.16,392,399,-8,-1,,,,,
2065,1761740168.348000,1761740168.335000,13,-17768.5,-296.14,390,396,-10,-4,,,,,
2066,1761740169.350000,1761740169.333000,17,-17767.5,-296.13,392,398,-8,-2,,,,,
2067,1761740170.358000,1761740170.332500,25.5,-17766.5,-296.11,782,400,382,0,,,,,
2069,1761740172.338500,1761740172.335500,3,-17764.5,-296.08,390,397,-10,-3,,,,,
2070,1761740173.345500,1761740173.335000,10.5,-17763.5,-296.06,390,398,-10,-2,,,,,
2071,1761740174.351000,1761740174.336000,15,-17762.5,-296.04,391,398,-9,-2,,,,,
2072,1761740175.353000,1761740175.336500,16.5,-17761.5,-296.03,392,398,-8,-2,,,,,
2073,1761740176.357500,1761740176.332500,25,-17760.5,-296.01,391,400,-9,0,,,,,
2074,1761740177.337500,1761740177.335000,2.5,-17759.5,-295.99,390,398,-10,-2,,,,,
2075,1761740178.342000,1761740178.334500,7.5,-17758.5,-295.98,390,398,-10,-2,,,,,
2076,1761740179.347500,1761740179.334000,13.5,-17757.5,-295.96,391,399,-9,-1,,,,,
2077,1761740180.353500,1761740180.338500,15,-17756.5,-295.94,392,397,-8,-3,,,,,
2078,1761740181.359000,1761740181.341500,17.5,-17755.5,-295.92,390,396,-10,-4,,,,,
2079,1761740182.364500,1761740182.333500,31,-17754.5,-295.91,390,400,-10,0,,,,,
2080,1761740183.342000,1761740183.336000,6,-17753.5,-295.89,391,399,-9,-1,,,,,
2081,1761740184.345500,1761740184.341500,4,-17752.5,-295.88,392,397,-8,-3,,,,,
2082,1761740185.347500,1761740185.342000,5.5,-17751.5,-295.86,392,397,-8,-3,,,,,
2083,1761740186.354500,1761740186.341000,13.5,-17750.5,-295.84,391,398,-9,-2,,,,,
2084,1761740187.360000,1761740187.339000,21,-17749.5,-295.82,391,399,-9,-1,,,,,
2085,1761740188.357000,1761740188.336000,21,-17748.5,-295.81,393,400,-7,0,,,,,
2086,1761740189.342000,1761740189.338500,3.5,-17747.5,-295.79,391,398,-9,-2,,,,,
2087,1761740190.347500,1761740190.339000,8.5,-17746.5,-295.78,391,398,-9,-2,,,,,
2088,1761740191.352000,1761740191.338500,13.5,-17745.5,-295.76,391,399,-9,-1,,,,,
2089,1761740192.358000,1761740192.345000,13,-17744.5,-295.74,391,397,-9,-3,,,,,
2090,1761740193.363500,1761740193.345500,18,-17743.5,-295.72,391,397,-9,-3,,,,,
2091,1761740194.363000,1761740194.342500,20.5,-17742.5,-295.71,391,400,-9,0,,,,,
2092,1761740195.343000,1761740195.345000,2,-17741.5,-295.69,390,397,-10,-3,,,,,
2093,1761740196.350000,1761740196.344500,5.5,-17740.5,-295.68,391,397,-9,-3,,,,,
2094,1761740197.353000,1761740197.346500,6.5,-17739.5,-295.66,392,397,-8,-3,,,,,
2095,1761740198.359000,1761740198.349500,9.5,-17738.5,-295.64,392,396,-8,-4,,,,,
2096,1761740199.362000,1761740199.345000,17,-17737.5,-295.62,393,398,-7,-2,,,,,
2097,1761740200.365500,1761740200.344500,21,-17736.5,-295.61,392,400,-8,0,,,,,
2098,1761740201.348000,1761740201.347000,1,-17735.5,-295.59,390,396,-10,-4,,,,,
2099,1761740202.355000,1761740202.346500,8.5,-17734.5,-295.57,392,397,-8,-3,,,,,
2100,1761740203.354500,1761740203.347000,7.5,-17733.5,-295.56,392,398,-8,-2,,,,,
2101,1761740204.363500,1761740204.348000,15.5,-17732.5,-295.54,391,398,-9,-2,,,,,
2102,1761740205.370500,1761740205.351000,19.5,-17731.5,-295.52,391,396,-9,-4,,,,,
2103,1761740206.367500,1761740206.346500,21,-17730.5,-295.51,391,400,-9,0,,,,,
2104,1761740207.347500,1761740207.349000,1.5,-17729.5,-295.49,391,397,-9,-3,,,,,
2105,1761740208.355500,1761740208.347000,8.5,-17728.5,-295.47,391,398,-9,-2,,,,,
2106,1761740209.359500,1761740209.346500,13,-17727.5,-295.46,390,398,-10,-2,,,,,
2107,1761740210.364000,1761740210.349500,14.5,-17726.5,-295.44,390,398,-10,-2,,,,,
2108,1761740211.369500,1761740211.350000,19.5,-17725.5,-295.42,390,398,-10,-2,,,,,
2109,1761740212.371500,1761740212.353500,18,-17724.5,-295.41,392,399,-8,-1,,,,,
2110,1761740213.354000,1761740213.353500,0.5,-17723.5,-295.39,391,397,-9,-3,,,,,
2111,1761740214.358500,1761740214.350500,8,-17722.5,-295.37,390,398,-10,-2,,,,,
2112,1761740215.363000,1761740215.350000,13,-17721.5,-295.36,392,399,-8,-1,,,,,
2113,1761740216.370000,1761740216.352000,18,-17720.5,-295.34,390,398,-10,-2,,,,,
2114,1761740217.374500,1761740217.352500,22,-17719.5,-295.32,390,397,-10,-3,,,,,
2115,1761740218.375000,1761740218.347500,27.5,-17718.5,-295.31,391,400,-9,0,,,,,
2116,1761740219.355000,1761740219.354500,0.5,-17717.5,-295.29,391,397,-9,-3,,,,,
2117,1761740220.360500,1761740220.355000,5.5,-17716.5,-295.27,391,398,-9,-2,,,,,
2118,1761740221.367500,1761740221.354500,13,-17715.5,-295.26,390,398,-10,-2,,,,,
2119,1761740222.370500,1761740222.356500,14,-17714.5,-295.24,392,397,-8,-3,,,,,
2120,1761740223.375000,1761740223.350500,24.5,-17713.5,-295.22,390,399,-10,-1,,,,,
2121,1761740224.381500,1761740224.350500,31,-17712.5,-295.21,389,398,-11,-2,,,,,
2122,1761740225.356500,1761740225.352500,4,-17711.5,-295.19,390,399,-10,-1,,,,,
2123,1761740226.361000,1761740226.354500,6.5,-17710.5,-295.17,391,399,-9,-1,,,,,
2124,1761740227.367500,1761740227.361500,6,-17709.5,-295.16,393,396,-7,-4,,,,,
2125,1761740228.371500,1761740228.358500,13,-17708.5,-295.14,391,397,-9,-3,,,,,
2126,1761740229.377000,1761740229.356500,20.5,-17707.5,-295.12,391,398,-9,-2,,,,,
2127,1761740230.376500,1761740230.354000,22.5,-17706.5,-295.11,392,399,-8,-1,,,,,
2128,1761740231.359000,1761740231.357000,2,-17705.5,-295.09,391,397,-9,-3,,,,,
2129,1761740232.364500,1761740232.357500,7,-17704.5,-295.07,390,397,-10,-3,,,,,
2130,1761740233.371500,1761740233.357000,14.5,-17703.5,-295.06,389,398,-11,-2,,,,,
2131,1761740234.374500,1761740234.359000,15.5,-17702.5,-295.04,391,397,-9,-3,,,,,
2132,1761740235.380000,1761740235.351000,29,-17701.5,-295.02,390,400,-10,0,,,,,
2133,1761740236.379500,1761740236.353500,26,-17700.5,-295.01,392,399,-8,-1,,,,,
2134,1761740237.362000,1761740237.356500,5.5,-17699.5,-294.99,389,399,-11,-1,,,,,
2135,1761740238.367500,1761740238.356000,11.5,-17698.5,-294.97,391,399,-9,-1,,,,,
2136,1761740239.373000,1761740239.359000,14,-17697.5,-294.96,390,397,-10,-3,,,,,
2137,1761740240.378500,1761740240.361000,17.5,-17696.5,-294.94,391,398,-9,-2,,,,,
2138,1761740241.383000,1761740241.355500,27.5,-17695.5,-294.92,390,399,-10,-1,,,,,
2139,1761740242.385000,1761740242.355500,29.5,-17694.5,-294.91,390,400,-10,0,,,,,
2140,1761740243.362500,1761740243.362500,0,-17693.5,-294.89,391,397,-9,-3,,,,,
2141,1761740244.369000,1761740244.362000,7,-17692.5,-294.87,393,396,-7,-4,,,,,
2142,1761740245.374500,1761740245.359000,15.5,-17691.5,-294.86,393,399,-7,-1,,,,,
2143,1761740246.379000,1761740246.363500,15.5,-17690.5,-294.84,391,398,-9,-2,,,,,
2144,1761740247.384500,1761740247.360500,24,-17689.5,-294.82,391,399,-9,-1,,,,,
2145,1761740248.391500,1761740248.360500,31,-17688.5,-294.81,389,399,-11,-1,,,,,
2146,1761740249.366500,1761740249.362500,4,-17687.5,-294.79,392,398,-8,-2,,,,,
2147,1761740250.369500,1761740250.362000,7.5,-17686.5,-294.77,392,398,-8,-2,,,,,
2148,1761740251.376500,1761740251.361500,15,-17685.5,-294.76,392,399,-8,-1,,,,,
2149,1761740252.379500,1761740252.364500,15,-17684.5,-294.74,392,398,-8,-2,,,,,
2150,1761740253.389000,1761740253.361500,27.5,-17683.5,-294.72,390,399,-10,-1,,,,,
2151,1761740254.392000,1761740254.361500,30.5,-17682.5,-294.71,390,398,-10,-2,,,,,
2152,1761740255.369500,1761740255.364500,5,-17681.5,-294.69,391,398,-9,-2,,,,,
2153,1761740256.373500,1761740256.365000,8.5,-17680.5,-294.67,391,398,-9,-2,,,,,
2154,1761740257.378000,1761740257.365500,12.5,-17679.5,-294.66,391,399,-9,-1,,,,,
2155,1761740258.384500,1761740258.368500,16,-17678.5,-294.64,390,397,-10,-3,,,,,
2156,1761740259.390000,1761740259.366500,23.5,-17677.5,-294.62,391,398,-9,-2,,,,,
2157,1761740260.390500,1761740260.364000,26.5,-17676.5,-294.61,392,399,-8,-1,,,,,
2158,1761740261.373000,1761740261.368500,4.5,-17675.5,-294.59,390,397,-10,-3,,,,,
2159,1761740262.376000,1761740262.365500,10.5,-17674.5,-294.57,390,398,-10,-2,,,,,
2160,1761740263.385500,1761740263.373500,12,-17673.5,-294.56,390,397,-10,-3,,,,,
2161,1761740264.388500,1761740264.370500,18,-17672.5,-294.54,390,398,-10,-2,,,,,
2162,1761740265.394500,1761740265.367500,27,-17671.5,-294.52,389,398,-11,-2,,,,,
2163,1761740266.389000,1761740266.365000,24,-17670.5,-294.51,392,399,-8,-1,,,,,
2164,1761740267.371500,1761740267.372000,0.5,-17669.5,-294.49,393,397,-7,-3,,,,,
2165,1761740268.381000,1761740268.369000,12,-17668.5,-294.47,389,398,-11,-2,,,,,
2166,1761740269.386500,1761740269.371000,15.5,-17667.5,-294.46,391,398,-9,-2,,,,,
2167,1761740270.392500,1761740270.375500,17,-17666.5,-294.44,389,397,-11,-3,,,,,
2168,1761740271.397000,1761740271.372500,24.5,-17665.5,-294.42,390,398,-10,-2,,,,,
2169,1761740272.396500,1761740272.370000,26.5,-17664.5,-294.41,390,398,-10,-2,,,,,
2170,1761740273.374000,1761740273.374500,0.5,-17663.5,-294.39,392,396,-8,-4,,,,,
2171,1761740274.381000,1761740274.371500,9.5,-17662.5,-294.37,391,397,-9,-3,,,,,
2172,1761740275.384000,1761740275.373500,10.5,-17661.5,-294.36,391,398,-9,-2,,,,,
2173,1761740276.390500,1761740276.373000,17.5,-17660.5,-294.34,391,397,-9,-3,,,,,
2174,1761740277.397500,1761740277.376000,21.5,-17659.5,-294.32,390,397,-10,-3,,,,,
2175,1761740278.403000,1761740278.371000,32,-17658.5,-294.31,390,398,-10,-2,,,,,
2176,1761740279.380500,1761740279.373000,7.5,-17657.5,-294.29,390,398,-10,-2,,,,,
2177,1761740280.385000,1761740280.372500,12.5,-17656.5,-294.27,390,398,-10,-2,,,,,
2178,1761740281.390500,1761740281.376500,14,-17655.5,-294.26,389,396,-11,-4,,,,,
2179,1761740282.395000,1761740282.373500,21.5,-17654.5,-294.24,389,398,-11,-2,,,,,
2180,1761740283.400500,1761740283.374000,26.5,-17653.5,-294.22,389,398,-11,-2,,,,,
2181,1761740284.397500,1761740284.371500,26,-17652.5,-294.21,392,400,-8,0,,,,,
2182,1761740285.380000,1761740285.376000,4,-17651.5,-294.19,390,394,-10,-6,,,,,
2183,1761740286.387000,1761740286.375500,11.5,-17650.5,-294.17,391,398,-9,-2,,,,,
2184,1761740287.395000,1761740287.377500,17.5,-17649.5,-294.16,389,398,-11,-2,,,,,
2185,1761740288.398000,1761740288.378000,20,-17648.5,-294.14,391,398,-9,-2,,,,,
2186,1761740289.400000,1761740289.375000,25,-17647.5,-294.12,390,400,-10,0,,,,,
2187,1761740290.377500,1761740290.377500,0,-17646.5,-294.11,391,398,-9,-2,,,,,
2188,1761740291.384500,1761740291.378500,6,-17645.5,-294.09,392,398,-8,-2,,,,,
2189,1761740292.389000,1761740292.380500,8.5,-17644.5,-294.07,391,398,-9,-2,,,,,
2190,1761740293.396000,1761740293.382500,13.5,-17643.5,-294.06,392,397,-8,-3,,,,,
2191,1761740294.402500,1761740294.383500,19,-17642.5,-294.04,391,397,-9,-3,,,,,
2192,1761740295.404500,1761740295.379000,25.5,-17641.4,-294.02,390,401,-10,1,,,,,
2193,1761740296.382000,1761740296.384000,2,-17640.5,-294.01,391,398,-9,-2,,,,,
2194,1761740297.390000,1761740297.385000,5,-17639.5,-293.99,391,397,-9,-3,,,,,
2195,1761740298.392000,1761740298.383000,9,-17638.5,-293.97,392,398,-8,-2,,,,,
2196,1761740299.400500,1761740299.387500,13,-17637.5,-293.96,391,396,-9,-4,,,,,
2197,1761740300.401000,1761740300.384500,16.5,-17636.5,-293.94,391,398,-9,-2,,,,,
2198,1761740301.405500,1761740301.384000,21.5,-17635.4,-293.92,391,400,-9,0,,,,,
2199,1761740302.385500,1761740302.386500,1,-17634.5,-293.91,390,397,-10,-3,,,,,
2200,1761740303.391000,1761740303.386000,5,-17633.5,-293.89,390,397,-10,-3,,,,,
2201,1761740304.395500,1761740304.386500,9,-17632.5,-293.87,390,397,-10,-3,,,,,
2202,1761740305.402500,1761740305.383500,19,-17631.5,-293.86,391,399,-9,-1,,,,,
2203,1761740306.403500,1761740306.386500,17,-17630.5,-293.84,391,398,-9,-2,,,,,
2204,1761740307.403000,1761740307.387500,15.5,-17629.5,-293.82,393,400,-7,0,,,,,
2205,1761740308.388000,1761740308.390000,2,-17628.5,-293.81,392,397,-8,-3,,,,,
2206,1761740309.392500,1761740309.390500,2,-17627.5,-293.79,390,397,-10,-3,,,,,
2207,1761740310.398000,1761740310.390000,8,-17626.5,-293.77,391,397,-9,-3,,,,,
2208,1761740311.403500,1761740311.389500,14,-17625.5,-293.76,391,397,-9,-3,,,,,
2209,1761740312.410500,1761740312.389000,21.5,-17624.4,-293.74,390,397,-10,-3,,,,,
2210,1761740313.411000,1761740313.383500,27.5,-17623.4,-293.72,391,400,-9,0,,,,,
2211,1761740314.391000,1761740314.386000,5,-17622.5,-293.71,390,398,-10,-2,,,,,
2212,1761740315.394500,1761740315.388000,6.5,-17621.5,-293.69,392,398,-8,-2,,,,,
2213,1761740316.397500,1761740316.390000,7.5,-17620.5,-293.67,392,398,-8,-2,,,,,
2214,1761740317.402000,1761740317.393000,9,-17619.5,-293.66,392,397,-8,-3,,,,,
2215,1761740318.409000,1761740318.391500,17.5,-17618.4,-293.64,391,397,-9,-3,,,,,
2216,1761740319.406000,1761740319.386000,20,-17617.4,-293.62,394,400,-6,0,,,,,
2217,1761740320.393500,1761740320.388500,5,-17616.5,-293.61,391,398,-9,-2,,,,,
2218,1761740321.394000,1761740321.390500,3.5,-17615.5,-293.59,392,399,-8,-1,,,,,
2219,1761740322.402000,1761740322.392500,9.5,-17614.5,-293.57,391,397,-9,-3,,,,,
2220,1761740323.406500,1761740323.391000,15.5,-17613.4,-293.56,391,398,-9,-2,,,,,
2221,1761740324.414500,1761740324.393000,21.5,-17612.4,-293.54,391,397,-9,-3,,,,,
2222,1761740325.409000,1761740325.390000,19,-17611.4,-293.52,393,400,-7,0,,,,,
2223,1761740326.394000,1761740326.392500,1.5,-17610.5,-293.51,392,399,-8,-1,,,,,
2224,1761740327.398500,1761740327.392000,6.5,-17609.5,-293.49,393,399,-7,-1,,,,,
2225,1761740328.408000,1761740328.394000,14,-17608.4,-293.47,390,398,-10,-2,,,,,
2226,1761740329.413500,1761740329.393500,20,-17607.4,-293.46,391,398,-9,-2,,,,,
2227,1761740330.415500,1761740330.396500,19,-17606.4,-293.44,390,397,-10,-3,,,,,
2228,1761740331.414000,1761740331.393000,21,-17605.4,-293.42,392,400,-8,0,,,,,
2229,1761740332.396500,1761740332.395500,1,-17604.5,-293.41,389,396,-11,-4,,,,,
2230,1761740333.399500,1761740333.395000,4.5,-17603.5,-293.39,390,398,-10,-2,,,,,
2231,1761740334.406500,1761740334.398500,8,-17602.4,-293.37,390,396,-10,-4,,,,,
2232,1761740335.409500,1761740335.395500,14,-17601.4,-293.36,391,398,-9,-2,,,,,
2233,1761740336.412500,1761740336.400000,12.5,-17600.4,-293.34,393,396,-7,-4,,,,,
2234,1761740337.415500,1761740337.392000,23.5,-17599.4,-293.32,393,400,-7,0,,,,,
2235,1761740338.400500,1761740338.394500,6,-17598.5,-293.31,390,398,-10,-2,,,,,
2236,1761740339.403500,1761740339.394000,9.5,-17597.5,-293.29,393,399,-7,-1,,,,,
2237,1761740340.410000,1761740340.398500,11.5,-17596.4,-293.27,392,398,-8,-2,,,,,
2238,1761740341.414500,1761740341.398000,16.5,-17595.4,-293.26,390,398,-10,-2,,,,,
2239,1761740342.414000,1761740342.398500,15.5,-17594.4,-293.24,393,398,-7,-2,,,,,
2240,1761740343.420500,1761740343.396000,24.5,-17593.4,-293.22,391,399,-9,-1,,,,,
2241,1761740344.400500,1761740344.400500,0,-17592.5,-293.21,390,397,-10,-3,,,,,
2242,1761740345.409500,1761740345.397500,12,-17591.4,-293.19,390,399,-10,-1,,,,,
2243,1761740346.411500,1761740346.399500,12,-17590.4,-293.17,391,398,-9,-2,,,,,
2244,1761740347.417000,1761740347.405000,12,-17589.4,-293.16,392,396,-8,-4,,,,,
2245,1761740348.424000,1761740348.397000,27,-17588.4,-293.14,389,399,-11,-1,,,,,
2246,1761740349.424500,1761740349.397000,27.5,-17587.4,-293.12,391,399,-9,-1,,,,,
2247,1761740350.404500,1761740350.401000,3.5,-17586.4,-293.11,391,399,-9,-1,,,,,
2248,1761740351.407500,1761740351.403000,4.5,-17585.4,-293.09,392,396,-8,-4,,,,,
2249,1761740352.414500,1761740352.403500,11,-17584.4,-293.07,391,398,-9,-2,,,,,
2250,1761740353.418500,1761740353.405500,13,-17583.4,-293.06,392,396,-8,-4,,,,,
2251,1761740354.424000,1761740354.400000,24,-17582.4,-293.04,391,399,-9,-1,,,,,
2252,1761740355.427000,1761740355.400000,27,-17581.4,-293.02,391,399,-9,-1,,,,,
2253,1761740356.407000,1761740356.402000,5,-17580.4,-293.01,391,398,-9,-2,,,,,
2254,1761740357.411500,1761740357.405000,6.5,-17579.4,-292.99,391,398,-9,-2,,,,,
2255,1761740358.416000,1761740358.411000,5,-17578.4,-292.97,391,395,-9,-5,,,,,
2256,1761740359.423000,1761740359.405500,17.5,-17577.4,-292.96,390,398,-10,-2,,,,,
2257,1761740360.423500,1761740360.402500,21,-17576.4,-292.94,392,398,-8,-2,,,,,
2258,1761740361.426500,1761740361.400000,26.5,-17575.4,-292.92,392,400,-8,0,,,,,
2259,1761740362.409000,1761740362.403000,6,-17574.4,-292.91,391,398,-9,-2,,,,,
2260,1761740363.417000,1761740363.407500,9.5,-17573.4,-292.89,392,396,-8,-4,,,,,
2261,1761740364.419000,1761740364.403500,15.5,-17572.4,-292.87,391,398,-9,-2,,,,,
2262,1761740365.422000,1761740365.405500,16.5,-17571.4,-292.86,391,398,-9,-2,,,,,
2263,1761740366.428000,1761740366.405000,23,-17570.4,-292.84,390,398,-10,-2,,,,,
2264,1761740367.428500,1761740367.402500,26,-17569.4,-292.82,392,399,-8,-1,,,,,
2265,1761740368.411000,1761740368.407000,4,-17568.4,-292.81,392,398,-8,-2,,,,,
2266,1761740369.414500,1761740369.408000,6.5,-17567.4,-292.79,391,397,-9,-3,,,,,
2267,1761740370.421500,1761740370.405000,16.5,-17566.4,-292.77,391,399,-9,-1,,,,,
2268,1761740371.426000,1761740371.409500,16.5,-17565.4,-292.76,392,398,-8,-2,,,,,
2269,1761740372.428000,1761740372.407500,20.5,-17564.4,-292.74,392,398,-8,-2,,,,,
2270,1761740373.428500,1761740373.405000,23.5,-17563.4,-292.72,392,400,-8,0,,,,,
2271,1761740374.411000,1761740374.407000,4,-17562.4,-292.71,392,399,-8,-1,,,,,
2272,1761740375.418000,1761740375.407500,10.5,-17561.4,-292.69,390,398,-10,-2,,,,,
2273,1761740376.423500,1761740376.407000,16.5,-17560.4,-292.67,391,400,-9,0,,,,,
2274,1761740377.429500,1761740377.411500,18,-17559.4,-292.66,391,398,-9,-2,,,,,
2275,1761740378.437500,1761740378.415500,22,-17558.4,-292.64,389,397,-11,-3,,,,,
2276,1761740379.432000,1761740379.410500,21.5,-17557.4,-292.62,393,398,-7,-2,,,,,
2277,1761740380.417000,1761740380.412500,4.5,-17556.4,-292.61,391,397,-9,-3,,,,,
2278,1761740381.420000,1761740381.412000,8,-17555.4,-292.59,392,398,-8,-2,,,,,
2279,1761740382.425500,1761740382.410000,15.5,-17554.4,-292.57,391,399,-9,-1,,,,,
2280,1761740383.431500,1761740383.414500,17,-17553.4,-292.56,390,397,-10,-3,,,,,
2281,1761740384.431000,1761740384.413000,18,-17552.4,-292.54,393,398,-7,-2,,,,,
2282,1761740385.433000,1761740385.410500,22.5,-17551.4,-292.52,393,399,-7,-1,,,,,
2283,1761740386.418000,1761740386.411000,7,-17550.4,-292.51,391,398,-9,-2,,,,,
2284,1761740387.422500,1761740387.413000,9.5,-17549.4,-292.49,391,397,-9,-3,,,,,
2285,1761740388.429500,1761740388.415000,14.5,-17548.4,-292.47,391,398,-9,-2,,,,,
2286,1761740389.429000,1761740389.417000,12,-17547.4,-292.46,394,397,-6,-3,,,,,
2287,1761740390.438000,1761740390.415500,22.5,-17546.4,-292.44,391,398,-9,-2,,,,,
2288,1761740391.437500,1761740391.413000,24.5,-17545.4,-292.42,392,399,-8,-1,,,,,
2289,1761740392.420000,1761740392.413500,6.5,-17544.4,-292.41,391,399,-9,-1,,,,,
2290,1761740393.424500,1761740393.414000,10.5,-17543.4,-292.39,392,398,-8,-2,,,,,
2291,1761740394.426000,1761740394.419500,6.5,-17542.4,-292.37,393,396,-7,-4,,,,,
2292,1761740395.436500,1761740395.417500,19,-17541.4,-292.36,391,398,-9,-2,,,,,
2293,1761740396.442000,1761740396.415500,26.5,-17540.4,-292.34,390,399,-10,-1,,,,,
2294,1761740397.440000,1761740397.415500,24.5,-17539.4,-292.32,392,398,-8,-2,,,,,
2295,1761740398.422500,1761740398.420000,2.5,-17538.4,-292.31,390,397,-10,-3,,,,,
2296,1761740399.425500,1761740399.420500,5,-17537.4,-292.29,393,397,-7,-3,,,,,
2297,1761740400.431000,1761740400.422500,8.5,-17536.4,-292.27,393,397,-7,-3,,,,,
2298,1761740401.437000,1761740401.421000,16,-17535.4,-292.26,392,397,-8,-3,,,,,
2299,1761740402.447500,1761740402.416500,31,-17534.4,-292.24,389,399,-11,-1,,,,,
2300,1761740403.447000,1761740403.416500,30.5,-17533.4,-292.22,391,398,-9,-2,,,,,
2301,1761740404.427000,1761740404.418500,8.5,-17532.4,-292.21,390,398,-10,-2,,,,,
2302,1761740405.431500,1761740405.418000,13.5,-17531.4,-292.19,390,399,-10,-1,,,,,
2303,1761740406.436000,1761740406.418500,17.5,-17530.4,-292.17,390,399,-10,-1,,,,,
2304,1761740407.446500,1761740407.420500,26,-17529.4,-292.16,389,399,-11,-1,,,,,
2305,1761740408.443500,1761740408.418500,25,-17528.4,-292.14,390,400,-10,0,,,,,
2306,1761740409.421000,1761740409.421000,0,-17527.4,-292.12,392,399,-8,-1,,,,,
2307,1761740410.428000,1761740410.420500,7.5,-17526.4,-292.11,390,399,-10,-1,,,,,
2308,1761740411.433500,1761740411.422500,11,-17525.4,-292.09,389,398,-11,-2,,,,,
2309,1761740412.439000,1761740412.423000,16,-17524.4,-292.07,390,399,-10,-1,,,,,
2310,1761740413.443500,1761740413.423500,20,-17523.4,-292.06,391,399,-9,-1,,,,,
2311,1761740414.446000,1761740414.423000,23,-17522.4,-292.04,398,401,-2,1,,,,,
2312,1761740415.443500,1761740415.428000,15.5,-17521.4,-292.02,393,398,-7,-2,,,,,
2313,1761740416.439500,1761740416.425000,14.5,-17520.4,-292.01,396,400,-4,0,,,,,
2314,1761740417.432000,1761740417.427500,4.5,-17519.4,-291.99,394,399,-6,-1,,,,,
2315,1761740418.433000,1761740418.428500,4.5,-17518.4,-291.97,394,400,-6,0,,,,,
2316,1761740419.440000,1761740419.433000,7,-17517.4,-291.96,391,398,-9,-2,,,,,
2317,1761740420.449500,1761740420.432500,17,-17516.4,-291.94,389,398,-11,-2,,,,,
2318,1761740421.450000,1761740421.429500,20.5,-17515.4,-291.92,391,398,-9,-2,,,,,
2319,1761740422.448000,1761740422.427000,21,-17514.4,-291.91,393,400,-7,0,,,,,
2320,1761740423.433000,1761740423.434000,1,-17513.4,-291.89,392,398,-8,-2,,,,,
2321,1761740424.436000,1761740424.433500,2.5,-17512.4,-291.87,393,398,-7,-2,,,,,
2322,1761740425.440500,1761740425.432000,8.5,-17511.4,-291.86,393,397,-7,-3,,,,,
2323,1761740426.447500,1761740426.436500,11,-17510.4,-291.84,391,397,-9,-3,,,,,
2324,1761740427.452000,1761740427.438500,13.5,-17509.4,-291.82,393,396,-7,-4,,,,,
2325,1761740428.454000,1761740428.431000,23,-17508.4,-291.81,392,399,-8,-1,,,,,
2326,1761740429.436500,1761740429.433000,3.5,-17507.4,-291.79,392,397,-8,-3,,,,,
2327,1761740430.441000,1761740430.435000,6,-17506.4,-291.77,394,398,-6,-2,,,,,
2328,1761740431.448000,1761740431.437000,11,-17505.4,-291.76,391,397,-9,-3,,,,,
2329,1761740432.446500,1761740432.436500,10,-17504.4,-291.74,391,398,-9,-2,,,,,
2330,1761740433.455500,1761740433.434500,21,-17503.4,-291.72,392,398,-8,-2,,,,,
2331,1761740434.456000,1761740434.432000,24,-17502.4,-291.71,392,399,-8,-1,,,,,
2332,1761740435.438500,1761740435.438000,0.5,-17501.4,-291.69,392,398,-8,-2,,,,,
2333,1761740436.444000,1761740436.440000,4,-17500.4,-291.67,392,397,-8,-3,,,,,
2334,1761740437.446000,1761740437.439500,6.5,-17499.4,-291.66,393,397,-7,-3,,,,,
2335,1761740438.449500,1761740438.436500,13,-17498.4,-291.64,392,398,-8,-2,,,,,
2336,1761740439.455000,1761740439.433500,21.5,-17497.4,-291.62,393,399,-7,-1,,,,,
2337,1761740440.454000,1761740440.433500,20.5,-17496.4,-291.61,394,399,-6,-1,,,,,
2338,1761740441.441500,1761740441.443000,1.5,-17495.4,-291.59,392,397,-8,-3,,,,,
2339,1761740442.444500,1761740442.440000,4.5,-17494.4,-291.57,392,398,-8,-2,,,,,
2340,1761740443.451500,1761740443.439500,12,-17493.4,-291.56,391,398,-9,-2,,,,,
2341,1761740444.459500,1761740444.441500,18,-17492.4,-291.54,389,397,-11,-3,,,,,
2342,1761740445.460000,1761740445.437000,23,-17491.4,-291.52,391,400,-9,0,,,,,
2343,1761740446.465500,1761740446.439500,26,-17490.4,-291.51,390,399,-10,-1,,,,,
2344,1761740447.443000,1761740447.444000,1,-17489.4,-291.49,391,397,-9,-3,,,,,
2345,1761740448.450000,1761740448.441000,9,-17488.4,-291.47,390,398,-10,-2,,,,,
2346,1761740449.458000,1761740449.445000,13,-17487.4,-291.46,389,397,-11,-3,,,,,
2347,1761740450.458500,1761740450.444500,14,-17486.4,-291.44,391,397,-9,-3,,,,,
2348,1761740451.464000,1761740451.442500,21.5,-17485.4,-291.42,391,399,-9,-1,,,,,
2349,1761740452.469500,1761740452.442500,27,-17484.4,-291.41,391,399,-9,-1,,,,,
2350,1761740453.449500,1761740453.444500,5,-17483.4,-291.39,392,398,-8,-2,,,,,
2351,1761740454.454000,1761740454.444000,10,-17482.4,-291.37,391,397,-9,-3,,,,,
2352,1761740455.454500,1761740455.443500,11,-17481.4,-291.36,393,399,-7,-1,,,,,
2353,1761740456.459000,1761740456.445500,13.5,-17480.4,-291.34,392,399,-8,-1,,,,,
2354,1761740457.466000,1761740457.442500,23.5,-17479.4,-291.32,392,399,-8,-1,,,,,
2355,1761740458.470500,1761740458.442500,28,-17478.4,-291.31,391,401,-9,1,,,,,
2356,1761740459.450500,1761740459.449500,1,-17477.4,-291.29,392,398,-8,-2,,,,,
2357,1761740460.453500,1761740460.451500,2,-17476.4,-291.27,392,397,-8,-3,,,,,
2358,1761740461.463000,1761740461.451000,12,-17475.4,-291.26,392,397,-8,-3,,,,,
2359,1761740462.465000,1761740462.454000,11,-17474.4,-291.24,392,396,-8,-4,,,,,
2360,1761740463.464500,1761740463.449500,15,-17473.4,-291.22,394,399,-6,-1,,,,,
2361,1761740464.469000,1761740464.449500,19.5,-17472.4,-291.21,393,399,-7,-1,,,,,
2362,1761740465.454000,1761740465.453000,1,-17471.4,-291.19,392,397,-8,-3,,,,,
2363,1761740466.458500,1761740466.450000,8.5,-17470.4,-291.17,391,398,-9,-2,,,,,
2364,1761740467.460500,1761740467.452000,8.5,-17469.4,-291.16,393,398,-7,-2,,,,,
2365,1761740468.467000,1761740468.455500,11.5,-17468.4,-291.14,393,396,-7,-4,,,,,
2366,1761740469.471500,1761740469.452500,19,-17467.4,-291.12,392,398,-8,-2,,,,,
2367,1761740470.471000,1761740470.450000,21,-17466.4,-291.11,393,399,-7,-1,,,,,
2368,1761740471.456000,1761740471.454500,1.5,-17465.4,-291.09,393,398,-7,-2,,,,,
2369,1761740472.461000,1761740472.451500,9.5,-17464.4,-291.07,391,399,-9,-1,,,,,
2370,1761740473.465500,1761740473.456000,9.5,-17463.4,-291.06,392,397,-8,-3,,,,,
2371,1761740474.470000,1761740474.452000,18,-17462.4,-291.04,391,399,-9,-1,,,,,
2372,1761740475.472000,1761740475.451500,20.5,-17461.4,-291.02,392,399,-8,-1,,,,,
2373,1761740476.475500,1761740476.451500,24,-17460.4,-291.01,392,400,-8,0,,,,,
2374,1761740477.458000,1761740477.458500,0.5,-17459.4,-290.99,391,397,-9,-3,,,,,
2375,1761740478.461000,1761740478.458000,3,-17458.4,-290.97,394,397,-6,-3,,,,,
2376,1761740479.465500,1761740479.455000,10.5,-17457.4,-290.96,393,398,-7,-2,,,,,
2377,1761740480.472500,1761740480.454500,18,-17456.4,-290.94,392,398,-8,-2,,,,,
2378,1761740481.476500,1761740481.455000,21.5,-17455.4,-290.92,391,398,-9,-2,,,,,
2379,1761740482.481000,1761740482.452500,28.5,-17454.4,-290.91,391,400,-9,0,,,,,
2380,1761740483.461000,1761740483.460500,0.5,-17453.4,-290.89,392,397,-8,-3,,,,,
2381,1761740484.466500,1761740484.459000,7.5,-17452.4,-290.87,391,397,-9,-3,,,,,
2382,1761740485.472500,1761740485.456000,16.5,-17451.4,-290.86,392,399,-8,-1,,,,,
2383,1761740486.478500,1761740486.460500,18,-17450.4,-290.84,391,397,-9,-3,,,,,
2384,1761740487.481500,1761740487.454000,27.5,-17449.4,-290.82,390,399,-10,-1,,,,,
2385,1761740488.483500,1761740488.454000,29.5,-17448.4,-290.81,390,399,-10,-1,,,,,
2386,1761740489.461000,1761740489.458500,2.5,-17447.4,-290.79,392,397,-8,-3,,,,,
2387,1761740490.465500,1761740490.460500,5,-17446.4,-290.77,391,398,-9,-2,,,,,
2388,1761740491.471500,1761740491.459000,12.5,-17445.4,-290.76,392,398,-8,-2,,,,,
2389,1761740492.476000,1761740492.461000,15,-17444.4,-290.74,391,398,-9,-2,,,,,
2390,1761740493.483000,1761740493.460500,22.5,-17443.4,-290.72,391,398,-9,-2,,,,,
2391,1761740494.486000,1761740494.458000,28,-17442.4,-290.71,390,399,-10,-1,,,,,
2392,1761740495.463500,1761740495.462500,1,-17441.4,-290.69,390,397,-10,-3,,,,,
2393,1761740496.468000,1761740496.462000,6,-17440.4,-290.67,392,397,-8,-3,,,,,
2394,1761740497.476000,1761740497.461500,14.5,-17439.4,-290.66,390,398,-10,-2,,,,,
2395,1761740498.483500,1761740498.464500,19,-17438.4,-290.64,390,397,-10,-3,,,,,
2396,1761740499.485000,1761740499.461500,23.5,-17437.4,-290.62,391,398,-9,-2,,,,,
2397,1761740500.489500,1761740500.459000,30.5,-17436.4,-290.61,389,399,-11,-1,,,,,
2398,1761740501.464500,1761740501.463500,1,-17435.4,-290.59,392,396,-8,-4,,,,,
2399,1761740502.474500,1761740502.461500,13,-17434.4,-290.57,390,399,-10,-1,,,,,
2400,1761740503.479000,1761740503.463500,15.5,-17433.4,-290.56,390,398,-10,-2,,,,,
2401,1761740504.482000,1761740504.464000,18,-17432.4,-290.54,391,397,-9,-3,,,,,
2402,1761740505.486500,1761740505.461000,25.5,-17431.4,-290.52,391,399,-9,-1,,,,,
2403,1761740506.484500,1761740506.461000,23.5,-17430.4,-290.51,393,398,-7,-2,,,,,
2404,1761740507.469500,1761740507.464000,5.5,-17429.4,-290.49,391,399,-9,-1,,,,,
2405,1761740508.476500,1761740508.466000,10.5,-17428.4,-290.47,391,399,-9,-1,,,,,
2406,1761740509.478500,1761740509.464500,14,-17427.4,-290.46,393,399,-7,-1,,,,,
2407,1761740510.485500,1761740510.465000,20.5,-17426.4,-290.44,392,399,-8,-1,,,,,
2408,1761740511.483500,1761740511.465500,18,-17425.4,-290.42,393,398,-7,-2,,,,,
2409,1761740512.491500,1761740512.463000,28.5,-17424.4,-290.41,391,400,-9,0,,,,,
2410,1761740513.471500,1761740513.466500,5,-17423.4,-290.39,392,399,-8,-1,,,,,
2411,1761740514.479500,1761740514.469500,10,-17422.4,-290.37,391,398,-9,-2,,,,,
2412,1761740515.486500,1761740515.467500,19,-17421.4,-290.36,390,399,-10,-1,,,,,
2413,1761740516.493000,1761740516.467000,26,-17420.4,-290.34,389,399,-11,-1,,,,,
2414,1761740517.496000,1761740517.466000,30,-17419.4,-290.32,390,399,-10,-1,,,,,
2415,1761740518.491500,1761740518.466000,25.5,-17418.4,-290.31,392,398,-8,-2,,,,,
2416,1761740519.474000,1761740519.470500,3.5,-17417.4,-290.29,391,396,-9,-4,,,,,
2417,1761740520.482000,1761740520.472500,9.5,-17416.4,-290.27,390,397,-10,-3,,,,,
2418,1761740521.485000,1761740521.473000,12,-17415.4,-290.26,392,397,-8,-3,,,,,
2419,1761740522.489500,1761740522.473500,16,-17414.4,-290.24,391,397,-9,-3,,,,,
2420,1761740523.493500,1761740523.471500,22,-17413.4,-290.22,392,397,-8,-3,,,,,
2421,1761740524.496500,1761740524.466500,30,-17412.4,-290.21,391,400,-9,0,,,,,
2422,1761740525.476500,1761740525.474500,2,-17411.4,-290.19,391,397,-9,-3,,,,,
2423,1761740526.479500,1761740526.471500,8,-17410.4,-290.17,393,398,-7,-2,,,,,
2424,1761740527.487500,1761740527.472000,15.5,-17409.4,-290.16,392,398,-8,-2,,,,,
2425,1761740528.490500,1761740528.478000,12.5,-17408.4,-290.14,391,396,-9,-4,,,,,
2426,1761740529.498500,1761740529.478500,20,-17407.4,-290.12,390,399,-10,-1,,,,,
2427,1761740530.476000,1761740530.478500,2.5,-17406.4,-290.11,391,396,-9,-4,,,,,
2428,1761740531.479500,1761740531.473000,6.5,-17405.4,-290.09,392,399,-8,-1,,,,,
2429,1761740532.485000,1761740532.475000,10,-17404.4,-290.07,390,398,-10,-2,,,,,
2430,1761740533.490500,1761740533.477000,13.5,-17403.4,-290.06,391,397,-9,-3,,,,,
2431,1761740534.496500,1761740534.474000,22.5,-17402.4,-290.04,390,398,-10,-2,,,,,
2432,1761740535.498000,1761740535.476000,22,-17401.4,-290.02,391,399,-9,-1,,,,,
2433,1761740536.478000,1761740536.476000,2,-17400.4,-290.01,392,397,-8,-3,,,,,
2434,1761740537.481000,1761740537.478000,3,-17399.4,-289.99,391,396,-9,-4,,,,,
2435,1761740538.484500,1761740538.475000,9.5,-17398.4,-289.97,390,399,-10,-1,,,,,
2436,1761740539.490000,1761740539.477000,13,-17397.4,-289.96,391,398,-9,-2,,,,,
2437,1761740540.494500,1761740540.476500,18,-17396.4,-289.94,392,398,-8,-2,,,,,
2438,1761740541.499000,1761740541.478500,20.5,-17395.4,-289.92,391,399,-9,-1,,,,,
2439,1761740542.479000,1761740542.478500,0.5,-17394.4,-289.91,389,398,-11,-2,,,,,
2440,1761740543.483500,1761740543.479500,4,-17393.4,-289.89,390,397,-10,-3,,,,,
2441,1761740544.490500,1761740544.480000,10.5,-17392.4,-289.87,391,397,-9,-3,,,,,
2442,1761740545.496000,1761740545.477000,19,-17391.4,-289.86,390,399,-10,-1,,,,,
2443,1761740546.499000,1761740546.482500,16.5,-17390.4,-289.84,391,397,-9,-3,,,,,
2444,1761740547.501000,1761740547.477000,24,-17389.4,-289.82,391,400,-9,0,,,,,
2445,1761740548.481000,1761740548.479500,1.5,-17388.4,-289.81,391,398,-9,-2,,,,,
2446,1761740549.488000,1761740549.480500,7.5,-17387.4,-289.79,390,398,-10,-2,,,,,
2447,1761740550.490000,1761740550.482500,7.5,-17386.4,-289.77,391,398,-9,-2,,,,,
2448,1761740551.497000,1761740551.484500,12.5,-17385.4,-289.76,390,397,-10,-3,,,,,
2449,1761740552.496500,1761740552.480500,16,-17384.4,-289.74,393,398,-7,-2,,,,,
2450,1761740553.501000,1761740553.477500,23.5,-17383.4,-289.72,392,400,-8,0,,,,,
2451,1761740554.483500,1761740554.480000,3.5,-17382.4,-289.71,391,399,-9,-1,,,,,
2452,1761740555.487000,1761740555.482000,5,-17381.4,-289.69,391,398,-9,-2,,,,,
2453,1761740556.496000,1761740556.486500,9.5,-17380.4,-289.67,390,396,-10,-4,,,,,
2454,1761740557.498000,1761740557.483500,14.5,-17379.4,-289.66,392,398,-8,-2,,,,,
2455,1761740558.508500,1761740558.482500,26,-17378.3,-289.64,389,399,-11,-1,,,,,
2456,1761740559.508000,1761740559.479500,28.5,-17377.3,-289.62,391,400,-9,0,,,,,
2457,1761740560.488000,1761740560.482000,6,-17376.4,-289.61,389,399,-11,-1,,,,,
2458,1761740561.491000,1761740561.485000,6,-17375.4,-289.59,391,398,-9,-2,,,,,
2459,1761740562.496500,1761740562.484500,12,-17374.4,-289.57,391,397,-9,-3,,,,,
2460,1761740563.506000,1761740563.481500,24.5,-17373.3,-289.56,389,399,-11,-1,,,,,
2461,1761740564.505500,1761740564.479500,26,-17372.3,-289.54,391,400,-9,0,,,,,
2462,1761740565.507000,1761740565.482000,25,-17371.3,-289.52,391,400,-9,0,,,,,
2463,1761740566.487000,1761740566.486500,0.5,-17370.4,-289.51,393,398,-7,-2,,,,,
2464,1761740567.492500,1761740567.487000,5.5,-17369.4,-289.49,391,398,-9,-2,,,,,
2465,1761740568.495500,1761740568.484000,11.5,-17368.4,-289.47,393,398,-7,-2,,,,,
2466,1761740569.507500,1761740569.484500,23,-17367.3,-289.46,390,399,-10,-1,,,,,
2467,1761740570.513000,1761740570.484000,29,-17366.3,-289.44,390,399,-10,-1,,,,,
2468,1761740571.517500,1761740571.484000,33.5,-17365.3,-289.42,388,400,-12,0,,,,,
2469,1761740572.490000,1761740572.487000,3,-17364.4,-289.41,390,398,-10,-2,,,,,
2470,1761740573.498000,1761740573.486500,11.5,-17363.4,-289.39,390,399,-10,-1,,,,,
2471,1761740574.501000,1761740574.488500,12.5,-17362.4,-289.37,392,398,-8,-2,,,,,
2472,1761740575.505500,1761740575.489000,16.5,-17361.3,-289.36,391,398,-9,-2,,,,,
2473,1761740576.508500,1761740576.491000,17.5,-17360.3,-289.34,391,398,-9,-2,,,,,
2474,1761740577.513000,1761740577.488500,24.5,-17359.3,-289.32,391,398,-9,-2,,,,,
2475,1761740578.493000,1761740578.489500,3.5,-17358.4,-289.31,391,398,-9,-2,,,,,
2476,1761740579.496500,1761740579.489000,7.5,-17357.4,-289.29,393,398,-7,-2,,,,,
2477,1761740580.504500,1761740580.491000,13.5,-17356.3,-289.27,391,398,-9,-2,,,,,
2478,1761740581.511500,1761740581.490500,21,-17355.3,-289.26,389,398,-11,-2,,,,,
2479,1761740582.511000,1761740582.487500,23.5,-17354.3,-289.24,391,400,-9,0,,,,,
2480,1761740583.511500,1761740583.490000,21.5,-17353.3,-289.22,392,399,-8,-1,,,,,
2481,1761740584.494000,1761740584.492000,2,-17352.4,-289.21,392,398,-8,-2,,,,,
2482,1761740585.498500,1761740585.494000,4.5,-17351.4,-289.19,391,397,-9,-3,,,,,
2483,1761740586.505500,1761740586.493500,12,-17350.3,-289.17,392,397,-8,-3,,,,,
2484,1761740587.513500,1761740587.494000,19.5,-17349.3,-289.16,390,397,-10,-3,,,,,
2485,1761740588.518000,1761740588.494500,23.5,-17348.3,-289.14,390,397,-10,-3,,,,,
2486,1761740589.516000,1761740589.489500,26.5,-17347.3,-289.12,391,400,-9,0,,,,,
2487,1761740590.496000,1761740590.496500,0.5,-17346.4,-289.11,393,397,-7,-3,,,,,
2488,1761740591.503000,1761740591.496000,7,-17345.4,-289.09,391,397,-9,-3,,,,,
2489,1761740592.511000,1761740592.496500,14.5,-17344.3,-289.07,390,397,-10,-3,,,,,
2490,1761740593.513000,1761740593.498500,14.5,-17343.3,-289.06,392,396,-8,-4,,,,,
2491,1761740594.517500,1761740594.493000,24.5,-17342.3,-289.04,391,399,-9,-1,,,,,
2492,1761740595.521500,1761740595.493000,28.5,-17341.3,-289.02,391,399,-9,-1,,,,,
2493,1761740596.501500,1761740596.496000,5.5,-17340.4,-289.01,389,398,-11,-2,,,,,
2494,1761740597.506000,1761740597.495500,10.5,-17339.3,-288.99,390,398,-10,-2,,,,,
2495,1761740598.514000,1761740598.495000,19,-17338.3,-288.97,389,398,-11,-2,,,,,
2496,1761740599.513500,1761740599.498000,15.5,-17337.3,-288.96,392,398,-8,-2,,,,,
2497,1761740600.518000,1761740600.493500,24.5,-17336.3,-288.94,391,400,-9,0,,,,,
2498,1761740601.521000,1761740601.496000,25,-17335.3,-288.92,392,397,-8,-3,,,,,
2499,1761740602.503500,1761740602.498000,5.5,-17334.4,-288.91,388,398,-12,-2,,,,,
2500,1761740603.508000,1761740603.497500,10.5,-17333.3,-288.89,390,398,-10,-2,,,,,
2501,1761740604.510000,1761740604.498000,12,-17332.3,-288.87,392,400,-8,0,,,,,
2502,1761740605.517000,1761740605.506500,10.5,-17331.3,-288.86,392,396,-8,-4,,,,,
2503,1761740606.521500,1761740606.503500,18,-17330.3,-288.84,392,397,-8,-3,,,,,
2504,1761740607.526000,1761740607.498500,27.5,-17329.3,-288.82,391,399,-9,-1,,,,,
2505,1761740608.506000,1761740608.505500,0.5,-17328.3,-288.81,391,396,-9,-4,,,,,
2506,1761740609.508000,1761740609.499000,9,-17327.3,-288.79,392,399,-8,-1,,,,,
2507,1761740610.516000,1761740610.499500,16.5,-17326.3,-288.77,391,400,-9,0,,,,,
2508,1761740611.518000,1761740611.504000,14,-17325.3,-288.76,392,398,-8,-2,,,,,
2509,1761740612.527500,1761740612.506000,21.5,-17324.3,-288.74,390,397,-10,-3,,,,,
2510,1761740613.530500,1761740613.501000,29.5,-17323.3,-288.72,389,398,-11,-2,,,,,
2511,1761740614.505500,1761740614.503000,2.5,-17322.3,-288.71,392,398,-8,-2,,,,,
2512,1761740615.512500,1761740615.505000,7.5,-17321.3,-288.69,390,397,-10,-3,,,,,
2513,1761740616.518000,1761740616.503500,14.5,-17320.3,-288.67,391,398,-9,-2,,,,,
2514,1761740617.523500,1761740617.505500,18,-17319.3,-288.66,390,398,-10,-2,,,,,
2515,1761740618.524000,1761740618.506000,18,-17318.3,-288.64,392,398,-8,-2,,,,,
2516,1761740619.525500,1761740619.503500,22,-17317.3,-288.62,393,399,-7,-1,,,,,
2517,1761740620.510500,1761740620.507000,3.5,-17316.3,-288.61,391,397,-9,-3,,,,,
2518,1761740621.516000,1761740621.506500,9.5,-17315.3,-288.59,390,398,-10,-2,,,,,
2519,1761740622.521500,1761740622.506000,15.5,-17314.3,-288.57,390,398,-10,-2,,,,,
2520,1761740623.524500,1761740623.505500,19,-17313.3,-288.56,390,399,-10,-1,,,,,
2521,1761740624.529500,1761740624.507500,22,-17312.3,-288.54,391,398,-9,-2,,,,,
2522,1761740625.535000,1761740625.505000,30,-17311.3,-288.52,390,399,-10,-1,,,,,
2523,1761740626.512500,1761740626.507000,5.5,-17310.3,-288.51,391,398,-9,-2,,,,,
2524,1761740627.518000,1761740627.508000,10,-17309.3,-288.49,390,398,-10,-2,,,,,
2525,1761740628.525000,1761740628.512500,12.5,-17308.3,-288.47,389,395,-11,-5,,,,,
2526,1761740629.525500,1761740629.509500,16,-17307.3,-288.46,393,397,-7,-3,,,,,
2527,1761740630.532000,1761740630.504000,28,-17306.3,-288.44,390,400,-10,0,,,,,
2528,1761740631.536500,1761740631.506500,30,-17305.3,-288.42,390,399,-10,-1,,,,,
2529,1761740632.514000,1761740632.508500,5.5,-17304.3,-288.41,391,398,-9,-2,,,,,
2530,1761740633.518500,1761740633.508000,10.5,-17303.3,-288.39,393,398,-7,-2,,,,,
2531,1761740634.529000,1761740634.507500,21.5,-17302.3,-288.37,391,399,-9,-1,,,,,
2532,1761740635.526000,1761740635.510500,15.5,-17301.3,-288.36,392,399,-8,-1,,,,,
2533,1761740636.530500,1761740636.510000,20.5,-17300.3,-288.34,392,398,-8,-2,,,,,
2534,1761740637.530000,1761740637.507500,22.5,-17299.3,-288.32,394,400,-6,0,,,,,
2535,1761740638.517500,1761740638.512000,5.5,-17298.3,-288.31,391,398,-9,-2,,,,,
2536,1761740639.522000,1761740639.512500,9.5,-17297.3,-288.29,392,398,-8,-2,,,,,
2537,1761740640.526500,1761740640.517000,9.5,-17296.3,-288.27,392,397,-8,-3,,,,,
2538,1761740641.532000,1761740641.515000,17,-17295.3,-288.26,391,398,-9,-2,,,,,
2539,1761740642.539000,1761740642.512000,27,-17294.3,-288.24,390,398,-10,-2,,,,,
2540,1761740643.531000,1761740643.509500,21.5,-17293.3,-288.22,395,401,-5,1,,,,,
2541,1761740644.521000,1761740644.517500,3.5,-17292.3,-288.21,392,398,-8,-2,,,,,
2542,1761740645.526500,1761740645.519500,7,-17291.3,-288.19,392,398,-8,-2,,,,,
2543,1761740646.534500,1761740646.521500,13,-17290.3,-288.17,391,397,-9,-3,,,,,
2544,1761740647.542500,1761740647.521000,21.5,-17289.3,-288.16,389,397,-11,-3,,,,,
2545,1761740648.540500,1761740648.518000,22.5,-17288.3,-288.14,391,400,-9,0,,,,,
2546,1761740649.520500,1761740649.520500,0,-17287.3,-288.12,391,397,-9,-3,,,,,
2547,1761740650.523500,1761740650.521000,2.5,-17286.3,-288.11,393,398,-7,-2,,,,,
2548,1761740651.531500,1761740651.522000,9.5,-17285.3,-288.09,391,398,-9,-2,,,,,
2549,1761740652.534500,1761740652.522500,12,-17284.3,-288.07,391,398,-9,-2,,,,,
2550,1761740653.539000,1761740653.522000,17,-17283.3,-288.06,391,397,-9,-3,,,,,
2551,1761740654.539500,1761740654.520000,19.5,-17282.3,-288.04,391,400,-9,0,,,,,
2552,1761740655.519500,1761740655.522500,3,-17281.3,-288.02,392,396,-8,-4,,,,,
2553,1761740656.529000,1761740656.521500,7.5,-17280.3,-288.01,392,399,-8,-1,,,,,
2554,1761740657.531000,1761740657.523500,7.5,-17279.3,-287.99,390,398,-10,-2,,,,,
2555,1761740658.536500,1761740658.526500,10,-17278.3,-287.97,392,396,-8,-4,,,,,
2556,1761740659.539500,1761740659.523500,16,-17277.3,-287.96,393,398,-7,-2,,,,,
2557,1761740660.537500,1761740660.519000,18.5,-17276.3,-287.94,394,400,-6,0,,,,,
2558,1761740661.525000,1761740661.521500,3.5,-17275.3,-287.92,391,399,-9,-1,,,,,
2559,1761740662.529500,1761740662.523500,6,-17274.3,-287.91,391,398,-9,-2,,,,,
2560,1761740663.536000,1761740663.523000,13,-17273.3,-287.89,391,398,-9,-2,,,,,
2561,1761740664.540500,1761740664.523500,17,-17272.3,-287.87,391,398,-9,-2,,,,,
2562,1761740665.542500,1761740665.521500,21,-17271.3,-287.86,392,400,-8,0,,,,,
2563,1761740666.548000,1761740666.526000,22,-17270.3,-287.84,391,400,-9,0,,,,,
2564,1761740667.528000,1761740667.528500,0.5,-17269.3,-287.82,391,397,-9,-3,,,,,
2565,1761740668.532500,1761740668.524000,8.5,-17268.3,-287.81,392,397,-8,-3,,,,,
2566,1761740669.536000,1761740669.526000,10,-17267.3,-287.79,389,398,-11,-2,,,,,
2567,1761740670.545500,1761740670.528000,17.5,-17266.3,-287.77,389,397,-11,-3,,,,,
2568,1761740671.547000,1761740671.525000,22,-17265.3,-287.76,391,398,-9,-2,,,,,
2569,1761740672.545000,1761740672.525500,19.5,-17264.3,-287.74,392,400,-8,0,,,,,
2570,1761740673.527500,1761740673.528000,0.5,-17263.3,-287.72,391,398,-9,-2,,,,,
2571,1761740674.534500,1761740674.530000,4.5,-17262.3,-287.71,391,397,-9,-3,,,,,
2572,1761740675.539000,1761740675.527000,12,-17261.3,-287.69,391,398,-9,-2,,,,,
2573,1761740676.542000,1761740676.530000,12,-17260.3,-287.67,391,397,-9,-3,,,,,
2574,1761740677.546500,1761740677.527000,19.5,-17259.3,-287.66,391,398,-9,-2,,,,,
2575,1761740678.549500,1761740678.529000,20.5,-17258.3,-287.64,391,399,-9,-1,,,,,
2576,1761740679.529500,1761740679.529000,0.5,-17257.3,-287.62,391,397,-9,-3,,,,,
2577,1761740680.537500,1761740680.528500,9,-17256.3,-287.61,388,398,-12,-2,,,,,
2578,1761740681.540500,1761740681.528000,12.5,-17255.3,-287.59,389,399,-11,-1,,,,,
2579,1761740682.545000,1761740682.530000,15,-17254.3,-287.57,391,398,-9,-2,,,,,
2580,1761740683.551500,1761740683.528000,23.5,-17253.3,-287.56,389,399,-11,-1,,,,,
2581,1761740684.551000,1761740684.527000,24,-17252.3,-287.54,392,400,-8,0,,,,,
2582,1761740685.533500,1761740685.529500,4,-17251.3,-287.52,392,398,-8,-2,,,,,
2583,1761740686.538000,1761740686.530500,7.5,-17250.3,-287.51,390,398,-10,-2,,,,,
2584,1761740687.542500,1761740687.532500,10,-17249.3,-287.49,390,395,-10,-5,,,,,
2585,1761740688.549500,1761740688.532000,17.5,-17248.3,-287.47,390,398,-10,-2,,,,,
2586,1761740689.556500,1761740689.534000,22.5,-17247.3,-287.45,389,397,-11,-3,,,,,
2587,1761740690.556000,1761740690.528500,27.5,-17246.3,-287.44,391,400,-9,0,,,,,
2588,1761740691.536000,1761740691.531000,5,-17245.3,-287.42,391,398,-9,-2,,,,,
2589,1761740692.540500,1761740692.533000,7.5,-17244.3,-287.41,392,398,-8,-2,,,,,
2590,1761740693.548500,1761740693.532500,16,-17243.3,-287.39,390,398,-10,-2,,,,,
2591,1761740694.552000,1761740694.534500,17.5,-17242.3,-287.37,390,398,-10,-2,,,,,
2592,1761740695.556500,1761740695.534000,22.5,-17241.3,-287.35,389,398,-11,-2,,,,,
2593,1761740696.559500,1761740696.529500,30,-17240.3,-287.34,390,401,-10,1,,,,,
2594,1761740697.537000,1761740697.534500,2.5,-17239.3,-287.32,390,398,-10,-2,,,,,
2595,1761740698.541500,1761740698.537500,4,-17238.3,-287.31,393,397,-7,-3,,,,,
2596,1761740699.548500,1761740699.538000,10.5,-17237.3,-287.29,391,398,-9,-2,,,,,
2597,1761740700.556500,1761740700.540000,16.5,-17236.3,-287.27,391,397,-9,-3,,,,,
2598,1761740701.561000,1761740701.537000,24,-17235.3,-287.25,391,398,-9,-2,,,,,
2599,1761740702.563000,1761740702.534500,28.5,-17234.3,-287.24,390,398,-10,-2,,,,,
2600,1761740703.540500,1761740703.540000,0.5,-17233.3,-287.22,390,397,-10,-3,,,,,
2601,1761740704.547000,1761740704.537000,10,-17232.3,-287.21,391,398,-9,-2,,,,,
2602,1761740705.553500,1761740705.539000,14.5,-17231.3,-287.19,390,399,-10,-1,,,,,
2603,1761740706.559000,1761740706.542000,17,-17230.3,-287.17,390,397,-10,-3,,,,,
2604,1761740707.565500,1761740707.538000,27.5,-17229.3,-287.15,390,398,-10,-2,,,,,
2605,1761740708.561000,1761740708.535500,25.5,-17228.3,-287.14,392,400,-8,0,,,,,
2606,1761740709.543500,1761740709.542500,1,-17227.3,-287.12,391,396,-9,-4,,,,,
2607,1761740710.548000,1761740710.543000,5,-17226.3,-287.11,392,398,-8,-2,,,,,
2608,1761740711.552500,1761740711.543500,9,-17225.3,-287.09,392,397,-8,-3,,,,,
2609,1761740712.559500,1761740712.541500,18,-17224.3,-287.07,391,398,-9,-2,,,,,
2610,1761740713.565000,1761740713.542000,23,-17223.3,-287.05,390,398,-10,-2,,,,,
2611,1761740714.564500,1761740714.539500,25,-17222.3,-287.04,392,399,-8,-1,,,,,
2612,1761740715.547000,1761740715.542500,4.5,-17221.3,-287.02,393,398,-7,-2,,,,,
2613,1761740716.554000,1761740716.540500,13.5,-17220.3,-287,390,399,-10,-1,,,,,
2614,1761740717.554500,1761740717.542500,12,-17219.3,-286.99,394,398,-6,-2,,,,,
2615,1761740718.561500,1761740718.544500,17,-17218.3,-286.97,391,398,-9,-2,,,,,
2616,1761740719.564500,1761740719.547500,17,-17217.3,-286.95,391,397,-9,-3,,,,,
2617,1761740720.569000,1761740720.542500,26.5,-17216.3,-286.94,392,396,-8,-4,,,,,
2618,1761740721.551500,1761740721.544500,7,-17215.3,-286.92,389,398,-11,-2,,,,,
2619,1761740722.554500,1761740722.544000,10.5,-17214.3,-286.9,389,397,-11,-3,,,,,
2620,1761740723.560000,1761740723.545500,14.5,-17213.3,-286.89,391,398,-9,-2,,,,,
2621,1761740724.564500,1761740724.546000,18.5,-17212.3,-286.87,390,398,-10,-2,,,,,
2622,1761740725.566500,1761740725.543000,23.5,-17211.3,-286.85,391,399,-9,-1,,,,,
2623,1761740726.566000,1761740726.543000,23,-17210.3,-286.84,393,399,-7,-1,,,,,
2624,1761740727.551000,1761740727.545500,5.5,-17209.3,-286.82,391,399,-9,-1,,,,,
2625,1761740728.555500,1761740728.545000,10.5,-17208.3,-286.8,391,400,-9,0,,,,,
2626,1761740729.562500,1761740729.551000,11.5,-17207.3,-286.79,392,397,-8,-3,,,,,
2627,1761740730.565500,1761740730.554000,11.5,-17206.3,-286.77,391,396,-9,-4,,,,,
2628,1761740731.569000,1761740731.547500,21.5,-17205.3,-286.75,392,398,-8,-2,,,,,
2629,1761740732.573500,1761740732.545000,28.5,-17204.3,-286.74,391,398,-9,-2,,,,,
2630,1761740733.553500,1761740733.547000,6.5,-17203.3,-286.72,391,399,-9,-1,,,,,
2631,1761740734.558000,1761740734.551500,6.5,-17202.3,-286.7,392,397,-8,-3,,,,,
2632,1761740735.565000,1761740735.551000,14,-17201.3,-286.69,391,398,-9,-2,,,,,
2633,1761740736.574500,1761740736.552500,22,-17200.3,-286.67,388,398,-12,-2,,,,,
2634,1761740737.576500,1761740737.547000,29.5,-17199.3,-286.65,389,399,-11,-1,,,,,
2635,1761740738.577500,1761740738.547000,30.5,-17198.3,-286.64,390,399,-10,-1,,,,,
2636,1761740739.555000,1761740739.550000,5,-17197.3,-286.62,390,398,-10,-2,,,,,
2637,1761740740.560500,1761740740.550500,10,-17196.3,-286.6,389,398,-11,-2,,,,,
2638,1761740741.565000,1761740741.553500,11.5,-17195.3,-286.59,390,397,-10,-3,,,,,
2639,1761740742.573000,1761740742.553000,20,-17194.3,-286.57,390,397,-10,-3,,,,,
2640,1761740743.572500,1761740743.553500,19,-17193.3,-286.55,392,397,-8,-3,,,,,
2641,1761740744.569500,1761740744.548500,21,-17192.3,-286.54,394,400,-6,0,,,,,
2642,1761740745.557000,1761740745.555500,1.5,-17191.3,-286.52,392,397,-8,-3,,,,,
2643,1761740746.561500,1761740746.555000,6.5,-17190.3,-286.5,391,397,-9,-3,,,,,
2644,1761740747.567000,1761740747.554500,12.5,-17189.3,-286.49,390,398,-10,-2,,,,,
2645,1761740748.574000,1761740748.554000,20,-17188.3,-286.47,390,398,-10,-2,,,,,
2646,1761740749.581000,1761740749.553500,27.5,-17187.3,-286.45,390,399,-10,-1,,,,,
2647,1761740750.579000,1761740750.553500,25.5,-17186.3,-286.44,391,399,-9,-1,,,,,
2648,1761740751.559000,1761740751.558000,1,-17185.3,-286.42,393,397,-7,-3,,,,,
2649,1761740752.568000,1761740752.555000,13,-17184.3,-286.4,390,398,-10,-2,,,,,
2650,1761740753.573500,1761740753.557000,16.5,-17183.3,-286.39,389,397,-11,-3,,,,,
2651,1761740754.574000,1761740754.556500,17.5,-17182.3,-286.37,391,398,-9,-2,,,,,
2652,1761740755.583000,1761740755.553500,29.5,-17181.3,-286.35,389,399,-11,-1,,,,,
2653,1761740756.580000,1761740756.553500,26.5,-17180.3,-286.34,392,399,-8,-1,,,,,
2654,1761740757.562500,1761740757.558000,4.5,-17179.3,-286.32,391,398,-9,-2,,,,,
2655,1761740758.568000,1761740758.557500,10.5,-17178.3,-286.3,392,398,-8,-2,,,,,
2656,1761740759.571000,1761740759.559500,11.5,-17177.3,-286.29,392,397,-8,-3,,,,,
2657,1761740760.575000,1761740760.556500,18.5,-17176.3,-286.27,391,399,-9,-1,,,,,
2658,1761740761.583500,1761740761.561000,22.5,-17175.3,-286.25,390,398,-10,-2,,,,,
2659,1761740762.580500,1761740762.558500,22,-17174.3,-286.24,395,401,-5,1,,,,,
2660,1761740763.570500,1761740763.569000,1.5,-17173.3,-286.22,389,397,-11,-3,,,,,
2661,1761740764.573500,1761740764.568500,5,-17172.3,-286.2,391,397,-9,-3,,,,,
2662,1761740765.580500,1761740765.565500,15,-17171.3,-286.19,390,398,-10,-2,,,,,
2663,1761740766.588500,1761740766.566000,22.5,-17170.3,-286.17,390,398,-10,-2,,,,,
2664,1761740767.585500,1761740767.564000,21.5,-17169.3,-286.15,392,400,-8,0,,,,,
2665,1761740768.568000,1761740768.566500,1.5,-17168.3,-286.14,391,398,-9,-2,,,,,
2666,1761740769.572500,1761740769.571000,1.5,-17167.3,-286.12,394,396,-6,-4,,,,,
2667,1761740770.576000,1761740770.567000,9,-17166.3,-286.1,391,398,-9,-2,,,,,
2668,1761740771.581500,1761740771.570000,11.5,-17165.3,-286.09,392,397,-8,-3,,,,,
2669,1761740772.589500,1761740772.567000,22.5,-17164.3,-286.07,390,398,-10,-2,,,,,
2670,1761740773.589000,1761740773.569000,20,-17163.3,-286.05,391,399,-9,-1,,,,,
2671,1761740774.569000,1761740774.569000,0,-17162.3,-286.04,391,397,-9,-3,,,,,
2672,1761740775.571500,1761740775.567000,4.5,-17161.3,-286.02,393,398,-7,-2,,,,,
2673,1761740776.577000,1761740776.566500,10.5,-17160.3,-286,390,398,-10,-2,,,,,
2674,1761740777.584000,1761740777.566000,18,-17159.3,-285.99,390,399,-10,-1,,,,,
2675,1761740778.586000,1761740778.574500,11.5,-17158.3,-285.97,391,397,-9,-3,,,,,
2676,1761740779.589000,1761740779.569500,19.5,-17157.3,-285.95,392,397,-8,-3,,,,,
2677,1761740780.571500,1761740780.569000,2.5,-17156.3,-285.94,389,398,-11,-2,,,,,
2678,1761740781.577000,1761740781.568500,8.5,-17155.3,-285.92,391,398,-9,-2,,,,,
2679,1761740782.581500,1761740782.573000,8.5,-17154.3,-285.9,390,397,-10,-3,,,,,
2680,1761740783.584500,1761740783.575000,9.5,-17153.3,-285.89,393,397,-7,-3,,,,,
2681,1761740784.592500,1761740784.572000,20.5,-17152.3,-285.87,391,398,-9,-2,,,,,
2682,1761740785.592000,1761740785.569500,22.5,-17151.3,-285.85,391,399,-9,-1,,,,,
2683,1761740786.572000,1761740786.571500,0.5,-17150.3,-285.84,392,398,-8,-2,,,,,
2684,1761740787.576500,1761740787.571000,5.5,-17149.3,-285.82,394,398,-6,-2,,,,,
2685,1761740788.582000,1761740788.573000,9,-17148.3,-285.8,392,397,-8,-3,,,,,
2686,1761740789.584000,1761740789.573500,10.5,-17147.3,-285.79,392,397,-8,-3,,,,,
2687,1761740790.591000,1761740790.571500,19.5,-17146.3,-285.77,391,398,-9,-2,,,,,
2688,1761740791.593000,1761740791.569000,24,-17145.3,-285.75,392,400,-8,0,,,,,
2689,1761740792.575500,1761740792.576000,0.5,-17144.3,-285.74,392,397,-8,-3,,,,,
2690,1761740793.577500,1761740793.576500,1,-17143.3,-285.72,392,397,-8,-3,,,,,
2691,1761740794.583500,1761740794.573500,10,-17142.3,-285.7,391,398,-9,-2,,,,,
2692,1761740795.589000,1761740795.578000,11,-17141.3,-285.69,391,397,-9,-3,,,,,
2693,1761740796.592000,1761740796.572500,19.5,-17140.3,-285.67,392,398,-8,-2,,,,,
2694,1761740797.595500,1761740797.570000,25.5,-17139.3,-285.65,392,400,-8,0,,,,,
2695,1761740798.578000,1761740798.574500,3.5,-17138.3,-285.64,391,399,-9,-1,,,,,
2696,1761740799.580000,1761740799.576500,3.5,-17137.3,-285.62,391,398,-9,-2,,,,,
2697,1761740800.588000,1761740800.582000,6,-17136.3,-285.6,392,396,-8,-4,,,,,
2698,1761740801.592500,1761740801.578000,14.5,-17135.3,-285.59,391,397,-9,-3,,,,,
2699,1761740802.593500,1761740802.577500,16,-17134.3,-285.57,392,397,-8,-3,,,,,
2700,1761740803.595500,1761740803.572500,23,-17133.3,-285.55,392,398,-8,-2,,,,,
2701,1761740804.578000,1761740804.574500,3.5,-17132.3,-285.54,391,400,-9,0,,,,,
2702,1761740805.583500,1761740805.579000,4.5,-17131.3,-285.52,392,398,-8,-2,,,,,
2703,1761740806.590500,1761740806.578500,12,-17130.3,-285.5,391,398,-9,-2,,,,,
2704,1761740807.593500,1761740807.576500,17,-17129.3,-285.49,391,399,-9,-1,,,,,
2705,1761740808.599000,1761740808.580000,19,-17128.3,-285.47,391,398,-9,-2,,,,,
2706,1761740809.603000,1761740809.577500,25.5,-17127.3,-285.45,390,398,-10,-2,,,,,
2707,1761740810.580500,1761740810.578000,2.5,-17126.3,-285.44,391,399,-9,-1,,,,,
2708,1761740811.589500,1761740811.581500,8,-17125.3,-285.42,390,398,-10,-2,,,,,
2709,1761740812.592500,1761740812.579500,13,-17124.3,-285.4,392,398,-8,-2,,,,,
2710,1761740813.600500,1761740813.581500,19,-17123.3,-285.39,390,398,-10,-2,,,,,
2711,1761740814.603500,1761740814.577500,26,-17122.3,-285.37,390,399,-10,-1,,,,,
2712,1761740815.603500,1761740815.577500,26,-17121.3,-285.35,391,398,-9,-2,,,,,
2713,1761740816.583500,1761740816.580500,3,-17120.3,-285.34,391,398,-9,-2,,,,,
2714,1761740817.589500,1761740817.579000,10.5,-17119.3,-285.32,391,400,-9,0,,,,,
2715,1761740818.596000,1761740818.586000,10,-17118.3,-285.3,392,397,-8,-3,,,,,
2716,1761740819.602500,1761740819.583000,19.5,-17117.3,-285.29,390,398,-10,-2,,,,,
2717,1761740820.603000,1761740820.582500,20.5,-17116.3,-285.27,391,398,-9,-2,,,,,
2718,1761740821.607500,1761740821.580000,27.5,-17115.2,-285.25,391,399,-9,-1,,,,,
2719,1761740822.587500,1761740822.582000,5.5,-17114.3,-285.24,390,398,-10,-2,,,,,
2720,1761740823.588000,1761740823.585500,2.5,-17113.3,-285.22,392,397,-8,-3,,,,,
2721,1761740824.598500,1761740824.585000,13.5,-17112.3,-285.2,391,397,-9,-3,,,,,
2722,1761740825.600500,1761740825.584500,16,-17111.3,-285.19,391,398,-9,-2,,,,,
2723,1761740826.611000,1761740826.584000,27,-17110.2,-285.17,389,398,-11,-2,,,,,
2724,1761740827.610500,1761740827.581500,29,-17109.2,-285.15,390,398,-10,-2,,,,,
2725,1761740828.588000,1761740828.587500,0.5,-17108.3,-285.14,390,397,-10,-3,,,,,
2726,1761740829.596000,1761740829.588000,8,-17107.3,-285.12,389,397,-11,-3,,,,,
2727,1761740830.601500,1761740830.584000,17.5,-17106.3,-285.1,389,398,-11,-2,,,,,
2728,1761740831.604500,1761740831.583500,21,-17105.2,-285.09,390,399,-10,-1,,,,,
2729,1761740832.609000,1761740832.584000,25,-17104.2,-285.07,391,399,-9,-1,,,,,
2730,1761740833.607000,1761740833.584000,23,-17103.2,-285.05,392,399,-8,-1,,,,,
2731,1761740834.589500,1761740834.586000,3.5,-17102.3,-285.04,391,397,-9,-3,,,,,
2732,1761740835.599000,1761740835.590500,8.5,-17101.3,-285.02,391,397,-9,-3,,,,,
2733,1761740836.601000,1761740836.589000,12,-17100.3,-285,392,397,-8,-3,,,,,
2734,1761740837.608000,1761740837.588500,19.5,-17099.2,-284.99,391,398,-9,-2,,,,,
2735,1761740838.617000,1761740838.590500,26.5,-17098.2,-284.97,389,397,-11,-3,,,,,
2736,1761740839.614000,1761740839.585500,28.5,-17097.2,-284.95,391,399,-9,-1,,,,,
2737,1761740840.594000,1761740840.590000,4,-17096.3,-284.94,390,398,-10,-2,,,,,
2738,1761740841.602000,1761740841.588500,13.5,-17095.3,-284.92,390,398,-10,-2,,,,,
2739,1761740842.601500,1761740842.588000,13.5,-17094.3,-284.9,392,399,-8,-1,,,,,
2740,1761740843.609500,1761740843.592500,17,-17093.2,-284.89,390,397,-10,-3,,,,,
2741,1761740844.612500,1761740844.592000,20.5,-17092.2,-284.87,392,398,-8,-2,,,,,
2742,1761740845.618500,1761740845.589500,29,-17091.2,-284.85,390,399,-10,-1,,,,,
2743,1761740846.596000,1761740846.594000,2,-17090.3,-284.84,390,396,-10,-4,,,,,
2744,1761740847.600500,1761740847.592500,8,-17089.3,-284.82,393,397,-7,-3,,,,,
2745,1761740848.607500,1761740848.593000,14.5,-17088.2,-284.8,390,399,-10,-1,,,,,
2746,1761740849.612000,1761740849.596500,15.5,-17087.2,-284.79,390,397,-10,-3,,,,,
2747,1761740850.619000,1761740850.591000,28,-17086.2,-284.77,390,399,-10,-1,,,,,
2748,1761740851.622500,1761740851.591000,31.5,-17085.2,-284.75,390,399,-10,-1,,,,,
2749,1761740852.600000,1761740852.595500,4.5,-17084.3,-284.74,393,398,-7,-2,,,,,
2750,1761740853.605500,1761740853.595000,10.5,-17083.2,-284.72,392,397,-8,-3,,,,,
2751,1761740854.610000,1761740854.595500,14.5,-17082.2,-284.7,389,395,-11,-5,,,,,
2752,1761740855.615500,1761740855.595000,20.5,-17081.2,-284.69,390,398,-10,-2,,,,,
2753,1761740856.619000,1761740856.597000,22,-17080.2,-284.67,390,398,-10,-2,,,,,
2754,1761740857.616000,1761740857.594500,21.5,-17079.2,-284.65,393,399,-7,-1,,,,,
2755,1761740858.601000,1761740858.596500,4.5,-17078.3,-284.64,390,398,-10,-2,,,,,
2756,1761740859.608000,1761740859.596000,12,-17077.2,-284.62,390,398,-10,-2,,,,,
2757,1761740860.616000,1761740860.595500,20.5,-17076.2,-284.6,390,399,-10,-1,,,,,
2758,1761740861.614500,1761740861.600000,14.5,-17075.2,-284.59,392,398,-8,-2,,,,,
2759,1761740862.616500,1761740862.597000,19.5,-17074.2,-284.57,392,398,-8,-2,,,,,
2760,1761740863.624500,1761740863.594500,30,-17073.2,-284.55,391,400,-9,0,,,,,
2761,1761740864.604500,1761740864.600000,4.5,-17072.2,-284.54,389,398,-11,-2,,,,,
2762,1761740865.609000,1761740865.599500,9.5,-17071.2,-284.52,391,398,-9,-2,,,,,
2763,1761740866.617000,1761740866.600000,17,-17070.2,-284.5,390,398,-10,-2,,,,,
2764,1761740867.622500,1761740867.599500,23,-17069.2,-284.49,389,398,-11,-2,,,,,
2765,1761740868.628000,1761740868.594000,34,-17068.2,-284.47,389,399,-11,-1,,,,,
2766,1761740869.620000,1761740869.594000,26,-17067.2,-284.45,392,400,-8,0,,,,,
2767,1761740870.602500,1761740870.599500,3,-17066.3,-284.44,392,399,-8,-1,,,,,
2768,1761740871.608500,1761740871.602500,6,-17065.2,-284.42,391,398,-9,-2,,,,,
2769,1761740872.616500,1761740872.604000,12.5,-17064.2,-284.4,391,397,-9,-3,,,,,
2770,1761740873.618500,1761740873.601500,17,-17063.2,-284.39,390,398,-10,-2,,,,,
2771,1761740874.622500,1761740874.598500,24,-17062.2,-284.37,391,399,-9,-1,,,,,
2772,1761740875.625500,1761740875.598500,27,-17061.2,-284.35,392,399,-8,-1,,,,,
2773,1761740876.608000,1761740876.600500,7.5,-17060.2,-284.34,391,398,-9,-2,,,,,
2774,1761740877.611000,1761740877.601500,9.5,-17059.2,-284.32,392,398,-8,-2,,,,,
2775,1761740878.616500,1761740878.602000,14.5,-17058.2,-284.3,391,399,-9,-1,,,,,
2776,1761740879.625500,1761740879.601500,24,-17057.2,-284.29,389,399,-11,-1,,,,,
2777,1761740880.627500,1761740880.602000,25.5,-17056.2,-284.27,389,399,-11,-1,,,,,
2778,1761740881.602500,1761740881.602000,0.5,-17055.3,-284.25,390,399,-10,-1,,,,,
2779,1761740882.609500,1761740882.601500,8,-17054.2,-284.24,393,399,-7,-1,,,,,
2780,1761740883.617500,1761740883.608500,9,-17053.2,-284.22,391,395,-9,-5,,,,,
2781,1761740884.617000,1761740884.607000,10,-17052.2,-284.2,391,397,-9,-3,,,,,
2782,1761740885.620000,1761740885.606500,13.5,-17051.2,-284.19,392,398,-8,-2,,,,,
2783,1761740886.624500,1761740886.601000,23.5,-17050.2,-284.17,392,400,-8,0,,,,,
2784,1761740887.607000,1761740887.603500,3.5,-17049.2,-284.15,389,399,-11,-1,,,,,
2785,1761740888.609500,1761740888.603000,6.5,-17048.2,-284.14,391,398,-9,-2,,,,,
2786,1761740889.617500,1761740889.603500,14,-17047.2,-284.12,390,399,-10,-1,,,,,
2787,1761740890.623500,1761740890.605500,18,-17046.2,-284.1,389,398,-11,-2,,,,,
2788,1761740891.628000,1761740891.607500,20.5,-17045.2,-284.09,390,397,-10,-3,,,,,
2789,1761740892.630000,1761740892.602000,28,-17044.2,-284.07,391,400,-9,0,,,,,
2790,1761740893.610000,1761740893.604500,5.5,-17043.2,-284.05,390,399,-10,-1,,,,,
2791,1761740894.609500,1761740894.606500,3,-17042.2,-284.04,391,396,-9,-4,,,,,
2792,1761740895.619000,1761740895.606000,13,-17041.2,-284.02,391,398,-9,-2,,,,,
2793,1761740896.623500,1761740896.605500,18,-17040.2,-284,391,399,-9,-1,,,,,
2794,1761740897.631500,1761740897.610000,21.5,-17039.2,-283.99,390,397,-10,-3,,,,,
2795,1761740898.632000,1761740898.607000,25,-17038.2,-283.97,390,400,-10,0,,,,,
2796,1761740899.609500,1761740899.609500,0,-17037.2,-283.95,393,397,-7,-3,,,,,
2797,1761740900.614000,1761740900.608000,6,-17036.2,-283.94,390,398,-10,-2,,,,,
2798,1761740901.621000,1761740901.611000,10,-17035.2,-283.92,391,397,-9,-3,,,,,
2799,1761740902.621500,1761740902.609500,12,-17034.2,-283.9,392,398,-8,-2,,,,,
2800,1761740903.631000,1761740903.606500,24.5,-17033.2,-283.89,390,399,-10,-1,,,,,
2801,1761740904.634000,1761740904.606500,27.5,-17032.2,-283.87,390,399,-10,-1,,,,,
2802,1761740905.611500,1761740905.608500,3,-17031.2,-283.85,392,398,-8,-2,,,,,
2803,1761740906.615500,1761740906.610500,5,-17030.2,-283.84,390,397,-10,-3,,,,,
2804,1761740907.622500,1761740907.611000,11.5,-17029.2,-283.82,392,398,-8,-2,,,,,
2805,1761740908.629000,1761740908.613000,16,-17028.2,-283.8,391,397,-9,-3,,,,,
2806,1761740909.628000,1761740909.608000,20,-17027.2,-283.79,393,399,-7,-1,,,,,
2807,1761740910.631000,1761740910.608000,23,-17026.2,-283.77,391,398,-9,-2,,,,,
2808,1761740911.611000,1761740911.611000,0,-17025.2,-283.75,394,399,-6,-1,,,,,
2809,1761740912.621000,1761740912.613000,8,-17024.2,-283.74,391,397,-9,-3,,,,,
2810,1761740913.626500,1761740913.615000,11.5,-17023.2,-283.72,391,398,-9,-2,,,,,
2811,1761740914.634500,1761740914.619500,15,-17022.2,-283.7,390,396,-10,-4,,,,,
2812,1761740915.631500,1761740915.611500,20,-17021.2,-283.69,392,398,-8,-2,,,,,
2813,1761740916.638500,1761740916.609000,29.5,-17020.2,-283.67,390,400,-10,0,,,,,
2814,1761740917.616000,1761740917.613000,3,-17019.2,-283.65,393,398,-7,-2,,,,,
2815,1761740918.621500,1761740918.616000,5.5,-17018.2,-283.64,392,397,-8,-3,,,,,
2816,1761740919.627000,1761740919.619000,8,-17017.2,-283.62,394,397,-6,-3,,,,,
2817,1761740920.634000,1761740920.617000,17,-17016.2,-283.6,390,397,-10,-3,,,,,
2818,1761740921.640500,1761740921.617500,23,-17015.2,-283.59,389,397,-11,-3,,,,,
2819,1761740922.640000,1761740922.612500,27.5,-17014.2,-283.57,390,399,-10,-1,,,,,
2820,1761740923.617500,1761740923.616000,1.5,-17013.2,-283.55,392,398,-8,-2,,,,,
2821,1761740924.626000,1761740924.619500,6.5,-17012.2,-283.54,390,397,-10,-3,,,,,
2822,1761740925.633000,1761740925.619000,14,-17011.2,-283.52,388,398,-12,-2,,,,,
2823,1761740926.636000,1761740926.618500,17.5,-17010.2,-283.5,390,398,-10,-2,,,,,
2824,1761740927.640500,1761740927.615500,25,-17009.2,-283.49,390,399,-10,-1,,,,,
2825,1761740928.642000,1761740928.615500,26.5,-17008.2,-283.47,390,399,-10,-1,,,,,
2826,1761740929.619500,1761740929.620000,0.5,-17007.2,-283.45,391,397,-9,-3,,,,,
2827,1761740930.629000,1761740930.619500,9.5,-17006.2,-283.44,390,398,-10,-2,,,,,
2828,1761740931.633500,1761740931.619000,14.5,-17005.2,-283.42,389,398,-11,-2,,,,,
2829,1761740932.636500,1761740932.623500,13,-17004.2,-283.4,391,397,-9,-3,,,,,
2830,1761740933.641000,1761740933.619000,22,-17003.2,-283.39,390,398,-10,-2,,,,,
2831,1761740934.640500,1761740934.616500,24,-17002.2,-283.37,392,399,-8,-1,,,,,
2832,1761740935.623000,1761740935.622500,0.5,-17001.2,-283.35,391,397,-9,-3,,,,,
2833,1761740936.627500,1761740936.620500,7,-17000.2,-283.34,392,398,-8,-2,,,,,
2834,1761740937.632000,1761740937.620000,12,-16999.2,-283.32,390,397,-10,-3,,,,,
2835,1761740938.641500,1761740938.618500,23,-16998.2,-283.3,389,398,-11,-2,,,,,
2836,1761740939.639500,1761740939.618000,21.5,-16997.2,-283.29,393,400,-7,0,,,,,
2837,1761740940.638500,1761740940.620500,18,-16996.2,-283.27,394,398,-6,-2,,,,,
2838,1761740941.626000,1761740941.625000,1,-16995.2,-283.25,390,396,-10,-4,,,,,
2839,1761740942.631500,1761740942.624500,7,-16994.2,-283.24,389,396,-11,-4,,,,,
2840,1761740943.634500,1761740943.621500,13,-16993.2,-283.22,392,398,-8,-2,,,,,
2841,1761740944.642500,1761740944.623500,19,-16992.2,-283.2,391,398,-9,-2,,,,,
2842,1761740945.648000,1761740945.626500,21.5,-16991.2,-283.19,390,397,-10,-3,,,,,
2843,1761740946.642500,1761740946.621500,21,-16990.2,-283.17,393,399,-7,-1,,,,,
2844,1761740947.627500,1761740947.626000,1.5,-16989.2,-283.15,392,397,-8,-3,,,,,
2845,1761740948.632000,1761740948.626500,5.5,-16988.2,-283.14,392,397,-8,-3,,,,,
2846,1761740949.639000,1761740949.623500,15.5,-16987.2,-283.12,391,398,-9,-2,,,,,
2847,1761740950.646000,1761740950.626500,19.5,-16986.2,-283.1,390,398,-10,-2,,,,,
2848,1761740951.645500,1761740951.628500,17,-16985.2,-283.09,392,397,-8,-3,,,,,
2849,1761740952.645000,1761740952.623500,21.5,-16984.2,-283.07,393,399,-7,-1,,,,,
2850,1761740953.630000,1761740953.628000,2,-16983.2,-283.05,392,398,-8,-2,,,,,
2851,1761740954.635500,1761740954.629000,6.5,-16982.2,-283.04,393,397,-7,-3,,,,,
2852,1761740955.638500,1761740955.626000,12.5,-16981.2,-283.02,393,399,-7,-1,,,,,
2853,1761740956.649000,1761740956.628000,21,-16980.2,-283,389,399,-11,-1,,,,,
2854,1761740957.653500,1761740957.628500,25,-16979.2,-282.99,390,398,-10,-2,,,,,
2855,1761740958.653000,1761740958.626000,27,-16978.2,-282.97,392,399,-8,-1,,,,,
2856,1761740959.635500,1761740959.632000,3.5,-16977.2,-282.95,392,397,-8,-3,,,,,
2857,1761740960.640000,1761740960.631500,8.5,-16976.2,-282.94,393,398,-7,-2,,,,,
2858,1761740961.644500,1761740961.633500,11,-16975.2,-282.92,391,397,-9,-3,,,,,
2859,1761740962.648000,1761740962.629500,18.5,-16974.2,-282.9,392,398,-8,-2,,,,,
2860,1761740963.651000,1761740963.627500,23.5,-16973.2,-282.89,392,399,-8,-1,,,,,
2861,1761740964.653000,1761740964.627500,25.5,-16972.2,-282.87,392,400,-8,0,,,,,
2862,1761740965.635500,1761740965.634500,1,-16971.2,-282.85,391,397,-9,-3,,,,,
2863,1761740966.643500,1761740966.634000,9.5,-16970.2,-282.84,392,396,-8,-4,,,,,
2864,1761740967.648000,1761740967.631000,17,-16969.2,-282.82,393,397,-7,-3,,,,,
2865,1761740968.648500,1761740968.629000,19.5,-16968.2,-282.8,392,399,-8,-1,,,,,
2866,1761740969.655500,1761740969.632000,23.5,-16967.2,-282.79,391,399,-9,-1,,,,,
2867,1761740970.657000,1761740970.632000,25,-16966.2,-282.77,391,399,-9,-1,,,,,
2868,1761740971.637000,1761740971.635500,1.5,-16965.2,-282.75,392,395,-8,-5,,,,,
2869,1761740972.642500,1761740972.636000,6.5,-16964.2,-282.74,391,397,-9,-3,,,,,
2870,1761740973.648000,1761740973.634500,13.5,-16963.2,-282.72,391,397,-9,-3,,,,,
2871,1761740974.651000,1761740974.636500,14.5,-16962.2,-282.7,392,398,-8,-2,,,,,
2872,1761740975.662500,1761740975.638500,24,-16961.2,-282.69,390,397,-10,-3,,,,,
2873,1761740976.659500,1761740976.633500,26,-16960.2,-282.67,392,399,-8,-1,,,,,
2874,1761740977.642000,1761740977.639000,3,-16959.2,-282.65,389,397,-11,-3,,,,,
2875,1761740978.646500,1761740978.638500,8,-16958.2,-282.64,391,397,-9,-3,,,,,
2876,1761740979.656000,1761740979.638000,18,-16957.2,-282.62,389,398,-11,-2,,,,,
2877,1761740980.656500,1761740980.640000,16.5,-16956.2,-282.6,391,398,-9,-2,,,,,
2878,1761740981.658500,1761740981.642000,16.5,-16955.2,-282.59,392,396,-8,-4,,,,,
2879,1761740982.661500,1761740982.634500,27,-16954.2,-282.57,392,400,-8,0,,,,,
2880,1761740983.644000,1761740983.639000,5,-16953.2,-282.55,390,398,-10,-2,,,,,
2881,1761740984.646000,1761740984.638500,7.5,-16952.2,-282.54,392,398,-8,-2,,,,,
2882,1761740985.655500,1761740985.640500,15,-16951.2,-282.52,390,397,-10,-3,,,,,
2883,1761740986.659500,1761740986.642500,17,-16950.2,-282.5,391,397,-9,-3,,,,,
2884,1761740987.667500,1761740987.639500,28,-16949.2,-282.49,388,398,-12,-2,,,,,
2885,1761740988.662000,1761740988.637000,25,-16948.2,-282.47,394,400,-6,0,,,,,
2886,1761740989.649500,1761740989.642500,7,-16947.2,-282.45,392,398,-8,-2,,,,,
2887,1761740990.655000,1761740990.644500,10.5,-16946.2,-282.44,391,397,-9,-3,,,,,
2888,1761740991.657000,1761740991.644000,13,-16945.2,-282.42,391,397,-9,-3,,,,,
2889,1761740992.662500,1761740992.642500,20,-16944.2,-282.4,391,398,-9,-2,,,,,
2890,1761740993.659500,1761740993.639500,20,-16943.2,-282.39,393,400,-7,0,,,,,
2891,1761740994.644500,1761740994.642000,2.5,-16942.2,-282.37,392,398,-8,-2,,,,,
2892,1761740995.646500,1761740995.641500,5,-16941.2,-282.35,392,398,-8,-2,,,,,
2893,1761740996.652000,1761740996.644500,7.5,-16940.2,-282.34,392,398,-8,-2,,,,,
2894,1761740997.659000,1761740997.644500,14.5,-16939.2,-282.32,392,398,-8,-2,,,,,
2895,1761740998.660500,1761740998.642000,18.5,-16938.2,-282.3,396,399,-4,-1,,,,,
2896,1761740999.653000,1761740999.646500,6.5,-16937.2,-282.29,395,398,-5,-2,,,,,
2897,1761741000.657500,1761741000.642500,15,-16936.2,-282.27,395,400,-5,0,,,,,
2898,1761741001.647500,1761741001.645000,2.5,-16935.2,-282.25,395,398,-5,-2,,,,,
2899,1761741002.648500,1761741002.641000,7.5,-16934.2,-282.24,393,400,-7,0,,,,,
2900,1761741003.655500,1761741003.647000,8.5,-16933.2,-282.22,392,398,-8,-2,,,,,
2901,1761741004.660000,1761741004.650000,10,-16932.2,-282.2,391,397,-9,-3,,,,,
2902,1761741005.667000,1761741005.648500,18.5,-16931.2,-282.19,391,397,-9,-3,,,,,
2903,1761741006.666500,1761741006.643000,23.5,-16930.2,-282.17,392,400,-8,0,,,,,
2904,1761741007.649000,1761741007.645500,3.5,-16929.2,-282.15,392,398,-8,-2,,,,,
2905,1761741008.653500,1761741008.648500,5,-16928.2,-282.14,391,397,-9,-3,,,,,
2906,1761741009.659000,1761741009.645500,13.5,-16927.2,-282.12,390,399,-10,-1,,,,,
2907,1761741010.666000,1761741010.648500,17.5,-16926.2,-282.1,391,398,-9,-2,,,,,
2908,1761741011.665500,1761741011.648000,17.5,-16925.2,-282.09,392,398,-8,-2,,,,,
2909,1761741012.671000,1761741012.648500,22.5,-16924.2,-282.07,391,400,-9,0,,,,,
2910,1761741013.651000,1761741013.651000,0,-16923.2,-282.05,392,397,-8,-3,,,,,
2911,1761741014.655500,1761741014.650500,5,-16922.2,-282.04,392,397,-8,-3,,,,,
2912,1761741015.662500,1761741015.651000,11.5,-16921.2,-282.02,390,398,-10,-2,,,,,
2913,1761741016.665500,1761741016.654000,11.5,-16920.2,-282,392,397,-8,-3,,,,,
2914,1761741017.667500,1761741017.653500,14,-16919.2,-281.99,392,397,-8,-3,,,,,
2915,1761741018.675500,1761741018.651500,24,-16918.2,-281.97,390,400,-10,0,,,,,
2916,1761741019.653000,1761741019.654000,1,-16917.2,-281.95,392,397,-8,-3,,,,,
2917,1761741020.658500,1761741020.654500,4,-16916.2,-281.94,392,398,-8,-2,,,,,
2918,1761741021.660500,1761741021.654000,6.5,-16915.2,-281.92,393,397,-7,-3,,,,,
2919,1761741022.668500,1761741022.653500,15,-16914.2,-281.9,391,398,-9,-2,,,,,
2920,1761741023.671500,1761741023.653000,18.5,-16913.2,-281.89,392,398,-8,-2,,,,,
2921,1761741024.674500,1761741024.652500,22,-16912.2,-281.87,392,400,-8,0,,,,,
2922,1761741025.657000,1761741025.655000,2,-16911.2,-281.85,391,397,-9,-3,,,,,
2923,1761741026.661500,1761741026.656000,5.5,-16910.2,-281.84,393,398,-7,-2,,,,,
2924,1761741027.667000,1761741027.657500,9.5,-16909.2,-281.82,391,397,-9,-3,,,,,
2925,1761741028.674000,1761741028.658000,16,-16908.2,-281.8,391,397,-9,-3,,,,,
2926,1761741029.677000,1761741029.657500,19.5,-16907.2,-281.79,391,397,-9,-3,,,,,
2927,1761741030.684000,1761741030.654500,29.5,-16906.2,-281.77,389,400,-11,0,,,,,
2928,1761741031.659000,1761741031.657000,2,-16905.2,-281.75,392,397,-8,-3,,,,,
2929,1761741032.666000,1761741032.656500,9.5,-16904.2,-281.74,391,398,-9,-2,,,,,
2930,1761741033.670500,1761741033.663500,7,-16903.2,-281.72,390,395,-10,-5,,,,,
2931,1761741034.675000,1761741034.658000,17,-16902.2,-281.7,391,398,-9,-2,,,,,
2932,1761741035.684500,1761741035.657500,27,-16901.2,-281.69,388,398,-12,-2,,,,,
2933,1761741036.681500,1761741036.657000,24.5,-16900.2,-281.67,390,400,-10,0,,,,,
2934,1761741037.659000,1761741037.659500,0.5,-16899.2,-281.65,391,397,-9,-3,,,,,
2935,1761741038.667000,1761741038.657500,9.5,-16898.2,-281.64,390,399,-10,-1,,,,,
2936,1761741039.670000,1761741039.659500,10.5,-16897.2,-281.62,391,397,-9,-3,,,,,
2937,1761741040.678000,1761741040.665000,13,-16896.2,-281.6,392,395,-8,-5,,,,,
2938,1761741041.681000,1761741041.662000,19,-16895.2,-281.59,391,398,-9,-2,,,,,
2939,1761741042.683000,1761741042.661500,21.5,-16894.2,-281.57,392,400,-8,0,,,,,
2940,1761741043.665500,1761741043.664000,1.5,-16893.2,-281.55,389,398,-11,-2,,,,,
2941,1761741044.670000,1761741044.664500,5.5,-16892.2,-281.54,390,398,-10,-2,,,,,
2942,1761741045.675500,1761741045.667500,8,-16891.2,-281.52,392,397,-8,-3,,,,,
2943,1761741046.680000,1761741046.663500,16.5,-16890.2,-281.5,392,398,-8,-2,,,,,
2944,1761741047.685500,1761741047.665500,20,-16889.2,-281.49,392,398,-8,-2,,,,,
2945,1761741048.695000,1761741048.663000,32,-16888.2,-281.47,388,399,-12,-1,,,,,
2946,1761741049.667500,1761741049.666000,1.5,-16887.2,-281.45,390,397,-10,-3,,,,,
2947,1761741050.674500,1761741050.664000,10.5,-16886.2,-281.44,390,398,-10,-2,,,,,
2948,1761741051.678500,1761741051.666000,12.5,-16885.2,-281.42,392,399,-8,-1,,,,,
2949,1761741052.680500,1761741052.668000,12.5,-16884.2,-281.4,392,397,-8,-3,,,,,
2950,1761741053.688500,1761741053.666000,22.5,-16883.2,-281.39,390,398,-10,-2,,,,,
2951,1761741054.691500,1761741054.663500,28,-16882.2,-281.37,391,398,-9,-2,,,,,
2952,1761741055.671500,1761741055.665500,6,-16881.2,-281.35,390,399,-10,-1,,,,,
2953,1761741056.676000,1761741056.668500,7.5,-16880.2,-281.34,391,399,-9,-1,,,,,
2954,1761741057.680500,1761741057.670500,10,-16879.2,-281.32,390,398,-10,-2,,,,,
2955,1761741058.688500,1761741058.670000,18.5,-16878.2,-281.3,391,398,-9,-2,,,,,
2956,1761741059.690500,1761741059.669500,21,-16877.2,-281.29,390,398,-10,-2,,,,,
2957,1761741060.692000,1761741060.667000,25,-16876.2,-281.27,392,399,-8,-1,,,,,
2958,1761741061.674500,1761741061.674000,0.5,-16875.2,-281.25,391,397,-9,-3,,,,,
2959,1761741062.680000,1761741062.673500,6.5,-16874.2,-281.24,391,397,-9,-3,,,,,
2960,1761741063.682000,1761741063.673000,9,-16873.2,-281.22,392,398,-8,-2,,,,,
2961,1761741064.690000,1761741064.672500,17.5,-16872.2,-281.2,392,398,-8,-2,,,,,
2962,1761741065.698000,1761741065.669500,28.5,-16871.2,-281.19,389,399,-11,-1,,,,,
2963,1761741066.696000,1761741066.669500,26.5,-16870.2,-281.17,391,398,-9,-2,,,,,
2964,1761741067.676000,1761741067.671500,4.5,-16869.2,-281.15,390,399,-10,-1,,,,,
2965,1761741068.683000,1761741068.677000,6,-16868.2,-281.14,390,397,-10,-3,,,,,
2966,1761741069.687500,1761741069.676500,11,-16867.2,-281.12,390,397,-10,-3,,,,,
2967,1761741070.690500,1761741070.673500,17,-16866.2,-281.1,391,398,-9,-2,,,,,
2968,1761741071.700000,1761741071.670500,29.5,-16865.2,-281.09,390,399,-10,-1,,,,,
2969,1761741072.700500,1761741072.670500,30,-16864.2,-281.07,391,398,-9,-2,,,,,
2970,1761741073.680500,1761741073.672500,8,-16863.2,-281.05,391,399,-9,-1,,,,,
2971,1761741074.682500,1761741074.677000,5.5,-16862.2,-281.04,392,397,-8,-3,,,,,
2972,1761741075.689500,1761741075.677500,12,-16861.2,-281.02,391,397,-9,-3,,,,,
2973,1761741076.694000,1761741076.679500,14.5,-16860.2,-281,392,397,-8,-3,,,,,
2974,1761741077.701000,1761741077.672500,28.5,-16859.2,-280.99,390,399,-10,-1,,,,,
2975,1761741078.703000,1761741078.672500,30.5,-16858.2,-280.97,390,399,-10,-1,,,,,
2976,1761741079.680500,1761741079.677000,3.5,-16857.2,-280.95,392,397,-8,-3,,,,,
2977,1761741080.685000,1761741080.680000,5,-16856.2,-280.94,391,398,-9,-2,,,,,
2978,1761741081.692000,1761741081.677000,15,-16855.2,-280.92,391,398,-9,-2,,,,,
2979,1761741082.695000,1761741082.679000,16,-16854.2,-280.9,393,398,-7,-2,,,,,
2980,1761741083.702000,1761741083.678500,23.5,-16853.2,-280.89,391,398,-9,-2,,,,,
2981,1761741084.700000,1761741084.676000,24,-16852.2,-280.87,392,400,-8,0,,,,,
2982,1761741085.682500,1761741085.680500,2,-16851.2,-280.85,392,397,-8,-3,,,,,
2983,1761741086.687000,1761741086.679000,8,-16850.2,-280.84,391,399,-9,-1,,,,,
2984,1761741087.690000,1761741087.681000,9,-16849.2,-280.82,392,398,-8,-2,,,,,
2985,1761741088.697000,1761741088.681500,15.5,-16848.2,-280.8,392,398,-8,-2,,,,,
2986,1761741089.707500,1761741089.677500,30,-16847.1,-280.79,389,399,-11,-1,,,,,
2987,1761741090.707000,1761741090.677500,29.5,-16846.1,-280.77,391,399,-9,-1,,,,,
2988,1761741091.687000,1761741091.682000,5,-16845.2,-280.75,390,396,-10,-4,,,,,
2989,1761741092.689000,1761741092.681500,7.5,-16844.2,-280.74,392,398,-8,-2,,,,,
2990,1761741093.698500,1761741093.687000,11.5,-16843.2,-280.72,391,397,-9,-3,,,,,
2991,1761741094.705500,1761741094.684000,21.5,-16842.1,-280.7,389,398,-11,-2,,,,,
2992,1761741095.705000,1761741095.681000,24,-16841.1,-280.69,392,398,-8,-2,,,,,
2993,1761741096.705000,1761741096.678500,26.5,-16840.1,-280.67,393,399,-7,-1,,,,,
2994,1761741097.690000,1761741097.685500,4.5,-16839.2,-280.65,390,397,-10,-3,,,,,
2995,1761741098.693000,1761741098.685000,8,-16838.2,-280.64,392,398,-8,-2,,,,,
2996,1761741099.701000,1761741099.686000,15,-16837.2,-280.62,391,397,-9,-3,,,,,
2997,1761741100.705500,1761741100.688000,17.5,-16836.1,-280.6,390,397,-10,-3,,,,,
2998,1761741101.709500,1761741101.681500,28,-16835.1,-280.59,391,399,-9,-1,,,,,
2999,1761741102.712500,1761741102.681500,31,-16834.1,-280.57,389,399,-11,-1,,,,,
3000,1761741103.687500,1761741103.686000,1.5,-16833.2,-280.55,393,397,-7,-3,,,,,
3001,1761741104.698000,1761741104.685500,12.5,-16832.2,-280.54,389,398,-11,-2,,,,,
3002,1761741105.703500,1761741105.682500,21,-16831.2,-280.52,390,399,-10,-1,,,,,
3003,1761741106.709000,1761741106.683000,26,-16830.1,-280.5,390,400,-10,0,,,,,
3004,1761741107.711000,1761741107.690000,21,-16829.1,-280.49,389,397,-11,-3,,,,,
3005,1761741108.711500,1761741108.685000,26.5,-16828.1,-280.47,392,400,-8,0,,,,,
3006,1761741109.694000,1761741109.689500,4.5,-16827.2,-280.45,391,398,-9,-2,,,,,
3007,1761741110.699500,1761741110.689000,10.5,-16826.2,-280.44,392,398,-8,-2,,,,,
3008,1761741111.704000,1761741111.687500,16.5,-16825.1,-280.42,391,399,-9,-1,,,,,
3009,1761741112.709500,1761741112.694500,15,-16824.1,-280.4,391,397,-9,-3,,,,,
3010,1761741113.713500,1761741113.687500,26,-16823.1,-280.39,391,400,-9,0,,,,,
3011,1761741114.693500,1761741114.690000,3.5,-16822.2,-280.37,390,399,-10,-1,,,,,
3012,1761741115.698000,1761741115.694500,3.5,-16821.2,-280.35,391,397,-9,-3,,,,,
3013,1761741116.698500,1761741116.691500,7,-16820.2,-280.34,392,398,-8,-2,,,,,
3014,1761741117.704000,1761741117.696000,8,-16819.1,-280.32,393,396,-7,-4,,,,,
3015,1761741118.709500,1761741118.690500,19,-16818.1,-280.3,392,398,-8,-2,,,,,
3016,1761741119.712500,1761741119.688000,24.5,-16817.1,-280.29,392,401,-8,1,,,,,
3017,1761741120.695000,1761741120.695000,0,-16816.2,-280.27,392,398,-8,-2,,,,,
3018,1761741121.697000,1761741121.697000,0,-16815.2,-280.25,392,397,-8,-3,,,,,
3019,1761741122.705000,1761741122.695000,10,-16814.1,-280.24,392,398,-8,-2,,,,,
3020,1761741123.712000,1761741123.695500,16.5,-16813.1,-280.22,391,397,-9,-3,,,,,
3021,1761741124.711500,1761741124.693500,18,-16812.1,-280.2,392,398,-8,-2,,,,,
3022,1761741125.711000,1761741125.691000,20,-16811.1,-280.19,393,400,-7,0,,,,,
3023,1761741126.696000,1761741126.698000,2,-16810.2,-280.17,391,397,-9,-3,,,,,
3024,1761741127.700500,1761741127.696000,4.5,-16809.2,-280.15,393,398,-7,-2,,,,,
3025,1761741128.708500,1761741128.703000,5.5,-16808.1,-280.14,390,395,-10,-5,,,,,
3026,1761741129.713000,1761741129.696000,17,-16807.1,-280.12,391,398,-9,-2,,,,,
3027,1761741130.716000,1761741130.698000,18,-16806.1,-280.1,392,398,-8,-2,,,,,
3028,1761741131.720500,1761741131.695500,25,-16805.1,-280.09,390,399,-10,-1,,,,,
3029,1761741132.698000,1761741132.697500,0.5,-16804.2,-280.07,393,398,-7,-2,,,,,
3030,1761741133.702500,1761741133.699500,3,-16803.2,-280.05,392,397,-8,-3,,,,,
3031,1761741134.710500,1761741134.696500,14,-16802.1,-280.04,391,399,-9,-1,,,,,
3032,1761741135.712500,1761741135.698500,14,-16801.1,-280.02,391,398,-9,-2,,,,,
3033,1761741136.719500,1761741136.698000,21.5,-16800.1,-280,391,398,-9,-2,,,,,
3034,1761741137.720500,1761741137.695500,25,-16799.1,-279.99,391,399,-9,-1,,,,,
3035,1761741138.700500,1761741138.700000,0.5,-16798.2,-279.97,391,398,-9,-2,,,,,
3036,1761741139.704500,1761741139.699500,5,-16797.1,-279.95,392,398,-8,-2,,,,,
3037,1761741140.712500,1761741140.699000,13.5,-16796.1,-279.94,390,397,-10,-3,,,,,
3038,1761741141.715500,1761741141.702500,13,-16795.1,-279.92,392,397,-8,-3,,,,,
3039,1761741142.720000,1761741142.702000,18,-16794.1,-279.9,391,398,-9,-2,,,,,
3040,1761741143.723500,1761741143.699500,24,-16793.1,-279.89,391,399,-9,-1,,,,,
3041,1761741144.703500,1761741144.706500,3,-16792.2,-279.87,392,396,-8,-4,,,,,
3042,1761741145.709000,1761741145.703500,5.5,-16791.1,-279.85,391,398,-9,-2,,,,,
3043,1761741146.717500,1761741146.705500,12,-16790.1,-279.84,390,397,-10,-3,,,,,
3044,1761741147.723000,1761741147.704000,19,-16789.1,-279.82,389,398,-11,-2,,,,,
3045,1761741148.726500,1761741148.703500,23,-16788.1,-279.8,390,398,-10,-2,,,,,
3046,1761741149.723500,1761741149.701000,22.5,-16787.1,-279.79,392,399,-8,-1,,,,,
3047,1761741150.706000,1761741150.705500,0.5,-16786.1,-279.77,389,398,-11,-2,,,,,
3048,1761741151.710500,1761741151.707500,3,-16785.1,-279.75,393,397,-7,-3,,,,,
3049,1761741152.717500,1761741152.707000,10.5,-16784.1,-279.74,392,396,-8,-4,,,,,
3050,1761741153.720500,1761741153.706500,14,-16783.1,-279.72,392,398,-8,-2,,,,,
3051,1761741154.722500,1761741154.709500,13,-16782.1,-279.7,393,397,-7,-3,,,,,
3052,1761741155.726000,1761741155.704500,21.5,-16781.1,-279.69,392,399,-8,-1,,,,,
3053,1761741156.708500,1761741156.705500,3,-16780.1,-279.67,391,398,-9,-2,,,,,
3054,1761741157.715500,1761741157.708500,7,-16779.1,-279.65,392,397,-8,-3,,,,,
3055,1761741158.718500,1761741158.709500,9,-16778.1,-279.64,391,397,-9,-3,,,,,
3056,1761741159.723000,1761741159.709000,14,-16777.1,-279.62,392,397,-8,-3,,,,,
3057,1761741160.727500,1761741160.706000,21.5,-16776.1,-279.6,392,399,-8,-1,,,,,
3058,1761741161.732000,1761741161.706000,26,-16775.1,-279.59,391,399,-9,-1,,,,,
3059,1761741162.712000,1761741162.710500,1.5,-16774.1,-279.57,394,395,-6,-5,,,,,
3060,1761741163.715000,1761741163.711500,3.5,-16773.1,-279.55,393,397,-7,-3,,,,,
3061,1761741164.722000,1761741164.711000,11,-16772.1,-279.54,391,397,-9,-3,,,,,
3062,1761741165.731500,1761741165.710500,21,-16771.1,-279.52,390,398,-10,-2,,,,,
3063,1761741166.732000,1761741166.711000,21,-16770.1,-279.5,391,398,-9,-2,,,,,
3064,1761741167.735000,1761741167.708500,26.5,-16769.1,-279.49,390,399,-10,-1,,,,,
3065,1761741168.712500,1761741168.713000,0.5,-16768.1,-279.47,390,397,-10,-3,,,,,
3066,1761741169.719500,1761741169.713500,6,-16767.1,-279.45,392,397,-8,-3,,,,,
3067,1761741170.723500,1761741170.710500,13,-16766.1,-279.44,392,398,-8,-2,,,,,
3068,1761741171.728000,1761741171.709000,19,-16765.1,-279.42,392,400,-8,0,,,,,
3069,1761741172.738500,1761741172.712000,26.5,-16764.1,-279.4,389,398,-11,-2,,,,,
3070,1761741173.736500,1761741173.709500,27,-16763.1,-279.39,390,400,-10,0,,,,,
3071,1761741174.714000,1761741174.715500,1.5,-16762.1,-279.37,393,396,-7,-4,,,,,
3072,1761741175.721000,1761741175.715000,6,-16761.1,-279.35,390,397,-10,-3,,,,,
3073,1761741176.726500,1761741176.715500,11,-16760.1,-279.34,392,397,-8,-3,,,,,
3074,1761741177.731000,1761741177.711500,19.5,-16759.1,-279.32,391,400,-9,0,,,,,
3075,1761741178.736500,1761741178.714500,22,-16758.1,-279.3,390,398,-10,-2,,,,,
3076,1761741179.735500,1761741179.712000,23.5,-16757.1,-279.29,392,400,-8,0,,,,,
3077,1761741180.718000,1761741180.719000,1,-16756.1,-279.27,391,397,-9,-3,,,,,
3078,1761741181.722500,1761741181.713500,9,-16755.1,-279.25,393,399,-7,-1,,,,,
3079,1761741182.730500,1761741182.716500,14,-16754.1,-279.24,391,397,-9,-3,,,,,
3080,1761741183.733500,1761741183.716000,17.5,-16753.1,-279.22,391,399,-9,-1,,,,,
3081,1761741184.739000,1761741184.718000,21,-16752.1,-279.2,390,398,-10,-2,,,,,
3082,1761741185.743000,1761741185.715500,27.5,-16751.1,-279.19,390,399,-10,-1,,,,,
3083,1761741186.720500,1761741186.717500,3,-16750.1,-279.17,391,398,-9,-2,,,,,
3084,1761741187.730000,1761741187.717000,13,-16749.1,-279.15,390,399,-10,-1,,,,,
3085,1761741188.735500,1761741188.720500,15,-16748.1,-279.14,389,398,-11,-2,,,,,
3086,1761741189.738500,1761741189.722500,16,-16747.1,-279.12,390,397,-10,-3,,,,,
3087,1761741190.744000,1761741190.722000,22,-16746.1,-279.1,390,397,-10,-3,,,,,
3088,1761741191.747000,1761741191.717000,30,-16745.1,-279.09,390,399,-10,-1,,,,,
3089,1761741192.724500,1761741192.721500,3,-16744.1,-279.07,392,398,-8,-2,,,,,
3090,1761741193.730000,1761741193.720000,10,-16743.1,-279.05,391,399,-9,-1,,,,,
3091,1761741194.735500,1761741194.722000,13.5,-16742.1,-279.04,393,397,-7,-3,,,,,
3092,1761741195.737500,1761741195.725000,12.5,-16741.1,-279.02,391,397,-9,-3,,,,,
3093,1761741196.744500,1761741196.723000,21.5,-16740.1,-279,391,398,-9,-2,,,,,
3094,1761741197.750500,1761741197.720500,30,-16739.1,-278.99,390,398,-10,-2,,,,,
3095,1761741198.728000,1761741198.725000,3,-16738.1,-278.97,390,397,-10,-3,,,,,
3096,1761741199.731000,1761741199.724500,6.5,-16737.1,-278.95,391,396,-9,-4,,,,,
3097,1761741200.738000,1761741200.723000,15,-16736.1,-278.94,391,398,-9,-2,,,,,
3098,1761741201.741000,1761741201.722500,18.5,-16735.1,-278.92,391,399,-9,-1,,,,,
3099,1761741202.748000,1761741202.724500,23.5,-16734.1,-278.9,390,398,-10,-2,,,,,
3100,1761741203.748500,1761741203.722000,26.5,-16733.1,-278.89,391,399,-9,-1,,,,,
3101,1761741204.728500,1761741204.726500,2,-16732.1,-278.87,389,397,-11,-3,,,,,
3102,1761741205.736000,1761741205.725000,11,-16731.1,-278.85,391,398,-9,-2,,,,,
3103,1761741206.743000,1761741206.729500,13.5,-16730.1,-278.84,389,396,-11,-4,,,,,
3104,1761741207.748500,1761741207.726500,22,-16729.1,-278.82,389,397,-11,-3,,,,,
3105,1761741208.753000,1761741208.721000,32,-16728.1,-278.8,389,400,-11,0,,,,,
3106,1761741209.750000,1761741209.723500,26.5,-16727.1,-278.79,392,399,-8,-1,,,,,
3107,1761741210.732500,1761741210.728000,4.5,-16726.1,-278.77,389,398,-11,-2,,,,,
3108,1761741211.738000,1761741211.730000,8,-16725.1,-278.75,389,397,-11,-3,,,,,
3109,1761741212.740000,1761741212.728500,11.5,-16724.1,-278.74,392,397,-8,-3,,,,,
3110,1761741213.746500,1761741213.725500,21,-16723.1,-278.72,391,399,-9,-1,,,,,
3111,1761741214.753500,1761741214.725000,28.5,-16722.1,-278.7,390,399,-10,-1,,,,,
3112,1761741215.754000,1761741215.725000,29,-16721.1,-278.68,392,400,-8,0,,,,,
3113,1761741216.736500,1761741216.729500,7,-16720.1,-278.67,390,397,-10,-3,,,,,
3114,1761741217.738500,1761741217.728000,10.5,-16719.1,-278.65,392,398,-8,-2,,,,,
3115,1761741218.746500,1761741218.730000,16.5,-16718.1,-278.64,391,397,-9,-3,,,,,
3116,1761741219.746000,1761741219.728000,18,-16717.1,-278.62,392,399,-8,-1,,,,,
3117,1761741220.755500,1761741220.730000,25.5,-16716.1,-278.6,391,398,-9,-2,,,,,
3118,1761741221.753500,1761741221.727500,26,-16715.1,-278.59,392,399,-8,-1,,,,,
3119,1761741222.736000,1761741222.730500,5.5,-16714.1,-278.57,391,398,-9,-2,,,,,
3120,1761741223.743000,1761741223.730000,13,-16713.1,-278.55,392,399,-8,-1,,,,,
3121,1761741224.745000,1761741224.734500,10.5,-16712.1,-278.54,392,398,-8,-2,,,,,
3122,1761741225.749500,1761741225.735000,14.5,-16711.1,-278.52,392,397,-8,-3,,,,,
3123,1761741226.759000,1761741226.733000,26,-16710.1,-278.5,390,399,-10,-1,,,,,
3124,1761741227.753500,1761741227.733000,20.5,-16709.1,-278.49,394,399,-6,-1,,,,,
3125,1761741228.741000,1761741228.737500,3.5,-16708.1,-278.47,392,397,-8,-3,,,,,
3126,1761741229.745500,1761741229.734500,11,-16707.1,-278.45,393,397,-7,-3,,,,,
3127,1761741230.751500,1761741230.738000,13.5,-16706.1,-278.44,392,398,-8,-2,,,,,
3128,1761741231.753500,1761741231.741000,12.5,-16705.1,-278.42,392,396,-8,-4,,,,,
3129,1761741232.759000,1761741232.737000,22,-16704.1,-278.4,391,400,-9,0,,,,,
3130,1761741233.739000,1761741233.739500,0.5,-16703.1,-278.39,391,397,-9,-3,,,,,
3131,1761741234.746000,1761741234.739000,7,-16702.1,-278.37,390,398,-10,-2,,,,,
3132,1761741235.750000,1761741235.737500,12.5,-16701.1,-278.35,391,398,-9,-2,,,,,
3133,1761741236.754500,1761741236.737000,17.5,-16700.1,-278.33,390,399,-10,-1,,,,,
3134,1761741237.760000,1761741237.740000,20,-16699.1,-278.32,391,398,-9,-2,,,,,
3135,1761741238.765500,1761741238.739500,26,-16698.1,-278.3,390,400,-10,0,,,,,
3136,1761741239.743000,1761741239.742000,1,-16697.1,-278.29,391,396,-9,-4,,,,,
3137,1761741240.748500,1761741240.742500,6,-16696.1,-278.27,392,397,-8,-3,,,,,
3138,1761741241.750500,1761741241.742000,8.5,-16695.1,-278.25,392,397,-8,-3,,,,,
3139,1761741242.755000,1761741242.742500,12.5,-16694.1,-278.23,393,398,-7,-2,,,,,
3140,1761741243.765500,1761741243.743500,22,-16693.1,-278.22,390,397,-10,-3,,,,,
3141,1761741244.760000,1761741244.740500,19.5,-16692.1,-278.2,392,400,-8,0,,,,,
3142,1761741245.742500,1761741245.743000,0.5,-16691.1,-278.19,390,398,-10,-2,,,,,
3143,1761741246.750500,1761741246.743500,7,-16690.1,-278.17,391,399,-9,-1,,,,,
3144,1761741247.753500,1761741247.749500,4,-16689.1,-278.15,392,396,-8,-4,,,,,
3145,1761741248.760500,1761741248.746500,14,-16688.1,-278.13,391,397,-9,-3,,,,,
3146,1761741249.763500,1761741249.746000,17.5,-16687.1,-278.12,392,397,-8,-3,,,,,
3147,1761741250.764000,1761741250.742500,21.5,-16686.1,-278.1,392,400,-8,0,,,,,
3148,1761741251.746500,1761741251.745000,1.5,-16685.1,-278.09,391,398,-9,-2,,,,,
3149,1761741252.749500,1761741252.744500,5,-16684.1,-278.07,390,398,-10,-2,,,,,
3150,1761741253.754000,1761741253.746500,7.5,-16683.1,-278.05,392,397,-8,-3,,,,,
3151,1761741254.761000,1761741254.744500,16.5,-16682.1,-278.03,391,397,-9,-3,,,,,
3152,1761741255.768000,1761741255.743000,25,-16681.1,-278.02,389,400,-11,0,,,,,
3153,1761741256.768500,1761741256.747500,21,-16680.1,-278,392,399,-8,-1,,,,,
3154,1761741257.751000,1761741257.747500,3.5,-16679.1,-277.99,391,398,-9,-2,,,,,
3155,1761741258.753000,1761741258.747000,6,-16678.1,-277.97,390,398,-10,-2,,,,,
3156,1761741259.757500,1761741259.749000,8.5,-16677.1,-277.95,391,397,-9,-3,,,,,
3157,1761741260.761500,1761741260.746000,15.5,-16676.1,-277.93,392,399,-8,-1,,,,,
3158,1761741261.768500,1761741261.747000,21.5,-16675.1,-277.92,391,399,-9,-1,,,,,
3159,1761741262.770500,1761741262.751500,19,-16674.1,-277.9,392,399,-8,-1,,,,,
3160,1761741263.753000,1761741263.751500,1.5,-16673.1,-277.89,392,397,-8,-3,,,,,
3161,1761741264.755000,1761741264.751000,4,-16672.1,-277.87,392,397,-8,-3,,,,,
3162,1761741265.759000,1761741265.753000,6,-16671.1,-277.85,392,397,-8,-3,,,,,
3163,1761741266.766000,1761741266.751000,15,-16670.1,-277.83,391,397,-9,-3,,,,,
3164,1761741267.770500,1761741267.750500,20,-16669.1,-277.82,392,399,-8,-1,,,,,
3165,1761741268.771000,1761741268.750000,21,-16668.1,-277.8,393,400,-7,0,,,,,
3166,1761741269.756000,1761741269.752500,3.5,-16667.1,-277.78,392,399,-8,-1,,,,,
3167,1761741270.761500,1761741270.754500,7,-16666.1,-277.77,392,397,-8,-3,,,,,
3168,1761741271.764500,1761741271.757500,7,-16665.1,-277.75,392,398,-8,-2,,,,,
3169,1761741272.769000,1761741272.758500,10.5,-16664.1,-277.73,392,397,-8,-3,,,,,
3170,1761741273.774500,1761741273.755500,19,-16663.1,-277.72,392,398,-8,-2,,,,,
3171,1761741274.776500,1761741274.753000,23.5,-16662.1,-277.7,392,399,-8,-1,,,,,
3172,1761741275.759000,1761741275.757500,1.5,-16661.1,-277.68,390,398,-10,-2,,,,,
3173,1761741276.764500,1761741276.758500,6,-16660.1,-277.67,391,397,-9,-3,,,,,
3174,1761741277.766500,1761741277.758000,8.5,-16659.1,-277.65,391,398,-9,-2,,,,,
3175,1761741278.773500,1761741278.760000,13.5,-16658.1,-277.63,391,397,-9,-3,,,,,
3176,1761741279.779000,1761741279.759500,19.5,-16657.1,-277.62,392,397,-8,-3,,,,,
3177,1761741280.784500,1761741280.754500,30,-16656.1,-277.6,390,400,-10,0,,,,,
3178,1761741281.762000,1761741281.761500,0.5,-16655.1,-277.58,390,397,-10,-3,,,,,
3179,1761741282.765000,1761741282.758500,6.5,-16654.1,-277.57,390,397,-10,-3,,,,,
3180,1761741283.770500,1761741283.758000,12.5,-16653.1,-277.55,391,398,-9,-2,,,,,
3181,1761741284.775000,1761741284.756500,18.5,-16652.1,-277.53,392,400,-8,0,,,,,
3182,1761741285.782000,1761741285.761000,21,-16651.1,-277.52,390,397,-10,-3,,,,,
3183,1761741286.784000,1761741286.756000,28,-16650.1,-277.5,391,400,-9,0,,,,,
3184,1761741287.764000,1761741287.763000,1,-16649.1,-277.48,392,397,-8,-3,,,,,
3185,1761741288.766000,1761741288.765000,1,-16648.1,-277.47,390,396,-10,-4,,,,,
3186,1761741289.769500,1761741289.762000,7.5,-16647.1,-277.45,392,397,-8,-3,,,,,
3187,1761741290.777500,1761741290.758000,19.5,-16646.1,-277.43,392,399,-8,-1,,,,,
3188,1761741291.778500,1761741291.760000,18.5,-16645.1,-277.42,392,398,-8,-2,,,,,
3189,1761741292.785500,1761741292.757500,28,-16644.1,-277.4,391,400,-9,0,,,,,
3190,1761741293.765500,1761741293.764500,1,-16643.1,-277.38,390,397,-10,-3,,,,,
3191,1761741294.772500,1761741294.761500,11,-16642.1,-277.37,390,398,-10,-2,,,,,
3192,1761741295.775500,1761741295.763500,12,-16641.1,-277.35,390,397,-10,-3,,,,,
3193,1761741296.781500,1761741296.764000,17.5,-16640.1,-277.33,390,397,-10,-3,,,,,
3194,1761741297.784500,1761741297.763500,21,-16639.1,-277.32,391,398,-9,-2,,,,,
3195,1761741298.789000,1761741298.761000,28,-16638.1,-277.3,391,400,-9,0,,,,,
3196,1761741299.769000,1761741299.763000,6,-16637.1,-277.28,392,399,-8,-1,,,,,
3197,1761741300.772000,1761741300.763500,8.5,-16636.1,-277.27,390,398,-10,-2,,,,,
3198,1761741301.779000,1761741301.764500,14.5,-16635.1,-277.25,391,398,-9,-2,,,,,
3199,1761741302.787000,1761741302.766500,20.5,-16634.1,-277.23,389,397,-11,-3,,,,,
3200,1761741303.786500,1761741303.761000,25.5,-16633.1,-277.22,391,400,-9,0,,,,,
3201,1761741304.791000,1761741304.763500,27.5,-16632.1,-277.2,391,398,-9,-2,,,,,
3202,1761741305.771000,1761741305.765500,5.5,-16631.1,-277.18,389,399,-11,-1,,,,,
3203,1761741306.774000,1761741306.767500,6.5,-16630.1,-277.17,391,398,-9,-2,,,,,
3204,1761741307.779500,1761741307.769500,10,-16629.1,-277.15,391,397,-9,-3,,,,,
3205,1761741308.786500,1761741308.769000,17.5,-16628.1,-277.13,391,397,-9,-3,,,,,
3206,1761741309.792000,1761741309.765000,27,-16627.1,-277.12,390,399,-10,-1,,,,,
3207,1761741310.790000,1761741310.765000,25,-16626.1,-277.1,392,400,-8,0,,,,,
3208,1761741311.772500,1761741311.769500,3,-16625.1,-277.08,390,398,-10,-2,,,,,
3209,1761741312.775500,1761741312.771500,4,-16624.1,-277.07,391,397,-9,-3,,,,,
3210,1761741313.779000,1761741313.771000,8,-16623.1,-277.05,390,397,-10,-3,,,,,
3211,1761741314.791000,1761741314.770000,21,-16622.1,-277.03,390,398,-10,-2,,,,,
3212,1761741315.793000,1761741315.773500,19.5,-16621.1,-277.02,390,397,-10,-3,,,,,
3213,1761741316.788500,1761741316.768500,20,-16620.1,-277,393,397,-7,-3,,,,,
3214,1761741317.773500,1761741317.771500,2,-16619.1,-276.98,391,397,-9,-3,,,,,
3215,1761741318.779000,1761741318.773500,5.5,-16618.1,-276.97,391,397,-9,-3,,,,,
3216,1761741319.783500,1761741319.770500,13,-16617.1,-276.95,391,398,-9,-2,,,,,
3217,1761741320.788000,1761741320.771500,16.5,-16616.1,-276.93,392,398,-8,-2,,,,,
3218,1761741321.793500,1761741321.769500,24,-16615.1,-276.92,391,399,-9,-1,,,,,
3219,1761741322.796500,1761741322.769500,27,-16614.1,-276.9,391,400,-9,0,,,,,
3220,1761741323.776500,1761741323.775500,1,-16613.1,-276.88,392,397,-8,-3,,,,,
3221,1761741324.780500,1761741324.780000,0.5,-16612.1,-276.87,391,394,-9,-6,,,,,
3222,1761741325.785000,1761741325.773000,12,-16611.1,-276.85,391,398,-9,-2,,,,,
3223,1761741326.789000,1761741326.775000,14,-16610.1,-276.83,392,397,-8,-3,,,,,
3224,1761741327.796000,1761741327.772000,24,-16609.1,-276.82,392,398,-8,-2,,,,,
3225,1761741328.801500,1761741328.769500,32,-16608.1,-276.8,390,399,-10,-1,,,,,
3226,1761741329.779000,1761741329.777500,1.5,-16607.1,-276.78,390,397,-10,-3,,,,,
3227,1761741330.784500,1761741330.777000,7.5,-16606.1,-276.77,391,398,-9,-2,,,,,
3228,1761741331.793000,1761741331.780500,12.5,-16605.1,-276.75,390,396,-10,-4,,,,,
3229,1761741332.796000,1761741332.777500,18.5,-16604.1,-276.73,391,397,-9,-3,,,,,
3230,1761741333.799000,1761741333.772000,27,-16603.1,-276.72,391,399,-9,-1,,,,,
3231,1761741334.802000,1761741334.772000,30,-16602.1,-276.7,390,399,-10,-1,,,,,
3232,1761741335.779500,1761741335.776500,3,-16601.1,-276.68,392,398,-8,-2,,,,,
3233,1761741336.786500,1761741336.777000,9.5,-16600.1,-276.67,391,398,-9,-2,,,,,
3234,1761741337.796000,1761741337.779000,17,-16599.1,-276.65,389,397,-11,-3,,,,,
3235,1761741338.798000,1761741338.781000,17,-16598.1,-276.63,391,396,-9,-4,,,,,
3236,1761741339.802500,1761741339.781500,21,-16597.1,-276.62,391,397,-9,-3,,,,,
3237,1761741340.809500,1761741340.776500,33,-16596,-276.6,388,397,-12,-3,,,,,
3238,1761741341.782000,1761741341.778500,3.5,-16595.1,-276.58,390,398,-10,-2,,,,,
3239,1761741342.791000,1761741342.781500,9.5,-16594.1,-276.57,391,397,-9,-3,,,,,
3240,1761741343.790500,1761741343.782000,8.5,-16593.1,-276.55,391,397,-9,-3,,,,,
3241,1761741344.799500,1761741344.784000,15.5,-16592.1,-276.53,392,397,-8,-3,,,,,
3242,1761741345.803000,1761741345.778500,24.5,-16591.1,-276.52,390,398,-10,-2,,,,,
3243,1761741346.799500,1761741346.776000,23.5,-16590.1,-276.5,394,399,-6,-1,,,,,
3244,1761741347.787000,1761741347.778000,9,-16589.1,-276.48,392,399,-8,-1,,,,,
3245,1761741348.792500,1761741348.786000,6.5,-16588.1,-276.47,392,397,-8,-3,,,,,
3246,1761741349.792500,1761741349.785000,7.5,-16587.1,-276.45,392,397,-8,-3,,,,,
3247,1761741350.799500,1761741350.784500,15,-16586.1,-276.43,391,397,-9,-3,,,,,
3248,1761741351.799000,1761741351.778000,21,-16585.1,-276.42,392,400,-8,0,,,,,
3249,1761741352.781500,1761741352.780500,1,-16584.1,-276.4,392,399,-8,-1,,,,,
3250,1761741353.788500,1761741353.785000,3.5,-16583.1,-276.38,390,398,-10,-2,,,,,
3251,1761741354.795500,1761741354.785500,10,-16582.1,-276.37,390,398,-10,-2,,,,,
3252,1761741355.802500,1761741355.787500,15,-16581.1,-276.35,389,397,-11,-3,,,,,
3253,1761741356.807000,1761741356.786500,20.5,-16580,-276.33,389,397,-11,-3,,,,,
3254,1761741357.809000,1761741357.787000,22,-16579,-276.32,390,400,-10,0,,,,,
3255,1761741358.786500,1761741358.789500,3,-16578.1,-276.3,389,395,-11,-5,,,,,
3256,1761741359.787000,1761741359.787500,0.5,-16577.1,-276.28,394,397,-6,-3,,,,,
3257,1761741360.801500,1761741360.786000,15.5,-16576.1,-276.27,391,398,-9,-2,,,,,
3258,1761741361.802000,1761741361.790500,11.5,-16575.1,-276.25,390,396,-10,-4,,,,,
3259,1761741362.801500,1761741362.791000,10.5,-16574.1,-276.23,392,396,-8,-4,,,,,
3260,1761741363.808500,1761741363.781500,27,-16573,-276.22,391,400,-9,0,,,,,
3261,1761741364.788500,1761741364.784000,4.5,-16572.1,-276.2,390,399,-10,-1,,,,,
3262,1761741365.791500,1761741365.787000,4.5,-16571.1,-276.18,391,397,-9,-3,,,,,
3263,1761741366.797000,1761741366.790000,7,-16570.1,-276.17,392,398,-8,-2,,,,,
3264,1761741367.800000,1761741367.790500,9.5,-16569.1,-276.15,392,397,-8,-3,,,,,
3265,1761741368.809000,1761741368.791000,18,-16568,-276.13,391,397,-9,-3,,,,,
3266,1761741369.809500,1761741369.788000,21.5,-16567,-276.12,391,400,-9,0,,,,,
3267,1761741370.789500,1761741370.790500,1,-16566.1,-276.1,391,397,-9,-3,,,,,
3268,1761741371.795000,1761741371.791000,4,-16565.1,-276.08,391,397,-9,-3,,,,,
3269,1761741372.801000,1761741372.791500,9.5,-16564.1,-276.07,392,398,-8,-2,,,,,
3270,1761741373.805500,1761741373.793500,12,-16563,-276.05,390,397,-10,-3,,,,,
3271,1761741374.810000,1761741374.790500,19.5,-16562,-276.03,391,398,-9,-2,,,,,
3272,1761741375.814500,1761741375.787500,27,-16561,-276.02,390,400,-10,0,,,,,
3273,1761741376.792000,1761741376.790000,2,-16560.1,-276,392,398,-8,-2,,,,,
3274,1761741377.799000,1761741377.791000,8,-16559.1,-275.98,391,398,-9,-2,,,,,
3275,1761741378.803500,1761741378.791500,12,-16558.1,-275.97,391,399,-9,-1,,,,,
3276,1761741379.805500,1761741379.793500,12,-16557,-275.95,393,397,-7,-3,,,,,
3277,1761741380.818500,1761741380.794000,24.5,-16556,-275.93,388,397,-12,-3,,,,,
3278,1761741381.818000,1761741381.794500,23.5,-16555,-275.92,390,399,-10,-1,,,,,
3279,1761741382.795500,1761741382.794500,1,-16554.1,-275.9,389,397,-11,-3,,,,,
3280,1761741383.798500,1761741383.794000,4.5,-16553.1,-275.88,392,398,-8,-2,,,,,
3281,1761741384.807000,1761741384.795000,12,-16552,-275.87,390,398,-10,-2,,,,,
3282,1761741385.812500,1761741385.794500,18,-16551,-275.85,390,398,-10,-2,,,,,
3283,1761741386.817000,1761741386.794000,23,-16550,-275.83,391,399,-9,-1,,,,,
3284,1761741387.821000,1761741387.793500,27.5,-16549,-275.82,390,400,-10,0,,,,,
3285,1761741388.798500,1761741388.796000,2.5,-16548.1,-275.8,392,397,-8,-3,,,,,
3286,1761741389.805500,1761741389.795500,10,-16547,-275.78,391,398,-9,-2,,,,,
3287,1761741390.810000,1761741390.800000,10,-16546,-275.77,390,397,-10,-3,,,,,
3288,1761741391.810500,1761741391.799500,11,-16545,-275.75,392,396,-8,-4,,,,,
3289,1761741392.822500,1761741392.796500,26,-16544,-275.73,389,398,-11,-2,,,,,
3290,1761741393.819500,1761741393.793500,26,-16543,-275.72,391,400,-9,0,,,,,
3291,1761741394.799500,1761741394.796000,3.5,-16542.1,-275.7,392,399,-8,-1,,,,,
3292,1761741395.808000,1761741395.799500,8.5,-16541,-275.68,390,398,-10,-2,,,,,
3293,1761741396.813500,1761741396.801000,12.5,-16540,-275.67,390,398,-10,-2,,,,,
3294,1761741397.820500,1761741397.799500,21,-16539,-275.65,390,398,-10,-2,,,,,
3295,1761741398.820000,1761741398.800000,20,-16538,-275.63,391,398,-9,-2,,,,,
3296,1761741399.824500,1761741399.797000,27.5,-16537,-275.62,391,401,-9,1,,,,,
3297,1761741400.804500,1761741400.802000,2.5,-16536,-275.6,392,397,-8,-3,,,,,
3298,1761741401.809000,1761741401.800000,9,-16535,-275.58,391,398,-9,-2,,,,,
3299,1761741402.813500,1761741402.804500,9,-16534,-275.57,393,397,-7,-3,,,,,
3300,1761741403.818000,1761741403.801500,16.5,-16533,-275.55,391,398,-9,-2,,,,,
3301,1761741404.827500,1761741404.806000,21.5,-16532,-275.53,388,396,-12,-4,,,,,
3302,1761741405.820500,1761741405.801500,19,-16531,-275.52,392,400,-8,0,,,,,
3303,1761741406.803000,1761741406.804000,1,-16530.1,-275.5,392,398,-8,-2,,,,,
3304,1761741407.811000,1761741407.802000,9,-16529,-275.48,391,399,-9,-1,,,,,
3305,1761741408.816500,1761741408.809000,7.5,-16528,-275.47,391,396,-9,-4,,,,,
3306,1761741409.821000,1761741409.803500,17.5,-16527,-275.45,391,397,-9,-3,,,,,
3307,1761741410.825500,1761741410.804000,21.5,-16526,-275.43,391,398,-9,-2,,,,,
3308,1761741411.828500,1761741411.801500,27,-16525,-275.42,391,400,-9,0,,,,,
3309,1761741412.808500,1761741412.806000,2.5,-16524,-275.4,391,398,-9,-2,,,,,
3310,1761741413.814500,1761741413.809500,5,-16523,-275.38,389,397,-11,-3,,,,,
3311,1761741414.819000,1761741414.806500,12.5,-16522,-275.37,391,398,-9,-2,,,,,
3312,1761741415.822500,1761741415.808500,14,-16521,-275.35,392,397,-8,-3,,,,,
3313,1761741416.830500,1761741416.805500,25,-16520,-275.33,390,398,-10,-2,,,,,
3314,1761741417.827500,1761741417.803000,24.5,-16519,-275.32,392,398,-8,-2,,,,,
3315,1761741418.810000,1761741418.803500,6.5,-16518,-275.3,392,400,-8,0,,,,,
3316,1761741419.812000,1761741419.810500,1.5,-16517,-275.28,392,397,-8,-3,,,,,
3317,1761741420.817500,1761741420.809500,8,-16516,-275.27,393,398,-7,-2,,,,,
3318,1761741421.824500,1761741421.809000,15.5,-16515,-275.25,392,398,-8,-2,,,,,
3319,1761741422.829000,1761741422.806000,23,-16514,-275.23,392,398,-8,-2,,,,,
3320,1761741423.828500,1761741423.803500,25,-16513,-275.22,393,399,-7,-1,,,,,
3321,1761741424.813500,1761741424.810500,3,-16512,-275.2,389,397,-11,-3,,,,,
3322,1761741425.814000,1761741425.807500,6.5,-16511,-275.18,391,398,-9,-2,,,,,
3323,1761741426.818500,1761741426.809500,9,-16510,-275.17,391,398,-9,-2,,,,,
3324,1761741427.829000,1761741427.811500,17.5,-16509,-275.15,389,398,-11,-2,,,,,
3325,1761741428.829500,1761741428.808500,21,-16508,-275.13,392,399,-8,-1,,,,,
3326,1761741429.828000,1761741429.808500,19.5,-16507,-275.12,394,399,-6,-1,,,,,
3327,1761741430.815500,1761741430.812000,3.5,-16506,-275.1,393,397,-7,-3,,,,,
3328,1761741431.817500,1761741431.813500,4,-16505,-275.08,392,398,-8,-2,,,,,
3329,1761741432.823000,1761741432.813000,10,-16504,-275.07,392,397,-8,-3,,,,,
3330,1761741433.831000,1761741433.813500,17.5,-16503,-275.05,390,398,-10,-2,,,,,
3331,1761741434.835500,1761741434.814000,21.5,-16502,-275.03,390,397,-10,-3,,,,,
3332,1761741435.838500,1761741435.809000,29.5,-16501,-275.02,390,398,-10,-2,,,,,
3333,1761741436.816000,1761741436.814500,1.5,-16500,-275,391,396,-9,-4,,,,,
3334,1761741437.823000,1761741437.814000,9,-16499,-274.98,392,397,-8,-3,,,,,
3335,1761741438.828500,1761741438.813500,15,-16498,-274.97,391,398,-9,-2,,,,,
3336,1761741439.828000,1761741439.816500,11.5,-16497,-274.95,392,397,-8,-3,,,,,
3337,1761741440.840000,1761741440.822000,18,-16496,-274.93,389,395,-11,-5,,,,,
3338,1761741441.834500,1761741441.812000,22.5,-16495,-274.92,393,398,-7,-2,,,,,
3339,1761741442.819500,1761741442.815000,4.5,-16494,-274.9,391,398,-9,-2,,,,,
3340,1761741443.820000,1761741443.814500,5.5,-16493,-274.88,392,397,-8,-3,,,,,
3341,1761741444.824000,1761741444.812500,11.5,-16492,-274.87,393,399,-7,-1,,,,,
3342,1761741445.831000,1761741445.819500,11.5,-16491,-274.85,391,396,-9,-4,,,,,
3343,1761741446.833000,1761741446.810000,23,-16490,-274.83,392,400,-8,0,,,,,
3344,1761741447.833500,1761741447.812500,21,-16489,-274.82,394,400,-6,0,,,,,
3345,1761741448.821000,1761741448.814500,6.5,-16488,-274.8,392,399,-8,-1,,,,,
3346,1761741449.824000,1761741449.816500,7.5,-16487,-274.78,393,398,-7,-2,,,,,
3347,1761741450.831000,1761741450.817000,14,-16486,-274.77,392,398,-8,-2,,,,,
3348,1761741451.834000,1761741451.819000,15,-16485,-274.75,391,397,-9,-3,,,,,
3349,1761741452.838500,1761741452.817000,21.5,-16484,-274.73,391,397,-9,-3,,,,,
3350,1761741453.836500,1761741453.812000,24.5,-16483,-274.72,393,399,-7,-1,,,,,
3351,1761741454.821500,1761741454.815500,6,-16482,-274.7,392,399,-8,-1,,,,,
3352,1761741455.827500,1761741455.818500,9,-16481,-274.68,392,398,-8,-2,,,,,
3353,1761741456.835500,1761741456.818000,17.5,-16480,-274.67,390,398,-10,-2,,,,,
3354,1761741457.835000,1761741457.820000,15,-16479,-274.65,392,398,-8,-2,,,,,
3355,1761741458.839500,1761741458.818500,21,-16478,-274.63,392,398,-8,-2,,,,,
3356,1761741459.843000,1761741459.816000,27,-16477,-274.62,391,400,-9,0,,,,,
3357,1761741460.823000,1761741460.823500,0.5,-16476,-274.6,392,397,-8,-3,,,,,
3358,1761741461.830000,1761741461.820500,9.5,-16475,-274.58,391,398,-9,-2,,,,,
3359,1761741462.834500,1761741462.822500,12,-16474,-274.57,392,397,-8,-3,,,,,
3360,1761741463.836500,1761741463.822000,14.5,-16473,-274.55,392,397,-8,-3,,,,,
3361,1761741464.842000,1761741464.819000,23,-16472,-274.53,392,398,-8,-2,,,,,
3362,1761741465.846500,1761741465.816500,30,-16471,-274.52,391,400,-9,0,,,,,
3363,1761741466.826500,1761741466.822000,4.5,-16470,-274.5,391,397,-9,-3,,,,,
3364,1761741467.828500,1761741467.821500,7,-16469,-274.48,393,398,-7,-2,,,,,
3365,1761741468.834000,1761741468.822000,12,-16468,-274.47,391,399,-9,-1,,,,,
3366,1761741469.838500,1761741469.824000,14.5,-16467,-274.45,392,398,-8,-2,,,,,
3367,1761741470.846500,1761741470.818500,28,-16466,-274.43,390,400,-10,0,,,,,
3368,1761741471.838500,1761741471.821000,17.5,-16465,-274.42,395,400,-5,0,,,,,
3369,1761741472.828500,1761741472.830500,2,-16464,-274.4,393,397,-7,-3,,,,,
3370,1761741473.836500,1761741473.827500,9,-16463,-274.38,391,398,-9,-2,,,,,
3371,1761741474.838500,1761741474.832000,6.5,-16462,-274.37,394,396,-6,-4,,,,,
3372,1761741475.846500,1761741475.825500,21,-16461,-274.35,391,399,-9,-1,,,,,
3373,1761741476.851000,1761741476.827500,23.5,-16460,-274.33,391,400,-9,0,,,,,
3374,1761741477.831000,1761741477.830000,1,-16459,-274.32,392,397,-8,-3,,,,,
3375,1761741478.833000,1761741478.830500,2.5,-16458,-274.3,391,398,-9,-2,,,,,
3376,1761741479.838500,1761741479.831500,7,-16457,-274.28,391,397,-9,-3,,,,,
3377,1761741480.844000,1761741480.829500,14.5,-16456,-274.27,391,397,-9,-3,,,,,
3378,1761741481.851000,1761741481.828000,23,-16455,-274.25,390,398,-10,-2,,,,,
3379,1761741482.851500,1761741482.825500,26,-16454,-274.23,390,398,-10,-2,,,,,
3380,1761741483.829000,1761741483.828500,0.5,-16453,-274.22,392,398,-8,-2,,,,,
3381,1761741484.833500,1761741484.828000,5.5,-16452,-274.2,392,399,-8,-1,,,,,
3382,1761741485.841500,1761741485.828500,13,-16451,-274.18,391,399,-9,-1,,,,,
3383,1761741486.846000,1761741486.832000,14,-16450,-274.17,392,398,-8,-2,,,,,
3384,1761741487.849000,1761741487.830000,19,-16449,-274.15,392,398,-8,-2,,,,,
3385,1761741488.847000,1761741488.827500,19.5,-16448,-274.13,394,399,-6,-1,,,,,
3386,1761741489.834500,1761741489.834500,0,-16447,-274.12,390,396,-10,-4,,,,,
3387,1761741490.837500,1761741490.834000,3.5,-16446,-274.1,390,397,-10,-3,,,,,
3388,1761741491.842000,1761741491.833500,8.5,-16445,-274.08,390,397,-10,-3,,,,,
3389,1761741492.849000,1761741492.833000,16,-16444,-274.07,390,397,-10,-3,,,,,
3390,1761741493.854500,1761741493.831000,23.5,-16443,-274.05,391,399,-9,-1,,,,,
3391,1761741494.856000,1761741494.831000,25,-16442,-274.03,391,399,-9,-1,,,,,
3392,1761741495.836000,1761741495.833000,3,-16441,-274.02,392,398,-8,-2,,,,,
3393,1761741496.840500,1761741496.834000,6.5,-16440,-274,392,398,-8,-2,,,,,
3394,1761741497.841000,1761741497.833500,7.5,-16439,-273.98,392,398,-8,-2,,,,,
3395,1761741498.848000,1761741498.834000,14,-16438,-273.97,392,399,-8,-1,,,,,
3396,1761741499.856000,1761741499.838500,17.5,-16437,-273.95,390,397,-10,-3,,,,,
3397,1761741500.856500,1761741500.833500,23,-16436,-273.93,391,399,-9,-1,,,,,
3398,1761741501.836500,1761741501.841500,5,-16435,-273.92,392,396,-8,-4,,,,,
3399,1761741502.841000,1761741502.835000,6,-16434,-273.9,392,398,-8,-2,,,,,
3400,1761741503.849000,1761741503.840500,8.5,-16433,-273.88,391,396,-9,-4,,,,,
3401,1761741504.851000,1761741504.839000,12,-16432,-273.87,393,396,-7,-4,,,,,
3402,1761741505.861500,1761741505.836000,25.5,-16431,-273.85,389,399,-11,-1,,,,,
3403,1761741506.859500,1761741506.836000,23.5,-16430,-273.83,391,399,-9,-1,,,,,
3404,1761741507.839500,1761741507.840500,1,-16429,-273.82,393,397,-7,-3,,,,,
3405,1761741508.845000,1761741508.838500,6.5,-16428,-273.8,390,398,-10,-2,,,,,
3406,1761741509.852000,1761741509.839000,13,-16427,-273.78,389,397,-11,-3,,,,,
3407,1761741510.854000,1761741510.841000,13,-16426,-273.77,391,397,-9,-3,,,,,
3408,1761741511.856000,1761741511.839500,16.5,-16425,-273.75,393,397,-7,-3,,,,,
3409,1761741512.862500,1761741512.834500,28,-16424,-273.73,390,400,-10,0,,,,,
3410,1761741513.840000,1761741513.841500,1.5,-16423,-273.72,391,396,-9,-4,,,,,
3411,1761741514.848000,1761741514.841000,7,-16422,-273.7,390,398,-10,-2,,,,,
3412,1761741515.853500,1761741515.843000,10.5,-16421,-273.68,390,397,-10,-3,,,,,
3413,1761741516.863000,1761741516.840000,23,-16420,-273.67,390,398,-10,-2,,,,,
3414,1761741517.864500,1761741517.839500,25,-16419,-273.65,390,398,-10,-2,,,,,
3415,1761741518.865000,1761741518.837000,28,-16418,-273.63,391,399,-9,-1,,,,,
3416,1761741519.845000,1761741519.838000,7,-16417,-273.62,391,400,-9,0,,,,,
3417,1761741520.847500,1761741520.841000,6.5,-16416,-273.6,393,397,-7,-3,,,,,
3418,1761741521.853500,1761741521.844000,9.5,-16415,-273.58,391,397,-9,-3,,,,,
3419,1761741522.855500,1761741522.843500,12,-16414,-273.57,393,397,-7,-3,,,,,
3420,1761741523.862500,1761741523.844000,18.5,-16413,-273.55,391,397,-9,-3,,,,,
3421,1761741524.863000,1761741524.839000,24,-16412,-273.53,392,397,-8,-3,,,,,
3422,1761741525.845500,1761741525.842500,3,-16411,-273.52,391,398,-9,-2,,,,,
3423,1761741526.847500,1761741526.843000,4.5,-16410,-273.5,391,397,-9,-3,,,,,
3424,1761741527.858000,1761741527.845000,13,-16409,-273.48,391,397,-9,-3,,,,,
3425,1761741528.860000,1761741528.845500,14.5,-16408,-273.47,391,398,-9,-2,,,,,
3426,1761741529.868000,1761741529.845000,23,-16407,-273.45,391,398,-9,-2,,,,,
3427,1761741530.865000,1761741530.842500,22.5,-16406,-273.43,392,399,-8,-1,,,,,
3428,1761741531.847500,1761741531.847000,0.5,-16405,-273.42,390,396,-10,-4,,,,,
3429,1761741532.853000,1761741532.845000,8,-16404,-273.4,393,398,-7,-2,,,,,
3430,1761741533.857500,1761741533.847000,10.5,-16403,-273.38,391,398,-9,-2,,,,,
3431,1761741534.862000,1761741534.849000,13,-16402,-273.37,391,397,-9,-3,,,,,
3432,1761741535.872500,1761741535.848500,24,-16401,-273.35,389,397,-11,-3,,,,,
3433,1761741536.874500,1761741536.843500,31,-16400,-273.33,390,399,-10,-1,,,,,
3434,1761741537.852000,1761741537.848000,4,-16399,-273.32,392,397,-8,-3,,,,,
3435,1761741538.856500,1761741538.850000,6.5,-16398,-273.3,391,397,-9,-3,,,,,
3436,1761741539.863000,1761741539.851500,11.5,-16397,-273.28,391,397,-9,-3,,,,,
3437,1761741540.870000,1761741540.853500,16.5,-16396,-273.27,390,396,-10,-4,,,,,
3438,1761741541.872000,1761741541.850500,21.5,-16395,-273.25,391,397,-9,-3,,,,,
3439,1761741542.875000,1761741542.845500,29.5,-16394,-273.23,390,398,-10,-2,,,,,
3440,1761741543.852500,1761741543.848500,4,-16393,-273.22,392,398,-8,-2,,,,,
3441,1761741544.858000,1761741544.853000,5,-16392,-273.2,392,397,-8,-3,,,,,
3442,1761741545.861500,1761741545.856000,5.5,-16391,-273.18,392,396,-8,-4,,,,,
3443,1761741546.872000,1761741546.853000,19,-16390,-273.17,391,397,-9,-3,,,,,
3444,1761741547.876500,1761741547.854000,22.5,-16389,-273.15,390,396,-10,-4,,,,,
3445,1761741548.878500,1761741548.846500,32,-16388,-273.13,390,400,-10,0,,,,,
3446,1761741549.856000,1761741549.852000,4,-16387,-273.12,390,397,-10,-3,,,,,
3447,1761741550.859500,1761741550.851500,8,-16386,-273.1,390,398,-10,-2,,,,,
3448,1761741551.866500,1761741551.852000,14.5,-16385,-273.08,391,397,-9,-3,,,,,
3449,1761741552.865000,1761741552.851500,13.5,-16384,-273.07,393,399,-7,-1,,,,,
3450,1761741553.872000,1761741553.855000,17,-16383,-273.05,392,397,-8,-3,,,,,
3451,1761741554.872500,1761741554.850000,22.5,-16382,-273.03,393,399,-7,-1,,,,,
3452,1761741555.857500,1761741555.852000,5.5,-16381,-273.02,392,398,-8,-2,,,,,
3453,1761741556.858500,1761741556.855000,3.5,-16380,-273,392,398,-8,-2,,,,,
3454,1761741557.864000,1761741557.862000,2,-16379,-272.98,392,396,-8,-4,,,,,
3455,1761741558.870000,1761741558.855500,14.5,-16378,-272.97,392,398,-8,-2,,,,,
3456,1761741559.879500,1761741559.852500,27,-16377,-272.95,390,399,-10,-1,,,,,
3457,1761741560.880000,1761741560.852500,27.5,-16376,-272.93,390,399,-10,-1,,,,,
3458,1761741561.857500,1761741561.854500,3,-16375,-272.92,392,398,-8,-2,,,,,
3459,1761741562.862000,1761741562.854000,8,-16374,-272.9,389,398,-11,-2,,,,,
3460,1761741563.870000,1761741563.855000,15,-16373,-272.88,390,399,-10,-1,,,,,
3461,1761741564.872000,1761741564.857000,15,-16372,-272.87,391,397,-9,-3,,,,,
3462,1761741565.876500,1761741565.854000,22.5,-16371,-272.85,392,399,-8,-1,,,,,
3463,1761741566.881500,1761741566.854000,27.5,-16370,-272.83,390,399,-10,-1,,,,,
3464,1761741567.859000,1761741567.858500,0.5,-16369,-272.82,390,398,-10,-2,,,,,
3465,1761741568.865000,1761741568.860500,4.5,-16368,-272.8,391,397,-9,-3,,,,,
3466,1761741569.872000,1761741569.859000,13,-16367,-272.78,390,398,-10,-2,,,,,
3467,1761741570.874500,1761741570.859500,15,-16366,-272.77,391,398,-9,-2,,,,,
3468,1761741571.880500,1761741571.863000,17.5,-16365,-272.75,391,396,-9,-4,,,,,
3469,1761741572.885000,1761741572.855500,29.5,-16364,-272.73,390,400,-10,0,,,,,
3470,1761741573.862500,1761741573.860000,2.5,-16363,-272.72,391,399,-9,-1,,,,,
3471,1761741574.868000,1761741574.865500,2.5,-16362,-272.7,392,397,-8,-3,,,,,
3472,1761741575.873500,1761741575.860000,13.5,-16361,-272.68,391,398,-9,-2,,,,,
3473,1761741576.884000,1761741576.860500,23.5,-16360,-272.67,389,398,-11,-2,,,,,
3474,1761741577.884500,1761741577.860000,24.5,-16359,-272.65,390,398,-10,-2,,,,,
3475,1761741578.885000,1761741578.857500,27.5,-16358,-272.63,391,399,-9,-1,,,,,
3476,1761741579.865000,1761741579.863000,2,-16357,-272.62,389,398,-11,-2,,,,,
3477,1761741580.871500,1761741580.863500,8,-16356,-272.6,391,398,-9,-2,,,,,
3478,1761741581.876000,1761741581.864000,12,-16355,-272.58,391,398,-9,-2,,,,,
3479,1761741582.880000,1761741582.866000,14,-16354,-272.57,391,397,-9,-3,,,,,
3480,1761741583.888000,1761741583.860500,27.5,-16353,-272.55,390,399,-10,-1,,,,,
3481,1761741584.897000,1761741584.860500,36.5,-16352,-272.53,388,400,-12,0,,,,,
3482,1761741585.869500,1761741585.870000,0.5,-16351,-272.52,390,396,-10,-4,,,,,
3483,1761741586.873500,1761741586.864500,9,-16350,-272.5,392,399,-8,-1,,,,,
3484,1761741587.880500,1761741587.867500,13,-16349,-272.48,390,398,-10,-2,,,,,
3485,1761741588.882500,1761741588.867000,15.5,-16348,-272.47,392,397,-8,-3,,,,,
3486,1761741589.889500,1761741589.865000,24.5,-16347,-272.45,390,398,-10,-2,,,,,
3487,1761741590.889000,1761741590.862500,26.5,-16346,-272.43,392,400,-8,0,,,,,
3488,1761741591.871500,1761741591.869500,2,-16345,-272.42,389,398,-11,-2,,,,,
3489,1761741592.875000,1761741592.869000,6,-16344,-272.4,391,398,-9,-2,,,,,
3490,1761741593.880500,1761741593.868500,12,-16343,-272.38,391,398,-9,-2,,,,,
3491,1761741594.888500,1761741594.866500,22,-16342,-272.37,391,399,-9,-1,,,,,
3492,1761741595.895500,1761741595.866000,29.5,-16341,-272.35,389,399,-11,-1,,,,,
3493,1761741596.887500,1761741596.866000,21.5,-16340,-272.33,392,398,-8,-2,,,,,
3494,1761741597.870000,1761741597.870500,0.5,-16339,-272.32,393,398,-7,-2,,,,,
3495,1761741598.880000,1761741598.870000,10,-16338,-272.3,388,398,-12,-2,,,,,
3496,1761741599.880500,1761741599.873000,7.5,-16337,-272.28,392,397,-8,-3,,,,,
3497,1761741600.886000,1761741600.874000,12,-16336,-272.27,392,397,-8,-3,,,,,
3498,1761741601.892500,1761741601.868500,24,-16335,-272.25,392,399,-8,-1,,,,,
3499,1761741602.894500,1761741602.868500,26,-16334,-272.23,391,399,-9,-1,,,,,
3500,1761741603.874500,1761741603.869500,5,-16333,-272.22,393,399,-7,-1,,,,,
3501,1761741604.880000,1761741604.874000,6,-16332,-272.2,393,398,-7,-2,,,,,
3502,1761741605.885500,1761741605.873500,12,-16331,-272.18,392,398,-8,-2,,,,,
3503,1761741606.891000,1761741606.875500,15.5,-16330,-272.17,390,397,-10,-3,,,,,
3504,1761741607.891500,1761741607.870000,21.5,-16329,-272.15,392,399,-8,-1,,,,,
3505,1761741608.894500,1761741608.870000,24.5,-16328,-272.13,392,399,-8,-1,,,,,
3506,1761741609.877000,1761741609.871000,6,-16327,-272.12,392,399,-8,-1,,,,,
3507,1761741610.882500,1761741610.876500,6,-16326,-272.1,391,396,-9,-4,,,,,
3508,1761741611.884000,1761741611.879500,4.5,-16325,-272.08,392,396,-8,-4,,,,,
3509,1761741612.894500,1761741612.877500,17,-16324,-272.07,391,397,-9,-3,,,,,
3510,1761741613.905000,1761741613.873000,32,-16322.9,-272.05,389,398,-11,-2,,,,,
3511,1761741614.904500,1761741614.870500,34,-16321.9,-272.03,389,400,-11,0,,,,,
3512,1761741615.879500,1761741615.875000,4.5,-16321,-272.02,392,399,-8,-1,,,,,
3513,1761741616.887500,1761741616.875500,12,-16320,-272,391,399,-9,-1,,,,,
3514,1761741617.889500,1761741617.876500,13,-16319,-271.98,390,397,-10,-3,,,,,
3515,1761741618.896500,1761741618.876000,20.5,-16318,-271.97,392,399,-8,-1,,,,,
3516,1761741619.901000,1761741619.873500,27.5,-16317,-271.95,390,399,-10,-1,,,,,
3517,1761741620.906500,1761741620.873500,33,-16315.9,-271.93,390,398,-10,-2,,,,,
3518,1761741621.884000,1761741621.876500,7.5,-16315,-271.92,390,398,-10,-2,,,,,
3519,1761741622.886000,1761741622.876000,10,-16314,-271.9,392,398,-8,-2,,,,,
3520,1761741623.894000,1761741623.879000,15,-16313,-271.88,389,397,-11,-3,,,,,
3521,1761741624.893500,1761741624.876000,17.5,-16312,-271.87,393,400,-7,0,,,,,
3522,1761741625.905000,1761741625.880500,24.5,-16310.9,-271.85,390,397,-10,-3,,,,,
3523,1761741626.904500,1761741626.875500,29,-16309.9,-271.83,391,398,-9,-2,,,,,
3524,1761741627.884500,1761741627.881000,3.5,-16309,-271.82,390,398,-10,-2,,,,,
3525,1761741628.887500,1761741628.880500,7,-16308,-271.8,393,397,-7,-3,,,,,
3526,1761741629.898000,1761741629.880000,18,-16307,-271.78,389,397,-11,-3,,,,,
3527,1761741630.897500,1761741630.880500,17,-16306,-271.77,391,397,-9,-3,,,,,
3528,1761741631.899500,1761741631.877500,22,-16305,-271.75,392,400,-8,0,,,,,
3529,1761741632.900000,1761741632.880000,20,-16304,-271.73,395,400,-5,0,,,,,
3530,1761741633.890000,1761741633.888500,1.5,-16303,-271.72,393,397,-7,-3,,,,,
3531,1761741634.895500,1761741634.886500,9,-16302,-271.7,391,398,-9,-2,,,,,
3532,1761741635.900000,1761741635.886000,14,-16301,-271.68,391,397,-9,-3,,,,,
3533,1761741636.903000,1761741636.884500,18.5,-16300,-271.67,391,398,-9,-2,,,,,
3534,1761741637.906000,1761741637.884000,22,-16298.9,-271.65,391,400,-9,0,,,,,
3535,1761741638.886000,1761741638.886500,0.5,-16298,-271.63,390,398,-10,-2,,,,,
3536,1761741639.894000,1761741639.887500,6.5,-16297,-271.62,391,397,-9,-3,,,,,
3537,1761741640.894500,1761741640.888000,6.5,-16296,-271.6,391,397,-9,-3,,,,,
3538,1761741641.902500,1761741641.887500,15,-16295,-271.58,391,398,-9,-2,,,,,
3539,1761741642.904500,1761741642.889500,15,-16293.9,-271.57,393,397,-7,-3,,,,,
3540,1761741643.904000,1761741643.886500,17.5,-16292.9,-271.55,393,400,-7,0,,,,,
3541,1761741644.889000,1761741644.889000,0,-16292,-271.53,390,398,-10,-2,,,,,
3542,1761741645.894500,1761741645.892000,2.5,-16291,-271.52,391,397,-9,-3,,,,,
3543,1761741646.895000,1761741646.888000,7,-16290,-271.5,393,398,-7,-2,,,,,
3544,1761741647.903000,1761741647.887000,16,-16289,-271.48,392,400,-8,0,,,,,
3545,1761741648.910000,1761741648.889000,21,-16287.9,-271.47,391,398,-9,-2,,,,,
3546,1761741649.912000,1761741649.889500,22.5,-16286.9,-271.45,391,400,-9,0,,,,,
3547,1761741650.892000,1761741650.892000,0,-16286,-271.43,391,397,-9,-3,,,,,
3548,1761741651.896500,1761741651.889000,7.5,-16285,-271.42,393,396,-7,-4,,,,,
3549,1761741652.901000,1761741652.893500,7.5,-16284,-271.4,389,397,-11,-3,,,,,
3550,1761741653.908000,1761741653.890500,17.5,-16282.9,-271.38,390,399,-10,-1,,,,,
3551,1761741654.910000,1761741654.896000,14,-16281.9,-271.37,391,397,-9,-3,,,,,
3552,1761741655.910500,1761741655.895500,15,-16280.9,-271.35,393,399,-7,-1,,,,,
3553,1761741656.895500,1761741656.895500,0,-16280,-271.33,391,395,-9,-5,,,,,
3554,1761741657.900000,1761741657.896000,4,-16279,-271.32,392,397,-8,-3,,,,,
3555,1761741658.904500,1761741658.894500,10,-16277.9,-271.3,391,397,-9,-3,,,,,
3556,1761741659.909000,1761741659.891500,17.5,-16276.9,-271.28,391,399,-9,-1,,,,,
3557,1761741660.913000,1761741660.899500,13.5,-16275.9,-271.27,392,396,-8,-4,,,,,
3558,1761741661.915000,1761741661.895000,20,-16274.9,-271.25,392,400,-8,0,,,,,
3559,1761741662.897500,1761741662.897500,0,-16274,-271.23,391,397,-9,-3,,,,,
3560,1761741663.902000,1761741663.897000,5,-16273,-271.22,392,396,-8,-4,,,,,
3561,1761741664.907500,1761741664.897500,10,-16271.9,-271.2,391,398,-9,-2,,,,,
3562,1761741665.912000,1761741665.898000,14,-16270.9,-271.18,392,397,-8,-3,,,,,
3563,1761741666.920000,1761741666.898500,21.5,-16269.9,-271.17,390,397,-10,-3,,,,,
3564,1761741667.918000,1761741667.899000,19,-16268.9,-271.15,391,399,-9,-1,,,,,
3565,1761741668.898000,1761741668.899000,1,-16268,-271.13,392,397,-8,-3,,,,,
3566,1761741669.905000,1761741669.902000,3,-16266.9,-271.12,391,396,-9,-4,,,,,
3567,1761741670.908000,1761741670.896500,11.5,-16265.9,-271.1,392,399,-8,-1,,,,,
3568,1761741671.913000,1761741671.900000,13,-16264.9,-271.08,392,398,-8,-2,,,,,
3569,1761741672.925000,1761741672.897000,28,-16263.9,-271.07,389,398,-11,-2,,,,,
3570,1761741673.922000,1761741673.894500,27.5,-16262.9,-271.05,391,400,-9,0,,,,,
3571,1761741674.902000,1761741674.900500,1.5,-16262,-271.03,390,397,-10,-3,,,,,
3572,1761741675.907500,1761741675.901000,6.5,-16260.9,-271.02,392,397,-8,-3,,,,,
3573,1761741676.914000,1761741676.897000,17,-16259.9,-271,390,399,-10,-1,,,,,
3574,1761741677.913500,1761741677.897500,16,-16258.9,-270.98,393,400,-7,0,,,,,
3575,1761741678.919000,1761741678.903500,15.5,-16257.9,-270.97,392,397,-8,-3,,,,,
3576,1761741679.920500,1761741679.898500,22,-16256.9,-270.95,393,398,-7,-2,,,,,
3577,1761741680.905500,1761741680.903000,2.5,-16255.9,-270.93,390,397,-10,-3,,,,,
3578,1761741681.910000,1761741681.900000,10,-16254.9,-270.92,391,399,-9,-1,,,,,
3579,1761741682.913000,1761741682.902000,11,-16253.9,-270.9,390,398,-10,-2,,,,,
3580,1761741683.922500,1761741683.901500,21,-16252.9,-270.88,389,398,-11,-2,,,,,
3581,1761741684.923000,1761741684.901000,22,-16251.9,-270.87,391,398,-9,-2,,,,,
3582,1761741685.925000,1761741685.898500,26.5,-16250.9,-270.85,391,400,-9,0,,,,,
3583,1761741686.905000,1761741686.902000,3,-16249.9,-270.83,391,399,-9,-1,,,,,
3584,1761741687.907000,1761741687.901500,5.5,-16248.9,-270.82,392,399,-8,-1,,,,,
3585,1761741688.916000,1761741688.901000,15,-16247.9,-270.8,392,398,-8,-2,,,,,
3586,1761741689.920500,1761741689.904000,16.5,-16246.9,-270.78,391,397,-9,-3,,,,,
3587,1761741690.926000,1761741690.907000,19,-16245.9,-270.77,391,396,-9,-4,,,,,
3588,1761741691.932000,1761741691.899500,32.5,-16244.9,-270.75,390,399,-10,-1,,,,,
3589,1761741692.909500,1761741692.901500,8,-16243.9,-270.73,392,400,-8,0,,,,,
3590,1761741693.912500,1761741693.907000,5.5,-16242.9,-270.72,391,397,-9,-3,,,,,
3591,1761741694.919500,1761741694.906500,13,-16241.9,-270.7,391,397,-9,-3,,,,,
3592,1761741695.923000,1761741695.906000,17,-16240.9,-270.68,391,398,-9,-2,,,,,
3593,1761741696.930000,1761741696.904500,25.5,-16239.9,-270.67,389,398,-11,-2,,,,,
3594,1761741697.932000,1761741697.902000,30,-16238.9,-270.65,390,397,-10,-3,,,,,
3595,1761741698.909500,1761741698.905000,4.5,-16237.9,-270.63,390,399,-10,-1,,,,,
3596,1761741699.915000,1761741699.909500,5.5,-16236.9,-270.62,391,397,-9,-3,,,,,
3597,1761741700.920500,1761741700.910000,10.5,-16235.9,-270.6,390,397,-10,-3,,,,,
3598,1761741701.924000,1761741701.907000,17,-16234.9,-270.58,390,398,-10,-2,,,,,
3599,1761741702.932000,1761741702.905000,27,-16233.9,-270.57,390,399,-10,-1,,,,,
3600,1761741703.931500,1761741703.905000,26.5,-16232.9,-270.55,391,399,-9,-1,,,,,
3601,1761741704.911500,1761741704.909500,2,-16231.9,-270.53,391,397,-9,-3,,,,,
3602,1761741705.917000,1761741705.909000,8,-16230.9,-270.52,391,399,-9,-1,,,,,
3603,1761741706.925500,1761741706.910000,15.5,-16229.9,-270.5,391,398,-9,-2,,,,,
3604,1761741707.926000,1761741707.912000,14,-16228.9,-270.48,392,397,-8,-3,,,,,
3605,1761741708.930500,1761741708.908000,22.5,-16227.9,-270.47,391,398,-9,-2,,,,,
3606,1761741709.936000,1761741709.905500,30.5,-16226.9,-270.45,390,400,-10,0,,,,,
3607,1761741710.913500,1761741710.907500,6,-16225.9,-270.43,391,399,-9,-1,,,,,
3608,1761741711.918000,1761741711.910500,7.5,-16224.9,-270.42,392,399,-8,-1,,,,,
3609,1761741712.927500,1761741712.912500,15,-16223.9,-270.4,390,398,-10,-2,,,,,
3610,1761741713.929500,1761741713.914500,15,-16222.9,-270.38,391,397,-9,-3,,,,,
3611,1761741714.939000,1761741714.909000,30,-16221.9,-270.37,389,399,-11,-1,,,,,
3612,1761741715.935000,1761741715.909000,26,-16220.9,-270.35,391,398,-9,-2,,,,,
3613,1761741716.915000,1761741716.913500,1.5,-16219.9,-270.33,390,397,-10,-3,,,,,
3614,1761741717.923000,1761741717.909500,13.5,-16218.9,-270.32,391,400,-9,0,,,,,
3615,1761741718.927500,1761741718.917000,10.5,-16217.9,-270.3,393,398,-7,-2,,,,,
3616,1761741719.931500,1761741719.914500,17,-16216.9,-270.28,397,398,-3,-2,,,,,
3617,1761741720.926500,1761741720.915500,11,-16215.9,-270.27,394,399,-6,-1,,,,,
3618,1761741721.914000,1761741721.915500,1.5,-16214.9,-270.25,394,398,-6,-2,,,,,
3619,1761741722.916000,1761741722.912500,3.5,-16213.9,-270.23,395,398,-5,-2,,,,,
3620,1761741723.923000,1761741723.911000,12,-16212.9,-270.22,393,401,-7,1,,,,,
3621,1761741724.930000,1761741724.918000,12,-16211.9,-270.2,393,397,-7,-3,,,,,
3622,1761741725.932000,1761741725.917500,14.5,-16210.9,-270.18,393,398,-7,-2,,,,,
3623,1761741726.937500,1761741726.914500,23,-16209.9,-270.17,392,400,-8,0,,,,,
3624,1761741727.920000,1761741727.917000,3,-16208.9,-270.15,392,398,-8,-2,,,,,
3625,1761741728.923000,1761741728.916500,6.5,-16207.9,-270.13,393,398,-7,-2,,,,,
3626,1761741729.927500,1761741729.918500,9,-16206.9,-270.12,391,397,-9,-3,,,,,
3627,1761741730.934500,1761741730.920500,14,-16205.9,-270.1,391,396,-9,-4,,,,,
3628,1761741731.935000,1761741731.915000,20,-16204.9,-270.08,393,398,-7,-2,,,,,
3629,1761741732.938000,1761741732.912000,26,-16203.9,-270.07,391,401,-9,1,,,,,
3630,1761741733.918000,1761741733.917000,1,-16202.9,-270.05,393,398,-7,-2,,,,,
3631,1761741734.925000,1761741734.919000,6,-16201.9,-270.03,392,,-8,,,,,,