sync_num,icg_timestamp,ecg_timestamp,time_diff_ms,elapsed_time_s,elapsed_time_min,icg_samples_between,ecg_samples_between,icg_sample_deviation,ecg_sample_deviation
7,1761643640.362000,1761643640.338500,23.500,-19801.3,-330.02,394,400,-6,+0
8,1761643641.349500,1761643641.341000,8.500,-19800.3,-330.01,393,398,-7,-2
9,1761643642.346000,1761643642.338000,8.000,-19799.3,-329.99,395,401,-5,+1
10,1761643643.351500,1761643643.341500,10.000,-19798.3,-329.97,394,400,-6,+0
11,1761643644.347000,1761643644.341000,6.000,-19797.3,-329.96,390,398,-10,-2
12,1761643645.351000,1761643645.343000,8.000,-19796.3,-329.94,392,400,-8,+0
13,1761643646.351500,1761643646.341000,10.500,-19795.3,-329.92,390,400,-10,+0
14,1761643647.354500,1761643647.340500,14.000,-19794.3,-329.91,390,400,-10,+0
15,1761643648.347500,1761643648.342000,5.500,-19793.3,-329.89,390,399,-10,-1
16,1761643649.350500,1761643649.341500,9.000,-19792.3,-329.87,395,398,-5,-2
17,1761643650.350000,1761643650.343000,7.000,-19791.3,-329.86,391,400,-9,+0
18,1761643651.355000,1761643651.344000,11.000,-19790.3,-329.84,392,398,-8,-2
19,1761643652.347500,1761643652.344500,3.000,-19789.3,-329.82,392,400,-8,+0
20,1761643653.352500,1761643653.344000,8.500,-19788.3,-329.81,391,399,-9,-1
21,1761643654.351500,1761643654.344500,7.000,-19787.3,-329.79,391,399,-9,-1
22,1761643655.357000,1761643655.345000,12.000,-19786.3,-329.77,391,400,-9,+0
23,1761643656.350500,1761643656.343000,7.500,-19785.3,-329.76,391,400,-9,+0
24,1761643657.356000,1761643657.342500,13.500,-19784.3,-329.74,392,401,-8,+1
25,1761643658.353000,1761643658.348000,5.000,-19783.3,-329.72,391,399,-9,-1
26,1761643659.360500,1761643659.345000,15.500,-19782.3,-329.71,391,399,-9,-1
27,1761643660.356000,1761643660.345500,10.500,-19781.3,-329.69,390,400,-10,+0
28,1761643661.356500,1761643661.345000,11.500,-19780.3,-329.67,392,400,-8,+0
29,1761643662.354500,1761643662.346500,8.000,-19779.3,-329.66,392,400,-8,+0
30,1761643663.357500,1761643663.348500,9.000,-19778.3,-329.64,392,400,-8,+0
31,1761643664.353000,1761643664.347500,5.500,-19777.3,-329.62,391,399,-9,-1
32,1761643665.357500,1761643665.348500,9.000,-19776.3,-329.61,393,400,-7,+0
33,1761643666.357000,1761643666.348500,8.500,-19775.3,-329.59,390,400,-10,+0
34,1761643667.355000,1761643667.348000,7.000,-19774.3,-329.57,395,401,-5,+1
35,1761643668.360500,1761643668.350000,10.500,-19773.3,-329.56,781,400,+381,+0
37,1761643670.358000,1761643670.353000,5.000,-19771.3,-329.52,391,399,-9,-1
38,1761643671.357500,1761643671.353500,4.000,-19770.3,-329.51,391,400,-9,+0
39,1761643672.361500,1761643672.354000,7.500,-19769.3,-329.49,391,400,-9,+0
40,1761643673.355500,1761643673.352500,3.000,-19768.3,-329.47,392,400,-8,+0
41,1761643674.359500,1761643674.351500,8.000,-19767.3,-329.46,392,401,-8,+1
42,1761643675.360000,1761643675.356000,4.000,-19766.3,-329.44,392,400,-8,+0
43,1761643676.362500,1761643676.356500,6.000,-19765.3,-329.42,392,400,-8,+0
44,1761643677.358000,1761643677.354500,3.500,-19764.3,-329.41,390,399,-10,-1
45,1761643678.361500,1761643678.355500,6.000,-19763.3,-329.39,391,400,-9,+0
46,1761643679.358500,1761643679.356000,2.500,-19762.3,-329.37,391,400,-9,+0
47,1761643680.365000,1761643680.354500,10.500,-19761.3,-329.36,391,400,-9,+0
48,1761643681.362000,1761643681.357500,4.500,-19760.3,-329.34,390,399,-10,-1
49,1761643682.365000,1761643682.357000,8.000,-19759.3,-329.32,393,397,-7,-3
50,1761643683.362000,1761643683.356500,5.500,-19758.3,-329.31,390,400,-10,+0
51,1761643684.369000,1761643684.358500,10.500,-19757.3,-329.29,390,400,-10,+0
52,1761643685.362000,1761643685.358000,4.000,-19756.3,-329.27,392,400,-8,+0
53,1761643686.365500,1761643686.358500,7.000,-19755.3,-329.26,392,401,-8,+1
54,1761643687.362500,1761643687.360500,2.000,-19754.3,-329.24,390,400,-10,+0
55,1761643688.369000,1761643688.359000,10.000,-19753.3,-329.22,390,400,-10,+0
56,1761643689.363500,1761643689.359500,4.000,-19752.3,-329.21,393,399,-7,-1
57,1761643690.367500,1761643690.359000,8.500,-19751.3,-329.19,392,400,-8,+0
58,1761643691.364500,1761643691.359500,5.000,-19750.3,-329.17,391,400,-9,+0
59,1761643692.369500,1761643692.359000,10.500,-19749.3,-329.15,393,399,-7,-1
60,1761643693.364000,1761643693.360500,3.500,-19748.3,-329.14,392,400,-8,+0
61,1761643694.368000,1761643694.362500,5.500,-19747.3,-329.12,392,400,-8,+0
62,1761643695.370000,1761643695.360500,9.500,-19746.3,-329.10,390,400,-10,+0
63,1761643696.370500,1761643696.362500,8.000,-19745.3,-329.09,390,400,-10,+0
64,1761643697.368500,1761643697.362000,6.500,-19744.3,-329.07,389,400,-11,+0
65,1761643698.372000,1761643698.361500,10.500,-19743.3,-329.05,392,400,-8,+0
66,1761643699.370000,1761643699.364500,5.500,-19742.3,-329.04,390,399,-10,-1
67,1761643700.372500,1761643700.363500,9.000,-19741.3,-329.02,391,400,-9,+0
68,1761643701.370500,1761643701.364000,6.500,-19740.3,-329.00,393,400,-7,+0
69,1761643702.373500,1761643702.362500,11.000,-19739.3,-328.99,392,400,-8,+0
70,1761643703.370500,1761643703.365000,5.500,-19738.3,-328.97,394,399,-6,-1
71,1761643704.376000,1761643704.363000,13.000,-19737.3,-328.95,392,400,-8,+0
72,1761643705.371500,1761643705.365000,6.500,-19736.3,-328.94,390,400,-10,+0
73,1761643706.377000,1761643706.365500,11.500,-19735.3,-328.92,391,398,-9,-2
74,1761643707.372500,1761643707.367000,5.500,-19734.3,-328.90,390,399,-10,-1
75,1761643708.376500,1761643708.366500,10.000,-19733.3,-328.89,392,398,-8,-2
76,1761643709.376000,1761643709.367000,9.000,-19732.3,-328.87,390,400,-10,+0
77,1761643710.376500,1761643710.369000,7.500,-19731.3,-328.85,393,400,-7,+0
78,1761643711.374500,1761643711.370500,4.000,-19730.3,-328.84,390,398,-10,-2
79,1761643712.378500,1761643712.368500,10.000,-19729.3,-328.82,391,399,-9,-1
80,1761643713.374500,1761643713.368000,6.500,-19728.3,-328.80,391,400,-9,+0
81,1761643714.377500,1761643714.367500,10.000,-19727.3,-328.79,391,401,-9,+1
82,1761643715.377000,1761643715.375500,1.500,-19726.3,-328.77,391,398,-9,-2
83,1761643716.382500,1761643716.370000,12.500,-19725.3,-328.75,391,400,-9,+0
84,1761643717.374500,1761643717.372000,2.500,-19724.3,-328.74,391,398,-9,-2
85,1761643718.382500,1761643718.371500,11.000,-19723.3,-328.72,391,400,-9,+0
86,1761643719.378000,1761643719.371000,7.000,-19722.3,-328.70,390,400,-10,+0
87,1761643720.384500,1761643720.373000,11.500,-19721.3,-328.69,391,398,-9,-2
88,1761643721.379000,1761643721.375000,4.000,-19720.3,-328.67,389,399,-11,-1
89,1761643722.383000,1761643722.372000,11.000,-19719.3,-328.65,390,399,-10,-1
90,1761643723.377500,1761643723.371500,6.000,-19718.3,-328.64,390,399,-10,-1
91,1761643724.384000,1761643724.373500,10.500,-19717.3,-328.62,391,396,-9,-4
92,1761643725.381000,1761643725.371500,9.500,-19716.3,-328.60,390,401,-10,+1
93,1761643726.388000,1761643726.376000,12.000,-19715.3,-328.59,390,400,-10,+0
94,1761643727.383500,1761643727.375000,8.500,-19714.3,-328.57,390,399,-10,-1
95,1761643728.387500,1761643728.376000,11.500,-19713.3,-328.55,389,400,-11,+0
96,1761643729.385500,1761643729.374000,11.500,-19712.3,-328.54,390,399,-10,-1
97,1761643730.384500,1761643730.373500,11.000,-19711.3,-328.52,392,400,-8,+0
98,1761643731.385000,1761643731.375500,9.500,-19710.3,-328.50,391,401,-9,+1
99,1761643732.385000,1761643732.377500,7.500,-19709.3,-328.49,392,399,-8,-1
100,1761643733.387000,1761643733.378000,9.000,-19708.3,-328.47,390,399,-10,-1
101,1761643734.387000,1761643734.377500,9.500,-19707.3,-328.45,393,400,-7,+0
102,1761643735.386500,1761643735.377000,9.500,-19706.3,-328.44,389,399,-11,-1
103,1761643736.389500,1761643736.376500,13.000,-19705.3,-328.42,391,399,-9,-1
104,1761643737.384000,1761643737.376000,8.000,-19704.3,-328.40,391,400,-9,+0
105,1761643738.388000,1761643738.375500,12.500,-19703.3,-328.39,390,399,-10,-1
106,1761643739.387500,1761643739.377000,10.500,-19702.3,-328.37,390,400,-10,+0
107,1761643740.392000,1761643740.380500,11.500,-19701.3,-328.35,391,400,-9,+0
108,1761643741.389000,1761643741.378500,10.500,-19700.3,-328.34,390,399,-10,-1
109,1761643742.389500,1761643742.380500,9.000,-19699.3,-328.32,392,400,-8,+0
110,1761643743.389000,1761643743.378500,10.500,-19698.3,-328.30,394,400,-6,+0
111,1761643744.383500,1761643744.382000,1.500,-19697.3,-328.29,393,399,-7,-1
112,1761643745.389000,1761643745.382000,7.000,-19696.3,-328.27,391,399,-9,-1
113,1761643746.384500,1761643746.380500,4.000,-19695.3,-328.25,394,398,-6,-2
114,1761643747.389500,1761643747.381000,8.500,-19694.3,-328.24,393,399,-7,-1
115,1761643748.385000,1761643748.380500,4.500,-19693.3,-328.22,393,400,-7,+0
116,1761643749.390000,1761643749.384500,5.500,-19692.3,-328.20,392,399,-8,-1
117,1761643750.387000,1761643750.381500,5.500,-19691.3,-328.19,393,398,-7,-2
118,1761643751.390000,1761643751.381500,8.500,-19690.3,-328.17,392,399,-8,-1
119,1761643752.387000,1761643752.382000,5.000,-19689.3,-328.15,392,401,-8,+1
120,1761643753.391500,1761643753.383500,8.000,-19688.3,-328.14,392,400,-8,+0
121,1761643754.386000,1761643754.384000,2.000,-19687.3,-328.12,394,400,-6,+0
122,1761643755.392500,1761643755.388500,4.000,-19686.3,-328.10,393,398,-7,-2
123,1761643756.387000,1761643756.387500,0.500,-19685.3,-328.09,394,398,-6,-2
124,1761643757.389500,1761643757.384000,5.500,-19684.3,-328.07,393,400,-7,+0
125,1761643758.390000,1761643758.386000,4.000,-19683.3,-328.05,392,398,-8,-2
126,1761643759.393000,1761643759.385500,7.500,-19682.3,-328.04,393,400,-7,+0
127,1761643760.388500,1761643760.385000,3.500,-19681.3,-328.02,392,399,-8,-1
128,1761643761.396000,1761643761.386500,9.500,-19680.3,-328.00,390,400,-10,+0
129,1761643762.391500,1761643762.386000,5.500,-19679.3,-327.99,391,398,-9,-2
130,1761643763.396500,1761643763.385500,11.000,-19678.3,-327.97,394,401,-6,+1
131,1761643764.393500,1761643764.388500,5.000,-19677.3,-327.95,393,399,-7,-1
132,1761643765.396500,1761643765.388000,8.500,-19676.3,-327.94,393,400,-7,+0
133,1761643766.393500,1761643766.387500,6.000,-19675.3,-327.92,393,399,-7,-1
134,1761643767.398500,1761643767.387000,11.500,-19674.3,-327.90,392,400,-8,+0
135,1761643768.392000,1761643768.389000,3.000,-19673.3,-327.89,392,400,-8,+0
136,1761643769.398500,1761643769.392000,6.500,-19672.3,-327.87,392,400,-8,+0
137,1761643770.396500,1761643770.394000,2.500,-19671.3,-327.85,391,399,-9,-1
138,1761643771.400500,1761643771.391000,9.500,-19670.3,-327.84,394,400,-6,+0
139,1761643772.397000,1761643772.393000,4.000,-19669.3,-327.82,390,400,-10,+0
140,1761643773.400000,1761643773.392500,7.500,-19668.3,-327.80,392,400,-8,+0
141,1761643774.397000,1761643774.395500,1.500,-19667.3,-327.79,392,399,-8,-1
142,1761643775.401500,1761643775.391500,10.000,-19666.3,-327.77,392,399,-8,-1
143,1761643776.398500,1761643776.392000,6.500,-19665.3,-327.75,392,400,-8,+0
144,1761643777.404000,1761643777.391500,12.500,-19664.3,-327.74,392,398,-8,-2
145,1761643778.397500,1761643778.392000,5.500,-19663.3,-327.72,392,401,-8,+1
146,1761643779.405500,1761643779.395500,10.000,-19662.3,-327.70,390,399,-10,-1
147,1761643780.399000,1761643780.396000,3.000,-19661.3,-327.69,392,400,-8,+0
148,1761643781.406000,1761643781.394500,11.500,-19660.3,-327.67,392,398,-8,-2
149,1761643782.403000,1761643782.395000,8.000,-19659.3,-327.65,391,400,-9,+0
150,1761643783.408500,1761643783.394500,14.000,-19658.3,-327.64,391,399,-9,-1
151,1761643784.402000,1761643784.396500,5.500,-19657.3,-327.62,393,398,-7,-2
152,1761643785.408500,1761643785.396000,12.500,-19656.3,-327.60,389,399,-11,-1
153,1761643786.403000,1761643786.396500,6.500,-19655.3,-327.59,391,400,-9,+0
154,1761643787.407500,1761643787.397500,10.000,-19654.3,-327.57,391,399,-9,-1
155,1761643788.403000,1761643788.397000,6.000,-19653.3,-327.55,391,399,-9,-1
156,1761643789.410000,1761643789.396500,13.500,-19652.3,-327.54,390,399,-10,-1
157,1761643790.404500,1761643790.397000,7.500,-19651.3,-327.52,390,400,-10,+0
158,1761643791.406500,1761643791.396500,10.000,-19650.3,-327.50,390,401,-10,+1
159,1761643792.403500,1761643792.398500,5.000,-19649.3,-327.49,391,399,-9,-1
160,1761643793.409000,1761643793.400500,8.500,-19648.3,-327.47,390,400,-10,+0
161,1761643794.406000,1761643794.402500,3.500,-19647.3,-327.45,391,398,-9,-2
162,1761643795.414000,1761643795.399500,14.500,-19646.3,-327.44,389,400,-11,+0
163,1761643796.406000,1761643796.400000,6.000,-19645.3,-327.42,392,400,-8,+0
164,1761643797.407500,1761643797.398500,9.000,-19644.3,-327.40,392,398,-8,-2
165,1761643798.405500,1761643798.399000,6.500,-19643.3,-327.39,392,401,-8,+1
166,1761643799.409500,1761643799.401000,8.500,-19642.3,-327.37,392,400,-8,+0
167,1761643800.407500,1761643800.402500,5.000,-19641.3,-327.35,391,400,-9,+0
168,1761643801.413000,1761643801.402000,11.000,-19640.3,-327.34,390,400,-10,+0
169,1761643802.408500,1761643802.402500,6.000,-19639.3,-327.32,390,400,-10,+0
170,1761643803.411000,1761643803.402000,9.000,-19638.3,-327.30,391,400,-9,+0
171,1761643804.410500,1761643804.401500,9.000,-19637.3,-327.29,390,398,-10,-2
172,1761643805.414500,1761643805.402500,12.000,-19636.3,-327.27,390,399,-10,-1
173,1761643806.410500,1761643806.405500,5.000,-19635.3,-327.25,388,398,-12,-2
174,1761643807.416000,1761643807.404000,12.000,-19634.2,-327.24,390,397,-10,-3
175,1761643808.410500,1761643808.402000,8.500,-19633.3,-327.22,391,400,-9,+0
176,1761643809.414500,1761643809.404000,10.500,-19632.3,-327.20,391,399,-9,-1
177,1761643810.408000,1761643810.403000,5.000,-19631.3,-327.19,391,400,-9,+0
178,1761643811.413500,1761643811.402500,11.000,-19630.3,-327.17,391,400,-9,+0
179,1761643812.411500,1761643812.403000,8.500,-19629.3,-327.15,391,400,-9,+0
180,1761643813.418000,1761643813.405000,13.000,-19628.2,-327.14,390,397,-10,-3
181,1761643814.413500,1761643814.404500,9.000,-19627.3,-327.12,392,399,-8,-1
182,1761643815.417500,1761643815.406500,11.000,-19626.2,-327.10,391,399,-9,-1
183,1761643816.413000,1761643816.404500,8.500,-19625.3,-327.09,390,400,-10,+0
184,1761643817.420000,1761643817.405000,15.000,-19624.2,-327.07,390,399,-10,-1
185,1761643818.414500,1761643818.407500,7.000,-19623.3,-327.05,391,399,-9,-1
186,1761643819.416500,1761643819.404500,12.000,-19622.2,-327.04,392,399,-8,-1
187,1761643820.413500,1761643820.405000,8.500,-19621.3,-327.02,390,400,-10,+0
188,1761643821.416500,1761643821.407000,9.500,-19620.2,-327.00,392,400,-8,+0
189,1761643822.415000,1761643822.407500,7.500,-19619.3,-326.99,392,400,-8,+0
190,1761643823.418000,1761643823.408500,9.500,-19618.2,-326.97,393,400,-7,+0
191,1761643824.417500,1761643824.410500,7.000,-19617.2,-326.95,392,400,-8,+0
192,1761643825.411000,1761643825.410000,1.000,-19616.3,-326.94,391,400,-9,+0
193,1761643826.416500,1761643826.412000,4.500,-19615.2,-326.92,392,399,-8,-1
194,1761643827.413500,1761643827.409000,4.500,-19614.3,-326.90,391,400,-9,+0
195,1761643828.418000,1761643828.409500,8.500,-19613.2,-326.89,391,399,-9,-1
196,1761643829.412500,1761643829.410500,2.000,-19612.3,-326.87,390,401,-10,+1
197,1761643830.418000,1761643830.412500,5.500,-19611.2,-326.85,392,399,-8,-1
198,1761643831.415000,1761643831.412000,3.000,-19610.3,-326.84,392,399,-8,-1
199,1761643832.422000,1761643832.412500,9.500,-19609.2,-326.82,391,400,-9,+0
200,1761643833.417500,1761643833.413000,4.500,-19608.2,-326.80,390,399,-10,-1
201,1761643834.420500,1761643834.415000,5.500,-19607.2,-326.79,391,400,-9,+0
202,1761643835.417500,1761643835.414500,3.000,-19606.2,-326.77,391,398,-9,-2
203,1761643836.423000,1761643836.417500,5.500,-19605.2,-326.75,391,398,-9,-2
204,1761643837.417500,1761643837.413500,4.000,-19604.2,-326.74,391,397,-9,-3
205,1761643838.423000,1761643838.416500,6.500,-19603.2,-326.72,391,398,-9,-2
206,1761643839.418500,1761643839.418500,0.000,-19602.2,-326.70,393,397,-7,-3
207,1761643840.424000,1761643840.415500,8.500,-19601.2,-326.69,391,401,-9,+1
208,1761643841.421000,1761643841.420000,1.000,-19600.2,-326.67,391,399,-9,-1
209,1761643842.422500,1761643842.418000,4.500,-19599.2,-326.65,394,399,-6,-1
210,1761643843.421000,1761643843.416000,5.000,-19598.2,-326.64,392,399,-8,-1
211,1761643844.425000,1761643844.416500,8.500,-19597.2,-326.62,392,399,-8,-1
212,1761643845.420500,1761643845.417000,3.500,-19596.2,-326.60,391,400,-9,+0
213,1761643846.427000,1761643846.417000,10.000,-19595.2,-326.59,390,400,-10,+0
214,1761643847.421500,1761643847.420000,1.500,-19594.2,-326.57,390,399,-10,-1
215,1761643848.427000,1761643848.415500,11.500,-19593.2,-326.55,391,400,-9,+0
216,1761643849.422500,1761643849.420000,2.500,-19592.2,-326.54,392,398,-8,-2
217,1761643850.429000,1761643850.419000,10.000,-19591.2,-326.52,391,400,-9,+0
218,1761643851.425000,1761643851.420000,5.000,-19590.2,-326.50,391,400,-9,+0
219,1761643852.430500,1761643852.420500,10.000,-19589.2,-326.49,389,400,-11,+0
220,1761643853.425000,1761643853.421500,3.500,-19588.2,-326.47,391,400,-9,+0
221,1761643854.430500,1761643854.421500,9.000,-19587.2,-326.45,391,399,-9,-1
222,1761643855.426000,1761643855.421000,5.000,-19586.2,-326.44,395,400,-5,+0
223,1761643856.428000,1761643856.420500,7.500,-19585.2,-326.42,395,399,-5,-1
224,1761643857.426500,1761643857.421500,5.000,-19584.2,-326.40,395,400,-5,+0
225,1761643858.428500,1761643858.421000,7.500,-19583.2,-326.39,396,399,-4,-1
226,1761643859.427000,1761643859.422000,5.000,-19582.2,-326.37,395,401,-5,+1
227,1761643860.427500,1761643860.425000,2.500,-19581.2,-326.35,395,399,-5,-1
228,1761643861.428500,1761643861.424500,4.000,-19580.2,-326.34,392,399,-8,-1
229,1761643862.431500,1761643862.425000,6.500,-19579.2,-326.32,393,398,-7,-2
230,1761643863.428500,1761643863.423500,5.000,-19578.2,-326.30,391,400,-9,+0
231,1761643864.434000,1761643864.423000,11.000,-19577.2,-326.29,391,400,-9,+0
232,1761643865.428500,1761643865.423500,5.000,-19576.2,-326.27,390,401,-10,+1
233,1761643866.434000,1761643866.426000,8.000,-19575.2,-326.25,392,399,-8,-1
234,1761643867.432000,1761643867.426500,5.500,-19574.2,-326.24,394,400,-6,+0
235,1761643868.434000,1761643868.424500,9.500,-19573.2,-326.22,393,399,-7,-1
236,1761643869.429500,1761643869.425000,4.500,-19572.2,-326.20,393,401,-7,+1
237,1761643870.437500,1761643870.427000,10.500,-19571.2,-326.19,394,400,-6,+0
238,1761643871.433500,1761643871.426500,7.000,-19570.2,-326.17,392,398,-8,-2
239,1761643872.437500,1761643872.427000,10.500,-19569.2,-326.15,392,400,-8,+0
240,1761643873.434500,1761643873.430000,4.500,-19568.2,-326.14,392,398,-8,-2
241,1761643874.437500,1761643874.427000,10.500,-19567.2,-326.12,392,401,-8,+1
242,1761643875.434000,1761643875.433500,0.500,-19566.2,-326.10,391,399,-9,-1
243,1761643876.442500,1761643876.429500,13.000,-19565.2,-326.09,390,398,-10,-2
244,1761643877.437000,1761643877.431000,6.000,-19564.2,-326.07,390,398,-10,-2
245,1761643878.443500,1761643878.431500,12.000,-19563.2,-326.05,391,400,-9,+0
246,1761643879.438000,1761643879.429500,8.500,-19562.2,-326.04,393,399,-7,-1
247,1761643880.443500,1761643880.431500,12.000,-19561.2,-326.02,391,399,-9,-1
248,1761643881.435500,1761643881.432000,3.500,-19560.2,-326.00,390,400,-10,+0
249,1761643882.440000,1761643882.433000,7.000,-19559.2,-325.99,393,399,-7,-1
250,1761643883.439500,1761643883.432500,7.000,-19558.2,-325.97,392,400,-8,+0
251,1761643884.443500,1761643884.431500,12.000,-19557.2,-325.95,391,399,-9,-1
252,1761643885.436500,1761643885.432000,4.500,-19556.2,-325.94,394,397,-6,-3
253,1761643886.445000,1761643886.431500,13.500,-19555.2,-325.92,392,399,-8,-1
254,1761643887.438000,1761643887.437000,1.000,-19554.2,-325.90,392,399,-8,-1
255,1761643888.445500,1761643888.434000,11.500,-19553.2,-325.89,393,399,-7,-1
256,1761643889.442000,1761643889.433500,8.500,-19552.2,-325.87,390,399,-10,-1
257,1761643890.446000,1761643890.435500,10.500,-19551.2,-325.85,391,400,-9,+0
258,1761643891.445000,1761643891.435000,10.000,-19550.2,-325.84,391,401,-9,+1
259,1761643892.448000,1761643892.437000,11.000,-19549.2,-325.82,389,399,-11,-1
260,1761643893.443500,1761643893.437500,6.000,-19548.2,-325.80,391,400,-9,+0
261,1761643894.449000,1761643894.437000,12.000,-19547.2,-325.79,392,400,-8,+0
262,1761643895.446000,1761643895.436500,9.500,-19546.2,-325.77,388,399,-12,-1
263,1761643896.451500,1761643896.441000,10.500,-19545.2,-325.75,390,399,-10,-1
264,1761643897.446000,1761643897.441500,4.500,-19544.2,-325.74,391,398,-9,-2
265,1761643898.451500,1761643898.439500,12.000,-19543.2,-325.72,389,400,-11,+0
266,1761643899.448500,1761643899.439000,9.500,-19542.2,-325.70,389,400,-11,+0
267,1761643900.449000,1761643900.439500,9.500,-19541.2,-325.69,391,400,-9,+0
268,1761643901.444500,1761643901.440000,4.500,-19540.2,-325.67,393,400,-7,+0
269,1761643902.452500,1761643902.438500,14.000,-19539.2,-325.65,392,400,-8,+0
270,1761643903.448500,1761643903.444000,4.500,-19538.2,-325.64,390,399,-10,-1
271,1761643904.455000,1761643904.441000,14.000,-19537.2,-325.62,390,400,-10,+0
272,1761643905.449500,1761643905.442500,7.000,-19536.2,-325.60,390,398,-10,-2
273,1761643906.456000,1761643906.440500,15.500,-19535.2,-325.59,391,400,-9,+0
274,1761643907.451500,1761643907.444500,7.000,-19534.2,-325.57,391,398,-9,-2
275,1761643908.454500,1761643908.445000,9.500,-19533.2,-325.55,391,399,-9,-1
276,1761643909.450000,1761643909.447000,3.000,-19532.2,-325.54,391,399,-9,-1
277,1761643910.446000,1761643910.444000,2.000,-19531.2,-325.52,391,400,-9,+0
278,1761643911.454000,1761643911.444500,9.500,-19530.2,-325.50,389,400,-11,+0
279,1761643912.447000,1761643912.443000,4.000,-19529.2,-325.49,389,400,-11,+0
280,1761643913.452500,1761643913.451000,1.500,-19528.2,-325.47,391,398,-9,-2
281,1761643914.449500,1761643914.445500,4.000,-19527.2,-325.45,390,400,-10,+0
282,1761643915.454000,1761643915.446000,8.000,-19526.2,-325.44,391,400,-9,+0
283,1761643916.452000,1761643916.445500,6.500,-19525.2,-325.42,389,400,-11,+0
284,1761643917.454000,1761643917.446500,7.500,-19524.2,-325.40,392,401,-8,+1
285,1761643918.451000,1761643918.449500,1.500,-19523.2,-325.39,390,399,-10,-1
286,1761643919.455500,1761643919.448000,7.500,-19522.2,-325.37,392,399,-8,-1
287,1761643920.453500,1761643920.448500,5.000,-19521.2,-325.35,390,400,-10,+0
288,1761643921.456000,1761643921.446500,9.500,-19520.2,-325.34,392,401,-8,+1
289,1761643922.453000,1761643922.451000,2.000,-19519.2,-325.32,390,397,-10,-3
290,1761643923.458500,1761643923.450500,8.000,-19518.2,-325.30,390,398,-10,-2
291,1761643924.453000,1761643924.450500,2.500,-19517.2,-325.29,391,400,-9,+0
292,1761643925.458500,1761643925.451000,7.500,-19516.2,-325.27,390,399,-10,-1
293,1761643926.455500,1761643926.451000,4.500,-19515.2,-325.25,391,400,-9,+0
294,1761643927.460000,1761643927.451500,8.500,-19514.2,-325.24,390,400,-10,+0
295,1761643928.454500,1761643928.453000,1.500,-19513.2,-325.22,389,399,-11,-1
296,1761643929.462500,1761643929.452500,10.000,-19512.2,-325.20,390,400,-10,+0
297,1761643930.457000,1761643930.452000,5.000,-19511.2,-325.19,390,400,-10,+0
298,1761643931.461500,1761643931.451500,10.000,-19510.2,-325.17,392,400,-8,+0
299,1761643932.458500,1761643932.454500,4.000,-19509.2,-325.15,390,400,-10,+0
300,1761643933.461500,1761643933.454000,7.500,-19508.2,-325.14,394,400,-6,+0
301,1761643934.458000,1761643934.455500,2.500,-19507.2,-325.12,395,399,-5,-1
302,1761643935.466000,1761643935.455000,11.000,-19506.2,-325.10,392,399,-8,-1
303,1761643936.459000,1761643936.455500,3.500,-19505.2,-325.09,391,398,-9,-2
304,1761643937.464500,1761643937.456000,8.500,-19504.2,-325.07,391,399,-9,-1
305,1761643938.460000,1761643938.454000,6.000,-19503.2,-325.05,389,401,-11,+1
306,1761643939.462000,1761643939.457500,4.500,-19502.2,-325.04,391,400,-9,+0
307,1761643940.462500,1761643940.458000,4.500,-19501.2,-325.02,392,399,-8,-1
308,1761643941.467500,1761643941.456500,11.000,-19500.2,-325.00,391,400,-9,+0
309,1761643942.464000,1761643942.458000,6.000,-19499.2,-324.99,390,399,-10,-1
310,1761643943.466000,1761643943.457500,8.500,-19498.2,-324.97,392,400,-8,+0
311,1761643944.463000,1761643944.457000,6.000,-19497.2,-324.95,392,400,-8,+0
312,1761643945.467000,1761643945.456500,10.500,-19496.2,-324.94,393,399,-7,-1
313,1761643946.465000,1761643946.458500,6.500,-19495.2,-324.92,390,399,-10,-1
314,1761643947.468000,1761643947.458000,10.000,-19494.2,-324.90,391,399,-9,-1
315,1761643948.465000,1761643948.458500,6.500,-19493.2,-324.89,392,400,-8,+0
316,1761643949.471500,1761643949.458000,13.500,-19492.2,-324.87,391,398,-9,-2
317,1761643950.467000,1761643950.458500,8.500,-19491.2,-324.85,391,399,-9,-1
318,1761643951.471000,1761643951.459500,11.500,-19490.2,-324.84,389,401,-11,+1
319,1761643952.467500,1761643952.465000,2.500,-19489.2,-324.82,388,399,-12,-1
320,1761643953.470000,1761643953.461000,9.000,-19488.2,-324.80,391,400,-9,+0
321,1761643954.465500,1761643954.466500,1.000,-19487.2,-324.79,391,398,-9,-2
322,1761643955.471000,1761643955.462000,9.000,-19486.2,-324.77,391,399,-9,-1
323,1761643956.468000,1761643956.461500,6.500,-19485.2,-324.75,389,400,-11,+0
324,1761643957.473500,1761643957.461000,12.500,-19484.2,-324.74,390,399,-10,-1
325,1761643958.469000,1761643958.460500,8.500,-19483.2,-324.72,389,398,-11,-2
326,1761643959.474000,1761643959.461000,13.000,-19482.2,-324.70,391,400,-9,+0
327,1761643960.470500,1761643960.464000,6.500,-19481.2,-324.69,392,399,-8,-1
328,1761643961.475000,1761643961.462500,12.500,-19480.2,-324.67,390,399,-10,-1
329,1761643962.469500,1761643962.465500,4.000,-19479.2,-324.65,390,399,-10,-1
330,1761643963.472500,1761643963.463500,9.000,-19478.2,-324.64,393,400,-7,+0
331,1761643964.472000,1761643964.464000,8.000,-19477.2,-324.62,393,401,-7,+1
332,1761643965.477000,1761643965.465000,12.000,-19476.2,-324.60,391,400,-9,+0
333,1761643966.474000,1761643966.468000,6.000,-19475.2,-324.59,390,399,-10,-1
334,1761643967.477000,1761643967.465000,12.000,-19474.2,-324.57,392,399,-8,-1
335,1761643968.470000,1761643968.468000,2.000,-19473.2,-324.55,394,398,-6,-2
336,1761643969.477500,1761643969.465000,12.500,-19472.2,-324.54,392,399,-8,-1
337,1761643970.472000,1761643970.465500,6.500,-19471.2,-324.52,391,401,-9,+1
338,1761643971.474500,1761643971.467500,7.000,-19470.2,-324.50,396,400,-4,+0
339,1761643972.476500,1761643972.468000,8.500,-19469.2,-324.49,394,400,-6,+0
340,1761643973.473500,1761643973.468500,5.000,-19468.2,-324.47,392,400,-8,+0
341,1761643974.474500,1761643974.467000,7.500,-19467.2,-324.45,395,400,-5,+0
342,1761643975.473000,1761643975.468000,5.000,-19466.2,-324.44,395,400,-5,+0
343,1761643976.477500,1761643976.467500,10.000,-19465.2,-324.42,391,399,-9,-1
344,1761643977.472000,1761643977.467000,5.000,-19464.2,-324.40,393,401,-7,+1
345,1761643978.479000,1761643978.470500,8.500,-19463.2,-324.39,391,400,-9,+0
346,1761643979.476000,1761643979.471000,5.000,-19462.2,-324.37,390,400,-10,+0
347,1761643980.481500,1761643980.469500,12.000,-19461.2,-324.35,390,398,-10,-2
348,1761643981.476000,1761643981.470000,6.000,-19460.2,-324.34,390,400,-10,+0
349,1761643982.479000,1761643982.469500,9.500,-19459.2,-324.32,393,400,-7,+0
350,1761643983.478500,1761643983.473500,5.000,-19458.2,-324.30,389,398,-11,-2
351,1761643984.481000,1761643984.473000,8.000,-19457.2,-324.29,391,400,-9,+0
352,1761643985.482000,1761643985.472500,9.500,-19456.2,-324.27,391,400,-9,+0
353,1761643986.482000,1761643986.472000,10.000,-19455.2,-324.25,392,400,-8,+0
354,1761643987.480000,1761643987.471000,9.000,-19454.2,-324.24,390,399,-10,-1
355,1761643988.482000,1761643988.471500,10.500,-19453.2,-324.22,391,400,-9,+0
356,1761643989.477500,1761643989.474500,3.000,-19452.2,-324.20,394,399,-6,-1
357,1761643990.485500,1761643990.474000,11.500,-19451.2,-324.19,390,399,-10,-1
358,1761643991.482000,1761643991.474500,7.500,-19450.2,-324.17,390,400,-10,+0
359,1761643992.487000,1761643992.474000,13.000,-19449.2,-324.15,390,399,-10,-1
360,1761643993.482500,1761643993.474500,8.000,-19448.2,-324.14,391,401,-9,+1
361,1761643994.488000,1761643994.475500,12.500,-19447.2,-324.12,389,399,-11,-1
362,1761643995.481000,1761643995.477000,4.000,-19446.2,-324.10,391,400,-9,+0
363,1761643996.489500,1761643996.475500,14.000,-19445.2,-324.09,390,399,-10,-1
364,1761643997.483000,1761643997.478500,4.500,-19444.2,-324.07,390,397,-10,-3
365,1761643998.488000,1761643998.477000,11.000,-19443.2,-324.05,392,401,-8,+1
366,1761643999.484000,1761643999.478500,5.500,-19442.2,-324.04,393,399,-7,-1
367,1761644000.492000,1761644000.479500,12.500,-19441.2,-324.02,389,399,-11,-1
368,1761644001.486500,1761644001.478500,8.000,-19440.2,-324.00,392,400,-8,+0
369,1761644002.488500,1761644002.479500,9.000,-19439.2,-323.99,458,199,+58,-201
789,1761644422.634500,1761644422.628500,6.000,-19019.0,-316.98,391,399,-9,-1
790,1761644423.633500,1761644423.627500,6.000,-19018.0,-316.97,390,400,-10,+0
791,1761644424.634000,1761644424.628000,6.000,-19017.0,-316.95,391,400,-9,+0
792,1761644425.635500,1761644425.629500,6.000,-19016.0,-316.93,392,400,-8,+0
793,1761644426.636000,1761644426.631500,4.500,-19015.0,-316.92,392,400,-8,+0
794,1761644427.635000,1761644427.629500,5.500,-19014.0,-316.90,390,398,-10,-2
795,1761644428.636000,1761644428.630000,6.000,-19013.0,-316.88,391,400,-9,+0
796,1761644429.636000,1761644429.630500,5.500,-19012.0,-316.87,391,400,-9,+0
797,1761644430.636500,1761644430.631000,5.500,-19011.0,-316.85,391,399,-9,-1
798,1761644431.638000,1761644431.631500,6.500,-19010.0,-316.83,390,400,-10,+0
799,1761644432.636000,1761644432.629500,6.500,-19009.0,-316.82,392,400,-8,+0
800,1761644433.638000,1761644433.631500,6.500,-19008.0,-316.80,391,400,-9,+0
801,1761644434.638500,1761644434.632000,6.500,-19007.0,-316.78,391,400,-9,+0
802,1761644435.636500,1761644435.632500,4.000,-19006.0,-316.77,392,400,-8,+0
803,1761644436.638000,1761644436.631500,6.500,-19005.0,-316.75,391,400,-9,+0
804,1761644437.639500,1761644437.634000,5.500,-19004.0,-316.73,390,400,-10,+0
805,1761644438.637000,1761644438.634000,3.000,-19003.0,-316.72,390,399,-10,-1
806,1761644439.642500,1761644439.635500,7.000,-19002.0,-316.70,390,399,-10,-1
807,1761644440.644000,1761644440.633500,10.500,-19001.0,-316.68,390,400,-10,+0
808,1761644441.642000,1761644441.634000,8.000,-19000.0,-316.67,392,400,-8,+0
809,1761644442.642500,1761644442.634000,8.500,-18999.0,-316.65,389,401,-11,+1
810,1761644443.641500,1761644443.637000,4.500,-18998.0,-316.63,390,400,-10,+0
811,1761644444.649500,1761644444.636000,13.500,-18997.0,-316.62,388,400,-12,+0
812,1761644445.641500,1761644445.636000,5.500,-18996.0,-316.60,390,400,-10,+0
813,1761644446.643500,1761644446.635500,8.000,-18995.0,-316.58,390,400,-10,+0
814,1761644447.643000,1761644447.636000,7.000,-18994.0,-316.57,390,400,-10,+0
815,1761644448.643500,1761644448.638000,5.500,-18993.0,-316.55,390,400,-10,+0
816,1761644449.643000,1761644449.638500,4.500,-18992.0,-316.53,392,399,-8,-1
817,1761644450.643500,1761644450.639000,4.500,-18991.0,-316.52,391,400,-9,+0
818,1761644451.641500,1761644451.639500,2.000,-18990.0,-316.50,390,399,-10,-1
819,1761644452.644500,1761644452.640000,4.500,-18989.0,-316.48,390,400,-10,+0
820,1761644453.644500,1761644453.638000,6.500,-18988.0,-316.47,390,400,-10,+0
821,1761644454.647500,1761644454.639500,8.000,-18987.0,-316.45,389,401,-11,+1
822,1761644455.645500,1761644455.642000,3.500,-18986.0,-316.43,390,400,-10,+0
823,1761644456.645000,1761644456.639500,5.500,-18985.0,-316.42,392,400,-8,+0
824,1761644457.645500,1761644457.640000,5.500,-18984.0,-316.40,392,400,-8,+0
825,1761644458.647000,1761644458.641500,5.500,-18983.0,-316.38,388,400,-12,+0
826,1761644459.647000,1761644459.643500,3.500,-18982.0,-316.37,392,399,-8,-1
827,1761644460.650000,1761644460.641500,8.500,-18981.0,-316.35,390,401,-10,+1
828,1761644461.649000,1761644461.644500,4.500,-18980.0,-316.33,390,399,-10,-1
829,1761644462.649500,1761644462.643500,6.000,-18979.0,-316.32,389,399,-11,-1
830,1761644463.648500,1761644463.644000,4.500,-18978.0,-316.30,390,400,-10,+0
831,1761644464.650000,1761644464.643000,7.000,-18977.0,-316.28,391,400,-9,+0
832,1761644465.651500,1761644465.642500,9.000,-18976.0,-316.27,390,400,-10,+0
833,1761644466.652000,1761644466.644000,8.000,-18975.0,-316.25,392,400,-8,+0
834,1761644467.651000,1761644467.642000,9.000,-18974.0,-316.23,390,400,-10,+0
835,1761644468.652500,1761644468.643000,9.500,-18973.0,-316.22,392,399,-8,-1
836,1761644469.649500,1761644469.646000,3.500,-18972.0,-316.20,391,398,-9,-2
837,1761644470.652500,1761644470.646500,6.000,-18971.0,-316.18,390,399,-10,-1
838,1761644471.649500,1761644471.646000,3.500,-18970.0,-316.17,391,400,-9,+0
839,1761644472.648500,1761644472.645000,3.500,-18969.0,-316.15,393,400,-7,+0
840,1761644473.649000,1761644473.644500,4.500,-18968.0,-316.13,390,400,-10,+0
841,1761644474.648000,1761644474.645000,3.000,-18967.0,-316.12,392,400,-8,+0
842,1761644475.649000,1761644475.645500,3.500,-18966.0,-316.10,391,400,-9,+0
843,1761644476.651000,1761644476.647000,4.000,-18965.0,-316.08,390,400,-10,+0
844,1761644477.654000,1761644477.646500,7.500,-18964.0,-316.07,389,400,-11,+0
845,1761644478.652000,1761644478.647000,5.000,-18963.0,-316.05,391,400,-9,+0
846,1761644479.654500,1761644479.647500,7.000,-18962.0,-316.03,389,400,-11,+0
847,1761644480.652500,1761644480.647500,5.000,-18961.0,-316.02,390,399,-10,-1
848,1761644481.653000,1761644481.648000,5.000,-18960.0,-316.00,392,400,-8,+0
849,1761644482.652500,1761644482.647000,5.500,-18959.0,-315.98,393,401,-7,+1
850,1761644483.653000,1761644483.651000,2.000,-18958.0,-315.97,392,400,-8,+0
851,1761644484.653000,1761644484.648500,4.500,-18957.0,-315.95,392,400,-8,+0
852,1761644485.654500,1761644485.649000,5.500,-18956.0,-315.93,390,399,-10,-1
853,1761644486.654500,1761644486.649500,5.000,-18955.0,-315.92,391,398,-9,-2
854,1761644487.658500,1761644487.648500,10.000,-18954.0,-315.90,391,401,-9,+1
855,1761644488.656500,1761644488.651000,5.500,-18953.0,-315.88,391,400,-9,+0
856,1761644489.659000,1761644489.652500,6.500,-18952.0,-315.87,390,400,-10,+0
857,1761644490.657500,1761644490.651500,6.000,-18951.0,-315.85,392,400,-8,+0
858,1761644491.658000,1761644491.652000,6.000,-18950.0,-315.83,391,401,-9,+1
859,1761644492.658500,1761644492.655000,3.500,-18949.0,-315.82,389,399,-11,-1
860,1761644493.660000,1761644493.654000,6.000,-18948.0,-315.80,391,400,-9,+0
861,1761644494.660500,1761644494.656500,4.000,-18947.0,-315.78,393,399,-7,-1
862,1761644495.660500,1761644495.654000,6.500,-18946.0,-315.77,393,400,-7,+0
863,1761644496.660500,1761644496.655500,5.000,-18945.0,-315.75,393,400,-7,+0
864,1761644497.659500,1761644497.653500,6.000,-18944.0,-315.73,393,400,-7,+0
865,1761644498.658500,1761644498.657500,1.000,-18943.0,-315.72,391,398,-9,-2
866,1761644499.661500,1761644499.656500,5.000,-18942.0,-315.70,393,400,-7,+0
867,1761644500.661000,1761644500.657000,4.000,-18941.0,-315.68,390,399,-10,-1
868,1761644501.659000,1761644501.656000,3.000,-18940.0,-315.67,392,400,-8,+0
869,1761644502.664000,1761644502.656500,7.500,-18939.0,-315.65,392,400,-8,+0
870,1761644503.663500,1761644503.657000,6.500,-18938.0,-315.63,393,400,-7,+0
871,1761644504.661500,1761644504.655000,6.500,-18937.0,-315.62,394,400,-6,+0
872,1761644505.661000,1761644505.655500,5.500,-18936.0,-315.60,394,401,-6,+1
873,1761644506.660500,1761644506.659000,1.500,-18935.0,-315.58,389,400,-11,+0
874,1761644507.660000,1761644507.659500,0.500,-18934.0,-315.57,395,400,-5,+0
875,1761644508.663000,1761644508.660000,3.000,-18933.0,-315.55,392,400,-8,+0
876,1761644509.663000,1761644509.658000,5.000,-18932.0,-315.53,392,400,-8,+0
877,1761644510.663000,1761644510.657000,6.000,-18931.0,-315.52,392,399,-8,-1
878,1761644511.663500,1761644511.657500,6.000,-18930.0,-315.50,390,399,-10,-1
879,1761644512.664000,1761644512.657000,7.000,-18929.0,-315.48,389,401,-11,+1
880,1761644513.665500,1761644513.660000,5.500,-18928.0,-315.47,391,400,-9,+0
881,1761644514.666000,1761644514.660500,5.500,-18927.0,-315.45,390,400,-10,+0
882,1761644515.666500,1761644515.661000,5.500,-18926.0,-315.43,390,400,-10,+0
883,1761644516.668000,1761644516.661500,6.500,-18925.0,-315.42,389,401,-11,+1
884,1761644517.668500,1761644517.662500,6.000,-18924.0,-315.40,390,399,-10,-1
885,1761644518.667500,1761644518.664000,3.500,-18923.0,-315.38,393,398,-7,-2
886,1761644519.668000,1761644519.663000,5.000,-18922.0,-315.37,394,399,-6,-1
887,1761644520.671000,1761644520.663500,7.500,-18921.0,-315.35,389,399,-11,-1
888,1761644521.670000,1761644521.666500,3.500,-18920.0,-315.33,391,398,-9,-2
889,1761644522.670500,1761644522.663500,7.000,-18919.0,-315.32,390,401,-10,+1
890,1761644523.668500,1761644523.664000,4.500,-18918.0,-315.30,391,399,-9,-1
891,1761644524.671500,1761644524.664500,7.000,-18917.0,-315.28,391,400,-9,+0
892,1761644525.670500,1761644525.664000,6.500,-18916.0,-315.27,390,400,-10,+0
893,1761644526.671000,1761644526.664000,7.000,-18915.0,-315.25,391,400,-9,+0
894,1761644527.671500,1761644527.665500,6.000,-18914.0,-315.23,391,400,-9,+0
895,1761644528.669500,1761644528.667000,2.500,-18913.0,-315.22,389,400,-11,+0
896,1761644529.670000,1761644529.667500,2.500,-18912.0,-315.20,389,400,-11,+0
897,1761644530.670500,1761644530.666500,4.000,-18911.0,-315.18,391,399,-9,-1
898,1761644531.674500,1761644531.667000,7.500,-18910.0,-315.17,390,400,-10,+0
899,1761644532.672500,1761644532.668500,4.000,-18909.0,-315.15,393,401,-7,+1
900,1761644533.674500,1761644533.670500,4.000,-18908.0,-315.13,392,399,-8,-1
901,1761644534.673500,1761644534.669500,4.000,-18907.0,-315.12,392,400,-8,+0
902,1761644535.671500,1761644535.670000,1.500,-18906.0,-315.10,392,400,-8,+0
903,1761644536.674500,1761644536.670500,4.000,-18905.0,-315.08,389,400,-11,+0
904,1761644537.674000,1761644537.670500,3.500,-18904.0,-315.07,389,400,-11,+0
905,1761644538.673000,1761644538.669000,4.000,-18903.0,-315.05,390,400,-10,+0
906,1761644539.674500,1761644539.668500,6.000,-18902.0,-315.03,391,398,-9,-2
907,1761644540.677500,1761644540.669000,8.500,-18901.0,-315.02,390,400,-10,+0
908,1761644541.675000,1761644541.670500,4.500,-18900.0,-315.00,390,397,-10,-3
909,1761644542.676500,1761644542.670500,6.000,-18899.0,-314.98,392,398,-8,-2
910,1761644543.676000,1761644543.672500,3.500,-18898.0,-314.97,390,400,-10,+0
911,1761644544.675000,1761644544.670500,4.500,-18897.0,-314.95,392,399,-8,-1
912,1761644545.679000,1761644545.672000,7.000,-18896.0,-314.93,389,400,-11,+0
913,1761644546.676500,1761644546.672000,4.500,-18895.0,-314.92,391,399,-9,-1
914,1761644547.678500,1761644547.672000,6.500,-18894.0,-314.90,392,400,-8,+0
915,1761644548.677500,1761644548.673500,4.000,-18893.0,-314.88,391,400,-9,+0
916,1761644549.676500,1761644549.674000,2.500,-18892.0,-314.87,390,399,-10,-1
917,1761644550.680000,1761644550.674500,5.500,-18891.0,-314.85,390,399,-10,-1
918,1761644551.679500,1761644551.675000,4.500,-18890.0,-314.83,392,400,-8,+0
919,1761644552.680000,1761644552.674500,5.500,-18889.0,-314.82,391,400,-9,+0
920,1761644553.680500,1761644553.673500,7.000,-18888.0,-314.80,390,401,-10,+1
921,1761644554.678500,1761644554.675500,3.000,-18887.0,-314.78,389,400,-11,+0
922,1761644555.679000,1761644555.677000,2.000,-18886.0,-314.77,391,400,-9,+0
923,1761644556.679500,1761644556.676500,3.000,-18885.0,-314.75,390,399,-10,-1
924,1761644557.682500,1761644557.678500,4.000,-18884.0,-314.73,389,400,-11,+0
925,1761644558.680500,1761644558.679000,1.500,-18883.0,-314.72,390,400,-10,+0
926,1761644559.682500,1761644559.679500,3.000,-18882.0,-314.70,392,400,-8,+0
927,1761644560.683000,1761644560.680000,3.000,-18881.0,-314.68,391,400,-9,+0
928,1761644561.683500,1761644561.678000,5.500,-18880.0,-314.67,388,400,-12,+0
929,1761644562.682500,1761644562.678500,4.000,-18879.0,-314.65,392,400,-8,+0
930,1761644563.684500,1761644563.680000,4.500,-18878.0,-314.63,390,401,-10,+1
931,1761644564.682500,1761644564.680500,2.000,-18877.0,-314.62,393,400,-7,+0
932,1761644565.685500,1761644565.681000,4.500,-18876.0,-314.60,394,400,-6,+0
933,1761644566.684500,1761644566.681500,3.000,-18875.0,-314.58,393,400,-7,+0
934,1761644567.687500,1761644567.679500,8.000,-18874.0,-314.57,392,400,-8,+0
935,1761644568.686000,1761644568.681000,5.000,-18873.0,-314.55,392,401,-8,+1
936,1761644569.688000,1761644569.684000,4.000,-18872.0,-314.53,391,400,-9,+0
937,1761644570.687500,1761644570.683000,4.500,-18871.0,-314.52,391,400,-9,+0
938,1761644571.688000,1761644571.682500,5.500,-18870.0,-314.50,391,399,-9,-1
939,1761644572.688000,1761644572.684000,4.000,-18869.0,-314.48,391,400,-9,+0
940,1761644573.688000,1761644573.683000,5.000,-18868.0,-314.47,390,400,-10,+0
941,1761644574.687500,1761644574.684500,3.000,-18867.0,-314.45,393,400,-7,+0
942,1761644575.689000,1761644575.686500,2.500,-18866.0,-314.43,393,400,-7,+0
943,1761644576.690500,1761644576.684500,6.000,-18865.0,-314.42,391,400,-9,+0
944,1761644577.689500,1761644577.685000,4.500,-18864.0,-314.40,391,400,-9,+0
945,1761644578.691000,1761644578.684000,7.000,-18863.0,-314.38,391,399,-9,-1
946,1761644579.694000,1761644579.684500,9.500,-18862.0,-314.37,390,399,-10,-1
947,1761644580.691000,1761644580.686000,5.000,-18861.0,-314.35,393,400,-7,+0
948,1761644581.691500,1761644581.684000,7.500,-18860.0,-314.33,391,400,-9,+0
949,1761644582.693500,1761644582.685500,8.000,-18859.0,-314.32,392,401,-8,+1
950,1761644583.697500,1761644583.688500,9.000,-18858.0,-314.30,389,400,-11,+0
951,1761644584.690500,1761644584.686500,4.000,-18857.0,-314.28,393,400,-7,+0
952,1761644585.693500,1761644585.687000,6.500,-18856.0,-314.27,392,400,-8,+0
953,1761644586.693500,1761644586.687500,6.000,-18855.0,-314.25,393,401,-7,+1
954,1761644587.693000,1761644587.690500,2.500,-18854.0,-314.23,393,400,-7,+0
955,1761644588.694000,1761644588.689500,4.500,-18853.0,-314.22,391,399,-9,-1
956,1761644589.695500,1761644589.688500,7.000,-18852.0,-314.20,389,400,-11,+0
957,1761644590.694500,1761644590.690000,4.500,-18851.0,-314.18,392,400,-8,+0
958,1761644591.696500,1761644591.689000,7.500,-18850.0,-314.17,390,400,-10,+0
959,1761644592.694500,1761644592.689000,5.500,-18849.0,-314.15,391,401,-9,+1
960,1761644593.697500,1761644593.693000,4.500,-18848.0,-314.13,389,399,-11,-1
961,1761644594.694000,1761644594.692000,2.000,-18847.0,-314.12,392,400,-8,+0
962,1761644595.698000,1761644595.691000,7.000,-18846.0,-314.10,391,399,-9,-1
963,1761644596.696000,1761644596.691000,5.000,-18845.0,-314.08,390,400,-10,+0
964,1761644597.696500,1761644597.691500,5.000,-18844.0,-314.07,390,399,-10,-1
965,1761644598.694500,1761644598.692500,2.000,-18843.0,-314.05,390,400,-10,+0
966,1761644599.697500,1761644599.690500,7.000,-18842.0,-314.03,390,401,-10,+1
967,1761644600.697000,1761644600.695000,2.000,-18841.0,-314.02,391,400,-9,+0
968,1761644601.697500,1761644601.693000,4.500,-18840.0,-314.00,390,400,-10,+0
969,1761644602.700500,1761644602.694500,6.000,-18839.0,-313.98,390,400,-10,+0
970,1761644603.698500,1761644603.692500,6.000,-18838.0,-313.97,391,400,-9,+0
971,1761644604.700000,1761644604.693000,7.000,-18837.0,-313.95,391,400,-9,+0
972,1761644605.702000,1761644605.695000,7.000,-18836.0,-313.93,391,401,-9,+1
973,1761644606.705000,1761644606.697500,7.500,-18835.0,-313.92,392,399,-8,-1
974,1761644607.705500,1761644607.696000,9.500,-18834.0,-313.90,390,400,-10,+0
975,1761644608.701000,1761644608.696500,4.500,-18833.0,-313.88,391,399,-9,-1
976,1761644609.703000,1761644609.696000,7.000,-18832.0,-313.87,389,400,-11,+0
977,1761644610.705000,1761644610.695500,9.500,-18831.0,-313.85,391,400,-9,+0
978,1761644611.705500,1761644611.697000,8.500,-18830.0,-313.83,390,401,-10,+1
979,1761644612.707000,1761644612.698500,8.500,-18829.0,-313.82,780,400,+380,+0
981,1761644614.702000,1761644614.699000,3.000,-18827.0,-313.78,389,399,-11,-1
982,1761644615.701000,1761644615.699500,1.500,-18826.0,-313.77,391,400,-9,+0
983,1761644616.701000,1761644616.698000,3.000,-18825.0,-313.75,394,400,-6,+0
984,1761644617.700500,1761644617.697500,3.000,-18824.0,-313.73,395,401,-5,+1
985,1761644618.702500,1761644618.699500,3.000,-18823.0,-313.72,392,400,-8,+0
986,1761644619.702000,1761644619.700500,1.500,-18822.0,-313.70,394,400,-6,+0
987,1761644620.703000,1761644620.700000,3.000,-18821.0,-313.68,393,400,-7,+0
988,1761644621.705000,1761644621.699500,5.500,-18820.0,-313.67,393,400,-7,+0
989,1761644622.704000,1761644622.701000,3.000,-18819.0,-313.65,391,400,-9,+0
990,1761644623.703000,1761644623.700000,3.000,-18818.0,-313.63,391,399,-9,-1
991,1761644624.705000,1761644624.701000,4.000,-18817.0,-313.62,392,401,-8,+1
992,1761644625.709000,1761644625.702500,6.500,-18816.0,-313.60,390,400,-10,+0
993,1761644626.706000,1761644626.702000,4.000,-18815.0,-313.58,394,399,-6,-1
994,1761644627.709000,1761644627.702500,6.500,-18814.0,-313.57,391,400,-9,+0
995,1761644628.708500,1761644628.702000,6.500,-18813.0,-313.55,390,400,-10,+0
996,1761644629.709000,1761644629.702500,6.500,-18812.0,-313.53,391,400,-9,+0
997,1761644630.711000,1761644630.703000,8.000,-18811.0,-313.52,391,400,-9,+0
998,1761644631.709000,1761644631.706000,3.000,-18810.0,-313.50,392,400,-8,+0
999,1761644632.712000,1761644632.704000,8.000,-18809.0,-313.48,391,400,-9,+0
1000,1761644633.714000,1761644633.703500,10.500,-18808.0,-313.47,390,399,-10,-1
1001,1761644634.709500,1761644634.705000,4.500,-18807.0,-313.45,391,399,-9,-1
1002,1761644635.712500,1761644635.704000,8.500,-18806.0,-313.43,391,401,-9,+1
1003,1761644636.717500,1761644636.707500,10.000,-18804.9,-313.42,389,400,-11,+0
1004,1761644637.710500,1761644637.706500,4.000,-18804.0,-313.40,393,399,-7,-1
1005,1761644638.713500,1761644638.708000,5.500,-18803.0,-313.38,390,400,-10,+0
1006,1761644639.715500,1761644639.707000,8.500,-18802.0,-313.37,390,399,-10,-1
1007,1761644640.714500,1761644640.707500,7.000,-18801.0,-313.35,391,400,-9,+0
1008,1761644641.717500,1761644641.708000,9.500,-18799.9,-313.33,390,400,-10,+0
1009,1761644642.716500,1761644642.706000,10.500,-18798.9,-313.32,390,401,-10,+1
1010,1761644643.717000,1761644643.709000,8.000,-18797.9,-313.30,391,400,-9,+0
1011,1761644644.716000,1761644644.708500,7.500,-18796.9,-313.28,393,399,-7,-1
1012,1761644645.716500,1761644645.711500,5.000,-18795.9,-313.27,391,399,-9,-1
1013,1761644646.718000,1761644646.710000,8.000,-18794.9,-313.25,390,399,-10,-1
1014,1761644647.713500,1761644647.709000,4.500,-18794.0,-313.23,391,398,-9,-2
1015,1761644648.715500,1761644648.710000,5.500,-18793.0,-313.22,391,401,-9,+1
1016,1761644649.716000,1761644649.712500,3.500,-18791.9,-313.20,389,400,-11,+0
1017,1761644650.717500,1761644650.712500,5.000,-18790.9,-313.18,391,399,-9,-1
1018,1761644651.718000,1761644651.711500,6.500,-18789.9,-313.17,390,400,-10,+0
1019,1761644652.719500,1761644652.711000,8.500,-18788.9,-313.15,391,400,-9,+0
1020,1761644653.717000,1761644653.715000,2.000,-18787.9,-313.13,390,400,-10,+0
1021,1761644654.721000,1761644654.714000,7.000,-18786.9,-313.12,390,400,-10,+0
1022,1761644655.720000,1761644655.714000,6.000,-18785.9,-313.10,392,400,-8,+0
1023,1761644656.721500,1761644656.714500,7.000,-18784.9,-313.08,392,400,-8,+0
1024,1761644657.719500,1761644657.712500,7.000,-18783.9,-313.07,391,400,-9,+0
1025,1761644658.720500,1761644658.712500,8.000,-18782.9,-313.05,389,400,-11,+0
1026,1761644659.720500,1761644659.714000,6.500,-18781.9,-313.03,393,401,-7,+1
1027,1761644660.720000,1761644660.716500,3.500,-18780.9,-313.02,392,400,-8,+0
1028,1761644661.721500,1761644661.718000,3.500,-18779.9,-313.00,392,398,-8,-2
1029,1761644662.719500,1761644662.716000,3.500,-18778.9,-312.98,391,400,-9,+0
1030,1761644663.722000,1761644663.716500,5.500,-18777.9,-312.97,391,399,-9,-1
1031,1761644664.722500,1761644664.717000,5.500,-18776.9,-312.95,389,400,-11,+0
1032,1761644665.721000,1761644665.716500,4.500,-18775.9,-312.93,391,399,-9,-1
1033,1761644666.722500,1761644666.717000,5.500,-18774.9,-312.92,390,400,-10,+0
1034,1761644667.724000,1761644667.717000,7.000,-18773.9,-312.90,391,400,-9,+0
1035,1761644668.727000,1761644668.719000,8.000,-18772.9,-312.88,392,399,-8,-1
1036,1761644669.724500,1761644669.719000,5.500,-18771.9,-312.87,389,400,-11,+0
1037,1761644670.726000,1761644670.718000,8.000,-18770.9,-312.85,390,401,-10,+1
1038,1761644671.727500,1761644671.719500,8.000,-18769.9,-312.83,392,400,-8,+0
1039,1761644672.724000,1761644672.721000,3.000,-18768.9,-312.82,391,399,-9,-1
1040,1761644673.729000,1761644673.721000,8.000,-18767.9,-312.80,392,400,-8,+0
1041,1761644674.727000,1761644674.720000,7.000,-18766.9,-312.78,389,400,-11,+0
1042,1761644675.727500,1761644675.719500,8.000,-18765.9,-312.77,391,400,-9,+0
1043,1761644676.725500,1761644676.721000,4.500,-18764.9,-312.75,392,400,-8,+0
1044,1761644677.727000,1761644677.719500,7.500,-18763.9,-312.73,393,401,-7,+1
1045,1761644678.726500,1761644678.722000,4.500,-18762.9,-312.72,388,400,-12,+0
1046,1761644679.728000,1761644679.722500,5.500,-18761.9,-312.70,390,400,-10,+0
1047,1761644680.727000,1761644680.722000,5.000,-18760.9,-312.68,391,400,-9,+0
1048,1761644681.728500,1761644681.723500,5.000,-18759.9,-312.67,390,400,-10,+0
1049,1761644682.729000,1761644682.723000,6.000,-18758.9,-312.65,390,400,-10,+0
1050,1761644683.727000,1761644683.721000,6.000,-18757.9,-312.63,390,400,-10,+0
1051,1761644684.732000,1761644684.724000,8.000,-18756.9,-312.62,389,400,-11,+0
1052,1761644685.730000,1761644685.724500,5.500,-18755.9,-312.60,391,400,-9,+0
1053,1761644686.728000,1761644686.725000,3.000,-18754.9,-312.58,391,398,-9,-2
1054,1761644687.731000,1761644687.725500,5.500,-18753.9,-312.57,389,399,-11,-1
1055,1761644688.732500,1761644688.725000,7.500,-18752.9,-312.55,391,400,-9,+0
1056,1761644689.735500,1761644689.727000,8.500,-18751.9,-312.53,389,400,-11,+0
1057,1761644690.732000,1761644690.728500,3.500,-18750.9,-312.52,389,399,-11,-1
1058,1761644691.732500,1761644691.728000,4.500,-18749.9,-312.50,389,400,-11,+0
1059,1761644692.735000,1761644692.726000,9.000,-18748.9,-312.48,388,400,-12,+0
1060,1761644693.735500,1761644693.728500,7.000,-18747.9,-312.47,388,400,-12,+0
1061,1761644694.733000,1761644694.725500,7.500,-18746.9,-312.45,391,401,-9,+1
1062,1761644695.738500,1761644695.729500,9.000,-18745.9,-312.43,390,399,-10,-1
1063,1761644696.736500,1761644696.732000,4.500,-18744.9,-312.42,388,399,-12,-1
1064,1761644697.738000,1761644697.729500,8.500,-18743.9,-312.40,389,400,-11,+0
1065,1761644698.738000,1761644698.729500,8.500,-18742.9,-312.38,390,399,-10,-1
1066,1761644699.737500,1761644699.732500,5.000,-18741.9,-312.37,392,399,-8,-1
1067,1761644700.735500,1761644700.730000,5.500,-18740.9,-312.35,392,396,-8,-4
1068,1761644701.736500,1761644701.730500,6.000,-18739.9,-312.33,391,398,-9,-2
1069,1761644702.734000,1761644702.730500,3.500,-18738.9,-312.32,393,398,-7,-2
1070,1761644703.735500,1761644703.733000,2.500,-18737.9,-312.30,394,397,-6,-3
1071,1761644704.737000,1761644704.731000,6.000,-18736.9,-312.28,392,399,-8,-1
1072,1761644705.737500,1761644705.731500,6.000,-18735.9,-312.27,392,399,-8,-1
1073,1761644706.739000,1761644706.730500,8.500,-18734.9,-312.25,393,400,-7,+0
1074,1761644707.737000,1761644707.731000,6.000,-18733.9,-312.23,393,401,-7,+1
1075,1761644708.739500,1761644708.733500,6.000,-18732.9,-312.22,393,400,-7,+0
1076,1761644709.738500,1761644709.732500,6.000,-18731.9,-312.20,392,399,-8,-1
1077,1761644710.740000,1761644710.734000,6.000,-18730.9,-312.18,392,400,-8,+0
1078,1761644711.742500,1761644711.734500,8.000,-18729.9,-312.17,389,400,-11,+0
1079,1761644712.740500,1761644712.736500,4.000,-18728.9,-312.15,391,399,-9,-1
1080,1761644713.741000,1761644713.732000,9.000,-18727.9,-312.13,389,401,-11,+1
1081,1761644714.740000,1761644714.735000,5.000,-18726.9,-312.12,391,399,-9,-1
1082,1761644715.740500,1761644715.735500,5.000,-18725.9,-312.10,390,400,-10,+0
1083,1761644716.742000,1761644716.736000,6.000,-18724.9,-312.08,390,400,-10,+0
1084,1761644717.742500,1761644717.734500,8.000,-18723.9,-312.07,392,399,-8,-1
1085,1761644718.744000,1761644718.735500,8.500,-18722.9,-312.05,391,399,-9,-1
1086,1761644719.744000,1761644719.734500,9.500,-18721.9,-312.03,392,401,-8,+1
1087,1761644720.744500,1761644720.738500,6.000,-18720.9,-312.02,391,399,-9,-1
1088,1761644721.744500,1761644721.737500,7.000,-18719.9,-312.00,391,400,-9,+0
1089,1761644722.745000,1761644722.738000,7.000,-18718.9,-311.98,391,400,-9,+0
1090,1761644723.746500,1761644723.738000,8.500,-18717.9,-311.97,391,400,-9,+0
1091,1761644724.745000,1761644724.739000,6.000,-18716.9,-311.95,389,400,-11,+0
1092,1761644725.748000,1761644725.737000,11.000,-18715.9,-311.93,390,400,-10,+0
1093,1761644726.747000,1761644726.738500,8.500,-18714.9,-311.92,390,400,-10,+0
1094,1761644727.746000,1761644727.740000,6.000,-18713.9,-311.90,389,400,-11,+0
1095,1761644728.746000,1761644728.740000,6.000,-18712.9,-311.88,391,400,-9,+0
1096,1761644729.744000,1761644729.741000,3.000,-18711.9,-311.87,393,400,-7,+0
1097,1761644730.746500,1761644730.740500,6.000,-18710.9,-311.85,389,398,-11,-2
1098,1761644731.745500,1761644731.741000,4.500,-18709.9,-311.83,391,400,-9,+0
1099,1761644732.743500,1761644732.741500,2.000,-18708.9,-311.82,391,401,-9,+1
1100,1761644733.749000,1761644733.742000,7.000,-18707.9,-311.80,391,400,-9,+0
1101,1761644734.747000,1761644734.742500,4.500,-18706.9,-311.78,391,399,-9,-1
1102,1761644735.748500,1761644735.742500,6.000,-18705.9,-311.77,391,400,-9,+0
1103,1761644736.748500,1761644736.743000,5.500,-18704.9,-311.75,391,399,-9,-1
1104,1761644737.749000,1761644737.741000,8.000,-18703.9,-311.73,392,401,-8,+1
1105,1761644738.748500,1761644738.744000,4.500,-18702.9,-311.72,390,399,-10,-1
1106,1761644739.748500,1761644739.744500,4.000,-18701.9,-311.70,392,400,-8,+0
1107,1761644740.750000,1761644740.746000,4.000,-18700.9,-311.68,390,400,-10,+0
1108,1761644741.749500,1761644741.745500,4.000,-18699.9,-311.67,393,400,-7,+0
1109,1761644742.751000,1761644742.744500,6.500,-18698.9,-311.65,392,401,-8,+1
1110,1761644743.750000,1761644743.747000,3.000,-18697.9,-311.63,390,400,-10,+0
1111,1761644744.752500,1761644744.747000,5.500,-18696.9,-311.62,393,399,-7,-1
1112,1761644745.750500,1761644745.749000,1.500,-18695.9,-311.60,392,399,-8,-1
1113,1761644746.753000,1761644746.747000,6.000,-18694.9,-311.58,393,400,-7,+0
1114,1761644747.749500,1761644747.746500,3.000,-18693.9,-311.57,393,400,-7,+0
1115,1761644748.753500,1761644748.747500,6.000,-18692.9,-311.55,393,400,-7,+0
1116,1761644749.753000,1761644749.746500,6.500,-18691.9,-311.53,389,399,-11,-1
1117,1761644750.753500,1761644750.747000,6.500,-18690.9,-311.52,390,401,-10,+1
1118,1761644751.758500,1761644751.747500,11.000,-18689.9,-311.50,391,400,-9,+0
1119,1761644752.753500,1761644752.748000,5.500,-18688.9,-311.48,390,399,-10,-1
1120,1761644753.754500,1761644753.747500,7.000,-18687.9,-311.47,390,399,-10,-1
1121,1761644754.755000,1761644754.748000,7.000,-18686.9,-311.45,391,398,-9,-2
1122,1761644755.755500,1761644755.752000,3.500,-18685.9,-311.43,390,400,-10,+0
1123,1761644756.756000,1761644756.751000,5.000,-18684.9,-311.42,389,400,-11,+0
1124,1761644757.755500,1761644757.752500,3.000,-18683.9,-311.40,391,400,-9,+0
1125,1761644758.756000,1761644758.751500,4.500,-18682.9,-311.38,389,400,-11,+0
1126,1761644759.757000,1761644759.750500,6.500,-18681.9,-311.37,391,401,-9,+1
1127,1761644760.756000,1761644760.754500,1.500,-18680.9,-311.35,390,400,-10,+0
1128,1761644761.758000,1761644761.752500,5.500,-18679.9,-311.33,391,400,-9,+0
1129,1761644762.762500,1761644762.754000,8.500,-18678.9,-311.32,395,400,-5,+0
1130,1761644763.756000,1761644763.752000,4.000,-18677.9,-311.30,395,400,-5,+0
1131,1761644764.758500,1761644764.754000,4.500,-18676.9,-311.28,393,400,-7,+0
1132,1761644765.759000,1761644765.753500,5.500,-18675.9,-311.27,393,399,-7,-1
1133,1761644766.758500,1761644766.753000,5.500,-18674.9,-311.25,392,400,-8,+0
1134,1761644767.758000,1761644767.753500,4.500,-18673.9,-311.23,393,401,-7,+1
1135,1761644768.764500,1761644768.756500,8.000,-18672.9,-311.22,389,400,-11,+0
1136,1761644769.756500,1761644769.756000,0.500,-18671.9,-311.20,393,400,-7,+0
1137,1761644770.759500,1761644770.755500,4.000,-18670.9,-311.18,388,400,-12,+0
1138,1761644771.758500,1761644771.756000,2.500,-18669.9,-311.17,392,400,-8,+0
1139,1761644772.759000,1761644772.756500,2.500,-18668.9,-311.15,393,400,-7,+0
1140,1761644773.760500,1761644773.754500,6.000,-18667.9,-311.13,390,400,-10,+0
1141,1761644774.759500,1761644774.756000,3.500,-18666.9,-311.12,392,400,-8,+0
1142,1761644775.762000,1761644775.756500,5.500,-18665.9,-311.10,391,401,-9,+1
1143,1761644776.760000,1761644776.757000,3.000,-18664.9,-311.08,391,400,-9,+0
1144,1761644777.761500,1761644777.757500,4.000,-18663.9,-311.07,391,400,-9,+0
1145,1761644778.762000,1761644778.758000,4.000,-18662.9,-311.05,392,399,-8,-1
1146,1761644779.760000,1761644779.758500,1.500,-18661.9,-311.03,390,400,-10,+0
1147,1761644780.760500,1761644780.758500,2.000,-18660.9,-311.02,392,400,-8,+0
1148,1761644781.763500,1761644781.760000,3.500,-18659.9,-311.00,390,400,-10,+0
1149,1761644782.763000,1761644782.760500,2.500,-18658.9,-310.98,392,400,-8,+0
1150,1761644783.771000,1761644783.761000,10.000,-18657.9,-310.96,389,400,-11,+0
1151,1761644784.766500,1761644784.759000,7.500,-18656.9,-310.95,391,400,-9,+0
1152,1761644785.766000,1761644785.760500,5.500,-18655.9,-310.93,391,399,-9,-1
1153,1761644786.767500,1761644786.760000,7.500,-18654.9,-310.91,390,401,-10,+1
1154,1761644787.767000,1761644787.763000,4.000,-18653.9,-310.90,391,400,-9,+0
1155,1761644788.767000,1761644788.763000,4.000,-18652.9,-310.88,391,400,-9,+0
1156,1761644789.770000,1761644789.761000,9.000,-18651.9,-310.86,390,400,-10,+0
1157,1761644790.769000,1761644790.761500,7.500,-18650.9,-310.85,390,400,-10,+0
1158,1761644791.769500,1761644791.763000,6.500,-18649.9,-310.83,389,400,-11,+0
1159,1761644792.770000,1761644792.763000,7.000,-18648.9,-310.81,388,400,-12,+0
1160,1761644793.771500,1761644793.765500,6.000,-18647.9,-310.80,389,399,-11,-1
1161,1761644794.771000,1761644794.765500,5.500,-18646.9,-310.78,388,400,-12,+0
1162,1761644795.770000,1761644795.764000,6.000,-18645.9,-310.76,390,400,-10,+0
1163,1761644796.770500,1761644796.765000,5.500,-18644.9,-310.75,392,400,-8,+0
1164,1761644797.771000,1761644797.763000,8.000,-18643.9,-310.73,392,400,-8,+0
1165,1761644798.772500,1761644798.763500,9.000,-18642.9,-310.71,391,398,-9,-2
1166,1761644799.775500,1761644799.765000,10.500,-18641.9,-310.70,389,400,-11,+0
1167,1761644800.773500,1761644800.762500,11.000,-18640.9,-310.68,391,399,-9,-1
1168,1761644801.775000,1761644801.766500,8.500,-18639.9,-310.66,389,398,-11,-2
1169,1761644802.779000,1761644802.768000,11.000,-18638.9,-310.65,391,399,-9,-1
1170,1761644803.771500,1761644803.767000,4.500,-18637.9,-310.63,390,401,-10,+1
1171,1761644804.769500,1761644804.769500,0.000,-18636.9,-310.61,389,400,-11,+0
1172,1761644805.773500,1761644805.767500,6.000,-18635.9,-310.60,388,399,-12,-1
1173,1761644806.769500,1761644806.768500,1.000,-18634.9,-310.58,390,399,-10,-1
1174,1761644807.773500,1761644807.770000,3.500,-18633.9,-310.56,390,400,-10,+0
1175,1761644808.777000,1761644808.768500,8.500,-18632.9,-310.55,390,399,-10,-1
1176,1761644809.776500,1761644809.768000,8.500,-18631.9,-310.53,391,400,-9,+0
1177,1761644810.775500,1761644810.769500,6.000,-18630.9,-310.51,390,400,-10,+0
1178,1761644811.777500,1761644811.772000,5.500,-18629.9,-310.50,391,400,-9,+0
1179,1761644812.779000,1761644812.770500,8.500,-18628.9,-310.48,392,399,-8,-1
1180,1761644813.779500,1761644813.771000,8.500,-18627.9,-310.46,391,397,-9,-3
1181,1761644814.777500,1761644814.771500,6.000,-18626.9,-310.45,393,400,-7,+0
1182,1761644815.778000,1761644815.774500,3.500,-18625.9,-310.43,390,399,-10,-1
1183,1761644816.777500,1761644816.772000,5.500,-18624.9,-310.41,392,399,-8,-1
1184,1761644817.779000,1761644817.773500,5.500,-18623.9,-310.40,391,399,-9,-1
1185,1761644818.781500,1761644818.773000,8.500,-18622.9,-310.38,389,399,-11,-1
1186,1761644819.779500,1761644819.774500,5.000,-18621.9,-310.36,392,399,-8,-1
1187,1761644820.781000,1761644820.772500,8.500,-18620.9,-310.35,390,400,-10,+0
1188,1761644821.783500,1761644821.772500,11.000,-18619.9,-310.33,392,401,-8,+1
1189,1761644822.783000,1761644822.775000,8.000,-18618.9,-310.31,389,400,-11,+0
1190,1761644823.783000,1761644823.777000,6.000,-18617.9,-310.30,392,399,-8,-1
1191,1761644824.780000,1761644824.776500,3.500,-18616.9,-310.28,391,399,-9,-1
1192,1761644825.780500,1761644825.774500,6.000,-18615.9,-310.26,391,400,-9,+0
1193,1761644826.781000,1761644826.776500,4.500,-18614.9,-310.25,390,399,-10,-1
1194,1761644827.780500,1761644827.775500,5.000,-18613.9,-310.23,393,401,-7,+1
1195,1761644828.784500,1761644828.778500,6.000,-18612.9,-310.21,391,399,-9,-1
1196,1761644829.785000,1761644829.779000,6.000,-18611.9,-310.20,390,399,-10,-1
1197,1761644830.783000,1761644830.777000,6.000,-18610.9,-310.18,389,399,-11,-1
1198,1761644831.783500,1761644831.776500,7.000,-18609.9,-310.16,390,400,-10,+0
1199,1761644832.785000,1761644832.777500,7.500,-18608.9,-310.15,389,399,-11,-1
1200,1761644833.784500,1761644833.778500,6.000,-18607.9,-310.13,391,398,-9,-2
1201,1761644834.782500,1761644834.779000,3.500,-18606.9,-310.11,390,400,-10,+0
1202,1761644835.786500,1761644835.780500,6.000,-18605.9,-310.10,391,399,-9,-1
1203,1761644836.786500,1761644836.778000,8.500,-18604.9,-310.08,391,401,-9,+1
1204,1761644837.785500,1761644837.780000,5.500,-18603.9,-310.06,393,400,-7,+0
1205,1761644838.781000,1761644838.781500,0.500,-18602.9,-310.05,391,399,-9,-1
1206,1761644839.782500,1761644839.779500,3.000,-18601.9,-310.03,392,400,-8,+0
1207,1761644840.785500,1761644840.780000,5.500,-18600.9,-310.01,391,400,-9,+0
1208,1761644841.786000,1761644841.779000,7.000,-18599.9,-310.00,391,400,-9,+0
1209,1761644842.785000,1761644842.778500,6.500,-18598.9,-309.98,390,400,-10,+0
1210,1761644843.788000,1761644843.779000,9.000,-18597.9,-309.96,388,400,-12,+0
1211,1761644844.786000,1761644844.779500,6.500,-18596.9,-309.95,391,400,-9,+0
1212,1761644845.791500,1761644845.782500,9.000,-18595.9,-309.93,388,400,-12,+0
1213,1761644846.787000,1761644846.783000,4.000,-18594.9,-309.91,392,400,-8,+0
1214,1761644847.789500,1761644847.782500,7.000,-18593.9,-309.90,391,400,-9,+0
1215,1761644848.789000,1761644848.782000,7.000,-18592.9,-309.88,392,400,-8,+0
1216,1761644849.788500,1761644849.781000,7.500,-18591.9,-309.86,392,400,-8,+0
1217,1761644850.786500,1761644850.781500,5.000,-18590.9,-309.85,391,401,-9,+1
1218,1761644851.787000,1761644851.783000,4.000,-18589.9,-309.83,391,400,-9,+0
1219,1761644852.788500,1761644852.782500,6.000,-18588.9,-309.81,391,400,-9,+0
1220,1761644853.789000,1761644853.783000,6.000,-18587.9,-309.80,391,400,-9,+0
1221,1761644854.787000,1761644854.783500,3.500,-18586.9,-309.78,391,399,-9,-1
1222,1761644855.790000,1761644855.785000,5.000,-18585.9,-309.76,389,400,-11,+0
1223,1761644856.789500,1761644856.784000,5.500,-18584.9,-309.75,389,401,-11,+1
1224,1761644857.791000,1761644857.787000,4.000,-18583.9,-309.73,389,399,-11,-1
1225,1761644858.791500,1761644858.785000,6.500,-18582.9,-309.71,390,400,-10,+0
1226,1761644859.792000,1761644859.785500,6.500,-18581.9,-309.70,390,400,-10,+0
1227,1761644860.792500,1761644860.786000,6.500,-18580.9,-309.68,388,400,-12,+0
1228,1761644861.793000,1761644861.786500,6.500,-18579.9,-309.66,391,400,-9,+0
1229,1761644862.792500,1761644862.786000,6.500,-18578.9,-309.65,391,399,-9,-1
1230,1761644863.793000,1761644863.786500,6.500,-18577.9,-309.63,390,401,-10,+1
1231,1761644864.791000,1761644864.788000,3.000,-18576.9,-309.61,390,400,-10,+0
1232,1761644865.794000,1761644865.788500,5.500,-18575.9,-309.60,390,400,-10,+0
1233,1761644866.794500,1761644866.787500,7.000,-18574.9,-309.58,393,399,-7,-1
1234,1761644867.796000,1761644867.789000,7.000,-18573.9,-309.56,390,401,-10,+1
1235,1761644868.794000,1761644868.792000,2.000,-18572.9,-309.55,391,400,-9,+0
1236,1761644869.797000,1761644869.790000,7.000,-18571.9,-309.53,390,400,-10,+0
1237,1761644870.796000,1761644870.791500,4.500,-18570.9,-309.51,392,400,-8,+0
1238,1761644871.797500,1761644871.790500,7.000,-18569.9,-309.50,391,399,-9,-1
1239,1761644872.795500,1761644872.791000,4.500,-18568.9,-309.48,391,399,-9,-1
1240,1761644873.793500,1761644873.790500,3.000,-18567.9,-309.46,391,400,-9,+0
1241,1761644874.797500,1761644874.791000,6.500,-18566.9,-309.45,391,400,-9,+0
1242,1761644875.794500,1761644875.791500,3.000,-18565.9,-309.43,392,400,-8,+0
1243,1761644876.795000,1761644876.792000,3.000,-18564.9,-309.41,392,400,-8,+0
1244,1761644877.796500,1761644877.792500,4.000,-18563.9,-309.40,392,400,-8,+0
1245,1761644878.797000,1761644878.792000,5.000,-18562.9,-309.38,393,400,-7,+0
1246,1761644879.799000,1761644879.793500,5.500,-18561.9,-309.36,390,401,-10,+1
1247,1761644880.799500,1761644880.795000,4.500,-18560.9,-309.35,391,400,-9,+0
1248,1761644881.800000,1761644881.795500,4.500,-18559.9,-309.33,391,399,-9,-1
1249,1761644882.799500,1761644882.794500,5.000,-18558.9,-309.31,390,399,-10,-1
1250,1761644883.800000,1761644883.795000,5.000,-18557.9,-309.30,392,400,-8,+0
1251,1761644884.799500,1761644884.795500,4.000,-18556.9,-309.28,391,401,-9,+1
1252,1761644885.800000,1761644885.798500,1.500,-18555.9,-309.26,392,400,-8,+0
1253,1761644886.800500,1761644886.800000,0.500,-18554.9,-309.25,392,399,-8,-1
1254,1761644887.803000,1761644887.798000,5.000,-18553.9,-309.23,390,400,-10,+0
1255,1761644888.804500,1761644888.798500,6.000,-18552.9,-309.21,392,399,-8,-1
1256,1761644889.804500,1761644889.796500,8.000,-18551.9,-309.20,390,400,-10,+0
1257,1761644890.802500,1761644890.797000,5.500,-18550.9,-309.18,392,400,-8,+0
1258,1761644891.803000,1761644891.797500,5.500,-18549.9,-309.16,390,401,-10,+1
1259,1761644892.803500,1761644892.801500,2.000,-18548.9,-309.15,394,399,-6,-1
1260,1761644893.804000,1761644893.802000,2.000,-18547.9,-309.13,391,399,-9,-1
1261,1761644894.803000,1761644894.800000,3.000,-18546.9,-309.11,391,398,-9,-2
1262,1761644895.808500,1761644895.799000,9.500,-18545.9,-309.10,391,400,-9,+0
1263,1761644896.804000,1761644896.798500,5.500,-18544.9,-309.08,392,400,-8,+0
1264,1761644897.806000,1761644897.799000,7.000,-18543.9,-309.06,392,401,-8,+1
1265,1761644898.810000,1761644898.803000,7.000,-18542.9,-309.05,389,400,-11,+0
1266,1761644899.802000,1761644899.801000,1.000,-18541.9,-309.03,391,400,-9,+0
1267,1761644900.805000,1761644900.801500,3.500,-18540.9,-309.01,393,400,-7,+0
1268,1761644901.804000,1761644901.802000,2.000,-18539.9,-309.00,394,400,-6,+0
1269,1761644902.806000,1761644902.802500,3.500,-18538.9,-308.98,390,400,-10,+0
1270,1761644903.806500,1761644903.802000,4.500,-18537.9,-308.96,392,400,-8,+0
1271,1761644904.806000,1761644904.802500,3.500,-18536.9,-308.95,390,401,-10,+1
1272,1761644905.805500,1761644905.803000,2.500,-18535.9,-308.93,390,400,-10,+0
1273,1761644906.808500,1761644906.803500,5.000,-18534.9,-308.91,391,400,-9,+0
1274,1761644907.807500,1761644907.804000,3.500,-18533.9,-308.90,389,400,-11,+0
1275,1761644908.808000,1761644908.803000,5.000,-18532.9,-308.88,391,400,-9,+0
1276,1761644909.807000,1761644909.803500,3.500,-18531.9,-308.86,392,400,-8,+0
1277,1761644910.809500,1761644910.804000,5.500,-18530.9,-308.85,390,398,-10,-2
1278,1761644911.807500,1761644911.803500,4.000,-18529.9,-308.83,390,400,-10,+0
1279,1761644912.806500,1761644912.804000,2.500,-18528.9,-308.81,394,400,-6,+0
1280,1761644913.809500,1761644913.805500,4.000,-18527.9,-308.80,390,399,-10,-1
1281,1761644914.810000,1761644914.806000,4.000,-18526.9,-308.78,390,399,-10,-1
1282,1761644915.810500,1761644915.805000,5.500,-18525.9,-308.76,392,400,-8,+0
1283,1761644916.811000,1761644916.805500,5.500,-18524.9,-308.75,391,400,-9,+0
1284,1761644917.811000,1761644917.805000,6.000,-18523.9,-308.73,390,400,-10,+0
1285,1761644918.813000,1761644918.805500,7.500,-18522.9,-308.71,391,400,-9,+0
1286,1761644919.813000,1761644919.807000,6.000,-18521.9,-308.70,391,401,-9,+1
1287,1761644920.813000,1761644920.807500,5.500,-18520.9,-308.68,392,400,-8,+0
1288,1761644921.816000,1761644921.808000,8.000,-18519.8,-308.66,390,400,-10,+0
1289,1761644922.814000,1761644922.807500,6.500,-18518.9,-308.65,391,400,-9,+0
1290,1761644923.815500,1761644923.808000,7.500,-18517.9,-308.63,391,400,-9,+0
1291,1761644924.813000,1761644924.807000,6.000,-18516.9,-308.61,391,400,-9,+0
1292,1761644925.817000,1761644925.807500,9.500,-18515.8,-308.60,392,400,-8,+0
1293,1761644926.816500,1761644926.808000,8.500,-18514.8,-308.58,391,401,-9,+1
1294,1761644927.818000,1761644927.810000,8.000,-18513.8,-308.56,392,399,-8,-1
1295,1761644928.817500,1761644928.809000,8.500,-18512.8,-308.55,390,400,-10,+0
1296,1761644929.814500,1761644929.810500,4.000,-18511.9,-308.53,392,400,-8,+0
1297,1761644930.816000,1761644930.810500,5.500,-18510.8,-308.51,392,401,-8,+1
1298,1761644931.815000,1761644931.812500,2.500,-18509.9,-308.50,390,400,-10,+0
1299,1761644932.815500,1761644932.813000,2.500,-18508.9,-308.48,392,400,-8,+0
1300,1761644933.816000,1761644933.812000,4.000,-18507.8,-308.46,391,399,-9,-1
1301,1761644934.815500,1761644934.812500,3.000,-18506.9,-308.45,391,400,-9,+0
1302,1761644935.817000,1761644935.813000,4.000,-18505.8,-308.43,391,400,-9,+0
1303,1761644936.817500,1761644936.811000,6.500,-18504.8,-308.41,393,400,-7,+0
1304,1761644937.818000,1761644937.815000,3.000,-18503.8,-308.40,390,400,-10,+0
1305,1761644938.818500,1761644938.815500,3.000,-18502.8,-308.38,391,398,-9,-2
1306,1761644939.815500,1761644939.814500,1.000,-18501.9,-308.36,391,400,-9,+0
1307,1761644940.818500,1761644940.815000,3.500,-18500.8,-308.35,392,399,-8,-1
1308,1761644941.820000,1761644941.815500,4.500,-18499.8,-308.33,390,399,-10,-1
1309,1761644942.819000,1761644942.815000,4.000,-18498.8,-308.31,391,400,-9,+0
1310,1761644943.823000,1761644943.814000,9.000,-18497.8,-308.30,391,401,-9,+1
1311,1761644944.823000,1761644944.818000,5.000,-18496.8,-308.28,391,400,-9,+0
1312,1761644945.820500,1761644945.816000,4.500,-18495.8,-308.26,392,400,-8,+0
1313,1761644946.822000,1761644946.815500,6.500,-18494.8,-308.25,390,399,-10,-1
1314,1761644947.822500,1761644947.817500,5.000,-18493.8,-308.23,391,399,-9,-1
1315,1761644948.823000,1761644948.816500,6.500,-18492.8,-308.21,390,400,-10,+0
1316,1761644949.821000,1761644949.817000,4.000,-18491.8,-308.20,395,400,-5,+0
1317,1761644950.818000,1761644950.816500,1.500,-18490.8,-308.18,394,400,-6,+0
1318,1761644951.822500,1761644951.816000,6.500,-18489.8,-308.16,394,401,-6,+1
1319,1761644952.823500,1761644952.819500,4.000,-18488.8,-308.15,395,400,-5,+0
1320,1761644953.823000,1761644953.819000,4.000,-18487.8,-308.13,395,400,-5,+0
1321,1761644954.822500,1761644954.819500,3.000,-18486.8,-308.11,389,400,-11,+0
1322,1761644955.824000,1761644955.819500,4.500,-18485.8,-308.10,393,400,-7,+0
1323,1761644956.823500,1761644956.818500,5.000,-18484.8,-308.08,391,401,-9,+1
1324,1761644957.826500,1761644957.821500,5.000,-18483.8,-308.06,391,400,-9,+0
1325,1761644958.825500,1761644958.820500,5.000,-18482.8,-308.05,394,400,-6,+0
1326,1761644959.826000,1761644959.821000,5.000,-18481.8,-308.03,392,400,-8,+0
1327,1761644960.827500,1761644960.821500,6.000,-18480.8,-308.01,393,400,-7,+0
1328,1761644961.828000,1761644961.822000,6.000,-18479.8,-308.00,390,401,-10,+1
1329,1761644962.830500,1761644962.824000,6.500,-18478.8,-307.98,391,399,-9,-1
1330,1761644963.833000,1761644963.824000,9.000,-18477.8,-307.96,391,399,-9,-1
1331,1761644964.828000,1761644964.822000,6.000,-18476.8,-307.95,390,400,-10,+0
1332,1761644965.826000,1761644965.823500,2.500,-18475.8,-307.93,392,401,-8,+1
1333,1761644966.826500,1761644966.826500,0.000,-18474.8,-307.91,394,399,-6,-1
1334,1761644967.826000,1761644967.829000,3.000,-18473.8,-307.90,395,399,-5,-1
1335,1761644968.829000,1761644968.825500,3.500,-18472.8,-307.88,390,400,-10,+0
1336,1761644969.829000,1761644969.827000,2.000,-18471.8,-307.86,391,399,-9,-1
1337,1761644970.831500,1761644970.825000,6.500,-18470.8,-307.85,392,399,-8,-1
1338,1761644971.833000,1761644971.825500,7.500,-18469.8,-307.83,391,400,-9,+0
1339,1761644972.831000,1761644972.825000,6.000,-18468.8,-307.81,389,399,-11,-1
1340,1761644973.831500,1761644973.825500,6.000,-18467.8,-307.80,390,400,-10,+0
1341,1761644974.829500,1761644974.826000,3.500,-18466.8,-307.78,389,399,-11,-1
1342,1761644975.830000,1761644975.829000,1.000,-18465.8,-307.76,390,398,-10,-2
1343,1761644976.832500,1761644976.827000,5.500,-18464.8,-307.75,391,400,-9,+0
1344,1761644977.833000,1761644977.827500,5.500,-18463.8,-307.73,390,399,-10,-1
1345,1761644978.831000,1761644978.828000,3.000,-18462.8,-307.71,391,400,-9,+0
1346,1761644979.832500,1761644979.828500,4.000,-18461.8,-307.70,392,401,-8,+1
1347,1761644980.833500,1761644980.830500,3.000,-18460.8,-307.68,391,400,-9,+0
1348,1761644981.832500,1761644981.830500,2.000,-18459.8,-307.66,391,399,-9,-1
1349,1761644982.834500,1761644982.830500,4.000,-18458.8,-307.65,392,400,-8,+0
1350,1761644983.835000,1761644983.830000,5.000,-18457.8,-307.63,391,400,-9,+0
1351,1761644984.834000,1761644984.829000,5.000,-18456.8,-307.61,392,401,-8,+1
1352,1761644985.835500,1761644985.832500,3.000,-18455.8,-307.60,390,400,-10,+0
1353,1761644986.835000,1761644986.832000,3.000,-18454.8,-307.58,392,400,-8,+0
1354,1761644987.839000,1761644987.832000,7.000,-18453.8,-307.56,392,400,-8,+0
1355,1761644988.840500,1761644988.835000,5.500,-18452.8,-307.55,389,399,-11,-1
1356,1761644989.837500,1761644989.832000,5.500,-18451.8,-307.53,392,400,-8,+0
1357,1761644990.839000,1761644990.832500,6.500,-18450.8,-307.51,393,399,-7,-1
1358,1761644991.840500,1761644991.830500,10.000,-18449.8,-307.50,394,401,-6,+1
1359,1761644992.839500,1761644992.835500,4.000,-18448.8,-307.48,391,400,-9,+0
1360,1761644993.840000,1761644993.835000,5.000,-18447.8,-307.46,391,400,-9,+0
1361,1761644994.840500,1761644994.834000,6.500,-18446.8,-307.45,393,400,-7,+0
1362,1761644995.840000,1761644995.833500,6.500,-18445.8,-307.43,392,400,-8,+0
1363,1761644996.838000,1761644996.834000,4.000,-18444.8,-307.41,391,400,-9,+0
1364,1761644997.837000,1761644997.837000,0.000,-18443.8,-307.40,392,398,-8,-2
1365,1761644998.836500,1761644998.835000,1.500,-18442.8,-307.38,393,401,-7,+1
1366,1761644999.839500,1761644999.835500,4.000,-18441.8,-307.36,391,400,-9,+0
1367,1761645000.840000,1761645000.839500,0.500,-18440.8,-307.35,390,398,-10,-2
1368,1761645001.843000,1761645001.836500,6.500,-18439.8,-307.33,388,399,-12,-1
1369,1761645002.842500,1761645002.839500,3.000,-18438.8,-307.31,391,400,-9,+0
1370,1761645003.840500,1761645003.840000,0.500,-18437.8,-307.30,392,399,-8,-1
1371,1761645004.842500,1761645004.838000,4.500,-18436.8,-307.28,393,400,-7,+0
1372,1761645005.843000,1761645005.839500,3.500,-18435.8,-307.26,390,400,-10,+0
1373,1761645006.843000,1761645006.839500,3.500,-18434.8,-307.25,392,401,-8,+1
1374,1761645007.844500,1761645007.842000,2.500,-18433.8,-307.23,389,400,-11,+0
1375,1761645008.846000,1761645008.840000,6.000,-18432.8,-307.21,390,400,-10,+0
1376,1761645009.845500,1761645009.842000,3.500,-18431.8,-307.20,391,400,-9,+0
1377,1761645010.847000,1761645010.841500,5.500,-18430.8,-307.18,389,399,-11,-1
1378,1761645011.846000,1761645011.843000,3.000,-18429.8,-307.16,391,400,-9,+0
1379,1761645012.849000,1761645012.843500,5.500,-18428.8,-307.15,390,400,-10,+0
1380,1761645013.849500,1761645013.844000,5.500,-18427.8,-307.13,390,400,-10,+0
1381,1761645014.847500,1761645014.843000,4.500,-18426.8,-307.11,391,399,-9,-1
1382,1761645015.849500,1761645015.843500,6.000,-18425.8,-307.10,390,400,-10,+0
1383,1761645016.850000,1761645016.843000,7.000,-18424.8,-307.08,390,400,-10,+0
1384,1761645017.850500,1761645017.844500,6.000,-18423.8,-307.06,392,400,-8,+0
1385,1761645018.851000,1761645018.844000,7.000,-18422.8,-307.05,391,401,-9,+1
1386,1761645019.849500,1761645019.847000,2.500,-18421.8,-307.03,392,400,-8,+0
1387,1761645020.850000,1761645020.845000,5.000,-18420.8,-307.01,390,399,-10,-1
1388,1761645021.851500,1761645021.845500,6.000,-18419.8,-307.00,393,399,-7,-1
1389,1761645022.853500,1761645022.845000,8.500,-18418.8,-306.98,392,401,-8,+1
1390,1761645023.853500,1761645023.849000,4.500,-18417.8,-306.96,393,400,-7,+0
1391,1761645024.855500,1761645024.848000,7.500,-18416.8,-306.95,388,400,-12,+0
1392,1761645025.858500,1761645025.849000,9.500,-18415.8,-306.93,389,400,-11,+0
1393,1761645026.856500,1761645026.847000,9.500,-18414.8,-306.91,389,399,-11,-1
1394,1761645027.855000,1761645027.847500,7.500,-18413.8,-306.90,391,400,-9,+0
1395,1761645028.855500,1761645028.847500,8.000,-18412.8,-306.88,390,401,-10,+1
1396,1761645029.858500,1761645029.849500,9.000,-18411.8,-306.86,390,400,-10,+0
1397,1761645030.853000,1761645030.850000,3.000,-18410.8,-306.85,393,400,-7,+0
1398,1761645031.855000,1761645031.850500,4.500,-18409.8,-306.83,392,400,-8,+0
1399,1761645032.854000,1761645032.851000,3.000,-18408.8,-306.81,390,401,-10,+1
1400,1761645033.853500,1761645033.851500,2.000,-18407.8,-306.80,390,399,-10,-1
1401,1761645034.856000,1761645034.851000,5.000,-18406.8,-306.78,393,400,-7,+0
1402,1761645035.855000,1761645035.852000,3.000,-18405.8,-306.76,394,400,-6,+0
1403,1761645036.859000,1761645036.853000,6.000,-18404.8,-306.75,390,400,-10,+0
1404,1761645037.858500,1761645037.852000,6.500,-18403.8,-306.73,391,399,-9,-1
1405,1761645038.860000,1761645038.856000,4.000,-18402.8,-306.71,390,400,-10,+0
1406,1761645039.858000,1761645039.855000,3.000,-18401.8,-306.70,393,400,-7,+0
1407,1761645040.862000,1761645040.855500,6.500,-18400.8,-306.68,389,400,-11,+0
1408,1761645041.861500,1761645041.853500,8.000,-18399.8,-306.66,391,400,-9,+0
1409,1761645042.862000,1761645042.854000,8.000,-18398.8,-306.65,395,401,-5,+1
1410,1761645043.859000,1761645043.857000,2.000,-18397.8,-306.63,393,400,-7,+0
1411,1761645044.863000,1761645044.858500,4.500,-18396.8,-306.61,393,400,-7,+0
1412,1761645045.861000,1761645045.856500,4.500,-18395.8,-306.60,392,400,-8,+0
1413,1761645046.864000,1761645046.858000,6.000,-18394.8,-306.58,391,399,-9,-1
1414,1761645047.866000,1761645047.857500,8.500,-18393.8,-306.56,389,400,-11,+0
1415,1761645048.866500,1761645048.855500,11.000,-18392.8,-306.55,389,400,-11,+0
1416,1761645049.867000,1761645049.858500,8.500,-18391.8,-306.53,391,399,-9,-1
1417,1761645050.866000,1761645050.860000,6.000,-18390.8,-306.51,391,399,-9,-1
1418,1761645051.865000,1761645051.860500,4.500,-18389.8,-306.50,392,401,-8,+1
1419,1761645052.866500,1761645052.861000,5.500,-18388.8,-306.48,391,400,-9,+0
1420,1761645053.867000,1761645053.862500,4.500,-18387.8,-306.46,393,400,-7,+0
1421,1761645054.867500,1761645054.860500,7.000,-18386.8,-306.45,392,400,-8,+0
1422,1761645055.869000,1761645055.862000,7.000,-18385.8,-306.43,390,400,-10,+0
1423,1761645056.871000,1761645056.860000,11.000,-18384.8,-306.41,391,400,-9,+0
1424,1761645057.871500,1761645057.860500,11.000,-18383.8,-306.40,391,401,-9,+1
1425,1761645058.869500,1761645058.863500,6.000,-18382.8,-306.38,391,399,-9,-1
1426,1761645059.869500,1761645059.864000,5.500,-18381.8,-306.36,391,398,-9,-2
1427,1761645060.869000,1761645060.863000,6.000,-18380.8,-306.35,391,398,-9,-2
1428,1761645061.868000,1761645061.862500,5.500,-18379.8,-306.33,391,399,-9,-1
1429,1761645062.870000,1761645062.864000,6.000,-18378.8,-306.31,391,401,-9,+1
1430,1761645063.871500,1761645063.867000,4.500,-18377.8,-306.30,391,400,-9,+0
1431,1761645064.871000,1761645064.867500,3.500,-18376.8,-306.28,392,400,-8,+0
1432,1761645065.870500,1761645065.867000,3.500,-18375.8,-306.26,392,400,-8,+0
1433,1761645066.871000,1761645066.867500,3.500,-18374.8,-306.25,391,399,-9,-1
1434,1761645067.870500,1761645067.865500,5.000,-18373.8,-306.23,390,400,-10,+0
1435,1761645068.872000,1761645068.866000,6.000,-18372.8,-306.21,393,400,-7,+0
1436,1761645069.874000,1761645069.866500,7.500,-18371.8,-306.20,393,400,-7,+0
1437,1761645070.871000,1761645070.864500,6.500,-18370.8,-306.18,394,399,-6,-1
1438,1761645071.871500,1761645071.867500,4.000,-18369.8,-306.16,392,398,-8,-2
1439,1761645072.873500,1761645072.868000,5.500,-18368.8,-306.15,391,400,-9,+0
1440,1761645073.871500,1761645073.868500,3.000,-18367.8,-306.13,391,400,-9,+0
1441,1761645074.877000,1761645074.866500,10.500,-18366.8,-306.11,390,399,-10,-1
1442,1761645075.872500,1761645075.868000,4.500,-18365.8,-306.10,392,400,-8,+0
1443,1761645076.876500,1761645076.867000,9.500,-18364.8,-306.08,391,401,-9,+1
1444,1761645077.877500,1761645077.870500,7.000,-18363.8,-306.06,391,400,-9,+0
1445,1761645078.876500,1761645078.869500,7.000,-18362.8,-306.05,392,399,-8,-1
1446,1761645079.875500,1761645079.869500,6.000,-18361.8,-306.03,392,400,-8,+0
1447,1761645080.877500,1761645080.871500,6.000,-18360.8,-306.01,392,398,-8,-2
1448,1761645081.878000,1761645081.870500,7.500,-18359.8,-306.00,388,399,-12,-1
1449,1761645082.878500,1761645082.870000,8.500,-18358.8,-305.98,390,401,-10,+1
1450,1761645083.878500,1761645083.873000,5.500,-18357.8,-305.96,391,400,-9,+0
1451,1761645084.882500,1761645084.873500,9.000,-18356.8,-305.95,390,398,-10,-2
1452,1761645085.876500,1761645085.871500,5.000,-18355.8,-305.93,390,400,-10,+0
1453,1761645086.879000,1761645086.873500,5.500,-18354.8,-305.91,390,400,-10,+0
1454,1761645087.876000,1761645087.871500,4.500,-18353.8,-305.90,392,401,-8,+1
1455,1761645088.881500,1761645088.874500,7.000,-18352.8,-305.88,391,400,-9,+0
1456,1761645089.877000,1761645089.874000,3.000,-18351.8,-305.86,391,398,-9,-2
1457,1761645090.879000,1761645090.874500,4.500,-18350.8,-305.85,390,400,-10,+0
1458,1761645091.880500,1761645091.874000,6.500,-18349.8,-305.83,391,400,-9,+0
1459,1761645092.880000,1761645092.875500,4.500,-18348.8,-305.81,391,399,-9,-1
1460,1761645093.883000,1761645093.877000,6.000,-18347.8,-305.80,389,399,-11,-1
1461,1761645094.882500,1761645094.876500,6.000,-18346.8,-305.78,391,400,-9,+0
1462,1761645095.880500,1761645095.877000,3.500,-18345.8,-305.76,389,400,-11,+0
1463,1761645096.882500,1761645096.877500,5.000,-18344.8,-305.75,389,400,-11,+0
1464,1761645097.883000,1761645097.877000,6.000,-18343.8,-305.73,390,401,-10,+1
1465,1761645098.883500,1761645098.878500,5.000,-18342.8,-305.71,390,400,-10,+0
1466,1761645099.885000,1761645099.880000,5.000,-18341.8,-305.70,390,399,-10,-1
1467,1761645100.885500,1761645100.878500,7.000,-18340.8,-305.68,389,400,-11,+0
1468,1761645101.887000,1761645101.880000,7.000,-18339.8,-305.66,389,400,-11,+0
1469,1761645102.886500,1761645102.878500,8.000,-18338.8,-305.65,389,400,-11,+0
1470,1761645103.884500,1761645103.880000,4.500,-18337.8,-305.63,390,401,-10,+1
1471,1761645104.886000,1761645104.881500,4.500,-18336.8,-305.61,391,399,-9,-1
1472,1761645105.885000,1761645105.880500,4.500,-18335.8,-305.60,391,399,-9,-1
1473,1761645106.889000,1761645106.882000,7.000,-18334.8,-305.58,389,400,-11,+0
1474,1761645107.889500,1761645107.880500,9.000,-18333.8,-305.56,392,400,-8,+0
1475,1761645108.886500,1761645108.880500,6.000,-18332.8,-305.55,391,400,-9,+0
1476,1761645109.884500,1761645109.882000,2.500,-18331.8,-305.53,391,401,-9,+1
1477,1761645110.887000,1761645110.885000,2.000,-18330.8,-305.51,391,400,-9,+0
1478,1761645111.888500,1761645111.883000,5.500,-18329.8,-305.50,389,400,-11,+0
1479,1761645112.887500,1761645112.884500,3.000,-18328.8,-305.48,392,399,-8,-1
1480,1761645113.888000,1761645113.885000,3.000,-18327.8,-305.46,391,400,-9,+0
1481,1761645114.888500,1761645114.884000,4.500,-18326.8,-305.45,393,400,-7,+0
1482,1761645115.888000,1761645115.885000,3.000,-18325.8,-305.43,391,400,-9,+0
1483,1761645116.889500,1761645116.887000,2.500,-18324.8,-305.41,392,400,-8,+0
1484,1761645117.888500,1761645117.886500,2.000,-18323.8,-305.40,392,400,-8,+0
1485,1761645118.891500,1761645118.885500,6.000,-18322.8,-305.38,393,400,-7,+0
1486,1761645119.889500,1761645119.884500,5.000,-18321.8,-305.36,392,400,-8,+0
1487,1761645120.890000,1761645120.885500,4.500,-18320.8,-305.35,391,400,-9,+0
1488,1761645121.890500,1761645121.885000,5.500,-18319.8,-305.33,390,400,-10,+0
1489,1761645122.892000,1761645122.885500,6.500,-18318.8,-305.31,390,400,-10,+0
1490,1761645123.890000,1761645123.887500,2.500,-18317.8,-305.30,390,400,-10,+0
1491,1761645124.893000,1761645124.888000,5.000,-18316.8,-305.28,390,400,-10,+0
1492,1761645125.893500,1761645125.887500,6.000,-18315.8,-305.26,392,400,-8,+0
1493,1761645126.894000,1761645126.888000,6.000,-18314.8,-305.25,389,400,-11,+0
1494,1761645127.892000,1761645127.887500,4.500,-18313.8,-305.23,391,401,-9,+1
1495,1761645128.893500,1761645128.890500,3.000,-18312.8,-305.21,391,400,-9,+0
1496,1761645129.895000,1761645129.891000,4.000,-18311.8,-305.20,391,400,-9,+0
1497,1761645130.894500,1761645130.890000,4.500,-18310.8,-305.18,392,400,-8,+0
1498,1761645131.898000,1761645131.890000,8.000,-18309.8,-305.16,391,399,-9,-1
1499,1761645132.893000,1761645132.889500,3.500,-18308.8,-305.15,392,399,-8,-1
1500,1761645133.895500,1761645133.890000,5.500,-18307.8,-305.13,390,400,-10,+0
1501,1761645134.893500,1761645134.890500,3.000,-18306.8,-305.11,392,400,-8,+0
1502,1761645135.896000,1761645135.893500,2.500,-18305.8,-305.10,392,400,-8,+0
1503,1761645136.895000,1761645136.894000,1.000,-18304.8,-305.08,389,400,-11,+0
1504,1761645137.895000,1761645137.892000,3.000,-18303.8,-305.06,393,400,-7,+0
1505,1761645138.899000,1761645138.893500,5.500,-18302.8,-305.05,394,400,-6,+0
1506,1761645139.897000,1761645139.893000,4.000,-18301.8,-305.03,390,400,-10,+0
1507,1761645140.896500,1761645140.893000,3.500,-18300.8,-305.01,392,400,-8,+0
1508,1761645141.898000,1761645141.894500,3.500,-18299.8,-305.00,392,400,-8,+0
1509,1761645142.897500,1761645142.894500,3.000,-18298.8,-304.98,392,400,-8,+0
1510,1761645143.900500,1761645143.895500,5.000,-18297.8,-304.96,390,398,-10,-2
1511,1761645144.899500,1761645144.894500,5.000,-18296.8,-304.95,391,400,-9,+0
1512,1761645145.900000,1761645145.894500,5.500,-18295.8,-304.93,391,400,-9,+0
1513,1761645146.900500,1761645146.894500,6.000,-18294.8,-304.91,391,398,-9,-2
1514,1761645147.902000,1761645147.897500,4.500,-18293.8,-304.90,390,400,-10,+0
1515,1761645148.898500,1761645148.898000,0.500,-18292.8,-304.88,391,400,-9,+0
1516,1761645149.899000,1761645149.897000,2.000,-18291.8,-304.86,392,400,-8,+0
1517,1761645150.903000,1761645150.896500,6.500,-18290.8,-304.85,390,400,-10,+0
1518,1761645151.903500,1761645151.897000,6.500,-18289.8,-304.83,391,401,-9,+1
1519,1761645152.904000,1761645152.900000,4.000,-18288.8,-304.81,389,400,-11,+0
1520,1761645153.904500,1761645153.898000,6.500,-18287.8,-304.80,389,400,-11,+0
1521,1761645154.905000,1761645154.897500,7.500,-18286.8,-304.78,390,399,-10,-1
1522,1761645155.905500,1761645155.898000,7.500,-18285.8,-304.76,389,400,-11,+0
1523,1761645156.907000,1761645156.900000,7.000,-18284.8,-304.75,391,400,-9,+0
1524,1761645157.904500,1761645157.899000,5.500,-18283.8,-304.73,392,401,-8,+1
1525,1761645158.908500,1761645158.900500,8.000,-18282.8,-304.71,391,399,-9,-1
1526,1761645159.908500,1761645159.900500,8.000,-18281.8,-304.70,390,400,-10,+0
1527,1761645160.910000,1761645160.902000,8.000,-18280.8,-304.68,391,401,-9,+1
1528,1761645161.910500,1761645161.905000,5.500,-18279.8,-304.66,393,400,-7,+0
1529,1761645162.912000,1761645162.904000,8.000,-18278.8,-304.65,392,400,-8,+0
1530,1761645163.909000,1761645163.904500,4.500,-18277.8,-304.63,391,401,-9,+1
1531,1761645164.908500,1761645164.906500,2.000,-18276.8,-304.61,391,399,-9,-1
1532,1761645165.909000,1761645165.907000,2.000,-18275.8,-304.60,392,399,-8,-1
1533,1761645166.909500,1761645166.906000,3.500,-18274.8,-304.58,389,399,-11,-1
1534,1761645167.909000,1761645167.906000,3.000,-18273.8,-304.56,393,400,-7,+0
1535,1761645168.908000,1761645168.906000,2.000,-18272.8,-304.55,390,398,-10,-2
1536,1761645169.912000,1761645169.906500,5.500,-18271.8,-304.53,390,400,-10,+0
1537,1761645170.913500,1761645170.908000,5.500,-18270.8,-304.51,390,397,-10,-3
1538,1761645171.911500,1761645171.909500,2.000,-18269.8,-304.50,391,400,-9,+0
1539,1761645172.912000,1761645172.907500,4.500,-18268.8,-304.48,391,399,-9,-1
1540,1761645173.912500,1761645173.907500,5.000,-18267.8,-304.46,391,399,-9,-1
1541,1761645174.913000,1761645174.908500,4.500,-18266.8,-304.45,392,400,-8,+0
1542,1761645175.912500,1761645175.907000,5.500,-18265.8,-304.43,393,400,-7,+0
1543,1761645176.915500,1761645176.907000,8.500,-18264.8,-304.41,392,400,-8,+0
1544,1761645177.913000,1761645177.907500,5.500,-18263.8,-304.40,393,401,-7,+1
1545,1761645178.914500,1761645178.911500,3.000,-18262.8,-304.38,396,400,-4,+0
1546,1761645179.913000,1761645179.911000,2.000,-18261.8,-304.36,394,399,-6,-1
1547,1761645180.917500,1761645180.909500,8.000,-18260.7,-304.35,394,400,-6,+0
1548,1761645181.914500,1761645181.911500,3.000,-18259.8,-304.33,394,400,-6,+0
1549,1761645182.916000,1761645182.910500,5.500,-18258.7,-304.31,393,400,-7,+0
1550,1761645183.918500,1761645183.911000,7.500,-18257.7,-304.30,390,401,-10,+1
1551,1761645184.915500,1761645184.914000,1.500,-18256.8,-304.28,393,399,-7,-1
1552,1761645185.918500,1761645185.911000,7.500,-18255.7,-304.26,391,400,-9,+0
1553,1761645186.919000,1761645186.914000,5.000,-18254.7,-304.25,391,400,-9,+0
1554,1761645187.923000,1761645187.913500,9.500,-18253.7,-304.23,390,400,-10,+0
1555,1761645188.921000,1761645188.913000,8.000,-18252.7,-304.21,392,401,-8,+1
1556,1761645189.920000,1761645189.916000,4.000,-18251.7,-304.20,390,399,-10,-1
1557,1761645190.921500,1761645190.914500,7.000,-18250.7,-304.18,391,399,-9,-1
1558,1761645191.922000,1761645191.916500,5.500,-18249.7,-304.16,391,399,-9,-1
1559,1761645192.924500,1761645192.914500,10.000,-18248.7,-304.15,390,399,-10,-1
1560,1761645193.922000,1761645193.915000,7.000,-18247.7,-304.13,390,400,-10,+0
1561,1761645194.925500,1761645194.915500,10.000,-18246.7,-304.11,391,399,-9,-1
1562,1761645195.922000,1761645195.916000,6.000,-18245.7,-304.10,389,399,-11,-1
1563,1761645196.921000,1761645196.917500,3.500,-18244.7,-304.08,391,400,-9,+0
1564,1761645197.920000,1761645197.917000,3.000,-18243.7,-304.06,393,400,-7,+0
1565,1761645198.919500,1761645198.916000,3.500,-18242.7,-304.05,393,400,-7,+0
1566,1761645199.920500,1761645199.916500,4.000,-18241.7,-304.03,392,400,-8,+0
1567,1761645200.919000,1761645200.918000,1.000,-18240.7,-304.01,392,400,-8,+0
1568,1761645201.922000,1761645201.916000,6.000,-18239.7,-304.00,389,400,-11,+0
1569,1761645202.920000,1761645202.919000,1.000,-18238.7,-303.98,391,400,-9,+0
1570,1761645203.923000,1761645203.919500,3.500,-18237.7,-303.96,390,399,-10,-1
1571,1761645204.923500,1761645204.920000,3.500,-18236.7,-303.95,391,400,-9,+0
1572,1761645205.927500,1761645205.919000,8.500,-18235.7,-303.93,392,400,-8,+0
1573,1761645206.928000,1761645206.919500,8.500,-18234.7,-303.91,391,400,-9,+0
1574,1761645207.924500,1761645207.922500,2.000,-18233.7,-303.90,394,400,-6,+0
1575,1761645208.927000,1761645208.920500,6.500,-18232.7,-303.88,390,400,-10,+0
1576,1761645209.926000,1761645209.921500,4.500,-18231.7,-303.86,391,400,-9,+0
1577,1761645210.925000,1761645210.920500,4.500,-18230.7,-303.85,393,399,-7,-1
1578,1761645211.927000,1761645211.921000,6.000,-18229.7,-303.83,392,399,-8,-1
1579,1761645212.927500,1761645212.924000,3.500,-18228.7,-303.81,392,399,-8,-1
1580,1761645213.929000,1761645213.922000,7.000,-18227.7,-303.80,391,401,-9,+1
1581,1761645214.932000,1761645214.923500,8.500,-18226.7,-303.78,391,399,-9,-1
1582,1761645215.929500,1761645215.924000,5.500,-18225.7,-303.76,392,400,-8,+0
1583,1761645216.934500,1761645216.922000,12.500,-18224.7,-303.75,390,400,-10,+0
1584,1761645217.929000,1761645217.922500,6.500,-18223.7,-303.73,394,400,-6,+0
1585,1761645218.929500,1761645218.923000,6.500,-18222.7,-303.71,393,400,-7,+0
1586,1761645219.930000,1761645219.924500,5.500,-18221.7,-303.70,392,400,-8,+0
1587,1761645220.929500,1761645220.923500,6.000,-18220.7,-303.68,391,399,-9,-1
1588,1761645221.930000,1761645221.924000,6.000,-18219.7,-303.66,391,399,-9,-1
1589,1761645222.929000,1761645222.923000,6.000,-18218.7,-303.65,392,400,-8,+0
1590,1761645223.933000,1761645223.922000,11.000,-18217.7,-303.63,389,400,-11,+0
1591,1761645224.933500,1761645224.925000,8.500,-18216.7,-303.61,390,400,-10,+0
1592,1761645225.935000,1761645225.928000,7.000,-18215.7,-303.60,391,399,-9,-1
1593,1761645226.933000,1761645226.928500,4.500,-18214.7,-303.58,391,400,-9,+0
1594,1761645227.930000,1761645227.928000,2.000,-18213.7,-303.56,391,400,-9,+0
1595,1761645228.933000,1761645228.928500,4.500,-18212.7,-303.55,389,399,-11,-1
1596,1761645229.931000,1761645229.927500,3.500,-18211.7,-303.53,391,401,-9,+1
1597,1761645230.937500,1761645230.931500,6.000,-18210.7,-303.51,391,400,-9,+0
1598,1761645231.934500,1761645231.929000,5.500,-18209.7,-303.50,390,400,-10,+0
1599,1761645232.936000,1761645232.929500,6.500,-18208.7,-303.48,392,399,-8,-1
1600,1761645233.940000,1761645233.929000,11.000,-18207.7,-303.46,390,400,-10,+0
1601,1761645234.939500,1761645234.931500,8.000,-18206.7,-303.45,391,399,-9,-1
1602,1761645235.937500,1761645235.929500,8.000,-18205.7,-303.43,391,401,-9,+1
1603,1761645236.937500,1761645236.934000,3.500,-18204.7,-303.41,391,398,-9,-2
1604,1761645237.940500,1761645237.933500,7.000,-18203.7,-303.40,391,400,-9,+0
1605,1761645238.938500,1761645238.932500,6.000,-18202.7,-303.38,390,397,-10,-3
1606,1761645239.939000,1761645239.933000,6.000,-18201.7,-303.36,392,398,-8,-2
1607,1761645240.940500,1761645240.931000,9.500,-18200.7,-303.35,389,400,-11,+0
1608,1761645241.939500,1761645241.935500,4.000,-18199.7,-303.33,392,400,-8,+0
1609,1761645242.941000,1761645242.935500,5.500,-18198.7,-303.31,393,399,-7,-1
1610,1761645243.941000,1761645243.934000,7.000,-18197.7,-303.30,391,400,-9,+0
1611,1761645244.942500,1761645244.935500,7.000,-18196.7,-303.28,391,399,-9,-1
1612,1761645245.942000,1761645245.936000,6.000,-18195.7,-303.26,391,399,-9,-1
1613,1761645246.946000,1761645246.937500,8.500,-18194.7,-303.25,390,400,-10,+0
1614,1761645247.944000,1761645247.937500,6.500,-18193.7,-303.23,389,400,-11,+0
1615,1761645248.944500,1761645248.936500,8.000,-18192.7,-303.21,389,400,-11,+0
1616,1761645249.946000,1761645249.937500,8.500,-18191.7,-303.20,392,399,-8,-1
1617,1761645250.946000,1761645250.937500,8.500,-18190.7,-303.18,388,400,-12,+0
1618,1761645251.945000,1761645251.937000,8.000,-18189.7,-303.16,391,399,-9,-1
1619,1761645252.946500,1761645252.938500,8.000,-18188.7,-303.15,392,400,-8,+0
1620,1761645253.945500,1761645253.939000,6.500,-18187.7,-303.13,391,400,-9,+0
1621,1761645254.949500,1761645254.939000,10.500,-18186.7,-303.11,391,400,-9,+0
1622,1761645255.945000,1761645255.938500,6.500,-18185.7,-303.10,391,400,-9,+0
1623,1761645256.945500,1761645256.939500,6.000,-18184.7,-303.08,390,400,-10,+0
1624,1761645257.946000,1761645257.938500,7.500,-18183.7,-303.06,390,401,-10,+1
1625,1761645258.946500,1761645258.941500,5.000,-18182.7,-303.05,392,400,-8,+0
1626,1761645259.946000,1761645259.942000,4.000,-18181.7,-303.03,392,400,-8,+0
1627,1761645260.945000,1761645260.942500,2.500,-18180.7,-303.01,393,400,-7,+0
1628,1761645261.947000,1761645261.940500,6.500,-18179.7,-303.00,390,400,-10,+0
1629,1761645262.948500,1761645262.940000,8.500,-18178.7,-302.98,391,399,-9,-1
1630,1761645263.945500,1761645263.942500,3.000,-18177.7,-302.96,391,400,-9,+0
1631,1761645264.949500,1761645264.942500,7.000,-18176.7,-302.95,393,400,-7,+0
1632,1761645265.947500,1761645265.942500,5.000,-18175.7,-302.93,390,400,-10,+0
1633,1761645266.948000,1761645266.942500,5.500,-18174.7,-302.91,391,400,-9,+0
1634,1761645267.949500,1761645267.944500,5.000,-18173.7,-302.90,392,400,-8,+0
1635,1761645268.949000,1761645268.943500,5.500,-18172.7,-302.88,392,399,-8,-1
1636,1761645269.951500,1761645269.943500,8.000,-18171.7,-302.86,391,400,-9,+0
1637,1761645270.949500,1761645270.942500,7.000,-18170.7,-302.85,393,401,-7,+1
1638,1761645271.951000,1761645271.945500,5.500,-18169.7,-302.83,391,400,-9,+0
1639,1761645272.951500,1761645272.946000,5.500,-18168.7,-302.81,390,399,-10,-1
1640,1761645273.953000,1761645273.945500,7.500,-18167.7,-302.80,388,400,-12,+0
1641,1761645274.953500,1761645274.945500,8.000,-18166.7,-302.78,391,400,-9,+0
1642,1761645275.952500,1761645275.944500,8.000,-18165.7,-302.76,394,400,-6,+0
1643,1761645276.950500,1761645276.947500,3.000,-18164.7,-302.75,391,400,-9,+0
1644,1761645277.954500,1761645277.949000,5.500,-18163.7,-302.73,390,400,-10,+0
1645,1761645278.956000,1761645278.947000,9.000,-18162.7,-302.71,390,400,-10,+0
1646,1761645279.953500,1761645279.948500,5.000,-18161.7,-302.70,392,400,-8,+0
1647,1761645280.951500,1761645280.948000,3.500,-18160.7,-302.68,391,400,-9,+0
1648,1761645281.954500,1761645281.951500,3.000,-18159.7,-302.66,391,400,-9,+0
1649,1761645282.955000,1761645282.951000,4.000,-18158.7,-302.65,390,400,-10,+0
1650,1761645283.954500,1761645283.949000,5.500,-18157.7,-302.63,392,400,-8,+0
1651,1761645284.957500,1761645284.949500,8.000,-18156.7,-302.61,393,400,-7,+0
1652,1761645285.959000,1761645285.949000,10.000,-18155.7,-302.60,389,400,-11,+0
1653,1761645286.956000,1761645286.948500,7.500,-18154.7,-302.58,391,401,-9,+1
1654,1761645287.957500,1761645287.952500,5.000,-18153.7,-302.56,391,400,-9,+0
1655,1761645288.958000,1761645288.952000,6.000,-18152.7,-302.55,389,400,-11,+0
1656,1761645289.957000,1761645289.951500,5.500,-18151.7,-302.53,392,399,-8,-1
1657,1761645290.958500,1761645290.953000,5.500,-18150.7,-302.51,389,400,-11,+0
1658,1761645291.956500,1761645291.953500,3.000,-18149.7,-302.50,390,400,-10,+0
1659,1761645292.959000,1761645292.951500,7.500,-18148.7,-302.48,391,400,-9,+0
1660,1761645293.958000,1761645293.951000,7.000,-18147.7,-302.46,391,400,-9,+0
1661,1761645294.958500,1761645294.953000,5.500,-18146.7,-302.45,392,400,-8,+0
1662,1761645295.958000,1761645295.955500,2.500,-18145.7,-302.43,392,400,-8,+0
1663,1761645296.958500,1761645296.953000,5.500,-18144.7,-302.41,391,400,-9,+0
1664,1761645297.962500,1761645297.955500,7.000,-18143.7,-302.40,392,400,-8,+0
1665,1761645298.959500,1761645298.953500,6.000,-18142.7,-302.38,391,400,-9,+0
1666,1761645299.963500,1761645299.953000,10.500,-18141.7,-302.36,391,397,-9,-3
1667,1761645300.965000,1761645300.953500,11.500,-18140.7,-302.35,390,401,-10,+1
1668,1761645301.962000,1761645301.956000,6.000,-18139.7,-302.33,391,400,-9,+0
1669,1761645302.961500,1761645302.956500,5.000,-18138.7,-302.31,389,400,-11,+0
1670,1761645303.960500,1761645303.959500,1.000,-18137.7,-302.30,393,398,-7,-2
1671,1761645304.961000,1761645304.957500,3.500,-18136.7,-302.28,391,400,-9,+0
1672,1761645305.961500,1761645305.957000,4.500,-18135.7,-302.26,391,399,-9,-1
1673,1761645306.962000,1761645306.956500,5.500,-18134.7,-302.25,391,400,-9,+0
1674,1761645307.963500,1761645307.957000,6.500,-18133.7,-302.23,391,401,-9,+1
1675,1761645308.961500,1761645308.959000,2.500,-18132.7,-302.21,392,400,-8,+0
1676,1761645309.965500,1761645309.959500,6.000,-18131.7,-302.20,390,400,-10,+0
1677,1761645310.963500,1761645310.959000,4.500,-18130.7,-302.18,389,400,-11,+0
1678,1761645311.963500,1761645311.959000,4.500,-18129.7,-302.16,391,400,-9,+0
1679,1761645312.965000,1761645312.958000,7.000,-18128.7,-302.15,391,399,-9,-1
1680,1761645313.962000,1761645313.958500,3.500,-18127.7,-302.13,389,398,-11,-2
1681,1761645314.963500,1761645314.957500,6.000,-18126.7,-302.11,392,399,-8,-1
1682,1761645315.964000,1761645315.958000,6.000,-18125.7,-302.10,391,400,-9,+0
1683,1761645316.964500,1761645316.957500,7.000,-18124.7,-302.08,391,401,-9,+1
1684,1761645317.962500,1761645317.960500,2.000,-18123.7,-302.06,393,399,-7,-1
1685,1761645318.966500,1761645318.961000,5.500,-18122.7,-302.04,392,400,-8,+0
1686,1761645319.969500,1761645319.961500,8.000,-18121.7,-302.03,389,400,-11,+0
1687,1761645320.967500,1761645320.962000,5.500,-18120.7,-302.01,390,400,-10,+0
1688,1761645321.970500,1761645321.960000,10.500,-18119.7,-301.99,389,400,-11,+0
1689,1761645322.967000,1761645322.961000,6.000,-18118.7,-301.98,391,400,-9,+0
1690,1761645323.968500,1761645323.962500,6.000,-18117.7,-301.96,389,400,-11,+0
1691,1761645324.969000,1761645324.963000,6.000,-18116.7,-301.94,390,399,-10,-1
1692,1761645325.967000,1761645325.964000,3.000,-18115.7,-301.93,392,398,-8,-2
1693,1761645326.969000,1761645326.963500,5.500,-18114.7,-301.91,389,399,-11,-1
1694,1761645327.969000,1761645327.962500,6.500,-18113.7,-301.89,392,400,-8,+0
1695,1761645328.965500,1761645328.962500,3.000,-18112.7,-301.88,392,401,-8,+1
1696,1761645329.968500,1761645329.965500,3.000,-18111.7,-301.86,389,400,-11,+0
1697,1761645330.967500,1761645330.966500,1.000,-18110.7,-301.84,391,398,-9,-2
1698,1761645331.968000,1761645331.964500,3.500,-18109.7,-301.83,389,400,-11,+0
1699,1761645332.967500,1761645332.965000,2.500,-18108.7,-301.81,390,397,-10,-3
1700,1761645333.970500,1761645333.964500,6.000,-18107.7,-301.79,389,399,-11,-1
1701,1761645334.971000,1761645334.965000,6.000,-18106.7,-301.78,390,400,-10,+0
1702,1761645335.970500,1761645335.964500,6.000,-18105.7,-301.76,392,401,-8,+1
1703,1761645336.972000,1761645336.967500,4.500,-18104.7,-301.74,390,400,-10,+0
1704,1761645337.971500,1761645337.968000,3.500,-18103.7,-301.73,391,400,-9,+0
1705,1761645338.971500,1761645338.966000,5.500,-18102.7,-301.71,391,399,-9,-1
1706,1761645339.972000,1761645339.968500,3.500,-18101.7,-301.69,390,400,-10,+0
1707,1761645340.972500,1761645340.968000,4.500,-18100.7,-301.68,391,399,-9,-1
1708,1761645341.974000,1761645341.967500,6.500,-18099.7,-301.66,389,400,-11,+0
1709,1761645342.973500,1761645342.970500,3.000,-18098.7,-301.64,390,400,-10,+0
1710,1761645343.975000,1761645343.970500,4.500,-18097.7,-301.63,390,400,-10,+0
1711,1761645344.973000,1761645344.968500,4.500,-18096.7,-301.61,391,400,-9,+0
1712,1761645345.976000,1761645345.969000,7.000,-18095.7,-301.59,390,400,-10,+0
1713,1761645346.975500,1761645346.969500,6.000,-18094.7,-301.58,392,400,-8,+0
1714,1761645347.976000,1761645347.970000,6.000,-18093.7,-301.56,391,401,-9,+1
1715,1761645348.977000,1761645348.971000,6.000,-18092.7,-301.54,391,400,-9,+0
1716,1761645349.975000,1761645349.971500,3.500,-18091.7,-301.53,392,399,-8,-1
1717,1761645350.980500,1761645350.973000,7.500,-18090.7,-301.51,391,400,-9,+0
1718,1761645351.978500,1761645351.971000,7.500,-18089.7,-301.49,391,400,-9,+0
1719,1761645352.979000,1761645352.971500,7.500,-18088.7,-301.48,393,398,-7,-2
1720,1761645353.982000,1761645353.973000,9.000,-18087.7,-301.46,391,401,-9,+1
1721,1761645354.977500,1761645354.973500,4.000,-18086.7,-301.44,391,399,-9,-1
1722,1761645355.980500,1761645355.972500,8.000,-18085.7,-301.43,392,400,-8,+0
1723,1761645356.976000,1761645356.973000,3.000,-18084.7,-301.41,392,400,-8,+0
1724,1761645357.977500,1761645357.973500,4.000,-18083.7,-301.39,391,400,-9,+0
1725,1761645358.976500,1761645358.973000,3.500,-18082.7,-301.38,391,400,-9,+0
1726,1761645359.979000,1761645359.973500,5.500,-18081.7,-301.36,391,400,-9,+0
1727,1761645360.979000,1761645360.974000,5.000,-18080.7,-301.34,392,401,-8,+1
1728,1761645361.979500,1761645361.976500,3.000,-18079.7,-301.33,391,400,-9,+0
1729,1761645362.978500,1761645362.975500,3.000,-18078.7,-301.31,391,400,-9,+0
1730,1761645363.979500,1761645363.975500,4.000,-18077.7,-301.29,390,399,-10,-1
1731,1761645364.980500,1761645364.975000,5.500,-18076.7,-301.28,390,400,-10,+0
1732,1761645365.979500,1761645365.977500,2.000,-18075.7,-301.26,391,400,-9,+0
1733,1761645366.980000,1761645366.976500,3.500,-18074.7,-301.24,392,400,-8,+0
1734,1761645367.983000,1761645367.977000,6.000,-18073.7,-301.23,390,400,-10,+0
1735,1761645368.982000,1761645368.977500,4.500,-18072.7,-301.21,391,400,-9,+0
1736,1761645369.980000,1761645369.975500,4.500,-18071.7,-301.19,391,401,-9,+1
1737,1761645370.982000,1761645370.978500,3.500,-18070.7,-301.18,391,400,-9,+0
1738,1761645371.983500,1761645371.979000,4.500,-18069.7,-301.16,391,400,-9,+0
1739,1761645372.981500,1761645372.978000,3.500,-18068.7,-301.14,391,400,-9,+0
1740,1761645373.981500,1761645373.978500,3.000,-18067.7,-301.13,392,400,-8,+0
1741,1761645374.981500,1761645374.977500,4.000,-18066.7,-301.11,392,400,-8,+0
1742,1761645375.985500,1761645375.978000,7.500,-18065.7,-301.09,392,400,-8,+0
1743,1761645376.984500,1761645376.982000,2.500,-18064.7,-301.08,392,399,-8,-1
1744,1761645377.985500,1761645377.985000,0.500,-18063.7,-301.06,392,397,-8,-3
1745,1761645378.988000,1761645378.979000,9.000,-18062.7,-301.04,390,400,-10,+0
1746,1761645379.986000,1761645379.979500,6.500,-18061.7,-301.03,392,399,-8,-1
1747,1761645380.989000,1761645380.980000,9.000,-18060.7,-301.01,391,399,-9,-1
1748,1761645381.988500,1761645381.981500,7.000,-18059.7,-300.99,394,401,-6,+1
1749,1761645382.991000,1761645382.983000,8.000,-18058.7,-300.98,391,400,-9,+0
1750,1761645383.988000,1761645383.984000,4.000,-18057.7,-300.96,393,399,-7,-1
1751,1761645384.994500,1761645384.984000,10.500,-18056.7,-300.94,390,400,-10,+0
1752,1761645385.988000,1761645385.986000,2.000,-18055.7,-300.93,392,400,-8,+0
1753,1761645386.990000,1761645386.984000,6.000,-18054.7,-300.91,390,400,-10,+0
1754,1761645387.989000,1761645387.984500,4.500,-18053.7,-300.89,392,400,-8,+0
1755,1761645388.987000,1761645388.986000,1.000,-18052.7,-300.88,394,400,-6,+0
1756,1761645389.991000,1761645389.984500,6.500,-18051.7,-300.86,390,400,-10,+0
1757,1761645390.990000,1761645390.985000,5.000,-18050.7,-300.84,391,400,-9,+0
1758,1761645391.990500,1761645391.985500,5.000,-18049.7,-300.83,389,401,-11,+1
1759,1761645392.991000,1761645392.986000,5.000,-18048.7,-300.81,390,400,-10,+0
1760,1761645393.989000,1761645393.988500,0.500,-18047.7,-300.79,391,399,-9,-1
1761,1761645394.988500,1761645394.987000,1.500,-18046.7,-300.78,391,400,-9,+0
1762,1761645395.991500,1761645395.987500,4.000,-18045.7,-300.76,388,400,-12,+0
1763,1761645396.990500,1761645396.987000,3.500,-18044.7,-300.74,390,400,-10,+0
1764,1761645397.992000,1761645397.988500,3.500,-18043.7,-300.73,391,399,-9,-1
1765,1761645398.992000,1761645398.988000,4.000,-18042.7,-300.71,391,400,-9,+0
1766,1761645399.993500,1761645399.986000,7.500,-18041.7,-300.69,391,400,-9,+0
1767,1761645400.992500,1761645400.989000,3.500,-18040.7,-300.68,391,400,-9,+0
1768,1761645401.993000,1761645401.988500,4.500,-18039.7,-300.66,389,398,-11,-2
1769,1761645402.993500,1761645402.989000,4.500,-18038.7,-300.64,388,399,-12,-1
1770,1761645403.996500,1761645403.988500,8.000,-18037.7,-300.63,393,400,-7,+0
1771,1761645404.997000,1761645404.990000,7.000,-18036.7,-300.61,390,400,-10,+0
1772,1761645405.999000,1761645405.989500,9.500,-18035.7,-300.59,390,401,-10,+1
1773,1761645406.999500,1761645406.991500,8.000,-18034.7,-300.58,389,400,-11,+0
1774,1761645407.996500,1761645407.993000,3.500,-18033.7,-300.56,393,400,-7,+0
1775,1761645408.999500,1761645408.990000,9.500,-18032.7,-300.54,391,400,-9,+0
1776,1761645410.000000,1761645409.990500,9.500,-18031.7,-300.53,389,399,-11,-1
1777,1761645411.002000,1761645410.991000,11.000,-18030.7,-300.51,390,401,-10,+1
1778,1761645412.001500,1761645411.994000,7.500,-18029.7,-300.49,390,399,-10,-1
1779,1761645412.999000,1761645412.993000,6.000,-18028.7,-300.48,392,399,-8,-1
1780,1761645414.003000,1761645413.993500,9.500,-18027.7,-300.46,389,400,-11,+0
1781,1761645415.003500,1761645414.995000,8.500,-18026.7,-300.44,390,399,-10,-1
1782,1761645416.001500,1761645415.994000,7.500,-18025.7,-300.43,781,400,+381,+0
1784,1761645417.999000,1761645417.993500,5.500,-18023.7,-300.39,390,401,-10,+1
1785,1761645418.999500,1761645418.997500,2.000,-18022.7,-300.38,388,399,-12,-1
1786,1761645419.998500,1761645419.997000,1.500,-18021.7,-300.36,388,400,-12,+0
1787,1761645420.999000,1761645420.995000,4.000,-18020.7,-300.34,390,400,-10,+0
1788,1761645421.998000,1761645421.994500,3.500,-18019.7,-300.33,392,399,-8,-1
1789,1761645422.999500,1761645422.995000,4.500,-18018.7,-300.31,392,399,-8,-1
1790,1761645423.999000,1761645423.995500,3.500,-18017.7,-300.29,390,400,-10,+0
1791,1761645424.999500,1761645424.996000,3.500,-18016.7,-300.28,390,401,-10,+1
1792,1761645426.002500,1761645425.997500,5.000,-18015.7,-300.26,388,400,-12,+0
1793,1761645427.005500,1761645427.000500,5.000,-18014.7,-300.24,391,399,-9,-1
1794,1761645428.005000,1761645427.998500,6.500,-18013.7,-300.23,389,400,-11,+0
1795,1761645429.005500,1761645428.997500,8.000,-18012.7,-300.21,390,400,-10,+0
1796,1761645430.003500,1761645429.998000,5.500,-18011.7,-300.19,390,400,-10,+0
1797,1761645431.002500,1761645430.998000,4.500,-18010.7,-300.18,392,400,-8,+0
1798,1761645432.005000,1761645431.998000,7.000,-18009.7,-300.16,391,401,-9,+1
1799,1761645433.005500,1761645433.001000,4.500,-18008.7,-300.14,390,400,-10,+0
1800,1761645434.007000,1761645434.000000,7.000,-18007.7,-300.13,390,400,-10,+0
1801,1761645435.007500,1761645435.000000,7.500,-18006.7,-300.11,391,400,-9,+0
1802,1761645436.008000,1761645436.000500,7.500,-18005.7,-300.09,390,400,-10,+0
1803,1761645437.007000,1761645437.000500,6.500,-18004.7,-300.08,392,400,-8,+0
1804,1761645438.008000,1761645438.001000,7.000,-18003.7,-300.06,393,401,-7,+1
1805,1761645439.008500,1761645439.004500,4.000,-18002.7,-300.04,391,399,-9,-1
1806,1761645440.009000,1761645440.004500,4.500,-18001.7,-300.03,391,399,-9,-1
1807,1761645441.007000,1761645441.001000,6.000,-18000.7,-300.01,392,400,-8,+0
1808,1761645442.011000,1761645442.002500,8.500,-17999.7,-299.99,390,400,-10,+0
1809,1761645443.008500,1761645443.001500,7.000,-17998.7,-299.98,390,400,-10,+0
1810,1761645444.010000,1761645444.001000,9.000,-17997.7,-299.96,389,401,-11,+1
1811,1761645445.010500,1761645445.006500,4.000,-17996.7,-299.94,389,399,-11,-1
1812,1761645446.012000,1761645446.003500,8.500,-17995.7,-299.93,391,400,-9,+0
1813,1761645447.012500,1761645447.004000,8.500,-17994.7,-299.91,391,400,-9,+0
1814,1761645448.011500,1761645448.007000,4.500,-17993.7,-299.89,392,400,-8,+0
1815,1761645449.008500,1761645449.007500,1.000,-17992.7,-299.88,390,400,-10,+0
1816,1761645450.012500,1761645450.008000,4.500,-17991.7,-299.86,391,399,-9,-1
1817,1761645451.013000,1761645451.006000,7.000,-17990.7,-299.84,392,400,-8,+0
1818,1761645452.012000,1761645452.007500,4.500,-17989.7,-299.83,389,400,-11,+0
1819,1761645453.015000,1761645453.005500,9.500,-17988.7,-299.81,389,400,-11,+0
1820,1761645454.014000,1761645454.008000,6.000,-17987.7,-299.79,393,400,-7,+0
1821,1761645455.012000,1761645455.006000,6.000,-17986.7,-299.78,393,400,-7,+0
1822,1761645456.012500,1761645456.006500,6.000,-17985.7,-299.76,393,401,-7,+1
1823,1761645457.015500,1761645457.009500,6.000,-17984.7,-299.74,391,400,-9,+0
1824,1761645458.016000,1761645458.010000,6.000,-17983.6,-299.73,389,400,-11,+0
1825,1761645459.014000,1761645459.008000,6.000,-17982.7,-299.71,391,400,-9,+0
1826,1761645460.016000,1761645460.008500,7.500,-17981.6,-299.69,390,401,-10,+1
1827,1761645461.016500,1761645461.010500,6.000,-17980.6,-299.68,390,400,-10,+0
1828,1761645462.019500,1761645462.011000,8.500,-17979.6,-299.66,389,397,-11,-3
1829,1761645463.019000,1761645463.011500,7.500,-17978.6,-299.64,389,400,-11,+0
1830,1761645464.017000,1761645464.011500,5.500,-17977.6,-299.63,390,400,-10,+0
1831,1761645465.017500,1761645465.012000,5.500,-17976.6,-299.61,390,400,-10,+0
1832,1761645466.020500,1761645466.013500,7.000,-17975.6,-299.59,389,400,-11,+0
1833,1761645467.017500,1761645467.013000,4.500,-17974.6,-299.58,394,400,-6,+0
1834,1761645468.020500,1761645468.013000,7.500,-17973.6,-299.56,391,400,-9,+0
1835,1761645469.021500,1761645469.014500,7.000,-17972.6,-299.54,396,400,-4,+0
1836,1761645470.019500,1761645470.012500,7.000,-17971.6,-299.53,393,401,-7,+1
1837,1761645471.019000,1761645471.015500,3.500,-17970.6,-299.51,396,400,-4,+0
1838,1761645472.021000,1761645472.015000,6.000,-17969.6,-299.49,394,400,-6,+0
1839,1761645473.020500,1761645473.017000,3.500,-17968.6,-299.48,394,400,-6,+0
1840,1761645474.022500,1761645474.015500,7.000,-17967.6,-299.46,392,401,-8,+1
1841,1761645475.023000,1761645475.019500,3.500,-17966.6,-299.44,392,400,-8,+0
1842,1761645476.022000,1761645476.016500,5.500,-17965.6,-299.43,391,400,-9,+0
1843,1761645477.021500,1761645477.017000,4.500,-17964.6,-299.41,391,400,-9,+0
1844,1761645478.024500,1761645478.016500,8.000,-17963.6,-299.39,392,400,-8,+0
1845,1761645479.021500,1761645479.017000,4.500,-17962.6,-299.38,391,399,-9,-1
1846,1761645480.023500,1761645480.016500,7.000,-17961.6,-299.36,391,400,-9,+0
1847,1761645481.026500,1761645481.020500,6.000,-17960.6,-299.34,391,398,-9,-2
1848,1761645482.026000,1761645482.018500,7.500,-17959.6,-299.33,392,401,-8,+1
1849,1761645483.024000,1761645483.019000,5.000,-17958.6,-299.31,392,400,-8,+0
1850,1761645484.028500,1761645484.019500,9.000,-17957.6,-299.29,391,400,-9,+0
1851,1761645485.026500,1761645485.022500,4.000,-17956.6,-299.28,391,398,-9,-2
1852,1761645486.029500,1761645486.020500,9.000,-17955.6,-299.26,391,400,-9,+0
1853,1761645487.024000,1761645487.018500,5.500,-17954.6,-299.24,391,401,-9,+1
1854,1761645488.024500,1761645488.021500,3.000,-17953.6,-299.23,391,400,-9,+0
1855,1761645489.025000,1761645489.021000,4.000,-17952.6,-299.21,390,397,-10,-3
1856,1761645490.025500,1761645490.021500,4.000,-17951.6,-299.19,389,400,-11,+0
1857,1761645491.024500,1761645491.022000,2.500,-17950.6,-299.18,390,400,-10,+0
1858,1761645492.027500,1761645492.022500,5.000,-17949.6,-299.16,389,401,-11,+1
1859,1761645493.028000,1761645493.024000,4.000,-17948.6,-299.14,392,400,-8,+0
1860,1761645494.027000,1761645494.023000,4.000,-17947.6,-299.13,392,399,-8,-1
1861,1761645495.030000,1761645495.025000,5.000,-17946.6,-299.11,391,400,-9,+0
1862,1761645496.031500,1761645496.025000,6.500,-17945.6,-299.09,393,399,-7,-1
1863,1761645497.031000,1761645497.024500,6.500,-17944.6,-299.08,391,401,-9,+1
1864,1761645498.029000,1761645498.027500,1.500,-17943.6,-299.06,392,400,-8,+0
1865,1761645499.032500,1761645499.025500,7.000,-17942.6,-299.04,390,397,-10,-3
1866,1761645500.032500,1761645500.026000,6.500,-17941.6,-299.03,390,400,-10,+0
1867,1761645501.035000,1761645501.026500,8.500,-17940.6,-299.01,391,399,-9,-1
1868,1761645502.034000,1761645502.024500,9.500,-17939.6,-298.99,390,399,-10,-1
1869,1761645503.033000,1761645503.027500,5.500,-17938.6,-298.98,392,399,-8,-1
1870,1761645504.034000,1761645504.028000,6.000,-17937.6,-298.96,393,400,-7,+0
1871,1761645505.036500,1761645505.029000,7.500,-17936.6,-298.94,391,400,-9,+0
1872,1761645506.034500,1761645506.028000,6.500,-17935.6,-298.93,391,400,-9,+0
1873,1761645507.035000,1761645507.028500,6.500,-17934.6,-298.91,389,400,-11,+0
1874,1761645508.034000,1761645508.027500,6.500,-17933.6,-298.89,391,400,-9,+0
1875,1761645509.037000,1761645509.029500,7.500,-17932.6,-298.88,391,399,-9,-1
1876,1761645510.038000,1761645510.031000,7.000,-17931.6,-298.86,391,399,-9,-1
1877,1761645511.040500,1761645511.031000,9.500,-17930.6,-298.84,389,400,-11,+0
1878,1761645512.038500,1761645512.031000,7.500,-17929.6,-298.83,391,399,-9,-1
1879,1761645513.037500,1761645513.029000,8.500,-17928.6,-298.81,392,400,-8,+0
1880,1761645514.037500,1761645514.032000,5.500,-17927.6,-298.79,781,400,+381,+0
1882,1761645516.037000,1761645516.031500,5.500,-17925.6,-298.76,390,400,-10,+0
1883,1761645517.034000,1761645517.033000,1.000,-17924.6,-298.74,393,400,-7,+0
1884,1761645518.038000,1761645518.032000,6.000,-17923.6,-298.73,393,400,-7,+0
1885,1761645519.037000,1761645519.031500,5.500,-17922.6,-298.71,394,400,-6,+0
1886,1761645520.038500,1761645520.035500,3.000,-17921.6,-298.69,392,400,-8,+0
1887,1761645521.040000,1761645521.034500,5.500,-17920.6,-298.68,390,400,-10,+0
1888,1761645522.043000,1761645522.035000,8.000,-17919.6,-298.66,391,399,-9,-1
1889,1761645523.040000,1761645523.035500,4.500,-17918.6,-298.64,391,400,-9,+0
1890,1761645524.040500,1761645524.036000,4.500,-17917.6,-298.63,390,401,-10,+1
1891,1761645525.041000,1761645525.037500,3.500,-17916.6,-298.61,392,400,-8,+0
1892,1761645526.044000,1761645526.036500,7.500,-17915.6,-298.59,390,400,-10,+0
1893,1761645527.042000,1761645527.037000,5.000,-17914.6,-298.58,390,400,-10,+0
1894,1761645528.045000,1761645528.036000,9.000,-17913.6,-298.56,391,400,-9,+0
1895,1761645529.042500,1761645529.036000,6.500,-17912.6,-298.54,392,399,-8,-1
1896,1761645530.047000,1761645530.036500,10.500,-17911.6,-298.53,388,400,-12,+0
1897,1761645531.044000,1761645531.038500,5.500,-17910.6,-298.51,392,400,-8,+0
1898,1761645532.044500,1761645532.040000,4.500,-17909.6,-298.49,392,400,-8,+0
1899,1761645533.045500,1761645533.038000,7.500,-17908.6,-298.48,393,400,-7,+0
1900,1761645534.048000,1761645534.038500,9.500,-17907.6,-298.46,389,400,-11,+0
1901,1761645535.044000,1761645535.039000,5.000,-17906.6,-298.44,391,399,-9,-1
1902,1761645536.044500,1761645536.038000,6.500,-17905.6,-298.43,393,400,-7,+0
1903,1761645537.047500,1761645537.042000,5.500,-17904.6,-298.41,392,399,-8,-1
1904,1761645538.045500,1761645538.039500,6.000,-17903.6,-298.39,392,400,-8,+0
1905,1761645539.048500,1761645539.040000,8.500,-17902.6,-298.38,392,399,-8,-1
1906,1761645540.049000,1761645540.040500,8.500,-17901.6,-298.36,392,400,-8,+0
1907,1761645541.047000,1761645541.041000,6.000,-17900.6,-298.34,392,401,-8,+1
1908,1761645542.047500,1761645542.044000,3.500,-17899.6,-298.33,392,399,-8,-1
1909,1761645543.048000,1761645543.043500,4.500,-17898.6,-298.31,389,400,-11,+0
1910,1761645544.048500,1761645544.042500,6.000,-17897.6,-298.29,391,400,-9,+0
1911,1761645545.046500,1761645545.043000,3.500,-17896.6,-298.28,393,400,-7,+0
1912,1761645546.049000,1761645546.043500,5.500,-17895.6,-298.26,391,400,-9,+0
1913,1761645547.049500,1761645547.046000,3.500,-17894.6,-298.24,392,400,-8,+0
1914,1761645548.049000,1761645548.045000,4.000,-17893.6,-298.23,392,399,-8,-1
1915,1761645549.049000,1761645549.045500,3.500,-17892.6,-298.21,393,400,-7,+0
1916,1761645550.052500,1761645550.046000,6.500,-17891.6,-298.19,391,401,-9,+1
1917,1761645551.051000,1761645551.046500,4.500,-17890.6,-298.18,391,400,-9,+0
1918,1761645552.051500,1761645552.048000,3.500,-17889.6,-298.16,391,400,-9,+0
1919,1761645553.052000,1761645553.046000,6.000,-17888.6,-298.14,392,400,-8,+0
1920,1761645554.054000,1761645554.046000,8.000,-17887.6,-298.13,391,400,-9,+0
1921,1761645555.052000,1761645555.046000,6.000,-17886.6,-298.11,390,400,-10,+0
1922,1761645556.054000,1761645556.047500,6.500,-17885.6,-298.09,390,400,-10,+0
1923,1761645557.054500,1761645557.046500,8.000,-17884.6,-298.08,389,400,-11,+0
1924,1761645558.054000,1761645558.046000,8.000,-17883.6,-298.06,391,400,-9,+0
1925,1761645559.052000,1761645559.046000,6.000,-17882.6,-298.04,390,401,-10,+1
1926,1761645560.056000,1761645560.049000,7.000,-17881.6,-298.03,388,400,-12,+0
1927,1761645561.054000,1761645561.048500,5.500,-17880.6,-298.01,390,400,-10,+0
1928,1761645562.058000,1761645562.049000,9.000,-17879.6,-297.99,390,400,-10,+0
1929,1761645563.055000,1761645563.050500,4.500,-17878.6,-297.98,391,400,-9,+0
1930,1761645564.058000,1761645564.050000,8.000,-17877.6,-297.96,391,400,-9,+0
1931,1761645565.054500,1761645565.048000,6.500,-17876.6,-297.94,390,401,-10,+1
1932,1761645566.056500,1761645566.052500,4.000,-17875.6,-297.93,393,400,-7,+0
1933,1761645567.057000,1761645567.050500,6.500,-17874.6,-297.91,390,400,-10,+0
1934,1761645568.056000,1761645568.050000,6.000,-17873.6,-297.89,390,401,-10,+1
1935,1761645569.056500,1761645569.054000,2.500,-17872.6,-297.88,390,399,-10,-1
1936,1761645570.058000,1761645570.053500,4.500,-17871.6,-297.86,391,399,-9,-1
1937,1761645571.058500,1761645571.055000,3.500,-17870.6,-297.84,390,400,-10,+0
1938,1761645572.059000,1761645572.053000,6.000,-17869.6,-297.83,390,399,-10,-1
1939,1761645573.059500,1761645573.052500,7.000,-17868.6,-297.81,389,400,-11,+0
1940,1761645574.057500,1761645574.053000,4.500,-17867.6,-297.79,389,400,-11,+0
1941,1761645575.057000,1761645575.053500,3.500,-17866.6,-297.78,391,400,-9,+0
1942,1761645576.061000,1761645576.054000,7.000,-17865.6,-297.76,390,400,-10,+0
1943,1761645577.062500,1761645577.053500,9.000,-17864.6,-297.74,391,401,-9,+1
1944,1761645578.059500,1761645578.055000,4.500,-17863.6,-297.73,391,398,-9,-2
1945,1761645579.062500,1761645579.056500,6.000,-17862.6,-297.71,390,400,-10,+0
1946,1761645580.058000,1761645580.054500,3.500,-17861.6,-297.69,391,400,-9,+0
1947,1761645581.060000,1761645581.055000,5.000,-17860.6,-297.68,390,400,-10,+0
1948,1761645582.060500,1761645582.055500,5.000,-17859.6,-297.66,392,400,-8,+0
1949,1761645583.062000,1761645583.055500,6.500,-17858.6,-297.64,390,400,-10,+0
1950,1761645584.062500,1761645584.057000,5.500,-17857.6,-297.63,391,399,-9,-1
1951,1761645585.063000,1761645585.057500,5.500,-17856.6,-297.61,391,400,-9,+0
1952,1761645586.063000,1761645586.056500,6.500,-17855.6,-297.59,392,400,-8,+0
1953,1761645587.063500,1761645587.058000,5.500,-17854.6,-297.58,390,399,-10,-1
1954,1761645588.066500,1761645588.057500,9.000,-17853.6,-297.56,389,400,-11,+0
1955,1761645589.064000,1761645589.058000,6.000,-17852.6,-297.54,391,401,-9,+1
1956,1761645590.062000,1761645590.058500,3.500,-17851.6,-297.53,389,399,-11,-1
1957,1761645591.062500,1761645591.059000,3.500,-17850.6,-297.51,390,400,-10,+0
1958,1761645592.061500,1761645592.059500,2.000,-17849.6,-297.49,391,398,-9,-2
1959,1761645593.062000,1761645593.060000,2.000,-17848.6,-297.48,389,400,-11,+0
1960,1761645594.062500,1761645594.058500,4.000,-17847.6,-297.46,392,399,-8,-1
1961,1761645595.065500,1761645595.059000,6.500,-17846.6,-297.44,390,401,-10,+1
1962,1761645596.065000,1761645596.061000,4.000,-17845.6,-297.43,390,400,-10,+0
1963,1761645597.065500,1761645597.061500,4.000,-17844.6,-297.41,391,400,-9,+0
1964,1761645598.063500,1761645598.063000,0.500,-17843.6,-297.39,393,400,-7,+0
1965,1761645599.065500,1761645599.061000,4.500,-17842.6,-297.38,393,399,-7,-1
1966,1761645600.066000,1761645600.061000,5.000,-17841.6,-297.36,390,400,-10,+0
1967,1761645601.069000,1761645601.062500,6.500,-17840.6,-297.34,389,401,-11,+1
1968,1761645602.068000,1761645602.063000,5.000,-17839.6,-297.33,389,400,-11,+0
1969,1761645603.068500,1761645603.063000,5.500,-17838.6,-297.31,393,400,-7,+0
1970,1761645604.066500,1761645604.063500,3.000,-17837.6,-297.29,391,400,-9,+0
1971,1761645605.070000,1761645605.065000,5.000,-17836.6,-297.28,390,400,-10,+0
1972,1761645606.069000,1761645606.064000,5.000,-17835.6,-297.26,390,399,-10,-1
1973,1761645607.070500,1761645607.063000,7.500,-17834.6,-297.24,390,400,-10,+0
1974,1761645608.067000,1761645608.063500,3.500,-17833.6,-297.23,390,401,-10,+1
1975,1761645609.069000,1761645609.066500,2.500,-17832.6,-297.21,390,400,-10,+0
1976,1761645610.072000,1761645610.065500,6.500,-17831.6,-297.19,389,400,-11,+0
1977,1761645611.069000,1761645611.065500,3.500,-17830.6,-297.18,390,399,-10,-1
1978,1761645612.072000,1761645612.065000,7.000,-17829.6,-297.16,389,400,-11,+0
1979,1761645613.076000,1761645613.067500,8.500,-17828.6,-297.14,389,399,-11,-1
1980,1761645614.074500,1761645614.066500,8.000,-17827.6,-297.13,390,401,-10,+1
1981,1761645615.072500,1761645615.067000,5.500,-17826.6,-297.11,392,400,-8,+0
1982,1761645616.073000,1761645616.067500,5.500,-17825.6,-297.09,390,400,-10,+0
1983,1761645617.075500,1761645617.069000,6.500,-17824.6,-297.08,782,399,+382,-1
1985,1761645619.073000,1761645619.070000,3.000,-17822.6,-297.04,392,400,-8,+0
1986,1761645620.074000,1761645620.070500,3.500,-17821.6,-297.03,392,400,-8,+0
1987,1761645621.075000,1761645621.071000,4.000,-17820.6,-297.01,389,400,-11,+0
1988,1761645622.074500,1761645622.070500,4.000,-17819.6,-296.99,391,399,-9,-1
1989,1761645623.075500,1761645623.069500,6.000,-17818.6,-296.98,390,400,-10,+0
1990,1761645624.075000,1761645624.071000,4.000,-17817.6,-296.96,391,401,-9,+1
1991,1761645625.075500,1761645625.072500,3.000,-17816.6,-296.94,392,400,-8,+0
1992,1761645626.078500,1761645626.073000,5.500,-17815.6,-296.93,391,398,-9,-2
1993,1761645627.077500,1761645627.072500,5.000,-17814.6,-296.91,390,398,-10,-2
1994,1761645628.076500,1761645628.072000,4.500,-17813.6,-296.89,392,401,-8,+1
1995,1761645629.078500,1761645629.074000,4.500,-17812.6,-296.88,391,400,-9,+0
1996,1761645630.078000,1761645630.074500,3.500,-17811.6,-296.86,390,400,-10,+0
1997,1761645631.078500,1761645631.075000,3.500,-17810.6,-296.84,390,398,-10,-2
1998,1761645632.077500,1761645632.073000,4.500,-17809.6,-296.83,391,400,-9,+0
1999,1761645633.078000,1761645633.074000,4.000,-17808.6,-296.81,391,400,-9,+0
2000,1761645634.081000,1761645634.074500,6.500,-17807.6,-296.79,391,401,-9,+1
2001,1761645635.081500,1761645635.076000,5.500,-17806.6,-296.78,390,399,-10,-1
2002,1761645636.083000,1761645636.076500,6.500,-17805.6,-296.76,392,398,-8,-2
2003,1761645637.086000,1761645637.077000,9.000,-17804.6,-296.74,390,400,-10,+0
2004,1761645638.083500,1761645638.076000,7.500,-17803.6,-296.73,392,400,-8,+0
2005,1761645639.084500,1761645639.076500,8.000,-17802.6,-296.71,390,400,-10,+0
2006,1761645640.084500,1761645640.079500,5.000,-17801.6,-296.69,390,399,-10,-1
2007,1761645641.084000,1761645641.076000,8.000,-17800.6,-296.68,392,401,-8,+1
2008,1761645642.087000,1761645642.079000,8.000,-17799.6,-296.66,391,400,-9,+0
2009,1761645643.086000,1761645643.079500,6.500,-17798.6,-296.64,388,400,-12,+0
2010,1761645644.085500,1761645644.077500,8.000,-17797.6,-296.63,391,400,-9,+0
2011,1761645645.087500,1761645645.079500,8.000,-17796.6,-296.61,389,399,-11,-1
2012,1761645646.090500,1761645646.077500,13.000,-17795.6,-296.59,390,400,-10,+0
2013,1761645647.088500,1761645647.080500,8.000,-17794.6,-296.58,389,399,-11,-1
2014,1761645648.085000,1761645648.078500,6.500,-17793.6,-296.56,391,401,-9,+1
2015,1761645649.088000,1761645649.081500,6.500,-17792.6,-296.54,389,400,-11,+0
2016,1761645650.085000,1761645650.080500,4.500,-17791.6,-296.53,389,399,-11,-1
2017,1761645651.083000,1761645651.081000,2.000,-17790.6,-296.51,390,401,-10,+1
2018,1761645652.085000,1761645652.083000,2.000,-17789.6,-296.49,390,399,-10,-1
2019,1761645653.085500,1761645653.083500,2.000,-17788.6,-296.48,391,400,-9,+0
2020,1761645654.085000,1761645654.084000,1.000,-17787.6,-296.46,393,400,-7,+0
2021,1761645655.089000,1761645655.083000,6.000,-17786.6,-296.44,391,400,-9,+0
2022,1761645656.087000,1761645656.083500,3.500,-17785.6,-296.43,392,401,-8,+1
2023,1761645657.085500,1761645657.084500,1.000,-17784.6,-296.41,392,399,-8,-1
2024,1761645658.088500,1761645658.085000,3.500,-17783.6,-296.39,393,400,-7,+0
2025,1761645659.088000,1761645659.085500,2.500,-17782.6,-296.38,392,400,-8,+0
2026,1761645660.090500,1761645660.085500,5.000,-17781.6,-296.36,391,400,-9,+0
2027,1761645661.089500,1761645661.084500,5.000,-17780.6,-296.34,391,400,-9,+0
2028,1761645662.091000,1761645662.084000,7.000,-17779.6,-296.33,392,401,-8,+1
2029,1761645663.094000,1761645663.087000,7.000,-17778.6,-296.31,390,399,-10,-1
2030,1761645664.092000,1761645664.087500,4.500,-17777.6,-296.29,391,400,-9,+0
2031,1761645665.095000,1761645665.087000,8.000,-17776.6,-296.28,391,400,-9,+0
2032,1761645666.092000,1761645666.087500,4.500,-17775.6,-296.26,390,400,-10,+0
2033,1761645667.095000,1761645667.088000,7.000,-17774.6,-296.24,390,400,-10,+0
2034,1761645668.094500,1761645668.088500,6.000,-17773.6,-296.23,391,399,-9,-1
2035,1761645669.095000,1761645669.090500,4.500,-17772.6,-296.21,391,400,-9,+0
2036,1761645670.093000,1761645670.089500,3.500,-17771.6,-296.19,392,398,-8,-2
2037,1761645671.096000,1761645671.090000,6.000,-17770.6,-296.18,391,400,-9,+0
2038,1761645672.096500,1761645672.090500,6.000,-17769.6,-296.16,390,400,-10,+0
2039,1761645673.097000,1761645673.088500,8.500,-17768.6,-296.14,390,400,-10,+0
2040,1761645674.096500,1761645674.089000,7.500,-17767.6,-296.13,389,399,-11,-1
2041,1761645675.097000,1761645675.089500,7.500,-17766.6,-296.11,391,400,-9,+0
2042,1761645676.096500,1761645676.089000,7.500,-17765.6,-296.09,390,401,-10,+1
2043,1761645677.099500,1761645677.090500,9.000,-17764.6,-296.08,392,400,-8,+0
2044,1761645678.101000,1761645678.092000,9.000,-17763.6,-296.06,390,400,-10,+0
2045,1761645679.097500,1761645679.091000,6.500,-17762.6,-296.04,391,400,-9,+0
2046,1761645680.099500,1761645680.091500,8.000,-17761.6,-296.03,391,400,-9,+0
2047,1761645681.099500,1761645681.093000,6.500,-17760.6,-296.01,392,400,-8,+0
2048,1761645682.104500,1761645682.093500,11.000,-17759.6,-295.99,389,399,-11,-1
2049,1761645683.096500,1761645683.093000,3.500,-17758.6,-295.98,393,400,-7,+0
2050,1761645684.099500,1761645684.093000,6.500,-17757.6,-295.96,390,400,-10,+0
2051,1761645685.097500,1761645685.094500,3.000,-17756.6,-295.94,392,399,-8,-1
2052,1761645686.100000,1761645686.095000,5.000,-17755.6,-295.93,391,399,-9,-1
2053,1761645687.100500,1761645687.097000,3.500,-17754.6,-295.91,391,400,-9,+0
2054,1761645688.103500,1761645688.095000,8.500,-17753.6,-295.89,391,400,-9,+0
2055,1761645689.105000,1761645689.098000,7.000,-17752.6,-295.88,393,400,-7,+0
2056,1761645690.104000,1761645690.098500,5.500,-17751.6,-295.86,392,399,-8,-1
2057,1761645691.105500,1761645691.099000,6.500,-17750.6,-295.84,391,399,-9,-1
2058,1761645692.103500,1761645692.099000,4.500,-17749.6,-295.83,393,400,-7,+0
2059,1761645693.105000,1761645693.098500,6.500,-17748.6,-295.81,391,400,-9,+0
2060,1761645694.104000,1761645694.098500,5.500,-17747.6,-295.79,392,400,-8,+0
2061,1761645695.106000,1761645695.101000,5.000,-17746.6,-295.78,389,400,-11,+0
2062,1761645696.105000,1761645696.100500,4.500,-17745.6,-295.76,392,400,-8,+0
2063,1761645697.108000,1761645697.099500,8.500,-17744.6,-295.74,390,400,-10,+0
2064,1761645698.106500,1761645698.100000,6.500,-17743.6,-295.73,391,400,-9,+0
2065,1761645699.110500,1761645699.099000,11.500,-17742.6,-295.71,390,400,-10,+0
2066,1761645700.108500,1761645700.102000,6.500,-17741.6,-295.69,391,399,-9,-1
2067,1761645701.108000,1761645701.102500,5.500,-17740.6,-295.68,392,400,-8,+0
2068,1761645702.110000,1761645702.103000,7.000,-17739.6,-295.66,391,400,-9,+0
2069,1761645703.108000,1761645703.101000,7.000,-17738.6,-295.64,392,401,-8,+1
2070,1761645704.108500,1761645704.104000,4.500,-17737.6,-295.63,392,400,-8,+0
2071,1761645705.111500,1761645705.104500,7.000,-17736.6,-295.61,391,400,-9,+0
2072,1761645706.109500,1761645706.106000,3.500,-17735.6,-295.59,393,400,-7,+0
2073,1761645707.110000,1761645707.104000,6.000,-17734.6,-295.58,391,400,-9,+0
2074,1761645708.113000,1761645708.103500,9.500,-17733.6,-295.56,391,400,-9,+0
2075,1761645709.112000,1761645709.104000,8.000,-17732.6,-295.54,391,401,-9,+1
2076,1761645710.110000,1761645710.107000,3.000,-17731.6,-295.53,391,400,-9,+0
2077,1761645711.113000,1761645711.107500,5.500,-17730.6,-295.51,390,398,-10,-2
2078,1761645712.112500,1761645712.108000,4.500,-17729.6,-295.49,389,399,-11,-1
2079,1761645713.111500,1761645713.105000,6.500,-17728.6,-295.48,394,400,-6,+0
2080,1761645714.112000,1761645714.106500,5.500,-17727.6,-295.46,392,398,-8,-2
2081,1761645715.112500,1761645715.106500,6.000,-17726.6,-295.44,392,401,-8,+1
2082,1761645716.114000,1761645716.108000,6.000,-17725.6,-295.43,392,400,-8,+0
2083,1761645717.116000,1761645717.108500,7.500,-17724.5,-295.41,391,400,-9,+0
2084,1761645718.114500,1761645718.109000,5.500,-17723.6,-295.39,392,400,-8,+0
2085,1761645719.113500,1761645719.109500,4.000,-17722.6,-295.38,393,401,-7,+1
2086,1761645720.117500,1761645720.110000,7.500,-17721.5,-295.36,391,400,-9,+0
2087,1761645721.116500,1761645721.110500,6.000,-17720.5,-295.34,392,400,-8,+0
2088,1761645722.118000,1761645722.111000,7.000,-17719.5,-295.33,392,400,-8,+0
2089,1761645723.118000,1761645723.111500,6.500,-17718.5,-295.31,391,400,-9,+0
2090,1761645724.116000,1761645724.110500,5.500,-17717.5,-295.29,392,401,-8,+1
2091,1761645725.119000,1761645725.113500,5.500,-17716.5,-295.28,392,400,-8,+0
2092,1761645726.118000,1761645726.114000,4.000,-17715.5,-295.26,391,399,-9,-1
2093,1761645727.121000,1761645727.112000,9.000,-17714.5,-295.24,392,400,-8,+0
2094,1761645728.119000,1761645728.113000,6.000,-17713.5,-295.23,392,400,-8,+0
2095,1761645729.119500,1761645729.113500,6.000,-17712.5,-295.21,391,400,-9,+0
2096,1761645730.122500,1761645730.114000,8.500,-17711.5,-295.19,392,400,-8,+0
2097,1761645731.119500,1761645731.112000,7.500,-17710.5,-295.18,390,400,-10,+0
2098,1761645732.120000,1761645732.111500,8.500,-17709.5,-295.16,392,401,-8,+1
2099,1761645733.123000,1761645733.115500,7.500,-17708.5,-295.14,391,400,-9,+0
2100,1761645734.116000,1761645734.116000,0.000,-17707.5,-295.13,394,398,-6,-2
2101,1761645735.119000,1761645735.116000,3.000,-17706.5,-295.11,390,400,-10,+0
2102,1761645736.120500,1761645736.114500,6.000,-17705.5,-295.09,391,400,-9,+0
2103,1761645737.121000,1761645737.115000,6.000,-17704.5,-295.08,389,400,-11,+0
2104,1761645738.119000,1761645738.115000,4.000,-17703.5,-295.06,392,400,-8,+0
2105,1761645739.122000,1761645739.115000,7.000,-17702.5,-295.04,394,400,-6,+0
2106,1761645740.122500,1761645740.117000,5.500,-17701.5,-295.03,391,400,-9,+0
2107,1761645741.123000,1761645741.118500,4.500,-17700.5,-295.01,391,400,-9,+0
2108,1761645742.121000,1761645742.117500,3.500,-17699.5,-294.99,392,399,-8,-1
2109,1761645743.120000,1761645743.116500,3.500,-17698.5,-294.98,392,400,-8,+0
2110,1761645744.123000,1761645744.117500,5.500,-17697.5,-294.96,391,400,-9,+0
2111,1761645745.124500,1761645745.115500,9.000,-17696.5,-294.94,390,400,-10,+0
2112,1761645746.122500,1761645746.117000,5.500,-17695.5,-294.93,391,400,-9,+0
2113,1761645747.125500,1761645747.120000,5.500,-17694.5,-294.91,391,399,-9,-1
2114,1761645748.126000,1761645748.119500,6.500,-17693.5,-294.89,390,400,-10,+0
2115,1761645749.124000,1761645749.118500,5.500,-17692.5,-294.88,392,400,-8,+0
2116,1761645750.127000,1761645750.120000,7.000,-17691.5,-294.86,391,399,-9,-1
2117,1761645751.128000,1761645751.119500,8.500,-17690.5,-294.84,391,399,-9,-1
2118,1761645752.127000,1761645752.118500,8.500,-17689.5,-294.83,390,400,-10,+0
2119,1761645753.126000,1761645753.122500,3.500,-17688.5,-294.81,391,398,-9,-2
2120,1761645754.127500,1761645754.121500,6.000,-17687.5,-294.79,391,399,-9,-1
2121,1761645755.129000,1761645755.120500,8.500,-17686.5,-294.78,391,400,-9,+0
2122,1761645756.127500,1761645756.121000,6.500,-17685.5,-294.76,389,400,-11,+0
2123,1761645757.128000,1761645757.122500,5.500,-17684.5,-294.74,391,399,-9,-1
2124,1761645758.127000,1761645758.122000,5.000,-17683.5,-294.73,391,401,-9,+1
2125,1761645759.127500,1761645759.122500,5.000,-17682.5,-294.71,390,399,-10,-1
2126,1761645760.125500,1761645760.124000,1.500,-17681.5,-294.69,392,400,-8,+0
2127,1761645761.127500,1761645761.124500,3.000,-17680.5,-294.68,392,400,-8,+0
2128,1761645762.128000,1761645762.124000,4.000,-17679.5,-294.66,390,400,-10,+0
2129,1761645763.130000,1761645763.123000,7.000,-17678.5,-294.64,390,399,-10,-1
2130,1761645764.128000,1761645764.122500,5.500,-17677.5,-294.63,390,400,-10,+0
2131,1761645765.127500,1761645765.123000,4.500,-17676.5,-294.61,393,401,-7,+1
2132,1761645766.128000,1761645766.124500,3.500,-17675.5,-294.59,392,400,-8,+0
2133,1761645767.130500,1761645767.127000,3.500,-17674.5,-294.58,392,398,-8,-2
2134,1761645768.130500,1761645768.126000,4.500,-17673.5,-294.56,390,400,-10,+0
2135,1761645769.131000,1761645769.124000,7.000,-17672.5,-294.54,390,399,-10,-1
2136,1761645770.131500,1761645770.124500,7.000,-17671.5,-294.53,391,399,-9,-1
2137,1761645771.132000,1761645771.128500,3.500,-17670.5,-294.51,392,400,-8,+0
2138,1761645772.132500,1761645772.126500,6.000,-17669.5,-294.49,390,400,-10,+0
2139,1761645773.133000,1761645773.128000,5.000,-17668.5,-294.48,390,400,-10,+0
2140,1761645774.133500,1761645774.127000,6.500,-17667.5,-294.46,392,400,-8,+0
2141,1761645775.133500,1761645775.127500,6.000,-17666.5,-294.44,390,399,-10,-1
2142,1761645776.133000,1761645776.127500,5.500,-17665.5,-294.43,390,401,-10,+1
2143,1761645777.133500,1761645777.130500,3.000,-17664.5,-294.41,389,399,-11,-1
2144,1761645778.137500,1761645778.129000,8.500,-17663.5,-294.39,391,400,-9,+0
2145,1761645779.137500,1761645779.129000,8.500,-17662.5,-294.38,389,399,-11,-1
2146,1761645780.135500,1761645780.129500,6.000,-17661.5,-294.36,391,400,-9,+0
2147,1761645781.135000,1761645781.130000,5.000,-17660.5,-294.34,391,401,-9,+1
2148,1761645782.134000,1761645782.133000,1.000,-17659.5,-294.33,392,400,-8,+0
2149,1761645783.135500,1761645783.132000,3.500,-17658.5,-294.31,392,400,-8,+0
2150,1761645784.136000,1761645784.133000,3.000,-17657.5,-294.29,392,399,-8,-1
2151,1761645785.137500,1761645785.131500,6.000,-17656.5,-294.28,393,400,-7,+0
2152,1761645786.135000,1761645786.131500,3.500,-17655.5,-294.26,391,399,-9,-1
2153,1761645787.136500,1761645787.135500,1.000,-17654.5,-294.24,390,399,-10,-1
2154,1761645788.137000,1761645788.134000,3.000,-17653.5,-294.23,392,400,-8,+0
2155,1761645789.142000,1761645789.133500,8.500,-17652.5,-294.21,392,399,-8,-1
2156,1761645790.140000,1761645790.135000,5.000,-17651.5,-294.19,391,400,-9,+0
2157,1761645791.140500,1761645791.137000,3.500,-17650.5,-294.18,391,400,-9,+0
2158,1761645792.138000,1761645792.140000,2.000,-17649.5,-294.16,390,399,-10,-1
2159,1761645793.141000,1761645793.136500,4.500,-17648.5,-294.14,391,400,-9,+0
2160,1761645794.141000,1761645794.137000,4.000,-17647.5,-294.13,393,400,-7,+0
2161,1761645795.139000,1761645795.135000,4.000,-17646.5,-294.11,393,400,-7,+0
2162,1761645796.143000,1761645796.137000,6.000,-17645.5,-294.09,391,399,-9,-1
2163,1761645797.143000,1761645797.139500,3.500,-17644.5,-294.08,391,400,-9,+0
2164,1761645798.143500,1761645798.138000,5.500,-17643.5,-294.06,391,400,-9,+0
2165,1761645799.142500,1761645799.139500,3.000,-17642.5,-294.04,391,399,-9,-1
2166,1761645800.143000,1761645800.138500,4.500,-17641.5,-294.03,391,400,-9,+0
2167,1761645801.144000,1761645801.138000,6.000,-17640.5,-294.01,391,400,-9,+0
2168,1761645802.144000,1761645802.140500,3.500,-17639.5,-293.99,391,400,-9,+0
2169,1761645803.145500,1761645803.141000,4.500,-17638.5,-293.98,390,400,-10,+0
2170,1761645804.146000,1761645804.140500,5.500,-17637.5,-293.96,391,399,-9,-1
2171,1761645805.146500,1761645805.141000,5.500,-17636.5,-293.94,392,401,-8,+1
2172,1761645806.147000,1761645806.144000,3.000,-17635.5,-293.93,391,400,-9,+0
2173,1761645807.147500,1761645807.142000,5.500,-17634.5,-293.91,393,399,-7,-1
2174,1761645808.146500,1761645808.143500,3.000,-17633.5,-293.89,392,400,-8,+0
2175,1761645809.147500,1761645809.141500,6.000,-17632.5,-293.88,391,400,-9,+0
2176,1761645810.148500,1761645810.142500,6.000,-17631.5,-293.86,393,399,-7,-1
2177,1761645811.149000,1761645811.144000,5.000,-17630.5,-293.84,391,400,-9,+0
2178,1761645812.146500,1761645812.145500,1.000,-17629.5,-293.83,391,400,-9,+0
2179,1761645813.147000,1761645813.145000,2.000,-17628.5,-293.81,391,400,-9,+0
2180,1761645814.148500,1761645814.145500,3.000,-17627.5,-293.79,389,400,-11,+0
2181,1761645815.147500,1761645815.144500,3.000,-17626.5,-293.78,393,400,-7,+0
2182,1761645816.151000,1761645816.145000,6.000,-17625.5,-293.76,390,400,-10,+0
2183,1761645817.148000,1761645817.145500,2.500,-17624.5,-293.74,390,399,-10,-1
2184,1761645818.148500,1761645818.144500,4.000,-17623.5,-293.73,389,400,-11,+0
2185,1761645819.149500,1761645819.145000,4.500,-17622.5,-293.71,390,400,-10,+0
2186,1761645820.150000,1761645820.147000,3.000,-17621.5,-293.69,392,400,-8,+0
2187,1761645821.153000,1761645821.146500,6.500,-17620.5,-293.68,390,400,-10,+0
2188,1761645822.151000,1761645822.148000,3.000,-17619.5,-293.66,393,398,-7,-2
2189,1761645823.152500,1761645823.147000,5.500,-17618.5,-293.64,392,399,-8,-1
2190,1761645824.153000,1761645824.147000,6.000,-17617.5,-293.63,391,400,-9,+0
2191,1761645825.151000,1761645825.151000,0.000,-17616.5,-293.61,390,399,-10,-1
2192,1761645826.155000,1761645826.149000,6.000,-17615.5,-293.59,394,399,-6,-1
2193,1761645827.153000,1761645827.149500,3.500,-17614.5,-293.58,391,400,-9,+0
2194,1761645828.153000,1761645828.149500,3.500,-17613.5,-293.56,392,398,-8,-2
2195,1761645829.154500,1761645829.148500,6.000,-17612.5,-293.54,392,400,-8,+0
2196,1761645830.155000,1761645830.149000,6.000,-17611.5,-293.53,390,400,-10,+0
2197,1761645831.153000,1761645831.150000,3.000,-17610.5,-293.51,392,401,-8,+1
2198,1761645832.154500,1761645832.151500,3.000,-17609.5,-293.49,396,399,-4,-1
2199,1761645833.155000,1761645833.153000,2.000,-17608.5,-293.48,394,400,-6,+0
2200,1761645834.159500,1761645834.151500,8.000,-17607.5,-293.46,392,400,-8,+0
2201,1761645835.159000,1761645835.151000,8.000,-17606.5,-293.44,393,400,-7,+0
2202,1761645836.158500,1761645836.153000,5.500,-17605.5,-293.43,396,399,-4,-1
2203,1761645837.158000,1761645837.156000,2.000,-17604.5,-293.41,390,399,-10,-1
2204,1761645838.158500,1761645838.154000,4.500,-17603.5,-293.39,394,400,-6,+0
2205,1761645839.161500,1761645839.154500,7.000,-17602.5,-293.38,391,400,-9,+0
2206,1761645840.160500,1761645840.153000,7.500,-17601.5,-293.36,390,399,-10,-1
2207,1761645841.162000,1761645841.153000,9.000,-17600.5,-293.34,392,401,-8,+1
2208,1761645842.160000,1761645842.156000,4.000,-17599.5,-293.33,391,400,-9,+0
2209,1761645843.158000,1761645843.156500,1.500,-17598.5,-293.31,390,400,-10,+0
2210,1761645844.158500,1761645844.157000,1.500,-17597.5,-293.29,393,400,-7,+0
2211,1761645845.159000,1761645845.156500,2.500,-17596.5,-293.28,390,400,-10,+0
2212,1761645846.158000,1761645846.154500,3.500,-17595.5,-293.26,390,400,-10,+0
2213,1761645847.161000,1761645847.156000,5.000,-17594.5,-293.24,391,401,-9,+1
2214,1761645848.160000,1761645848.157500,2.500,-17593.5,-293.23,393,400,-7,+0
2215,1761645849.161500,1761645849.157500,4.000,-17592.5,-293.21,392,400,-8,+0
2216,1761645850.163000,1761645850.159500,3.500,-17591.5,-293.19,392,400,-8,+0
2217,1761645851.166000,1761645851.156500,9.500,-17590.5,-293.17,392,400,-8,+0
2218,1761645852.164000,1761645852.158000,6.000,-17589.5,-293.16,390,400,-10,+0
2219,1761645853.163000,1761645853.158000,5.000,-17588.5,-293.14,391,401,-9,+1
2220,1761645854.167000,1761645854.158500,8.500,-17587.5,-293.12,390,399,-10,-1
2221,1761645855.165000,1761645855.160500,4.500,-17586.5,-293.11,390,400,-10,+0
2222,1761645856.165500,1761645856.159000,6.500,-17585.5,-293.09,392,399,-8,-1
2223,1761645857.167500,1761645857.159500,8.000,-17584.5,-293.07,389,400,-11,+0
2224,1761645858.166500,1761645858.161000,5.500,-17583.5,-293.06,391,400,-9,+0
2225,1761645859.168500,1761645859.159500,9.000,-17582.5,-293.04,390,400,-10,+0
2226,1761645860.166500,1761645860.158500,8.000,-17581.5,-293.02,390,400,-10,+0
2227,1761645861.167000,1761645861.161000,6.000,-17580.5,-293.01,390,400,-10,+0
2228,1761645862.169500,1761645862.160000,9.500,-17579.5,-292.99,390,401,-10,+1
2229,1761645863.167500,1761645863.161500,6.000,-17578.5,-292.97,391,400,-9,+0
2230,1761645864.168000,1761645864.161000,7.000,-17577.5,-292.96,392,400,-8,+0
2231,1761645865.168500,1761645865.161500,7.000,-17576.5,-292.94,394,400,-6,+0
2232,1761645866.169000,1761645866.161000,8.000,-17575.5,-292.92,389,400,-11,+0
2233,1761645867.169000,1761645867.162500,6.500,-17574.5,-292.91,391,400,-9,+0
2234,1761645868.169000,1761645868.165500,3.500,-17573.5,-292.89,390,400,-10,+0
2235,1761645869.169500,1761645869.165000,4.500,-17572.5,-292.87,392,400,-8,+0
2236,1761645870.171000,1761645870.164000,7.000,-17571.5,-292.86,390,400,-10,+0
2237,1761645871.171500,1761645871.165000,6.500,-17570.5,-292.84,390,399,-10,-1
2238,1761645872.167000,1761645872.164500,2.500,-17569.5,-292.82,392,400,-8,+0
2239,1761645873.172500,1761645873.165000,7.500,-17568.5,-292.81,390,400,-10,+0
2240,1761645874.172000,1761645874.163000,9.000,-17567.5,-292.79,391,401,-9,+1
2241,1761645875.172500,1761645875.166000,6.500,-17566.5,-292.77,391,400,-9,+0
2242,1761645876.170500,1761645876.166500,4.000,-17565.5,-292.76,392,400,-8,+0
2243,1761645877.172500,1761645877.167000,5.500,-17564.5,-292.74,391,400,-9,+0
2244,1761645878.173000,1761645878.165000,8.000,-17563.5,-292.72,391,399,-9,-1
2245,1761645879.173500,1761645879.166500,7.000,-17562.5,-292.71,393,400,-7,+0
2246,1761645880.174000,1761645880.166000,8.000,-17561.5,-292.69,390,401,-10,+1
2247,1761645881.171500,1761645881.169000,2.500,-17560.5,-292.67,391,399,-9,-1
2248,1761645882.177000,1761645882.169500,7.500,-17559.5,-292.66,390,400,-10,+0
2249,1761645883.173500,1761645883.169000,4.500,-17558.5,-292.64,390,399,-10,-1
2250,1761645884.176000,1761645884.168500,7.500,-17557.5,-292.62,390,400,-10,+0
2251,1761645885.175000,1761645885.169000,6.000,-17556.5,-292.61,389,400,-11,+0
2252,1761645886.178000,1761645886.169500,8.500,-17555.5,-292.59,392,401,-8,+1
2253,1761645887.174000,1761645887.169500,4.500,-17554.5,-292.57,393,400,-7,+0
2254,1761645888.176500,1761645888.170000,6.500,-17553.5,-292.56,391,399,-9,-1
2255,1761645889.174500,1761645889.170500,4.000,-17552.5,-292.54,392,400,-8,+0
2256,1761645890.177500,1761645890.171000,6.500,-17551.5,-292.52,391,400,-9,+0
2257,1761645891.176500,1761645891.170500,6.000,-17550.5,-292.51,392,400,-8,+0
2258,1761645892.179500,1761645892.170000,9.500,-17549.5,-292.49,390,401,-10,+1
2259,1761645893.177500,1761645893.174000,3.500,-17548.5,-292.47,393,400,-7,+0
2260,1761645894.180000,1761645894.173500,6.500,-17547.5,-292.46,390,399,-10,-1
2261,1761645895.181500,1761645895.172500,9.000,-17546.5,-292.44,390,399,-10,-1
2262,1761645896.178500,1761645896.171500,7.000,-17545.5,-292.42,392,399,-8,-1
2263,1761645897.180000,1761645897.174500,5.500,-17544.5,-292.41,389,400,-11,+0
2264,1761645898.177500,1761645898.174500,3.000,-17543.5,-292.39,391,399,-9,-1
2265,1761645899.180000,1761645899.175000,5.000,-17542.5,-292.37,390,400,-10,+0
2266,1761645900.181500,1761645900.174500,7.000,-17541.5,-292.36,390,399,-10,-1
2267,1761645901.181000,1761645901.174500,6.500,-17540.5,-292.34,392,400,-8,+0
2268,1761645902.181000,1761645902.175000,6.000,-17539.5,-292.32,390,399,-10,-1
2269,1761645903.181500,1761645903.174000,7.500,-17538.5,-292.31,390,401,-10,+1
2270,1761645904.179500,1761645904.177000,2.500,-17537.5,-292.29,392,400,-8,+0
2271,1761645905.180500,1761645905.177500,3.000,-17536.5,-292.27,392,399,-8,-1
2272,1761645906.183500,1761645906.177000,6.500,-17535.5,-292.26,389,400,-11,+0
2273,1761645907.181500,1761645907.176500,5.000,-17534.5,-292.24,391,400,-9,+0
2274,1761645908.182000,1761645908.176000,6.000,-17533.5,-292.22,390,399,-10,-1
2275,1761645909.185000,1761645909.176500,8.500,-17532.5,-292.21,389,399,-11,-1
2276,1761645910.185500,1761645910.176000,9.500,-17531.5,-292.19,389,400,-11,+0
2277,1761645911.183500,1761645911.179000,4.500,-17530.5,-292.17,391,400,-9,+0
2278,1761645912.185000,1761645912.180500,4.500,-17529.5,-292.16,393,399,-7,-1
2279,1761645913.185000,1761645913.179500,5.500,-17528.5,-292.14,391,400,-9,+0
2280,1761645914.185500,1761645914.180000,5.500,-17527.5,-292.12,390,400,-10,+0
2281,1761645915.188500,1761645915.178000,10.500,-17526.5,-292.11,388,399,-12,-1
2282,1761645916.184000,1761645916.178500,5.500,-17525.5,-292.09,391,401,-9,+1
2283,1761645917.189000,1761645917.180500,8.500,-17524.5,-292.07,390,400,-10,+0
2284,1761645918.187000,1761645918.181500,5.500,-17523.5,-292.06,391,400,-9,+0
2285,1761645919.187500,1761645919.182000,5.500,-17522.5,-292.04,390,400,-10,+0
2286,1761645920.190500,1761645920.180000,10.500,-17521.5,-292.02,389,399,-11,-1
2287,1761645921.185500,1761645921.182000,3.500,-17520.5,-292.01,390,400,-10,+0
2288,1761645922.191000,1761645922.183500,7.500,-17519.5,-291.99,390,400,-10,+0
2289,1761645923.187500,1761645923.184000,3.500,-17518.5,-291.97,391,400,-9,+0
2290,1761645924.188500,1761645924.182500,6.000,-17517.5,-291.96,390,399,-10,-1
2291,1761645925.191000,1761645925.182500,8.500,-17516.5,-291.94,386,398,-14,-2
2292,1761645926.187500,1761645926.184000,3.500,-17515.5,-291.92,392,399,-8,-1
2293,1761645927.190500,1761645927.183500,7.000,-17514.5,-291.91,392,400,-8,+0
2294,1761645928.188500,1761645928.184000,4.500,-17513.5,-291.89,392,400,-8,+0
2295,1761645929.190500,1761645929.182000,8.500,-17512.5,-291.87,391,401,-9,+1
2296,1761645930.191000,1761645930.185000,6.000,-17511.5,-291.86,389,399,-11,-1
2297,1761645931.190500,1761645931.184500,6.000,-17510.5,-291.84,391,400,-9,+0
2298,1761645932.192500,1761645932.185000,7.500,-17509.5,-291.82,390,399,-10,-1
2299,1761645933.190500,1761645933.184500,6.000,-17508.5,-291.81,394,401,-6,+1
2300,1761645934.195500,1761645934.188500,7.000,-17507.5,-291.79,388,398,-12,-2
2301,1761645935.193500,1761645935.190000,3.500,-17506.5,-291.77,391,398,-9,-2
2302,1761645936.193500,1761645936.187500,6.000,-17505.5,-291.76,392,399,-8,-1
2303,1761645937.192500,1761645937.188000,4.500,-17504.5,-291.74,391,400,-9,+0
2304,1761645938.192500,1761645938.188500,4.000,-17503.5,-291.72,391,399,-9,-1
2305,1761645939.193000,1761645939.187000,6.000,-17502.5,-291.71,393,400,-7,+0
2306,1761645940.192000,1761645940.188500,3.500,-17501.5,-291.69,391,399,-9,-1
2307,1761645941.192500,1761645941.186500,6.000,-17500.5,-291.67,391,401,-9,+1
2308,1761645942.195000,1761645942.188500,6.500,-17499.5,-291.66,389,400,-11,+0
2309,1761645943.195500,1761645943.189000,6.500,-17498.5,-291.64,392,400,-8,+0
2310,1761645944.196000,1761645944.189500,6.500,-17497.5,-291.62,392,400,-8,+0
2311,1761645945.194000,1761645945.189500,4.500,-17496.5,-291.61,394,400,-6,+0
2312,1761645946.199500,1761645946.191000,8.500,-17495.5,-291.59,390,399,-10,-1
2313,1761645947.195000,1761645947.188000,7.000,-17494.5,-291.57,390,401,-10,+1
2314,1761645948.195000,1761645948.192000,3.000,-17493.5,-291.56,391,400,-9,+0
2315,1761645949.196500,1761645949.192500,4.000,-17492.5,-291.54,391,400,-9,+0
2316,1761645950.196000,1761645950.190500,5.500,-17491.5,-291.52,389,400,-11,+0
2317,1761645951.196500,1761645951.192000,4.500,-17490.5,-291.51,390,400,-10,+0
2318,1761645952.197000,1761645952.191000,6.000,-17489.5,-291.49,389,400,-11,+0
2319,1761645953.198500,1761645953.190500,8.000,-17488.5,-291.47,390,400,-10,+0
2320,1761645954.197000,1761645954.191000,6.000,-17487.5,-291.46,390,401,-10,+1
2321,1761645955.195500,1761645955.194000,1.500,-17486.5,-291.44,391,400,-9,+0
2322,1761645956.198000,1761645956.194500,3.500,-17485.5,-291.42,391,400,-9,+0
2323,1761645957.198500,1761645957.192500,6.000,-17484.5,-291.41,390,398,-10,-2
2324,1761645958.198000,1761645958.193000,5.000,-17483.5,-291.39,391,400,-9,+0
2325,1761645959.198500,1761645959.192500,6.000,-17482.5,-291.37,391,400,-9,+0
2326,1761645960.199000,1761645960.193000,6.000,-17481.5,-291.36,392,401,-8,+1
2327,1761645961.202000,1761645961.197000,5.000,-17480.5,-291.34,392,400,-8,+0
2328,1761645962.200000,1761645962.196500,3.500,-17479.5,-291.32,392,400,-8,+0
2329,1761645963.201500,1761645963.197000,4.500,-17478.5,-291.31,389,399,-11,-1
2330,1761645964.203000,1761645964.196000,7.000,-17477.5,-291.29,390,400,-10,+0
2331,1761645965.203500,1761645965.196500,7.000,-17476.5,-291.27,389,401,-11,+1
2332,1761645966.202500,1761645966.197000,5.500,-17475.5,-291.26,392,399,-8,-1
2333,1761645967.202000,1761645967.198500,3.500,-17474.5,-291.24,392,400,-8,+0
2334,1761645968.203500,1761645968.197500,6.000,-17473.5,-291.22,390,400,-10,+0
2335,1761645969.205500,1761645969.200500,5.000,-17472.5,-291.21,389,399,-11,-1
2336,1761645970.203500,1761645970.197500,6.000,-17471.5,-291.19,390,401,-10,+1
2337,1761645971.206500,1761645971.200500,6.000,-17470.5,-291.17,389,399,-11,-1
2338,1761645972.207000,1761645972.201000,6.000,-17469.5,-291.16,391,400,-9,+0
2339,1761645973.204000,1761645973.200500,3.500,-17468.5,-291.14,390,400,-10,+0
2340,1761645974.205500,1761645974.200000,5.500,-17467.5,-291.12,391,399,-9,-1
2341,1761645975.205000,1761645975.199000,6.000,-17466.5,-291.11,390,400,-10,+0
2342,1761645976.204000,1761645976.199500,4.500,-17465.5,-291.09,393,401,-7,+1
2343,1761645977.207000,1761645977.203500,3.500,-17464.5,-291.07,389,400,-11,+0
2344,1761645978.207500,1761645978.203000,4.500,-17463.5,-291.06,389,400,-11,+0
2345,1761645979.204500,1761645979.203500,1.000,-17462.5,-291.04,390,400,-10,+0
2346,1761645980.210000,1761645980.201500,8.500,-17461.5,-291.02,390,399,-10,-1
2347,1761645981.207000,1761645981.202000,5.000,-17460.5,-291.01,391,401,-9,+1
2348,1761645982.207500,1761645982.204000,3.500,-17459.5,-290.99,390,399,-10,-1
2349,1761645983.209000,1761645983.204500,4.500,-17458.5,-290.97,390,400,-10,+0
2350,1761645984.207000,1761645984.205000,2.000,-17457.5,-290.96,391,399,-9,-1
2351,1761645985.208500,1761645985.205500,3.000,-17456.5,-290.94,390,400,-10,+0
2352,1761645986.209000,1761645986.206000,3.000,-17455.5,-290.92,389,401,-11,+1
2353,1761645987.210500,1761645987.206500,4.000,-17454.5,-290.91,392,400,-8,+0
2354,1761645988.211000,1761645988.207000,4.000,-17453.5,-290.89,390,400,-10,+0
2355,1761645989.211500,1761645989.206000,5.500,-17452.5,-290.87,391,400,-9,+0
2356,1761645990.212000,1761645990.205500,6.500,-17451.5,-290.86,392,398,-8,-2
2357,1761645991.212500,1761645991.206000,6.500,-17450.5,-290.84,389,400,-11,+0
2358,1761645992.210500,1761645992.206500,4.000,-17449.5,-290.82,390,400,-10,+0
2359,1761645993.211500,1761645993.206000,5.500,-17448.5,-290.81,391,400,-9,+0
2360,1761645994.214500,1761645994.211500,3.000,-17447.5,-290.79,388,399,-12,-1
2361,1761645995.215000,1761645995.209500,5.500,-17446.5,-290.77,389,400,-11,+0
2362,1761645996.215500,1761645996.208500,7.000,-17445.5,-290.76,393,399,-7,-1
2363,1761645997.216000,1761645997.207500,8.500,-17444.4,-290.74,392,401,-8,+1
2364,1761645998.218000,1761645998.211500,6.500,-17443.4,-290.72,393,400,-7,+0
2365,1761645999.217500,1761645999.213000,4.500,-17442.4,-290.71,391,399,-9,-1
2366,1761646000.218000,1761646000.210000,8.000,-17441.4,-290.69,390,400,-10,+0
2367,1761646001.221000,1761646001.210500,10.500,-17440.4,-290.67,1169,400,+769,+0
2370,1761646004.215500,1761646004.213500,2.000,-17437.5,-290.62,389,399,-11,-1
2371,1761646005.217500,1761646005.214000,3.500,-17436.4,-290.61,389,400,-11,+0
2372,1761646006.218000,1761646006.213000,5.000,-17435.4,-290.59,389,400,-11,+0
2373,1761646007.217500,1761646007.213500,4.000,-17434.4,-290.57,389,400,-11,+0
2374,1761646008.218000,1761646008.214000,4.000,-17433.4,-290.56,391,400,-9,+0
2375,1761646009.218500,1761646009.216000,2.500,-17432.4,-290.54,390,400,-10,+0
2376,1761646010.220500,1761646010.216500,4.000,-17431.4,-290.52,391,400,-9,+0
2377,1761646011.218500,1761646011.216000,2.500,-17430.4,-290.51,389,400,-11,+0
2378,1761646012.219000,1761646012.214000,5.000,-17429.4,-290.49,390,400,-10,+0
2379,1761646013.221000,1761646013.214500,6.500,-17428.4,-290.47,390,399,-10,-1
2380,1761646014.221000,1761646014.214500,6.500,-17427.4,-290.46,390,401,-10,+1
2381,1761646015.221000,1761646015.220000,1.000,-17426.4,-290.44,391,397,-9,-3
2382,1761646016.222500,1761646016.218500,4.000,-17425.4,-290.42,390,400,-10,+0
2383,1761646017.222000,1761646017.216500,5.500,-17424.4,-290.41,390,400,-10,+0
2384,1761646018.222500,1761646018.217000,5.500,-17423.4,-290.39,391,400,-9,+0
2385,1761646019.228000,1761646019.218500,9.500,-17422.4,-290.37,389,400,-11,+0
2386,1761646020.224500,1761646020.218500,6.000,-17421.4,-290.36,391,400,-9,+0
2387,1761646021.224000,1761646021.220000,4.000,-17420.4,-290.34,391,399,-9,-1
2388,1761646022.227000,1761646022.221500,5.500,-17419.4,-290.32,392,399,-8,-1
2389,1761646023.226000,1761646023.219500,6.500,-17418.4,-290.31,392,400,-8,+0
2390,1761646024.225500,1761646024.222500,3.000,-17417.4,-290.29,392,397,-8,-3
2391,1761646025.228500,1761646025.219000,9.500,-17416.4,-290.27,389,400,-11,+0
2392,1761646026.226000,1761646026.222000,4.000,-17415.4,-290.26,391,400,-9,+0
2393,1761646027.228500,1761646027.221000,7.500,-17414.4,-290.24,391,400,-9,+0
2394,1761646028.228000,1761646028.221000,7.000,-17413.4,-290.22,392,400,-8,+0
2395,1761646029.231000,1761646029.221000,10.000,-17412.4,-290.21,391,398,-9,-2
2396,1761646030.230500,1761646030.221500,9.000,-17411.4,-290.19,391,401,-9,+1
2397,1761646031.231000,1761646031.224500,6.500,-17410.4,-290.17,391,400,-9,+0
2398,1761646032.230500,1761646032.223500,7.000,-17409.4,-290.16,392,400,-8,+0
2399,1761646033.232000,1761646033.223500,8.500,-17408.4,-290.14,391,399,-9,-1
2400,1761646034.230000,1761646034.224000,6.000,-17407.4,-290.12,392,400,-8,+0
2401,1761646035.233500,1761646035.226500,7.000,-17406.4,-290.11,391,400,-9,+0
2402,1761646036.232500,1761646036.227000,5.500,-17405.4,-290.09,391,400,-9,+0
2403,1761646037.234500,1761646037.227500,7.000,-17404.4,-290.07,391,400,-9,+0
2404,1761646038.235000,1761646038.228000,7.000,-17403.4,-290.06,392,400,-8,+0
2405,1761646039.234000,1761646039.226000,8.000,-17402.4,-290.04,390,400,-10,+0
2406,1761646040.232000,1761646040.229000,3.000,-17401.4,-290.02,391,399,-9,-1
2407,1761646041.235000,1761646041.228000,7.000,-17400.4,-290.01,390,400,-10,+0
2408,1761646042.234000,1761646042.228500,5.500,-17399.4,-289.99,391,399,-9,-1
2409,1761646043.237000,1761646043.227500,9.500,-17398.4,-289.97,389,401,-11,+1
2410,1761646044.235000,1761646044.231500,3.500,-17397.4,-289.96,390,397,-10,-3
2411,1761646045.235500,1761646045.232000,3.500,-17396.4,-289.94,390,399,-10,-1
2412,1761646046.234000,1761646046.231000,3.000,-17395.4,-289.92,391,399,-9,-1
2413,1761646047.235500,1761646047.232000,3.500,-17394.4,-289.91,393,399,-7,-1
2414,1761646048.237000,1761646048.230000,7.000,-17393.4,-289.89,390,400,-10,+0
2415,1761646049.238500,1761646049.230000,8.500,-17392.4,-289.87,391,399,-9,-1
2416,1761646050.236500,1761646050.230500,6.000,-17391.4,-289.86,390,400,-10,+0
2417,1761646051.237000,1761646051.230000,7.000,-17390.4,-289.84,391,401,-9,+1
2418,1761646052.240000,1761646052.232000,8.000,-17389.4,-289.82,387,400,-13,+0
2419,1761646053.238000,1761646053.232500,5.500,-17388.4,-289.81,390,400,-10,+0
2420,1761646054.238500,1761646054.233000,5.500,-17387.4,-289.79,391,399,-9,-1
2421,1761646055.242500,1761646055.231500,11.000,-17386.4,-289.77,390,400,-10,+0
2422,1761646056.240500,1761646056.232500,8.000,-17385.4,-289.76,389,400,-11,+0
2423,1761646057.239500,1761646057.236000,3.500,-17384.4,-289.74,390,399,-10,-1
2424,1761646058.240000,1761646058.234000,6.000,-17383.4,-289.72,391,400,-9,+0
2425,1761646059.241500,1761646059.235500,6.000,-17382.4,-289.71,389,399,-11,-1
2426,1761646060.239500,1761646060.236000,3.500,-17381.4,-289.69,391,398,-9,-2
2427,1761646061.241500,1761646061.235500,6.000,-17380.4,-289.67,391,398,-9,-2
2428,1761646062.242000,1761646062.236000,6.000,-17379.4,-289.66,391,399,-9,-1
2429,1761646063.243500,1761646063.237500,6.000,-17378.4,-289.64,389,400,-11,+0
2430,1761646064.244000,1761646064.238000,6.000,-17377.4,-289.62,388,399,-12,-1
2431,1761646065.240500,1761646065.238500,2.000,-17376.4,-289.61,390,398,-10,-2
2432,1761646066.241500,1761646066.238000,3.500,-17375.4,-289.59,390,400,-10,+0
2433,1761646067.242000,1761646067.238500,3.500,-17374.4,-289.57,391,399,-9,-1
2434,1761646068.245000,1761646068.236500,8.500,-17373.4,-289.56,389,400,-11,+0
2435,1761646069.245500,1761646069.237000,8.500,-17372.4,-289.54,391,401,-9,+1
2436,1761646070.244500,1761646070.241000,3.500,-17371.4,-289.52,390,399,-10,-1
2437,1761646071.243500,1761646071.240000,3.500,-17370.4,-289.51,393,399,-7,-1
2438,1761646072.243500,1761646072.239000,4.500,-17369.4,-289.49,392,399,-8,-1
2439,1761646073.248000,1761646073.239500,8.500,-17368.4,-289.47,389,400,-11,+0
2440,1761646074.247000,1761646074.242000,5.000,-17367.4,-289.46,392,399,-8,-1
2441,1761646075.244000,1761646075.238500,5.500,-17366.4,-289.44,393,401,-7,+1
2442,1761646076.248000,1761646076.241000,7.000,-17365.4,-289.42,389,399,-11,-1
2443,1761646077.246000,1761646077.242500,3.500,-17364.4,-289.41,391,399,-9,-1
2444,1761646078.249000,1761646078.240500,8.500,-17363.4,-289.39,391,399,-9,-1
2445,1761646079.249000,1761646079.240500,8.500,-17362.4,-289.37,392,399,-8,-1
2446,1761646080.248000,1761646080.242000,6.000,-17361.4,-289.36,390,399,-10,-1
2447,1761646081.249500,1761646081.241000,8.500,-17360.4,-289.34,391,401,-9,+1
2448,1761646082.247000,1761646082.244000,3.000,-17359.4,-289.32,392,399,-8,-1
2449,1761646083.248500,1761646083.243000,5.500,-17358.4,-289.31,391,400,-9,+0
2450,1761646084.247500,1761646084.243000,4.500,-17357.4,-289.29,392,399,-8,-1
2451,1761646085.251500,1761646085.242500,9.000,-17356.4,-289.27,390,399,-10,-1
2452,1761646086.251000,1761646086.243000,8.000,-17355.4,-289.26,391,401,-9,+1
2453,1761646087.249000,1761646087.246000,3.000,-17354.4,-289.24,390,400,-10,+0
2454,1761646088.251000,1761646088.246500,4.500,-17353.4,-289.22,390,400,-10,+0
2455,1761646089.250500,1761646089.246000,4.500,-17352.4,-289.21,391,400,-9,+0
2456,1761646090.253500,1761646090.246500,7.000,-17351.4,-289.19,391,400,-9,+0
2457,1761646091.253500,1761646091.245000,8.500,-17350.4,-289.17,389,400,-11,+0
2458,1761646092.253500,1761646092.247500,6.000,-17349.4,-289.16,392,400,-8,+0
2459,1761646093.252500,1761646093.248000,4.500,-17348.4,-289.14,390,400,-10,+0
2460,1761646094.251500,1761646094.247000,4.500,-17347.4,-289.12,391,400,-9,+0
2461,1761646095.253000,1761646095.249500,3.500,-17346.4,-289.11,389,399,-11,-1
2462,1761646096.253500,1761646096.247500,6.000,-17345.4,-289.09,390,401,-10,+1
2463,1761646097.253500,1761646097.250000,3.500,-17344.4,-289.07,392,399,-8,-1
2464,1761646098.255500,1761646098.250000,5.500,-17343.4,-289.06,392,400,-8,+0
2465,1761646099.253500,1761646099.250500,3.000,-17342.4,-289.04,391,400,-9,+0
2466,1761646100.257500,1761646100.249500,8.000,-17341.4,-289.02,390,400,-10,+0
2467,1761646101.255500,1761646101.249000,6.500,-17340.4,-289.01,390,400,-10,+0
2468,1761646102.256000,1761646102.250500,5.500,-17339.4,-288.99,390,401,-10,+1
2469,1761646103.257500,1761646103.251000,6.500,-17338.4,-288.97,389,400,-11,+0
2470,1761646104.257000,1761646104.251500,5.500,-17337.4,-288.96,390,400,-10,+0
2471,1761646105.257500,1761646105.254500,3.000,-17336.4,-288.94,390,398,-10,-2
2472,1761646106.259000,1761646106.252500,6.500,-17335.4,-288.92,388,400,-12,+0
2473,1761646107.259500,1761646107.251500,8.000,-17334.4,-288.91,392,401,-8,+1
2474,1761646108.260000,1761646108.254000,6.000,-17333.4,-288.89,390,400,-10,+0
2475,1761646109.257000,1761646109.254000,3.000,-17332.4,-288.87,393,400,-7,+0
2476,1761646110.260000,1761646110.254500,5.500,-17331.4,-288.86,389,400,-11,+0
2477,1761646111.258000,1761646111.254000,4.000,-17330.4,-288.84,390,400,-10,+0
2478,1761646112.257000,1761646112.253500,3.500,-17329.4,-288.82,390,399,-10,-1
2479,1761646113.259000,1761646113.256000,3.000,-17328.4,-288.81,392,400,-8,+0
2480,1761646114.260500,1761646114.257500,3.000,-17327.4,-288.79,391,399,-9,-1
2481,1761646115.260000,1761646115.254500,5.500,-17326.4,-288.77,390,400,-10,+0
2482,1761646116.259000,1761646116.255000,4.000,-17325.4,-288.76,389,400,-11,+0
2483,1761646117.260500,1761646117.254500,6.000,-17324.4,-288.74,390,400,-10,+0
2484,1761646118.260000,1761646118.257000,3.000,-17323.4,-288.72,389,400,-11,+0
2485,1761646119.261500,1761646119.256000,5.500,-17322.4,-288.71,390,400,-10,+0
2486,1761646120.259500,1761646120.257500,2.000,-17321.4,-288.69,389,400,-11,+0
2487,1761646121.259000,1761646121.256500,2.500,-17320.4,-288.67,390,400,-10,+0
2488,1761646122.259500,1761646122.257000,2.500,-17319.4,-288.66,391,400,-9,+0
2489,1761646123.261000,1761646123.256000,5.000,-17318.4,-288.64,390,398,-10,-2
2490,1761646124.261500,1761646124.257500,4.000,-17317.4,-288.62,389,401,-11,+1
2491,1761646125.261500,1761646125.259500,2.000,-17316.4,-288.61,391,400,-9,+0
2492,1761646126.264000,1761646126.258500,5.500,-17315.4,-288.59,389,400,-11,+0
2493,1761646127.265500,1761646127.259000,6.500,-17314.4,-288.57,390,400,-10,+0
2494,1761646128.263500,1761646128.259000,4.500,-17313.4,-288.56,389,401,-11,+1
2495,1761646129.263500,1761646129.260500,3.000,-17312.4,-288.54,391,399,-9,-1
2496,1761646130.262500,1761646130.262000,0.500,-17311.4,-288.52,392,400,-8,+0
2497,1761646131.264000,1761646131.261000,3.000,-17310.4,-288.51,389,399,-11,-1
2498,1761646132.264500,1761646132.261500,3.000,-17309.4,-288.49,390,400,-10,+0
2499,1761646133.267500,1761646133.259500,8.000,-17308.4,-288.47,389,399,-11,-1
2500,1761646134.268000,1761646134.260000,8.000,-17307.4,-288.46,391,401,-9,+1
2501,1761646135.270500,1761646135.263500,7.000,-17306.4,-288.44,391,399,-9,-1
2502,1761646136.265000,1761646136.264000,1.000,-17305.4,-288.42,392,396,-8,-4
2503,1761646137.265500,1761646137.262000,3.500,-17304.4,-288.41,391,398,-9,-2
2504,1761646138.267000,1761646138.263500,3.500,-17303.4,-288.39,390,400,-10,+0
2505,1761646139.268500,1761646139.262500,6.000,-17302.4,-288.37,388,400,-12,+0
2506,1761646140.268000,1761646140.262500,5.500,-17301.4,-288.36,392,400,-8,+0
2507,1761646141.268500,1761646141.265500,3.000,-17300.4,-288.34,389,397,-11,-3
2508,1761646142.269000,1761646142.266000,3.000,-17299.4,-288.32,390,400,-10,+0
2509,1761646143.269500,1761646143.266500,3.000,-17298.4,-288.31,389,399,-11,-1
2510,1761646144.270000,1761646144.265500,4.500,-17297.4,-288.29,389,400,-11,+0
2511,1761646145.268000,1761646145.264500,3.500,-17296.4,-288.27,392,400,-8,+0
2512,1761646146.269500,1761646146.267500,2.000,-17295.4,-288.26,392,399,-8,-1
2513,1761646147.272000,1761646147.269000,3.000,-17294.4,-288.24,391,399,-9,-1
2514,1761646148.270000,1761646148.267000,3.000,-17293.4,-288.22,393,400,-7,+0
2515,1761646149.273500,1761646149.267500,6.000,-17292.4,-288.21,392,399,-8,-1
2516,1761646150.272500,1761646150.266500,6.000,-17291.4,-288.19,391,400,-9,+0
2517,1761646151.274000,1761646151.267000,7.000,-17290.4,-288.17,392,401,-8,+1
2518,1761646152.277000,1761646152.270000,7.000,-17289.4,-288.16,390,400,-10,+0
2519,1761646153.277500,1761646153.269000,8.500,-17288.4,-288.14,390,400,-10,+0
2520,1761646154.277500,1761646154.269500,8.000,-17287.4,-288.12,389,398,-11,-2
2521,1761646155.278000,1761646155.270000,8.000,-17286.4,-288.11,390,401,-10,+1
2522,1761646156.280500,1761646156.272000,8.500,-17285.4,-288.09,390,400,-10,+0
2523,1761646157.278500,1761646157.272500,6.000,-17284.4,-288.07,391,399,-9,-1
2524,1761646158.282500,1761646158.271500,11.000,-17283.4,-288.06,390,400,-10,+0
2525,1761646159.279000,1761646159.272000,7.000,-17282.4,-288.04,391,401,-9,+1
2526,1761646160.279500,1761646160.275000,4.500,-17281.4,-288.02,393,400,-7,+0
2527,1761646161.280000,1761646161.273000,7.000,-17280.4,-288.01,392,400,-8,+0
2528,1761646162.281500,1761646162.274500,7.000,-17279.4,-287.99,392,400,-8,+0
2529,1761646163.280500,1761646163.278000,2.500,-17278.4,-287.97,393,399,-7,-1
2530,1761646164.279500,1761646164.272500,7.000,-17277.4,-287.96,392,399,-8,-1
2531,1761646165.284500,1761646165.276500,8.000,-17276.4,-287.94,389,400,-11,+0
2532,1761646166.279500,1761646166.277000,2.500,-17275.4,-287.92,392,401,-8,+1
2533,1761646167.281500,1761646167.280000,1.500,-17274.4,-287.91,387,399,-13,-1
2534,1761646168.284000,1761646168.279000,5.000,-17273.4,-287.89,393,400,-7,+0
2535,1761646169.283000,1761646169.278000,5.000,-17272.4,-287.87,392,400,-8,+0
2536,1761646170.284500,1761646170.278000,6.500,-17271.4,-287.86,387,400,-13,+0
2537,1761646171.282500,1761646171.280500,2.000,-17270.4,-287.84,390,400,-10,+0
2538,1761646172.285500,1761646172.281000,4.500,-17269.4,-287.82,391,400,-9,+0
2539,1761646173.283500,1761646173.281500,2.000,-17268.4,-287.81,390,400,-10,+0
2540,1761646174.286500,1761646174.282000,4.500,-17267.4,-287.79,390,399,-10,-1
2541,1761646175.284500,1761646175.281000,3.500,-17266.4,-287.77,392,400,-8,+0
2542,1761646176.285500,1761646176.280500,5.000,-17265.4,-287.76,391,401,-9,+1
2543,1761646177.287000,1761646177.283500,3.500,-17264.4,-287.74,391,400,-9,+0
2544,1761646178.288500,1761646178.283000,5.500,-17263.4,-287.72,393,400,-7,+0
2545,1761646179.287500,1761646179.282000,5.500,-17262.4,-287.71,392,399,-8,-1
2546,1761646180.289000,1761646180.284500,4.500,-17261.4,-287.69,392,400,-8,+0
2547,1761646181.290500,1761646181.286000,4.500,-17260.4,-287.67,393,399,-7,-1
2548,1761646182.292500,1761646182.285500,7.000,-17259.4,-287.66,391,400,-9,+0
2549,1761646183.293000,1761646183.286000,7.000,-17258.4,-287.64,390,399,-10,-1
2550,1761646184.293500,1761646184.285000,8.500,-17257.4,-287.62,390,400,-10,+0
2551,1761646185.291500,1761646185.288000,3.500,-17256.4,-287.61,390,400,-10,+0
2552,1761646186.291000,1761646186.287000,4.000,-17255.4,-287.59,392,400,-8,+0
2553,1761646187.292500,1761646187.288500,4.000,-17254.4,-287.57,392,400,-8,+0
2554,1761646188.297000,1761646188.288000,9.000,-17253.4,-287.56,390,400,-10,+0
2555,1761646189.297500,1761646189.286000,11.500,-17252.4,-287.54,388,400,-12,+0
2556,1761646190.294500,1761646190.287500,7.000,-17251.4,-287.52,393,399,-7,-1
2557,1761646191.298500,1761646191.288000,10.500,-17250.4,-287.51,391,401,-9,+1
2558,1761646192.295000,1761646192.291000,4.000,-17249.4,-287.49,391,400,-9,+0
2559,1761646193.298000,1761646193.290000,8.000,-17248.4,-287.47,390,400,-10,+0
2560,1761646194.295000,1761646194.290500,4.500,-17247.4,-287.46,390,400,-10,+0
2561,1761646195.299500,1761646195.291000,8.500,-17246.4,-287.44,390,400,-10,+0
2562,1761646196.297000,1761646196.290000,7.000,-17245.4,-287.42,392,401,-8,+1
2563,1761646197.294000,1761646197.294000,0.000,-17244.4,-287.41,391,399,-9,-1
2564,1761646198.293500,1761646198.292000,1.500,-17243.4,-287.39,390,400,-10,+0
2565,1761646199.295000,1761646199.291000,4.000,-17242.4,-287.37,392,399,-8,-1
2566,1761646200.295500,1761646200.292500,3.000,-17241.4,-287.36,389,400,-11,+0
2567,1761646201.294500,1761646201.291500,3.000,-17240.4,-287.34,393,400,-7,+0
2568,1761646202.296500,1761646202.292000,4.500,-17239.4,-287.32,390,400,-10,+0
2569,1761646203.295500,1761646203.292500,3.000,-17238.4,-287.31,391,400,-9,+0
2570,1761646204.296000,1761646204.292500,3.500,-17237.4,-287.29,392,401,-8,+1
2571,1761646205.301500,1761646205.293500,8.000,-17236.4,-287.27,391,400,-9,+0
2572,1761646206.302000,1761646206.293000,9.000,-17235.4,-287.26,391,400,-9,+0
2573,1761646207.299500,1761646207.294500,5.000,-17234.4,-287.24,391,399,-9,-1
2574,1761646208.301500,1761646208.295000,6.500,-17233.4,-287.22,391,399,-9,-1
2575,1761646209.300500,1761646209.294000,6.500,-17232.4,-287.21,394,400,-6,+0
2576,1761646210.304500,1761646210.295500,9.000,-17231.4,-287.19,390,401,-10,+1
2577,1761646211.300000,1761646211.298500,1.500,-17230.4,-287.17,392,398,-8,-2
2578,1761646212.300500,1761646212.296500,4.000,-17229.4,-287.16,390,398,-10,-2
2579,1761646213.302000,1761646213.295500,6.500,-17228.4,-287.14,391,400,-9,+0
2580,1761646214.304000,1761646214.297000,7.000,-17227.4,-287.12,391,400,-9,+0
2581,1761646215.303500,1761646215.297500,6.000,-17226.4,-287.11,390,400,-10,+0
2582,1761646216.305000,1761646216.295500,9.500,-17225.4,-287.09,392,401,-8,+1
2583,1761646217.303000,1761646217.298500,4.500,-17224.4,-287.07,393,399,-7,-1
2584,1761646218.306000,1761646218.297500,8.500,-17223.4,-287.06,392,400,-8,+0
2585,1761646219.305000,1761646219.299000,6.000,-17222.4,-287.04,391,398,-9,-2
2586,1761646220.306500,1761646220.298000,8.500,-17221.4,-287.02,391,400,-9,+0
2587,1761646221.305500,1761646221.298500,7.000,-17220.4,-287.01,391,399,-9,-1
2588,1761646222.303500,1761646222.299000,4.500,-17219.4,-286.99,393,400,-7,+0
2589,1761646223.306500,1761646223.299500,7.000,-17218.4,-286.97,391,399,-9,-1
2590,1761646224.309000,1761646224.298000,11.000,-17217.4,-286.96,389,398,-11,-2
2591,1761646225.307000,1761646225.298500,8.500,-17216.4,-286.94,389,400,-11,+0
2592,1761646226.305000,1761646226.300000,5.000,-17215.4,-286.92,391,400,-9,+0
2593,1761646227.305500,1761646227.299500,6.000,-17214.4,-286.91,391,398,-9,-2
2594,1761646228.305500,1761646228.299500,6.000,-17213.4,-286.89,391,400,-9,+0
2595,1761646229.305000,1761646229.299500,5.500,-17212.4,-286.87,392,400,-8,+0
2596,1761646230.304000,1761646230.300500,3.500,-17211.4,-286.86,392,399,-8,-1
2597,1761646231.309000,1761646231.301000,8.000,-17210.4,-286.84,390,400,-10,+0
2598,1761646232.307000,1761646232.301500,5.500,-17209.4,-286.82,392,401,-8,+1
2599,1761646233.307500,1761646233.302500,5.000,-17208.4,-286.81,392,398,-8,-2
2600,1761646234.308000,1761646234.302000,6.000,-17207.4,-286.79,391,400,-9,+0
2601,1761646235.309500,1761646235.303500,6.000,-17206.4,-286.77,388,398,-12,-2
2602,1761646236.310000,1761646236.301500,8.500,-17205.4,-286.76,390,400,-10,+0
2603,1761646237.310500,1761646237.302500,8.000,-17204.4,-286.74,390,399,-10,-1
2604,1761646238.309500,1761646238.303500,6.000,-17203.4,-286.72,391,399,-9,-1
2605,1761646239.310000,1761646239.301500,8.500,-17202.4,-286.71,393,400,-7,+0
2606,1761646240.309000,1761646240.302000,7.000,-17201.4,-286.69,392,400,-8,+0
2607,1761646241.309500,1761646241.305000,4.500,-17200.4,-286.67,390,400,-10,+0
2608,1761646242.312500,1761646242.305500,7.000,-17199.4,-286.66,391,399,-9,-1
2609,1761646243.310500,1761646243.304500,6.000,-17198.4,-286.64,391,399,-9,-1
2610,1761646244.309500,1761646244.304500,5.000,-17197.4,-286.62,393,398,-7,-2
2611,1761646245.314500,1761646245.303500,11.000,-17196.4,-286.61,391,399,-9,-1
2612,1761646246.313500,1761646246.305000,8.500,-17195.4,-286.59,391,400,-9,+0
2613,1761646247.312000,1761646247.308500,3.500,-17194.4,-286.57,391,397,-9,-3
2614,1761646248.311500,1761646248.306500,5.000,-17193.4,-286.56,392,400,-8,+0
2615,1761646249.312500,1761646249.306000,6.500,-17192.4,-286.54,391,400,-9,+0
2616,1761646250.315500,1761646250.307500,8.000,-17191.4,-286.52,391,399,-9,-1
2617,1761646251.314500,1761646251.305500,9.000,-17190.4,-286.51,390,400,-10,+0
2618,1761646252.317500,1761646252.306000,11.500,-17189.3,-286.49,390,400,-10,+0
2619,1761646253.313500,1761646253.309000,4.500,-17188.4,-286.47,393,400,-7,+0
2620,1761646254.317500,1761646254.311500,6.000,-17187.3,-286.46,390,399,-10,-1
2621,1761646255.315500,1761646255.307500,8.000,-17186.4,-286.44,392,400,-8,+0
2622,1761646256.314500,1761646256.309000,5.500,-17185.4,-286.42,390,401,-10,+1
2623,1761646257.315000,1761646257.312000,3.000,-17184.4,-286.41,390,400,-10,+0
2624,1761646258.315500,1761646258.313500,2.000,-17183.4,-286.39,391,399,-9,-1
2625,1761646259.316000,1761646259.311500,4.500,-17182.3,-286.37,391,400,-9,+0
2626,1761646260.316500,1761646260.313000,3.500,-17181.3,-286.36,390,398,-10,-2
2627,1761646261.319000,1761646261.314500,4.500,-17180.3,-286.34,390,399,-10,-1
2628,1761646262.318000,1761646262.311500,6.500,-17179.3,-286.32,390,400,-10,+0
2629,1761646263.317000,1761646263.310500,6.500,-17178.3,-286.31,391,401,-9,+1
2630,1761646264.318500,1761646264.312000,6.500,-17177.3,-286.29,390,400,-10,+0
2631,1761646265.319000,1761646265.312500,6.500,-17176.3,-286.27,392,400,-8,+0
2632,1761646266.320500,1761646266.314000,6.500,-17175.3,-286.26,391,400,-9,+0
2633,1761646267.318500,1761646267.313000,5.500,-17174.3,-286.24,392,401,-8,+1
2634,1761646268.322000,1761646268.316000,6.000,-17173.3,-286.22,390,400,-10,+0
2635,1761646269.322500,1761646269.315000,7.500,-17172.3,-286.21,389,400,-11,+0
2636,1761646270.321000,1761646270.315500,5.500,-17171.3,-286.19,392,399,-8,-1
2637,1761646271.319000,1761646271.315500,3.500,-17170.3,-286.17,393,400,-7,+0
2638,1761646272.321000,1761646272.315500,5.500,-17169.3,-286.16,392,400,-8,+0
2639,1761646273.322500,1761646273.315500,7.000,-17168.3,-286.14,392,400,-8,+0
2640,1761646274.323000,1761646274.317000,6.000,-17167.3,-286.12,392,400,-8,+0
2641,1761646275.322000,1761646275.317500,4.500,-17166.3,-286.11,392,400,-8,+0
2642,1761646276.327000,1761646276.321500,5.500,-17165.3,-286.09,390,399,-10,-1
2643,1761646277.326500,1761646277.318000,8.500,-17164.3,-286.07,391,399,-9,-1
2644,1761646278.326500,1761646278.319000,7.500,-17163.3,-286.06,391,399,-9,-1
2645,1761646279.325500,1761646279.321000,4.500,-17162.3,-286.04,391,400,-9,+0
2646,1761646280.325500,1761646280.320000,5.500,-17161.3,-286.02,391,398,-9,-2
2647,1761646281.327000,1761646281.320500,6.500,-17160.3,-286.01,389,400,-11,+0
2648,1761646282.324500,1761646282.320000,4.500,-17159.3,-285.99,393,401,-7,+1
2649,1761646283.333500,1761646283.321500,12.000,-17158.3,-285.97,389,400,-11,+0
2650,1761646284.327500,1761646284.322000,5.500,-17157.3,-285.96,391,400,-9,+0
2651,1761646285.329000,1761646285.324000,5.000,-17156.3,-285.94,392,398,-8,-2
2652,1761646286.328000,1761646286.322000,6.000,-17155.3,-285.92,390,399,-10,-1
2653,1761646287.327000,1761646287.322500,4.500,-17154.3,-285.91,392,401,-8,+1
2654,1761646288.330000,1761646288.325500,4.500,-17153.3,-285.89,392,400,-8,+0
2655,1761646289.334000,1761646289.323500,10.500,-17152.3,-285.87,395,400,-5,+0
2656,1761646290.325000,1761646290.325500,0.500,-17151.3,-285.86,395,400,-5,+0
2657,1761646291.329500,1761646291.324000,5.500,-17150.3,-285.84,392,400,-8,+0
2658,1761646292.329000,1761646292.324500,4.500,-17149.3,-285.82,395,400,-5,+0
2659,1761646293.330000,1761646293.324000,6.000,-17148.3,-285.81,393,401,-7,+1
2660,1761646294.333000,1761646294.328000,5.000,-17147.3,-285.79,390,400,-10,+0
2661,1761646295.333500,1761646295.327500,6.000,-17146.3,-285.77,391,400,-9,+0
2662,1761646296.331500,1761646296.328000,3.500,-17145.3,-285.76,393,400,-7,+0
2663,1761646297.331500,1761646297.327000,4.500,-17144.3,-285.74,391,399,-9,-1
2664,1761646298.332000,1761646298.326000,6.000,-17143.3,-285.72,390,400,-10,+0
2665,1761646299.332500,1761646299.325500,7.000,-17142.3,-285.71,393,401,-7,+1
2666,1761646300.332000,1761646300.327500,4.500,-17141.3,-285.69,391,400,-9,+0
2667,1761646301.331500,1761646301.328000,3.500,-17140.3,-285.67,391,400,-9,+0
2668,1761646302.333500,1761646302.327500,6.000,-17139.3,-285.66,389,400,-11,+0
2669,1761646303.336000,1761646303.330000,6.000,-17138.3,-285.64,390,400,-10,+0
2670,1761646304.335500,1761646304.328000,7.500,-17137.3,-285.62,391,401,-9,+1
2671,1761646305.336000,1761646305.330000,6.000,-17136.3,-285.61,390,400,-10,+0
2672,1761646306.335500,1761646306.331500,4.000,-17135.3,-285.59,391,399,-9,-1
2673,1761646307.335000,1761646307.331000,4.000,-17134.3,-285.57,392,399,-8,-1
2674,1761646308.335500,1761646308.331500,4.000,-17133.3,-285.56,392,400,-8,+0
2675,1761646309.337500,1761646309.330500,7.000,-17132.3,-285.54,392,400,-8,+0
2676,1761646310.335500,1761646310.331000,4.500,-17131.3,-285.52,392,400,-8,+0
2677,1761646311.336000,1761646311.331500,4.500,-17130.3,-285.51,392,400,-8,+0
2678,1761646312.338000,1761646312.329500,8.500,-17129.3,-285.49,390,401,-10,+1
2679,1761646313.335000,1761646313.332500,2.500,-17128.3,-285.47,393,400,-7,+0
2680,1761646314.340000,1761646314.332500,7.500,-17127.3,-285.46,393,400,-7,+0
2681,1761646315.338000,1761646315.333000,5.000,-17126.3,-285.44,392,400,-8,+0
2682,1761646316.339500,1761646316.333000,6.500,-17125.3,-285.42,392,398,-8,-2
2683,1761646317.337000,1761646317.332000,5.000,-17124.3,-285.41,392,400,-8,+0
2684,1761646318.341000,1761646318.332500,8.500,-17123.3,-285.39,389,401,-11,+1
2685,1761646319.340500,1761646319.335500,5.000,-17122.3,-285.37,390,397,-10,-3
2686,1761646320.340500,1761646320.334500,6.000,-17121.3,-285.36,392,399,-8,-1
2687,1761646321.341000,1761646321.334500,6.500,-17120.3,-285.34,390,399,-10,-1
2688,1761646322.341000,1761646322.335000,6.000,-17119.3,-285.32,392,401,-8,+1
2689,1761646323.344000,1761646323.337500,6.500,-17118.3,-285.31,393,400,-7,+0
2690,1761646324.341000,1761646324.337000,4.000,-17117.3,-285.29,393,400,-7,+0
2691,1761646325.340500,1761646325.337500,3.000,-17116.3,-285.27,392,398,-8,-2
2692,1761646326.341000,1761646326.337000,4.000,-17115.3,-285.26,391,400,-9,+0
2693,1761646327.341500,1761646327.337500,4.000,-17114.3,-285.24,391,400,-9,+0
2694,1761646328.342000,1761646328.338000,4.000,-17113.3,-285.22,391,401,-9,+1
2695,1761646329.341500,1761646329.343500,2.000,-17112.3,-285.21,392,398,-8,-2
2696,1761646330.344500,1761646330.340500,4.000,-17111.3,-285.19,390,400,-10,+0
2697,1761646331.344000,1761646331.338500,5.500,-17110.3,-285.17,391,399,-9,-1
2698,1761646332.344500,1761646332.338000,6.500,-17109.3,-285.16,390,399,-10,-1
2699,1761646333.345000,1761646333.338500,6.500,-17108.3,-285.14,389,401,-11,+1
2700,1761646334.346500,1761646334.342500,4.000,-17107.3,-285.12,390,400,-10,+0
2701,1761646335.347000,1761646335.341500,5.500,-17106.3,-285.11,390,399,-10,-1
2702,1761646336.345000,1761646336.342000,3.000,-17105.3,-285.09,390,399,-10,-1
2703,1761646337.345500,1761646337.341000,4.500,-17104.3,-285.07,391,400,-9,+0
2704,1761646338.345000,1761646338.340500,4.500,-17103.3,-285.06,391,400,-9,+0
2705,1761646339.344500,1761646339.341000,3.500,-17102.3,-285.04,392,400,-8,+0
2706,1761646340.346000,1761646340.341500,4.500,-17101.3,-285.02,392,400,-8,+0
2707,1761646341.347500,1761646341.344000,3.500,-17100.3,-285.01,391,399,-9,-1
2708,1761646342.351500,1761646342.343000,8.500,-17099.3,-284.99,390,400,-10,+0
2709,1761646343.351500,1761646343.343000,8.500,-17098.3,-284.97,391,400,-9,+0
2710,1761646344.352000,1761646344.343000,9.000,-17097.3,-284.96,391,399,-9,-1
2711,1761646345.352500,1761646345.344500,8.000,-17096.3,-284.94,391,399,-9,-1
2712,1761646346.350500,1761646346.345000,5.500,-17095.3,-284.92,391,400,-9,+0
2713,1761646347.353500,1761646347.342000,11.500,-17094.3,-284.91,390,401,-10,+1
2714,1761646348.350500,1761646348.346000,4.500,-17093.3,-284.89,390,400,-10,+0
2715,1761646349.348500,1761646349.345500,3.000,-17092.3,-284.87,390,400,-10,+0
2716,1761646350.354000,1761646350.347000,7.000,-17091.3,-284.86,389,400,-11,+0
2717,1761646351.353000,1761646351.351000,2.000,-17090.3,-284.84,390,398,-10,-2
2718,1761646352.351000,1761646352.346500,4.500,-17089.3,-284.82,393,399,-7,-1
2719,1761646353.351500,1761646353.346000,5.500,-17088.3,-284.81,390,400,-10,+0
2720,1761646354.355500,1761646354.345000,10.500,-17087.3,-284.79,388,400,-12,+0
2721,1761646355.353500,1761646355.345500,8.000,-17086.3,-284.77,393,400,-7,+0
2722,1761646356.355000,1761646356.347000,8.000,-17085.3,-284.76,391,399,-9,-1
2723,1761646357.351000,1761646357.347500,3.500,-17084.3,-284.74,392,398,-8,-2
2724,1761646358.351000,1761646358.348000,3.000,-17083.3,-284.72,391,400,-9,+0
2725,1761646359.351500,1761646359.348500,3.000,-17082.3,-284.71,391,400,-9,+0
2726,1761646360.353000,1761646360.347500,5.500,-17081.3,-284.69,391,400,-9,+0
2727,1761646361.353000,1761646361.349000,4.000,-17080.3,-284.67,390,401,-10,+1
2728,1761646362.353500,1761646362.349500,4.000,-17079.3,-284.66,390,400,-10,+0
2729,1761646363.356500,1761646363.350000,6.500,-17078.3,-284.64,390,400,-10,+0
2730,1761646364.354500,1761646364.350500,4.000,-17077.3,-284.62,391,400,-9,+0
2731,1761646365.357500,1761646365.351000,6.500,-17076.3,-284.61,392,399,-8,-1
2732,1761646366.358000,1761646366.350500,7.500,-17075.3,-284.59,391,400,-9,+0
2733,1761646367.356000,1761646367.349500,6.500,-17074.3,-284.57,389,401,-11,+1
2734,1761646368.358000,1761646368.352500,5.500,-17073.3,-284.56,390,400,-10,+0
2735,1761646369.358500,1761646369.354500,4.000,-17072.3,-284.54,389,399,-11,-1
2736,1761646370.359000,1761646370.352500,6.500,-17071.3,-284.52,393,400,-7,+0
2737,1761646371.358500,1761646371.352000,6.500,-17070.3,-284.51,389,400,-11,+0
2738,1761646372.359000,1761646372.352500,6.500,-17069.3,-284.49,391,400,-9,+0
2739,1761646373.362000,1761646373.353000,9.000,-17068.3,-284.47,389,400,-11,+0
2740,1761646374.360000,1761646374.351000,9.000,-17067.3,-284.46,393,401,-7,+1
2741,1761646375.359500,1761646375.355000,4.500,-17066.3,-284.44,391,398,-9,-2
2742,1761646376.362000,1761646376.354000,8.000,-17065.3,-284.42,393,400,-7,+0
2743,1761646377.359500,1761646377.354500,5.000,-17064.3,-284.41,393,400,-7,+0
2744,1761646378.360000,1761646378.353500,6.500,-17063.3,-284.39,390,400,-10,+0
2745,1761646379.363000,1761646379.354000,9.000,-17062.3,-284.37,391,399,-9,-1
2746,1761646380.362000,1761646380.354000,8.000,-17061.3,-284.36,391,400,-9,+0
2747,1761646381.362500,1761646381.354500,8.000,-17060.3,-284.34,389,401,-11,+1
2748,1761646382.360500,1761646382.356500,4.000,-17059.3,-284.32,392,400,-8,+0
2749,1761646383.364500,1761646383.357000,7.500,-17058.3,-284.31,395,400,-5,+0
2750,1761646384.363500,1761646384.355500,8.000,-17057.3,-284.29,394,400,-6,+0
2751,1761646385.363500,1761646385.357500,6.000,-17056.3,-284.27,391,399,-9,-1
2752,1761646386.367500,1761646386.358000,9.500,-17055.3,-284.25,388,399,-12,-1
2753,1761646387.365500,1761646387.357000,8.500,-17054.3,-284.24,391,400,-9,+0
2754,1761646388.363500,1761646388.357500,6.000,-17053.3,-284.22,392,399,-8,-1
2755,1761646389.366500,1761646389.355500,11.000,-17052.3,-284.20,391,400,-9,+0
2756,1761646390.362000,1761646390.358500,3.500,-17051.3,-284.19,394,399,-6,-1
2757,1761646391.363500,1761646391.358000,5.500,-17050.3,-284.17,393,399,-7,-1
2758,1761646392.365500,1761646392.360000,5.500,-17049.3,-284.16,391,400,-9,+0
2759,1761646393.367500,1761646393.359500,8.000,-17048.3,-284.14,390,397,-10,-3
2760,1761646394.367000,1761646394.358500,8.500,-17047.3,-284.12,392,400,-8,+0
2761,1761646395.368500,1761646395.360500,8.000,-17046.3,-284.10,390,400,-10,+0
2762,1761646396.367000,1761646396.361000,6.000,-17045.3,-284.09,392,399,-8,-1
2763,1761646397.366000,1761646397.361000,5.000,-17044.3,-284.07,394,399,-6,-1
2764,1761646398.371500,1761646398.360000,11.500,-17043.3,-284.05,389,399,-11,-1
2765,1761646399.366000,1761646399.359500,6.500,-17042.3,-284.04,391,400,-9,+0
2766,1761646400.369000,1761646400.360000,9.000,-17041.3,-284.02,391,399,-9,-1
2767,1761646401.370500,1761646401.361500,9.000,-17040.3,-284.00,389,400,-11,+0
2768,1761646402.370000,1761646402.363000,7.000,-17039.3,-283.99,391,400,-9,+0
2769,1761646403.369500,1761646403.363000,6.500,-17038.3,-283.97,390,400,-10,+0
2770,1761646404.371000,1761646404.362000,9.000,-17037.3,-283.95,389,400,-11,+0
2771,1761646405.370000,1761646405.363500,6.500,-17036.3,-283.94,390,398,-10,-2
2772,1761646406.371500,1761646406.364000,7.500,-17035.3,-283.92,392,400,-8,+0
2773,1761646407.370500,1761646407.363000,7.500,-17034.3,-283.90,391,399,-9,-1
2774,1761646408.373500,1761646408.363500,10.000,-17033.3,-283.89,390,401,-10,+1
2775,1761646409.371500,1761646409.364000,7.500,-17032.3,-283.87,392,399,-8,-1
2776,1761646410.375500,1761646410.366500,9.000,-17031.3,-283.85,389,400,-11,+0
2777,1761646411.373500,1761646411.364500,9.000,-17030.3,-283.84,391,398,-9,-2
2778,1761646412.375000,1761646412.365500,9.500,-17029.3,-283.82,393,399,-7,-1
2779,1761646413.373500,1761646413.365000,8.500,-17028.3,-283.80,390,401,-10,+1
2780,1761646414.375000,1761646414.368000,7.000,-17027.3,-283.79,391,400,-9,+0
2781,1761646415.373000,1761646415.366000,7.000,-17026.3,-283.77,392,399,-8,-1
2782,1761646416.376500,1761646416.366500,10.000,-17025.3,-283.75,390,399,-10,-1
2783,1761646417.371000,1761646417.366000,5.000,-17024.3,-283.74,390,400,-10,+0
2784,1761646418.375000,1761646418.369000,6.000,-17023.3,-283.72,391,400,-9,+0
2785,1761646419.373000,1761646419.369500,3.500,-17022.3,-283.70,391,400,-9,+0
2786,1761646420.376000,1761646420.370000,6.000,-17021.3,-283.69,389,399,-11,-1
2787,1761646421.376500,1761646421.370500,6.000,-17020.3,-283.67,388,400,-12,+0
2788,1761646422.375500,1761646422.370000,5.500,-17019.3,-283.65,390,400,-10,+0
2789,1761646423.377500,1761646423.373000,4.500,-17018.3,-283.64,390,399,-10,-1
2790,1761646424.378000,1761646424.372000,6.000,-17017.3,-283.62,391,399,-9,-1
2791,1761646425.376000,1761646425.371500,4.500,-17016.3,-283.60,390,400,-10,+0
2792,1761646426.378500,1761646426.372000,6.500,-17015.3,-283.59,391,399,-9,-1
2793,1761646427.378000,1761646427.372500,5.500,-17014.3,-283.57,392,400,-8,+0
2794,1761646428.379000,1761646428.371500,7.500,-17013.3,-283.55,390,400,-10,+0
2795,1761646429.378500,1761646429.371500,7.000,-17012.3,-283.54,391,401,-9,+1
2796,1761646430.378000,1761646430.374500,3.500,-17011.3,-283.52,390,400,-10,+0
2797,1761646431.381000,1761646431.374000,7.000,-17010.3,-283.50,390,399,-10,-1
2798,1761646432.381500,1761646432.373000,8.500,-17009.3,-283.49,389,400,-11,+0
2799,1761646433.381000,1761646433.374500,6.500,-17008.3,-283.47,388,400,-12,+0
2800,1761646434.380000,1761646434.374500,5.500,-17007.3,-283.45,391,399,-9,-1
2801,1761646435.383000,1761646435.374500,8.500,-17006.3,-283.44,390,401,-10,+1
2802,1761646436.381000,1761646436.377500,3.500,-17005.3,-283.42,391,399,-9,-1
2803,1761646437.385000,1761646437.376500,8.500,-17004.3,-283.40,390,399,-10,-1
2804,1761646438.384000,1761646438.375500,8.500,-17003.3,-283.39,392,400,-8,+0
2805,1761646439.385500,1761646439.374500,11.000,-17002.3,-283.37,391,400,-9,+0
2806,1761646440.386000,1761646440.375500,10.500,-17001.3,-283.35,388,398,-12,-2
2807,1761646441.381500,1761646441.375500,6.000,-17000.3,-283.34,392,400,-8,+0
2808,1761646442.381000,1761646442.375000,6.000,-16999.3,-283.32,390,401,-10,+1
2809,1761646443.382500,1761646443.377500,5.000,-16998.3,-283.30,392,400,-8,+0
2810,1761646444.383500,1761646444.379000,4.500,-16997.3,-283.29,390,400,-10,+0
2811,1761646445.384000,1761646445.378500,5.500,-16996.3,-283.27,392,399,-8,-1
2812,1761646446.384500,1761646446.378000,6.500,-16995.3,-283.25,391,400,-9,+0
2813,1761646447.387500,1761646447.378500,9.000,-16994.3,-283.24,391,400,-9,+0
2814,1761646448.384000,1761646448.380500,3.500,-16993.3,-283.22,390,400,-10,+0
2815,1761646449.384500,1761646449.381000,3.500,-16992.3,-283.20,393,398,-7,-2
2816,1761646450.386000,1761646450.381500,4.500,-16991.3,-283.19,391,400,-9,+0
2817,1761646451.389000,1761646451.379500,9.500,-16990.3,-283.17,391,400,-9,+0
2818,1761646452.386000,1761646452.380000,6.000,-16989.3,-283.15,392,400,-8,+0
2819,1761646453.387500,1761646453.379500,8.000,-16988.3,-283.14,390,400,-10,+0
2820,1761646454.390000,1761646454.378500,11.500,-16987.3,-283.12,392,398,-8,-2
2821,1761646455.386500,1761646455.384000,2.500,-16986.3,-283.10,392,399,-8,-1
2822,1761646456.387000,1761646456.384000,3.000,-16985.3,-283.09,391,400,-9,+0
2823,1761646457.390000,1761646457.381000,9.000,-16984.3,-283.07,392,400,-8,+0
2824,1761646458.386500,1761646458.383500,3.000,-16983.3,-283.05,392,400,-8,+0
2825,1761646459.389500,1761646459.381500,8.000,-16982.3,-283.04,390,400,-10,+0
2826,1761646460.390000,1761646460.382000,8.000,-16981.3,-283.02,391,401,-9,+1
2827,1761646461.391000,1761646461.385000,6.000,-16980.3,-283.00,391,399,-9,-1
2828,1761646462.393000,1761646462.385000,8.000,-16979.3,-282.99,391,399,-9,-1
2829,1761646463.394500,1761646463.386000,8.500,-16978.3,-282.97,390,399,-10,-1
2830,1761646464.390000,1761646464.384000,6.000,-16977.3,-282.95,392,400,-8,+0
2831,1761646465.392000,1761646465.384500,7.500,-16976.3,-282.94,391,400,-9,+0
2832,1761646466.391000,1761646466.385000,6.000,-16975.3,-282.92,391,400,-9,+0
2833,1761646467.392500,1761646467.386500,6.000,-16974.3,-282.90,393,400,-7,+0
2834,1761646468.391000,1761646468.385500,5.500,-16973.3,-282.89,391,400,-9,+0
2835,1761646469.389000,1761646469.387500,1.500,-16972.3,-282.87,392,399,-8,-1
2836,1761646470.389500,1761646470.386000,3.500,-16971.3,-282.85,392,400,-8,+0
2837,1761646471.393500,1761646471.386500,7.000,-16970.3,-282.84,392,400,-8,+0
2838,1761646472.393500,1761646472.387500,6.000,-16969.3,-282.82,391,400,-9,+0
2839,1761646473.391500,1761646473.390500,1.000,-16968.3,-282.80,391,400,-9,+0
2840,1761646474.394500,1761646474.388500,6.000,-16967.3,-282.79,392,400,-8,+0
2841,1761646475.393500,1761646475.392500,1.000,-16966.3,-282.77,392,399,-8,-1
2842,1761646476.393500,1761646476.390000,3.500,-16965.3,-282.75,391,400,-9,+0
2843,1761646477.396500,1761646477.388500,8.000,-16964.3,-282.74,391,400,-9,+0
2844,1761646478.397000,1761646478.389000,8.000,-16963.3,-282.72,388,398,-12,-2
2845,1761646479.397000,1761646479.388500,8.500,-16962.3,-282.70,391,398,-9,-2
2846,1761646480.395000,1761646480.389000,6.000,-16961.3,-282.69,392,401,-8,+1
2847,1761646481.396000,1761646481.392500,3.500,-16960.3,-282.67,392,399,-8,-1
2848,1761646482.398000,1761646482.392500,5.500,-16959.3,-282.65,391,400,-9,+0
2849,1761646483.398500,1761646483.390500,8.000,-16958.3,-282.64,391,400,-9,+0
2850,1761646484.399000,1761646484.391000,8.000,-16957.3,-282.62,389,400,-11,+0
2851,1761646485.397000,1761646485.390000,7.000,-16956.3,-282.60,392,400,-8,+0
2852,1761646486.397500,1761646486.389500,8.000,-16955.3,-282.59,390,400,-10,+0
2853,1761646487.395500,1761646487.391500,4.000,-16954.3,-282.57,391,400,-9,+0
2854,1761646488.395500,1761646488.391500,4.000,-16953.3,-282.55,391,399,-9,-1
2855,1761646489.396000,1761646489.390500,5.500,-16952.3,-282.54,391,400,-9,+0
2856,1761646490.396500,1761646490.389500,7.000,-16951.3,-282.52,393,401,-7,+1
2857,1761646491.398000,1761646491.392500,5.500,-16950.3,-282.50,390,399,-10,-1
2858,1761646492.397500,1761646492.393000,4.500,-16949.3,-282.49,391,400,-9,+0
2859,1761646493.396500,1761646493.393500,3.000,-16948.3,-282.47,389,400,-11,+0
2860,1761646494.397500,1761646494.392000,5.500,-16947.3,-282.45,393,400,-7,+0
2861,1761646495.396000,1761646495.392500,3.500,-16946.3,-282.44,391,400,-9,+0
2862,1761646496.398000,1761646496.393000,5.000,-16945.3,-282.42,390,400,-10,+0
2863,1761646497.398500,1761646497.393500,5.000,-16944.3,-282.40,393,401,-7,+1
2864,1761646498.399000,1761646498.396500,2.500,-16943.3,-282.39,392,400,-8,+0
2865,1761646499.398500,1761646499.396000,2.500,-16942.3,-282.37,391,400,-9,+0
2866,1761646500.399000,1761646500.396500,2.500,-16941.3,-282.35,390,400,-10,+0
2867,1761646501.403000,1761646501.396000,7.000,-16940.3,-282.34,391,400,-9,+0
2868,1761646502.401000,1761646502.396000,5.000,-16939.3,-282.32,393,400,-7,+0
2869,1761646503.401500,1761646503.398000,3.500,-16938.3,-282.30,390,400,-10,+0
2870,1761646504.400500,1761646504.398500,2.000,-16937.3,-282.29,392,399,-8,-1
2871,1761646505.401000,1761646505.396500,4.500,-16936.3,-282.27,391,399,-9,-1
2872,1761646506.402500,1761646506.398000,4.500,-16935.3,-282.25,390,399,-10,-1
2873,1761646507.402000,1761646507.397500,4.500,-16934.3,-282.24,390,400,-10,+0
2874,1761646508.402000,1761646508.397500,4.500,-16933.3,-282.22,392,400,-8,+0
2875,1761646509.405000,1761646509.398000,7.000,-16932.3,-282.20,391,400,-9,+0
2876,1761646510.403000,1761646510.396000,7.000,-16931.3,-282.19,391,400,-9,+0
2877,1761646511.407000,1761646511.398000,9.000,-16930.3,-282.17,388,398,-12,-2
2878,1761646512.402500,1761646512.398500,4.000,-16929.3,-282.15,394,400,-6,+0
2879,1761646513.406500,1761646513.399000,7.500,-16928.3,-282.14,390,400,-10,+0
2880,1761646514.405500,1761646514.399500,6.000,-16927.3,-282.12,393,399,-7,-1
2881,1761646515.407000,1761646515.398500,8.500,-16926.3,-282.10,391,400,-9,+0
2882,1761646516.407500,1761646516.401000,6.500,-16925.3,-282.09,391,400,-9,+0
2883,1761646517.405500,1761646517.402500,3.000,-16924.3,-282.07,388,399,-12,-1
2884,1761646518.404500,1761646518.403000,1.500,-16923.3,-282.05,391,399,-9,-1
2885,1761646519.406000,1761646519.401000,5.000,-16922.3,-282.04,392,400,-8,+0
2886,1761646520.405000,1761646520.401500,3.500,-16921.3,-282.02,393,398,-7,-2
2887,1761646521.409500,1761646521.400500,9.000,-16920.3,-282.00,391,401,-9,+1
2888,1761646522.406000,1761646522.403000,3.000,-16919.3,-281.99,393,400,-7,+0
2889,1761646523.407500,1761646523.403500,4.000,-16918.3,-281.97,393,399,-7,-1
2890,1761646524.408000,1761646524.403500,4.500,-16917.3,-281.95,391,400,-9,+0
2891,1761646525.408500,1761646525.403000,5.500,-16916.3,-281.94,392,400,-8,+0
2892,1761646526.409500,1761646526.403500,6.000,-16915.3,-281.92,390,400,-10,+0
2893,1761646527.409500,1761646527.404000,5.500,-16914.3,-281.90,391,400,-9,+0
2894,1761646528.407500,1761646528.402500,5.000,-16913.3,-281.89,391,400,-9,+0
2895,1761646529.410500,1761646529.407500,3.000,-16912.3,-281.87,390,399,-10,-1
2896,1761646530.411000,1761646530.406000,5.000,-16911.3,-281.85,392,400,-8,+0
2897,1761646531.410000,1761646531.405500,4.500,-16910.3,-281.84,389,399,-11,-1
2898,1761646532.410000,1761646532.407000,3.000,-16909.3,-281.82,389,400,-11,+0
2899,1761646533.411000,1761646533.406500,4.500,-16908.3,-281.80,392,400,-8,+0
2900,1761646534.411000,1761646534.405500,5.500,-16907.3,-281.79,391,400,-9,+0
2901,1761646535.410500,1761646535.405000,5.500,-16906.3,-281.77,392,401,-8,+1
2902,1761646536.412000,1761646536.408500,3.500,-16905.3,-281.75,392,400,-8,+0
2903,1761646537.414500,1761646537.407500,7.000,-16904.3,-281.74,388,400,-12,+0
2904,1761646538.412500,1761646538.408000,4.500,-16903.3,-281.72,388,400,-12,+0
2905,1761646539.413000,1761646539.408500,4.500,-16902.3,-281.70,390,399,-10,-1
2906,1761646540.415000,1761646540.406500,8.500,-16901.3,-281.69,391,398,-9,-2
2907,1761646541.414000,1761646541.407000,7.000,-16900.3,-281.67,391,400,-9,+0
2908,1761646542.417000,1761646542.407500,9.500,-16899.2,-281.65,391,401,-9,+1
2909,1761646543.415000,1761646543.411500,3.500,-16898.3,-281.64,390,399,-10,-1
2910,1761646544.416500,1761646544.410500,6.000,-16897.2,-281.62,391,398,-9,-2
2911,1761646545.416500,1761646545.411000,5.500,-16896.2,-281.60,392,400,-8,+0
2912,1761646546.413000,1761646546.409000,4.000,-16895.3,-281.59,393,399,-7,-1
2913,1761646547.412500,1761646547.409500,3.000,-16894.3,-281.57,393,399,-7,-1
2914,1761646548.416500,1761646548.411500,5.000,-16893.2,-281.55,393,400,-7,+0
2915,1761646549.414500,1761646549.413000,1.500,-16892.3,-281.54,392,399,-8,-1
2916,1761646550.417500,1761646550.411000,6.500,-16891.2,-281.52,390,399,-10,-1
2917,1761646551.416000,1761646551.412500,3.500,-16890.2,-281.50,393,400,-7,+0
2918,1761646552.416500,1761646552.413500,3.000,-16889.2,-281.49,395,400,-5,+0
2919,1761646553.418000,1761646553.412000,6.000,-16888.2,-281.47,391,399,-9,-1
2920,1761646554.418500,1761646554.413000,5.500,-16887.2,-281.45,392,399,-8,-1
2921,1761646555.419000,1761646555.411000,8.000,-16886.2,-281.44,391,401,-9,+1
2922,1761646556.418000,1761646556.415000,3.000,-16885.2,-281.42,392,400,-8,+0
2923,1761646557.419500,1761646557.416000,3.500,-16884.2,-281.40,392,398,-8,-2
2924,1761646558.421000,1761646558.413000,8.000,-16883.2,-281.39,391,400,-9,+0
2925,1761646559.422000,1761646559.416000,6.000,-16882.2,-281.37,391,399,-9,-1
2926,1761646560.422500,1761646560.414000,8.500,-16881.2,-281.35,389,397,-11,-3
2927,1761646561.421500,1761646561.413000,8.500,-16880.2,-281.34,391,400,-9,+0
2928,1761646562.419500,1761646562.416000,3.500,-16879.2,-281.32,392,399,-8,-1
2929,1761646563.422000,1761646563.417500,4.500,-16878.2,-281.30,389,400,-11,+0
2930,1761646564.422500,1761646564.416500,6.000,-16877.2,-281.29,390,399,-10,-1
2931,1761646565.422500,1761646565.416500,6.000,-16876.2,-281.27,390,401,-10,+1
2932,1761646566.424000,1761646566.418500,5.500,-16875.2,-281.25,392,400,-8,+0
2933,1761646567.426500,1761646567.418500,8.000,-16874.2,-281.24,392,399,-8,-1
2934,1761646568.423500,1761646568.420000,3.500,-16873.2,-281.22,392,399,-8,-1
2935,1761646569.427000,1761646569.418500,8.500,-16872.2,-281.20,390,400,-10,+0
2936,1761646570.423500,1761646570.418000,5.500,-16871.2,-281.19,391,400,-9,+0
2937,1761646571.425500,1761646571.418500,7.000,-16870.2,-281.17,389,401,-11,+1
2938,1761646572.426500,1761646572.421500,5.000,-16869.2,-281.15,392,399,-8,-1
2939,1761646573.427000,1761646573.422000,5.000,-16868.2,-281.14,391,400,-9,+0
2940,1761646574.428500,1761646574.421500,7.000,-16867.2,-281.12,389,400,-11,+0
2941,1761646575.427500,1761646575.422000,5.500,-16866.2,-281.10,392,400,-8,+0
2942,1761646576.427000,1761646576.420000,7.000,-16865.2,-281.09,390,399,-10,-1
2943,1761646577.427500,1761646577.420500,7.000,-16864.2,-281.07,392,400,-8,+0
2944,1761646578.426500,1761646578.421000,5.500,-16863.2,-281.05,394,400,-6,+0
2945,1761646579.425500,1761646579.420000,5.500,-16862.2,-281.04,390,401,-10,+1
2946,1761646580.425500,1761646580.423000,2.500,-16861.2,-281.02,392,400,-8,+0
2947,1761646581.427500,1761646581.423000,4.500,-16860.2,-281.00,393,399,-7,-1
2948,1761646582.429500,1761646582.423500,6.000,-16859.2,-280.99,390,400,-10,+0
2949,1761646583.427500,1761646583.422500,5.000,-16858.2,-280.97,391,399,-9,-1
2950,1761646584.428000,1761646584.423000,5.000,-16857.2,-280.95,391,400,-9,+0
2951,1761646585.427000,1761646585.427000,0.000,-16856.2,-280.94,391,400,-9,+0
2952,1761646586.430000,1761646586.424500,5.500,-16855.2,-280.92,390,399,-10,-1
2953,1761646587.426500,1761646587.425000,1.500,-16854.2,-280.90,391,400,-9,+0
2954,1761646588.428500,1761646588.428000,0.500,-16853.2,-280.89,393,399,-7,-1
2955,1761646589.431500,1761646589.426000,5.500,-16852.2,-280.87,389,399,-11,-1
2956,1761646590.430500,1761646590.424500,6.000,-16851.2,-280.85,392,401,-8,+1
2957,1761646591.431500,1761646591.426500,5.000,-16850.2,-280.84,393,399,-7,-1
2958,1761646592.434000,1761646592.428000,6.000,-16849.2,-280.82,391,400,-9,+0
2959,1761646593.434500,1761646593.427000,7.500,-16848.2,-280.80,389,400,-11,+0
2960,1761646594.432500,1761646594.427500,5.000,-16847.2,-280.79,391,400,-9,+0
2961,1761646595.434000,1761646595.428000,6.000,-16846.2,-280.77,388,398,-12,-2
2962,1761646596.434500,1761646596.426000,8.500,-16845.2,-280.75,388,400,-12,+0
2963,1761646597.432500,1761646597.426500,6.000,-16844.2,-280.74,391,400,-9,+0
2964,1761646598.434500,1761646598.430500,4.000,-16843.2,-280.72,390,400,-10,+0
2965,1761646599.435000,1761646599.429000,6.000,-16842.2,-280.70,393,400,-7,+0
2966,1761646600.433000,1761646600.429000,4.000,-16841.2,-280.69,389,399,-11,-1
2967,1761646601.431500,1761646601.430000,1.500,-16840.2,-280.67,391,400,-9,+0
2968,1761646602.435000,1761646602.431000,4.000,-16839.2,-280.65,393,400,-7,+0
2969,1761646603.434000,1761646603.429000,5.000,-16838.2,-280.64,390,400,-10,+0
2970,1761646604.433500,1761646604.431000,2.500,-16837.2,-280.62,390,400,-10,+0
2971,1761646605.435500,1761646605.431500,4.000,-16836.2,-280.60,391,400,-9,+0
2972,1761646606.433500,1761646606.432000,1.500,-16835.2,-280.59,393,399,-7,-1
2973,1761646607.434000,1761646607.432500,1.500,-16834.2,-280.57,392,400,-8,+0
2974,1761646608.434500,1761646608.433000,1.500,-16833.2,-280.55,390,399,-10,-1
2975,1761646609.436000,1761646609.432500,3.500,-16832.2,-280.54,392,398,-8,-2
2976,1761646610.435500,1761646610.432500,3.000,-16831.2,-280.52,393,401,-7,+1
2977,1761646611.437500,1761646611.434500,3.000,-16830.2,-280.50,392,400,-8,+0
2978,1761646612.439000,1761646612.435500,3.500,-16829.2,-280.49,391,399,-9,-1
2979,1761646613.440500,1761646613.434500,6.000,-16828.2,-280.47,391,399,-9,-1
2980,1761646614.441000,1761646614.435000,6.000,-16827.2,-280.45,389,398,-11,-2
2981,1761646615.440000,1761646615.434000,6.000,-16826.2,-280.44,390,400,-10,+0
2982,1761646616.440500,1761646616.437000,3.500,-16825.2,-280.42,390,398,-10,-2
2983,1761646617.441000,1761646617.437000,4.000,-16824.2,-280.40,390,399,-10,-1
2984,1761646618.441500,1761646618.435000,6.500,-16823.2,-280.39,390,400,-10,+0
2985,1761646619.439500,1761646619.436500,3.000,-16822.2,-280.37,391,400,-9,+0
2986,1761646620.442000,1761646620.436500,5.500,-16821.2,-280.35,391,401,-9,+1
2987,1761646621.442500,1761646621.439500,3.000,-16820.2,-280.34,392,400,-8,+0
2988,1761646622.443000,1761646622.437500,5.500,-16819.2,-280.32,391,399,-9,-1
2989,1761646623.444500,1761646623.439000,5.500,-16818.2,-280.30,391,399,-9,-1
2990,1761646624.443500,1761646624.437000,6.500,-16817.2,-280.29,391,399,-9,-1
2991,1761646625.443500,1761646625.437000,6.500,-16816.2,-280.27,391,400,-9,+0
2992,1761646626.447000,1761646626.438500,8.500,-16815.2,-280.25,392,399,-8,-1
2993,1761646627.442000,1761646627.438500,3.500,-16814.2,-280.24,391,400,-9,+0
2994,1761646628.443500,1761646628.440000,3.500,-16813.2,-280.22,390,399,-10,-1
2995,1761646629.444000,1761646629.441000,3.000,-16812.2,-280.20,392,398,-8,-2
2996,1761646630.443000,1761646630.440000,3.000,-16811.2,-280.19,389,398,-11,-2
2997,1761646631.443000,1761646631.439500,3.500,-16810.2,-280.17,391,400,-9,+0
2998,1761646632.446000,1761646632.439500,6.500,-16809.2,-280.15,392,398,-8,-2
2999,1761646633.445000,1761646633.441500,3.500,-16808.2,-280.14,393,398,-7,-2
3000,1761646634.446500,1761646634.439500,7.000,-16807.2,-280.12,391,401,-9,+1
3001,1761646635.447000,1761646635.442500,4.500,-16806.2,-280.10,390,399,-10,-1
3002,1761646636.448500,1761646636.442500,6.000,-16805.2,-280.09,390,400,-10,+0
3003,1761646637.445500,1761646637.442500,3.000,-16804.2,-280.07,390,400,-10,+0
3004,1761646638.446000,1761646638.443500,2.500,-16803.2,-280.05,391,400,-9,+0
3005,1761646639.448000,1761646639.442500,5.500,-16802.2,-280.04,389,398,-11,-2
3006,1761646640.447000,1761646640.443500,3.500,-16801.2,-280.02,390,399,-10,-1
3007,1761646641.448500,1761646641.445000,3.500,-16800.2,-280.00,392,399,-8,-1
3008,1761646642.449000,1761646642.444500,4.500,-16799.2,-279.99,391,399,-9,-1
3009,1761646643.451500,1761646643.443500,8.000,-16798.2,-279.97,391,400,-9,+0
3010,1761646644.449000,1761646644.445000,4.000,-16797.2,-279.95,393,401,-7,+1
3011,1761646645.452000,1761646645.448000,4.000,-16796.2,-279.94,390,400,-10,+0
3012,1761646646.452500,1761646646.447000,5.500,-16795.2,-279.92,390,400,-10,+0
3013,1761646647.453000,1761646647.446000,7.000,-16794.2,-279.90,391,399,-9,-1
3014,1761646648.454500,1761646648.447500,7.000,-16793.2,-279.89,392,399,-8,-1
3015,1761646649.453500,1761646649.448000,5.500,-16792.2,-279.87,389,399,-11,-1
3016,1761646650.454500,1761646650.446000,8.500,-16791.2,-279.85,390,400,-10,+0
3017,1761646651.454500,1761646651.447500,7.000,-16790.2,-279.84,392,401,-8,+1
3018,1761646652.456000,1761646652.449000,7.000,-16789.2,-279.82,391,400,-9,+0
3019,1761646653.455000,1761646653.449000,6.000,-16788.2,-279.80,391,400,-9,+0
3020,1761646654.458000,1761646654.448500,9.500,-16787.2,-279.79,391,400,-9,+0
3021,1761646655.459500,1761646655.450000,9.500,-16786.2,-279.77,392,401,-8,+1
3022,1761646656.458000,1761646656.452000,6.000,-16785.2,-279.75,392,400,-8,+0
3023,1761646657.456000,1761646657.452500,3.500,-16784.2,-279.74,391,400,-9,+0
3024,1761646658.454000,1761646658.452000,2.000,-16783.2,-279.72,393,398,-7,-2
3025,1761646659.454500,1761646659.451500,3.000,-16782.2,-279.70,390,400,-10,+0
3026,1761646660.455000,1761646660.452000,3.000,-16781.2,-279.69,392,399,-8,-1
3027,1761646661.456500,1761646661.452500,4.000,-16780.2,-279.67,391,401,-9,+1
3028,1761646662.455500,1761646662.453000,2.500,-16779.2,-279.65,391,400,-9,+0
3029,1761646663.457000,1761646663.452500,4.500,-16778.2,-279.64,390,399,-10,-1
3030,1761646664.455000,1761646664.453000,2.000,-16777.2,-279.62,390,400,-10,+0
3031,1761646665.457500,1761646665.454500,3.000,-16776.2,-279.60,392,399,-8,-1
3032,1761646666.459000,1761646666.452500,6.500,-16775.2,-279.59,391,399,-9,-1
3033,1761646667.459000,1761646667.453000,6.000,-16774.2,-279.57,392,401,-8,+1
3034,1761646668.460000,1761646668.456000,4.000,-16773.2,-279.55,392,400,-8,+0
3035,1761646669.459500,1761646669.455500,4.000,-16772.2,-279.54,392,400,-8,+0
3036,1761646670.460000,1761646670.456000,4.000,-16771.2,-279.52,393,400,-7,+0
3037,1761646671.460500,1761646671.455000,5.500,-16770.2,-279.50,389,400,-11,+0
3038,1761646672.461000,1761646672.456500,4.500,-16769.2,-279.49,390,400,-10,+0
3039,1761646673.464000,1761646673.454500,9.500,-16768.2,-279.47,390,401,-10,+1
3040,1761646674.461000,1761646674.458500,2.500,-16767.2,-279.45,389,399,-11,-1
3041,1761646675.461500,1761646675.459000,2.500,-16766.2,-279.44,390,400,-10,+0
3042,1761646676.464500,1761646676.457000,7.500,-16765.2,-279.42,391,400,-9,+0
3043,1761646677.462500,1761646677.458500,4.000,-16764.2,-279.40,390,400,-10,+0
3044,1761646678.466500,1761646678.461500,5.000,-16763.2,-279.39,390,400,-10,+0
3045,1761646679.468000,1761646679.460000,8.000,-16762.2,-279.37,391,400,-9,+0
3046,1761646680.463500,1761646680.460500,3.000,-16761.2,-279.35,393,399,-7,-1
3047,1761646681.469000,1761646681.461000,8.000,-16760.2,-279.34,391,400,-9,+0
3048,1761646682.469500,1761646682.459500,10.000,-16759.2,-279.32,389,400,-11,+0
3049,1761646683.466000,1761646683.459000,7.000,-16758.2,-279.30,392,399,-8,-1
3050,1761646684.467500,1761646684.459500,8.000,-16757.2,-279.29,394,399,-6,-1
3051,1761646685.468000,1761646685.460000,8.000,-16756.2,-279.27,392,400,-8,+0
3052,1761646686.469500,1761646686.463000,6.500,-16755.2,-279.25,392,400,-8,+0
3053,1761646687.468000,1761646687.462500,5.500,-16754.2,-279.24,392,400,-8,+0
3054,1761646688.466000,1761646688.463000,3.000,-16753.2,-279.22,391,400,-9,+0
3055,1761646689.465500,1761646689.461000,4.500,-16752.2,-279.20,393,399,-7,-1
3056,1761646690.466000,1761646690.462500,3.500,-16751.2,-279.19,391,400,-9,+0
3057,1761646691.466500,1761646691.466000,0.500,-16750.2,-279.17,390,399,-10,-1
3058,1761646692.467000,1761646692.466000,1.000,-16749.2,-279.15,392,399,-8,-1
3059,1761646693.467500,1761646693.465000,2.500,-16748.2,-279.14,392,399,-8,-1
3060,1761646694.469000,1761646694.464500,4.500,-16747.2,-279.12,391,401,-9,+1
3061,1761646695.469500,1761646695.466000,3.500,-16746.2,-279.10,390,399,-10,-1
3062,1761646696.470000,1761646696.466500,3.500,-16745.2,-279.09,391,400,-9,+0
3063,1761646697.470500,1761646697.466500,4.000,-16744.2,-279.07,391,400,-9,+0
3064,1761646698.471000,1761646698.467000,4.000,-16743.2,-279.05,393,400,-7,+0
3065,1761646699.471500,1761646699.467000,4.500,-16742.2,-279.04,391,400,-9,+0
3066,1761646700.473000,1761646700.466000,7.000,-16741.2,-279.02,390,401,-10,+1
3067,1761646701.473500,1761646701.470500,3.000,-16740.2,-279.00,392,400,-8,+0
3068,1761646702.474000,1761646702.468500,5.500,-16739.2,-278.99,391,399,-9,-1
3069,1761646703.473000,1761646703.469000,4.000,-16738.2,-278.97,390,400,-10,+0
3070,1761646704.475000,1761646704.468000,7.000,-16737.2,-278.95,392,400,-8,+0
3071,1761646705.476500,1761646705.469500,7.000,-16736.2,-278.94,391,400,-9,+0
3072,1761646706.474500,1761646706.469000,5.500,-16735.2,-278.92,392,401,-8,+1
3073,1761646707.476000,1761646707.472000,4.000,-16734.2,-278.90,389,400,-11,+0
3074,1761646708.478500,1761646708.471500,7.000,-16733.2,-278.89,390,399,-10,-1
3075,1761646709.476500,1761646709.470500,6.000,-16732.2,-278.87,391,399,-9,-1
3076,1761646710.479500,1761646710.470000,9.500,-16731.2,-278.85,391,399,-9,-1
3077,1761646711.479000,1761646711.470500,8.500,-16730.2,-278.84,391,400,-9,+0
3078,1761646712.478000,1761646712.471000,7.000,-16729.2,-278.82,390,398,-10,-2
3079,1761646713.477500,1761646713.471000,6.500,-16728.2,-278.80,390,400,-10,+0
3080,1761646714.478000,1761646714.471500,6.500,-16727.2,-278.79,392,400,-8,+0
3081,1761646715.479000,1761646715.470500,8.500,-16726.2,-278.77,392,400,-8,+0
3082,1761646716.477000,1761646716.472000,5.000,-16725.2,-278.75,393,400,-7,+0
3083,1761646717.480000,1761646717.470000,10.000,-16724.2,-278.74,391,401,-9,+1
3084,1761646718.480500,1761646718.473000,7.500,-16723.2,-278.72,392,399,-8,-1
3085,1761646719.481000,1761646719.473500,7.500,-16722.2,-278.70,390,400,-10,+0
3086,1761646720.479000,1761646720.474000,5.000,-16721.2,-278.69,394,400,-6,+0
3087,1761646721.479500,1761646721.473000,6.500,-16720.2,-278.67,784,398,+384,-2
3089,1761646723.477500,1761646723.474000,3.500,-16718.2,-278.64,391,400,-9,+0
3090,1761646724.478000,1761646724.474500,3.500,-16717.2,-278.62,391,400,-9,+0
3091,1761646725.481000,1761646725.475000,6.000,-16716.2,-278.60,393,400,-7,+0
3092,1761646726.481500,1761646726.475000,6.500,-16715.2,-278.59,391,400,-9,+0
3093,1761646727.482000,1761646727.475000,7.000,-16714.2,-278.57,391,401,-9,+1
3094,1761646728.484000,1761646728.478000,6.000,-16713.2,-278.55,392,400,-8,+0
3095,1761646729.482000,1761646729.478500,3.500,-16712.2,-278.54,390,400,-10,+0
3096,1761646730.485000,1761646730.476500,8.500,-16711.2,-278.52,389,400,-11,+0
3097,1761646731.483000,1761646731.477000,6.000,-16710.2,-278.50,389,401,-11,+1
3098,1761646732.486000,1761646732.480000,6.000,-16709.2,-278.49,390,400,-10,+0
3099,1761646733.485500,1761646733.479500,6.000,-16708.2,-278.47,390,399,-10,-1
3100,1761646734.487000,1761646734.481000,6.000,-16707.2,-278.45,389,400,-11,+0
3101,1761646735.487500,1761646735.479500,8.000,-16706.2,-278.44,390,401,-10,+1
3102,1761646736.486500,1761646736.482000,4.500,-16705.2,-278.42,390,400,-10,+0
3103,1761646737.488000,1761646737.481000,7.000,-16704.2,-278.40,391,399,-9,-1
3104,1761646738.490500,1761646738.484500,6.000,-16703.2,-278.39,393,398,-7,-2
3105,1761646739.491500,1761646739.483000,8.500,-16702.2,-278.37,391,398,-9,-2
3106,1761646740.489500,1761646740.481500,8.000,-16701.2,-278.35,392,399,-8,-1
3107,1761646741.490000,1761646741.482000,8.000,-16700.2,-278.34,391,401,-9,+1
3108,1761646742.490500,1761646742.485000,5.500,-16699.2,-278.32,391,400,-9,+0
3109,1761646743.491000,1761646743.485500,5.500,-16698.2,-278.30,391,399,-9,-1
3110,1761646744.491500,1761646744.486000,5.500,-16697.2,-278.29,393,399,-7,-1
3111,1761646745.494500,1761646745.484000,10.500,-16696.2,-278.27,389,400,-11,+0
3112,1761646746.492500,1761646746.484500,8.000,-16695.2,-278.25,389,400,-11,+0
3113,1761646747.493000,1761646747.486500,6.500,-16694.2,-278.24,389,400,-11,+0
3114,1761646748.491000,1761646748.488000,3.000,-16693.2,-278.22,391,400,-9,+0
3115,1761646749.491500,1761646749.486000,5.500,-16692.2,-278.20,391,399,-9,-1
3116,1761646750.494000,1761646750.485500,8.500,-16691.2,-278.19,390,400,-10,+0
3117,1761646751.491500,1761646751.486000,5.500,-16690.2,-278.17,390,400,-10,+0
3118,1761646752.492000,1761646752.485000,7.000,-16689.2,-278.15,390,400,-10,+0
3119,1761646753.493500,1761646753.486500,7.000,-16688.2,-278.14,391,400,-9,+0
3120,1761646754.492500,1761646754.488000,4.500,-16687.2,-278.12,391,400,-9,+0
3121,1761646755.492500,1761646755.489000,3.500,-16686.2,-278.10,392,400,-8,+0
3122,1761646756.493000,1761646756.490000,3.000,-16685.2,-278.09,392,399,-8,-1
3123,1761646757.495500,1761646757.487000,8.500,-16684.2,-278.07,391,398,-9,-2
3124,1761646758.494000,1761646758.489500,4.500,-16683.2,-278.05,390,399,-10,-1
3125,1761646759.494500,1761646759.490000,4.500,-16682.2,-278.04,391,399,-9,-1
3126,1761646760.498000,1761646760.488500,9.500,-16681.2,-278.02,389,400,-11,+0
3127,1761646761.496500,1761646761.493000,3.500,-16680.2,-278.00,391,397,-9,-3
3128,1761646762.497000,1761646762.491000,6.000,-16679.2,-277.99,390,400,-10,+0
3129,1761646763.495000,1761646763.491000,4.000,-16678.2,-277.97,391,400,-9,+0
3130,1761646764.500000,1761646764.491500,8.500,-16677.2,-277.95,390,400,-10,+0
3131,1761646765.495500,1761646765.491000,4.500,-16676.2,-277.94,389,400,-11,+0
3132,1761646766.494500,1761646766.490000,4.500,-16675.2,-277.92,393,400,-7,+0
3133,1761646767.500000,1761646767.491500,8.500,-16674.2,-277.90,389,400,-11,+0
3134,1761646768.496500,1761646768.489500,7.000,-16673.2,-277.89,389,401,-11,+1
3135,1761646769.497000,1761646769.492500,4.500,-16672.2,-277.87,392,400,-8,+0
3136,1761646770.500000,1761646770.493000,7.000,-16671.2,-277.85,391,400,-9,+0
3137,1761646771.500500,1761646771.492000,8.500,-16670.2,-277.84,390,399,-10,-1
3138,1761646772.499500,1761646772.492500,7.000,-16669.2,-277.82,391,399,-9,-1
3139,1761646773.499500,1761646773.493500,6.000,-16668.2,-277.80,390,399,-10,-1
3140,1761646774.499000,1761646774.493500,5.500,-16667.2,-277.79,391,398,-9,-2
3141,1761646775.502000,1761646775.494000,8.000,-16666.2,-277.77,390,400,-10,+0
3142,1761646776.502000,1761646776.494000,8.000,-16665.2,-277.75,392,400,-8,+0
3143,1761646777.498500,1761646777.495500,3.000,-16664.2,-277.74,390,400,-10,+0
3144,1761646778.501500,1761646778.496000,5.500,-16663.2,-277.72,389,400,-11,+0
3145,1761646779.498500,1761646779.495500,3.000,-16662.2,-277.70,390,399,-10,-1
3146,1761646780.497500,1761646780.493500,4.000,-16661.2,-277.69,390,400,-10,+0
3147,1761646781.499500,1761646781.494000,5.500,-16660.2,-277.67,389,399,-11,-1
3148,1761646782.500000,1761646782.494500,5.500,-16659.2,-277.65,391,401,-9,+1
3149,1761646783.499500,1761646783.497500,2.000,-16658.2,-277.64,389,400,-11,+0
3150,1761646784.502500,1761646784.496500,6.000,-16657.2,-277.62,390,400,-10,+0
3151,1761646785.501500,1761646785.496000,5.500,-16656.2,-277.60,390,399,-10,-1
3152,1761646786.505000,1761646786.496500,8.500,-16655.2,-277.59,389,400,-11,+0
3153,1761646787.503000,1761646787.497000,6.000,-16654.2,-277.57,388,400,-12,+0
3154,1761646788.503500,1761646788.497500,6.000,-16653.2,-277.55,391,400,-9,+0
3155,1761646789.502500,1761646789.498000,4.500,-16652.2,-277.54,392,399,-8,-1
3156,1761646790.504000,1761646790.499500,4.500,-16651.2,-277.52,390,400,-10,+0
3157,1761646791.505500,1761646791.500000,5.500,-16650.2,-277.50,392,400,-8,+0
3158,1761646792.503500,1761646792.499000,4.500,-16649.2,-277.49,391,401,-9,+1
3159,1761646793.506500,1761646793.502000,4.500,-16648.2,-277.47,390,400,-10,+0
3160,1761646794.508000,1761646794.501000,7.000,-16647.2,-277.45,390,400,-10,+0
3161,1761646795.511000,1761646795.502500,8.500,-16646.2,-277.44,389,399,-11,-1
3162,1761646796.507500,1761646796.502000,5.500,-16645.2,-277.42,390,400,-10,+0
3163,1761646797.509500,1761646797.502500,7.000,-16644.2,-277.40,390,401,-10,+1
3164,1761646798.509500,1761646798.503000,6.500,-16643.2,-277.39,389,399,-11,-1
3165,1761646799.509000,1761646799.503500,5.500,-16642.2,-277.37,392,400,-8,+0
3166,1761646800.509500,1761646800.503000,6.500,-16641.2,-277.35,389,400,-11,+0
3167,1761646801.509000,1761646801.503500,5.500,-16640.2,-277.34,393,400,-7,+0
3168,1761646802.510500,1761646802.504000,6.500,-16639.2,-277.32,390,399,-10,-1
3169,1761646803.508500,1761646803.504500,4.000,-16638.2,-277.30,391,400,-9,+0
3170,1761646804.509000,1761646804.503500,5.500,-16637.2,-277.29,392,401,-8,+1
3171,1761646805.510000,1761646805.506500,3.500,-16636.2,-277.27,392,400,-8,+0
3172,1761646806.510000,1761646806.507000,3.000,-16635.2,-277.25,392,400,-8,+0
3173,1761646807.510500,1761646807.505500,5.000,-16634.2,-277.24,390,400,-10,+0
3174,1761646808.511000,1761646808.504500,6.500,-16633.2,-277.22,391,400,-9,+0
3175,1761646809.511500,1761646809.505000,6.500,-16632.2,-277.20,390,399,-10,-1
3176,1761646810.511000,1761646810.506500,4.500,-16631.2,-277.19,390,401,-10,+1
3177,1761646811.511500,1761646811.507000,4.500,-16630.2,-277.17,392,400,-8,+0
3178,1761646812.515500,1761646812.509500,6.000,-16629.2,-277.15,390,399,-10,-1
3179,1761646813.511000,1761646813.507500,3.500,-16628.2,-277.14,389,400,-11,+0
3180,1761646814.514000,1761646814.508000,6.000,-16627.2,-277.12,390,400,-10,+0
3181,1761646815.515500,1761646815.507000,8.500,-16626.2,-277.10,389,401,-11,+1
3182,1761646816.514500,1761646816.511000,3.500,-16625.2,-277.09,393,400,-7,+0
3183,1761646817.511500,1761646817.510500,1.000,-16624.2,-277.07,395,400,-5,+0
3184,1761646818.514500,1761646818.510500,4.000,-16623.2,-277.05,391,400,-9,+0
3185,1761646819.516000,1761646819.510500,5.500,-16622.1,-277.04,393,399,-7,-1
3186,1761646820.516500,1761646820.511000,5.500,-16621.1,-277.02,390,400,-10,+0
3187,1761646821.516000,1761646821.509000,7.000,-16620.1,-277.00,390,400,-10,+0
3188,1761646822.515500,1761646822.509500,6.000,-16619.2,-276.99,389,400,-11,+0
3189,1761646823.518500,1761646823.511000,7.500,-16618.1,-276.97,391,400,-9,+0
3190,1761646824.517500,1761646824.513000,4.500,-16617.1,-276.95,390,400,-10,+0
3191,1761646825.516000,1761646825.513500,2.500,-16616.1,-276.94,391,400,-9,+0
3192,1761646826.516500,1761646826.512500,4.000,-16615.1,-276.92,390,400,-10,+0
3193,1761646827.514500,1761646827.511500,3.000,-16614.2,-276.90,392,400,-8,+0
3194,1761646828.517000,1761646828.512000,5.000,-16613.1,-276.89,390,400,-10,+0
3195,1761646829.517500,1761646829.513500,4.000,-16612.1,-276.87,389,400,-11,+0
3196,1761646830.517000,1761646830.515000,2.000,-16611.1,-276.85,390,400,-10,+0
3197,1761646831.515000,1761646831.515500,0.500,-16610.2,-276.84,390,399,-10,-1
3198,1761646832.518500,1761646832.516000,2.500,-16609.1,-276.82,390,400,-10,+0
3199,1761646833.519000,1761646833.515000,4.000,-16608.1,-276.80,390,400,-10,+0
3200,1761646834.518500,1761646834.515500,3.000,-16607.1,-276.79,389,399,-11,-1
3201,1761646835.517500,1761646835.515000,2.500,-16606.1,-276.77,389,399,-11,-1
3202,1761646836.520500,1761646836.514000,6.500,-16605.1,-276.75,391,399,-9,-1
3203,1761646837.520000,1761646837.513500,6.500,-16604.1,-276.74,389,401,-11,+1
3204,1761646838.521500,1761646838.517500,4.000,-16603.1,-276.72,390,400,-10,+0
3205,1761646839.522000,1761646839.518000,4.000,-16602.1,-276.70,389,400,-11,+0
3206,1761646840.520000,1761646840.516000,4.000,-16601.1,-276.69,389,400,-11,+0
3207,1761646841.520500,1761646841.516500,4.000,-16600.1,-276.67,391,398,-9,-2
3208,1761646842.523500,1761646842.519500,4.000,-16599.1,-276.65,389,399,-11,-1
3209,1761646843.521500,1761646843.518500,3.000,-16598.1,-276.64,393,400,-7,+0
3210,1761646844.524000,1761646844.520000,4.000,-16597.1,-276.62,391,400,-9,+0
3211,1761646845.521000,1761646845.519500,1.500,-16596.1,-276.60,394,400,-6,+0
3212,1761646846.525000,1761646846.518500,6.500,-16595.1,-276.59,391,400,-9,+0
3213,1761646847.526500,1761646847.518500,8.000,-16594.1,-276.57,388,400,-12,+0
3214,1761646848.524500,1761646848.519000,5.500,-16593.1,-276.55,387,401,-13,+1
3215,1761646849.527500,1761646849.522000,5.500,-16592.1,-276.54,390,399,-10,-1
3216,1761646850.521500,1761646850.521000,0.500,-16591.1,-276.52,389,399,-11,-1
3217,1761646851.522000,1761646851.522000,0.000,-16590.1,-276.50,392,400,-8,+0
3218,1761646852.525500,1761646852.522000,3.500,-16589.1,-276.49,392,400,-8,+0
3219,1761646853.526000,1761646853.520000,6.000,-16588.1,-276.47,390,399,-10,-1
3220,1761646854.524000,1761646854.520500,3.500,-16587.1,-276.45,388,401,-12,+1
3221,1761646855.526000,1761646855.523500,2.500,-16586.1,-276.44,390,400,-10,+0
3222,1761646856.525500,1761646856.524000,1.500,-16585.1,-276.42,390,400,-10,+0
3223,1761646857.528500,1761646857.522000,6.500,-16584.1,-276.40,388,400,-12,+0
3224,1761646858.528000,1761646858.522500,5.500,-16583.1,-276.39,392,400,-8,+0
3225,1761646859.536500,1761646859.520000,16.500,-16582.1,-276.37,396,401,-4,+1
3226,1761646860.529000,1761646860.525000,4.000,-16581.1,-276.35,395,399,-5,-1
3227,1761646861.530500,1761646861.524500,6.000,-16580.1,-276.34,395,400,-5,+0
3228,1761646862.529000,1761646862.525000,4.000,-16579.1,-276.32,394,400,-6,+0
3229,1761646863.531000,1761646863.526000,5.000,-16578.1,-276.30,393,400,-7,+0
3230,1761646864.531500,1761646864.525500,6.000,-16577.1,-276.29,390,400,-10,+0
3231,1761646865.533500,1761646865.526000,7.500,-16576.1,-276.27,390,400,-10,+0
3232,1761646866.530500,1761646866.524000,6.500,-16575.1,-276.25,393,400,-7,+0
3233,1761646867.533500,1761646867.524500,9.000,-16574.1,-276.24,389,401,-11,+1
3234,1761646868.533000,1761646868.527500,5.500,-16573.1,-276.22,390,400,-10,+0
3235,1761646869.532500,1761646869.527000,5.500,-16572.1,-276.20,392,400,-8,+0
3236,1761646870.538000,1761646870.527500,10.500,-16571.1,-276.19,391,400,-9,+0
3237,1761646871.533500,1761646871.529000,4.500,-16570.1,-276.17,394,400,-6,+0
3238,1761646872.535000,1761646872.530500,4.500,-16569.1,-276.15,392,400,-8,+0
3239,1761646873.534500,1761646873.531000,3.500,-16568.1,-276.14,391,400,-9,+0
3240,1761646874.537500,1761646874.529000,8.500,-16567.1,-276.12,389,399,-11,-1
3241,1761646875.535500,1761646875.529500,6.000,-16566.1,-276.10,390,400,-10,+0
3242,1761646876.537000,1761646876.528500,8.500,-16565.1,-276.09,389,399,-11,-1
3243,1761646877.533500,1761646877.530000,3.500,-16564.1,-276.07,393,400,-7,+0
3244,1761646878.536000,1761646878.530000,6.000,-16563.1,-276.05,391,400,-9,+0
3245,1761646879.536500,1761646879.531000,5.500,-16562.1,-276.04,390,399,-10,-1
3246,1761646880.541500,1761646880.530500,11.000,-16561.1,-276.02,389,398,-11,-2
3247,1761646881.539500,1761646881.529000,10.500,-16560.1,-276.00,392,401,-8,+1
3248,1761646882.540000,1761646882.532000,8.000,-16559.1,-275.99,389,399,-11,-1
3249,1761646883.535500,1761646883.531500,4.000,-16558.1,-275.97,390,400,-10,+0
3250,1761646884.536000,1761646884.530500,5.500,-16557.1,-275.95,391,398,-9,-2
3251,1761646885.537500,1761646885.531000,6.500,-16556.1,-275.94,392,399,-8,-1
3252,1761646886.539500,1761646886.531500,8.000,-16555.1,-275.92,391,400,-9,+0
3253,1761646887.538500,1761646887.535000,3.500,-16554.1,-275.90,389,399,-11,-1
3254,1761646888.539000,1761646888.533000,6.000,-16553.1,-275.89,391,399,-9,-1
3255,1761646889.542000,1761646889.533500,8.500,-16552.1,-275.87,390,400,-10,+0
3256,1761646890.541000,1761646890.535000,6.000,-16551.1,-275.85,391,400,-9,+0
3257,1761646891.538000,1761646891.535000,3.000,-16550.1,-275.84,393,400,-7,+0
3258,1761646892.540000,1761646892.534500,5.500,-16549.1,-275.82,391,400,-9,+0
3259,1761646893.539000,1761646893.532500,6.500,-16548.1,-275.80,391,400,-9,+0
3260,1761646894.541000,1761646894.533000,8.000,-16547.1,-275.79,392,400,-8,+0
3261,1761646895.540000,1761646895.534000,6.000,-16546.1,-275.77,390,399,-10,-1
3262,1761646896.541500,1761646896.533000,8.500,-16545.1,-275.75,391,401,-9,+1
3263,1761646897.542000,1761646897.536000,6.000,-16544.1,-275.74,392,400,-8,+0
3264,1761646898.540000,1761646898.537500,2.500,-16543.1,-275.72,391,398,-9,-2
3265,1761646899.544000,1761646899.535500,8.500,-16542.1,-275.70,389,400,-11,+0
3266,1761646900.542000,1761646900.536000,6.000,-16541.1,-275.69,391,400,-9,+0
3267,1761646901.543500,1761646901.535000,8.500,-16540.1,-275.67,391,399,-9,-1
3268,1761646902.544000,1761646902.535500,8.500,-16539.1,-275.65,390,400,-10,+0
3269,1761646903.542000,1761646903.539000,3.000,-16538.1,-275.64,392,400,-8,+0
3270,1761646904.546000,1761646904.537500,8.500,-16537.1,-275.62,388,400,-12,+0
3271,1761646905.545500,1761646905.537500,8.000,-16536.1,-275.60,389,400,-11,+0
3272,1761646906.543500,1761646906.538000,5.500,-16535.1,-275.59,391,400,-9,+0
3273,1761646907.544000,1761646907.538500,5.500,-16534.1,-275.57,391,399,-9,-1
3274,1761646908.546000,1761646908.539000,7.000,-16533.1,-275.55,391,400,-9,+0
3275,1761646909.545000,1761646909.537000,8.000,-16532.1,-275.54,391,401,-9,+1
3276,1761646910.545500,1761646910.541000,4.500,-16531.1,-275.52,392,400,-8,+0
3277,1761646911.545000,1761646911.541500,3.500,-16530.1,-275.50,390,400,-10,+0
3278,1761646912.548000,1761646912.539500,8.500,-16529.1,-275.49,391,400,-9,+0
3279,1761646913.546000,1761646913.541500,4.500,-16528.1,-275.47,391,400,-9,+0
3280,1761646914.546500,1761646914.540500,6.000,-16527.1,-275.45,390,401,-10,+1
3281,1761646915.548000,1761646915.542500,5.500,-16526.1,-275.44,389,400,-11,+0
3282,1761646916.545500,1761646916.542500,3.000,-16525.1,-275.42,391,399,-9,-1
3283,1761646917.548500,1761646917.543000,5.500,-16524.1,-275.40,390,399,-10,-1
3284,1761646918.547500,1761646918.542500,5.000,-16523.1,-275.39,394,398,-6,-2
3285,1761646919.551500,1761646919.543000,8.500,-16522.1,-275.37,391,398,-9,-2
3286,1761646920.550000,1761646920.541500,8.500,-16521.1,-275.35,391,400,-9,+0
3287,1761646921.551500,1761646921.542000,9.500,-16520.1,-275.34,389,399,-11,-1
3288,1761646922.548500,1761646922.545000,3.500,-16519.1,-275.32,394,400,-6,+0
3289,1761646923.552500,1761646923.544000,8.500,-16518.1,-275.30,389,399,-11,-1
3290,1761646924.550500,1761646924.545000,5.500,-16517.1,-275.29,390,400,-10,+0
3291,1761646925.552000,1761646925.544000,8.000,-16516.1,-275.27,391,400,-9,+0
3292,1761646926.554500,1761646926.543500,11.000,-16515.1,-275.25,391,400,-9,+0
3293,1761646927.552500,1761646927.544500,8.000,-16514.1,-275.24,391,400,-9,+0
3294,1761646928.552500,1761646928.546500,6.000,-16513.1,-275.22,393,398,-7,-2
3295,1761646929.553000,1761646929.547000,6.000,-16512.1,-275.20,391,399,-9,-1
3296,1761646930.555000,1761646930.547000,8.000,-16511.1,-275.19,390,398,-10,-2
3297,1761646931.554000,1761646931.548000,6.000,-16510.1,-275.17,391,399,-9,-1
3298,1761646932.552500,1761646932.546000,6.500,-16509.1,-275.15,392,401,-8,+1
3299,1761646933.552500,1761646933.550000,2.500,-16508.1,-275.14,391,400,-9,+0
3300,1761646934.553500,1761646934.548000,5.500,-16507.1,-275.12,390,400,-10,+0
3301,1761646935.553000,1761646935.549500,3.500,-16506.1,-275.10,390,398,-10,-2
3302,1761646936.556000,1761646936.550000,6.000,-16505.1,-275.09,391,400,-9,+0
3303,1761646937.553000,1761646937.549000,4.000,-16504.1,-275.07,394,400,-6,+0
3304,1761646938.553500,1761646938.549500,4.000,-16503.1,-275.05,391,400,-9,+0
3305,1761646939.557000,1761646939.548500,8.500,-16502.1,-275.04,392,401,-8,+1
3306,1761646940.556000,1761646940.551500,4.500,-16501.1,-275.02,390,400,-10,+0
3307,1761646941.557000,1761646941.552000,5.000,-16500.1,-275.00,392,399,-8,-1
3308,1761646942.557500,1761646942.550000,7.500,-16499.1,-274.99,389,400,-11,+0
3309,1761646943.555500,1761646943.552500,3.000,-16498.1,-274.97,392,399,-8,-1
3310,1761646944.558500,1761646944.552500,6.000,-16497.1,-274.95,391,400,-9,+0
3311,1761646945.558000,1761646945.553000,5.000,-16496.1,-274.94,390,399,-10,-1
3312,1761646946.556000,1761646946.553500,2.500,-16495.1,-274.92,390,400,-10,+0
3313,1761646947.561500,1761646947.553500,8.000,-16494.1,-274.90,389,399,-11,-1
3314,1761646948.558000,1761646948.554000,4.000,-16493.1,-274.89,388,399,-12,-1
3315,1761646949.558500,1761646949.554500,4.000,-16492.1,-274.87,391,401,-9,+1
3316,1761646950.560000,1761646950.555000,5.000,-16491.1,-274.85,392,400,-8,+0
3317,1761646951.561000,1761646951.555500,5.500,-16490.1,-274.84,392,399,-8,-1
3318,1761646952.558500,1761646952.559500,1.000,-16489.1,-274.82,393,399,-7,-1
3319,1761646953.561500,1761646953.555000,6.500,-16488.1,-274.80,391,399,-9,-1
3320,1761646954.564500,1761646954.555500,9.000,-16487.1,-274.79,391,401,-9,+1
3321,1761646955.562500,1761646955.558500,4.000,-16486.1,-274.77,392,399,-8,-1
3322,1761646956.564500,1761646956.558000,6.500,-16485.1,-274.75,390,400,-10,+0
3323,1761646957.565000,1761646957.557000,8.000,-16484.1,-274.74,391,400,-9,+0
3324,1761646958.565500,1761646958.558500,7.000,-16483.1,-274.72,392,400,-8,+0
3325,1761646959.566500,1761646959.559000,7.500,-16482.1,-274.70,390,401,-10,+1
3326,1761646960.566000,1761646960.559500,6.500,-16481.1,-274.68,390,400,-10,+0
3327,1761646961.561500,1761646961.561000,0.500,-16480.1,-274.67,393,400,-7,+0
3328,1761646962.564500,1761646962.561500,3.000,-16479.1,-274.65,390,400,-10,+0
3329,1761646963.565000,1761646963.559500,5.500,-16478.1,-274.64,391,400,-9,+0
3330,1761646964.567000,1761646964.559000,8.000,-16477.1,-274.62,390,400,-10,+0
3331,1761646965.566000,1761646965.559500,6.500,-16476.1,-274.60,391,400,-9,+0
3332,1761646966.565500,1761646966.560000,5.500,-16475.1,-274.59,391,401,-9,+1
3333,1761646967.566000,1761646967.563000,3.000,-16474.1,-274.57,391,400,-9,+0
3334,1761646968.567000,1761646968.562500,4.500,-16473.1,-274.55,391,400,-9,+0
3335,1761646969.566000,1761646969.561500,4.500,-16472.1,-274.53,389,399,-11,-1
3336,1761646970.566500,1761646970.561500,5.000,-16471.1,-274.52,394,400,-6,+0
3337,1761646971.567000,1761646971.561500,5.500,-16470.1,-274.50,393,399,-7,-1
3338,1761646972.569500,1761646972.564000,5.500,-16469.1,-274.48,390,400,-10,+0
3339,1761646973.570000,1761646973.564500,5.500,-16468.1,-274.47,391,400,-9,+0
3340,1761646974.569500,1761646974.567500,2.000,-16467.1,-274.45,389,398,-11,-2
3341,1761646975.570000,1761646975.564000,6.000,-16466.1,-274.43,391,400,-9,+0
3342,1761646976.569000,1761646976.564500,4.500,-16465.1,-274.42,390,400,-10,+0
3343,1761646977.569000,1761646977.564500,4.500,-16464.1,-274.40,392,400,-8,+0
3344,1761646978.569500,1761646978.564500,5.000,-16463.1,-274.38,391,400,-9,+0
3345,1761646979.571000,1761646979.563500,7.500,-16462.1,-274.37,391,401,-9,+1
3346,1761646980.573000,1761646980.566500,6.500,-16461.1,-274.35,390,400,-10,+0
3347,1761646981.571000,1761646981.567000,4.000,-16460.1,-274.33,389,399,-11,-1
3348,1761646982.571500,1761646982.567500,4.000,-16459.1,-274.32,389,400,-11,+0
3349,1761646983.572000,1761646983.565500,6.500,-16458.1,-274.30,392,400,-8,+0
3350,1761646984.570000,1761646984.566000,4.000,-16457.1,-274.28,392,400,-8,+0
3351,1761646985.570500,1761646985.565000,5.500,-16456.1,-274.27,393,400,-7,+0
3352,1761646986.570000,1761646986.565500,4.500,-16455.1,-274.25,392,401,-8,+1
3353,1761646987.573000,1761646987.568500,4.500,-16454.1,-274.23,388,400,-12,+0
3354,1761646988.573500,1761646988.569000,4.500,-16453.1,-274.22,389,400,-11,+0
3355,1761646989.570500,1761646989.569500,1.000,-16452.1,-274.20,391,399,-9,-1
3356,1761646990.573500,1761646990.567500,6.000,-16451.1,-274.18,391,399,-9,-1
3357,1761646991.573000,1761646991.569500,3.500,-16450.1,-274.17,389,400,-11,+0
3358,1761646992.575500,1761646992.569500,6.000,-16449.1,-274.15,391,401,-9,+1
3359,1761646993.575000,1761646993.572500,2.500,-16448.1,-274.13,389,400,-11,+0
3360,1761646994.575500,1761646994.571500,4.000,-16447.1,-274.12,390,400,-10,+0
3361,1761646995.573500,1761646995.569500,4.000,-16446.1,-274.10,391,400,-9,+0
3362,1761646996.577500,1761646996.572000,5.500,-16445.1,-274.08,390,399,-10,-1
3363,1761646997.575500,1761646997.570000,5.500,-16444.1,-274.07,391,399,-9,-1
3364,1761646998.578500,1761646998.569500,9.000,-16443.1,-274.05,390,401,-10,+1
3365,1761646999.577500,1761646999.573500,4.000,-16442.1,-274.03,390,399,-10,-1
3366,1761647000.576500,1761647000.574500,2.000,-16441.1,-274.02,392,399,-8,-1
3367,1761647001.579500,1761647001.574500,5.000,-16440.1,-274.00,389,399,-11,-1
3368,1761647002.579000,1761647002.573500,5.500,-16439.1,-273.98,390,400,-10,+0
3369,1761647003.579500,1761647003.571500,8.000,-16438.1,-273.97,389,400,-11,+0
3370,1761647004.577500,1761647004.574000,3.500,-16437.1,-273.95,393,401,-7,+1
3371,1761647005.580500,1761647005.575500,5.000,-16436.1,-273.93,393,400,-7,+0
3372,1761647006.581000,1761647006.574500,6.500,-16435.1,-273.92,393,399,-7,-1
3373,1761647007.581500,1761647007.576000,5.500,-16434.1,-273.90,394,399,-6,-1
3374,1761647008.582000,1761647008.575000,7.000,-16433.1,-273.88,391,400,-9,+0
3375,1761647009.582500,1761647009.575500,7.000,-16432.1,-273.87,390,400,-10,+0
3376,1761647010.580500,1761647010.575500,5.000,-16431.1,-273.85,392,401,-8,+1
3377,1761647011.578000,1761647011.578500,0.500,-16430.1,-273.83,392,400,-8,+0
3378,1761647012.580500,1761647012.576500,4.000,-16429.1,-273.82,393,400,-7,+0
3379,1761647013.580500,1761647013.577000,3.500,-16428.1,-273.80,393,400,-7,+0
3380,1761647014.579500,1761647014.577000,2.500,-16427.1,-273.78,392,400,-8,+0
3381,1761647015.580000,1761647015.577500,2.500,-16426.1,-273.77,391,399,-9,-1
3382,1761647016.584000,1761647016.578000,6.000,-16425.1,-273.75,391,400,-9,+0
3383,1761647017.580500,1761647017.577500,3.000,-16424.1,-273.73,389,401,-11,+1
3384,1761647018.583500,1761647018.579000,4.500,-16423.1,-273.72,390,400,-10,+0
3385,1761647019.581500,1761647019.579500,2.000,-16422.1,-273.70,389,400,-11,+0
3386,1761647020.584500,1761647020.580000,4.500,-16421.1,-273.68,391,400,-9,+0
3387,1761647021.585000,1761647021.580500,4.500,-16420.1,-273.67,391,400,-9,+0
3388,1761647022.583000,1761647022.580000,3.000,-16419.1,-273.65,391,400,-9,+0
3389,1761647023.584500,1761647023.579000,5.500,-16418.1,-273.63,389,400,-11,+0
3390,1761647024.583500,1761647024.583000,0.500,-16417.1,-273.62,392,400,-8,+0
3391,1761647025.585000,1761647025.582000,3.000,-16416.1,-273.60,392,399,-8,-1
3392,1761647026.586500,1761647026.581000,5.500,-16415.1,-273.58,389,399,-11,-1
3393,1761647027.587000,1761647027.581500,5.500,-16414.1,-273.57,393,400,-7,+0
3394,1761647028.587000,1761647028.581500,5.500,-16413.1,-273.55,390,400,-10,+0
3395,1761647029.586000,1761647029.580500,5.500,-16412.1,-273.53,391,401,-9,+1
3396,1761647030.586500,1761647030.583500,3.000,-16411.1,-273.52,391,400,-9,+0
3397,1761647031.587500,1761647031.584000,3.500,-16410.1,-273.50,392,399,-8,-1
3398,1761647032.589000,1761647032.583000,6.000,-16409.1,-273.48,392,400,-8,+0
3399,1761647033.591000,1761647033.583500,7.500,-16408.1,-273.47,391,400,-9,+0
3400,1761647034.592000,1761647034.586500,5.500,-16407.1,-273.45,392,400,-8,+0
3401,1761647035.591500,1761647035.585500,6.000,-16406.1,-273.43,391,400,-9,+0
3402,1761647036.592000,1761647036.587000,5.000,-16405.1,-273.42,390,399,-10,-1
3403,1761647037.595000,1761647037.587000,8.000,-16404.1,-273.40,391,400,-9,+0
3404,1761647038.592000,1761647038.586500,5.500,-16403.1,-273.38,392,400,-8,+0
3405,1761647039.592500,1761647039.587000,5.500,-16402.1,-273.37,785,400,+385,+0
3407,1761647041.592000,1761647041.587000,5.000,-16400.1,-273.33,392,400,-8,+0
3408,1761647042.591500,1761647042.589000,2.500,-16399.1,-273.32,393,400,-7,+0
3409,1761647043.593500,1761647043.589500,4.000,-16398.1,-273.30,391,401,-9,+1
3410,1761647044.594000,1761647044.590000,4.000,-16397.1,-273.28,391,400,-9,+0
3411,1761647045.592500,1761647045.592000,0.500,-16396.1,-273.27,392,399,-8,-1
3412,1761647046.594000,1761647046.590000,4.000,-16395.1,-273.25,392,400,-8,+0
3413,1761647047.595500,1761647047.590500,5.000,-16394.1,-273.23,390,400,-10,+0
3414,1761647048.596000,1761647048.594500,1.500,-16393.1,-273.22,389,398,-11,-2
3415,1761647049.594000,1761647049.590000,4.000,-16392.1,-273.20,391,400,-9,+0
3416,1761647050.596500,1761647050.590500,6.000,-16391.1,-273.18,391,401,-9,+1
3417,1761647051.594500,1761647051.593000,1.500,-16390.1,-273.17,391,399,-9,-1
3418,1761647052.597000,1761647052.592500,4.500,-16389.1,-273.15,390,400,-10,+0
3419,1761647053.595000,1761647053.591500,3.500,-16388.1,-273.13,390,400,-10,+0
3420,1761647054.595500,1761647054.594000,1.500,-16387.1,-273.12,392,399,-8,-1
3421,1761647055.596000,1761647055.594000,2.000,-16386.1,-273.10,390,400,-10,+0
3422,1761647056.597500,1761647056.592000,5.500,-16385.1,-273.08,391,401,-9,+1
3423,1761647057.600500,1761647057.595000,5.500,-16384.1,-273.07,389,400,-11,+0
3424,1761647058.601000,1761647058.595500,5.500,-16383.1,-273.05,391,399,-9,-1
3425,1761647059.601000,1761647059.595500,5.500,-16382.1,-273.03,391,400,-9,+0
3426,1761647060.602500,1761647060.595500,7.000,-16381.1,-273.02,391,400,-9,+0
3427,1761647061.601500,1761647061.595500,6.000,-16380.1,-273.00,390,401,-10,+1
3428,1761647062.604500,1761647062.597500,7.000,-16379.1,-272.98,391,400,-9,+0
3429,1761647063.605000,1761647063.598000,7.000,-16378.1,-272.97,392,398,-8,-2
3430,1761647064.607000,1761647064.596000,11.000,-16377.1,-272.95,392,400,-8,+0
3431,1761647065.604500,1761647065.596500,8.000,-16376.1,-272.93,392,400,-8,+0
3432,1761647066.602500,1761647066.598000,4.500,-16375.1,-272.92,391,399,-9,-1
3433,1761647067.605000,1761647067.596500,8.500,-16374.1,-272.90,391,400,-9,+0
3434,1761647068.605500,1761647068.600000,5.500,-16373.1,-272.88,390,400,-10,+0
3435,1761647069.606000,1761647069.598500,7.500,-16372.1,-272.87,390,400,-10,+0
3436,1761647070.608500,1761647070.599000,9.500,-16371.1,-272.85,389,399,-11,-1
3437,1761647071.605500,1761647071.597000,8.500,-16370.1,-272.83,390,400,-10,+0
3438,1761647072.601000,1761647072.598500,2.500,-16369.1,-272.82,390,399,-10,-1
3439,1761647073.601500,1761647073.598000,3.500,-16368.1,-272.80,390,400,-10,+0
3440,1761647074.604500,1761647074.598500,6.000,-16367.1,-272.78,388,399,-12,-1
3441,1761647075.602500,1761647075.602500,0.000,-16366.1,-272.77,392,399,-8,-1
3442,1761647076.603000,1761647076.602000,1.000,-16365.1,-272.75,391,400,-9,+0
3443,1761647077.606000,1761647077.601500,4.500,-16364.1,-272.73,390,400,-10,+0
3444,1761647078.606500,1761647078.602000,4.500,-16363.1,-272.72,391,400,-9,+0
3445,1761647079.604500,1761647079.602500,2.000,-16362.1,-272.70,391,400,-9,+0
3446,1761647080.607000,1761647080.601500,5.500,-16361.1,-272.68,392,401,-8,+1
3447,1761647081.606000,1761647081.603000,3.000,-16360.1,-272.67,392,400,-8,+0
3448,1761647082.607500,1761647082.602500,5.000,-16359.1,-272.65,390,400,-10,+0
3449,1761647083.610000,1761647083.604500,5.500,-16358.1,-272.63,391,399,-9,-1
3450,1761647084.612000,1761647084.604000,8.000,-16357.1,-272.62,391,400,-9,+0
3451,1761647085.611500,1761647085.605500,6.000,-16356.1,-272.60,390,398,-10,-2
3452,1761647086.611000,1761647086.604500,6.500,-16355.1,-272.58,391,400,-9,+0
3453,1761647087.611000,1761647087.606000,5.000,-16354.1,-272.57,390,400,-10,+0
3454,1761647088.613000,1761647088.604500,8.500,-16353.1,-272.55,389,400,-11,+0
3455,1761647089.613500,1761647089.605000,8.500,-16352.1,-272.53,391,401,-9,+1
3456,1761647090.614000,1761647090.610500,3.500,-16351.1,-272.52,392,398,-8,-2
3457,1761647091.616000,1761647091.607500,8.500,-16350.0,-272.50,388,400,-12,+0
3458,1761647092.614000,1761647092.608000,6.000,-16349.1,-272.48,389,400,-11,+0
3459,1761647093.614500,1761647093.608500,6.000,-16348.1,-272.47,390,399,-10,-1
3460,1761647094.616500,1761647094.608000,8.500,-16347.0,-272.45,390,400,-10,+0
3461,1761647095.617000,1761647095.608500,8.500,-16346.0,-272.43,391,401,-9,+1
3462,1761647096.620000,1761647096.611500,8.500,-16345.0,-272.42,390,398,-10,-2
3463,1761647097.617000,1761647097.611000,6.000,-16344.0,-272.40,392,399,-8,-1
3464,1761647098.616500,1761647098.609000,7.500,-16343.0,-272.38,392,400,-8,+0
3465,1761647099.615500,1761647099.610500,5.000,-16342.1,-272.37,393,400,-7,+0
3466,1761647100.617000,1761647100.611000,6.000,-16341.0,-272.35,391,400,-9,+0
3467,1761647101.618500,1761647101.612500,6.000,-16340.0,-272.33,392,400,-8,+0
3468,1761647102.619000,1761647102.613000,6.000,-16339.0,-272.32,395,399,-5,-1
3469,1761647103.619500,1761647103.613500,6.000,-16338.0,-272.30,392,399,-8,-1
3470,1761647104.624000,1761647104.612500,11.500,-16337.0,-272.28,391,401,-9,+1
3471,1761647105.617000,1761647105.615500,1.500,-16336.0,-272.27,389,399,-11,-1
3472,1761647106.616500,1761647106.615000,1.500,-16335.0,-272.25,391,399,-9,-1
3473,1761647107.619500,1761647107.615000,4.500,-16334.0,-272.23,390,400,-10,+0
3474,1761647108.620000,1761647108.614000,6.000,-16333.0,-272.22,392,399,-8,-1
3475,1761647109.623000,1761647109.615500,7.500,-16332.0,-272.20,389,400,-11,+0
3476,1761647110.620000,1761647110.615500,4.500,-16331.0,-272.18,389,401,-11,+1
3477,1761647111.620500,1761647111.617000,3.500,-16330.0,-272.17,390,398,-10,-2
3478,1761647112.621000,1761647112.617500,3.500,-16329.0,-272.15,392,399,-8,-1
3479,1761647113.621500,1761647113.617500,4.000,-16328.0,-272.13,392,399,-8,-1
3480,1761647114.626500,1761647114.615500,11.000,-16327.0,-272.12,392,400,-8,+0
3481,1761647115.625500,1761647115.616000,9.500,-16326.0,-272.10,393,401,-7,+1
3482,1761647116.623500,1761647116.620000,3.500,-16325.0,-272.08,391,400,-9,+0
3483,1761647117.626500,1761647117.619500,7.000,-16324.0,-272.07,392,400,-8,+0
3484,1761647118.622500,1761647118.619500,3.000,-16323.0,-272.05,393,400,-7,+0
3485,1761647119.625000,1761647119.619500,5.500,-16322.0,-272.03,391,399,-9,-1
3486,1761647120.624500,1761647120.618500,6.000,-16321.0,-272.02,393,400,-7,+0
3487,1761647121.627500,1761647121.618500,9.000,-16320.0,-272.00,390,400,-10,+0
3488,1761647122.625500,1761647122.618000,7.500,-16319.0,-271.98,391,400,-9,+0
3489,1761647123.626000,1761647123.618500,7.500,-16318.0,-271.97,392,399,-8,-1
3490,1761647124.627500,1761647124.620000,7.500,-16317.0,-271.95,391,401,-9,+1
3491,1761647125.630500,1761647125.622000,8.500,-16316.0,-271.93,389,400,-11,+0
3492,1761647126.628500,1761647126.622000,6.500,-16315.0,-271.92,390,400,-10,+0
3493,1761647127.626500,1761647127.622500,4.000,-16314.0,-271.90,390,400,-10,+0
3494,1761647128.624500,1761647128.620500,4.000,-16313.0,-271.88,392,400,-8,+0
3495,1761647129.627000,1761647129.621000,6.000,-16312.0,-271.87,392,400,-8,+0
3496,1761647130.631000,1761647130.620500,10.500,-16311.0,-271.85,390,400,-10,+0
3497,1761647131.630000,1761647131.622000,8.000,-16310.0,-271.83,391,401,-9,+1
3498,1761647132.628000,1761647132.623500,4.500,-16309.0,-271.82,391,400,-9,+0
3499,1761647133.627000,1761647133.623500,3.500,-16308.0,-271.80,392,400,-8,+0
3500,1761647134.631000,1761647134.624000,7.000,-16307.0,-271.78,390,400,-10,+0
3501,1761647135.631500,1761647135.623500,8.000,-16306.0,-271.77,392,401,-8,+1
3502,1761647136.630500,1761647136.625000,5.500,-16305.0,-271.75,391,400,-9,+0
3503,1761647137.629500,1761647137.625500,4.000,-16304.0,-271.73,392,400,-8,+0
3504,1761647138.630000,1761647138.627000,3.000,-16303.0,-271.72,392,399,-8,-1
3505,1761647139.631500,1761647139.626000,5.500,-16302.0,-271.70,392,399,-8,-1
3506,1761647140.632000,1761647140.626000,6.000,-16301.0,-271.68,391,400,-9,+0
3507,1761647141.630000,1761647141.626500,3.500,-16300.0,-271.67,392,399,-8,-1
3508,1761647142.632500,1761647142.627000,5.500,-16299.0,-271.65,390,400,-10,+0
3509,1761647143.635000,1761647143.628500,6.500,-16298.0,-271.63,390,400,-10,+0
3510,1761647144.634500,1761647144.628500,6.000,-16297.0,-271.62,389,400,-11,+0
3511,1761647145.633500,1761647145.629000,4.500,-16296.0,-271.60,392,401,-8,+1
3512,1761647146.635500,1761647146.629500,6.000,-16295.0,-271.58,392,400,-8,+0
3513,1761647147.638000,1761647147.630000,8.000,-16294.0,-271.57,392,400,-8,+0
3514,1761647148.638000,1761647148.630000,8.000,-16293.0,-271.55,391,400,-9,+0
3515,1761647149.640000,1761647149.628500,11.500,-16292.0,-271.53,389,400,-11,+0
3516,1761647150.636500,1761647150.631000,5.500,-16291.0,-271.52,391,401,-9,+1
3517,1761647151.638000,1761647151.631500,6.500,-16290.0,-271.50,392,400,-8,+0
3518,1761647152.638500,1761647152.631500,7.000,-16289.0,-271.48,391,400,-9,+0
3519,1761647153.636500,1761647153.633000,3.500,-16288.0,-271.47,392,399,-8,-1
3520,1761647154.637000,1761647154.632500,4.500,-16287.0,-271.45,392,400,-8,+0
3521,1761647155.640000,1761647155.633500,6.500,-16286.0,-271.43,391,400,-9,+0
3522,1761647156.642500,1761647156.632500,10.000,-16285.0,-271.42,391,400,-9,+0
3523,1761647157.640500,1761647157.633000,7.500,-16284.0,-271.40,391,401,-9,+1
3524,1761647158.639500,1761647158.633500,6.000,-16283.0,-271.38,391,400,-9,+0
3525,1761647159.645000,1761647159.634000,11.000,-16282.0,-271.37,392,399,-8,-1
3526,1761647160.639500,1761647160.633500,6.000,-16281.0,-271.35,391,400,-9,+0
3527,1761647161.639500,1761647161.633500,6.000,-16280.0,-271.33,391,400,-9,+0
3528,1761647162.642000,1761647162.636500,5.500,-16279.0,-271.32,391,400,-9,+0
3529,1761647163.643500,1761647163.636500,7.000,-16278.0,-271.30,394,398,-6,-2
3530,1761647164.644500,1761647164.636500,8.000,-16277.0,-271.28,392,400,-8,+0
3531,1761647165.642000,1761647165.635500,6.500,-16276.0,-271.27,392,400,-8,+0
3532,1761647166.642500,1761647166.636000,6.500,-16275.0,-271.25,392,401,-8,+1
3533,1761647167.642500,1761647167.639000,3.500,-16274.0,-271.23,392,400,-8,+0
3534,1761647168.646500,1761647168.638000,8.500,-16273.0,-271.22,391,400,-9,+0
3535,1761647169.647000,1761647169.640000,7.000,-16272.0,-271.20,392,400,-8,+0
3536,1761647170.645000,1761647170.638000,7.000,-16271.0,-271.18,391,400,-9,+0
3537,1761647171.645500,1761647171.637500,8.000,-16270.0,-271.17,392,399,-8,-1
3538,1761647172.646000,1761647172.639500,6.500,-16269.0,-271.15,391,401,-9,+1
3539,1761647173.644000,1761647173.641000,3.000,-16268.0,-271.13,394,399,-6,-1
3540,1761647174.645500,1761647174.642000,3.500,-16267.0,-271.12,391,399,-9,-1
3541,1761647175.645500,1761647175.640000,5.500,-16266.0,-271.10,392,400,-8,+0
3542,1761647176.649500,1761647176.641500,8.000,-16265.0,-271.08,391,398,-9,-2
3543,1761647177.649500,1761647177.641500,8.000,-16264.0,-271.07,390,399,-10,-1
3544,1761647178.649500,1761647178.641000,8.500,-16263.0,-271.05,393,399,-7,-1
3545,1761647179.648500,1761647179.641500,7.000,-16262.0,-271.03,392,399,-8,-1
3546,1761647180.647500,1761647180.641500,6.000,-16261.0,-271.02,392,401,-8,+1
3547,1761647181.650500,1761647181.642000,8.500,-16260.0,-271.00,391,400,-9,+0
3548,1761647182.650500,1761647182.642000,8.500,-16259.0,-270.98,392,400,-8,+0
3549,1761647183.651000,1761647183.643000,8.000,-16258.0,-270.97,393,400,-7,+0
3550,1761647184.649500,1761647184.643500,6.000,-16257.0,-270.95,392,399,-8,-1
3551,1761647185.651000,1761647185.643000,8.000,-16256.0,-270.93,391,401,-9,+1
3552,1761647186.652500,1761647186.646000,6.500,-16255.0,-270.92,391,400,-9,+0
3553,1761647187.651500,1761647187.646500,5.000,-16254.0,-270.90,391,399,-9,-1
3554,1761647188.658000,1761647188.646000,12.000,-16253.0,-270.88,391,399,-9,-1
3555,1761647189.651000,1761647189.645000,6.000,-16252.0,-270.87,394,398,-6,-2
3556,1761647190.654000,1761647190.648000,6.000,-16251.0,-270.85,392,399,-8,-1
3557,1761647191.650500,1761647191.647000,3.500,-16250.0,-270.83,392,400,-8,+0
3558,1761647192.653000,1761647192.648500,4.500,-16249.0,-270.82,391,400,-9,+0
3559,1761647193.654500,1761647193.648500,6.000,-16248.0,-270.80,392,399,-8,-1
3560,1761647194.656000,1761647194.647500,8.500,-16247.0,-270.78,392,399,-8,-1
3561,1761647195.655000,1761647195.649000,6.000,-16246.0,-270.77,391,400,-9,+0
3562,1761647196.653000,1761647196.649500,3.500,-16245.0,-270.75,392,399,-8,-1
3563,1761647197.656000,1761647197.650500,5.500,-16244.0,-270.73,391,399,-9,-1
3564,1761647198.657000,1761647198.650000,7.000,-16243.0,-270.72,388,400,-12,+0
3565,1761647199.655000,1761647199.649000,6.000,-16242.0,-270.70,391,399,-9,-1
3566,1761647200.654500,1761647200.649000,5.500,-16241.0,-270.68,391,400,-9,+0
3567,1761647201.656000,1761647201.650000,6.000,-16240.0,-270.67,393,400,-7,+0
3568,1761647202.656500,1761647202.654000,2.500,-16239.0,-270.65,394,398,-6,-2
3569,1761647203.654500,1761647203.651000,3.500,-16238.0,-270.63,391,401,-9,+1
3570,1761647204.657500,1761647204.651500,6.000,-16237.0,-270.62,390,400,-10,+0
3571,1761647205.655500,1761647205.652000,3.500,-16236.0,-270.60,392,400,-8,+0
3572,1761647206.658500,1761647206.652500,6.000,-16235.0,-270.58,390,400,-10,+0
3573,1761647207.657500,1761647207.653000,4.500,-16234.0,-270.57,391,399,-9,-1
3574,1761647208.659000,1761647208.652000,7.000,-16233.0,-270.55,391,400,-9,+0
3575,1761647209.658000,1761647209.651000,7.000,-16232.0,-270.53,391,400,-9,+0
3576,1761647210.658500,1761647210.651000,7.500,-16231.0,-270.52,393,401,-7,+1
3577,1761647211.660000,1761647211.653500,6.500,-16230.0,-270.50,391,400,-9,+0
3578,1761647212.662500,1761647212.655000,7.500,-16229.0,-270.48,389,400,-11,+0
3579,1761647213.661500,1761647213.655000,6.500,-16228.0,-270.47,390,400,-10,+0
3580,1761647214.666500,1761647214.653000,13.500,-16227.0,-270.45,389,400,-11,+0
3581,1761647215.659500,1761647215.653500,6.000,-16226.0,-270.43,393,400,-7,+0
3582,1761647216.659500,1761647216.654000,5.500,-16225.0,-270.42,391,399,-9,-1
3583,1761647217.658000,1761647217.654500,3.500,-16224.0,-270.40,392,399,-8,-1
3584,1761647218.659500,1761647218.653000,6.500,-16223.0,-270.38,393,400,-7,+0
3585,1761647219.659000,1761647219.655500,3.500,-16222.0,-270.37,391,399,-9,-1
3586,1761647220.664000,1761647220.655500,8.500,-16221.0,-270.35,391,400,-9,+0
3587,1761647221.662000,1761647221.656000,6.000,-16220.0,-270.33,389,400,-11,+0
3588,1761647222.662500,1761647222.656500,6.000,-16219.0,-270.32,392,399,-8,-1
3589,1761647223.664000,1761647223.655500,8.500,-16218.0,-270.30,391,401,-9,+1
3590,1761647224.664500,1761647224.658500,6.000,-16217.0,-270.28,390,400,-10,+0
3591,1761647225.664000,1761647225.658500,5.500,-16216.0,-270.27,391,399,-9,-1
3592,1761647226.667000,1761647226.658000,9.000,-16215.0,-270.25,390,398,-10,-2
3593,1761647227.667500,1761647227.659500,8.000,-16214.0,-270.23,389,397,-11,-3
3594,1761647228.665500,1761647228.660000,5.500,-16213.0,-270.22,390,399,-10,-1
3595,1761647229.664500,1761647229.659000,5.500,-16212.0,-270.20,390,400,-10,+0
3596,1761647230.665000,1761647230.658000,7.000,-16211.0,-270.18,390,401,-10,+1
3597,1761647231.666000,1761647231.660000,6.000,-16210.0,-270.17,391,400,-9,+0
3598,1761647232.668500,1761647232.661500,7.000,-16209.0,-270.15,390,400,-10,+0
3599,1761647233.668000,1761647233.660000,8.000,-16208.0,-270.13,391,399,-9,-1
3600,1761647234.666000,1761647234.660500,5.500,-16207.0,-270.12,391,400,-9,+0
3601,1761647235.670000,1761647235.662000,8.000,-16206.0,-270.10,389,401,-11,+1
3602,1761647236.671500,1761647236.662500,9.000,-16205.0,-270.08,390,398,-10,-2
3603,1761647237.669500,1761647237.662500,7.000,-16204.0,-270.07,389,400,-11,+0
3604,1761647238.669500,1761647238.664000,5.500,-16203.0,-270.05,391,400,-9,+0
3605,1761647239.668500,1761647239.665000,3.500,-16202.0,-270.03,391,398,-9,-2
3606,1761647240.669000,1761647240.663000,6.000,-16201.0,-270.02,,,,
